prototype,feature,value,count,topk_size,topk_freq,global_freq,lift,score,selected
0,department_name,Trousers & Skirt,5,20,0.25,0.0028569335579811004,87.50641025641025,87.50641025641025,True
0,department_name,Blouse & Dress,9,20,0.45,0.013478866017141601,33.38559782608696,33.38559782608696,True
0,section_name,Womens Trend,14,20,0.7,0.030986740898102702,22.5903073286052,22.5903073286052,True
0,department_name,Campaigns,1,20,0.05,0.0023441506116768,21.329687500000002,21.329687500000002,False
0,graphical_appearance_name,Jacquard,2,20,0.1,0.005127829463043,19.501428571428573,19.501428571428573,False
0,graphical_appearance_name,Lace,4,20,0.2,0.012673064244377702,15.78150289017341,15.78150289017341,False
0,garment_group_name,Special Offers,1,20,0.05,0.0035162259175152005,14.219791666666667,14.219791666666667,False
0,colour_group_name,Light Orange,4,20,0.2,0.014724196029594901,13.583084577114429,13.583084577114429,False
0,graphical_appearance_name,Other structure,6,20,0.3,0.022855468463848803,13.125961538461537,13.125961538461537,False
0,department_name,Suit jacket,1,20,0.05,0.0053475935828877,9.350000000000001,9.350000000000001,False
0,graphical_appearance_name,Embroidery,2,20,0.1,0.012087026591458501,8.273333333333333,8.273333333333333,False
0,product_type_name,Blouse,7,20,0.35,0.045344663394623105,7.718659127625202,7.718659127625202,False
0,perceived_colour_master_name,Orange,4,20,0.2,0.0273972602739726,7.300000000000001,7.300000000000001,False
0,graphical_appearance_name,Dot,1,20,0.05,0.007252215954875101,6.894444444444445,6.894444444444445,False
0,colour_group_name,Light Beige,6,20,0.3,0.0478353234195297,6.271516079632466,6.271516079632466,False
0,garment_group_name,Blouses,10,20,0.5,0.0860742802725075,5.808936170212766,5.808936170212766,False
0,perceived_colour_master_name,Beige,9,20,0.45,0.08482895026005421,5.304792746113989,5.304792746113989,False
0,graphical_appearance_name,Check,2,20,0.1,0.023001977877078604,4.347452229299363,4.347452229299363,False
0,product_type_name,Trousers,10,20,0.5,0.1310526701340561,3.815259921743991,3.815259921743991,False
0,garment_group_name,Dressed,1,20,0.05,0.013112592484067102,3.813128491620112,3.813128491620112,False
0,product_type_name,Blazer,1,20,0.05,0.014211413083290601,3.5182989690721653,3.5182989690721653,False
0,department_name,Basic 1,2,20,0.1,0.029228627939345102,3.4213032581453637,3.4213032581453637,False
0,department_name,Ladies Sport Bras,1,20,0.05,0.014943960149439602,3.345833333333333,3.345833333333333,False
0,colour_group_name,Beige,3,20,0.15,0.04585744634092741,3.2710063897763577,3.2710063897763577,False
0,section_name,Divided Basics,2,20,0.1,0.03208556149732621,3.1166666666666667,3.1166666666666667,False
0,garment_group_name,Trousers,5,20,0.25,0.0825580543549923,3.0281721384205857,3.0281721384205857,False
0,product_group_name,Garment Lower body,10,20,0.5,0.2052596879349498,2.4359386152748037,2.4359386152748037,False
0,section_name,Ladies H&M Sport,1,20,0.05,0.0265182037945938,1.885497237569061,1.885497237569061,False
0,index_group_name,Sport,1,20,0.05,0.033111127389934804,1.510066371681416,1.510066371681416,False
0,index_group_name,Ladieswear,17,20,0.85,0.5894806241301004,1.4419473095563564,1.4419473095563564,False
0,section_name,Womens Everyday Collection,3,20,0.15,0.12218885063365321,1.2276079136690647,1.2276079136690647,False
0,product_group_name,Garment Upper body,9,20,0.45,0.38905574683173394,1.156646582564489,1.156646582564489,False
0,department_name,Blouse,1,20,0.05,0.043293531609405904,1.154906937394247,1.154906937394247,False
0,garment_group_name,Jersey Basic,2,20,0.1,0.09003003442971211,1.1107404393816112,1.1107404393816112,False
0,colour_group_name,Black,6,20,0.3,0.28027250750860744,1.0703868269733403,1.0703868269733403,False
0,perceived_colour_master_name,Black,6,20,0.3,0.28173760164090544,1.0648205928237129,1.0648205928237129,False
0,product_type_name,T-shirt,1,20,0.05,0.05757819939931141,0.8683842239185751,0.8683842239185751,False
0,colour_group_name,Dark Blue,1,20,0.05,0.058970038824994506,0.847888198757764,0.847888198757764,False
0,graphical_appearance_name,Denim,1,20,0.05,0.074719800747198,0.6691666666666668,0.6691666666666668,False
0,index_group_name,Divided,2,20,0.1,0.2062119991209435,0.4849378330373002,0.4849378330373002,False
0,product_type_name,Dress,1,20,0.05,0.11750054941029961,0.4255299251870325,0.4255299251870325,False
0,perceived_colour_master_name,Blue,1,20,0.05,0.11933191707567212,0.41899938612645793,0.41899938612645793,False
0,product_group_name,Garment Full body,1,20,0.05,0.1304666324811369,0.3832397529477822,0.3832397529477822,False
0,garment_group_name,Jersey Fancy,1,20,0.05,0.16672771225551242,0.299890158172232,0.299890158172232,False
0,graphical_appearance_name,Solid,2,20,0.1,0.5812760969892315,0.17203528670447385,0.17203528670447385,False
1,colour_group_name,Light Red,1,20,0.05,0.0005860376529192,85.31875000000001,85.31875000000001,False
1,department_name,Shirt,6,20,0.3,0.009156838326862501,32.7624,32.7624,True
1,product_type_name,Shirt,20,20,1.0,0.031646033257636805,31.599537037037035,31.599537037037035,True
1,section_name,Contemporary Casual,6,20,0.3,0.010621932459160502,28.243448275862065,28.243448275862065,True
1,garment_group_name,Shirts,6,20,0.3,0.012526554831147901,23.94912280701754,23.94912280701754,False
1,department_name,Blouse,13,20,0.65,0.043293531609405904,15.013790186125211,15.013790186125211,False
1,department_name,Woven Premium,1,20,0.05,0.0035894806241301004,13.929591836734694,13.929591836734694,False
1,section_name,Womens Casual,11,20,0.55,0.039557541572046,13.903796296296298,13.903796296296298,False
1,garment_group_name,Blouses,13,20,0.65,0.0860742802725075,7.551617021276596,7.551617021276596,False
1,colour_group_name,Dark Blue,7,20,0.35,0.058970038824994506,5.935217391304348,5.935217391304348,False
1,colour_group_name,Red,1,20,0.05,0.009156838326862501,5.4604,5.4604,False
1,perceived_colour_master_name,Unknown,1,20,0.05,0.009523111859937,5.250384615384616,5.250384615384616,False
1,section_name,Womens Premium,1,20,0.05,0.010109149512856202,4.946014492753624,4.946014492753624,False
1,perceived_colour_master_name,Red,2,20,0.1,0.0232217419969233,4.306309148264985,4.306309148264985,False
1,colour_group_name,Greenish Khaki,2,20,0.1,0.027910043220276903,3.5829396325459317,3.5829396325459317,False
1,perceived_colour_master_name,Blue,8,20,0.4,0.11933191707567212,3.3519950890116634,3.3519950890116634,False
1,colour_group_name,White,6,20,0.3,0.0960369203721339,3.123798627002288,3.123798627002288,False
1,garment_group_name,Unknown,1,20,0.05,0.016921837228041903,2.9547619047619045,2.9547619047619045,False
1,index_group_name,Menswear,6,20,0.3,0.10438795692623251,2.873894736842105,2.873894736842105,False
1,perceived_colour_master_name,Khaki green,2,20,0.1,0.035015749761922205,2.855857740585774,2.855857740585774,False
1,product_group_name,Garment Upper body,20,20,1.0,0.38905574683173394,2.570325739032197,2.570325739032197,False
1,perceived_colour_master_name,White,6,20,0.3,0.12797597245623032,2.344190040068689,2.344190040068689,False
1,graphical_appearance_name,Solid,20,20,1.0,0.5812760969892315,1.7203528670447386,1.7203528670447386,False
1,colour_group_name,Off White,1,20,0.05,0.030180939125338802,1.6566747572815534,1.6566747572815534,False
1,colour_group_name,Blue,1,20,0.05,0.033330891509779505,1.5001098901098902,1.5001098901098902,False
1,colour_group_name,Light Pink,1,20,0.05,0.036773862720679805,1.3596613545816734,1.3596613545816734,False
1,index_group_name,Ladieswear,14,20,0.7,0.5894806241301004,1.1874860196346464,1.1874860196346464,False
1,section_name,Womens Everyday Collection,2,20,0.1,0.12218885063365321,0.8184052757793765,0.8184052757793765,False
1,perceived_colour_master_name,Pink,1,20,0.05,0.06702805655263351,0.7459562841530054,0.7459562841530054,False
2,department_name,Trouser,11,20,0.55,0.0446121163284741,12.32848932676519,12.32848932676519,True
2,department_name,Dress,8,20,0.4,0.035894806241301,11.143673469387757,11.143673469387757,True
2,section_name,Contemporary Smart,4,20,0.2,0.0180206578272654,11.098373983739839,11.098373983739839,True
2,graphical_appearance_name,All over pattern,17,20,0.85,0.10709838107098381,7.936627906976744,7.936627906976744,False
2,garment_group_name,Trousers,11,20,0.55,0.0825580543549923,6.661978704525289,6.661978704525289,False
2,section_name,Womens Everyday Collection,16,20,0.8,0.12218885063365321,6.547242206235012,6.547242206235012,False
2,garment_group_name,Dresses Ladies,8,20,0.4,0.06651527360632921,6.013656387665199,6.013656387665199,False
2,colour_group_name,Dark Orange,1,20,0.05,0.009230093033477401,5.417063492063492,5.417063492063492,False
2,product_type_name,Trousers,11,20,0.55,0.1310526701340561,4.196785913918391,4.196785913918391,False
2,perceived_colour_master_name,Green,2,20,0.1,0.027910043220276903,3.5829396325459317,3.5829396325459317,False
2,product_type_name,Dress,8,20,0.4,0.11750054941029961,3.40423940149626,3.40423940149626,False
2,department_name,Jersey Fancy,1,20,0.05,0.014797450736209802,3.378960396039604,3.378960396039604,False
2,product_group_name,Garment Full body,8,20,0.4,0.1304666324811369,3.0659180235822574,3.0659180235822574,False
2,colour_group_name,Black,16,20,0.8,0.28027250750860744,2.8543648719289076,2.8543648719289076,False
2,colour_group_name,Dark Green,1,20,0.05,0.018533440773569703,2.6978260869565216,2.6978260869565216,False
2,product_group_name,Garment Lower body,11,20,0.55,0.2052596879349498,2.6795324768022843,2.6795324768022843,False
2,perceived_colour_master_name,Black,15,20,0.75,0.28173760164090544,2.662051482059282,2.662051482059282,False
2,colour_group_name,Light Beige,2,20,0.1,0.0478353234195297,2.090505359877489,2.090505359877489,False
2,index_group_name,Menswear,4,20,0.2,0.10438795692623251,1.9159298245614036,1.9159298245614036,False
2,perceived_colour_master_name,Brown,1,20,0.05,0.026151930261519303,1.911904761904762,1.911904761904762,False
2,index_group_name,Ladieswear,16,20,0.8,0.5894806241301004,1.3571268795824531,1.3571268795824531,False
2,perceived_colour_master_name,Beige,2,20,0.1,0.08482895026005421,1.1788428324697755,1.1788428324697755,False
2,product_type_name,T-shirt,1,20,0.05,0.05757819939931141,0.8683842239185751,0.8683842239185751,False
2,graphical_appearance_name,Melange,1,20,0.05,0.0617537176763607,0.8096678529062872,0.8096678529062872,False
2,garment_group_name,Jersey Fancy,1,20,0.05,0.16672771225551242,0.299890158172232,0.299890158172232,False
2,graphical_appearance_name,Solid,2,20,0.1,0.5812760969892315,0.17203528670447385,0.17203528670447385,False
2,product_group_name,Garment Upper body,1,20,0.05,0.38905574683173394,0.12851628695160988,0.12851628695160988,False
3,department_name,Knitwear Basic,2,20,0.1,0.0006592923595341001,151.67777777777778,151.67777777777778,True
3,department_name,Loungewear,7,20,0.35,0.009596366566551901,36.47213740458015,36.47213740458015,True
3,section_name,Womens Everyday Basics,13,20,0.65,0.027177496154127904,23.916846361185982,23.916846361185982,True
3,department_name,Jersey Basic,11,20,0.55,0.026737967914438502,20.570000000000004,20.570000000000004,False
3,product_type_name,Pyjama bottom,1,20,0.05,0.0025639147315215,19.501428571428573,19.501428571428573,False
3,colour_group_name,Light Beige,16,20,0.8,0.0478353234195297,16.724042879019912,16.724042879019912,False
3,colour_group_name,Dark Purple,1,20,0.05,0.0031499523844407003,15.87325581395349,15.87325581395349,False
3,section_name,"Womens Nightwear, Socks & Tigh",7,20,0.35,0.034869240348692404,10.0375,10.0375,False
3,perceived_colour_master_name,Beige,16,20,0.8,0.08482895026005421,9.430742659758204,9.430742659758204,False
3,product_type_name,Sweater,11,20,0.55,0.0791883378507069,6.945467160037004,6.945467160037004,False
3,garment_group_name,Jersey Basic,11,20,0.55,0.09003003442971211,6.1090724165988615,6.1090724165988615,False
3,product_group_name,Nightwear,1,20,0.05,0.009669621273166801,5.170833333333333,5.170833333333333,False
3,garment_group_name,"Under-, Nightwear",7,20,0.35,0.08475569555343931,4.129515989628349,4.129515989628349,False
3,graphical_appearance_name,Melange,5,20,0.25,0.0617537176763607,4.048339264531435,4.048339264531435,False
3,product_type_name,Cardigan,1,20,0.05,0.014064903670060802,3.554947916666667,3.554947916666667,False
3,product_type_name,T-shirt,4,20,0.2,0.05757819939931141,3.4735368956743002,3.4735368956743002,False
3,colour_group_name,Light Grey,1,20,0.05,0.014797450736209802,3.378960396039604,3.378960396039604,False
3,product_type_name,Bra,2,20,0.1,0.0326715991502454,3.0607623318385655,3.0607623318385655,False
3,product_group_name,Garment Upper body,17,20,0.85,0.38905574683173394,2.1847768781773675,2.1847768781773675,False
3,index_group_name,Ladieswear,20,20,1.0,0.5894806241301004,1.6964085994780662,1.6964085994780662,False
3,graphical_appearance_name,Stripe,1,20,0.05,0.030034429712109,1.6647560975609759,1.6647560975609759,False
3,colour_group_name,Blue,1,20,0.05,0.033330891509779505,1.5001098901098902,1.5001098901098902,False
3,garment_group_name,Knitwear,2,20,0.1,0.06695480184601861,1.4935448577680526,1.4935448577680526,False
3,product_group_name,Underwear,2,20,0.1,0.06768734891216761,1.4773809523809522,1.4773809523809522,False
3,perceived_colour_master_name,Grey,2,20,0.1,0.07113032012306791,1.4058702368692069,1.4058702368692069,False
3,graphical_appearance_name,Solid,14,20,0.7,0.5812760969892315,1.204247006931317,1.204247006931317,False
3,colour_group_name,Beige,1,20,0.05,0.04585744634092741,1.0903354632587858,1.0903354632587858,False
3,product_type_name,Top,1,20,0.05,0.050692256977510806,0.9863439306358381,0.9863439306358381,False
3,perceived_colour_master_name,Blue,1,20,0.05,0.11933191707567212,0.41899938612645793,0.41899938612645793,False
3,perceived_colour_master_name,White,1,20,0.05,0.12797597245623032,0.3906983400114482,0.3906983400114482,False
4,section_name,Womens Casual,19,20,0.95,0.039557541572046,24.01564814814815,24.01564814814815,True
4,department_name,Trouser,15,20,0.75,0.0446121163284741,16.811576354679804,16.811576354679804,True
4,graphical_appearance_name,Stripe,8,20,0.4,0.030034429712109,13.318048780487807,13.318048780487807,True
4,graphical_appearance_name,Treatment,1,20,0.05,0.003955754157204601,12.639814814814814,12.639814814814814,False
4,graphical_appearance_name,Embroidery,3,20,0.15,0.012087026591458501,12.41,12.41,False
4,graphical_appearance_name,Front print,2,20,0.1,0.0094498571533221,10.58217054263566,10.58217054263566,False
4,garment_group_name,Trousers,15,20,0.75,0.0825580543549923,9.084516415261756,9.084516415261756,False
4,product_type_name,Hoodie,3,20,0.15,0.0206578272654018,7.261170212765958,7.261170212765958,False
4,colour_group_name,Dark Grey,4,20,0.2,0.029375137352574902,6.80847880299252,6.80847880299252,False
4,colour_group_name,Light Grey,2,20,0.1,0.014797450736209802,6.757920792079208,6.757920792079208,False
4,graphical_appearance_name,Check,3,20,0.15,0.023001977877078604,6.521178343949044,6.521178343949044,False
4,product_type_name,Trousers,16,20,0.8,0.1310526701340561,6.104415874790386,6.104415874790386,False
4,perceived_colour_master_name,Unknown,1,20,0.05,0.009523111859937,5.250384615384616,5.250384615384616,False
4,section_name,Men Suits & Tailoring,1,20,0.05,0.009742875979781702,5.131954887218045,5.131954887218045,False
4,product_group_name,Garment Lower body,16,20,0.8,0.2052596879349498,3.897501784439686,3.897501784439686,False
4,colour_group_name,Light Blue,2,20,0.1,0.026957732034283203,3.7095108695652175,3.7095108695652175,False
4,perceived_colour_master_name,Grey,5,20,0.25,0.07113032012306791,3.5146755921730173,3.5146755921730173,False
4,department_name,Jersey,4,20,0.2,0.060801406490367006,3.289397590361446,3.289397590361446,False
4,colour_group_name,Light Pink,2,20,0.1,0.036773862720679805,2.7193227091633467,2.7193227091633467,False
4,graphical_appearance_name,Other structure,1,20,0.05,0.022855468463848803,2.1876602564102563,2.1876602564102563,False
4,colour_group_name,White,4,20,0.2,0.0960369203721339,2.082532418001526,2.082532418001526,False
4,product_type_name,Vest top,1,20,0.05,0.030107684418723902,1.660705596107056,1.660705596107056,False
4,graphical_appearance_name,Melange,2,20,0.1,0.0617537176763607,1.6193357058125744,1.6193357058125744,False
4,index_group_name,Ladieswear,19,20,0.95,0.5894806241301004,1.611588169504163,1.611588169504163,False
4,colour_group_name,Grey,1,20,0.05,0.031059995604717602,1.6097877358490567,1.6097877358490567,False
4,perceived_colour_master_name,White,4,20,0.2,0.12797597245623032,1.5627933600457928,1.5627933600457928,False
4,perceived_colour_master_name,Pink,2,20,0.1,0.06702805655263351,1.4919125683060108,1.4919125683060108,False
4,garment_group_name,Jersey Fancy,4,20,0.2,0.16672771225551242,1.199560632688928,1.199560632688928,False
4,department_name,Blouse,1,20,0.05,0.043293531609405904,1.154906937394247,1.154906937394247,False
4,colour_group_name,Beige,1,20,0.05,0.04585744634092741,1.0903354632587858,1.0903354632587858,False
4,perceived_colour_master_name,Black,5,20,0.25,0.28173760164090544,0.8873504940197607,0.8873504940197607,False
4,perceived_colour_master_name,Blue,2,20,0.1,0.11933191707567212,0.8379987722529159,0.8379987722529159,False
4,colour_group_name,Black,4,20,0.2,0.28027250750860744,0.7135912179822269,0.7135912179822269,False
4,perceived_colour_master_name,Beige,1,20,0.05,0.08482895026005421,0.5894214162348878,0.5894214162348878,False
4,garment_group_name,Blouses,1,20,0.05,0.0860742802725075,0.5808936170212766,0.5808936170212766,False
4,product_group_name,Garment Upper body,4,20,0.2,0.38905574683173394,0.5140651478064395,0.5140651478064395,False
4,index_group_name,Menswear,1,20,0.05,0.10438795692623251,0.4789824561403509,0.4789824561403509,False
5,department_name,Men Sport Woven,2,20,0.1,0.0021976411984470003,45.50333333333333,45.50333333333333,True
5,department_name,Kids Girl Knitwear,1,20,0.05,0.0011720753058384,42.659375000000004,42.659375000000004,False
5,department_name,Jersey/Knitwear Premium,4,20,0.2,0.006080140649036701,32.89397590361446,32.89397590361446,True
5,section_name,Men H&M Sport,3,20,0.15,0.0057871218225771,25.919620253164556,25.919620253164556,True
5,colour_group_name,Greyish Beige,2,20,0.1,0.0040290088638195,24.820000000000004,24.820000000000004,False
5,section_name,Womens Premium,5,20,0.25,0.010109149512856202,24.730072463768114,24.730072463768114,False
5,department_name,Men Sport Tops,1,20,0.05,0.0020511317852172,24.376785714285717,24.376785714285717,False
5,department_name,Sunglasses,1,20,0.05,0.0024174053182917004,20.683333333333334,20.683333333333334,False
5,department_name,Young Boy Jersey Basic,1,20,0.05,0.0025639147315215,19.501428571428573,19.501428571428573,False
5,product_type_name,Sunglasses,1,20,0.05,0.0028569335579811004,17.50128205128205,17.50128205128205,False
5,department_name,Woven Premium,1,20,0.05,0.0035894806241301004,13.929591836734694,13.929591836734694,False
5,colour_group_name,Grey,8,20,0.4,0.031059995604717602,12.878301886792453,12.878301886792453,False
5,graphical_appearance_name,Other structure,5,20,0.25,0.022855468463848803,10.938301282051281,10.938301282051281,False
5,graphical_appearance_name,Melange,13,20,0.65,0.0617537176763607,10.525682087781734,10.525682087781734,False
5,section_name,Kids Girl,1,20,0.05,0.005054574756428101,9.892028985507247,9.892028985507247,False
5,section_name,Contemporary Smart,3,20,0.15,0.0180206578272654,8.323780487804878,8.323780487804878,False
5,section_name,Boys Underwear & Basics,1,20,0.05,0.006373159475496301,7.8454022988505745,7.8454022988505745,False
5,department_name,Dress,5,20,0.25,0.035894806241301,6.964795918367347,6.964795918367347,False
5,product_type_name,Hair/alice band,1,20,0.05,0.008863819500402902,5.640909090909091,5.640909090909091,False
5,perceived_colour_master_name,Grey,8,20,0.4,0.07113032012306791,5.6234809474768275,5.6234809474768275,False
5,perceived_colour_master_name,Mole,2,20,0.1,0.021097355505091203,4.7399305555555555,4.7399305555555555,False
5,product_type_name,Shorts,2,20,0.1,0.022049666691084904,4.535215946843854,4.535215946843854,False
5,index_group_name,Sport,3,20,0.15,0.033111127389934804,4.5301991150442475,4.5301991150442475,False
5,graphical_appearance_name,Embroidery,1,20,0.05,0.012087026591458501,4.136666666666667,4.136666666666667,False
5,section_name,Womens Tailoring,5,20,0.25,0.06343857592850341,3.9408198614318706,3.9408198614318706,False
5,product_type_name,Sweater,6,20,0.3,0.0791883378507069,3.788436632747456,3.788436632747456,False
5,garment_group_name,Dresses Ladies,5,20,0.25,0.06651527360632921,3.758535242290749,3.758535242290749,False
5,garment_group_name,Knitwear,5,20,0.25,0.06695480184601861,3.733862144420131,3.733862144420131,False
5,department_name,Jersey Fancy,1,20,0.05,0.014797450736209802,3.378960396039604,3.378960396039604,False
5,department_name,Hair Accessories,1,20,0.05,0.015310233682514102,3.265789473684211,3.265789473684211,False
5,garment_group_name,Unknown,1,20,0.05,0.016921837228041903,2.9547619047619045,2.9547619047619045,False
5,department_name,Trouser,2,20,0.1,0.0446121163284741,2.2415435139573074,2.2415435139573074,False
5,product_type_name,Dress,5,20,0.25,0.11750054941029961,2.1276496259351623,2.1276496259351623,False
5,section_name,Womens Small accessories,2,20,0.1,0.0514248040436598,1.9445868945868947,1.9445868945868947,False
5,product_group_name,Garment Full body,5,20,0.25,0.1304666324811369,1.9161987647389107,1.9161987647389107,False
5,product_type_name,Trousers,5,20,0.25,0.1310526701340561,1.9076299608719955,1.9076299608719955,False
5,colour_group_name,Greenish Khaki,1,20,0.05,0.027910043220276903,1.7914698162729659,1.7914698162729659,False
5,product_group_name,Garment Lower body,7,20,0.35,0.2052596879349498,1.7051570306923627,1.7051570306923627,False
5,colour_group_name,Black,9,20,0.45,0.28027250750860744,1.6055802404600104,1.6055802404600104,False
5,perceived_colour_master_name,Black,9,20,0.45,0.28173760164090544,1.5972308892355693,1.5972308892355693,False
5,index_group_name,Baby/Children,2,20,0.1,0.06680829243278881,1.4968201754385966,1.4968201754385966,False
5,garment_group_name,Outdoor,1,20,0.05,0.033697165042854006,1.483804347826087,1.483804347826087,False
5,index_group_name,Menswear,3,20,0.15,0.10438795692623251,1.4369473684210525,1.4369473684210525,False
5,perceived_colour_master_name,Khaki green,1,20,0.05,0.035015749761922205,1.427928870292887,1.427928870292887,False
5,garment_group_name,Trousers,2,20,0.1,0.0825580543549923,1.2112688553682343,1.2112688553682343,False
5,product_group_name,Accessories,2,20,0.1,0.092300930334774,1.0834126984126986,1.0834126984126986,False
5,garment_group_name,Accessories,2,20,0.1,0.0962566844919786,1.038888888888889,1.038888888888889,False
5,index_group_name,Ladieswear,12,20,0.6,0.5894806241301004,1.0178451596868396,1.0178451596868396,False
5,garment_group_name,Jersey Fancy,3,20,0.15,0.16672771225551242,0.8996704745166959,0.8996704745166959,False
5,product_group_name,Garment Upper body,6,20,0.3,0.38905574683173394,0.7710977217096592,0.7710977217096592,False
5,garment_group_name,Jersey Basic,1,20,0.05,0.09003003442971211,0.5553702196908056,0.5553702196908056,False
5,graphical_appearance_name,All over pattern,1,20,0.05,0.10709838107098381,0.4668604651162791,0.4668604651162791,False
6,product_type_name,Swimwear bottom,10,20,0.5,0.016702073108197203,29.936403508771928,29.936403508771928,True
6,product_type_name,Bikini top,10,20,0.5,0.0171416013478866,29.16880341880342,29.16880341880342,True
6,section_name,"Womens Swimwear, beachwear",20,20,1.0,0.0374331550802139,26.714285714285715,26.714285714285715,True
6,garment_group_name,Swimwear,20,20,1.0,0.038531975679437405,25.952471482889734,25.952471482889734,False
6,department_name,Swimwear,20,20,1.0,0.038531975679437405,25.952471482889734,25.952471482889734,False
6,product_group_name,Swimwear,20,20,1.0,0.0397773056918907,25.139963167587478,25.139963167587478,False
6,graphical_appearance_name,Other structure,11,20,0.55,0.022855468463848803,24.06426282051282,24.06426282051282,False
6,perceived_colour_master_name,Unknown,3,20,0.15,0.009523111859937,15.751153846153846,15.751153846153846,False
6,colour_group_name,White,20,20,1.0,0.0960369203721339,10.412662090007629,10.412662090007629,False
6,perceived_colour_master_name,White,17,20,0.85,0.12797597245623032,6.641871780194618,6.641871780194618,False
6,graphical_appearance_name,Lace,1,20,0.05,0.012673064244377702,3.9453757225433526,3.9453757225433526,False
6,graphical_appearance_name,All over pattern,8,20,0.4,0.10709838107098381,3.734883720930233,3.734883720930233,False
6,index_group_name,Ladieswear,20,20,1.0,0.5894806241301004,1.6964085994780662,1.6964085994780662,False
7,graphical_appearance_name,Sequin,1,20,0.05,0.0012453300124533001,40.150000000000006,40.150000000000006,False
7,colour_group_name,Light Beige,20,20,1.0,0.0478353234195297,20.905053598774888,20.905053598774888,True
7,department_name,Dress,12,20,0.6,0.035894806241301,16.71551020408163,16.71551020408163,True
7,graphical_appearance_name,Contrast,1,20,0.05,0.0034429712109003002,14.522340425531917,14.522340425531917,False
7,section_name,Womens Tailoring,17,20,0.85,0.06343857592850341,13.39878752886836,13.39878752886836,True
7,graphical_appearance_name,Check,6,20,0.3,0.023001977877078604,13.042356687898089,13.042356687898089,False
7,department_name,Woven Tops,1,20,0.05,0.004615046516738701,10.834126984126984,10.834126984126984,False
7,garment_group_name,Dresses Ladies,12,20,0.6,0.06651527360632921,9.020484581497797,9.020484581497797,False
7,department_name,Suit,1,20,0.05,0.0057871218225771,8.63987341772152,8.63987341772152,False
7,graphical_appearance_name,Dot,1,20,0.05,0.007252215954875101,6.894444444444445,6.894444444444445,False
7,perceived_colour_master_name,Beige,11,20,0.55,0.08482895026005421,6.483635578583765,6.483635578583765,False
7,section_name,Contemporary Smart,2,20,0.1,0.0180206578272654,5.549186991869919,5.549186991869919,False
7,product_type_name,Dress,13,20,0.65,0.11750054941029961,5.531889027431422,5.531889027431422,False
7,product_group_name,Garment Full body,13,20,0.65,0.1304666324811369,4.982116788321168,4.982116788321168,False
7,department_name,Trouser,4,20,0.2,0.0446121163284741,4.483087027914615,4.483087027914615,False
7,department_name,Skirt,1,20,0.05,0.011647498351769101,4.292767295597485,4.292767295597485,False
7,graphical_appearance_name,All over pattern,9,20,0.45,0.10709838107098381,4.201744186046512,4.201744186046512,False
7,garment_group_name,Dressed,1,20,0.05,0.013112592484067102,3.813128491620112,3.813128491620112,False
7,product_type_name,Blazer,1,20,0.05,0.014211413083290601,3.5182989690721653,3.5182989690721653,False
7,perceived_colour_master_name,White,9,20,0.45,0.12797597245623032,3.5162850601030335,3.5162850601030335,False
7,garment_group_name,Skirts,1,20,0.05,0.0195590066661783,2.556367041198502,2.556367041198502,False
7,garment_group_name,Trousers,4,20,0.2,0.0825580543549923,2.4225377107364685,2.4225377107364685,False
7,graphical_appearance_name,Other structure,1,20,0.05,0.022855468463848803,2.1876602564102563,2.1876602564102563,False
7,section_name,Mama,1,20,0.05,0.023294996703538202,2.1463836477987424,2.1463836477987424,False
7,graphical_appearance_name,Stripe,1,20,0.05,0.030034429712109,1.6647560975609759,1.6647560975609759,False
7,index_group_name,Ladieswear,18,20,0.9,0.5894806241301004,1.5267677395302597,1.5267677395302597,False
7,product_type_name,Trousers,4,20,0.2,0.1310526701340561,1.5261039686975966,1.5261039686975966,False
7,product_type_name,Skirt,1,20,0.05,0.033404146216394405,1.4968201754385966,1.4968201754385966,False
7,department_name,Knitwear,1,20,0.05,0.039557541572046,1.2639814814814816,1.2639814814814816,False
7,product_group_name,Garment Lower body,5,20,0.25,0.2052596879349498,1.2179693076374019,1.2179693076374019,False
7,index_group_name,Menswear,2,20,0.1,0.10438795692623251,0.9579649122807018,0.9579649122807018,False
7,garment_group_name,Knitwear,1,20,0.05,0.06695480184601861,0.7467724288840263,0.7467724288840263,False
7,product_type_name,Sweater,1,20,0.05,0.0791883378507069,0.6314061054579094,0.6314061054579094,False
7,garment_group_name,Blouses,1,20,0.05,0.0860742802725075,0.5808936170212766,0.5808936170212766,False
7,product_group_name,Garment Upper body,2,20,0.1,0.38905574683173394,0.25703257390321976,0.25703257390321976,False
8,department_name,Divided+,9,20,0.45,0.007398725368104901,60.821287128712875,60.821287128712875,True
8,garment_group_name,Unknown,9,20,0.45,0.016921837228041903,26.59285714285714,26.59285714285714,True
8,product_type_name,Jacket,15,20,0.75,0.0312797597245623,23.977166276346605,23.977166276346605,True
8,section_name,Divided Projects,9,20,0.45,0.022049666691084904,20.40847176079734,20.40847176079734,False
8,department_name,Outwear,6,20,0.3,0.0150172148560545,19.977073170731707,19.977073170731707,False
8,product_type_name,Cardigan,5,20,0.25,0.014064903670060802,17.774739583333332,17.774739583333332,False
8,section_name,H&M+,9,20,0.45,0.026811222621053402,16.784016393442624,16.784016393442624,False
8,department_name,OL Extended Sizes,1,20,0.05,0.005054574756428101,9.892028985507247,9.892028985507247,False
8,garment_group_name,Outdoor,6,20,0.3,0.033697165042854006,8.902826086956521,8.902826086956521,False
8,graphical_appearance_name,Lace,1,20,0.05,0.012673064244377702,3.9453757225433526,3.9453757225433526,False
8,department_name,Knitwear,3,20,0.15,0.039557541572046,3.7919444444444443,3.7919444444444443,False
8,perceived_colour_master_name,Black,20,20,1.0,0.28173760164090544,3.549401976079043,3.549401976079043,False
8,colour_group_name,Black,19,20,0.95,0.28027250750860744,3.3895582854155775,3.3895582854155775,False
8,product_group_name,Garment Upper body,20,20,1.0,0.38905574683173394,2.570325739032197,2.570325739032197,False
8,garment_group_name,Knitwear,3,20,0.15,0.06695480184601861,2.2403172866520786,2.2403172866520786,False
8,index_group_name,Divided,9,20,0.45,0.2062119991209435,2.182220248667851,2.182220248667851,False
8,department_name,Jersey fancy,1,20,0.05,0.0247600908358362,2.0193786982248523,2.0193786982248523,False
8,section_name,Ladies Denim,1,20,0.05,0.028862354406270604,1.7323604060913707,1.7323604060913707,False
8,colour_group_name,Dark Grey,1,20,0.05,0.029375137352574902,1.70211970074813,1.70211970074813,False
8,graphical_appearance_name,Solid,18,20,0.9,0.5812760969892315,1.5483175803402647,1.5483175803402647,False
8,garment_group_name,Trousers Denim,1,20,0.05,0.0430737674895612,1.1607993197278912,1.1607993197278912,False
8,index_group_name,Ladieswear,11,20,0.55,0.5894806241301004,0.9330247297129365,0.9330247297129365,False
8,graphical_appearance_name,Denim,1,20,0.05,0.074719800747198,0.6691666666666668,0.6691666666666668,False
8,section_name,Womens Everyday Collection,1,20,0.05,0.12218885063365321,0.40920263788968825,0.40920263788968825,False
8,garment_group_name,Jersey Fancy,1,20,0.05,0.16672771225551242,0.299890158172232,0.299890158172232,False
9,graphical_appearance_name,Mixed solid/pattern,2,20,0.1,0.0035162259175152005,28.439583333333335,28.439583333333335,True
9,section_name,H&M+,14,20,0.7,0.026811222621053402,26.10846994535519,26.10846994535519,True
9,colour_group_name,Turquoise,1,20,0.05,0.0028569335579811004,17.50128205128205,17.50128205128205,False
9,department_name,Jersey,20,20,1.0,0.060801406490367006,16.44698795180723,16.44698795180723,True
9,graphical_appearance_name,Stripe,8,20,0.4,0.030034429712109,13.318048780487807,13.318048780487807,False
9,colour_group_name,Dark Yellow,1,20,0.05,0.0041022635704344,12.188392857142858,12.188392857142858,False
9,colour_group_name,Red,2,20,0.1,0.009156838326862501,10.9208,10.9208,False
9,product_type_name,Dress,18,20,0.9,0.11750054941029961,7.6595386533665835,7.6595386533665835,False
9,colour_group_name,Dark Blue,9,20,0.45,0.058970038824994506,7.630993788819876,7.630993788819876,False
9,section_name,Womens Casual,6,20,0.3,0.039557541572046,7.583888888888889,7.583888888888889,False
9,colour_group_name,Greenish Khaki,4,20,0.2,0.027910043220276903,7.1658792650918635,7.1658792650918635,False
9,product_group_name,Garment Full body,18,20,0.9,0.1304666324811369,6.898315553060079,6.898315553060079,False
9,garment_group_name,Jersey Fancy,20,20,1.0,0.16672771225551242,5.997803163444639,5.997803163444639,False
9,perceived_colour_master_name,Khaki green,4,20,0.2,0.035015749761922205,5.711715481171548,5.711715481171548,False
9,perceived_colour_master_name,Turquoise,1,20,0.05,0.009230093033477401,5.417063492063492,5.417063492063492,False
9,colour_group_name,Pink,2,20,0.1,0.021024100798476303,4.756445993031359,4.756445993031359,False
9,perceived_colour_master_name,Red,2,20,0.1,0.0232217419969233,4.306309148264985,4.306309148264985,False
9,graphical_appearance_name,Lace,1,20,0.05,0.012673064244377702,3.9453757225433526,3.9453757225433526,False
9,perceived_colour_master_name,Blue,9,20,0.45,0.11933191707567212,3.7709944751381217,3.7709944751381217,False
9,perceived_colour_master_name,Pink,3,20,0.15,0.06702805655263351,2.237868852459016,2.237868852459016,False
9,perceived_colour_master_name,Yellow,1,20,0.05,0.022635704344004103,2.2088996763754047,2.2088996763754047,False
9,product_type_name,T-shirt,2,20,0.1,0.05757819939931141,1.7367684478371501,1.7367684478371501,False
9,index_group_name,Ladieswear,20,20,1.0,0.5894806241301004,1.6964085994780662,1.6964085994780662,False
9,colour_group_name,Light Pink,1,20,0.05,0.036773862720679805,1.3596613545816734,1.3596613545816734,False
9,graphical_appearance_name,Solid,9,20,0.45,0.5812760969892315,0.7741587901701323,0.7741587901701323,False
9,product_group_name,Garment Upper body,2,20,0.1,0.38905574683173394,0.25703257390321976,0.25703257390321976,False
10,department_name,Ladies Sport Bottoms,6,20,0.3,0.0068859424218006005,43.567021276595746,43.567021276595746,True
10,department_name,Ladies Sport Bras,11,20,0.55,0.014943960149439602,36.80416666666667,36.80416666666667,True
10,section_name,Ladies H&M Sport,17,20,0.85,0.0265182037945938,32.053453038674036,32.053453038674036,True
10,graphical_appearance_name,Mesh,1,20,0.05,0.0017581129587576003,28.439583333333335,28.439583333333335,False
10,index_group_name,Sport,17,20,0.85,0.033111127389934804,25.67112831858407,25.67112831858407,False
10,colour_group_name,Dark Grey,14,20,0.7,0.029375137352574902,23.829675810473816,23.829675810473816,False
10,perceived_colour_master_name,Unknown,4,20,0.2,0.009523111859937,21.001538461538463,21.001538461538463,False
10,product_type_name,Leggings/Tights,6,20,0.3,0.018313676653725002,16.3812,16.3812,False
10,product_type_name,Bra,7,20,0.35,0.0326715991502454,10.712668161434978,10.712668161434978,False
10,colour_group_name,Green,2,20,0.1,0.009742875979781702,10.26390977443609,10.26390977443609,False
10,graphical_appearance_name,Placement print,3,20,0.15,0.014650941322980001,10.23825,10.23825,False
10,graphical_appearance_name,Colour blocking,1,20,0.05,0.006959197128415501,7.184736842105264,7.184736842105264,False
10,garment_group_name,Jersey Fancy,20,20,1.0,0.16672771225551242,5.997803163444639,5.997803163444639,False
10,graphical_appearance_name,Front print,1,20,0.05,0.0094498571533221,5.29108527131783,5.29108527131783,False
10,product_group_name,Underwear,7,20,0.35,0.06768734891216761,5.1708333333333325,5.1708333333333325,False
10,perceived_colour_master_name,Grey,7,20,0.35,0.07113032012306791,4.920545829042224,4.920545829042224,False
10,section_name,Mama,2,20,0.1,0.023294996703538202,4.292767295597485,4.292767295597485,False
10,product_type_name,T-shirt,4,20,0.2,0.05757819939931141,3.4735368956743002,3.4735368956743002,False
10,department_name,Jersey,3,20,0.15,0.060801406490367006,2.467048192771084,2.467048192771084,False
10,graphical_appearance_name,Other structure,1,20,0.05,0.022855468463848803,2.1876602564102563,2.1876602564102563,False
10,colour_group_name,White,4,20,0.2,0.0960369203721339,2.082532418001526,2.082532418001526,False
10,product_type_name,Vest top,1,20,0.05,0.030107684418723902,1.660705596107056,1.660705596107056,False
10,product_group_name,Garment Lower body,6,20,0.3,0.2052596879349498,1.4615631691648823,1.4615631691648823,False
10,section_name,Womens Casual,1,20,0.05,0.039557541572046,1.2639814814814816,1.2639814814814816,False
10,perceived_colour_master_name,White,3,20,0.15,0.12797597245623032,1.1720950200343445,1.1720950200343445,False
10,perceived_colour_master_name,Black,6,20,0.3,0.28173760164090544,1.0648205928237129,1.0648205928237129,False
10,graphical_appearance_name,Solid,12,20,0.6,0.5812760969892315,1.032211720226843,1.032211720226843,False
10,product_type_name,Dress,2,20,0.1,0.11750054941029961,0.851059850374065,0.851059850374065,False
10,graphical_appearance_name,Melange,1,20,0.05,0.0617537176763607,0.8096678529062872,0.8096678529062872,False
10,product_group_name,Garment Full body,2,20,0.1,0.1304666324811369,0.7664795058955644,0.7664795058955644,False
10,product_group_name,Garment Upper body,5,20,0.25,0.38905574683173394,0.6425814347580493,0.6425814347580493,False
10,index_group_name,Ladieswear,3,20,0.15,0.5894806241301004,0.2544612899217099,0.2544612899217099,False
11,department_name,Light Basic Jersey,9,20,0.45,0.013771884843601201,32.67526595744681,32.67526595744681,True
11,product_type_name,T-shirt,20,20,1.0,0.05757819939931141,17.3676844783715,17.3676844783715,True
11,section_name,H&M+,9,20,0.45,0.026811222621053402,16.784016393442624,16.784016393442624,True
11,section_name,Men Underwear,9,20,0.45,0.0358215515346861,12.562269938650308,12.562269938650308,False
11,department_name,Jersey,11,20,0.55,0.060801406490367006,9.045843373493977,9.045843373493977,False
11,graphical_appearance_name,Melange,8,20,0.4,0.0617537176763607,6.477342823250297,6.477342823250297,False
11,garment_group_name,Jersey Basic,9,20,0.45,0.09003003442971211,4.99833197721725,4.99833197721725,False
11,index_group_name,Menswear,9,20,0.45,0.10438795692623251,4.310842105263158,4.310842105263158,False
11,perceived_colour_master_name,Grey,5,20,0.25,0.07113032012306791,3.5146755921730173,3.5146755921730173,False
11,colour_group_name,Black,19,20,0.95,0.28027250750860744,3.3895582854155775,3.3895582854155775,False
11,graphical_appearance_name,Stripe,2,20,0.1,0.030034429712109,3.3295121951219517,3.3295121951219517,False
11,garment_group_name,Jersey Fancy,11,20,0.55,0.16672771225551242,3.2987917398945523,3.2987917398945523,False
11,section_name,Womens Trend,2,20,0.1,0.030986740898102702,3.227186761229315,3.227186761229315,False
11,product_group_name,Garment Upper body,20,20,1.0,0.38905574683173394,2.570325739032197,2.570325739032197,False
11,perceived_colour_master_name,Black,14,20,0.7,0.28173760164090544,2.48458138325533,2.48458138325533,False
11,colour_group_name,Light Pink,1,20,0.05,0.036773862720679805,1.3596613545816734,1.3596613545816734,False
11,index_group_name,Ladieswear,11,20,0.55,0.5894806241301004,0.9330247297129365,0.9330247297129365,False
11,graphical_appearance_name,Solid,10,20,0.5,0.5812760969892315,0.8601764335223693,0.8601764335223693,False
11,perceived_colour_master_name,Pink,1,20,0.05,0.06702805655263351,0.7459562841530054,0.7459562841530054,False
12,department_name,Kids Girl Knitwear,2,20,0.1,0.0011720753058384,85.31875000000001,85.31875000000001,True
12,section_name,Kids Girl,3,20,0.15,0.005054574756428101,29.676086956521736,29.676086956521736,True
12,department_name,Baby Girl Jersey Fancy,1,20,0.05,0.0019046223719874002,26.251923076923077,26.251923076923077,False
12,department_name,Ladies Sport Woven,1,20,0.05,0.0019778770786023003,25.27962962962963,25.27962962962963,False
12,colour_group_name,Dark Grey,14,20,0.7,0.029375137352574902,23.829675810473816,23.829675810473816,True
12,department_name,Kids Girl Jersey Fancy,1,20,0.05,0.0021976411984470003,22.751666666666665,22.751666666666665,False
12,department_name,Scarves,2,20,0.1,0.0047615559299685,21.001538461538463,21.001538461538463,False
12,product_type_name,Scarf,2,20,0.1,0.005933631235806901,16.853086419753087,16.853086419753087,False
12,department_name,Baby Exclusive,1,20,0.05,0.0038092447439748004,13.125961538461539,13.125961538461539,False
12,section_name,Baby Girl,1,20,0.05,0.0043220276902791,11.568644067796612,11.568644067796612,False
12,department_name,Shopbasket Socks,1,20,0.05,0.0044685371035089,11.189344262295084,11.189344262295084,False
12,perceived_colour_master_name,Unknown,2,20,0.1,0.009523111859937,10.500769230769231,10.500769230769231,False
12,department_name,Socks Wall,1,20,0.05,0.0049080653431983,10.187313432835822,10.187313432835822,False
12,product_type_name,Garment Set,1,20,0.05,0.005127829463043,9.750714285714286,9.750714285714286,False
12,graphical_appearance_name,All over pattern,20,20,1.0,0.10709838107098381,9.337209302325581,9.337209302325581,False
12,section_name,Womens Big accessories,3,20,0.15,0.019925280199252802,7.528125,7.528125,False
12,garment_group_name,Woven/Jersey/Knitted mix Baby,1,20,0.05,0.0066661783019559,7.500549450549451,7.500549450549451,False
12,section_name,Mama,3,20,0.15,0.023294996703538202,6.439150943396227,6.439150943396227,False
12,product_type_name,Bag,1,20,0.05,0.009156838326862501,5.4604,5.4604,False
12,department_name,Bags,1,20,0.05,0.009596366566551901,5.21030534351145,5.21030534351145,False
12,colour_group_name,Green,1,20,0.05,0.009742875979781702,5.131954887218045,5.131954887218045,False
12,department_name,Skirt,1,20,0.05,0.011647498351769101,4.292767295597485,4.292767295597485,False
12,department_name,Dress,3,20,0.15,0.035894806241301,4.178877551020408,4.178877551020408,False
12,product_type_name,Socks,2,20,0.1,0.0240275437696872,4.161890243902439,4.161890243902439,False
12,department_name,Jersey,5,20,0.25,0.060801406490367006,4.111746987951808,4.111746987951808,False
12,index_group_name,Baby/Children,5,20,0.25,0.06680829243278881,3.742050438596491,3.742050438596491,False
12,perceived_colour_master_name,Green,2,20,0.1,0.027910043220276903,3.5829396325459317,3.5829396325459317,False
12,perceived_colour_master_name,Grey,5,20,0.25,0.07113032012306791,3.5146755921730173,3.5146755921730173,False
12,garment_group_name,Socks and Tights,2,20,0.1,0.030254193831953703,3.3053268765133175,3.3053268765133175,False
12,product_group_name,Socks & Tights,2,20,0.1,0.030766976778258005,3.250238095238095,3.250238095238095,False
12,product_type_name,Top,3,20,0.15,0.050692256977510806,2.959031791907514,2.959031791907514,False
12,garment_group_name,Unknown,1,20,0.05,0.016921837228041903,2.9547619047619045,2.9547619047619045,False
12,section_name,Baby Essentials & Complements,1,20,0.05,0.017727639000805803,2.8204545454545453,2.8204545454545453,False
12,colour_group_name,Dark Green,1,20,0.05,0.018533440773569703,2.6978260869565216,2.6978260869565216,False
12,garment_group_name,Skirts,1,20,0.05,0.0195590066661783,2.556367041198502,2.556367041198502,False
12,product_type_name,Hoodie,1,20,0.05,0.0206578272654018,2.420390070921986,2.420390070921986,False
12,garment_group_name,Dresses Ladies,3,20,0.15,0.06651527360632921,2.2551211453744493,2.2551211453744493,False
12,garment_group_name,Jersey Fancy,7,20,0.35,0.16672771225551242,2.0992311072056236,2.0992311072056236,False
12,product_group_name,Garment Full body,5,20,0.25,0.1304666324811369,1.9161987647389107,1.9161987647389107,False
12,product_type_name,Sweater,3,20,0.15,0.0791883378507069,1.894218316373728,1.894218316373728,False
12,section_name,Ladies H&M Sport,1,20,0.05,0.0265182037945938,1.885497237569061,1.885497237569061,False
12,section_name,H&M+,1,20,0.05,0.026811222621053402,1.8648907103825139,1.8648907103825139,False
12,product_type_name,Dress,4,20,0.2,0.11750054941029961,1.70211970074813,1.70211970074813,False
12,section_name,Womens Everyday Collection,4,20,0.2,0.12218885063365321,1.636810551558753,1.636810551558753,False
12,product_group_name,Accessories,3,20,0.15,0.092300930334774,1.6251190476190476,1.6251190476190476,False
12,product_type_name,Jacket,1,20,0.05,0.0312797597245623,1.5984777517564404,1.5984777517564404,False
12,colour_group_name,White,3,20,0.15,0.0960369203721339,1.561899313501144,1.561899313501144,False
12,garment_group_name,Accessories,3,20,0.15,0.0962566844919786,1.5583333333333333,1.5583333333333333,False
12,product_type_name,Bra,1,20,0.05,0.0326715991502454,1.5303811659192827,1.5303811659192827,False
12,index_group_name,Sport,1,20,0.05,0.033111127389934804,1.510066371681416,1.510066371681416,False
12,product_type_name,Skirt,1,20,0.05,0.033404146216394405,1.4968201754385966,1.4968201754385966,False
12,garment_group_name,Knitwear,2,20,0.1,0.06695480184601861,1.4935448577680526,1.4935448577680526,False
12,section_name,"Womens Nightwear, Socks & Tigh",1,20,0.05,0.034869240348692404,1.4339285714285714,1.4339285714285714,False
12,section_name,Men Underwear,1,20,0.05,0.0358215515346861,1.3958077709611454,1.3958077709611454,False
12,perceived_colour_master_name,Black,7,20,0.35,0.28173760164090544,1.242290691627665,1.242290691627665,False
12,perceived_colour_master_name,White,3,20,0.15,0.12797597245623032,1.1720950200343445,1.1720950200343445,False
12,index_group_name,Ladieswear,13,20,0.65,0.5894806241301004,1.1026655896607431,1.1026655896607431,False
12,product_group_name,Garment Upper body,8,20,0.4,0.38905574683173394,1.028130295612879,1.028130295612879,False
12,colour_group_name,Dark Blue,1,20,0.05,0.058970038824994506,0.847888198757764,0.847888198757764,False
12,section_name,Womens Tailoring,1,20,0.05,0.06343857592850341,0.7881639722863741,0.7881639722863741,False
12,product_group_name,Underwear,1,20,0.05,0.06768734891216761,0.7386904761904761,0.7386904761904761,False
12,index_group_name,Menswear,1,20,0.05,0.10438795692623251,0.4789824561403509,0.4789824561403509,False
12,perceived_colour_master_name,Blue,1,20,0.05,0.11933191707567212,0.41899938612645793,0.41899938612645793,False
12,product_group_name,Garment Lower body,1,20,0.05,0.2052596879349498,0.2435938615274804,0.2435938615274804,False
13,department_name,Shopbasket Socks,7,20,0.35,0.0044685371035089,78.32540983606557,78.32540983606557,True
13,graphical_appearance_name,Contrast,2,20,0.1,0.0034429712109003002,29.044680851063834,29.044680851063834,True
13,product_type_name,Socks,7,20,0.35,0.0240275437696872,14.566615853658536,14.566615853658536,True
13,section_name,Womens Trend,9,20,0.45,0.030986740898102702,14.522340425531915,14.522340425531915,False
13,garment_group_name,Socks and Tights,7,20,0.35,0.030254193831953703,11.56864406779661,11.56864406779661,False
13,product_group_name,Socks & Tights,7,20,0.35,0.030766976778258005,11.375833333333333,11.375833333333333,False
13,department_name,Jersey,13,20,0.65,0.060801406490367006,10.6905421686747,10.6905421686747,False
13,section_name,"Womens Nightwear, Socks & Tigh",7,20,0.35,0.034869240348692404,10.0375,10.0375,False
13,graphical_appearance_name,Glittering/Metallic,1,20,0.05,0.0055673577027324,8.98092105263158,8.98092105263158,False
13,product_type_name,Top,9,20,0.45,0.050692256977510806,8.877095375722543,8.877095375722543,False
13,section_name,Mama,4,20,0.2,0.023294996703538202,8.58553459119497,8.58553459119497,False
13,product_type_name,Bodysuit,1,20,0.05,0.006299904768881401,7.936627906976745,7.936627906976745,False
13,graphical_appearance_name,Other structure,2,20,0.1,0.022855468463848803,4.375320512820513,4.375320512820513,False
13,garment_group_name,Jersey Fancy,13,20,0.65,0.16672771225551242,3.898572056239016,3.898572056239016,False
13,colour_group_name,Black,20,20,1.0,0.28027250750860744,3.567956089911134,3.567956089911134,False
13,perceived_colour_master_name,Black,20,20,1.0,0.28173760164090544,3.549401976079043,3.549401976079043,False
13,index_group_name,Ladieswear,20,20,1.0,0.5894806241301004,1.6964085994780662,1.6964085994780662,False
13,graphical_appearance_name,Solid,15,20,0.75,0.5812760969892315,1.290264650283554,1.290264650283554,False
13,product_group_name,Garment Upper body,10,20,0.5,0.38905574683173394,1.2851628695160986,1.2851628695160986,False
13,product_type_name,Dress,3,20,0.15,0.11750054941029961,1.2765897755610973,1.2765897755610973,False
13,product_group_name,Garment Full body,3,20,0.15,0.1304666324811369,1.1497192588433465,1.1497192588433465,False
14,department_name,Scarves,3,20,0.15,0.0047615559299685,31.502307692307692,31.502307692307692,True
14,product_type_name,Scarf,3,20,0.15,0.005933631235806901,25.27962962962963,25.27962962962963,True
14,colour_group_name,Light Beige,19,20,0.95,0.0478353234195297,19.85980091883614,19.85980091883614,True
14,department_name,Small Accessories,2,20,0.1,0.005860376529192001,17.063750000000002,17.063750000000002,False
14,product_type_name,Hair/alice band,3,20,0.15,0.008863819500402902,16.922727272727272,16.922727272727272,False
14,department_name,Jersey fancy,8,20,0.4,0.0247600908358362,16.155029585798818,16.155029585798818,False
14,product_type_name,Bag,2,20,0.1,0.009156838326862501,10.9208,10.9208,False
14,section_name,Divided Accessories,3,20,0.15,0.013991648963445902,10.72068062827225,10.72068062827225,False
14,perceived_colour_master_name,Beige,18,20,0.9,0.08482895026005421,10.609585492227978,10.609585492227978,False
14,department_name,Bags,2,20,0.1,0.009596366566551901,10.4206106870229,10.4206106870229,False
14,department_name,Socks Wall,1,20,0.05,0.0049080653431983,10.187313432835822,10.187313432835822,False
14,section_name,Womens Big accessories,4,20,0.2,0.019925280199252802,10.037500000000001,10.037500000000001,False
14,graphical_appearance_name,All over pattern,19,20,0.95,0.10709838107098381,8.870348837209303,8.870348837209303,False
14,product_type_name,Bodysuit,1,20,0.05,0.006299904768881401,7.936627906976745,7.936627906976745,False
14,product_group_name,Accessories,8,20,0.4,0.092300930334774,4.333650793650794,4.333650793650794,False
14,garment_group_name,Accessories,8,20,0.4,0.0962566844919786,4.155555555555556,4.155555555555556,False
14,product_type_name,Top,4,20,0.2,0.050692256977510806,3.9453757225433526,3.9453757225433526,False
14,department_name,Jersey Basic,2,20,0.1,0.026737967914438502,3.74,3.74,False
14,section_name,Womens Everyday Basics,2,20,0.1,0.027177496154127904,3.6795148247978435,3.6795148247978435,False
14,department_name,Ladies Sport Bras,1,20,0.05,0.014943960149439602,3.345833333333333,3.345833333333333,False
14,section_name,Womens Everyday Collection,8,20,0.4,0.12218885063365321,3.273621103117506,3.273621103117506,False
14,department_name,Hair Accessories,1,20,0.05,0.015310233682514102,3.265789473684211,3.265789473684211,False
14,garment_group_name,Jersey Fancy,9,20,0.45,0.16672771225551242,2.699011423550088,2.699011423550088,False
14,colour_group_name,Pink,1,20,0.05,0.021024100798476303,2.3782229965156794,2.3782229965156794,False
14,product_type_name,Socks,1,20,0.05,0.0240275437696872,2.0809451219512196,2.0809451219512196,False
14,section_name,Ladies H&M Sport,1,20,0.05,0.0265182037945938,1.885497237569061,1.885497237569061,False
14,product_type_name,T-shirt,2,20,0.1,0.05757819939931141,1.7367684478371501,1.7367684478371501,False
14,graphical_appearance_name,Stripe,1,20,0.05,0.030034429712109,1.6647560975609759,1.6647560975609759,False
14,garment_group_name,Socks and Tights,1,20,0.05,0.030254193831953703,1.6526634382566587,1.6526634382566587,False
14,product_group_name,Socks & Tights,1,20,0.05,0.030766976778258005,1.6251190476190476,1.6251190476190476,False
14,product_type_name,Bra,1,20,0.05,0.0326715991502454,1.5303811659192827,1.5303811659192827,False
14,index_group_name,Sport,1,20,0.05,0.033111127389934804,1.510066371681416,1.510066371681416,False
14,section_name,Men Underwear,1,20,0.05,0.0358215515346861,1.3958077709611454,1.3958077709611454,False
14,index_group_name,Ladieswear,15,20,0.75,0.5894806241301004,1.2723064496085497,1.2723064496085497,False
14,garment_group_name,Jersey Basic,2,20,0.1,0.09003003442971211,1.1107404393816112,1.1107404393816112,False
14,section_name,Womens Small accessories,1,20,0.05,0.0514248040436598,0.9722934472934474,0.9722934472934474,False
14,product_group_name,Garment Upper body,7,20,0.35,0.38905574683173394,0.8996140086612691,0.8996140086612691,False
14,product_type_name,Dress,2,20,0.1,0.11750054941029961,0.851059850374065,0.851059850374065,False
14,product_group_name,Garment Full body,2,20,0.1,0.1304666324811369,0.7664795058955644,0.7664795058955644,False
14,perceived_colour_master_name,Pink,1,20,0.05,0.06702805655263351,0.7459562841530054,0.7459562841530054,False
14,product_group_name,Underwear,1,20,0.05,0.06768734891216761,0.7386904761904761,0.7386904761904761,False
14,index_group_name,Divided,3,20,0.15,0.2062119991209435,0.7274067495559503,0.7274067495559503,False
14,index_group_name,Menswear,1,20,0.05,0.10438795692623251,0.4789824561403509,0.4789824561403509,False
14,perceived_colour_master_name,White,1,20,0.05,0.12797597245623032,0.3906983400114482,0.3906983400114482,False
14,product_type_name,Trousers,1,20,0.05,0.1310526701340561,0.38152599217439914,0.38152599217439914,False
14,product_group_name,Garment Lower body,1,20,0.05,0.2052596879349498,0.2435938615274804,0.2435938615274804,False
15,product_type_name,Umbrella,1,20,0.05,0.0008058017727639,62.050000000000004,62.050000000000004,False
15,graphical_appearance_name,Transparent,1,20,0.05,0.0008058017727639,62.050000000000004,62.050000000000004,False
15,department_name,Hair Accessories,14,20,0.7,0.015310233682514102,45.72105263157894,45.72105263157894,True
15,product_type_name,Hair/alice band,7,20,0.35,0.008863819500402902,39.48636363636363,39.48636363636363,True
15,product_type_name,Pyjama bottom,2,20,0.1,0.0025639147315215,39.002857142857145,39.002857142857145,True
15,product_type_name,Other accessories,5,20,0.25,0.006959197128415501,35.92368421052632,35.92368421052632,False
15,department_name,Other items,3,20,0.15,0.0042487729836642,35.30431034482759,35.30431034482759,False
15,product_type_name,Hair clip,2,20,0.1,0.0030766976778258005,32.50238095238095,32.50238095238095,False
15,product_type_name,Hair string,2,20,0.1,0.0040290088638195,24.820000000000004,24.820000000000004,False
15,department_name,Nightwear,3,20,0.15,0.006080140649036701,24.670481927710842,24.670481927710842,False
15,colour_group_name,Light Pink,14,20,0.7,0.036773862720679805,19.035258964143424,19.035258964143424,False
15,section_name,Womens Small accessories,17,20,0.85,0.0514248040436598,16.528988603988605,16.528988603988605,False
15,product_group_name,Nightwear,3,20,0.15,0.009669621273166801,15.5125,15.5125,False
15,perceived_colour_master_name,Pink,14,20,0.7,0.06702805655263351,10.443387978142075,10.443387978142075,False
15,colour_group_name,Off White,6,20,0.3,0.030180939125338802,9.94004854368932,9.94004854368932,False
15,product_type_name,Pyjama set,1,20,0.05,0.0054208482895026005,9.223648648648648,9.223648648648648,False
15,product_group_name,Accessories,17,20,0.85,0.092300930334774,9.209007936507938,9.209007936507938,False
15,graphical_appearance_name,Glittering/Metallic,1,20,0.05,0.0055673577027324,8.98092105263158,8.98092105263158,False
15,garment_group_name,Accessories,17,20,0.85,0.0962566844919786,8.830555555555556,8.830555555555556,False
15,graphical_appearance_name,All over pattern,16,20,0.8,0.10709838107098381,7.469767441860466,7.469767441860466,False
15,section_name,"Womens Nightwear, Socks & Tigh",3,20,0.15,0.034869240348692404,4.301785714285714,4.301785714285714,False
15,perceived_colour_master_name,White,6,20,0.3,0.12797597245623032,2.344190040068689,2.344190040068689,False
15,garment_group_name,"Under-, Nightwear",3,20,0.15,0.08475569555343931,1.7697925669835781,1.7697925669835781,False
15,index_group_name,Ladieswear,20,20,1.0,0.5894806241301004,1.6964085994780662,1.6964085994780662,False
15,graphical_appearance_name,Melange,2,20,0.1,0.0617537176763607,1.6193357058125744,1.6193357058125744,False
16,department_name,Basic 1,15,20,0.75,0.029228627939345102,25.659774436090228,25.659774436090228,True
16,section_name,Divided Basics,15,20,0.75,0.03208556149732621,23.374999999999996,23.374999999999996,True
16,department_name,Woven Tops,2,20,0.1,0.004615046516738701,21.668253968253968,21.668253968253968,True
16,department_name,Divided+,3,20,0.15,0.007398725368104901,20.273762376237624,20.273762376237624,False
16,garment_group_name,Unknown,3,20,0.15,0.016921837228041903,8.864285714285714,8.864285714285714,False
16,garment_group_name,Jersey Basic,15,20,0.75,0.09003003442971211,8.330553295362083,8.330553295362083,False
16,colour_group_name,Blue,5,20,0.25,0.033330891509779505,7.5005494505494505,7.5005494505494505,False
16,product_type_name,Hoodie,3,20,0.15,0.0206578272654018,7.261170212765958,7.261170212765958,False
16,section_name,Divided Projects,3,20,0.15,0.022049666691084904,6.80282392026578,6.80282392026578,False
16,product_type_name,Dress,15,20,0.75,0.11750054941029961,6.382948877805487,6.382948877805487,False
16,product_group_name,Garment Full body,15,20,0.75,0.1304666324811369,5.748596294216733,5.748596294216733,False
16,index_group_name,Divided,18,20,0.9,0.2062119991209435,4.364440497335702,4.364440497335702,False
16,section_name,Mama,2,20,0.1,0.023294996703538202,4.292767295597485,4.292767295597485,False
16,graphical_appearance_name,Embroidery,1,20,0.05,0.012087026591458501,4.136666666666667,4.136666666666667,False
16,graphical_appearance_name,Denim,5,20,0.25,0.074719800747198,3.3458333333333337,3.3458333333333337,False
16,product_type_name,Jacket,2,20,0.1,0.0312797597245623,3.1969555035128807,3.1969555035128807,False
16,colour_group_name,Black,13,20,0.65,0.28027250750860744,2.3191714584422374,2.3191714584422374,False
16,perceived_colour_master_name,Black,12,20,0.6,0.28173760164090544,2.1296411856474258,2.1296411856474258,False
16,perceived_colour_master_name,Blue,5,20,0.25,0.11933191707567212,2.0949969306322895,2.0949969306322895,False
16,garment_group_name,Blouses,2,20,0.1,0.0860742802725075,1.1617872340425532,1.1617872340425532,False
16,graphical_appearance_name,Solid,13,20,0.65,0.5812760969892315,1.11822936357908,1.11822936357908,False
16,colour_group_name,White,2,20,0.1,0.0960369203721339,1.041266209000763,1.041266209000763,False
16,graphical_appearance_name,Melange,1,20,0.05,0.0617537176763607,0.8096678529062872,0.8096678529062872,False
16,perceived_colour_master_name,White,2,20,0.1,0.12797597245623032,0.7813966800228964,0.7813966800228964,False
16,perceived_colour_master_name,Grey,1,20,0.05,0.07113032012306791,0.7029351184346034,0.7029351184346034,False
16,product_group_name,Garment Upper body,5,20,0.25,0.38905574683173394,0.6425814347580493,0.6425814347580493,False
16,index_group_name,Ladieswear,2,20,0.1,0.5894806241301004,0.16964085994780664,0.16964085994780664,False
17,department_name,Young Girl Denim,2,20,0.1,0.0016848582521427002,59.35217391304348,59.35217391304348,True
17,department_name,Young Boy Denim,2,20,0.1,0.0024174053182917004,41.36666666666667,41.36666666666667,True
17,department_name,Denim trousers,5,20,0.25,0.007984763021024101,31.30963302752293,31.30963302752293,True
17,section_name,Denim Men,5,20,0.25,0.0085708006739433,29.16880341880342,29.16880341880342,False
17,department_name,Denim Trousers,8,20,0.4,0.0171416013478866,23.335042735042737,23.335042735042737,False
17,garment_group_name,Trousers Denim,17,20,0.85,0.0430737674895612,19.73358843537415,19.73358843537415,False
17,section_name,Young Boy,2,20,0.1,0.0066661783019559,15.001098901098903,15.001098901098903,False
17,section_name,Ladies Denim,8,20,0.4,0.028862354406270604,13.858883248730965,13.858883248730965,False
17,section_name,Young Girl,2,20,0.1,0.007471980074719801,13.383333333333333,13.383333333333333,False
17,graphical_appearance_name,Denim,19,20,0.95,0.074719800747198,12.714166666666667,12.714166666666667,False
17,colour_group_name,Grey,7,20,0.35,0.031059995604717602,11.268514150943396,11.268514150943396,False
17,product_type_name,Trousers,20,20,1.0,0.1310526701340561,7.630519843487982,7.630519843487982,False
17,colour_group_name,White,13,20,0.65,0.0960369203721339,6.768230358504959,6.768230358504959,False
17,perceived_colour_master_name,White,13,20,0.65,0.12797597245623032,5.079078420148826,5.079078420148826,False
17,perceived_colour_master_name,Grey,7,20,0.35,0.07113032012306791,4.920545829042224,4.920545829042224,False
17,product_group_name,Garment Lower body,20,20,1.0,0.2052596879349498,4.871877230549607,4.871877230549607,False
17,index_group_name,Baby/Children,4,20,0.2,0.06680829243278881,2.993640350877193,2.993640350877193,False
17,index_group_name,Menswear,5,20,0.25,0.10438795692623251,2.3949122807017544,2.3949122807017544,False
17,department_name,Trouser,2,20,0.1,0.0446121163284741,2.2415435139573074,2.2415435139573074,False
17,index_group_name,Divided,8,20,0.4,0.2062119991209435,1.9397513321492008,1.9397513321492008,False
17,department_name,Jersey Basic,1,20,0.05,0.026737967914438502,1.87,1.87,False
17,section_name,Womens Everyday Basics,1,20,0.05,0.027177496154127904,1.8397574123989218,1.8397574123989218,False
17,garment_group_name,Trousers,2,20,0.1,0.0825580543549923,1.2112688553682343,1.2112688553682343,False
17,section_name,Womens Everyday Collection,2,20,0.1,0.12218885063365321,0.8184052757793765,0.8184052757793765,False
17,garment_group_name,Jersey Basic,1,20,0.05,0.09003003442971211,0.5553702196908056,0.5553702196908056,False
17,index_group_name,Ladieswear,3,20,0.15,0.5894806241301004,0.2544612899217099,0.2544612899217099,False
17,graphical_appearance_name,Solid,1,20,0.05,0.5812760969892315,0.08601764335223692,0.08601764335223692,False
18,department_name,Denim Trousers,14,20,0.7,0.0171416013478866,40.83632478632479,40.83632478632479,True
18,department_name,Loungewear,6,20,0.3,0.009596366566551901,31.261832061068702,31.261832061068702,True
18,section_name,Ladies Denim,14,20,0.7,0.028862354406270604,24.253045685279186,24.253045685279186,True
18,colour_group_name,Grey,12,20,0.6,0.031059995604717602,19.317452830188678,19.317452830188678,False
18,garment_group_name,Trousers Denim,14,20,0.7,0.0430737674895612,16.251190476190477,16.251190476190477,False
18,graphical_appearance_name,Denim,14,20,0.7,0.074719800747198,9.368333333333334,9.368333333333334,False
18,perceived_colour_master_name,Grey,13,20,0.65,0.07113032012306791,9.138156539649845,9.138156539649845,False
18,section_name,"Womens Nightwear, Socks & Tigh",6,20,0.3,0.034869240348692404,8.603571428571428,8.603571428571428,False
18,product_type_name,Unknown,1,20,0.05,0.006080140649036701,8.223493975903615,8.223493975903615,False
18,product_group_name,Unknown,1,20,0.05,0.006080140649036701,8.223493975903615,8.223493975903615,False
18,product_type_name,Trousers,13,20,0.65,0.1310526701340561,4.959837898267189,4.959837898267189,False
18,graphical_appearance_name,Melange,6,20,0.3,0.0617537176763607,4.858007117437722,4.858007117437722,False
18,product_type_name,Sweater,6,20,0.3,0.0791883378507069,3.788436632747456,3.788436632747456,False
18,colour_group_name,Light Blue,2,20,0.1,0.026957732034283203,3.7095108695652175,3.7095108695652175,False
18,garment_group_name,"Under-, Nightwear",6,20,0.3,0.08475569555343931,3.5395851339671562,3.5395851339671562,False
18,colour_group_name,Dark Grey,2,20,0.1,0.029375137352574902,3.40423940149626,3.40423940149626,False
18,index_group_name,Divided,14,20,0.7,0.2062119991209435,3.394564831261101,3.394564831261101,False
18,product_group_name,Garment Lower body,13,20,0.65,0.2052596879349498,3.166720199857245,3.166720199857245,False
18,perceived_colour_master_name,Blue,4,20,0.2,0.11933191707567212,1.6759975445058317,1.6759975445058317,False
18,colour_group_name,Blue,1,20,0.05,0.033330891509779505,1.5001098901098902,1.5001098901098902,False
18,colour_group_name,Light Beige,1,20,0.05,0.0478353234195297,1.0452526799387445,1.0452526799387445,False
18,colour_group_name,White,2,20,0.1,0.0960369203721339,1.041266209000763,1.041266209000763,False
18,perceived_colour_master_name,White,2,20,0.1,0.12797597245623032,0.7813966800228964,0.7813966800228964,False
18,product_group_name,Garment Upper body,6,20,0.3,0.38905574683173394,0.7710977217096592,0.7710977217096592,False
18,perceived_colour_master_name,Beige,1,20,0.05,0.08482895026005421,0.5894214162348878,0.5894214162348878,False
18,index_group_name,Ladieswear,6,20,0.3,0.5894806241301004,0.5089225798434198,0.5089225798434198,False
19,colour_group_name,Light Pink,14,20,0.7,0.036773862720679805,19.035258964143424,19.035258964143424,True
19,department_name,Dress,13,20,0.65,0.035894806241301,18.108469387755104,18.108469387755104,True
19,garment_group_name,Dresses Ladies,17,20,0.85,0.06651527360632921,12.779019823788545,12.779019823788545,True
19,section_name,Womens Tailoring,16,20,0.8,0.06343857592850341,12.610623556581986,12.610623556581986,False
19,perceived_colour_master_name,Pink,14,20,0.7,0.06702805655263351,10.443387978142075,10.443387978142075,False
19,department_name,Dresses,4,20,0.2,0.021024100798476303,9.512891986062717,9.512891986062717,False
19,graphical_appearance_name,Glittering/Metallic,1,20,0.05,0.0055673577027324,8.98092105263158,8.98092105263158,False
19,product_type_name,Dress,19,20,0.95,0.11750054941029961,8.085068578553615,8.085068578553615,False
19,product_group_name,Garment Full body,19,20,0.95,0.1304666324811369,7.281555306007861,7.281555306007861,False
19,perceived_colour_master_name,Mole,3,20,0.15,0.021097355505091203,7.109895833333333,7.109895833333333,False
19,graphical_appearance_name,Dot,1,20,0.05,0.007252215954875101,6.894444444444445,6.894444444444445,False
19,colour_group_name,Beige,5,20,0.25,0.04585744634092741,5.451677316293929,5.451677316293929,False
19,graphical_appearance_name,Check,2,20,0.1,0.023001977877078604,4.347452229299363,4.347452229299363,False
19,department_name,Skirt,1,20,0.05,0.011647498351769101,4.292767295597485,4.292767295597485,False
19,garment_group_name,Skirts,1,20,0.05,0.0195590066661783,2.556367041198502,2.556367041198502,False
19,section_name,Divided Collection,4,20,0.2,0.10409493809977291,1.9213230119634062,1.9213230119634062,False
19,colour_group_name,Off White,1,20,0.05,0.030180939125338802,1.6566747572815534,1.6566747572815534,False
19,department_name,Jersey,2,20,0.1,0.060801406490367006,1.644698795180723,1.644698795180723,False
19,product_type_name,Skirt,1,20,0.05,0.033404146216394405,1.4968201754385966,1.4968201754385966,False
19,index_group_name,Ladieswear,16,20,0.8,0.5894806241301004,1.3571268795824531,1.3571268795824531,False
19,graphical_appearance_name,Solid,14,20,0.7,0.5812760969892315,1.204247006931317,1.204247006931317,False
19,perceived_colour_master_name,Beige,2,20,0.1,0.08482895026005421,1.1788428324697755,1.1788428324697755,False
19,index_group_name,Divided,4,20,0.2,0.2062119991209435,0.9698756660746004,0.9698756660746004,False
19,graphical_appearance_name,Denim,1,20,0.05,0.074719800747198,0.6691666666666668,0.6691666666666668,False
19,garment_group_name,Jersey Fancy,2,20,0.1,0.16672771225551242,0.599780316344464,0.599780316344464,False
19,graphical_appearance_name,All over pattern,1,20,0.05,0.10709838107098381,0.4668604651162791,0.4668604651162791,False
19,perceived_colour_master_name,White,1,20,0.05,0.12797597245623032,0.3906983400114482,0.3906983400114482,False
19,product_group_name,Garment Lower body,1,20,0.05,0.2052596879349498,0.2435938615274804,0.2435938615274804,False
20,department_name,Casual Lingerie,11,20,0.55,0.017581129587576003,31.283541666666668,31.283541666666668,True
20,product_type_name,Underwear bottom,13,20,0.65,0.031133250311332503,20.878,20.878,True
20,department_name,Expressive Lingerie,7,20,0.35,0.018313676653725002,19.1114,19.1114,True
20,section_name,Womens Lingerie,18,20,0.9,0.05765145410592631,15.611054637865312,15.611054637865312,False
20,graphical_appearance_name,Contrast,1,20,0.05,0.0034429712109003002,14.522340425531917,14.522340425531917,False
20,colour_group_name,Greenish Khaki,8,20,0.4,0.027910043220276903,14.331758530183727,14.331758530183727,False
20,product_group_name,Underwear,18,20,0.9,0.06768734891216761,13.29642857142857,13.29642857142857,False
20,colour_group_name,Dark Red,3,20,0.15,0.0128195736576075,11.700857142857144,11.700857142857144,False
20,perceived_colour_master_name,Khaki green,8,20,0.4,0.035015749761922205,11.423430962343096,11.423430962343096,False
20,garment_group_name,"Under-, Nightwear",18,20,0.9,0.08475569555343931,10.618755401901469,10.618755401901469,False
20,department_name,Woven bottoms,2,20,0.1,0.009669621273166801,10.341666666666667,10.341666666666667,False
20,product_type_name,Bra,5,20,0.25,0.0326715991502454,7.651905829596413,7.651905829596413,False
20,perceived_colour_master_name,Red,3,20,0.15,0.0232217419969233,6.4594637223974765,6.4594637223974765,False
20,product_type_name,Shorts,2,20,0.1,0.022049666691084904,4.535215946843854,4.535215946843854,False
20,section_name,Mama,2,20,0.1,0.023294996703538202,4.292767295597485,4.292767295597485,False
20,graphical_appearance_name,All over pattern,6,20,0.3,0.10709838107098381,2.801162790697674,2.801162790697674,False
20,colour_group_name,Pink,1,20,0.05,0.021024100798476303,2.3782229965156794,2.3782229965156794,False
20,colour_group_name,Light Blue,1,20,0.05,0.026957732034283203,1.8547554347826087,1.8547554347826087,False
20,index_group_name,Ladieswear,20,20,1.0,0.5894806241301004,1.6964085994780662,1.6964085994780662,False
20,graphical_appearance_name,Denim,2,20,0.1,0.074719800747198,1.3383333333333336,1.3383333333333336,False
20,garment_group_name,Trousers,2,20,0.1,0.0825580543549923,1.2112688553682343,1.2112688553682343,False
20,colour_group_name,Black,6,20,0.3,0.28027250750860744,1.0703868269733403,1.0703868269733403,False
20,perceived_colour_master_name,Black,6,20,0.3,0.28173760164090544,1.0648205928237129,1.0648205928237129,False
20,graphical_appearance_name,Solid,11,20,0.55,0.5812760969892315,0.9461940768746062,0.9461940768746062,False
20,colour_group_name,Dark Blue,1,20,0.05,0.058970038824994506,0.847888198757764,0.847888198757764,False
20,perceived_colour_master_name,Blue,2,20,0.1,0.11933191707567212,0.8379987722529159,0.8379987722529159,False
20,perceived_colour_master_name,Pink,1,20,0.05,0.06702805655263351,0.7459562841530054,0.7459562841530054,False
20,product_group_name,Garment Lower body,2,20,0.1,0.2052596879349498,0.4871877230549608,0.4871877230549608,False
21,graphical_appearance_name,Jacquard,2,20,0.1,0.005127829463043,19.501428571428573,19.501428571428573,True
21,department_name,Ladies Sport Bras,5,20,0.25,0.014943960149439602,16.729166666666664,16.729166666666664,True
21,department_name,Ladies Sport Bottoms,2,20,0.1,0.0068859424218006005,14.522340425531917,14.522340425531917,True
21,product_type_name,Cardigan,4,20,0.2,0.014064903670060802,14.219791666666667,14.219791666666667,False
21,section_name,Ladies H&M Sport,7,20,0.35,0.0265182037945938,13.198480662983425,13.198480662983425,False
21,department_name,Knitwear,9,20,0.45,0.039557541572046,11.375833333333334,11.375833333333334,False
21,index_group_name,Sport,7,20,0.35,0.033111127389934804,10.570464601769912,10.570464601769912,False
21,graphical_appearance_name,Melange,11,20,0.55,0.0617537176763607,8.90634638196916,8.90634638196916,False
21,garment_group_name,Knitwear,9,20,0.45,0.06695480184601861,6.720951859956236,6.720951859956236,False
21,colour_group_name,White,12,20,0.6,0.0960369203721339,6.247597254004576,6.247597254004576,False
21,product_type_name,Skirt,4,20,0.2,0.033404146216394405,5.987280701754386,5.987280701754386,False
21,product_type_name,Top,6,20,0.3,0.050692256977510806,5.918063583815028,5.918063583815028,False
21,perceived_colour_master_name,White,14,20,0.7,0.12797597245623032,5.469776760160274,5.469776760160274,False
21,product_type_name,Leggings/Tights,2,20,0.1,0.018313676653725002,5.4604,5.4604,False
21,colour_group_name,Light Beige,5,20,0.25,0.0478353234195297,5.226263399693722,5.226263399693722,False
21,department_name,Loungewear,1,20,0.05,0.009596366566551901,5.21030534351145,5.21030534351145,False
21,product_type_name,Bra,3,20,0.15,0.0326715991502454,4.591143497757847,4.591143497757847,False
21,section_name,Mama,2,20,0.1,0.023294996703538202,4.292767295597485,4.292767295597485,False
21,section_name,Womens Casual,3,20,0.15,0.039557541572046,3.7919444444444443,3.7919444444444443,False
21,graphical_appearance_name,Stripe,2,20,0.1,0.030034429712109,3.3295121951219517,3.3295121951219517,False
21,colour_group_name,Off White,2,20,0.1,0.030180939125338802,3.313349514563107,3.313349514563107,False
21,perceived_colour_master_name,Beige,5,20,0.25,0.08482895026005421,2.9471070811744386,2.9471070811744386,False
21,section_name,Womens Everyday Collection,7,20,0.35,0.12218885063365321,2.8644184652278173,2.8644184652278173,False
21,garment_group_name,Jersey Fancy,9,20,0.45,0.16672771225551242,2.699011423550088,2.699011423550088,False
21,product_type_name,Shorts,1,20,0.05,0.022049666691084904,2.267607973421927,2.267607973421927,False
21,product_group_name,Underwear,3,20,0.15,0.06768734891216761,2.2160714285714285,2.2160714285714285,False
21,product_group_name,Garment Lower body,7,20,0.35,0.2052596879349498,1.7051570306923627,1.7051570306923627,False
21,department_name,Jersey,2,20,0.1,0.060801406490367006,1.644698795180723,1.644698795180723,False
21,colour_group_name,Grey,1,20,0.05,0.031059995604717602,1.6097877358490567,1.6097877358490567,False
21,section_name,"Womens Nightwear, Socks & Tigh",1,20,0.05,0.034869240348692404,1.4339285714285714,1.4339285714285714,False
21,product_group_name,Garment Upper body,10,20,0.5,0.38905574683173394,1.2851628695160986,1.2851628695160986,False
21,department_name,Trouser,1,20,0.05,0.0446121163284741,1.1207717569786537,1.1207717569786537,False
21,index_group_name,Ladieswear,13,20,0.65,0.5894806241301004,1.1026655896607431,1.1026655896607431,False
21,perceived_colour_master_name,Grey,1,20,0.05,0.07113032012306791,0.7029351184346034,0.7029351184346034,False
21,garment_group_name,Trousers,1,20,0.05,0.0825580543549923,0.6056344276841171,0.6056344276841171,False
21,garment_group_name,"Under-, Nightwear",1,20,0.05,0.08475569555343931,0.5899308556611927,0.5899308556611927,False
21,graphical_appearance_name,Solid,5,20,0.25,0.5812760969892315,0.43008821676118464,0.43008821676118464,False
22,department_name,Basic 1,18,20,0.9,0.029228627939345102,30.79172932330827,30.79172932330827,True
22,section_name,Divided Basics,19,20,0.95,0.03208556149732621,29.608333333333327,29.608333333333327,True
22,department_name,UW,1,20,0.05,0.0023441506116768,21.329687500000002,21.329687500000002,False
22,colour_group_name,Light Grey,6,20,0.3,0.014797450736209802,20.273762376237624,20.273762376237624,True
22,product_type_name,Vest top,10,20,0.5,0.030107684418723902,16.60705596107056,16.60705596107056,False
22,garment_group_name,Jersey Basic,18,20,0.9,0.09003003442971211,9.9966639544345,9.9966639544345,False
22,product_type_name,Hoodie,4,20,0.2,0.0206578272654018,9.681560283687944,9.681560283687944,False
22,graphical_appearance_name,Embroidery,2,20,0.1,0.012087026591458501,8.273333333333333,8.273333333333333,False
22,graphical_appearance_name,Melange,9,20,0.45,0.0617537176763607,7.2870106761565845,7.2870106761565845,False
22,colour_group_name,White,12,20,0.6,0.0960369203721339,6.247597254004576,6.247597254004576,False
22,perceived_colour_master_name,Grey,7,20,0.35,0.07113032012306791,4.920545829042224,4.920545829042224,False
22,index_group_name,Divided,20,20,1.0,0.2062119991209435,4.849378330373002,4.849378330373002,False
22,perceived_colour_master_name,White,12,20,0.6,0.12797597245623032,4.688380080137378,4.688380080137378,False
22,department_name,Tops Knitwear,1,20,0.05,0.014357922496520402,3.4823979591836736,3.4823979591836736,False
22,product_group_name,Garment Upper body,18,20,0.9,0.38905574683173394,2.313293165128978,2.313293165128978,False
22,product_type_name,Shorts,1,20,0.05,0.022049666691084904,2.267607973421927,2.267607973421927,False
22,product_type_name,Sweater,3,20,0.15,0.0791883378507069,1.894218316373728,1.894218316373728,False
22,colour_group_name,Light Blue,1,20,0.05,0.026957732034283203,1.8547554347826087,1.8547554347826087,False
22,colour_group_name,Dark Grey,1,20,0.05,0.029375137352574902,1.70211970074813,1.70211970074813,False
22,product_type_name,Underwear bottom,1,20,0.05,0.031133250311332503,1.606,1.606,False
22,product_type_name,T-shirt,1,20,0.05,0.05757819939931141,0.8683842239185751,0.8683842239185751,False
22,graphical_appearance_name,Solid,9,20,0.45,0.5812760969892315,0.7741587901701323,0.7741587901701323,False
22,garment_group_name,Knitwear,1,20,0.05,0.06695480184601861,0.7467724288840263,0.7467724288840263,False
22,product_group_name,Underwear,1,20,0.05,0.06768734891216761,0.7386904761904761,0.7386904761904761,False
22,garment_group_name,"Under-, Nightwear",1,20,0.05,0.08475569555343931,0.5899308556611927,0.5899308556611927,False
22,section_name,Divided Collection,1,20,0.05,0.10409493809977291,0.48033075299085154,0.48033075299085154,False
22,perceived_colour_master_name,Blue,1,20,0.05,0.11933191707567212,0.41899938612645793,0.41899938612645793,False
22,product_group_name,Garment Lower body,1,20,0.05,0.2052596879349498,0.2435938615274804,0.2435938615274804,False
23,colour_group_name,Light Pink,15,20,0.75,0.036773862720679805,20.3949203187251,20.3949203187251,True
23,department_name,Blouse,17,20,0.85,0.043293531609405904,19.633417935702198,19.633417935702198,True
23,colour_group_name,Turquoise,1,20,0.05,0.0028569335579811004,17.50128205128205,17.50128205128205,False
23,department_name,Suit,2,20,0.1,0.0057871218225771,17.27974683544304,17.27974683544304,True
23,section_name,Womens Tailoring,19,20,0.95,0.06343857592850341,14.975115473441107,14.975115473441107,False
23,product_type_name,Blouse,12,20,0.6,0.045344663394623105,13.231987075928917,13.231987075928917,False
23,perceived_colour_master_name,Pink,15,20,0.75,0.06702805655263351,11.189344262295082,11.189344262295082,False
23,garment_group_name,Blouses,17,20,0.85,0.0860742802725075,9.875191489361702,9.875191489361702,False
23,product_type_name,Vest top,5,20,0.25,0.030107684418723902,8.30352798053528,8.30352798053528,False
23,garment_group_name,Dressed,2,20,0.1,0.013112592484067102,7.626256983240224,7.626256983240224,False
23,product_type_name,Blazer,2,20,0.1,0.014211413083290601,7.036597938144331,7.036597938144331,False
23,perceived_colour_master_name,Turquoise,1,20,0.05,0.009230093033477401,5.417063492063492,5.417063492063492,False
23,department_name,Loungewear,1,20,0.05,0.009596366566551901,5.21030534351145,5.21030534351145,False
23,product_type_name,Cardigan,1,20,0.05,0.014064903670060802,3.554947916666667,3.554947916666667,False
23,product_group_name,Garment Upper body,20,20,1.0,0.38905574683173394,2.570325739032197,2.570325739032197,False
23,colour_group_name,Dark Blue,3,20,0.15,0.058970038824994506,2.543664596273292,2.543664596273292,False
23,colour_group_name,Pink,1,20,0.05,0.021024100798476303,2.3782229965156794,2.3782229965156794,False
23,perceived_colour_master_name,Orange,1,20,0.05,0.0273972602739726,1.8250000000000002,1.8250000000000002,False
23,graphical_appearance_name,Solid,20,20,1.0,0.5812760969892315,1.7203528670447386,1.7203528670447386,False
23,index_group_name,Ladieswear,20,20,1.0,0.5894806241301004,1.6964085994780662,1.6964085994780662,False
23,section_name,"Womens Nightwear, Socks & Tigh",1,20,0.05,0.034869240348692404,1.4339285714285714,1.4339285714285714,False
23,perceived_colour_master_name,Blue,3,20,0.15,0.11933191707567212,1.2569981583793737,1.2569981583793737,False
23,garment_group_name,"Under-, Nightwear",1,20,0.05,0.08475569555343931,0.5899308556611927,0.5899308556611927,False
24,department_name,Outdoor/Blazers,18,20,0.9,0.0098161306863966,91.6858208955224,91.6858208955224,True
24,product_type_name,Jacket,18,20,0.9,0.0312797597245623,28.772599531615924,28.772599531615924,True
24,garment_group_name,Outdoor,18,20,0.9,0.033697165042854006,26.708478260869562,26.708478260869562,True
24,colour_group_name,Dark Beige,4,20,0.2,0.012966083070837301,15.424858757062148,15.424858757062148,False
24,graphical_appearance_name,Jacquard,1,20,0.05,0.005127829463043,9.750714285714286,9.750714285714286,False
24,colour_group_name,Light Beige,9,20,0.45,0.0478353234195297,9.407274119448699,9.407274119448699,False
24,section_name,Divided Collection,19,20,0.95,0.10409493809977291,9.126284306826179,9.126284306826179,False
24,perceived_colour_master_name,Beige,12,20,0.6,0.08482895026005421,7.073056994818652,7.073056994818652,False
24,index_group_name,Divided,19,20,0.95,0.2062119991209435,4.606909413854352,4.606909413854352,False
24,colour_group_name,Blue,3,20,0.15,0.033330891509779505,4.50032967032967,4.50032967032967,False
24,graphical_appearance_name,Check,2,20,0.1,0.023001977877078604,4.347452229299363,4.347452229299363,False
24,colour_group_name,Light Blue,2,20,0.1,0.026957732034283203,3.7095108695652175,3.7095108695652175,False
24,product_type_name,Cardigan,1,20,0.05,0.014064903670060802,3.554947916666667,3.554947916666667,False
24,department_name,Tops Knitwear,1,20,0.05,0.014357922496520402,3.4823979591836736,3.4823979591836736,False
24,graphical_appearance_name,Denim,5,20,0.25,0.074719800747198,3.3458333333333337,3.3458333333333337,False
24,product_group_name,Garment Upper body,19,20,0.95,0.38905574683173394,2.4418094520805873,2.4418094520805873,False
24,perceived_colour_master_name,Mole,1,20,0.05,0.021097355505091203,2.3699652777777778,2.3699652777777778,False
24,perceived_colour_master_name,Blue,5,20,0.25,0.11933191707567212,2.0949969306322895,2.0949969306322895,False
24,colour_group_name,Off White,1,20,0.05,0.030180939125338802,1.6566747572815534,1.6566747572815534,False
24,department_name,Trouser,1,20,0.05,0.0446121163284741,1.1207717569786537,1.1207717569786537,False
24,colour_group_name,Beige,1,20,0.05,0.04585744634092741,1.0903354632587858,1.0903354632587858,False
24,graphical_appearance_name,Solid,12,20,0.6,0.5812760969892315,1.032211720226843,1.032211720226843,False
24,section_name,Womens Tailoring,1,20,0.05,0.06343857592850341,0.7881639722863741,0.7881639722863741,False
24,perceived_colour_master_name,White,2,20,0.1,0.12797597245623032,0.7813966800228964,0.7813966800228964,False
24,garment_group_name,Knitwear,1,20,0.05,0.06695480184601861,0.7467724288840263,0.7467724288840263,False
24,garment_group_name,Trousers,1,20,0.05,0.0825580543549923,0.6056344276841171,0.6056344276841171,False
24,product_type_name,Trousers,1,20,0.05,0.1310526701340561,0.38152599217439914,0.38152599217439914,False
24,product_group_name,Garment Lower body,1,20,0.05,0.2052596879349498,0.2435938615274804,0.2435938615274804,False
24,index_group_name,Ladieswear,1,20,0.05,0.5894806241301004,0.08482042997390332,0.08482042997390332,False
25,department_name,Skirt,5,20,0.25,0.011647498351769101,21.46383647798742,21.46383647798742,True
25,section_name,Womens Tailoring,20,20,1.0,0.06343857592850341,15.763279445727482,15.763279445727482,True
25,garment_group_name,Skirts,5,20,0.25,0.0195590066661783,12.781835205992511,12.781835205992511,True
25,product_type_name,Vest top,7,20,0.35,0.030107684418723902,11.624939172749391,11.624939172749391,False
25,colour_group_name,Dark Blue,10,20,0.5,0.058970038824994506,8.47888198757764,8.47888198757764,False
25,product_type_name,Top,8,20,0.4,0.050692256977510806,7.890751445086705,7.890751445086705,False
25,product_type_name,Skirt,5,20,0.25,0.033404146216394405,7.484100877192982,7.484100877192982,False
25,department_name,Jersey,9,20,0.45,0.060801406490367006,7.401144578313253,7.401144578313253,False
25,department_name,Blouse,6,20,0.3,0.043293531609405904,6.929441624365482,6.929441624365482,False
25,perceived_colour_master_name,Blue,10,20,0.5,0.11933191707567212,4.189993861264579,4.189993861264579,False
25,colour_group_name,White,8,20,0.4,0.0960369203721339,4.165064836003052,4.165064836003052,False
25,garment_group_name,Blouses,6,20,0.3,0.0860742802725075,3.4853617021276597,3.4853617021276597,False
25,perceived_colour_master_name,White,8,20,0.4,0.12797597245623032,3.1255867200915857,3.1255867200915857,False
25,colour_group_name,Light Pink,2,20,0.1,0.036773862720679805,2.7193227091633467,2.7193227091633467,False
25,garment_group_name,Jersey Fancy,9,20,0.45,0.16672771225551242,2.699011423550088,2.699011423550088,False
25,product_group_name,Garment Upper body,15,20,0.75,0.38905574683173394,1.927744304274148,1.927744304274148,False
25,index_group_name,Ladieswear,20,20,1.0,0.5894806241301004,1.6964085994780662,1.6964085994780662,False
25,graphical_appearance_name,Solid,19,20,0.95,0.5812760969892315,1.6343352236925015,1.6343352236925015,False
25,perceived_colour_master_name,Pink,2,20,0.1,0.06702805655263351,1.4919125683060108,1.4919125683060108,False
25,product_group_name,Garment Lower body,5,20,0.25,0.2052596879349498,1.2179693076374019,1.2179693076374019,False
25,graphical_appearance_name,All over pattern,1,20,0.05,0.10709838107098381,0.4668604651162791,0.4668604651162791,False
26,graphical_appearance_name,Other structure,10,20,0.5,0.022855468463848803,21.876602564102562,21.876602564102562,True
26,department_name,Trousers & Skirt,1,20,0.05,0.0028569335579811004,17.50128205128205,17.50128205128205,False
26,graphical_appearance_name,Lace,4,20,0.2,0.012673064244377702,15.78150289017341,15.78150289017341,True
26,section_name,Womens Jackets,4,20,0.2,0.0136986301369863,14.600000000000001,14.600000000000001,True
26,department_name,Tops Knitwear,4,20,0.2,0.014357922496520402,13.929591836734694,13.929591836734694,False
26,colour_group_name,Yellowish Brown,5,20,0.25,0.0187532048934144,13.331054687500002,13.331054687500002,False
26,department_name,Outwear,4,20,0.2,0.0150172148560545,13.318048780487807,13.318048780487807,False
26,perceived_colour_master_name,Brown,6,20,0.3,0.026151930261519303,11.471428571428572,11.471428571428572,False
26,colour_group_name,Light Green,1,20,0.05,0.005127829463043,9.750714285714286,9.750714285714286,False
26,colour_group_name,Off White,5,20,0.25,0.030180939125338802,8.283373786407767,8.283373786407767,False
26,department_name,Jersey fancy,4,20,0.2,0.0247600908358362,8.077514792899409,8.077514792899409,False
26,product_type_name,Top,8,20,0.4,0.050692256977510806,7.890751445086705,7.890751445086705,False
26,department_name,Tops Woven,2,20,0.1,0.015236978975899202,6.562980769230769,6.562980769230769,False
26,department_name,Tops Fancy Jersey,2,20,0.1,0.015310233682514102,6.531578947368422,6.531578947368422,False
26,product_type_name,Jacket,4,20,0.2,0.0312797597245623,6.393911007025761,6.393911007025761,False
26,department_name,Trousers,2,20,0.1,0.0164823089883525,6.067111111111111,6.067111111111111,False
26,garment_group_name,Outdoor,4,20,0.2,0.033697165042854006,5.935217391304348,5.935217391304348,False
26,colour_group_name,Red,1,20,0.05,0.009156838326862501,5.4604,5.4604,False
26,colour_group_name,Dark Orange,1,20,0.05,0.009230093033477401,5.417063492063492,5.417063492063492,False
26,perceived_colour_master_name,Unknown,1,20,0.05,0.009523111859937,5.250384615384616,5.250384615384616,False
26,section_name,Divided Collection,10,20,0.5,0.10409493809977291,4.8033075299085155,4.8033075299085155,False
26,colour_group_name,Yellow,1,20,0.05,0.011354479525309501,4.403548387096774,4.403548387096774,False
26,perceived_colour_master_name,Red,2,20,0.1,0.0232217419969233,4.306309148264985,4.306309148264985,False
26,colour_group_name,Dark Red,1,20,0.05,0.0128195736576075,3.900285714285715,3.900285714285715,False
26,perceived_colour_master_name,Green,2,20,0.1,0.027910043220276903,3.5829396325459317,3.5829396325459317,False
26,section_name,Womens Trend,2,20,0.1,0.030986740898102702,3.227186761229315,3.227186761229315,False
26,garment_group_name,Knitwear,4,20,0.2,0.06695480184601861,2.987089715536105,2.987089715536105,False
26,colour_group_name,Dark Green,1,20,0.05,0.018533440773569703,2.6978260869565216,2.6978260869565216,False
26,product_type_name,Sweater,4,20,0.2,0.0791883378507069,2.5256244218316377,2.5256244218316377,False
26,index_group_name,Divided,10,20,0.5,0.2062119991209435,2.424689165186501,2.424689165186501,False
26,colour_group_name,Pink,1,20,0.05,0.021024100798476303,2.3782229965156794,2.3782229965156794,False
26,perceived_colour_master_name,Yellow,1,20,0.05,0.022635704344004103,2.2088996763754047,2.2088996763754047,False
26,product_group_name,Garment Upper body,17,20,0.85,0.38905574683173394,2.1847768781773675,2.1847768781773675,False
26,garment_group_name,Jersey Fancy,7,20,0.35,0.16672771225551242,2.0992311072056236,2.0992311072056236,False
26,perceived_colour_master_name,White,5,20,0.25,0.12797597245623032,1.9534917000572407,1.9534917000572407,False
26,garment_group_name,Trousers,3,20,0.15,0.0825580543549923,1.8169032830523513,1.8169032830523513,False
26,colour_group_name,Greenish Khaki,1,20,0.05,0.027910043220276903,1.7914698162729659,1.7914698162729659,False
26,colour_group_name,Dark Grey,1,20,0.05,0.029375137352574902,1.70211970074813,1.70211970074813,False
26,section_name,Womens Everyday Collection,4,20,0.2,0.12218885063365321,1.636810551558753,1.636810551558753,False
26,perceived_colour_master_name,Khaki green,1,20,0.05,0.035015749761922205,1.427928870292887,1.427928870292887,False
26,garment_group_name,Blouses,2,20,0.1,0.0860742802725075,1.1617872340425532,1.1617872340425532,False
26,product_type_name,Trousers,3,20,0.15,0.1310526701340561,1.1445779765231974,1.1445779765231974,False
26,product_type_name,Blouse,1,20,0.05,0.045344663394623105,1.1026655896607431,1.1026655896607431,False
26,colour_group_name,Light Beige,1,20,0.05,0.0478353234195297,1.0452526799387445,1.0452526799387445,False
26,index_group_name,Ladieswear,10,20,0.5,0.5894806241301004,0.8482042997390331,0.8482042997390331,False
26,department_name,Jersey,1,20,0.05,0.060801406490367006,0.8223493975903615,0.8223493975903615,False
26,perceived_colour_master_name,Pink,1,20,0.05,0.06702805655263351,0.7459562841530054,0.7459562841530054,False
26,product_group_name,Garment Lower body,3,20,0.15,0.2052596879349498,0.7307815845824411,0.7307815845824411,False
26,perceived_colour_master_name,Beige,1,20,0.05,0.08482895026005421,0.5894214162348878,0.5894214162348878,False
26,graphical_appearance_name,Solid,6,20,0.3,0.5812760969892315,0.5161058601134215,0.5161058601134215,False
27,colour_group_name,Purple,2,20,0.1,0.0036627353307450003,27.302000000000003,27.302000000000003,True
27,department_name,Skirts,4,20,0.2,0.007838253607794301,25.51588785046729,25.51588785046729,True
27,section_name,Womens Trend,15,20,0.75,0.030986740898102702,24.20390070921986,24.20390070921986,True
27,colour_group_name,Dark Purple,1,20,0.05,0.0031499523844407003,15.87325581395349,15.87325581395349,False
27,colour_group_name,Dark Yellow,1,20,0.05,0.0041022635704344,12.188392857142858,12.188392857142858,False
27,department_name,Jersey,14,20,0.7,0.060801406490367006,11.51289156626506,11.51289156626506,False
27,colour_group_name,Orange,2,20,0.1,0.008790564793788001,11.375833333333333,11.375833333333333,False
27,product_type_name,Skirt,7,20,0.35,0.033404146216394405,10.477741228070174,10.477741228070174,False
27,garment_group_name,Skirts,4,20,0.2,0.0195590066661783,10.225468164794009,10.225468164794009,False
27,colour_group_name,Light Turquoise,1,20,0.05,0.0049080653431983,10.187313432835822,10.187313432835822,False
27,perceived_colour_master_name,Lilac Purple,3,20,0.15,0.014724196029594901,10.18731343283582,10.18731343283582,False
27,colour_group_name,Light Green,1,20,0.05,0.005127829463043,9.750714285714286,9.750714285714286,False
27,graphical_appearance_name,All over pattern,20,20,1.0,0.10709838107098381,9.337209302325581,9.337209302325581,False
27,department_name,Blouse & Dress,2,20,0.1,0.013478866017141601,7.419021739130435,7.419021739130435,False
27,perceived_colour_master_name,Brown,3,20,0.15,0.026151930261519303,5.735714285714286,5.735714285714286,False
27,product_type_name,Dress,13,20,0.65,0.11750054941029961,5.531889027431422,5.531889027431422,False
27,colour_group_name,Yellowish Brown,2,20,0.1,0.0187532048934144,5.3324218750000005,5.3324218750000005,False
27,product_group_name,Garment Full body,13,20,0.65,0.1304666324811369,4.982116788321168,4.982116788321168,False
27,colour_group_name,Yellow,1,20,0.05,0.011354479525309501,4.403548387096774,4.403548387096774,False
27,garment_group_name,Jersey Fancy,14,20,0.7,0.16672771225551242,4.198462214411247,4.198462214411247,False
27,perceived_colour_master_name,Orange,2,20,0.1,0.0273972602739726,3.6500000000000004,3.6500000000000004,False
27,colour_group_name,Dark Blue,3,20,0.15,0.058970038824994506,2.543664596273292,2.543664596273292,False
27,perceived_colour_master_name,Yellow,1,20,0.05,0.022635704344004103,2.2088996763754047,2.2088996763754047,False
27,section_name,Divided Collection,4,20,0.2,0.10409493809977291,1.9213230119634062,1.9213230119634062,False
27,section_name,H&M+,1,20,0.05,0.026811222621053402,1.8648907103825139,1.8648907103825139,False
27,perceived_colour_master_name,Green,1,20,0.05,0.027910043220276903,1.7914698162729659,1.7914698162729659,False
27,product_group_name,Garment Lower body,7,20,0.35,0.2052596879349498,1.7051570306923627,1.7051570306923627,False
27,colour_group_name,Off White,1,20,0.05,0.030180939125338802,1.6566747572815534,1.6566747572815534,False
27,index_group_name,Ladieswear,16,20,0.8,0.5894806241301004,1.3571268795824531,1.3571268795824531,False
27,perceived_colour_master_name,Blue,3,20,0.15,0.11933191707567212,1.2569981583793737,1.2569981583793737,False
27,garment_group_name,Blouses,2,20,0.1,0.0860742802725075,1.1617872340425532,1.1617872340425532,False
27,colour_group_name,Beige,1,20,0.05,0.04585744634092741,1.0903354632587858,1.0903354632587858,False
27,index_group_name,Divided,4,20,0.2,0.2062119991209435,0.9698756660746004,0.9698756660746004,False
27,colour_group_name,Black,4,20,0.2,0.28027250750860744,0.7135912179822269,0.7135912179822269,False
27,perceived_colour_master_name,Black,4,20,0.2,0.28173760164090544,0.7098803952158086,0.7098803952158086,False
27,perceived_colour_master_name,Grey,1,20,0.05,0.07113032012306791,0.7029351184346034,0.7029351184346034,False
27,perceived_colour_master_name,Beige,1,20,0.05,0.08482895026005421,0.5894214162348878,0.5894214162348878,False
27,perceived_colour_master_name,White,1,20,0.05,0.12797597245623032,0.3906983400114482,0.3906983400114482,False
28,department_name,Suit jacket,6,20,0.3,0.0053475935828877,56.1,56.1,True
28,department_name,Jersey fancy,14,20,0.7,0.0247600908358362,28.27130177514793,28.27130177514793,True
28,garment_group_name,Dressed,6,20,0.3,0.013112592484067102,22.878770949720668,22.878770949720668,True
28,product_type_name,Blazer,6,20,0.3,0.014211413083290601,21.10979381443299,21.10979381443299,False
28,colour_group_name,Beige,9,20,0.45,0.04585744634092741,9.813019169329072,9.813019169329072,False
28,section_name,Womens Everyday Collection,20,20,1.0,0.12218885063365321,8.184052757793765,8.184052757793765,False
28,perceived_colour_master_name,Mole,3,20,0.15,0.021097355505091203,7.109895833333333,7.109895833333333,False
28,product_type_name,Dress,12,20,0.6,0.11750054941029961,5.106359102244389,5.106359102244389,False
28,product_group_name,Garment Full body,12,20,0.6,0.1304666324811369,4.598877035373386,4.598877035373386,False
28,garment_group_name,Jersey Fancy,14,20,0.7,0.16672771225551242,4.198462214411247,4.198462214411247,False
28,perceived_colour_master_name,Beige,6,20,0.3,0.08482895026005421,3.536528497409326,3.536528497409326,False
28,product_type_name,Hoodie,1,20,0.05,0.0206578272654018,2.420390070921986,2.420390070921986,False
28,colour_group_name,Black,11,20,0.55,0.28027250750860744,1.962375849451124,1.962375849451124,False
28,perceived_colour_master_name,Black,11,20,0.55,0.28173760164090544,1.9521710868434738,1.9521710868434738,False
28,graphical_appearance_name,Solid,20,20,1.0,0.5812760969892315,1.7203528670447386,1.7203528670447386,False
28,index_group_name,Ladieswear,20,20,1.0,0.5894806241301004,1.6964085994780662,1.6964085994780662,False
28,product_type_name,Jacket,1,20,0.05,0.0312797597245623,1.5984777517564404,1.5984777517564404,False
28,product_group_name,Garment Upper body,8,20,0.4,0.38905574683173394,1.028130295612879,1.028130295612879,False
29,department_name,Men Sport Bottoms,1,20,0.05,0.0008058017727639,62.050000000000004,62.050000000000004,False
29,product_type_name,Pyjama bottom,3,20,0.15,0.0025639147315215,58.504285714285714,58.504285714285714,True
29,department_name,Light Basic Jersey,14,20,0.7,0.013771884843601201,50.8281914893617,50.8281914893617,True
29,section_name,Men Underwear,17,20,0.85,0.0358215515346861,23.728732106339468,23.728732106339468,True
29,department_name,Men Sport Woven,1,20,0.05,0.0021976411984470003,22.751666666666665,22.751666666666665,False
29,colour_group_name,Dark Green,8,20,0.4,0.018533440773569703,21.582608695652173,21.582608695652173,False
29,section_name,Men H&M Sport,2,20,0.1,0.0057871218225771,17.27974683544304,17.27974683544304,False
29,department_name,Loungewear,3,20,0.15,0.009596366566551901,15.630916030534351,15.630916030534351,False
29,product_group_name,Nightwear,3,20,0.15,0.009669621273166801,15.5125,15.5125,False
29,perceived_colour_master_name,Green,8,20,0.4,0.027910043220276903,14.331758530183727,14.331758530183727,False
29,product_type_name,T-shirt,16,20,0.8,0.05757819939931141,13.894147582697201,13.894147582697201,False
29,index_group_name,Menswear,17,20,0.85,0.10438795692623251,8.142701754385964,8.142701754385964,False
29,garment_group_name,Jersey Basic,14,20,0.7,0.09003003442971211,7.775183075671277,7.775183075671277,False
29,perceived_colour_master_name,Khaki green,4,20,0.2,0.035015749761922205,5.711715481171548,5.711715481171548,False
29,colour_group_name,Greenish Khaki,3,20,0.15,0.027910043220276903,5.374409448818898,5.374409448818898,False
29,colour_group_name,Green,1,20,0.05,0.009742875979781702,5.131954887218045,5.131954887218045,False
29,colour_group_name,Dark Beige,1,20,0.05,0.012966083070837301,3.856214689265537,3.856214689265537,False
29,colour_group_name,Dark Blue,4,20,0.2,0.058970038824994506,3.391552795031056,3.391552795031056,False
29,colour_group_name,Light Grey,1,20,0.05,0.014797450736209802,3.378960396039604,3.378960396039604,False
29,index_group_name,Sport,2,20,0.1,0.033111127389934804,3.020132743362832,3.020132743362832,False
29,graphical_appearance_name,All over pattern,6,20,0.3,0.10709838107098381,2.801162790697674,2.801162790697674,False
29,colour_group_name,Yellowish Brown,1,20,0.05,0.0187532048934144,2.6662109375000003,2.6662109375000003,False
29,product_group_name,Garment Upper body,17,20,0.85,0.38905574683173394,2.1847768781773675,2.1847768781773675,False
29,perceived_colour_master_name,Blue,5,20,0.25,0.11933191707567212,2.0949969306322895,2.0949969306322895,False
29,perceived_colour_master_name,Brown,1,20,0.05,0.026151930261519303,1.911904761904762,1.911904761904762,False
29,garment_group_name,"Under-, Nightwear",3,20,0.15,0.08475569555343931,1.7697925669835781,1.7697925669835781,False
29,colour_group_name,Blue,1,20,0.05,0.033330891509779505,1.5001098901098902,1.5001098901098902,False
29,graphical_appearance_name,Solid,14,20,0.7,0.5812760969892315,1.204247006931317,1.204247006931317,False
29,department_name,Blouse,1,20,0.05,0.043293531609405904,1.154906937394247,1.154906937394247,False
29,product_type_name,Blouse,1,20,0.05,0.045344663394623105,1.1026655896607431,1.1026655896607431,False
29,perceived_colour_master_name,Grey,1,20,0.05,0.07113032012306791,0.7029351184346034,0.7029351184346034,False
29,garment_group_name,Jersey Fancy,2,20,0.1,0.16672771225551242,0.599780316344464,0.599780316344464,False
29,perceived_colour_master_name,Beige,1,20,0.05,0.08482895026005421,0.5894214162348878,0.5894214162348878,False
29,garment_group_name,Blouses,1,20,0.05,0.0860742802725075,0.5808936170212766,0.5808936170212766,False
29,section_name,Womens Everyday Collection,1,20,0.05,0.12218885063365321,0.40920263788968825,0.40920263788968825,False
29,index_group_name,Ladieswear,1,20,0.05,0.5894806241301004,0.08482042997390332,0.08482042997390332,False
30,department_name,Blazer S&T,2,20,0.1,0.0016116035455278,62.050000000000004,62.050000000000004,True
30,section_name,Men Suits & Tailoring,4,20,0.2,0.009742875979781702,20.52781954887218,20.52781954887218,True
30,product_type_name,Polo shirt,1,20,0.05,0.0030034429712109,16.647560975609757,16.647560975609757,False
30,graphical_appearance_name,Melange,19,20,0.95,0.0617537176763607,15.383689205219454,15.383689205219454,True
30,product_type_name,Cardigan,4,20,0.2,0.014064903670060802,14.219791666666667,14.219791666666667,False
30,department_name,Woven Premium,1,20,0.05,0.0035894806241301004,13.929591836734694,13.929591836734694,False
30,department_name,Knitwear,11,20,0.55,0.039557541572046,13.903796296296298,13.903796296296298,False
30,colour_group_name,Beige,12,20,0.6,0.04585744634092741,13.08402555910543,13.08402555910543,False
30,perceived_colour_master_name,Mole,5,20,0.25,0.021097355505091203,11.849826388888888,11.849826388888888,False
30,section_name,Contemporary Smart,4,20,0.2,0.0180206578272654,11.098373983739839,11.098373983739839,False
30,product_type_name,Blazer,3,20,0.15,0.014211413083290601,10.554896907216495,10.554896907216495,False
30,department_name,Scarves,1,20,0.05,0.0047615559299685,10.500769230769231,10.500769230769231,False
30,product_type_name,Top,9,20,0.45,0.050692256977510806,8.877095375722543,8.877095375722543,False
30,product_type_name,Unknown,1,20,0.05,0.006080140649036701,8.223493975903615,8.223493975903615,False
30,product_group_name,Unknown,1,20,0.05,0.006080140649036701,8.223493975903615,8.223493975903615,False
30,garment_group_name,Knitwear,11,20,0.55,0.06695480184601861,8.21449671772429,8.21449671772429,False
30,garment_group_name,Dressed,2,20,0.1,0.013112592484067102,7.626256983240224,7.626256983240224,False
30,department_name,Light Basic Jersey,2,20,0.1,0.013771884843601201,7.2611702127659585,7.2611702127659585,False
30,perceived_colour_master_name,Beige,10,20,0.5,0.08482895026005421,5.894214162348877,5.894214162348877,False
30,department_name,Loungewear,1,20,0.05,0.009596366566551901,5.21030534351145,5.21030534351145,False
30,section_name,Womens Premium,1,20,0.05,0.010109149512856202,4.946014492753624,4.946014492753624,False
30,index_group_name,Menswear,10,20,0.5,0.10438795692623251,4.789824561403509,4.789824561403509,False
30,department_name,Skirt,1,20,0.05,0.011647498351769101,4.292767295597485,4.292767295597485,False
30,colour_group_name,Dark Beige,1,20,0.05,0.012966083070837301,3.856214689265537,3.856214689265537,False
30,section_name,Womens Casual,3,20,0.15,0.039557541572046,3.7919444444444443,3.7919444444444443,False
30,colour_group_name,Light Grey,1,20,0.05,0.014797450736209802,3.378960396039604,3.378960396039604,False
30,department_name,Jersey Fancy,1,20,0.05,0.014797450736209802,3.378960396039604,3.378960396039604,False
30,section_name,Womens Tailoring,4,20,0.2,0.06343857592850341,3.1526558891454965,3.1526558891454965,False
30,garment_group_name,Unknown,1,20,0.05,0.016921837228041903,2.9547619047619045,2.9547619047619045,False
30,section_name,Men Underwear,2,20,0.1,0.0358215515346861,2.7916155419222908,2.7916155419222908,False
30,colour_group_name,Dark Green,1,20,0.05,0.018533440773569703,2.6978260869565216,2.6978260869565216,False
30,colour_group_name,Yellowish Brown,1,20,0.05,0.0187532048934144,2.6662109375000003,2.6662109375000003,False
30,garment_group_name,Skirts,1,20,0.05,0.0195590066661783,2.556367041198502,2.556367041198502,False
30,section_name,Womens Big accessories,1,20,0.05,0.019925280199252802,2.5093750000000004,2.5093750000000004,False
30,product_group_name,Garment Upper body,18,20,0.9,0.38905574683173394,2.313293165128978,2.313293165128978,False
30,graphical_appearance_name,Check,1,20,0.05,0.023001977877078604,2.1737261146496816,2.1737261146496816,False
30,colour_group_name,Light Beige,2,20,0.1,0.0478353234195297,2.090505359877489,2.090505359877489,False
30,perceived_colour_master_name,Brown,1,20,0.05,0.026151930261519303,1.911904761904762,1.911904761904762,False
30,perceived_colour_master_name,Green,1,20,0.05,0.027910043220276903,1.7914698162729659,1.7914698162729659,False
30,colour_group_name,Off White,1,20,0.05,0.030180939125338802,1.6566747572815534,1.6566747572815534,False
30,colour_group_name,Blue,1,20,0.05,0.033330891509779505,1.5001098901098902,1.5001098901098902,False
30,product_type_name,Skirt,1,20,0.05,0.033404146216394405,1.4968201754385966,1.4968201754385966,False
30,section_name,"Womens Nightwear, Socks & Tigh",1,20,0.05,0.034869240348692404,1.4339285714285714,1.4339285714285714,False
30,garment_group_name,Jersey Basic,2,20,0.1,0.09003003442971211,1.1107404393816112,1.1107404393816112,False
30,product_type_name,T-shirt,1,20,0.05,0.05757819939931141,0.8683842239185751,0.8683842239185751,False
30,index_group_name,Ladieswear,10,20,0.5,0.5894806241301004,0.8482042997390331,0.8482042997390331,False
30,perceived_colour_master_name,Grey,1,20,0.05,0.07113032012306791,0.7029351184346034,0.7029351184346034,False
30,garment_group_name,"Under-, Nightwear",1,20,0.05,0.08475569555343931,0.5899308556611927,0.5899308556611927,False
30,garment_group_name,Accessories,1,20,0.05,0.0962566844919786,0.5194444444444445,0.5194444444444445,False
30,perceived_colour_master_name,Blue,1,20,0.05,0.11933191707567212,0.41899938612645793,0.41899938612645793,False
30,perceived_colour_master_name,White,1,20,0.05,0.12797597245623032,0.3906983400114482,0.3906983400114482,False
30,garment_group_name,Jersey Fancy,1,20,0.05,0.16672771225551242,0.299890158172232,0.299890158172232,False
30,product_group_name,Garment Lower body,1,20,0.05,0.2052596879349498,0.2435938615274804,0.2435938615274804,False
31,section_name,Womens Tailoring,20,20,1.0,0.06343857592850341,15.763279445727482,15.763279445727482,True
31,department_name,Knitwear,12,20,0.6,0.039557541572046,15.167777777777777,15.167777777777777,True
31,department_name,Dress,8,20,0.4,0.035894806241301,11.143673469387757,11.143673469387757,True
31,colour_group_name,Dark Blue,11,20,0.55,0.058970038824994506,9.326770186335404,9.326770186335404,False
31,garment_group_name,Knitwear,12,20,0.6,0.06695480184601861,8.961269146608315,8.961269146608315,False
31,product_type_name,Cardigan,2,20,0.1,0.014064903670060802,7.109895833333334,7.109895833333334,False
31,garment_group_name,Dresses Ladies,8,20,0.4,0.06651527360632921,6.013656387665199,6.013656387665199,False
31,colour_group_name,Dark Green,2,20,0.1,0.018533440773569703,5.395652173913043,5.395652173913043,False
31,product_type_name,Top,5,20,0.25,0.050692256977510806,4.931719653179191,4.931719653179191,False
31,product_type_name,Dress,11,20,0.55,0.11750054941029961,4.680829177057357,4.680829177057357,False
31,product_group_name,Garment Full body,11,20,0.55,0.1304666324811369,4.215637282425604,4.215637282425604,False
31,perceived_colour_master_name,Blue,10,20,0.5,0.11933191707567212,4.189993861264579,4.189993861264579,False
31,colour_group_name,Dark Red,1,20,0.05,0.0128195736576075,3.900285714285715,3.900285714285715,False
31,perceived_colour_master_name,Lilac Purple,1,20,0.05,0.014724196029594901,3.395771144278607,3.395771144278607,False
31,perceived_colour_master_name,Khaki green,2,20,0.1,0.035015749761922205,2.855857740585774,2.855857740585774,False
31,perceived_colour_master_name,Red,1,20,0.05,0.0232217419969233,2.1531545741324924,2.1531545741324924,False
31,index_group_name,Ladieswear,20,20,1.0,0.5894806241301004,1.6964085994780662,1.6964085994780662,False
31,graphical_appearance_name,Solid,19,20,0.95,0.5812760969892315,1.6343352236925015,1.6343352236925015,False
31,product_type_name,Sweater,2,20,0.1,0.0791883378507069,1.2628122109158189,1.2628122109158189,False
31,product_group_name,Garment Upper body,9,20,0.45,0.38905574683173394,1.156646582564489,1.156646582564489,False
31,colour_group_name,Black,6,20,0.3,0.28027250750860744,1.0703868269733403,1.0703868269733403,False
31,perceived_colour_master_name,Black,6,20,0.3,0.28173760164090544,1.0648205928237129,1.0648205928237129,False
31,graphical_appearance_name,Melange,1,20,0.05,0.0617537176763607,0.8096678529062872,0.8096678529062872,False
32,department_name,Projects Jersey & Knitwear,5,20,0.25,0.0030766976778258005,81.25595238095238,81.25595238095238,True
32,department_name,Tops Knitwear,13,20,0.65,0.014357922496520402,45.271173469387755,45.271173469387755,True
32,colour_group_name,Other Yellow,1,20,0.05,0.0013185847190682002,37.919444444444444,37.919444444444444,False
32,section_name,Divided Projects,7,20,0.35,0.022049666691084904,15.873255813953486,15.873255813953486,True
32,graphical_appearance_name,Metallic,1,20,0.05,0.0032964617976705005,15.167777777777777,15.167777777777777,False
32,graphical_appearance_name,Stripe,9,20,0.45,0.030034429712109,14.982804878048782,14.982804878048782,False
32,department_name,Divided+,2,20,0.1,0.007398725368104901,13.515841584158416,13.515841584158416,False
32,product_type_name,Sweater,20,20,1.0,0.0791883378507069,12.628122109158188,12.628122109158188,False
32,graphical_appearance_name,Jacquard,1,20,0.05,0.005127829463043,9.750714285714286,9.750714285714286,False
32,garment_group_name,Knitwear,13,20,0.65,0.06695480184601861,9.708041575492341,9.708041575492341,False
32,colour_group_name,Light Pink,5,20,0.25,0.036773862720679805,6.798306772908366,6.798306772908366,False
32,perceived_colour_master_name,Yellow,3,20,0.15,0.022635704344004103,6.626699029126213,6.626699029126213,False
32,colour_group_name,Beige,6,20,0.3,0.04585744634092741,6.542012779552715,6.542012779552715,False
32,section_name,Divided Collection,13,20,0.65,0.10409493809977291,6.24429978888107,6.24429978888107,False
32,colour_group_name,Light Yellow,1,20,0.05,0.0081312724342539,6.1490990990991,6.1490990990991,False
32,garment_group_name,Unknown,2,20,0.1,0.016921837228041903,5.909523809523809,5.909523809523809,False
32,colour_group_name,Light Purple,1,20,0.05,0.008717310087173101,5.735714285714286,5.735714285714286,False
32,colour_group_name,Orange,1,20,0.05,0.008790564793788001,5.687916666666666,5.687916666666666,False
32,colour_group_name,Red,1,20,0.05,0.009156838326862501,5.4604,5.4604,False
32,index_group_name,Divided,20,20,1.0,0.2062119991209435,4.849378330373002,4.849378330373002,False
32,perceived_colour_master_name,Pink,6,20,0.3,0.06702805655263351,4.475737704918032,4.475737704918032,False
32,colour_group_name,Yellow,1,20,0.05,0.011354479525309501,4.403548387096774,4.403548387096774,False
32,perceived_colour_master_name,Beige,7,20,0.35,0.08482895026005421,4.125949913644214,4.125949913644214,False
32,graphical_appearance_name,Lace,1,20,0.05,0.012673064244377702,3.9453757225433526,3.9453757225433526,False
32,perceived_colour_master_name,Lilac Purple,1,20,0.05,0.014724196029594901,3.395771144278607,3.395771144278607,False
32,product_group_name,Garment Upper body,20,20,1.0,0.38905574683173394,2.570325739032197,2.570325739032197,False
32,perceived_colour_master_name,Mole,1,20,0.05,0.021097355505091203,2.3699652777777778,2.3699652777777778,False
32,colour_group_name,Light Beige,2,20,0.1,0.0478353234195297,2.090505359877489,2.090505359877489,False
32,perceived_colour_master_name,Orange,1,20,0.05,0.0273972602739726,1.8250000000000002,1.8250000000000002,False
32,colour_group_name,Off White,1,20,0.05,0.030180939125338802,1.6566747572815534,1.6566747572815534,False
32,graphical_appearance_name,Melange,2,20,0.1,0.0617537176763607,1.6193357058125744,1.6193357058125744,False
32,garment_group_name,Jersey Fancy,5,20,0.25,0.16672771225551242,1.4994507908611598,1.4994507908611598,False
32,graphical_appearance_name,Solid,6,20,0.3,0.5812760969892315,0.5161058601134215,0.5161058601134215,False
32,perceived_colour_master_name,White,1,20,0.05,0.12797597245623032,0.3906983400114482,0.3906983400114482,False
33,graphical_appearance_name,Stripe,14,20,0.7,0.030034429712109,23.306585365853657,23.306585365853657,True
33,product_type_name,Top,19,20,0.95,0.050692256977510806,18.740534682080924,18.740534682080924,True
33,colour_group_name,Dark Blue,14,20,0.7,0.058970038824994506,11.870434782608696,11.870434782608696,True
33,department_name,Light Basic Jersey,3,20,0.15,0.013771884843601201,10.891755319148936,10.891755319148936,False
33,section_name,Womens Casual,7,20,0.35,0.039557541572046,8.84787037037037,8.84787037037037,False
33,section_name,H&M+,4,20,0.2,0.026811222621053402,7.459562841530055,7.459562841530055,False
33,department_name,Jersey,9,20,0.45,0.060801406490367006,7.401144578313253,7.401144578313253,False
33,perceived_colour_master_name,Blue,14,20,0.7,0.11933191707567212,5.86599140577041,5.86599140577041,False
33,colour_group_name,Green,1,20,0.05,0.009742875979781702,5.131954887218045,5.131954887218045,False
33,colour_group_name,Dark Grey,3,20,0.15,0.029375137352574902,5.106359102244389,5.106359102244389,False
33,department_name,Blouse,4,20,0.2,0.043293531609405904,4.619627749576988,4.619627749576988,False
33,section_name,Men Underwear,3,20,0.15,0.0358215515346861,4.1874233128834355,4.1874233128834355,False
33,graphical_appearance_name,Embroidery,1,20,0.05,0.012087026591458501,4.136666666666667,4.136666666666667,False
33,department_name,Basic 1,2,20,0.1,0.029228627939345102,3.4213032581453637,3.4213032581453637,False
33,garment_group_name,Jersey Basic,6,20,0.3,0.09003003442971211,3.3322213181448332,3.3322213181448332,False
33,section_name,Divided Basics,2,20,0.1,0.03208556149732621,3.1166666666666667,3.1166666666666667,False
33,garment_group_name,Jersey Fancy,10,20,0.5,0.16672771225551242,2.9989015817223197,2.9989015817223197,False
33,perceived_colour_master_name,Khaki green,2,20,0.1,0.035015749761922205,2.855857740585774,2.855857740585774,False
33,perceived_colour_master_name,Grey,4,20,0.2,0.07113032012306791,2.8117404737384137,2.8117404737384137,False
33,product_group_name,Garment Upper body,20,20,1.0,0.38905574683173394,2.570325739032197,2.570325739032197,False
33,garment_group_name,Blouses,4,20,0.2,0.0860742802725075,2.3235744680851065,2.3235744680851065,False
33,department_name,Jersey fancy,1,20,0.05,0.0247600908358362,2.0193786982248523,2.0193786982248523,False
33,department_name,Jersey Basic,1,20,0.05,0.026737967914438502,1.87,1.87,False
33,section_name,Womens Everyday Basics,1,20,0.05,0.027177496154127904,1.8397574123989218,1.8397574123989218,False
33,colour_group_name,Greenish Khaki,1,20,0.05,0.027910043220276903,1.7914698162729659,1.7914698162729659,False
33,section_name,Womens Trend,1,20,0.05,0.030986740898102702,1.6135933806146574,1.6135933806146574,False
33,colour_group_name,Grey,1,20,0.05,0.031059995604717602,1.6097877358490567,1.6097877358490567,False
33,product_type_name,Shirt,1,20,0.05,0.031646033257636805,1.5799768518518518,1.5799768518518518,False
33,index_group_name,Menswear,3,20,0.15,0.10438795692623251,1.4369473684210525,1.4369473684210525,False
33,graphical_appearance_name,All over pattern,3,20,0.15,0.10709838107098381,1.400581395348837,1.400581395348837,False
33,index_group_name,Ladieswear,15,20,0.75,0.5894806241301004,1.2723064496085497,1.2723064496085497,False
33,section_name,Womens Everyday Collection,2,20,0.1,0.12218885063365321,0.8184052757793765,0.8184052757793765,False
33,index_group_name,Divided,2,20,0.1,0.2062119991209435,0.4849378330373002,0.4849378330373002,False
33,graphical_appearance_name,Solid,2,20,0.1,0.5812760969892315,0.17203528670447385,0.17203528670447385,False
34,department_name,Basic 1,12,20,0.6,0.029228627939345102,20.52781954887218,20.52781954887218,True
34,product_type_name,Vest top,12,20,0.6,0.030107684418723902,19.92846715328467,19.92846715328467,True
34,section_name,Divided Basics,12,20,0.6,0.03208556149732621,18.699999999999996,18.699999999999996,True
34,colour_group_name,Grey,11,20,0.55,0.031059995604717602,17.707665094339625,17.707665094339625,False
34,graphical_appearance_name,Melange,20,20,1.0,0.0617537176763607,16.19335705812574,16.19335705812574,False
34,product_type_name,Hoodie,6,20,0.3,0.0206578272654018,14.522340425531915,14.522340425531915,False
34,perceived_colour_master_name,Grey,18,20,0.9,0.07113032012306791,12.652832131822862,12.652832131822862,False
34,department_name,Jersey Basic,6,20,0.3,0.026737967914438502,11.22,11.22,False
34,section_name,Womens Everyday Basics,6,20,0.3,0.027177496154127904,11.03854447439353,11.03854447439353,False
34,colour_group_name,Light Grey,3,20,0.15,0.014797450736209802,10.136881188118812,10.136881188118812,False
34,garment_group_name,Jersey Basic,18,20,0.9,0.09003003442971211,9.9966639544345,9.9966639544345,False
34,product_type_name,Cardigan,2,20,0.1,0.014064903670060802,7.109895833333334,7.109895833333334,False
34,colour_group_name,Dark Grey,4,20,0.2,0.029375137352574902,6.80847880299252,6.80847880299252,False
34,perceived_colour_master_name,Unknown,1,20,0.05,0.009523111859937,5.250384615384616,5.250384615384616,False
34,department_name,Tops Knitwear,1,20,0.05,0.014357922496520402,3.4823979591836736,3.4823979591836736,False
34,index_group_name,Divided,13,20,0.65,0.2062119991209435,3.152095914742451,3.152095914742451,False
34,product_group_name,Garment Upper body,20,20,1.0,0.38905574683173394,2.570325739032197,2.570325739032197,False
34,garment_group_name,Knitwear,2,20,0.1,0.06695480184601861,1.4935448577680526,1.4935448577680526,False
34,section_name,Womens Casual,1,20,0.05,0.039557541572046,1.2639814814814816,1.2639814814814816,False
34,department_name,Knitwear,1,20,0.05,0.039557541572046,1.2639814814814816,1.2639814814814816,False
34,colour_group_name,Beige,1,20,0.05,0.04585744634092741,1.0903354632587858,1.0903354632587858,False
34,index_group_name,Ladieswear,7,20,0.35,0.5894806241301004,0.5937430098173232,0.5937430098173232,False
34,perceived_colour_master_name,Beige,1,20,0.05,0.08482895026005421,0.5894214162348878,0.5894214162348878,False
34,section_name,Divided Collection,1,20,0.05,0.10409493809977291,0.48033075299085154,0.48033075299085154,False
34,colour_group_name,Black,1,20,0.05,0.28027250750860744,0.17839780449555673,0.17839780449555673,False
35,department_name,Knitwear Basic,1,20,0.05,0.0006592923595341001,75.83888888888889,75.83888888888889,False
35,department_name,Basic 1,18,20,0.9,0.029228627939345102,30.79172932330827,30.79172932330827,True
35,section_name,Divided Basics,18,20,0.9,0.03208556149732621,28.049999999999997,28.049999999999997,True
35,colour_group_name,Grey,11,20,0.55,0.031059995604717602,17.707665094339625,17.707665094339625,True
35,colour_group_name,Light Grey,5,20,0.25,0.014797450736209802,16.894801980198018,16.894801980198018,False
35,graphical_appearance_name,Melange,17,20,0.85,0.0617537176763607,13.76435349940688,13.76435349940688,False
35,product_type_name,Hoodie,5,20,0.25,0.0206578272654018,12.10195035460993,12.10195035460993,False
35,perceived_colour_master_name,Grey,16,20,0.8,0.07113032012306791,11.246961894953655,11.246961894953655,False
35,garment_group_name,Jersey Basic,18,20,0.9,0.09003003442971211,9.9966639544345,9.9966639544345,False
35,colour_group_name,Off White,4,20,0.2,0.030180939125338802,6.626699029126214,6.626699029126214,False
35,index_group_name,Divided,18,20,0.9,0.2062119991209435,4.364440497335702,4.364440497335702,False
35,product_type_name,T-shirt,5,20,0.25,0.05757819939931141,4.341921119592875,4.341921119592875,False
35,department_name,Ladies Sport Bras,1,20,0.05,0.014943960149439602,3.345833333333333,3.345833333333333,False
35,product_type_name,Sweater,4,20,0.2,0.0791883378507069,2.5256244218316377,2.5256244218316377,False
35,product_group_name,Garment Upper body,16,20,0.8,0.38905574683173394,2.056260591225758,2.056260591225758,False
35,product_type_name,Top,2,20,0.1,0.050692256977510806,1.9726878612716763,1.9726878612716763,False
35,section_name,Ladies H&M Sport,1,20,0.05,0.0265182037945938,1.885497237569061,1.885497237569061,False
35,section_name,Womens Everyday Basics,1,20,0.05,0.027177496154127904,1.8397574123989218,1.8397574123989218,False
35,perceived_colour_master_name,White,4,20,0.2,0.12797597245623032,1.5627933600457928,1.5627933600457928,False
35,product_type_name,Trousers,4,20,0.2,0.1310526701340561,1.5261039686975966,1.5261039686975966,False
35,index_group_name,Sport,1,20,0.05,0.033111127389934804,1.510066371681416,1.510066371681416,False
35,product_group_name,Garment Lower body,4,20,0.2,0.2052596879349498,0.9743754461099216,0.9743754461099216,False
35,garment_group_name,Knitwear,1,20,0.05,0.06695480184601861,0.7467724288840263,0.7467724288840263,False
35,garment_group_name,Jersey Fancy,1,20,0.05,0.16672771225551242,0.299890158172232,0.299890158172232,False
35,graphical_appearance_name,Solid,3,20,0.15,0.5812760969892315,0.25805293005671076,0.25805293005671076,False
35,index_group_name,Ladieswear,1,20,0.05,0.5894806241301004,0.08482042997390332,0.08482042997390332,False
36,department_name,Tops Woven,20,20,1.0,0.015236978975899202,65.6298076923077,65.6298076923077,True
36,product_type_name,Blouse,12,20,0.6,0.045344663394623105,13.231987075928917,13.231987075928917,True
36,garment_group_name,Blouses,20,20,1.0,0.0860742802725075,11.617872340425532,11.617872340425532,True
36,product_type_name,Shirt,7,20,0.35,0.031646033257636805,11.05983796296296,11.05983796296296,False
36,section_name,Divided Collection,20,20,1.0,0.10409493809977291,9.606615059817031,9.606615059817031,False
36,graphical_appearance_name,All over pattern,20,20,1.0,0.10709838107098381,9.337209302325581,9.337209302325581,False
36,index_group_name,Divided,20,20,1.0,0.2062119991209435,4.849378330373002,4.849378330373002,False
36,colour_group_name,Black,17,20,0.85,0.28027250750860744,3.032762676424464,3.032762676424464,False
36,perceived_colour_master_name,Black,17,20,0.85,0.28173760164090544,3.0169916796671865,3.0169916796671865,False
36,product_group_name,Garment Upper body,20,20,1.0,0.38905574683173394,2.570325739032197,2.570325739032197,False
36,colour_group_name,Light Blue,1,20,0.05,0.026957732034283203,1.8547554347826087,1.8547554347826087,False
36,product_type_name,Vest top,1,20,0.05,0.030107684418723902,1.660705596107056,1.660705596107056,False
36,colour_group_name,Off White,1,20,0.05,0.030180939125338802,1.6566747572815534,1.6566747572815534,False
36,perceived_colour_master_name,White,2,20,0.1,0.12797597245623032,0.7813966800228964,0.7813966800228964,False
36,colour_group_name,White,1,20,0.05,0.0960369203721339,0.5206331045003815,0.5206331045003815,False
36,perceived_colour_master_name,Blue,1,20,0.05,0.11933191707567212,0.41899938612645793,0.41899938612645793,False
37,department_name,Shopbasket Lingerie,5,20,0.25,0.0027104241447513003,92.23648648648648,92.23648648648648,True
37,graphical_appearance_name,Contrast,6,20,0.3,0.0034429712109003002,87.13404255319149,87.13404255319149,True
37,department_name,UW,2,20,0.1,0.0023441506116768,42.659375000000004,42.659375000000004,True
37,graphical_appearance_name,Dot,5,20,0.25,0.007252215954875101,34.47222222222222,34.47222222222222,False
37,product_type_name,Underwear bottom,20,20,1.0,0.031133250311332503,32.12,32.12,False
37,department_name,Casual Lingerie,11,20,0.55,0.017581129587576003,31.283541666666668,31.283541666666668,False
37,graphical_appearance_name,Lace,5,20,0.25,0.012673064244377702,19.726878612716764,19.726878612716764,False
37,section_name,Womens Lingerie,18,20,0.9,0.05765145410592631,15.611054637865312,15.611054637865312,False
37,product_group_name,Underwear,20,20,1.0,0.06768734891216761,14.773809523809522,14.773809523809522,False
37,garment_group_name,"Under-, Nightwear",20,20,1.0,0.08475569555343931,11.798617113223854,11.798617113223854,False
37,colour_group_name,Light Orange,3,20,0.15,0.014724196029594901,10.18731343283582,10.18731343283582,False
37,colour_group_name,Pink,4,20,0.2,0.021024100798476303,9.512891986062717,9.512891986062717,False
37,colour_group_name,Dark Grey,5,20,0.25,0.029375137352574902,8.510598503740649,8.510598503740649,False
37,colour_group_name,Light Pink,6,20,0.3,0.036773862720679805,8.157968127490038,8.157968127490038,False
37,department_name,Functional Lingerie,1,20,0.05,0.006373159475496301,7.8454022988505745,7.8454022988505745,False
37,perceived_colour_master_name,Pink,10,20,0.5,0.06702805655263351,7.4595628415300546,7.4595628415300546,False
37,graphical_appearance_name,Placement print,2,20,0.1,0.014650941322980001,6.825500000000001,6.825500000000001,False
37,colour_group_name,Dark Pink,1,20,0.05,0.007911508314409201,6.319907407407407,6.319907407407407,False
37,perceived_colour_master_name,Orange,3,20,0.15,0.0273972602739726,5.4750000000000005,5.4750000000000005,False
37,graphical_appearance_name,Front print,1,20,0.05,0.0094498571533221,5.29108527131783,5.29108527131783,False
37,perceived_colour_master_name,Grey,6,20,0.3,0.07113032012306791,4.21761071060762,4.21761071060762,False
37,perceived_colour_master_name,Lilac Purple,1,20,0.05,0.014724196029594901,3.395771144278607,3.395771144278607,False
37,section_name,Divided Basics,2,20,0.1,0.03208556149732621,3.1166666666666667,3.1166666666666667,False
37,department_name,Expressive Lingerie,1,20,0.05,0.018313676653725002,2.7302,2.7302,False
37,colour_group_name,Grey,1,20,0.05,0.031059995604717602,1.6097877358490567,1.6097877358490567,False
37,index_group_name,Ladieswear,18,20,0.9,0.5894806241301004,1.5267677395302597,1.5267677395302597,False
37,index_group_name,Divided,2,20,0.1,0.2062119991209435,0.4849378330373002,0.4849378330373002,False
37,graphical_appearance_name,All over pattern,1,20,0.05,0.10709838107098381,0.4668604651162791,0.4668604651162791,False
38,graphical_appearance_name,Embroidery,6,20,0.3,0.012087026591458501,24.82,24.82,True
38,department_name,Kids Girl Jersey Fancy,1,20,0.05,0.0021976411984470003,22.751666666666665,22.751666666666665,False
38,department_name,Jersey Fancy,4,20,0.2,0.014797450736209802,13.515841584158416,13.515841584158416,True
38,product_type_name,T-shirt,14,20,0.7,0.05757819939931141,12.157379134860049,12.157379134860049,True
38,department_name,Basic 1,7,20,0.35,0.029228627939345102,11.97456140350877,11.97456140350877,False
38,section_name,Divided Basics,7,20,0.35,0.03208556149732621,10.908333333333331,10.908333333333331,False
38,section_name,Kids Girl,1,20,0.05,0.005054574756428101,9.892028985507247,9.892028985507247,False
38,section_name,Contemporary Smart,3,20,0.15,0.0180206578272654,8.323780487804878,8.323780487804878,False
38,colour_group_name,Beige,7,20,0.35,0.04585744634092741,7.632348242811501,7.632348242811501,False
38,colour_group_name,Greenish Khaki,4,20,0.2,0.027910043220276903,7.1658792650918635,7.1658792650918635,False
38,department_name,Blouse,6,20,0.3,0.043293531609405904,6.929441624365482,6.929441624365482,False
38,colour_group_name,Light Orange,2,20,0.1,0.014724196029594901,6.791542288557214,6.791542288557214,False
38,colour_group_name,Light Grey,2,20,0.1,0.014797450736209802,6.757920792079208,6.757920792079208,False
38,product_type_name,Blouse,6,20,0.3,0.045344663394623105,6.615993537964458,6.615993537964458,False
38,colour_group_name,Light Yellow,1,20,0.05,0.0081312724342539,6.1490990990991,6.1490990990991,False
38,perceived_colour_master_name,Khaki green,4,20,0.2,0.035015749761922205,5.711715481171548,5.711715481171548,False
38,section_name,Womens Tailoring,7,20,0.35,0.06343857592850341,5.517147806004618,5.517147806004618,False
38,section_name,Contemporary Street,1,20,0.05,0.010402168339315801,4.80669014084507,4.80669014084507,False
38,graphical_appearance_name,Other structure,2,20,0.1,0.022855468463848803,4.375320512820513,4.375320512820513,False
38,graphical_appearance_name,All over pattern,9,20,0.45,0.10709838107098381,4.201744186046512,4.201744186046512,False
38,colour_group_name,Dark Red,1,20,0.05,0.0128195736576075,3.900285714285715,3.900285714285715,False
38,garment_group_name,Jersey Basic,7,20,0.35,0.09003003442971211,3.8875915378356387,3.8875915378356387,False
38,perceived_colour_master_name,Orange,2,20,0.1,0.0273972602739726,3.6500000000000004,3.6500000000000004,False
38,perceived_colour_master_name,Beige,6,20,0.3,0.08482895026005421,3.536528497409326,3.536528497409326,False
38,garment_group_name,Blouses,6,20,0.3,0.0860742802725075,3.4853617021276597,3.4853617021276597,False
38,colour_group_name,Yellowish Brown,1,20,0.05,0.0187532048934144,2.6662109375000003,2.6662109375000003,False
38,product_group_name,Garment Upper body,20,20,1.0,0.38905574683173394,2.570325739032197,2.570325739032197,False
38,graphical_appearance_name,Melange,3,20,0.15,0.0617537176763607,2.429003558718861,2.429003558718861,False
38,perceived_colour_master_name,Mole,1,20,0.05,0.021097355505091203,2.3699652777777778,2.3699652777777778,False
38,perceived_colour_master_name,Yellow,1,20,0.05,0.022635704344004103,2.2088996763754047,2.2088996763754047,False
38,perceived_colour_master_name,Red,1,20,0.05,0.0232217419969233,2.1531545741324924,2.1531545741324924,False
38,section_name,Mama,1,20,0.05,0.023294996703538202,2.1463836477987424,2.1463836477987424,False
38,garment_group_name,Jersey Fancy,7,20,0.35,0.16672771225551242,2.0992311072056236,2.0992311072056236,False
38,index_group_name,Menswear,4,20,0.2,0.10438795692623251,1.9159298245614036,1.9159298245614036,False
38,perceived_colour_master_name,Brown,1,20,0.05,0.026151930261519303,1.911904761904762,1.911904761904762,False
38,index_group_name,Divided,7,20,0.35,0.2062119991209435,1.6972824156305506,1.6972824156305506,False
38,department_name,Jersey,2,20,0.1,0.060801406490367006,1.644698795180723,1.644698795180723,False
38,perceived_colour_master_name,Grey,2,20,0.1,0.07113032012306791,1.4058702368692069,1.4058702368692069,False
38,colour_group_name,Dark Blue,1,20,0.05,0.058970038824994506,0.847888198757764,0.847888198757764,False
38,index_group_name,Baby/Children,1,20,0.05,0.06680829243278881,0.7484100877192983,0.7484100877192983,False
38,index_group_name,Ladieswear,8,20,0.4,0.5894806241301004,0.6785634397912266,0.6785634397912266,False
38,perceived_colour_master_name,Blue,1,20,0.05,0.11933191707567212,0.41899938612645793,0.41899938612645793,False
38,colour_group_name,Black,1,20,0.05,0.28027250750860744,0.17839780449555673,0.17839780449555673,False
38,perceived_colour_master_name,Black,1,20,0.05,0.28173760164090544,0.17747009880395215,0.17747009880395215,False
39,section_name,Mama,16,20,0.8,0.023294996703538202,34.34213836477988,34.34213836477988,True
39,colour_group_name,Greyish Beige,1,20,0.05,0.0040290088638195,12.410000000000002,12.410000000000002,False
39,graphical_appearance_name,Stripe,7,20,0.35,0.030034429712109,11.653292682926828,11.653292682926828,True
39,department_name,Knitwear,9,20,0.45,0.039557541572046,11.375833333333334,11.375833333333334,True
39,colour_group_name,Dark Orange,2,20,0.1,0.009230093033477401,10.834126984126984,10.834126984126984,False
39,graphical_appearance_name,Melange,13,20,0.65,0.0617537176763607,10.525682087781734,10.525682087781734,False
39,perceived_colour_master_name,Unknown,2,20,0.1,0.009523111859937,10.500769230769231,10.500769230769231,False
39,colour_group_name,Green,2,20,0.1,0.009742875979781702,10.26390977443609,10.26390977443609,False
39,colour_group_name,Dark Grey,6,20,0.3,0.029375137352574902,10.212718204488779,10.212718204488779,False
39,department_name,Jersey,11,20,0.55,0.060801406490367006,9.045843373493977,9.045843373493977,False
39,product_type_name,Top,8,20,0.4,0.050692256977510806,7.890751445086705,7.890751445086705,False
39,garment_group_name,Knitwear,9,20,0.45,0.06695480184601861,6.720951859956236,6.720951859956236,False
39,product_type_name,Sweater,10,20,0.5,0.0791883378507069,6.314061054579094,6.314061054579094,False
39,section_name,Womens Casual,4,20,0.2,0.039557541572046,5.055925925925926,5.055925925925926,False
39,perceived_colour_master_name,Grey,7,20,0.35,0.07113032012306791,4.920545829042224,4.920545829042224,False
39,perceived_colour_master_name,Red,2,20,0.1,0.0232217419969233,4.306309148264985,4.306309148264985,False
39,colour_group_name,Light Beige,4,20,0.2,0.0478353234195297,4.181010719754978,4.181010719754978,False
39,perceived_colour_master_name,Green,2,20,0.1,0.027910043220276903,3.5829396325459317,3.5829396325459317,False
39,garment_group_name,Jersey Fancy,11,20,0.55,0.16672771225551242,3.2987917398945523,3.2987917398945523,False
39,colour_group_name,Grey,2,20,0.1,0.031059995604717602,3.2195754716981133,3.2195754716981133,False
39,product_type_name,Leggings/Tights,1,20,0.05,0.018313676653725002,2.7302,2.7302,False
39,perceived_colour_master_name,Mole,1,20,0.05,0.021097355505091203,2.3699652777777778,2.3699652777777778,False
39,perceived_colour_master_name,Beige,4,20,0.2,0.08482895026005421,2.357685664939551,2.357685664939551,False
39,product_group_name,Garment Upper body,18,20,0.9,0.38905574683173394,2.313293165128978,2.313293165128978,False
39,index_group_name,Ladieswear,20,20,1.0,0.5894806241301004,1.6964085994780662,1.6964085994780662,False
39,colour_group_name,Light Pink,1,20,0.05,0.036773862720679805,1.3596613545816734,1.3596613545816734,False
39,colour_group_name,Dark Blue,1,20,0.05,0.058970038824994506,0.847888198757764,0.847888198757764,False
39,perceived_colour_master_name,Pink,1,20,0.05,0.06702805655263351,0.7459562841530054,0.7459562841530054,False
39,product_group_name,Garment Lower body,2,20,0.1,0.2052596879349498,0.4871877230549608,0.4871877230549608,False
39,perceived_colour_master_name,Blue,1,20,0.05,0.11933191707567212,0.41899938612645793,0.41899938612645793,False
39,product_type_name,Trousers,1,20,0.05,0.1310526701340561,0.38152599217439914,0.38152599217439914,False
39,colour_group_name,Black,1,20,0.05,0.28027250750860744,0.17839780449555673,0.17839780449555673,False
40,department_name,Jersey Basic,19,20,0.95,0.026737967914438502,35.53,35.53,True
40,section_name,Womens Everyday Basics,19,20,0.95,0.027177496154127904,34.955390835579514,34.955390835579514,True
40,product_type_name,T-shirt,20,20,1.0,0.05757819939931141,17.3676844783715,17.3676844783715,True
40,garment_group_name,Jersey Basic,19,20,0.95,0.09003003442971211,10.552034174125305,10.552034174125305,False
40,colour_group_name,Blue,4,20,0.2,0.033330891509779505,6.000439560439561,6.000439560439561,False
40,colour_group_name,Dark Blue,6,20,0.3,0.058970038824994506,5.087329192546584,5.087329192546584,False
40,graphical_appearance_name,Melange,6,20,0.3,0.0617537176763607,4.858007117437722,4.858007117437722,False
40,perceived_colour_master_name,Blue,11,20,0.55,0.11933191707567212,4.608993247391037,4.608993247391037,False
40,colour_group_name,White,7,20,0.35,0.0960369203721339,3.6444317315026695,3.6444317315026695,False
40,perceived_colour_master_name,White,7,20,0.35,0.12797597245623032,2.734888380080137,2.734888380080137,False
40,product_group_name,Garment Upper body,20,20,1.0,0.38905574683173394,2.570325739032197,2.570325739032197,False
40,colour_group_name,Light Blue,1,20,0.05,0.026957732034283203,1.8547554347826087,1.8547554347826087,False
40,colour_group_name,Dark Grey,1,20,0.05,0.029375137352574902,1.70211970074813,1.70211970074813,False
40,index_group_name,Ladieswear,20,20,1.0,0.5894806241301004,1.6964085994780662,1.6964085994780662,False
40,graphical_appearance_name,Stripe,1,20,0.05,0.030034429712109,1.6647560975609759,1.6647560975609759,False
40,colour_group_name,Light Pink,1,20,0.05,0.036773862720679805,1.3596613545816734,1.3596613545816734,False
40,department_name,Knitwear,1,20,0.05,0.039557541572046,1.2639814814814816,1.2639814814814816,False
40,graphical_appearance_name,Solid,13,20,0.65,0.5812760969892315,1.11822936357908,1.11822936357908,False
40,garment_group_name,Knitwear,1,20,0.05,0.06695480184601861,0.7467724288840263,0.7467724288840263,False
40,perceived_colour_master_name,Pink,1,20,0.05,0.06702805655263351,0.7459562841530054,0.7459562841530054,False
40,perceived_colour_master_name,Grey,1,20,0.05,0.07113032012306791,0.7029351184346034,0.7029351184346034,False
40,section_name,Womens Everyday Collection,1,20,0.05,0.12218885063365321,0.40920263788968825,0.40920263788968825,False
41,department_name,Jersey Basic,14,20,0.7,0.026737967914438502,26.18,26.18,True
41,section_name,Womens Everyday Basics,14,20,0.7,0.027177496154127904,25.756603773584903,25.756603773584903,True
41,department_name,Kids Girl Jersey Fancy,1,20,0.05,0.0021976411984470003,22.751666666666665,22.751666666666665,False
41,product_type_name,T-shirt,19,20,0.95,0.05757819939931141,16.499300254452926,16.499300254452926,True
41,colour_group_name,Beige,13,20,0.65,0.04585744634092741,14.174361022364216,14.174361022364216,False
41,department_name,Jersey Fancy,3,20,0.15,0.014797450736209802,10.136881188118812,10.136881188118812,False
41,section_name,Kids Girl,1,20,0.05,0.005054574756428101,9.892028985507247,9.892028985507247,False
41,perceived_colour_master_name,Mole,4,20,0.2,0.021097355505091203,9.479861111111111,9.479861111111111,False
41,department_name,Jersey/Knitwear Premium,1,20,0.05,0.006080140649036701,8.223493975903615,8.223493975903615,False
41,garment_group_name,Jersey Basic,14,20,0.7,0.09003003442971211,7.775183075671277,7.775183075671277,False
41,perceived_colour_master_name,Beige,9,20,0.45,0.08482895026005421,5.304792746113989,5.304792746113989,False
41,section_name,Womens Premium,1,20,0.05,0.010109149512856202,4.946014492753624,4.946014492753624,False
41,section_name,Contemporary Street,1,20,0.05,0.010402168339315801,4.80669014084507,4.80669014084507,False
41,section_name,Contemporary Casual,1,20,0.05,0.010621932459160502,4.707241379310345,4.707241379310345,False
41,graphical_appearance_name,Placement print,1,20,0.05,0.014650941322980001,3.4127500000000004,3.4127500000000004,False
41,department_name,Ladies Sport Bras,1,20,0.05,0.014943960149439602,3.345833333333333,3.345833333333333,False
41,section_name,Contemporary Smart,1,20,0.05,0.0180206578272654,2.7745934959349596,2.7745934959349596,False
41,product_group_name,Garment Upper body,20,20,1.0,0.38905574683173394,2.570325739032197,2.570325739032197,False
41,section_name,Ladies H&M Sport,1,20,0.05,0.0265182037945938,1.885497237569061,1.885497237569061,False
41,graphical_appearance_name,All over pattern,4,20,0.2,0.10709838107098381,1.8674418604651164,1.8674418604651164,False
41,colour_group_name,Greenish Khaki,1,20,0.05,0.027910043220276903,1.7914698162729659,1.7914698162729659,False
41,colour_group_name,Off White,1,20,0.05,0.030180939125338802,1.6566747572815534,1.6566747572815534,False
41,index_group_name,Sport,1,20,0.05,0.033111127389934804,1.510066371681416,1.510066371681416,False
41,garment_group_name,Jersey Fancy,5,20,0.25,0.16672771225551242,1.4994507908611598,1.4994507908611598,False
41,index_group_name,Menswear,3,20,0.15,0.10438795692623251,1.4369473684210525,1.4369473684210525,False
41,perceived_colour_master_name,Khaki green,1,20,0.05,0.035015749761922205,1.427928870292887,1.427928870292887,False
41,index_group_name,Ladieswear,15,20,0.75,0.5894806241301004,1.2723064496085497,1.2723064496085497,False
41,graphical_appearance_name,Solid,14,20,0.7,0.5812760969892315,1.204247006931317,1.204247006931317,False
41,colour_group_name,Black,5,20,0.25,0.28027250750860744,0.8919890224777836,0.8919890224777836,False
41,perceived_colour_master_name,Black,5,20,0.25,0.28173760164090544,0.8873504940197607,0.8873504940197607,False
41,graphical_appearance_name,Melange,1,20,0.05,0.0617537176763607,0.8096678529062872,0.8096678529062872,False
41,index_group_name,Baby/Children,1,20,0.05,0.06680829243278881,0.7484100877192983,0.7484100877192983,False
41,garment_group_name,Knitwear,1,20,0.05,0.06695480184601861,0.7467724288840263,0.7467724288840263,False
41,product_type_name,Sweater,1,20,0.05,0.0791883378507069,0.6314061054579094,0.6314061054579094,False
41,perceived_colour_master_name,White,1,20,0.05,0.12797597245623032,0.3906983400114482,0.3906983400114482,False
42,product_type_name,Robe,2,20,0.1,0.00036627353307450004,273.02000000000004,273.02000000000004,True
42,product_type_name,Night gown,1,20,0.05,0.0007325470661490001,68.25500000000001,68.25500000000001,False
42,department_name,Nightwear,5,20,0.25,0.006080140649036701,41.11746987951807,41.11746987951807,True
42,graphical_appearance_name,Embroidery,7,20,0.35,0.012087026591458501,28.956666666666667,28.956666666666667,True
42,department_name,Socks,4,20,0.2,0.0071057065416453005,28.146391752577323,28.146391752577323,False
42,graphical_appearance_name,Lace,6,20,0.3,0.012673064244377702,23.672254335260114,23.672254335260114,False
42,colour_group_name,Pink,8,20,0.4,0.021024100798476303,19.025783972125435,19.025783972125435,False
42,product_type_name,Pyjama set,2,20,0.1,0.0054208482895026005,18.447297297297297,18.447297297297297,False
42,department_name,Shopbasket Lingerie,1,20,0.05,0.0027104241447513003,18.447297297297297,18.447297297297297,False
42,graphical_appearance_name,Glittering/Metallic,2,20,0.1,0.0055673577027324,17.96184210526316,17.96184210526316,False
42,department_name,Kids Boy Jersey Fancy,1,20,0.05,0.0029301882645960003,17.063750000000002,17.063750000000002,False
42,department_name,Projects Jersey & Knitwear,1,20,0.05,0.0030766976778258005,16.251190476190477,16.251190476190477,False
42,product_group_name,Nightwear,3,20,0.15,0.009669621273166801,15.5125,15.5125,False
42,department_name,Basic 1,8,20,0.4,0.029228627939345102,13.685213032581455,13.685213032581455,False
42,colour_group_name,Purple,1,20,0.05,0.0036627353307450003,13.651000000000002,13.651000000000002,False
42,section_name,"Womens Nightwear, Socks & Tigh",9,20,0.45,0.034869240348692404,12.905357142857143,12.905357142857143,False
42,section_name,Divided Basics,8,20,0.4,0.03208556149732621,12.466666666666667,12.466666666666667,False
42,colour_group_name,Grey,7,20,0.35,0.031059995604717602,11.268514150943396,11.268514150943396,False
42,colour_group_name,Light Orange,3,20,0.15,0.014724196029594901,10.18731343283582,10.18731343283582,False
42,section_name,Kids Boy,1,20,0.05,0.0056406124093473006,8.864285714285716,8.864285714285716,False
42,product_type_name,Socks,4,20,0.2,0.0240275437696872,8.323780487804878,8.323780487804878,False
42,product_type_name,T-shirt,8,20,0.4,0.05757819939931141,6.9470737913486005,6.9470737913486005,False
42,graphical_appearance_name,Placement print,2,20,0.1,0.014650941322980001,6.825500000000001,6.825500000000001,False
42,perceived_colour_master_name,Lilac Purple,2,20,0.1,0.014724196029594901,6.791542288557214,6.791542288557214,False
42,garment_group_name,Socks and Tights,4,20,0.2,0.030254193831953703,6.610653753026635,6.610653753026635,False
42,product_group_name,Socks & Tights,4,20,0.2,0.030766976778258005,6.50047619047619,6.50047619047619,False
42,colour_group_name,Light Purple,1,20,0.05,0.008717310087173101,5.735714285714286,5.735714285714286,False
42,perceived_colour_master_name,Orange,3,20,0.15,0.0273972602739726,5.4750000000000005,5.4750000000000005,False
42,perceived_colour_master_name,Pink,7,20,0.35,0.06702805655263351,5.221693989071038,5.221693989071038,False
42,perceived_colour_master_name,Grey,7,20,0.35,0.07113032012306791,4.920545829042224,4.920545829042224,False
42,garment_group_name,Jersey Basic,8,20,0.4,0.09003003442971211,4.442961757526445,4.442961757526445,False
42,garment_group_name,"Under-, Nightwear",6,20,0.3,0.08475569555343931,3.5395851339671562,3.5395851339671562,False
42,graphical_appearance_name,Stripe,2,20,0.1,0.030034429712109,3.3295121951219517,3.3295121951219517,False
42,perceived_colour_master_name,Mole,1,20,0.05,0.021097355505091203,2.3699652777777778,2.3699652777777778,False
42,section_name,Divided Projects,1,20,0.05,0.022049666691084904,2.267607973421927,2.267607973421927,False
42,product_group_name,Underwear,3,20,0.15,0.06768734891216761,2.2160714285714285,2.2160714285714285,False
42,index_group_name,Divided,9,20,0.45,0.2062119991209435,2.182220248667851,2.182220248667851,False
42,product_type_name,Underwear bottom,1,20,0.05,0.031133250311332503,1.606,1.606,False
42,product_group_name,Garment Upper body,10,20,0.5,0.38905574683173394,1.2851628695160986,1.2851628695160986,False
42,product_type_name,Sweater,2,20,0.1,0.0791883378507069,1.2628122109158189,1.2628122109158189,False
42,section_name,Womens Lingerie,1,20,0.05,0.05765145410592631,0.8672808132147396,0.8672808132147396,False
42,index_group_name,Ladieswear,10,20,0.5,0.5894806241301004,0.8482042997390331,0.8482042997390331,False
42,index_group_name,Baby/Children,1,20,0.05,0.06680829243278881,0.7484100877192983,0.7484100877192983,False
42,garment_group_name,Jersey Fancy,2,20,0.1,0.16672771225551242,0.599780316344464,0.599780316344464,False
42,graphical_appearance_name,All over pattern,1,20,0.05,0.10709838107098381,0.4668604651162791,0.4668604651162791,False
43,department_name,Tops Girls,1,20,0.05,0.0006592923595341001,75.83888888888889,75.83888888888889,False
43,section_name,Kids Sports,1,20,0.05,0.0008058017727639,62.050000000000004,62.050000000000004,False
43,department_name,Projects Jersey & Knitwear,2,20,0.1,0.0030766976778258005,32.50238095238095,32.50238095238095,True
43,colour_group_name,Light Pink,18,20,0.9,0.036773862720679805,24.47390438247012,24.47390438247012,True
43,product_type_name,Top,17,20,0.85,0.050692256977510806,16.767846820809247,16.767846820809247,True
43,perceived_colour_master_name,Pink,18,20,0.9,0.06702805655263351,13.427213114754098,13.427213114754098,False
43,department_name,Tops Fancy Jersey,4,20,0.2,0.015310233682514102,13.063157894736843,13.063157894736843,False
43,colour_group_name,Light Purple,2,20,0.1,0.008717310087173101,11.471428571428572,11.471428571428572,False
43,department_name,Jersey fancy,5,20,0.25,0.0247600908358362,10.096893491124261,10.096893491124261,False
43,perceived_colour_master_name,Lilac Purple,2,20,0.1,0.014724196029594901,6.791542288557214,6.791542288557214,False
43,garment_group_name,Jersey Fancy,16,20,0.8,0.16672771225551242,4.798242530755712,4.798242530755712,False
43,section_name,Divided Projects,2,20,0.1,0.022049666691084904,4.535215946843854,4.535215946843854,False
43,department_name,Jersey,5,20,0.25,0.060801406490367006,4.111746987951808,4.111746987951808,False
43,section_name,H&M+,2,20,0.1,0.026811222621053402,3.7297814207650277,3.7297814207650277,False
43,department_name,Blouse,3,20,0.15,0.043293531609405904,3.464720812182741,3.464720812182741,False
43,product_type_name,Vest top,2,20,0.1,0.030107684418723902,3.321411192214112,3.321411192214112,False
43,garment_group_name,Unknown,1,20,0.05,0.016921837228041903,2.9547619047619045,2.9547619047619045,False
43,section_name,Womens Everyday Collection,7,20,0.35,0.12218885063365321,2.8644184652278173,2.8644184652278173,False
43,product_group_name,Garment Upper body,20,20,1.0,0.38905574683173394,2.570325739032197,2.570325739032197,False
43,section_name,Womens Tailoring,3,20,0.15,0.06343857592850341,2.364491916859122,2.364491916859122,False
43,section_name,Divided Collection,4,20,0.2,0.10409493809977291,1.9213230119634062,1.9213230119634062,False
43,garment_group_name,Blouses,3,20,0.15,0.0860742802725075,1.7426808510638299,1.7426808510638299,False
43,index_group_name,Sport,1,20,0.05,0.033111127389934804,1.510066371681416,1.510066371681416,False
43,graphical_appearance_name,Solid,17,20,0.85,0.5812760969892315,1.4622999369880276,1.4622999369880276,False
43,index_group_name,Divided,6,20,0.3,0.2062119991209435,1.4548134991119006,1.4548134991119006,False
43,graphical_appearance_name,All over pattern,3,20,0.15,0.10709838107098381,1.400581395348837,1.400581395348837,False
43,section_name,Womens Casual,1,20,0.05,0.039557541572046,1.2639814814814816,1.2639814814814816,False
43,index_group_name,Ladieswear,13,20,0.65,0.5894806241301004,1.1026655896607431,1.1026655896607431,False
43,product_type_name,Blouse,1,20,0.05,0.045344663394623105,1.1026655896607431,1.1026655896607431,False
44,department_name,AK Dresses & Outdoor,2,20,0.1,0.0013918394256831,71.84736842105264,71.84736842105264,True
44,section_name,Divided Asia keys,2,20,0.1,0.0041022635704344,24.376785714285717,24.376785714285717,True
44,section_name,Mama,11,20,0.55,0.023294996703538202,23.610220125786167,23.610220125786167,True
44,department_name,Woven Tops,2,20,0.1,0.004615046516738701,21.668253968253968,21.668253968253968,False
44,department_name,Dresses,7,20,0.35,0.021024100798476303,16.647560975609753,16.647560975609753,False
44,colour_group_name,Beige,8,20,0.4,0.04585744634092741,8.722683706070287,8.722683706070287,False
44,colour_group_name,Light Beige,8,20,0.4,0.0478353234195297,8.362021439509956,8.362021439509956,False
44,perceived_colour_master_name,Beige,14,20,0.7,0.08482895026005421,8.251899827288428,8.251899827288428,False
44,department_name,Jersey,9,20,0.45,0.060801406490367006,7.401144578313253,7.401144578313253,False
44,product_type_name,Dress,17,20,0.85,0.11750054941029961,7.234008728179551,7.234008728179551,False
44,colour_group_name,Greenish Khaki,4,20,0.2,0.027910043220276903,7.1658792650918635,7.1658792650918635,False
44,garment_group_name,Dresses Ladies,9,20,0.45,0.06651527360632921,6.765363436123348,6.765363436123348,False
44,product_group_name,Garment Full body,17,20,0.85,0.1304666324811369,6.515075800112297,6.515075800112297,False
44,perceived_colour_master_name,Khaki green,4,20,0.2,0.035015749761922205,5.711715481171548,5.711715481171548,False
44,perceived_colour_master_name,Mole,2,20,0.1,0.021097355505091203,4.7399305555555555,4.7399305555555555,False
44,section_name,Divided Collection,7,20,0.35,0.10409493809977291,3.3623152709359605,3.3623152709359605,False
44,product_type_name,Top,3,20,0.15,0.050692256977510806,2.959031791907514,2.959031791907514,False
44,garment_group_name,Jersey Fancy,9,20,0.45,0.16672771225551242,2.699011423550088,2.699011423550088,False
44,index_group_name,Divided,9,20,0.45,0.2062119991209435,2.182220248667851,2.182220248667851,False
44,graphical_appearance_name,Solid,20,20,1.0,0.5812760969892315,1.7203528670447386,1.7203528670447386,False
44,garment_group_name,Blouses,2,20,0.1,0.0860742802725075,1.1617872340425532,1.1617872340425532,False
44,index_group_name,Ladieswear,11,20,0.55,0.5894806241301004,0.9330247297129365,0.9330247297129365,False
44,product_group_name,Garment Upper body,3,20,0.15,0.38905574683173394,0.3855488608548296,0.3855488608548296,False
45,section_name,Womens Trend,10,20,0.5,0.030986740898102702,16.13593380614657,16.13593380614657,True
45,department_name,Jersey,18,20,0.9,0.060801406490367006,14.802289156626506,14.802289156626506,True
45,colour_group_name,Orange,2,20,0.1,0.008790564793788001,11.375833333333333,11.375833333333333,True
45,product_type_name,Skirt,7,20,0.35,0.033404146216394405,10.477741228070174,10.477741228070174,False
45,section_name,Mama,3,20,0.15,0.023294996703538202,6.439150943396227,6.439150943396227,False
45,colour_group_name,Light Yellow,1,20,0.05,0.0081312724342539,6.1490990990991,6.1490990990991,False
45,garment_group_name,Jersey Fancy,20,20,1.0,0.16672771225551242,5.997803163444639,5.997803163444639,False
45,section_name,Womens Casual,4,20,0.2,0.039557541572046,5.055925925925926,5.055925925925926,False
45,perceived_colour_master_name,Mole,2,20,0.1,0.021097355505091203,4.7399305555555555,4.7399305555555555,False
45,colour_group_name,Beige,4,20,0.2,0.04585744634092741,4.361341853035143,4.361341853035143,False
45,colour_group_name,Light Pink,3,20,0.15,0.036773862720679805,4.078984063745019,4.078984063745019,False
45,department_name,Jersey fancy,2,20,0.1,0.0247600908358362,4.0387573964497046,4.0387573964497046,False
45,product_group_name,Garment Lower body,16,20,0.8,0.2052596879349498,3.897501784439686,3.897501784439686,False
45,colour_group_name,Dark Beige,1,20,0.05,0.012966083070837301,3.856214689265537,3.856214689265537,False
45,perceived_colour_master_name,Orange,2,20,0.1,0.0273972602739726,3.6500000000000004,3.6500000000000004,False
45,product_type_name,T-shirt,4,20,0.2,0.05757819939931141,3.4735368956743002,3.4735368956743002,False
45,product_type_name,Trousers,9,20,0.45,0.1310526701340561,3.433733929569592,3.433733929569592,False
45,colour_group_name,Dark Blue,4,20,0.2,0.058970038824994506,3.391552795031056,3.391552795031056,False
45,colour_group_name,Yellowish Brown,1,20,0.05,0.0187532048934144,2.6662109375000003,2.6662109375000003,False
45,perceived_colour_master_name,Beige,4,20,0.2,0.08482895026005421,2.357685664939551,2.357685664939551,False
45,perceived_colour_master_name,Pink,3,20,0.15,0.06702805655263351,2.237868852459016,2.237868852459016,False
45,perceived_colour_master_name,Brown,1,20,0.05,0.026151930261519303,1.911904761904762,1.911904761904762,False
45,section_name,H&M+,1,20,0.05,0.026811222621053402,1.8648907103825139,1.8648907103825139,False
45,index_group_name,Ladieswear,20,20,1.0,0.5894806241301004,1.6964085994780662,1.6964085994780662,False
45,perceived_colour_master_name,Blue,4,20,0.2,0.11933191707567212,1.6759975445058317,1.6759975445058317,False
45,graphical_appearance_name,Stripe,1,20,0.05,0.030034429712109,1.6647560975609759,1.6647560975609759,False
45,graphical_appearance_name,Solid,19,20,0.95,0.5812760969892315,1.6343352236925015,1.6343352236925015,False
45,section_name,Womens Everyday Collection,2,20,0.1,0.12218885063365321,0.8184052757793765,0.8184052757793765,False
45,colour_group_name,Black,4,20,0.2,0.28027250750860744,0.7135912179822269,0.7135912179822269,False
45,perceived_colour_master_name,Black,4,20,0.2,0.28173760164090544,0.7098803952158086,0.7098803952158086,False
45,product_group_name,Garment Upper body,4,20,0.2,0.38905574683173394,0.5140651478064395,0.5140651478064395,False
46,graphical_appearance_name,Lace,11,20,0.55,0.012673064244377702,43.39913294797688,43.39913294797688,True
46,department_name,Expressive Lingerie,10,20,0.5,0.018313676653725002,27.302,27.302,True
46,product_type_name,Bra,10,20,0.5,0.0326715991502454,15.303811659192826,15.303811659192826,True
46,section_name,Mama,5,20,0.25,0.023294996703538202,10.73191823899371,10.73191823899371,False
46,section_name,Womens Lingerie,10,20,0.5,0.05765145410592631,8.672808132147395,8.672808132147395,False
46,colour_group_name,Dark Blue,10,20,0.5,0.058970038824994506,8.47888198757764,8.47888198757764,False
46,graphical_appearance_name,Stripe,5,20,0.25,0.030034429712109,8.323780487804878,8.323780487804878,False
46,product_group_name,Underwear,10,20,0.5,0.06768734891216761,7.386904761904761,7.386904761904761,False
46,garment_group_name,"Under-, Nightwear",10,20,0.5,0.08475569555343931,5.899308556611927,5.899308556611927,False
46,colour_group_name,Orange,1,20,0.05,0.008790564793788001,5.687916666666666,5.687916666666666,False
46,department_name,Jersey,6,20,0.3,0.060801406490367006,4.934096385542168,4.934096385542168,False
46,department_name,Dresses,2,20,0.1,0.021024100798476303,4.756445993031359,4.756445993031359,False
46,product_type_name,Dress,10,20,0.5,0.11750054941029961,4.2552992518703245,4.2552992518703245,False
46,perceived_colour_master_name,Blue,10,20,0.5,0.11933191707567212,4.189993861264579,4.189993861264579,False
46,product_group_name,Garment Full body,10,20,0.5,0.1304666324811369,3.8323975294778214,3.8323975294778214,False
46,department_name,Blouse & Dress,1,20,0.05,0.013478866017141601,3.7095108695652175,3.7095108695652175,False
46,perceived_colour_master_name,Orange,2,20,0.1,0.0273972602739726,3.6500000000000004,3.6500000000000004,False
46,colour_group_name,Light Orange,1,20,0.05,0.014724196029594901,3.395771144278607,3.395771144278607,False
46,section_name,Womens Casual,2,20,0.1,0.039557541572046,2.527962962962963,2.527962962962963,False
46,graphical_appearance_name,Denim,3,20,0.15,0.074719800747198,2.0075000000000003,2.0075000000000003,False
46,garment_group_name,Jersey Fancy,6,20,0.3,0.16672771225551242,1.7993409490333918,1.7993409490333918,False
46,section_name,Womens Trend,1,20,0.05,0.030986740898102702,1.6135933806146574,1.6135933806146574,False
46,index_group_name,Ladieswear,18,20,0.9,0.5894806241301004,1.5267677395302597,1.5267677395302597,False
46,garment_group_name,Dresses Ladies,2,20,0.1,0.06651527360632921,1.5034140969162997,1.5034140969162997,False
46,colour_group_name,Light Pink,1,20,0.05,0.036773862720679805,1.3596613545816734,1.3596613545816734,False
46,department_name,Knitwear,1,20,0.05,0.039557541572046,1.2639814814814816,1.2639814814814816,False
46,colour_group_name,White,2,20,0.1,0.0960369203721339,1.041266209000763,1.041266209000763,False
46,section_name,Divided Collection,2,20,0.1,0.10409493809977291,0.9606615059817031,0.9606615059817031,False
46,colour_group_name,Black,5,20,0.25,0.28027250750860744,0.8919890224777836,0.8919890224777836,False
46,perceived_colour_master_name,Black,5,20,0.25,0.28173760164090544,0.8873504940197607,0.8873504940197607,False
46,perceived_colour_master_name,White,2,20,0.1,0.12797597245623032,0.7813966800228964,0.7813966800228964,False
46,garment_group_name,Knitwear,1,20,0.05,0.06695480184601861,0.7467724288840263,0.7467724288840263,False
46,perceived_colour_master_name,Pink,1,20,0.05,0.06702805655263351,0.7459562841530054,0.7459562841530054,False
46,garment_group_name,Blouses,1,20,0.05,0.0860742802725075,0.5808936170212766,0.5808936170212766,False
46,index_group_name,Divided,2,20,0.1,0.2062119991209435,0.4849378330373002,0.4849378330373002,False
46,graphical_appearance_name,Solid,1,20,0.05,0.5812760969892315,0.08601764335223692,0.08601764335223692,False
47,graphical_appearance_name,Chambray,1,20,0.05,0.0005860376529192,85.31875000000001,85.31875000000001,False
47,graphical_appearance_name,Slub,1,20,0.05,0.0008790564793788001,56.87916666666667,56.87916666666667,False
47,section_name,Contemporary Smart,9,20,0.45,0.0180206578272654,24.971341463414635,24.971341463414635,True
47,graphical_appearance_name,Check,10,20,0.5,0.023001977877078604,21.737261146496813,21.737261146496813,True
47,section_name,Contemporary Street,4,20,0.2,0.010402168339315801,19.22676056338028,19.22676056338028,True
47,department_name,Light Basic Jersey,5,20,0.25,0.013771884843601201,18.152925531914896,18.152925531914896,False
47,product_type_name,Polo shirt,1,20,0.05,0.0030034429712109,16.647560975609757,16.647560975609757,False
47,department_name,Trouser,13,20,0.65,0.0446121163284741,14.570032840722497,14.570032840722497,False
47,colour_group_name,Dark Grey,7,20,0.35,0.029375137352574902,11.914837905236908,11.914837905236908,False
47,department_name,Shirt,2,20,0.1,0.009156838326862501,10.9208,10.9208,False
47,section_name,Men Suits & Tailoring,2,20,0.1,0.009742875979781702,10.26390977443609,10.26390977443609,False
47,index_group_name,Menswear,20,20,1.0,0.10438795692623251,9.579649122807018,9.579649122807018,False
47,graphical_appearance_name,Stripe,5,20,0.25,0.030034429712109,8.323780487804878,8.323780487804878,False
47,garment_group_name,Shirts,2,20,0.1,0.012526554831147901,7.983040935672515,7.983040935672515,False
47,garment_group_name,Trousers,13,20,0.65,0.0825580543549923,7.873247559893523,7.873247559893523,False
47,colour_group_name,Greenish Khaki,4,20,0.2,0.027910043220276903,7.1658792650918635,7.1658792650918635,False
47,section_name,Men Underwear,5,20,0.25,0.0358215515346861,6.979038854805727,6.979038854805727,False
47,perceived_colour_master_name,Khaki green,4,20,0.2,0.035015749761922205,5.711715481171548,5.711715481171548,False
47,perceived_colour_master_name,Unknown,1,20,0.05,0.009523111859937,5.250384615384616,5.250384615384616,False
47,product_type_name,Trousers,13,20,0.65,0.1310526701340561,4.959837898267189,4.959837898267189,False
47,perceived_colour_master_name,Grey,6,20,0.3,0.07113032012306791,4.21761071060762,4.21761071060762,False
47,product_type_name,Top,4,20,0.2,0.050692256977510806,3.9453757225433526,3.9453757225433526,False
47,colour_group_name,Dark Red,1,20,0.05,0.0128195736576075,3.900285714285715,3.900285714285715,False
47,product_group_name,Garment Lower body,13,20,0.65,0.2052596879349498,3.166720199857245,3.166720199857245,False
47,product_type_name,Shirt,2,20,0.1,0.031646033257636805,3.1599537037037035,3.1599537037037035,False
47,garment_group_name,Jersey Basic,5,20,0.25,0.09003003442971211,2.7768510984540278,2.7768510984540278,False
47,colour_group_name,Dark Green,1,20,0.05,0.018533440773569703,2.6978260869565216,2.6978260869565216,False
47,perceived_colour_master_name,Red,1,20,0.05,0.0232217419969233,2.1531545741324924,2.1531545741324924,False
47,perceived_colour_master_name,Green,1,20,0.05,0.027910043220276903,1.7914698162729659,1.7914698162729659,False
47,colour_group_name,Grey,1,20,0.05,0.031059995604717602,1.6097877358490567,1.6097877358490567,False
47,graphical_appearance_name,All over pattern,3,20,0.15,0.10709838107098381,1.400581395348837,1.400581395348837,False
47,perceived_colour_master_name,Black,7,20,0.35,0.28173760164090544,1.242290691627665,1.242290691627665,False
47,colour_group_name,Black,6,20,0.3,0.28027250750860744,1.0703868269733403,1.0703868269733403,False
47,product_group_name,Garment Upper body,7,20,0.35,0.38905574683173394,0.8996140086612691,0.8996140086612691,False
48,graphical_appearance_name,Stripe,14,20,0.7,0.030034429712109,23.306585365853657,23.306585365853657,True
48,department_name,Tops Knitwear,5,20,0.25,0.014357922496520402,17.411989795918366,17.411989795918366,True
48,colour_group_name,Light Beige,11,20,0.55,0.0478353234195297,11.497779479326189,11.497779479326189,True
48,department_name,Trouser,8,20,0.4,0.0446121163284741,8.96617405582923,8.96617405582923,False
48,department_name,Basic 1,4,20,0.2,0.029228627939345102,6.8426065162907275,6.8426065162907275,False
48,section_name,Womens Tailoring,8,20,0.4,0.06343857592850341,6.305311778290993,6.305311778290993,False
48,section_name,Divided Basics,4,20,0.2,0.03208556149732621,6.233333333333333,6.233333333333333,False
48,perceived_colour_master_name,Beige,9,20,0.45,0.08482895026005421,5.304792746113989,5.304792746113989,False
48,product_type_name,T-shirt,6,20,0.3,0.05757819939931141,5.21030534351145,5.21030534351145,False
48,garment_group_name,Trousers,8,20,0.4,0.0825580543549923,4.845075421472937,4.845075421472937,False
48,graphical_appearance_name,Check,2,20,0.1,0.023001977877078604,4.347452229299363,4.347452229299363,False
48,section_name,Womens Casual,3,20,0.15,0.039557541572046,3.7919444444444443,3.7919444444444443,False
48,garment_group_name,Knitwear,5,20,0.25,0.06695480184601861,3.733862144420131,3.733862144420131,False
48,product_type_name,Sweater,5,20,0.25,0.0791883378507069,3.157030527289547,3.157030527289547,False
48,perceived_colour_master_name,White,8,20,0.4,0.12797597245623032,3.1255867200915857,3.1255867200915857,False
48,product_type_name,Trousers,7,20,0.35,0.1310526701340561,2.6706819452207937,2.6706819452207937,False
48,colour_group_name,White,5,20,0.25,0.0960369203721339,2.6031655225019072,2.6031655225019072,False
48,department_name,Jersey,3,20,0.15,0.060801406490367006,2.467048192771084,2.467048192771084,False
48,section_name,Divided Collection,5,20,0.25,0.10409493809977291,2.4016537649542578,2.4016537649542578,False
48,product_type_name,Shorts,1,20,0.05,0.022049666691084904,2.267607973421927,2.267607973421927,False
48,garment_group_name,Jersey Basic,4,20,0.2,0.09003003442971211,2.2214808787632223,2.2214808787632223,False
48,index_group_name,Divided,9,20,0.45,0.2062119991209435,2.182220248667851,2.182220248667851,False
48,product_group_name,Garment Lower body,8,20,0.4,0.2052596879349498,1.948750892219843,1.948750892219843,False
48,colour_group_name,Dark Blue,2,20,0.1,0.058970038824994506,1.695776397515528,1.695776397515528,False
48,graphical_appearance_name,Melange,2,20,0.1,0.0617537176763607,1.6193357058125744,1.6193357058125744,False
48,colour_group_name,Blue,1,20,0.05,0.033330891509779505,1.5001098901098902,1.5001098901098902,False
48,product_group_name,Garment Upper body,11,20,0.55,0.38905574683173394,1.4136791564677087,1.4136791564677087,False
48,perceived_colour_master_name,Blue,3,20,0.15,0.11933191707567212,1.2569981583793737,1.2569981583793737,False
48,colour_group_name,Beige,1,20,0.05,0.04585744634092741,1.0903354632587858,1.0903354632587858,False
48,index_group_name,Ladieswear,11,20,0.55,0.5894806241301004,0.9330247297129365,0.9330247297129365,False
48,garment_group_name,Jersey Fancy,3,20,0.15,0.16672771225551242,0.8996704745166959,0.8996704745166959,False
48,product_type_name,Dress,1,20,0.05,0.11750054941029961,0.4255299251870325,0.4255299251870325,False
48,product_group_name,Garment Full body,1,20,0.05,0.1304666324811369,0.3832397529477822,0.3832397529477822,False
48,graphical_appearance_name,Solid,2,20,0.1,0.5812760969892315,0.17203528670447385,0.17203528670447385,False
49,graphical_appearance_name,Embroidery,8,20,0.4,0.012087026591458501,33.093333333333334,33.093333333333334,True
49,department_name,Campaigns,1,20,0.05,0.0023441506116768,21.329687500000002,21.329687500000002,False
49,perceived_colour_master_name,Unknown,3,20,0.15,0.009523111859937,15.751153846153846,15.751153846153846,True
49,garment_group_name,Special Offers,1,20,0.05,0.0035162259175152005,14.219791666666667,14.219791666666667,False
49,department_name,Dress,8,20,0.4,0.035894806241301,11.143673469387757,11.143673469387757,True
49,graphical_appearance_name,Jacquard,1,20,0.05,0.005127829463043,9.750714285714286,9.750714285714286,False
49,department_name,Blouse,8,20,0.4,0.043293531609405904,9.239255499153977,9.239255499153977,False
49,product_type_name,Blouse,8,20,0.4,0.045344663394623105,8.821324717285945,8.821324717285945,False
49,section_name,Womens Everyday Collection,20,20,1.0,0.12218885063365321,8.184052757793765,8.184052757793765,False
49,colour_group_name,White,13,20,0.65,0.0960369203721339,6.768230358504959,6.768230358504959,False
49,department_name,Jersey fancy,3,20,0.15,0.0247600908358362,6.058136094674556,6.058136094674556,False
49,garment_group_name,Dresses Ladies,8,20,0.4,0.06651527360632921,6.013656387665199,6.013656387665199,False
49,colour_group_name,Dark Blue,7,20,0.35,0.058970038824994506,5.935217391304348,5.935217391304348,False
49,product_type_name,Dress,12,20,0.6,0.11750054941029961,5.106359102244389,5.106359102244389,False
49,garment_group_name,Blouses,8,20,0.4,0.0860742802725075,4.647148936170213,4.647148936170213,False
49,product_group_name,Garment Full body,12,20,0.6,0.1304666324811369,4.598877035373386,4.598877035373386,False
49,graphical_appearance_name,Other structure,2,20,0.1,0.022855468463848803,4.375320512820513,4.375320512820513,False
49,perceived_colour_master_name,White,10,20,0.5,0.12797597245623032,3.9069834001144814,3.9069834001144814,False
49,perceived_colour_master_name,Lilac Purple,1,20,0.05,0.014724196029594901,3.395771144278607,3.395771144278607,False
49,perceived_colour_master_name,Blue,6,20,0.3,0.11933191707567212,2.5139963167587474,2.5139963167587474,False
49,index_group_name,Ladieswear,20,20,1.0,0.5894806241301004,1.6964085994780662,1.6964085994780662,False
49,product_group_name,Garment Upper body,8,20,0.4,0.38905574683173394,1.028130295612879,1.028130295612879,False
49,graphical_appearance_name,All over pattern,2,20,0.1,0.10709838107098381,0.9337209302325582,0.9337209302325582,False
49,garment_group_name,Jersey Fancy,3,20,0.15,0.16672771225551242,0.8996704745166959,0.8996704745166959,False
49,graphical_appearance_name,Solid,7,20,0.35,0.5812760969892315,0.6021235034656585,0.6021235034656585,False
50,department_name,Trousers,5,20,0.25,0.0164823089883525,15.167777777777777,15.167777777777777,True
50,section_name,Womens Tailoring,14,20,0.7,0.06343857592850341,11.034295612009236,11.034295612009236,True
50,department_name,Jersey,12,20,0.6,0.060801406490367006,9.868192771084336,9.868192771084336,True
50,graphical_appearance_name,All over pattern,18,20,0.9,0.10709838107098381,8.403488372093024,8.403488372093024,False
50,garment_group_name,Trousers,7,20,0.35,0.0825580543549923,4.239440993788819,4.239440993788819,False
50,product_type_name,Dress,9,20,0.45,0.11750054941029961,3.8297693266832917,3.8297693266832917,False
50,garment_group_name,Jersey Fancy,12,20,0.6,0.16672771225551242,3.5986818980667836,3.5986818980667836,False
50,product_group_name,Garment Full body,9,20,0.45,0.1304666324811369,3.4491577765300394,3.4491577765300394,False
50,colour_group_name,Black,19,20,0.95,0.28027250750860744,3.3895582854155775,3.3895582854155775,False
50,perceived_colour_master_name,Black,19,20,0.95,0.28173760164090544,3.371931877275091,3.371931877275091,False
50,product_type_name,Trousers,8,20,0.4,0.1310526701340561,3.052207937395193,3.052207937395193,False
50,product_type_name,Top,3,20,0.15,0.050692256977510806,2.959031791907514,2.959031791907514,False
50,section_name,Divided Collection,5,20,0.25,0.10409493809977291,2.4016537649542578,2.4016537649542578,False
50,department_name,Trouser,2,20,0.1,0.0446121163284741,2.2415435139573074,2.2415435139573074,False
50,product_group_name,Garment Lower body,8,20,0.4,0.2052596879349498,1.948750892219843,1.948750892219843,False
50,department_name,Jersey Basic,1,20,0.05,0.026737967914438502,1.87,1.87,False
50,section_name,Womens Everyday Basics,1,20,0.05,0.027177496154127904,1.8397574123989218,1.8397574123989218,False
50,index_group_name,Ladieswear,15,20,0.75,0.5894806241301004,1.2723064496085497,1.2723064496085497,False
50,index_group_name,Divided,5,20,0.25,0.2062119991209435,1.2123445825932504,1.2123445825932504,False
50,colour_group_name,Beige,1,20,0.05,0.04585744634092741,1.0903354632587858,1.0903354632587858,False
50,graphical_appearance_name,Denim,1,20,0.05,0.074719800747198,0.6691666666666668,0.6691666666666668,False
50,perceived_colour_master_name,Beige,1,20,0.05,0.08482895026005421,0.5894214162348878,0.5894214162348878,False
50,garment_group_name,Jersey Basic,1,20,0.05,0.09003003442971211,0.5553702196908056,0.5553702196908056,False
50,product_group_name,Garment Upper body,3,20,0.15,0.38905574683173394,0.3855488608548296,0.3855488608548296,False
50,graphical_appearance_name,Solid,1,20,0.05,0.5812760969892315,0.08601764335223692,0.08601764335223692,False
51,graphical_appearance_name,Dot,11,20,0.55,0.007252215954875101,75.83888888888889,75.83888888888889,True
51,department_name,Dresses,15,20,0.75,0.021024100798476303,35.67334494773519,35.67334494773519,True
51,graphical_appearance_name,Mesh,1,20,0.05,0.0017581129587576003,28.439583333333335,28.439583333333335,False
51,graphical_appearance_name,Glittering/Metallic,3,20,0.15,0.0055673577027324,26.94276315789474,26.94276315789474,True
51,garment_group_name,Dresses Ladies,15,20,0.75,0.06651527360632921,11.275605726872246,11.275605726872246,False
51,graphical_appearance_name,Lace,2,20,0.1,0.012673064244377702,7.890751445086705,7.890751445086705,False
51,section_name,Divided Collection,16,20,0.8,0.10409493809977291,7.685292047853625,7.685292047853625,False
51,product_type_name,Dress,16,20,0.8,0.11750054941029961,6.80847880299252,6.80847880299252,False
51,product_group_name,Garment Full body,16,20,0.8,0.1304666324811369,6.131836047164515,6.131836047164515,False
51,graphical_appearance_name,Front print,1,20,0.05,0.0094498571533221,5.29108527131783,5.29108527131783,False
51,department_name,Blouse,4,20,0.2,0.043293531609405904,4.619627749576988,4.619627749576988,False
51,product_type_name,Blouse,4,20,0.2,0.045344663394623105,4.4106623586429725,4.4106623586429725,False
51,index_group_name,Divided,16,20,0.8,0.2062119991209435,3.8795026642984016,3.8795026642984016,False
51,colour_group_name,Black,20,20,1.0,0.28027250750860744,3.567956089911134,3.567956089911134,False
51,perceived_colour_master_name,Black,20,20,1.0,0.28173760164090544,3.549401976079043,3.549401976079043,False
51,graphical_appearance_name,Stripe,2,20,0.1,0.030034429712109,3.3295121951219517,3.3295121951219517,False
51,department_name,Tops Woven,1,20,0.05,0.015236978975899202,3.2814903846153847,3.2814903846153847,False
51,garment_group_name,Blouses,5,20,0.25,0.0860742802725075,2.904468085106383,2.904468085106383,False
51,section_name,Womens Everyday Collection,3,20,0.15,0.12218885063365321,1.2276079136690647,1.2276079136690647,False
51,section_name,Womens Tailoring,1,20,0.05,0.06343857592850341,0.7881639722863741,0.7881639722863741,False
51,product_group_name,Garment Upper body,4,20,0.2,0.38905574683173394,0.5140651478064395,0.5140651478064395,False
51,index_group_name,Ladieswear,4,20,0.2,0.5894806241301004,0.3392817198956133,0.3392817198956133,False
52,colour_group_name,Other Orange,1,20,0.05,0.0015383488389129002,32.50238095238095,32.50238095238095,False
52,product_type_name,Vest top,8,20,0.4,0.030107684418723902,13.285644768856448,13.285644768856448,True
52,department_name,Skirt,3,20,0.15,0.011647498351769101,12.878301886792453,12.878301886792453,True
52,product_type_name,Shorts,5,20,0.25,0.022049666691084904,11.338039867109634,11.338039867109634,True
52,colour_group_name,Dark Blue,13,20,0.65,0.058970038824994506,11.022546583850932,11.022546583850932,False
52,section_name,Womens Tailoring,13,20,0.65,0.06343857592850341,10.246131639722863,10.246131639722863,False
52,department_name,Shorts,2,20,0.1,0.010035894806241301,9.964233576642336,9.964233576642336,False
52,colour_group_name,Dark Red,2,20,0.1,0.0128195736576075,7.80057142857143,7.80057142857143,False
52,garment_group_name,Skirts,3,20,0.15,0.0195590066661783,7.669101123595506,7.669101123595506,False
52,garment_group_name,Shorts,2,20,0.1,0.014064903670060802,7.109895833333334,7.109895833333334,False
52,department_name,Tops Knitwear,2,20,0.1,0.014357922496520402,6.964795918367347,6.964795918367347,False
52,department_name,Tops Woven,2,20,0.1,0.015236978975899202,6.562980769230769,6.562980769230769,False
52,perceived_colour_master_name,Blue,13,20,0.65,0.11933191707567212,5.446992019643953,5.446992019643953,False
52,colour_group_name,Greenish Khaki,3,20,0.15,0.027910043220276903,5.374409448818898,5.374409448818898,False
52,graphical_appearance_name,All over pattern,11,20,0.55,0.10709838107098381,5.13546511627907,5.13546511627907,False
52,product_type_name,Skirt,3,20,0.15,0.033404146216394405,4.490460526315789,4.490460526315789,False
52,colour_group_name,Yellow,1,20,0.05,0.011354479525309501,4.403548387096774,4.403548387096774,False
52,perceived_colour_master_name,Red,2,20,0.1,0.0232217419969233,4.306309148264985,4.306309148264985,False
52,perceived_colour_master_name,Khaki green,3,20,0.15,0.035015749761922205,4.283786610878661,4.283786610878661,False
52,product_type_name,Cardigan,1,20,0.05,0.014064903670060802,3.554947916666667,3.554947916666667,False
52,department_name,Blouse,3,20,0.15,0.043293531609405904,3.464720812182741,3.464720812182741,False
52,section_name,Divided Collection,7,20,0.35,0.10409493809977291,3.3623152709359605,3.3623152709359605,False
52,department_name,Trouser,3,20,0.15,0.0446121163284741,3.3623152709359605,3.3623152709359605,False
52,department_name,Jersey,4,20,0.2,0.060801406490367006,3.289397590361446,3.289397590361446,False
52,department_name,Trousers,1,20,0.05,0.0164823089883525,3.0335555555555556,3.0335555555555556,False
52,garment_group_name,Blouses,5,20,0.25,0.0860742802725075,2.904468085106383,2.904468085106383,False
52,product_type_name,Leggings/Tights,1,20,0.05,0.018313676653725002,2.7302,2.7302,False
52,garment_group_name,Trousers,4,20,0.2,0.0825580543549923,2.4225377107364685,2.4225377107364685,False
52,perceived_colour_master_name,Yellow,1,20,0.05,0.022635704344004103,2.2088996763754047,2.2088996763754047,False
52,product_group_name,Garment Lower body,9,20,0.45,0.2052596879349498,2.1923447537473235,2.1923447537473235,False
52,product_type_name,Top,2,20,0.1,0.050692256977510806,1.9726878612716763,1.9726878612716763,False
52,perceived_colour_master_name,Orange,1,20,0.05,0.0273972602739726,1.8250000000000002,1.8250000000000002,False
52,index_group_name,Divided,7,20,0.35,0.2062119991209435,1.6972824156305506,1.6972824156305506,False
52,graphical_appearance_name,Stripe,1,20,0.05,0.030034429712109,1.6647560975609759,1.6647560975609759,False
52,garment_group_name,Knitwear,2,20,0.1,0.06695480184601861,1.4935448577680526,1.4935448577680526,False
52,product_group_name,Garment Upper body,11,20,0.55,0.38905574683173394,1.4136791564677087,1.4136791564677087,False
52,garment_group_name,Jersey Fancy,4,20,0.2,0.16672771225551242,1.199560632688928,1.199560632688928,False
52,index_group_name,Ladieswear,13,20,0.65,0.5894806241301004,1.1026655896607431,1.1026655896607431,False
52,graphical_appearance_name,Melange,1,20,0.05,0.0617537176763607,0.8096678529062872,0.8096678529062872,False
52,graphical_appearance_name,Solid,7,20,0.35,0.5812760969892315,0.6021235034656585,0.6021235034656585,False
53,department_name,Trouser,15,20,0.75,0.0446121163284741,16.811576354679804,16.811576354679804,True
53,section_name,Womens Tailoring,19,20,0.95,0.06343857592850341,14.975115473441107,14.975115473441107,True
53,graphical_appearance_name,Contrast,1,20,0.05,0.0034429712109003002,14.522340425531917,14.522340425531917,False
53,colour_group_name,Dark Blue,12,20,0.6,0.058970038824994506,10.174658385093167,10.174658385093167,True
53,garment_group_name,Trousers,15,20,0.75,0.0825580543549923,9.084516415261756,9.084516415261756,False
53,product_type_name,Shorts,4,20,0.2,0.022049666691084904,9.070431893687708,9.070431893687708,False
53,product_type_name,Jumpsuit/Playsuit,1,20,0.05,0.005933631235806901,8.426543209876543,8.426543209876543,False
53,department_name,Knitwear,4,20,0.2,0.039557541572046,5.055925925925926,5.055925925925926,False
53,perceived_colour_master_name,Blue,12,20,0.6,0.11933191707567212,5.027992633517495,5.027992633517495,False
53,graphical_appearance_name,Embroidery,1,20,0.05,0.012087026591458501,4.136666666666667,4.136666666666667,False
53,product_type_name,Trousers,10,20,0.5,0.1310526701340561,3.815259921743991,3.815259921743991,False
53,garment_group_name,Knitwear,5,20,0.25,0.06695480184601861,3.733862144420131,3.733862144420131,False
53,department_name,Tops Knitwear,1,20,0.05,0.014357922496520402,3.4823979591836736,3.4823979591836736,False
53,product_group_name,Garment Lower body,14,20,0.7,0.2052596879349498,3.4103140613847254,3.4103140613847254,False
53,product_type_name,Sweater,5,20,0.25,0.0791883378507069,3.157030527289547,3.157030527289547,False
53,colour_group_name,White,5,20,0.25,0.0960369203721339,2.6031655225019072,2.6031655225019072,False
53,perceived_colour_master_name,White,6,20,0.3,0.12797597245623032,2.344190040068689,2.344190040068689,False
53,graphical_appearance_name,Other structure,1,20,0.05,0.022855468463848803,2.1876602564102563,2.1876602564102563,False
53,graphical_appearance_name,Check,1,20,0.05,0.023001977877078604,2.1737261146496816,2.1737261146496816,False
53,colour_group_name,Off White,1,20,0.05,0.030180939125338802,1.6566747572815534,1.6566747572815534,False
53,index_group_name,Ladieswear,19,20,0.95,0.5894806241301004,1.611588169504163,1.611588169504163,False
53,graphical_appearance_name,Solid,16,20,0.8,0.5812760969892315,1.3762822936357908,1.3762822936357908,False
53,product_group_name,Garment Upper body,5,20,0.25,0.38905574683173394,0.6425814347580493,0.6425814347580493,False
53,section_name,Divided Collection,1,20,0.05,0.10409493809977291,0.48033075299085154,0.48033075299085154,False
53,product_group_name,Garment Full body,1,20,0.05,0.1304666324811369,0.3832397529477822,0.3832397529477822,False
53,colour_group_name,Black,2,20,0.1,0.28027250750860744,0.35679560899111346,0.35679560899111346,False
53,perceived_colour_master_name,Black,2,20,0.1,0.28173760164090544,0.3549401976079043,0.3549401976079043,False
53,index_group_name,Divided,1,20,0.05,0.2062119991209435,0.2424689165186501,0.2424689165186501,False
54,department_name,Denim Other Garments,3,20,0.15,0.0066661783019559,22.501648351648353,22.501648351648353,True
54,department_name,Ladies Sport Bras,6,20,0.3,0.014943960149439602,20.075,20.075,True
54,department_name,Dress,9,20,0.45,0.035894806241301,12.536632653061226,12.536632653061226,True
54,section_name,Womens Casual,9,20,0.45,0.039557541572046,11.375833333333334,11.375833333333334,False
54,section_name,Ladies H&M Sport,6,20,0.3,0.0265182037945938,11.312983425414364,11.312983425414364,False
54,colour_group_name,Light Blue,5,20,0.25,0.026957732034283203,9.273777173913043,9.273777173913043,False
54,index_group_name,Sport,6,20,0.3,0.033111127389934804,9.060398230088495,9.060398230088495,False
54,colour_group_name,Blue,6,20,0.3,0.033330891509779505,9.00065934065934,9.00065934065934,False
54,graphical_appearance_name,Denim,12,20,0.6,0.074719800747198,8.030000000000001,8.030000000000001,False
54,department_name,Projects Dresses,1,20,0.05,0.006299904768881401,7.936627906976745,7.936627906976745,False
54,garment_group_name,Dresses Ladies,10,20,0.5,0.06651527360632921,7.517070484581498,7.517070484581498,False
54,product_type_name,Top,7,20,0.35,0.050692256977510806,6.904407514450867,6.904407514450867,False
54,perceived_colour_master_name,Blue,14,20,0.7,0.11933191707567212,5.86599140577041,5.86599140577041,False
54,product_type_name,Dress,13,20,0.65,0.11750054941029961,5.531889027431422,5.531889027431422,False
54,section_name,Ladies Denim,3,20,0.15,0.028862354406270604,5.1970812182741115,5.1970812182741115,False
54,product_group_name,Garment Full body,13,20,0.65,0.1304666324811369,4.982116788321168,4.982116788321168,False
54,garment_group_name,Trousers Denim,3,20,0.15,0.0430737674895612,3.4823979591836736,3.4823979591836736,False
54,colour_group_name,Dark Blue,3,20,0.15,0.058970038824994506,2.543664596273292,2.543664596273292,False
54,section_name,Divided Projects,1,20,0.05,0.022049666691084904,2.267607973421927,2.267607973421927,False
54,garment_group_name,Jersey Fancy,7,20,0.35,0.16672771225551242,2.0992311072056236,2.0992311072056236,False
54,section_name,Womens Trend,1,20,0.05,0.030986740898102702,1.6135933806146574,1.6135933806146574,False
54,colour_group_name,Black,6,20,0.3,0.28027250750860744,1.0703868269733403,1.0703868269733403,False
54,perceived_colour_master_name,Black,6,20,0.3,0.28173760164090544,1.0648205928237129,1.0648205928237129,False
54,index_group_name,Divided,4,20,0.2,0.2062119991209435,0.9698756660746004,0.9698756660746004,False
54,product_group_name,Garment Upper body,7,20,0.35,0.38905574683173394,0.8996140086612691,0.8996140086612691,False
54,index_group_name,Ladieswear,10,20,0.5,0.5894806241301004,0.8482042997390331,0.8482042997390331,False
54,department_name,Jersey,1,20,0.05,0.060801406490367006,0.8223493975903615,0.8223493975903615,False
54,graphical_appearance_name,Solid,8,20,0.4,0.5812760969892315,0.6881411468178954,0.6881411468178954,False
55,colour_group_name,Other Orange,1,20,0.05,0.0015383488389129002,32.50238095238095,32.50238095238095,False
55,graphical_appearance_name,Mesh,1,20,0.05,0.0017581129587576003,28.439583333333335,28.439583333333335,False
55,department_name,Tops Woven,8,20,0.4,0.015236978975899202,26.251923076923077,26.251923076923077,True
55,department_name,Young Girl Jersey Fancy,1,20,0.05,0.0030034429712109,16.647560975609757,16.647560975609757,False
55,graphical_appearance_name,Lace,4,20,0.2,0.012673064244377702,15.78150289017341,15.78150289017341,True
55,department_name,Jersey fancy,7,20,0.35,0.0247600908358362,14.135650887573965,14.135650887573965,True
55,product_type_name,Top,12,20,0.6,0.050692256977510806,11.836127167630057,11.836127167630057,False
55,colour_group_name,White,14,20,0.7,0.0960369203721339,7.288863463005339,7.288863463005339,False
55,graphical_appearance_name,Dot,1,20,0.05,0.007252215954875101,6.894444444444445,6.894444444444445,False
55,section_name,Young Girl,1,20,0.05,0.007471980074719801,6.691666666666666,6.691666666666666,False
55,perceived_colour_master_name,White,17,20,0.85,0.12797597245623032,6.641871780194618,6.641871780194618,False
55,colour_group_name,Off White,4,20,0.2,0.030180939125338802,6.626699029126214,6.626699029126214,False
55,department_name,Tops Fancy Jersey,2,20,0.1,0.015310233682514102,6.531578947368422,6.531578947368422,False
55,product_type_name,Blouse,5,20,0.25,0.045344663394623105,5.513327948303716,5.513327948303716,False
55,section_name,Divided Collection,11,20,0.55,0.10409493809977291,5.283638282899367,5.283638282899367,False
55,perceived_colour_master_name,Unknown,1,20,0.05,0.009523111859937,5.250384615384616,5.250384615384616,False
55,graphical_appearance_name,Stripe,3,20,0.15,0.030034429712109,4.994268292682927,4.994268292682927,False
55,garment_group_name,Blouses,8,20,0.4,0.0860742802725075,4.647148936170213,4.647148936170213,False
55,graphical_appearance_name,Other structure,2,20,0.1,0.022855468463848803,4.375320512820513,4.375320512820513,False
55,graphical_appearance_name,Embroidery,1,20,0.05,0.012087026591458501,4.136666666666667,4.136666666666667,False
55,graphical_appearance_name,All over pattern,8,20,0.4,0.10709838107098381,3.734883720930233,3.734883720930233,False
55,garment_group_name,Jersey Fancy,10,20,0.5,0.16672771225551242,2.9989015817223197,2.9989015817223197,False
55,section_name,Womens Everyday Collection,7,20,0.35,0.12218885063365321,2.8644184652278173,2.8644184652278173,False
55,index_group_name,Divided,11,20,0.55,0.2062119991209435,2.6671580817051512,2.6671580817051512,False
55,product_group_name,Garment Upper body,19,20,0.95,0.38905574683173394,2.4418094520805873,2.4418094520805873,False
55,department_name,Dresses,1,20,0.05,0.021024100798476303,2.3782229965156794,2.3782229965156794,False
55,department_name,Jersey Basic,1,20,0.05,0.026737967914438502,1.87,1.87,False
55,section_name,Womens Everyday Basics,1,20,0.05,0.027177496154127904,1.8397574123989218,1.8397574123989218,False
55,perceived_colour_master_name,Orange,1,20,0.05,0.0273972602739726,1.8250000000000002,1.8250000000000002,False
55,product_type_name,Vest top,1,20,0.05,0.030107684418723902,1.660705596107056,1.660705596107056,False
55,product_type_name,Shirt,1,20,0.05,0.031646033257636805,1.5799768518518518,1.5799768518518518,False
55,colour_group_name,Dark Blue,1,20,0.05,0.058970038824994506,0.847888198757764,0.847888198757764,False
55,garment_group_name,Dresses Ladies,1,20,0.05,0.06651527360632921,0.7517070484581498,0.7517070484581498,False
55,index_group_name,Baby/Children,1,20,0.05,0.06680829243278881,0.7484100877192983,0.7484100877192983,False
55,index_group_name,Ladieswear,8,20,0.4,0.5894806241301004,0.6785634397912266,0.6785634397912266,False
55,garment_group_name,Jersey Basic,1,20,0.05,0.09003003442971211,0.5553702196908056,0.5553702196908056,False
55,product_type_name,Dress,1,20,0.05,0.11750054941029961,0.4255299251870325,0.4255299251870325,False
55,perceived_colour_master_name,Blue,1,20,0.05,0.11933191707567212,0.41899938612645793,0.41899938612645793,False
55,product_group_name,Garment Full body,1,20,0.05,0.1304666324811369,0.3832397529477822,0.3832397529477822,False
56,department_name,Skirts,15,20,0.75,0.007838253607794301,95.68457943925233,95.68457943925233,True
56,garment_group_name,Skirts,15,20,0.75,0.0195590066661783,38.34550561797753,38.34550561797753,True
56,product_type_name,Skirt,15,20,0.75,0.033404146216394405,22.452302631578945,22.452302631578945,True
56,colour_group_name,Dark Purple,1,20,0.05,0.0031499523844407003,15.87325581395349,15.87325581395349,False
56,graphical_appearance_name,Check,6,20,0.3,0.023001977877078604,13.042356687898089,13.042356687898089,False
56,colour_group_name,Light Purple,2,20,0.1,0.008717310087173101,11.471428571428572,11.471428571428572,False
56,perceived_colour_master_name,Lilac Purple,3,20,0.15,0.014724196029594901,10.18731343283582,10.18731343283582,False
56,section_name,Divided Collection,17,20,0.85,0.10409493809977291,8.165622800844476,8.165622800844476,False
56,colour_group_name,Light Pink,6,20,0.3,0.036773862720679805,8.157968127490038,8.157968127490038,False
56,graphical_appearance_name,Stripe,4,20,0.2,0.030034429712109,6.6590243902439035,6.6590243902439035,False
56,perceived_colour_master_name,Brown,3,20,0.15,0.026151930261519303,5.735714285714286,5.735714285714286,False
56,department_name,Casual Lingerie,2,20,0.1,0.017581129587576003,5.687916666666666,5.687916666666666,False
56,colour_group_name,Dark Orange,1,20,0.05,0.009230093033477401,5.417063492063492,5.417063492063492,False
56,colour_group_name,Yellowish Brown,2,20,0.1,0.0187532048934144,5.3324218750000005,5.3324218750000005,False
56,perceived_colour_master_name,Pink,7,20,0.35,0.06702805655263351,5.221693989071038,5.221693989071038,False
56,department_name,Loungewear,1,20,0.05,0.009596366566551901,5.21030534351145,5.21030534351145,False
56,index_group_name,Divided,17,20,0.85,0.2062119991209435,4.121971580817052,4.121971580817052,False
56,colour_group_name,Dark Beige,1,20,0.05,0.012966083070837301,3.856214689265537,3.856214689265537,False
56,product_group_name,Garment Lower body,15,20,0.75,0.2052596879349498,3.653907922912206,3.653907922912206,False
56,product_type_name,Cardigan,1,20,0.05,0.014064903670060802,3.554947916666667,3.554947916666667,False
56,department_name,Tops Woven,1,20,0.05,0.015236978975899202,3.2814903846153847,3.2814903846153847,False
56,department_name,Tops Fancy Jersey,1,20,0.05,0.015310233682514102,3.265789473684211,3.265789473684211,False
56,product_type_name,Bra,2,20,0.1,0.0326715991502454,3.0607623318385655,3.0607623318385655,False
56,perceived_colour_master_name,Beige,5,20,0.25,0.08482895026005421,2.9471070811744386,2.9471070811744386,False
56,colour_group_name,Pink,1,20,0.05,0.021024100798476303,2.3782229965156794,2.3782229965156794,False
56,colour_group_name,Beige,2,20,0.1,0.04585744634092741,2.1806709265175717,2.1806709265175717,False
56,colour_group_name,Light Beige,2,20,0.1,0.0478353234195297,2.090505359877489,2.090505359877489,False
56,garment_group_name,"Under-, Nightwear",3,20,0.15,0.08475569555343931,1.7697925669835781,1.7697925669835781,False
56,section_name,Womens Lingerie,2,20,0.1,0.05765145410592631,1.7345616264294792,1.7345616264294792,False
56,colour_group_name,Off White,1,20,0.05,0.030180939125338802,1.6566747572815534,1.6566747572815534,False
56,product_type_name,Shirt,1,20,0.05,0.031646033257636805,1.5799768518518518,1.5799768518518518,False
56,product_group_name,Underwear,2,20,0.1,0.06768734891216761,1.4773809523809522,1.4773809523809522,False
56,section_name,"Womens Nightwear, Socks & Tigh",1,20,0.05,0.034869240348692404,1.4339285714285714,1.4339285714285714,False
56,product_type_name,T-shirt,1,20,0.05,0.05757819939931141,0.8683842239185751,0.8683842239185751,False
56,graphical_appearance_name,Solid,10,20,0.5,0.5812760969892315,0.8601764335223693,0.8601764335223693,False
56,garment_group_name,Blouses,1,20,0.05,0.0860742802725075,0.5808936170212766,0.5808936170212766,False
56,perceived_colour_master_name,White,1,20,0.05,0.12797597245623032,0.3906983400114482,0.3906983400114482,False
56,product_group_name,Garment Upper body,3,20,0.15,0.38905574683173394,0.3855488608548296,0.3855488608548296,False
56,garment_group_name,Jersey Fancy,1,20,0.05,0.16672771225551242,0.299890158172232,0.299890158172232,False
56,index_group_name,Ladieswear,3,20,0.15,0.5894806241301004,0.2544612899217099,0.2544612899217099,False
56,colour_group_name,Black,1,20,0.05,0.28027250750860744,0.17839780449555673,0.17839780449555673,False
56,perceived_colour_master_name,Black,1,20,0.05,0.28173760164090544,0.17747009880395215,0.17747009880395215,False
57,product_type_name,Blouse,17,20,0.85,0.045344663394623105,18.74531502423263,18.74531502423263,True
57,department_name,Blouse,15,20,0.75,0.043293531609405904,17.323604060913706,17.323604060913706,True
57,product_type_name,Unknown,2,20,0.1,0.006080140649036701,16.44698795180723,16.44698795180723,False
57,product_group_name,Unknown,2,20,0.1,0.006080140649036701,16.44698795180723,16.44698795180723,True
57,colour_group_name,Beige,15,20,0.75,0.04585744634092741,16.355031948881788,16.355031948881788,False
57,department_name,Woven Tops,1,20,0.05,0.004615046516738701,10.834126984126984,10.834126984126984,False
57,garment_group_name,Blouses,17,20,0.85,0.0860742802725075,9.875191489361702,9.875191489361702,False
57,department_name,Clean Lingerie,2,20,0.1,0.0107684418723903,9.28639455782313,9.28639455782313,False
57,perceived_colour_master_name,Mole,3,20,0.15,0.021097355505091203,7.109895833333333,7.109895833333333,False
57,perceived_colour_master_name,Beige,10,20,0.5,0.08482895026005421,5.894214162348877,5.894214162348877,False
57,section_name,Womens Casual,4,20,0.2,0.039557541572046,5.055925925925926,5.055925925925926,False
57,section_name,Womens Everyday Collection,11,20,0.55,0.12218885063365321,4.501229016786571,4.501229016786571,False
57,section_name,Mama,2,20,0.1,0.023294996703538202,4.292767295597485,4.292767295597485,False
57,department_name,Blouse & Dress,1,20,0.05,0.013478866017141601,3.7095108695652175,3.7095108695652175,False
57,colour_group_name,Light Grey,1,20,0.05,0.014797450736209802,3.378960396039604,3.378960396039604,False
57,colour_group_name,Off White,2,20,0.1,0.030180939125338802,3.313349514563107,3.313349514563107,False
57,graphical_appearance_name,All over pattern,5,20,0.25,0.10709838107098381,2.3343023255813953,2.3343023255813953,False
57,product_group_name,Garment Upper body,18,20,0.9,0.38905574683173394,2.313293165128978,2.313293165128978,False
57,perceived_colour_master_name,Grey,3,20,0.15,0.07113032012306791,2.10880535530381,2.10880535530381,False
57,section_name,Womens Lingerie,2,20,0.1,0.05765145410592631,1.7345616264294792,1.7345616264294792,False
57,index_group_name,Ladieswear,20,20,1.0,0.5894806241301004,1.6964085994780662,1.6964085994780662,False
57,colour_group_name,Dark Blue,2,20,0.1,0.058970038824994506,1.695776397515528,1.695776397515528,False
57,section_name,Womens Trend,1,20,0.05,0.030986740898102702,1.6135933806146574,1.6135933806146574,False
57,graphical_appearance_name,Solid,15,20,0.75,0.5812760969892315,1.290264650283554,1.290264650283554,False
57,department_name,Knitwear,1,20,0.05,0.039557541572046,1.2639814814814816,1.2639814814814816,False
57,garment_group_name,"Under-, Nightwear",2,20,0.1,0.08475569555343931,1.1798617113223855,1.1798617113223855,False
57,perceived_colour_master_name,Blue,2,20,0.1,0.11933191707567212,0.8379987722529159,0.8379987722529159,False
57,perceived_colour_master_name,White,2,20,0.1,0.12797597245623032,0.7813966800228964,0.7813966800228964,False
57,garment_group_name,Knitwear,1,20,0.05,0.06695480184601861,0.7467724288840263,0.7467724288840263,False
57,product_type_name,Sweater,1,20,0.05,0.0791883378507069,0.6314061054579094,0.6314061054579094,False
58,product_type_name,Cardigan,10,20,0.5,0.014064903670060802,35.549479166666664,35.549479166666664,True
58,department_name,Tops Knitwear,9,20,0.45,0.014357922496520402,31.34158163265306,31.34158163265306,True
58,product_type_name,Vest top,9,20,0.45,0.030107684418723902,14.946350364963505,14.946350364963505,True
58,section_name,Mama,5,20,0.25,0.023294996703538202,10.73191823899371,10.73191823899371,False
58,department_name,Jersey,10,20,0.5,0.060801406490367006,8.223493975903615,8.223493975903615,False
58,colour_group_name,Light Pink,6,20,0.3,0.036773862720679805,8.157968127490038,8.157968127490038,False
58,garment_group_name,Knitwear,10,20,0.5,0.06695480184601861,7.467724288840262,7.467724288840262,False
58,section_name,Womens Casual,5,20,0.25,0.039557541572046,6.319907407407408,6.319907407407408,False
58,colour_group_name,White,10,20,0.5,0.0960369203721339,5.2063310450038145,5.2063310450038145,False
58,perceived_colour_master_name,Pink,6,20,0.3,0.06702805655263351,4.475737704918032,4.475737704918032,False
58,section_name,Divided Collection,9,20,0.45,0.10409493809977291,4.322976776917664,4.322976776917664,False
58,perceived_colour_master_name,White,10,20,0.5,0.12797597245623032,3.9069834001144814,3.9069834001144814,False
58,garment_group_name,Jersey Fancy,10,20,0.5,0.16672771225551242,2.9989015817223197,2.9989015817223197,False
58,product_group_name,Garment Upper body,20,20,1.0,0.38905574683173394,2.570325739032197,2.570325739032197,False
58,graphical_appearance_name,Melange,3,20,0.15,0.0617537176763607,2.429003558718861,2.429003558718861,False
58,index_group_name,Divided,9,20,0.45,0.2062119991209435,2.182220248667851,2.182220248667851,False
58,colour_group_name,Dark Grey,1,20,0.05,0.029375137352574902,1.70211970074813,1.70211970074813,False
58,colour_group_name,Dark Blue,2,20,0.1,0.058970038824994506,1.695776397515528,1.695776397515528,False
58,graphical_appearance_name,Solid,17,20,0.85,0.5812760969892315,1.4622999369880276,1.4622999369880276,False
58,department_name,Knitwear,1,20,0.05,0.039557541572046,1.2639814814814816,1.2639814814814816,False
58,colour_group_name,Beige,1,20,0.05,0.04585744634092741,1.0903354632587858,1.0903354632587858,False
58,index_group_name,Ladieswear,11,20,0.55,0.5894806241301004,0.9330247297129365,0.9330247297129365,False
58,perceived_colour_master_name,Blue,2,20,0.1,0.11933191707567212,0.8379987722529159,0.8379987722529159,False
58,section_name,Womens Tailoring,1,20,0.05,0.06343857592850341,0.7881639722863741,0.7881639722863741,False
58,perceived_colour_master_name,Grey,1,20,0.05,0.07113032012306791,0.7029351184346034,0.7029351184346034,False
58,product_type_name,Sweater,1,20,0.05,0.0791883378507069,0.6314061054579094,0.6314061054579094,False
58,perceived_colour_master_name,Beige,1,20,0.05,0.08482895026005421,0.5894214162348878,0.5894214162348878,False
59,product_type_name,Bag,11,20,0.55,0.009156838326862501,60.064400000000006,60.064400000000006,True
59,department_name,Bags,11,20,0.55,0.009596366566551901,57.31335877862596,57.31335877862596,True
59,department_name,Scarves,4,20,0.2,0.0047615559299685,42.003076923076925,42.003076923076925,True
59,section_name,Womens Big accessories,15,20,0.75,0.019925280199252802,37.640625,37.640625,False
59,product_type_name,Scarf,4,20,0.2,0.005933631235806901,33.70617283950617,33.70617283950617,False
59,department_name,Functional Lingerie,4,20,0.2,0.006373159475496301,31.381609195402298,31.381609195402298,False
59,colour_group_name,Light Beige,18,20,0.9,0.0478353234195297,18.814548238897398,18.814548238897398,False
59,perceived_colour_master_name,Beige,19,20,0.95,0.08482895026005421,11.199006908462867,11.199006908462867,False
59,graphical_appearance_name,Check,4,20,0.2,0.023001977877078604,8.694904458598726,8.694904458598726,False
59,product_group_name,Accessories,15,20,0.75,0.092300930334774,8.125595238095238,8.125595238095238,False
59,garment_group_name,Accessories,15,20,0.75,0.0962566844919786,7.791666666666667,7.791666666666667,False
59,graphical_appearance_name,Colour blocking,1,20,0.05,0.006959197128415501,7.184736842105264,7.184736842105264,False
59,department_name,Woven top,1,20,0.05,0.007032451835030401,7.109895833333334,7.109895833333334,False
59,product_type_name,Bra,4,20,0.2,0.0326715991502454,6.121524663677131,6.121524663677131,False
59,graphical_appearance_name,Other structure,2,20,0.1,0.022855468463848803,4.375320512820513,4.375320512820513,False
59,colour_group_name,Dark Red,1,20,0.05,0.0128195736576075,3.900285714285715,3.900285714285715,False
59,section_name,Womens Lingerie,4,20,0.2,0.05765145410592631,3.4691232528589584,3.4691232528589584,False
59,colour_group_name,Light Orange,1,20,0.05,0.014724196029594901,3.395771144278607,3.395771144278607,False
59,product_group_name,Underwear,4,20,0.2,0.06768734891216761,2.9547619047619045,2.9547619047619045,False
59,garment_group_name,"Under-, Nightwear",4,20,0.2,0.08475569555343931,2.359723422644771,2.359723422644771,False
59,perceived_colour_master_name,Red,1,20,0.05,0.0232217419969233,2.1531545741324924,2.1531545741324924,False
59,section_name,H&M+,1,20,0.05,0.026811222621053402,1.8648907103825139,1.8648907103825139,False
59,index_group_name,Ladieswear,20,20,1.0,0.5894806241301004,1.6964085994780662,1.6964085994780662,False
59,graphical_appearance_name,Solid,13,20,0.65,0.5812760969892315,1.11822936357908,1.11822936357908,False
59,garment_group_name,Blouses,1,20,0.05,0.0860742802725075,0.5808936170212766,0.5808936170212766,False
59,product_type_name,Dress,1,20,0.05,0.11750054941029961,0.4255299251870325,0.4255299251870325,False
59,product_group_name,Garment Full body,1,20,0.05,0.1304666324811369,0.3832397529477822,0.3832397529477822,False
60,department_name,Denim trousers,12,20,0.6,0.007984763021024101,75.14311926605504,75.14311926605504,True
60,section_name,Denim Men,12,20,0.6,0.0085708006739433,70.0051282051282,70.0051282051282,True
60,garment_group_name,Trousers Denim,12,20,0.6,0.0430737674895612,13.929591836734694,13.929591836734694,True
60,section_name,Womens Trend,8,20,0.4,0.030986740898102702,12.90874704491726,12.90874704491726,False
60,graphical_appearance_name,Denim,14,20,0.7,0.074719800747198,9.368333333333334,9.368333333333334,False
60,product_type_name,Trousers,20,20,1.0,0.1310526701340561,7.630519843487982,7.630519843487982,False
60,department_name,Blouse & Dress,2,20,0.1,0.013478866017141601,7.419021739130435,7.419021739130435,False
60,index_group_name,Menswear,12,20,0.6,0.10438795692623251,5.74778947368421,5.74778947368421,False
60,perceived_colour_master_name,Unknown,1,20,0.05,0.009523111859937,5.250384615384616,5.250384615384616,False
60,department_name,Jersey,6,20,0.3,0.060801406490367006,4.934096385542168,4.934096385542168,False
60,product_group_name,Garment Lower body,20,20,1.0,0.2052596879349498,4.871877230549607,4.871877230549607,False
60,colour_group_name,Light Grey,1,20,0.05,0.014797450736209802,3.378960396039604,3.378960396039604,False
60,colour_group_name,Black,16,20,0.8,0.28027250750860744,2.8543648719289076,2.8543648719289076,False
60,perceived_colour_master_name,Black,15,20,0.75,0.28173760164090544,2.662051482059282,2.662051482059282,False
60,garment_group_name,Jersey Fancy,6,20,0.3,0.16672771225551242,1.7993409490333918,1.7993409490333918,False
60,colour_group_name,Off White,1,20,0.05,0.030180939125338802,1.6566747572815534,1.6566747572815534,False
60,garment_group_name,Blouses,2,20,0.1,0.0860742802725075,1.1617872340425532,1.1617872340425532,False
60,colour_group_name,Light Beige,1,20,0.05,0.0478353234195297,1.0452526799387445,1.0452526799387445,False
60,perceived_colour_master_name,White,2,20,0.1,0.12797597245623032,0.7813966800228964,0.7813966800228964,False
60,perceived_colour_master_name,Grey,1,20,0.05,0.07113032012306791,0.7029351184346034,0.7029351184346034,False
60,index_group_name,Ladieswear,8,20,0.4,0.5894806241301004,0.6785634397912266,0.6785634397912266,False
60,perceived_colour_master_name,Beige,1,20,0.05,0.08482895026005421,0.5894214162348878,0.5894214162348878,False
60,colour_group_name,White,1,20,0.05,0.0960369203721339,0.5206331045003815,0.5206331045003815,False
60,graphical_appearance_name,Solid,6,20,0.3,0.5812760969892315,0.5161058601134215,0.5161058601134215,False
61,department_name,Heavy Basic Jersey,7,20,0.35,0.006080140649036701,57.5644578313253,57.5644578313253,True
61,department_name,Shirt,5,20,0.25,0.009156838326862501,27.302,27.302,True
61,product_type_name,Hoodie,10,20,0.5,0.0206578272654018,24.20390070921986,24.20390070921986,True
61,garment_group_name,Shirts,5,20,0.25,0.012526554831147901,19.957602339181285,19.957602339181285,False
61,product_type_name,Polo shirt,1,20,0.05,0.0030034429712109,16.647560975609757,16.647560975609757,False
61,graphical_appearance_name,Check,6,20,0.3,0.023001977877078604,13.042356687898089,13.042356687898089,False
61,graphical_appearance_name,Treatment,1,20,0.05,0.003955754157204601,12.639814814814814,12.639814814814814,False
61,section_name,Men Underwear,9,20,0.45,0.0358215515346861,12.562269938650308,12.562269938650308,False
61,colour_group_name,Light Grey,3,20,0.15,0.014797450736209802,10.136881188118812,10.136881188118812,False
61,graphical_appearance_name,Melange,12,20,0.6,0.0617537176763607,9.716014234875445,9.716014234875445,False
61,section_name,Contemporary Street,2,20,0.1,0.010402168339315801,9.61338028169014,9.61338028169014,False
61,product_type_name,Shirt,6,20,0.3,0.031646033257636805,9.479861111111111,9.479861111111111,False
61,section_name,Contemporary Casual,2,20,0.1,0.010621932459160502,9.41448275862069,9.41448275862069,False
61,department_name,Light Basic Jersey,2,20,0.1,0.013771884843601201,7.2611702127659585,7.2611702127659585,False
61,index_group_name,Menswear,14,20,0.7,0.10438795692623251,6.705754385964911,6.705754385964911,False
61,garment_group_name,Jersey Basic,12,20,0.6,0.09003003442971211,6.6644426362896665,6.6644426362896665,False
61,colour_group_name,Beige,6,20,0.3,0.04585744634092741,6.542012779552715,6.542012779552715,False
61,colour_group_name,Grey,4,20,0.2,0.031059995604717602,6.439150943396227,6.439150943396227,False
61,perceived_colour_master_name,Grey,8,20,0.4,0.07113032012306791,5.6234809474768275,5.6234809474768275,False
61,department_name,Basic 1,3,20,0.15,0.029228627939345102,5.131954887218045,5.131954887218045,False
61,perceived_colour_master_name,Mole,2,20,0.1,0.021097355505091203,4.7399305555555555,4.7399305555555555,False
61,section_name,Divided Basics,3,20,0.15,0.03208556149732621,4.674999999999999,4.674999999999999,False
61,colour_group_name,Dark Red,1,20,0.05,0.0128195736576075,3.900285714285715,3.900285714285715,False
61,department_name,Blouse & Dress,1,20,0.05,0.013478866017141601,3.7095108695652175,3.7095108695652175,False
61,product_type_name,Cardigan,1,20,0.05,0.014064903670060802,3.554947916666667,3.554947916666667,False
61,perceived_colour_master_name,Beige,6,20,0.3,0.08482895026005421,3.536528497409326,3.536528497409326,False
61,product_type_name,Blazer,1,20,0.05,0.014211413083290601,3.5182989690721653,3.5182989690721653,False
61,department_name,Tops Woven,1,20,0.05,0.015236978975899202,3.2814903846153847,3.2814903846153847,False
61,section_name,Contemporary Smart,1,20,0.05,0.0180206578272654,2.7745934959349596,2.7745934959349596,False
61,product_group_name,Garment Upper body,20,20,1.0,0.38905574683173394,2.570325739032197,2.570325739032197,False
61,graphical_appearance_name,Other structure,1,20,0.05,0.022855468463848803,2.1876602564102563,2.1876602564102563,False
61,perceived_colour_master_name,Red,1,20,0.05,0.0232217419969233,2.1531545741324924,2.1531545741324924,False
61,colour_group_name,Light Beige,2,20,0.1,0.0478353234195297,2.090505359877489,2.090505359877489,False
61,department_name,Jersey fancy,1,20,0.05,0.0247600908358362,2.0193786982248523,2.0193786982248523,False
61,colour_group_name,Greenish Khaki,1,20,0.05,0.027910043220276903,1.7914698162729659,1.7914698162729659,False
61,colour_group_name,Off White,1,20,0.05,0.030180939125338802,1.6566747572815534,1.6566747572815534,False
61,section_name,Womens Trend,1,20,0.05,0.030986740898102702,1.6135933806146574,1.6135933806146574,False
61,perceived_colour_master_name,Khaki green,1,20,0.05,0.035015749761922205,1.427928870292887,1.427928870292887,False
61,garment_group_name,Blouses,2,20,0.1,0.0860742802725075,1.1617872340425532,1.1617872340425532,False
61,product_type_name,Top,1,20,0.05,0.050692256977510806,0.9863439306358381,0.9863439306358381,False
61,index_group_name,Divided,4,20,0.2,0.2062119991209435,0.9698756660746004,0.9698756660746004,False
61,section_name,Divided Collection,1,20,0.05,0.10409493809977291,0.48033075299085154,0.48033075299085154,False
61,section_name,Womens Everyday Collection,1,20,0.05,0.12218885063365321,0.40920263788968825,0.40920263788968825,False
61,perceived_colour_master_name,White,1,20,0.05,0.12797597245623032,0.3906983400114482,0.3906983400114482,False
61,colour_group_name,Black,2,20,0.1,0.28027250750860744,0.35679560899111346,0.35679560899111346,False
61,garment_group_name,Jersey Fancy,1,20,0.05,0.16672771225551242,0.299890158172232,0.299890158172232,False
61,perceived_colour_master_name,Black,1,20,0.05,0.28173760164090544,0.17747009880395215,0.17747009880395215,False
61,index_group_name,Ladieswear,2,20,0.1,0.5894806241301004,0.16964085994780664,0.16964085994780664,False
62,department_name,Shirt S&T,3,20,0.15,0.0026371694381364004,56.87916666666666,56.87916666666666,True
62,section_name,Womens Jackets,8,20,0.4,0.0136986301369863,29.200000000000003,29.200000000000003,True
62,department_name,Outwear,8,20,0.4,0.0150172148560545,26.636097560975614,26.636097560975614,True
62,product_type_name,Jacket,13,20,0.65,0.0312797597245623,20.780210772833723,20.780210772833723,False
62,section_name,Men Suits & Tailoring,4,20,0.2,0.009742875979781702,20.52781954887218,20.52781954887218,False
62,department_name,Outdoor/Blazers,4,20,0.2,0.0098161306863966,20.374626865671644,20.374626865671644,False
62,product_type_name,Pyjama bottom,1,20,0.05,0.0025639147315215,19.501428571428573,19.501428571428573,False
62,garment_group_name,Outdoor,12,20,0.6,0.033697165042854006,17.805652173913042,17.805652173913042,False
62,product_type_name,Polo shirt,1,20,0.05,0.0030034429712109,16.647560975609757,16.647560975609757,False
62,graphical_appearance_name,Check,7,20,0.35,0.023001977877078604,15.216082802547769,15.216082802547769,False
62,garment_group_name,Shirts,3,20,0.15,0.012526554831147901,11.97456140350877,11.97456140350877,False
62,colour_group_name,Dark Blue,13,20,0.65,0.058970038824994506,11.022546583850932,11.022546583850932,False
62,colour_group_name,Blue,5,20,0.25,0.033330891509779505,7.5005494505494505,7.5005494505494505,False
62,perceived_colour_master_name,Blue,17,20,0.85,0.11933191707567212,7.122989564149784,7.122989564149784,False
62,department_name,Divided+,1,20,0.05,0.007398725368104901,6.757920792079208,6.757920792079208,False
62,graphical_appearance_name,Denim,10,20,0.5,0.074719800747198,6.691666666666667,6.691666666666667,False
62,product_type_name,Shirt,4,20,0.2,0.031646033257636805,6.319907407407407,6.319907407407407,False
62,perceived_colour_master_name,Turquoise,1,20,0.05,0.009230093033477401,5.417063492063492,5.417063492063492,False
62,department_name,Loungewear,1,20,0.05,0.009596366566551901,5.21030534351145,5.21030534351145,False
62,product_group_name,Nightwear,1,20,0.05,0.009669621273166801,5.170833333333333,5.170833333333333,False
62,graphical_appearance_name,Other structure,2,20,0.1,0.022855468463848803,4.375320512820513,4.375320512820513,False
62,graphical_appearance_name,Embroidery,1,20,0.05,0.012087026591458501,4.136666666666667,4.136666666666667,False
62,department_name,Blouse & Dress,1,20,0.05,0.013478866017141601,3.7095108695652175,3.7095108695652175,False
62,garment_group_name,Unknown,1,20,0.05,0.016921837228041903,2.9547619047619045,2.9547619047619045,False
62,colour_group_name,Dark Green,1,20,0.05,0.018533440773569703,2.6978260869565216,2.6978260869565216,False
62,department_name,Knitwear,2,20,0.1,0.039557541572046,2.527962962962963,2.527962962962963,False
62,product_group_name,Garment Upper body,19,20,0.95,0.38905574683173394,2.4418094520805873,2.4418094520805873,False
62,index_group_name,Menswear,5,20,0.25,0.10438795692623251,2.3949122807017544,2.3949122807017544,False
62,colour_group_name,Pink,1,20,0.05,0.021024100798476303,2.3782229965156794,2.3782229965156794,False
62,section_name,Divided Projects,1,20,0.05,0.022049666691084904,2.267607973421927,2.267607973421927,False
62,section_name,Divided Collection,4,20,0.2,0.10409493809977291,1.9213230119634062,1.9213230119634062,False
62,perceived_colour_master_name,Green,1,20,0.05,0.027910043220276903,1.7914698162729659,1.7914698162729659,False
62,section_name,Womens Trend,1,20,0.05,0.030986740898102702,1.6135933806146574,1.6135933806146574,False
62,garment_group_name,Knitwear,2,20,0.1,0.06695480184601861,1.4935448577680526,1.4935448577680526,False
62,section_name,Men Underwear,1,20,0.05,0.0358215515346861,1.3958077709611454,1.3958077709611454,False
62,index_group_name,Divided,5,20,0.25,0.2062119991209435,1.2123445825932504,1.2123445825932504,False
62,index_group_name,Ladieswear,10,20,0.5,0.5894806241301004,0.8482042997390331,0.8482042997390331,False
62,section_name,Womens Tailoring,1,20,0.05,0.06343857592850341,0.7881639722863741,0.7881639722863741,False
62,perceived_colour_master_name,Pink,1,20,0.05,0.06702805655263351,0.7459562841530054,0.7459562841530054,False
62,product_type_name,Sweater,1,20,0.05,0.0791883378507069,0.6314061054579094,0.6314061054579094,False
62,garment_group_name,"Under-, Nightwear",1,20,0.05,0.08475569555343931,0.5899308556611927,0.5899308556611927,False
62,garment_group_name,Blouses,1,20,0.05,0.0860742802725075,0.5808936170212766,0.5808936170212766,False
63,department_name,Trouser,19,20,0.95,0.0446121163284741,21.29466338259442,21.29466338259442,True
63,colour_group_name,Light Beige,15,20,0.75,0.0478353234195297,15.678790199081165,15.678790199081165,True
63,garment_group_name,Trousers,19,20,0.95,0.0825580543549923,11.507054125998225,11.507054125998225,True
63,perceived_colour_master_name,Beige,16,20,0.8,0.08482895026005421,9.430742659758204,9.430742659758204,False
63,product_type_name,Trousers,20,20,1.0,0.1310526701340561,7.630519843487982,7.630519843487982,False
63,section_name,Womens Everyday Collection,18,20,0.9,0.12218885063365321,7.3656474820143885,7.3656474820143885,False
63,department_name,Loungewear,1,20,0.05,0.009596366566551901,5.21030534351145,5.21030534351145,False
63,product_group_name,Garment Lower body,20,20,1.0,0.2052596879349498,4.871877230549607,4.871877230549607,False
63,graphical_appearance_name,Melange,6,20,0.3,0.0617537176763607,4.858007117437722,4.858007117437722,False
63,section_name,Contemporary Smart,1,20,0.05,0.0180206578272654,2.7745934959349596,2.7745934959349596,False
63,index_group_name,Ladieswear,19,20,0.95,0.5894806241301004,1.611588169504163,1.611588169504163,False
63,colour_group_name,Grey,1,20,0.05,0.031059995604717602,1.6097877358490567,1.6097877358490567,False
63,section_name,"Womens Nightwear, Socks & Tigh",1,20,0.05,0.034869240348692404,1.4339285714285714,1.4339285714285714,False
63,perceived_colour_master_name,Grey,2,20,0.1,0.07113032012306791,1.4058702368692069,1.4058702368692069,False
63,graphical_appearance_name,Solid,14,20,0.7,0.5812760969892315,1.204247006931317,1.204247006931317,False
63,colour_group_name,Beige,1,20,0.05,0.04585744634092741,1.0903354632587858,1.0903354632587858,False
63,garment_group_name,"Under-, Nightwear",1,20,0.05,0.08475569555343931,0.5899308556611927,0.5899308556611927,False
63,colour_group_name,Black,3,20,0.15,0.28027250750860744,0.5351934134866702,0.5351934134866702,False
63,index_group_name,Menswear,1,20,0.05,0.10438795692623251,0.4789824561403509,0.4789824561403509,False
63,perceived_colour_master_name,Black,2,20,0.1,0.28173760164090544,0.3549401976079043,0.3549401976079043,False
64,graphical_appearance_name,Lace,9,20,0.45,0.012673064244377702,35.508381502890174,35.508381502890174,True
64,product_type_name,Underwear Tights,3,20,0.15,0.006739433008570801,22.257065217391304,22.257065217391304,True
64,department_name,Tights basic,3,20,0.15,0.008277781847483701,18.12079646017699,18.12079646017699,True
64,department_name,Loungewear,3,20,0.15,0.009596366566551901,15.630916030534351,15.630916030534351,False
64,colour_group_name,Dark Blue,14,20,0.7,0.058970038824994506,11.870434782608696,11.870434782608696,False
64,section_name,"Womens Nightwear, Socks & Tigh",6,20,0.3,0.034869240348692404,8.603571428571428,8.603571428571428,False
64,department_name,Jersey Basic,4,20,0.2,0.026737967914438502,7.48,7.48,False
64,department_name,Jersey,9,20,0.45,0.060801406490367006,7.401144578313253,7.401144578313253,False
64,section_name,Womens Everyday Basics,4,20,0.2,0.027177496154127904,7.359029649595687,7.359029649595687,False
64,product_type_name,Dress,16,20,0.8,0.11750054941029961,6.80847880299252,6.80847880299252,False
64,section_name,Womens Tailoring,8,20,0.4,0.06343857592850341,6.305311778290993,6.305311778290993,False
64,product_group_name,Garment Full body,16,20,0.8,0.1304666324811369,6.131836047164515,6.131836047164515,False
64,perceived_colour_master_name,Blue,14,20,0.7,0.11933191707567212,5.86599140577041,5.86599140577041,False
64,graphical_appearance_name,Melange,7,20,0.35,0.0617537176763607,5.6676749703440095,5.6676749703440095,False
64,colour_group_name,Dark Grey,3,20,0.15,0.029375137352574902,5.106359102244389,5.106359102244389,False
64,garment_group_name,Socks and Tights,3,20,0.15,0.030254193831953703,4.957990314769976,4.957990314769976,False
64,product_group_name,Socks & Tights,3,20,0.15,0.030766976778258005,4.875357142857142,4.875357142857142,False
64,department_name,Skirt,1,20,0.05,0.011647498351769101,4.292767295597485,4.292767295597485,False
64,colour_group_name,Dark Beige,1,20,0.05,0.012966083070837301,3.856214689265537,3.856214689265537,False
64,perceived_colour_master_name,Grey,4,20,0.2,0.07113032012306791,2.8117404737384137,2.8117404737384137,False
64,garment_group_name,Jersey Fancy,9,20,0.45,0.16672771225551242,2.699011423550088,2.699011423550088,False
64,garment_group_name,Skirts,1,20,0.05,0.0195590066661783,2.556367041198502,2.556367041198502,False
64,garment_group_name,Jersey Basic,4,20,0.2,0.09003003442971211,2.2214808787632223,2.2214808787632223,False
64,section_name,Mama,1,20,0.05,0.023294996703538202,2.1463836477987424,2.1463836477987424,False
64,perceived_colour_master_name,Brown,1,20,0.05,0.026151930261519303,1.911904761904762,1.911904761904762,False
64,garment_group_name,"Under-, Nightwear",3,20,0.15,0.08475569555343931,1.7697925669835781,1.7697925669835781,False
64,index_group_name,Ladieswear,20,20,1.0,0.5894806241301004,1.6964085994780662,1.6964085994780662,False
64,colour_group_name,Grey,1,20,0.05,0.031059995604717602,1.6097877358490567,1.6097877358490567,False
64,product_type_name,Skirt,1,20,0.05,0.033404146216394405,1.4968201754385966,1.4968201754385966,False
64,colour_group_name,Light Beige,1,20,0.05,0.0478353234195297,1.0452526799387445,1.0452526799387445,False
64,graphical_appearance_name,Denim,1,20,0.05,0.074719800747198,0.6691666666666668,0.6691666666666668,False
64,perceived_colour_master_name,Beige,1,20,0.05,0.08482895026005421,0.5894214162348878,0.5894214162348878,False
64,section_name,Womens Everyday Collection,1,20,0.05,0.12218885063365321,0.40920263788968825,0.40920263788968825,False
64,graphical_appearance_name,Solid,3,20,0.15,0.5812760969892315,0.25805293005671076,0.25805293005671076,False
64,product_group_name,Garment Lower body,1,20,0.05,0.2052596879349498,0.2435938615274804,0.2435938615274804,False
65,graphical_appearance_name,Slub,1,20,0.05,0.0008790564793788001,56.87916666666667,56.87916666666667,False
65,department_name,Ladies Sport Bras,16,20,0.8,0.014943960149439602,53.53333333333333,53.53333333333333,True
65,section_name,Ladies H&M Sport,20,20,1.0,0.0265182037945938,37.709944751381215,37.709944751381215,True
65,index_group_name,Sport,20,20,1.0,0.033111127389934804,30.201327433628318,30.201327433628318,True
65,department_name,Ladies Sport Bottoms,4,20,0.2,0.0068859424218006005,29.044680851063834,29.044680851063834,False
65,colour_group_name,Greyish Beige,2,20,0.1,0.0040290088638195,24.820000000000004,24.820000000000004,False
65,product_type_name,Vest top,10,20,0.5,0.030107684418723902,16.60705596107056,16.60705596107056,False
65,graphical_appearance_name,Melange,17,20,0.85,0.0617537176763607,13.76435349940688,13.76435349940688,False
65,product_type_name,Leggings/Tights,4,20,0.2,0.018313676653725002,10.9208,10.9208,False
65,colour_group_name,Dark Grey,5,20,0.25,0.029375137352574902,8.510598503740649,8.510598503740649,False
65,garment_group_name,Jersey Fancy,20,20,1.0,0.16672771225551242,5.997803163444639,5.997803163444639,False
65,product_type_name,Top,6,20,0.3,0.050692256977510806,5.918063583815028,5.918063583815028,False
65,perceived_colour_master_name,Unknown,1,20,0.05,0.009523111859937,5.250384615384616,5.250384615384616,False
65,colour_group_name,Grey,3,20,0.15,0.031059995604717602,4.8293632075471695,4.8293632075471695,False
65,perceived_colour_master_name,Khaki green,3,20,0.15,0.035015749761922205,4.283786610878661,4.283786610878661,False
65,colour_group_name,Greenish Khaki,2,20,0.1,0.027910043220276903,3.5829396325459317,3.5829396325459317,False
65,perceived_colour_master_name,Grey,4,20,0.2,0.07113032012306791,2.8117404737384137,2.8117404737384137,False
65,perceived_colour_master_name,Mole,1,20,0.05,0.021097355505091203,2.3699652777777778,2.3699652777777778,False
65,product_group_name,Garment Upper body,16,20,0.8,0.38905574683173394,2.056260591225758,2.056260591225758,False
65,perceived_colour_master_name,Black,10,20,0.5,0.28173760164090544,1.7747009880395215,1.7747009880395215,False
65,colour_group_name,Black,7,20,0.35,0.28027250750860744,1.2487846314688968,1.2487846314688968,False
65,colour_group_name,Light Beige,1,20,0.05,0.0478353234195297,1.0452526799387445,1.0452526799387445,False
65,product_group_name,Garment Lower body,4,20,0.2,0.2052596879349498,0.9743754461099216,0.9743754461099216,False
65,perceived_colour_master_name,Beige,1,20,0.05,0.08482895026005421,0.5894214162348878,0.5894214162348878,False
65,graphical_appearance_name,Solid,2,20,0.1,0.5812760969892315,0.17203528670447385,0.17203528670447385,False
66,section_name,Mama,19,20,0.95,0.023294996703538202,40.7812893081761,40.7812893081761,True
66,product_type_name,Top,17,20,0.85,0.050692256977510806,16.767846820809247,16.767846820809247,True
66,department_name,Jersey,20,20,1.0,0.060801406490367006,16.44698795180723,16.44698795180723,True
66,garment_group_name,Jersey Fancy,20,20,1.0,0.16672771225551242,5.997803163444639,5.997803163444639,False
66,colour_group_name,White,11,20,0.55,0.0960369203721339,5.726964149504196,5.726964149504196,False
66,perceived_colour_master_name,White,11,20,0.55,0.12797597245623032,4.29768174012593,4.29768174012593,False
66,product_type_name,T-shirt,3,20,0.15,0.05757819939931141,2.605152671755725,2.605152671755725,False
66,product_group_name,Garment Upper body,20,20,1.0,0.38905574683173394,2.570325739032197,2.570325739032197,False
66,index_group_name,Ladieswear,20,20,1.0,0.5894806241301004,1.6964085994780662,1.6964085994780662,False
66,section_name,Womens Trend,1,20,0.05,0.030986740898102702,1.6135933806146574,1.6135933806146574,False
66,colour_group_name,Black,9,20,0.45,0.28027250750860744,1.6055802404600104,1.6055802404600104,False
66,perceived_colour_master_name,Black,9,20,0.45,0.28173760164090544,1.5972308892355693,1.5972308892355693,False
66,graphical_appearance_name,Solid,17,20,0.85,0.5812760969892315,1.4622999369880276,1.4622999369880276,False
66,graphical_appearance_name,All over pattern,2,20,0.1,0.10709838107098381,0.9337209302325582,0.9337209302325582,False
66,graphical_appearance_name,Melange,1,20,0.05,0.0617537176763607,0.8096678529062872,0.8096678529062872,False
67,department_name,Young Boy Jersey Fancy,4,20,0.2,0.0030766976778258005,65.0047619047619,65.0047619047619,True
67,department_name,Jersey License,1,20,0.05,0.0010255658926086,48.75357142857143,48.75357142857143,False
67,section_name,Contemporary Street,10,20,0.5,0.010402168339315801,48.066901408450704,48.066901408450704,True
67,product_type_name,Hoodie,14,20,0.7,0.0206578272654018,33.8854609929078,33.8854609929078,True
67,department_name,Jersey Fancy,9,20,0.45,0.014797450736209802,30.410643564356437,30.410643564356437,False
67,section_name,Young Boy,4,20,0.2,0.0066661783019559,30.002197802197806,30.002197802197806,False
67,graphical_appearance_name,Placement print,8,20,0.4,0.014650941322980001,27.302000000000003,27.302000000000003,False
67,product_type_name,Shirt,6,20,0.3,0.031646033257636805,9.479861111111111,9.479861111111111,False
67,graphical_appearance_name,Embroidery,2,20,0.1,0.012087026591458501,8.273333333333333,8.273333333333333,False
67,graphical_appearance_name,Colour blocking,1,20,0.05,0.006959197128415501,7.184736842105264,7.184736842105264,False
67,department_name,Blouse,6,20,0.3,0.043293531609405904,6.929441624365482,6.929441624365482,False
67,graphical_appearance_name,Front print,1,20,0.05,0.0094498571533221,5.29108527131783,5.29108527131783,False
67,index_group_name,Menswear,10,20,0.5,0.10438795692623251,4.789824561403509,4.789824561403509,False
67,section_name,Womens Tailoring,6,20,0.3,0.06343857592850341,4.728983833718244,4.728983833718244,False
67,garment_group_name,Jersey Fancy,14,20,0.7,0.16672771225551242,4.198462214411247,4.198462214411247,False
67,colour_group_name,Black,20,20,1.0,0.28027250750860744,3.567956089911134,3.567956089911134,False
67,perceived_colour_master_name,Black,20,20,1.0,0.28173760164090544,3.549401976079043,3.549401976079043,False
67,garment_group_name,Blouses,6,20,0.3,0.0860742802725075,3.4853617021276597,3.4853617021276597,False
67,index_group_name,Baby/Children,4,20,0.2,0.06680829243278881,2.993640350877193,2.993640350877193,False
67,product_group_name,Garment Upper body,20,20,1.0,0.38905574683173394,2.570325739032197,2.570325739032197,False
67,graphical_appearance_name,Solid,8,20,0.4,0.5812760969892315,0.6881411468178954,0.6881411468178954,False
67,index_group_name,Ladieswear,6,20,0.3,0.5894806241301004,0.5089225798434198,0.5089225798434198,False
68,department_name,Loungewear,17,20,0.85,0.009596366566551901,88.57519083969466,88.57519083969466,True
68,department_name,Jersey/Knitwear Premium,3,20,0.15,0.006080140649036701,24.670481927710842,24.670481927710842,True
68,section_name,"Womens Nightwear, Socks & Tigh",17,20,0.85,0.034869240348692404,24.376785714285713,24.376785714285713,True
68,section_name,Womens Premium,3,20,0.15,0.010109149512856202,14.838043478260868,14.838043478260868,False
68,product_type_name,Sweater,20,20,1.0,0.0791883378507069,12.628122109158188,12.628122109158188,False
68,garment_group_name,"Under-, Nightwear",17,20,0.85,0.08475569555343931,10.028824546240276,10.028824546240276,False
68,colour_group_name,Pink,2,20,0.1,0.021024100798476303,4.756445993031359,4.756445993031359,False
68,perceived_colour_master_name,Mole,2,20,0.1,0.021097355505091203,4.7399305555555555,4.7399305555555555,False
68,colour_group_name,Light Beige,4,20,0.2,0.0478353234195297,4.181010719754978,4.181010719754978,False
68,product_group_name,Garment Upper body,20,20,1.0,0.38905574683173394,2.570325739032197,2.570325739032197,False
68,perceived_colour_master_name,Beige,4,20,0.2,0.08482895026005421,2.357685664939551,2.357685664939551,False
68,garment_group_name,Knitwear,3,20,0.15,0.06695480184601861,2.2403172866520786,2.2403172866520786,False
68,colour_group_name,Black,11,20,0.55,0.28027250750860744,1.962375849451124,1.962375849451124,False
68,perceived_colour_master_name,Black,11,20,0.55,0.28173760164090544,1.9521710868434738,1.9521710868434738,False
68,colour_group_name,Greenish Khaki,1,20,0.05,0.027910043220276903,1.7914698162729659,1.7914698162729659,False
68,graphical_appearance_name,Solid,20,20,1.0,0.5812760969892315,1.7203528670447386,1.7203528670447386,False
68,index_group_name,Ladieswear,20,20,1.0,0.5894806241301004,1.6964085994780662,1.6964085994780662,False
68,colour_group_name,Grey,1,20,0.05,0.031059995604717602,1.6097877358490567,1.6097877358490567,False
68,perceived_colour_master_name,Khaki green,1,20,0.05,0.035015749761922205,1.427928870292887,1.427928870292887,False
68,colour_group_name,Light Pink,1,20,0.05,0.036773862720679805,1.3596613545816734,1.3596613545816734,False
68,perceived_colour_master_name,Pink,1,20,0.05,0.06702805655263351,0.7459562841530054,0.7459562841530054,False
68,perceived_colour_master_name,Grey,1,20,0.05,0.07113032012306791,0.7029351184346034,0.7029351184346034,False
69,department_name,Knitwear,19,20,0.95,0.039557541572046,24.01564814814815,24.01564814814815,True
69,graphical_appearance_name,Jacquard,2,20,0.1,0.005127829463043,19.501428571428573,19.501428571428573,True
69,graphical_appearance_name,Stripe,10,20,0.5,0.030034429712109,16.647560975609757,16.647560975609757,True
69,garment_group_name,Knitwear,19,20,0.95,0.06695480184601861,14.188676148796498,14.188676148796498,False
69,colour_group_name,Off White,8,20,0.4,0.030180939125338802,13.253398058252428,13.253398058252428,False
69,product_type_name,Sweater,19,20,0.95,0.0791883378507069,11.996716003700277,11.996716003700277,False
69,section_name,Womens Tailoring,14,20,0.7,0.06343857592850341,11.034295612009236,11.034295612009236,False
69,graphical_appearance_name,Glittering/Metallic,1,20,0.05,0.0055673577027324,8.98092105263158,8.98092105263158,False
69,section_name,Contemporary Smart,3,20,0.15,0.0180206578272654,8.323780487804878,8.323780487804878,False
69,colour_group_name,Orange,1,20,0.05,0.008790564793788001,5.687916666666666,5.687916666666666,False
69,perceived_colour_master_name,Unknown,1,20,0.05,0.009523111859937,5.250384615384616,5.250384615384616,False
69,colour_group_name,Dark Beige,1,20,0.05,0.012966083070837301,3.856214689265537,3.856214689265537,False
69,perceived_colour_master_name,Orange,2,20,0.1,0.0273972602739726,3.6500000000000004,3.6500000000000004,False
69,colour_group_name,Light Orange,1,20,0.05,0.014724196029594901,3.395771144278607,3.395771144278607,False
69,perceived_colour_master_name,White,7,20,0.35,0.12797597245623032,2.734888380080137,2.734888380080137,False
69,product_group_name,Garment Upper body,20,20,1.0,0.38905574683173394,2.570325739032197,2.570325739032197,False
69,colour_group_name,Pink,1,20,0.05,0.021024100798476303,2.3782229965156794,2.3782229965156794,False
69,graphical_appearance_name,Other structure,1,20,0.05,0.022855468463848803,2.1876602564102563,2.1876602564102563,False
69,section_name,H&M+,1,20,0.05,0.026811222621053402,1.8648907103825139,1.8648907103825139,False
69,section_name,Womens Trend,1,20,0.05,0.030986740898102702,1.6135933806146574,1.6135933806146574,False
69,perceived_colour_master_name,Pink,2,20,0.1,0.06702805655263351,1.4919125683060108,1.4919125683060108,False
69,index_group_name,Ladieswear,17,20,0.85,0.5894806241301004,1.4419473095563564,1.4419473095563564,False
69,index_group_name,Menswear,3,20,0.15,0.10438795692623251,1.4369473684210525,1.4369473684210525,False
69,colour_group_name,Light Pink,1,20,0.05,0.036773862720679805,1.3596613545816734,1.3596613545816734,False
69,section_name,Womens Casual,1,20,0.05,0.039557541572046,1.2639814814814816,1.2639814814814816,False
69,colour_group_name,Black,7,20,0.35,0.28027250750860744,1.2487846314688968,1.2487846314688968,False
69,perceived_colour_master_name,Black,7,20,0.35,0.28173760164090544,1.242290691627665,1.242290691627665,False
69,department_name,Blouse,1,20,0.05,0.043293531609405904,1.154906937394247,1.154906937394247,False
69,product_type_name,Blouse,1,20,0.05,0.045344663394623105,1.1026655896607431,1.1026655896607431,False
69,perceived_colour_master_name,Beige,1,20,0.05,0.08482895026005421,0.5894214162348878,0.5894214162348878,False
69,garment_group_name,Blouses,1,20,0.05,0.0860742802725075,0.5808936170212766,0.5808936170212766,False
69,graphical_appearance_name,All over pattern,1,20,0.05,0.10709838107098381,0.4668604651162791,0.4668604651162791,False
69,graphical_appearance_name,Solid,5,20,0.25,0.5812760969892315,0.43008821676118464,0.43008821676118464,False
70,section_name,Contemporary Smart,10,20,0.5,0.0180206578272654,27.745934959349594,27.745934959349594,True
70,department_name,Heavy Basic Jersey,3,20,0.15,0.006080140649036701,24.670481927710842,24.670481927710842,True
70,colour_group_name,Dark Blue,20,20,1.0,0.058970038824994506,16.95776397515528,16.95776397515528,True
70,graphical_appearance_name,Check,7,20,0.35,0.023001977877078604,15.216082802547769,15.216082802547769,False
70,department_name,Shirt,2,20,0.1,0.009156838326862501,10.9208,10.9208,False
70,section_name,Men Suits & Tailoring,2,20,0.1,0.009742875979781702,10.26390977443609,10.26390977443609,False
70,department_name,Trouser,8,20,0.4,0.0446121163284741,8.96617405582923,8.96617405582923,False
70,garment_group_name,Shirts,2,20,0.1,0.012526554831147901,7.983040935672515,7.983040935672515,False
70,perceived_colour_master_name,Blue,19,20,0.95,0.11933191707567212,7.960988336402701,7.960988336402701,False
70,index_group_name,Menswear,15,20,0.75,0.10438795692623251,7.184736842105263,7.184736842105263,False
70,department_name,Dress,5,20,0.25,0.035894806241301,6.964795918367347,6.964795918367347,False
70,department_name,Jersey Fancy,2,20,0.1,0.014797450736209802,6.757920792079208,6.757920792079208,False
70,graphical_appearance_name,Other structure,3,20,0.15,0.022855468463848803,6.5629807692307685,6.5629807692307685,False
70,section_name,Womens Casual,5,20,0.25,0.039557541572046,6.319907407407408,6.319907407407408,False
70,perceived_colour_master_name,Turquoise,1,20,0.05,0.009230093033477401,5.417063492063492,5.417063492063492,False
70,garment_group_name,Trousers,8,20,0.4,0.0825580543549923,4.845075421472937,4.845075421472937,False
70,section_name,Men Underwear,3,20,0.15,0.0358215515346861,4.1874233128834355,4.1874233128834355,False
70,garment_group_name,Dresses Ladies,5,20,0.25,0.06651527360632921,3.758535242290749,3.758535242290749,False
70,graphical_appearance_name,Denim,5,20,0.25,0.074719800747198,3.3458333333333337,3.3458333333333337,False
70,product_type_name,Shirt,2,20,0.1,0.031646033257636805,3.1599537037037035,3.1599537037037035,False
70,product_type_name,Sweater,5,20,0.25,0.0791883378507069,3.157030527289547,3.157030527289547,False
70,product_type_name,Trousers,8,20,0.4,0.1310526701340561,3.052207937395193,3.052207937395193,False
70,product_type_name,Dress,5,20,0.25,0.11750054941029961,2.1276496259351623,2.1276496259351623,False
70,product_group_name,Garment Lower body,8,20,0.4,0.2052596879349498,1.948750892219843,1.948750892219843,False
70,product_group_name,Garment Full body,5,20,0.25,0.1304666324811369,1.9161987647389107,1.9161987647389107,False
70,garment_group_name,Jersey Basic,3,20,0.15,0.09003003442971211,1.6661106590724166,1.6661106590724166,False
70,product_group_name,Garment Upper body,7,20,0.35,0.38905574683173394,0.8996140086612691,0.8996140086612691,False
70,graphical_appearance_name,Melange,1,20,0.05,0.0617537176763607,0.8096678529062872,0.8096678529062872,False
70,garment_group_name,Jersey Fancy,2,20,0.1,0.16672771225551242,0.599780316344464,0.599780316344464,False
70,index_group_name,Ladieswear,5,20,0.25,0.5894806241301004,0.42410214986951655,0.42410214986951655,False
70,graphical_appearance_name,Solid,4,20,0.2,0.5812760969892315,0.3440705734089477,0.3440705734089477,False
71,colour_group_name,Off White,11,20,0.55,0.030180939125338802,18.22342233009709,18.22342233009709,True
71,department_name,Basic 1,10,20,0.5,0.029228627939345102,17.106516290726816,17.106516290726816,True
71,section_name,Divided Basics,10,20,0.5,0.03208556149732621,15.583333333333332,15.583333333333332,True
71,colour_group_name,Purple,1,20,0.05,0.0036627353307450003,13.651000000000002,13.651000000000002,False
71,product_type_name,Hoodie,4,20,0.2,0.0206578272654018,9.681560283687944,9.681560283687944,False
71,department_name,Trousers,3,20,0.15,0.0164823089883525,9.100666666666667,9.100666666666667,False
71,section_name,Womens Casual,6,20,0.3,0.039557541572046,7.583888888888889,7.583888888888889,False
71,perceived_colour_master_name,Lilac Purple,2,20,0.1,0.014724196029594901,6.791542288557214,6.791542288557214,False
71,product_type_name,Trousers,16,20,0.8,0.1310526701340561,6.104415874790386,6.104415874790386,False
71,colour_group_name,Light Purple,1,20,0.05,0.008717310087173101,5.735714285714286,5.735714285714286,False
71,garment_group_name,Jersey Basic,10,20,0.5,0.09003003442971211,5.5537021969080556,5.5537021969080556,False
71,colour_group_name,Green,1,20,0.05,0.009742875979781702,5.131954887218045,5.131954887218045,False
71,perceived_colour_master_name,White,11,20,0.55,0.12797597245623032,4.29768174012593,4.29768174012593,False
71,product_group_name,Garment Lower body,16,20,0.8,0.2052596879349498,3.897501784439686,3.897501784439686,False
71,garment_group_name,Trousers,6,20,0.3,0.0825580543549923,3.6338065661047025,3.6338065661047025,False
71,colour_group_name,Light Orange,1,20,0.05,0.014724196029594901,3.395771144278607,3.395771144278607,False
71,colour_group_name,Light Grey,1,20,0.05,0.014797450736209802,3.378960396039604,3.378960396039604,False
71,department_name,Trouser,3,20,0.15,0.0446121163284741,3.3623152709359605,3.3623152709359605,False
71,department_name,Jersey,4,20,0.2,0.060801406490367006,3.289397590361446,3.289397590361446,False
71,index_group_name,Divided,13,20,0.65,0.2062119991209435,3.152095914742451,3.152095914742451,False
71,colour_group_name,Blue,2,20,0.1,0.033330891509779505,3.0002197802197803,3.0002197802197803,False
71,perceived_colour_master_name,Mole,1,20,0.05,0.021097355505091203,2.3699652777777778,2.3699652777777778,False
71,colour_group_name,Beige,2,20,0.1,0.04585744634092741,2.1806709265175717,2.1806709265175717,False
71,section_name,Mama,1,20,0.05,0.023294996703538202,2.1463836477987424,2.1463836477987424,False
71,graphical_appearance_name,Denim,3,20,0.15,0.074719800747198,2.0075000000000003,2.0075000000000003,False
71,perceived_colour_master_name,Orange,1,20,0.05,0.0273972602739726,1.8250000000000002,1.8250000000000002,False
71,graphical_appearance_name,Solid,17,20,0.85,0.5812760969892315,1.4622999369880276,1.4622999369880276,False
71,section_name,Divided Collection,3,20,0.15,0.10409493809977291,1.4409922589725546,1.4409922589725546,False
71,perceived_colour_master_name,Khaki green,1,20,0.05,0.035015749761922205,1.427928870292887,1.427928870292887,False
71,garment_group_name,Jersey Fancy,4,20,0.2,0.16672771225551242,1.199560632688928,1.199560632688928,False
71,perceived_colour_master_name,Blue,2,20,0.1,0.11933191707567212,0.8379987722529159,0.8379987722529159,False
71,perceived_colour_master_name,Grey,1,20,0.05,0.07113032012306791,0.7029351184346034,0.7029351184346034,False
71,index_group_name,Ladieswear,7,20,0.35,0.5894806241301004,0.5937430098173232,0.5937430098173232,False
71,perceived_colour_master_name,Beige,1,20,0.05,0.08482895026005421,0.5894214162348878,0.5894214162348878,False
71,product_group_name,Garment Upper body,4,20,0.2,0.38905574683173394,0.5140651478064395,0.5140651478064395,False
72,department_name,Trousers,14,20,0.7,0.0164823089883525,42.46977777777778,42.46977777777778,True
72,department_name,Young Boy Jersey Basic,1,20,0.05,0.0025639147315215,19.501428571428573,19.501428571428573,False
72,colour_group_name,Dark Blue,17,20,0.85,0.058970038824994506,14.414099378881987,14.414099378881987,True
72,section_name,Contemporary Smart,4,20,0.2,0.0180206578272654,11.098373983739839,11.098373983739839,True
72,garment_group_name,Trousers,18,20,0.9,0.0825580543549923,10.90141969831411,10.90141969831411,False
72,graphical_appearance_name,Check,4,20,0.2,0.023001977877078604,8.694904458598726,8.694904458598726,False
72,section_name,Boys Underwear & Basics,1,20,0.05,0.006373159475496301,7.8454022988505745,7.8454022988505745,False
72,product_type_name,Trousers,19,20,0.95,0.1310526701340561,7.248993851313583,7.248993851313583,False
72,section_name,Divided Collection,15,20,0.75,0.10409493809977291,7.204961294862772,7.204961294862772,False
72,perceived_colour_master_name,Blue,17,20,0.85,0.11933191707567212,7.122989564149784,7.122989564149784,False
72,product_group_name,Garment Lower body,19,20,0.95,0.2052596879349498,4.628283369022127,4.628283369022127,False
72,department_name,Trouser,4,20,0.2,0.0446121163284741,4.483087027914615,4.483087027914615,False
72,colour_group_name,Light Pink,3,20,0.15,0.036773862720679805,4.078984063745019,4.078984063745019,False
72,index_group_name,Divided,15,20,0.75,0.2062119991209435,3.6370337477797516,3.6370337477797516,False
72,department_name,Tops Fancy Jersey,1,20,0.05,0.015310233682514102,3.265789473684211,3.265789473684211,False
72,perceived_colour_master_name,Pink,3,20,0.15,0.06702805655263351,2.237868852459016,2.237868852459016,False
72,index_group_name,Menswear,4,20,0.2,0.10438795692623251,1.9159298245614036,1.9159298245614036,False
72,graphical_appearance_name,Solid,16,20,0.8,0.5812760969892315,1.3762822936357908,1.3762822936357908,False
72,product_type_name,Top,1,20,0.05,0.050692256977510806,0.9863439306358381,0.9863439306358381,False
72,index_group_name,Baby/Children,1,20,0.05,0.06680829243278881,0.7484100877192983,0.7484100877192983,False
72,garment_group_name,Jersey Basic,1,20,0.05,0.09003003442971211,0.5553702196908056,0.5553702196908056,False
72,garment_group_name,Jersey Fancy,1,20,0.05,0.16672771225551242,0.299890158172232,0.299890158172232,False
72,product_group_name,Garment Upper body,1,20,0.05,0.38905574683173394,0.12851628695160988,0.12851628695160988,False
73,department_name,Underwear Woven,1,20,0.05,0.0008058017727639,62.050000000000004,62.050000000000004,False
73,perceived_colour_master_name,Unknown,9,20,0.45,0.009523111859937,47.25346153846154,47.25346153846154,True
73,department_name,Dress,9,20,0.45,0.035894806241301,12.536632653061226,12.536632653061226,True
73,colour_group_name,White,20,20,1.0,0.0960369203721339,10.412662090007629,10.412662090007629,True
73,product_type_name,Swimsuit,1,20,0.05,0.0049813200498132005,10.037500000000001,10.037500000000001,False
73,department_name,Blouse,8,20,0.4,0.043293531609405904,9.239255499153977,9.239255499153977,False
73,product_type_name,Blouse,8,20,0.4,0.045344663394623105,8.821324717285945,8.821324717285945,False
73,graphical_appearance_name,Stripe,5,20,0.25,0.030034429712109,8.323780487804878,8.323780487804878,False
73,section_name,Womens Everyday Collection,18,20,0.9,0.12218885063365321,7.3656474820143885,7.3656474820143885,False
73,garment_group_name,Dresses Ladies,9,20,0.45,0.06651527360632921,6.765363436123348,6.765363436123348,False
73,graphical_appearance_name,All over pattern,14,20,0.7,0.10709838107098381,6.536046511627907,6.536046511627907,False
73,garment_group_name,Blouses,8,20,0.4,0.0860742802725075,4.647148936170213,4.647148936170213,False
73,perceived_colour_master_name,White,11,20,0.55,0.12797597245623032,4.29768174012593,4.29768174012593,False
73,product_type_name,Dress,10,20,0.5,0.11750054941029961,4.2552992518703245,4.2552992518703245,False
73,graphical_appearance_name,Lace,1,20,0.05,0.012673064244377702,3.9453757225433526,3.9453757225433526,False
73,product_group_name,Garment Full body,10,20,0.5,0.1304666324811369,3.8323975294778214,3.8323975294778214,False
73,department_name,Jersey fancy,1,20,0.05,0.0247600908358362,2.0193786982248523,2.0193786982248523,False
73,index_group_name,Ladieswear,19,20,0.95,0.5894806241301004,1.611588169504163,1.611588169504163,False
73,product_type_name,Underwear bottom,1,20,0.05,0.031133250311332503,1.606,1.606,False
73,section_name,Men Underwear,1,20,0.05,0.0358215515346861,1.3958077709611454,1.3958077709611454,False
73,section_name,"Womens Swimwear, beachwear",1,20,0.05,0.0374331550802139,1.3357142857142859,1.3357142857142859,False
73,garment_group_name,Swimwear,1,20,0.05,0.038531975679437405,1.2976235741444868,1.2976235741444868,False
73,department_name,Swimwear,1,20,0.05,0.038531975679437405,1.2976235741444868,1.2976235741444868,False
73,product_group_name,Swimwear,1,20,0.05,0.0397773056918907,1.256998158379374,1.256998158379374,False
73,product_group_name,Garment Upper body,8,20,0.4,0.38905574683173394,1.028130295612879,1.028130295612879,False
73,product_group_name,Underwear,1,20,0.05,0.06768734891216761,0.7386904761904761,0.7386904761904761,False
73,garment_group_name,"Under-, Nightwear",1,20,0.05,0.08475569555343931,0.5899308556611927,0.5899308556611927,False
73,index_group_name,Menswear,1,20,0.05,0.10438795692623251,0.4789824561403509,0.4789824561403509,False
73,garment_group_name,Jersey Fancy,1,20,0.05,0.16672771225551242,0.299890158172232,0.299890158172232,False
74,department_name,Jersey Basic,14,20,0.7,0.026737967914438502,26.18,26.18,True
74,section_name,Womens Everyday Basics,14,20,0.7,0.027177496154127904,25.756603773584903,25.756603773584903,True
74,department_name,Tops Knitwear,4,20,0.2,0.014357922496520402,13.929591836734694,13.929591836734694,True
74,colour_group_name,Beige,9,20,0.45,0.04585744634092741,9.813019169329072,9.813019169329072,False
74,graphical_appearance_name,Stripe,5,20,0.25,0.030034429712109,8.323780487804878,8.323780487804878,False
74,garment_group_name,Jersey Basic,14,20,0.7,0.09003003442971211,7.775183075671277,7.775183075671277,False
74,product_type_name,Sweater,12,20,0.6,0.0791883378507069,7.576873265494912,7.576873265494912,False
74,perceived_colour_master_name,Beige,9,20,0.45,0.08482895026005421,5.304792746113989,5.304792746113989,False
74,graphical_appearance_name,Melange,6,20,0.3,0.0617537176763607,4.858007117437722,4.858007117437722,False
74,colour_group_name,Blue,3,20,0.15,0.033330891509779505,4.50032967032967,4.50032967032967,False
74,garment_group_name,Knitwear,4,20,0.2,0.06695480184601861,2.987089715536105,2.987089715536105,False
74,product_type_name,Top,3,20,0.15,0.050692256977510806,2.959031791907514,2.959031791907514,False
74,section_name,Womens Casual,2,20,0.1,0.039557541572046,2.527962962962963,2.527962962962963,False
74,product_type_name,Hoodie,1,20,0.05,0.0206578272654018,2.420390070921986,2.420390070921986,False
74,perceived_colour_master_name,Mole,1,20,0.05,0.021097355505091203,2.3699652777777778,2.3699652777777778,False
74,product_group_name,Garment Upper body,18,20,0.9,0.38905574683173394,2.313293165128978,2.313293165128978,False
74,product_type_name,Shorts,1,20,0.05,0.022049666691084904,2.267607973421927,2.267607973421927,False
74,section_name,Divided Collection,4,20,0.2,0.10409493809977291,1.9213230119634062,1.9213230119634062,False
74,product_type_name,Vest top,1,20,0.05,0.030107684418723902,1.660705596107056,1.660705596107056,False
74,colour_group_name,Grey,1,20,0.05,0.031059995604717602,1.6097877358490567,1.6097877358490567,False
74,product_type_name,Shirt,1,20,0.05,0.031646033257636805,1.5799768518518518,1.5799768518518518,False
74,index_group_name,Ladieswear,16,20,0.8,0.5894806241301004,1.3571268795824531,1.3571268795824531,False
74,perceived_colour_master_name,Blue,3,20,0.15,0.11933191707567212,1.2569981583793737,1.2569981583793737,False
74,department_name,Blouse,1,20,0.05,0.043293531609405904,1.154906937394247,1.154906937394247,False
74,colour_group_name,Black,6,20,0.3,0.28027250750860744,1.0703868269733403,1.0703868269733403,False
74,perceived_colour_master_name,Black,6,20,0.3,0.28173760164090544,1.0648205928237129,1.0648205928237129,False
74,colour_group_name,Light Beige,1,20,0.05,0.0478353234195297,1.0452526799387445,1.0452526799387445,False
74,index_group_name,Divided,4,20,0.2,0.2062119991209435,0.9698756660746004,0.9698756660746004,False
74,department_name,Jersey,1,20,0.05,0.060801406490367006,0.8223493975903615,0.8223493975903615,False
74,perceived_colour_master_name,Grey,1,20,0.05,0.07113032012306791,0.7029351184346034,0.7029351184346034,False
74,graphical_appearance_name,Solid,8,20,0.4,0.5812760969892315,0.6881411468178954,0.6881411468178954,False
74,graphical_appearance_name,Denim,1,20,0.05,0.074719800747198,0.6691666666666668,0.6691666666666668,False
74,garment_group_name,Blouses,1,20,0.05,0.0860742802725075,0.5808936170212766,0.5808936170212766,False
74,product_type_name,Dress,1,20,0.05,0.11750054941029961,0.4255299251870325,0.4255299251870325,False
74,product_group_name,Garment Full body,1,20,0.05,0.1304666324811369,0.3832397529477822,0.3832397529477822,False
74,garment_group_name,Jersey Fancy,1,20,0.05,0.16672771225551242,0.299890158172232,0.299890158172232,False
74,product_group_name,Garment Lower body,1,20,0.05,0.2052596879349498,0.2435938615274804,0.2435938615274804,False
75,product_type_name,Bodysuit,6,20,0.3,0.006299904768881401,47.61976744186046,47.61976744186046,True
75,department_name,Shorts,6,20,0.3,0.010035894806241301,29.892700729927007,29.892700729927007,True
75,department_name,Jersey fancy,14,20,0.7,0.0247600908358362,28.27130177514793,28.27130177514793,True
75,garment_group_name,Shorts,6,20,0.3,0.014064903670060802,21.3296875,21.3296875,False
75,product_type_name,Shorts,7,20,0.35,0.022049666691084904,15.873255813953486,15.873255813953486,False
75,perceived_colour_master_name,Unknown,2,20,0.1,0.009523111859937,10.500769230769231,10.500769230769231,False
75,colour_group_name,Off White,6,20,0.3,0.030180939125338802,9.94004854368932,9.94004854368932,False
75,section_name,Womens Everyday Collection,20,20,1.0,0.12218885063365321,8.184052757793765,8.184052757793765,False
75,colour_group_name,White,13,20,0.65,0.0960369203721339,6.768230358504959,6.768230358504959,False
75,product_type_name,Vest top,4,20,0.2,0.030107684418723902,6.642822384428224,6.642822384428224,False
75,perceived_colour_master_name,White,17,20,0.85,0.12797597245623032,6.641871780194618,6.641871780194618,False
75,garment_group_name,Jersey Fancy,14,20,0.7,0.16672771225551242,4.198462214411247,4.198462214411247,False
75,graphical_appearance_name,Lace,1,20,0.05,0.012673064244377702,3.9453757225433526,3.9453757225433526,False
75,product_type_name,Cardigan,1,20,0.05,0.014064903670060802,3.554947916666667,3.554947916666667,False
75,product_group_name,Garment Lower body,8,20,0.4,0.2052596879349498,1.948750892219843,1.948750892219843,False
75,index_group_name,Ladieswear,20,20,1.0,0.5894806241301004,1.6964085994780662,1.6964085994780662,False
75,graphical_appearance_name,Solid,18,20,0.9,0.5812760969892315,1.5483175803402647,1.5483175803402647,False
75,product_group_name,Garment Upper body,12,20,0.6,0.38905574683173394,1.5421954434193184,1.5421954434193184,False
75,colour_group_name,Blue,1,20,0.05,0.033330891509779505,1.5001098901098902,1.5001098901098902,False
75,product_type_name,T-shirt,1,20,0.05,0.05757819939931141,0.8683842239185751,0.8683842239185751,False
75,graphical_appearance_name,Denim,1,20,0.05,0.074719800747198,0.6691666666666668,0.6691666666666668,False
75,perceived_colour_master_name,Blue,1,20,0.05,0.11933191707567212,0.41899938612645793,0.41899938612645793,False
75,product_type_name,Trousers,1,20,0.05,0.1310526701340561,0.38152599217439914,0.38152599217439914,False
