prototype,feature,value,count,topk_size,topk_freq,global_freq,lift,score,selected
0,index_group_name,Ladieswear,18,20,0.9,0.5894806241301004,1.5267677395302597,0.9,True
0,graphical_appearance_name,Solid,14,20,0.7,0.5812760969892315,1.204247006931317,0.7,True
0,product_group_name,Garment Upper body,13,20,0.65,0.38905574683173394,1.6707117303709282,0.65,True
0,section_name,Womens Everyday Collection,10,20,0.5,0.12218885063365321,4.0920263788968825,0.5,False
0,garment_group_name,Knitwear,8,20,0.4,0.06695480184601861,5.97417943107221,0.4,False
0,department_name,Knitwear,8,20,0.4,0.039557541572046,10.111851851851853,0.4,False
0,product_type_name,Sweater,7,20,0.35,0.0791883378507069,4.419842738205365,0.35,False
0,colour_group_name,Black,7,20,0.35,0.28027250750860744,1.2487846314688968,0.35,False
0,perceived_colour_master_name,Black,7,20,0.35,0.28173760164090544,1.242290691627665,0.35,False
0,garment_group_name,"Under-, Nightwear",6,20,0.3,0.08475569555343931,3.5395851339671562,0.3,False
0,section_name,"Womens Nightwear, Socks & Tigh",6,20,0.3,0.034869240348692404,8.603571428571428,0.3,False
0,department_name,Loungewear,6,20,0.3,0.009596366566551901,31.261832061068702,0.3,False
0,graphical_appearance_name,Melange,5,20,0.25,0.0617537176763607,4.048339264531435,0.25,False
0,product_group_name,Garment Lower body,4,20,0.2,0.2052596879349498,0.9743754461099216,0.2,False
0,product_type_name,Cardigan,3,20,0.15,0.014064903670060802,10.66484375,0.15,False
0,product_type_name,Trousers,3,20,0.15,0.1310526701340561,1.1445779765231974,0.15,False
0,colour_group_name,Light Beige,3,20,0.15,0.0478353234195297,3.135758039816233,0.15,False
0,perceived_colour_master_name,Grey,3,20,0.15,0.07113032012306791,2.10880535530381,0.15,False
0,perceived_colour_master_name,Beige,3,20,0.15,0.08482895026005421,1.768264248704663,0.15,False
0,garment_group_name,Trousers,3,20,0.15,0.0825580543549923,1.8169032830523513,0.15,False
0,product_type_name,Bra,2,20,0.1,0.0326715991502454,3.0607623318385655,0.1,False
0,product_type_name,Blazer,2,20,0.1,0.014211413083290601,7.036597938144331,0.1,False
0,product_group_name,Underwear,2,20,0.1,0.06768734891216761,1.4773809523809522,0.1,False
0,colour_group_name,Grey,2,20,0.1,0.031059995604717602,3.2195754716981133,0.1,False
0,colour_group_name,Beige,2,20,0.1,0.04585744634092741,2.1806709265175717,0.1,False
0,perceived_colour_master_name,White,2,20,0.1,0.12797597245623032,0.7813966800228964,0.1,False
0,garment_group_name,Dressed,2,20,0.1,0.013112592484067102,7.626256983240224,0.1,False
0,index_group_name,Divided,2,20,0.1,0.2062119991209435,0.4849378330373002,0.1,False
0,section_name,Divided Collection,2,20,0.1,0.10409493809977291,0.9606615059817031,0.1,False
0,department_name,Trousers,2,20,0.1,0.0164823089883525,6.067111111111111,0.1,False
0,department_name,Suit jacket,2,20,0.1,0.0053475935828877,18.700000000000003,0.1,False
0,product_type_name,Leggings/Tights,1,20,0.05,0.018313676653725002,2.7302,0.05,False
0,product_type_name,Top,1,20,0.05,0.050692256977510806,0.9863439306358381,0.05,False
0,product_type_name,Unknown,1,20,0.05,0.006080140649036701,8.223493975903615,0.05,False
0,product_group_name,Unknown,1,20,0.05,0.006080140649036701,8.223493975903615,0.05,False
0,colour_group_name,Light Orange,1,20,0.05,0.014724196029594901,3.395771144278607,0.05,False
0,colour_group_name,Light Purple,1,20,0.05,0.008717310087173101,5.735714285714286,0.05,False
0,colour_group_name,Dark Green,1,20,0.05,0.018533440773569703,2.6978260869565216,0.05,False
0,colour_group_name,White,1,20,0.05,0.0960369203721339,0.5206331045003815,0.05,False
0,colour_group_name,Blue,1,20,0.05,0.033330891509779505,1.5001098901098902,0.05,False
0,colour_group_name,Dark Grey,1,20,0.05,0.029375137352574902,1.70211970074813,0.05,False
0,perceived_colour_master_name,Orange,1,20,0.05,0.0273972602739726,1.8250000000000002,0.05,False
0,perceived_colour_master_name,Mole,1,20,0.05,0.021097355505091203,2.3699652777777778,0.05,False
0,perceived_colour_master_name,Lilac Purple,1,20,0.05,0.014724196029594901,3.395771144278607,0.05,False
0,perceived_colour_master_name,Green,1,20,0.05,0.027910043220276903,1.7914698162729659,0.05,False
0,perceived_colour_master_name,Blue,1,20,0.05,0.11933191707567212,0.41899938612645793,0.05,False
0,graphical_appearance_name,Stripe,1,20,0.05,0.030034429712109,1.6647560975609759,0.05,False
0,garment_group_name,Blouses,1,20,0.05,0.0860742802725075,0.5808936170212766,0.05,False
0,section_name,Womens Casual,1,20,0.05,0.039557541572046,1.2639814814814816,0.05,False
0,section_name,Womens Tailoring,1,20,0.05,0.06343857592850341,0.7881639722863741,0.05,False
0,department_name,Blouse,1,20,0.05,0.043293531609405904,1.154906937394247,0.05,False
0,department_name,Trouser,1,20,0.05,0.0446121163284741,1.1207717569786537,0.05,False
1,garment_group_name,Jersey Fancy,18,20,0.9,0.16672771225551242,5.398022847100176,0.9,True
1,index_group_name,Sport,18,20,0.9,0.033111127389934804,27.181194690265485,0.9,True
1,section_name,Ladies H&M Sport,18,20,0.9,0.0265182037945938,33.9389502762431,0.9,True
1,department_name,Ladies Sport Bras,11,20,0.55,0.014943960149439602,36.80416666666667,0.55,False
1,product_group_name,Garment Upper body,10,20,0.5,0.38905574683173394,1.2851628695160986,0.5,False
1,colour_group_name,Black,10,20,0.5,0.28027250750860744,1.783978044955567,0.5,False
1,perceived_colour_master_name,Black,10,20,0.5,0.28173760164090544,1.7747009880395215,0.5,False
1,graphical_appearance_name,Solid,9,20,0.45,0.5812760969892315,0.7741587901701323,0.45,False
1,graphical_appearance_name,Melange,8,20,0.4,0.0617537176763607,6.477342823250297,0.4,False
1,department_name,Ladies Sport Bottoms,7,20,0.35,0.0068859424218006005,50.8281914893617,0.35,False
1,product_type_name,Leggings/Tights,6,20,0.3,0.018313676653725002,16.3812,0.3,False
1,product_group_name,Garment Lower body,6,20,0.3,0.2052596879349498,1.4615631691648823,0.3,False
1,product_type_name,Top,5,20,0.25,0.050692256977510806,4.931719653179191,0.25,False
1,colour_group_name,Green,4,20,0.2,0.009742875979781702,20.52781954887218,0.2,False
1,perceived_colour_master_name,Grey,4,20,0.2,0.07113032012306791,2.8117404737384137,0.2,False
1,product_type_name,Vest top,3,20,0.15,0.030107684418723902,4.982116788321168,0.15,False
1,product_type_name,Unknown,2,20,0.1,0.006080140649036701,16.44698795180723,0.1,False
1,product_type_name,T-shirt,2,20,0.1,0.05757819939931141,1.7367684478371501,0.1,False
1,product_type_name,Underwear bottom,2,20,0.1,0.031133250311332503,3.212,0.1,False
1,product_group_name,Unknown,2,20,0.1,0.006080140649036701,16.44698795180723,0.1,False
1,product_group_name,Underwear,2,20,0.1,0.06768734891216761,1.4773809523809522,0.1,False
1,colour_group_name,Greenish Khaki,2,20,0.1,0.027910043220276903,3.5829396325459317,0.1,False
1,perceived_colour_master_name,Khaki green,2,20,0.1,0.035015749761922205,2.855857740585774,0.1,False
1,perceived_colour_master_name,Pink,2,20,0.1,0.06702805655263351,1.4919125683060108,0.1,False
1,graphical_appearance_name,Mesh,2,20,0.1,0.0017581129587576003,56.87916666666667,0.1,False
1,garment_group_name,"Under-, Nightwear",2,20,0.1,0.08475569555343931,1.1798617113223855,0.1,False
1,index_group_name,Ladieswear,2,20,0.1,0.5894806241301004,0.16964085994780664,0.1,False
1,section_name,Womens Lingerie,2,20,0.1,0.05765145410592631,1.7345616264294792,0.1,False
1,department_name,Expressive Lingerie,2,20,0.1,0.018313676653725002,5.4604,0.1,False
1,colour_group_name,Dark Pink,1,20,0.05,0.007911508314409201,6.319907407407407,0.05,False
1,colour_group_name,Light Pink,1,20,0.05,0.036773862720679805,1.3596613545816734,0.05,False
1,colour_group_name,White,1,20,0.05,0.0960369203721339,0.5206331045003815,0.05,False
1,colour_group_name,Orange,1,20,0.05,0.008790564793788001,5.687916666666666,0.05,False
1,perceived_colour_master_name,White,1,20,0.05,0.12797597245623032,0.3906983400114482,0.05,False
1,perceived_colour_master_name,Red,1,20,0.05,0.0232217419969233,2.1531545741324924,0.05,False
1,graphical_appearance_name,Placement print,1,20,0.05,0.014650941322980001,3.4127500000000004,0.05,False
2,index_group_name,Ladieswear,20,20,1.0,0.5894806241301004,1.6964085994780662,1.0,True
2,product_group_name,Garment Upper body,10,20,0.5,0.38905574683173394,1.2851628695160986,0.5,True
2,graphical_appearance_name,Solid,10,20,0.5,0.5812760969892315,0.8601764335223693,0.5,True
2,product_group_name,Garment Lower body,9,20,0.45,0.2052596879349498,2.1923447537473235,0.45,False
2,colour_group_name,Black,9,20,0.45,0.28027250750860744,1.6055802404600104,0.45,False
2,perceived_colour_master_name,Black,9,20,0.45,0.28173760164090544,1.5972308892355693,0.45,False
2,garment_group_name,Jersey Fancy,9,20,0.45,0.16672771225551242,2.699011423550088,0.45,False
2,section_name,Mama,9,20,0.45,0.023294996703538202,19.31745283018868,0.45,False
2,department_name,Jersey,8,20,0.4,0.060801406490367006,6.578795180722892,0.4,False
2,product_type_name,Trousers,5,20,0.25,0.1310526701340561,1.9076299608719955,0.25,False
2,garment_group_name,Trousers,5,20,0.25,0.0825580543549923,3.0281721384205857,0.25,False
2,section_name,Womens Tailoring,5,20,0.25,0.06343857592850341,3.9408198614318706,0.25,False
2,product_type_name,Top,4,20,0.2,0.050692256977510806,3.9453757225433526,0.2,False
2,product_type_name,Leggings/Tights,4,20,0.2,0.018313676653725002,10.9208,0.2,False
2,graphical_appearance_name,Denim,4,20,0.2,0.074719800747198,2.676666666666667,0.2,False
2,department_name,Woven bottoms,4,20,0.2,0.009669621273166801,20.683333333333334,0.2,False
2,perceived_colour_master_name,Beige,3,20,0.15,0.08482895026005421,1.768264248704663,0.15,False
2,perceived_colour_master_name,White,3,20,0.15,0.12797597245623032,1.1720950200343445,0.15,False
2,graphical_appearance_name,All over pattern,3,20,0.15,0.10709838107098381,1.400581395348837,0.15,False
2,section_name,Womens Everyday Collection,3,20,0.15,0.12218885063365321,1.2276079136690647,0.15,False
2,product_type_name,T-shirt,2,20,0.1,0.05757819939931141,1.7367684478371501,0.1,False
2,product_type_name,Blouse,2,20,0.1,0.045344663394623105,2.2053311793214863,0.1,False
2,colour_group_name,Beige,2,20,0.1,0.04585744634092741,2.1806709265175717,0.1,False
2,colour_group_name,White,2,20,0.1,0.0960369203721339,1.041266209000763,0.1,False
2,perceived_colour_master_name,Grey,2,20,0.1,0.07113032012306791,1.4058702368692069,0.1,False
2,garment_group_name,Jersey Basic,2,20,0.1,0.09003003442971211,1.1107404393816112,0.1,False
2,garment_group_name,Blouses,2,20,0.1,0.0860742802725075,1.1617872340425532,0.1,False
2,section_name,Womens Everyday Basics,2,20,0.1,0.027177496154127904,3.6795148247978435,0.1,False
2,department_name,Jersey Basic,2,20,0.1,0.026737967914438502,3.74,0.1,False
2,department_name,Blouse,2,20,0.1,0.043293531609405904,2.309813874788494,0.1,False
2,product_type_name,Sweater,1,20,0.05,0.0791883378507069,0.6314061054579094,0.05,False
2,product_type_name,Blazer,1,20,0.05,0.014211413083290601,3.5182989690721653,0.05,False
2,product_type_name,Dress,1,20,0.05,0.11750054941029961,0.4255299251870325,0.05,False
2,product_group_name,Garment Full body,1,20,0.05,0.1304666324811369,0.3832397529477822,0.05,False
2,colour_group_name,Light Beige,1,20,0.05,0.0478353234195297,1.0452526799387445,0.05,False
2,colour_group_name,Dark Grey,1,20,0.05,0.029375137352574902,1.70211970074813,0.05,False
2,colour_group_name,Grey,1,20,0.05,0.031059995604717602,1.6097877358490567,0.05,False
2,colour_group_name,Dark Green,1,20,0.05,0.018533440773569703,2.6978260869565216,0.05,False
2,colour_group_name,Off White,1,20,0.05,0.030180939125338802,1.6566747572815534,0.05,False
2,colour_group_name,Dark Blue,1,20,0.05,0.058970038824994506,0.847888198757764,0.05,False
2,colour_group_name,Pink,1,20,0.05,0.021024100798476303,2.3782229965156794,0.05,False
2,perceived_colour_master_name,Green,1,20,0.05,0.027910043220276903,1.7914698162729659,0.05,False
2,perceived_colour_master_name,Blue,1,20,0.05,0.11933191707567212,0.41899938612645793,0.05,False
2,perceived_colour_master_name,Pink,1,20,0.05,0.06702805655263351,0.7459562841530054,0.05,False
2,graphical_appearance_name,Stripe,1,20,0.05,0.030034429712109,1.6647560975609759,0.05,False
2,graphical_appearance_name,Melange,1,20,0.05,0.0617537176763607,0.8096678529062872,0.05,False
2,graphical_appearance_name,Other structure,1,20,0.05,0.022855468463848803,2.1876602564102563,0.05,False
2,garment_group_name,"Under-, Nightwear",1,20,0.05,0.08475569555343931,0.5899308556611927,0.05,False
2,garment_group_name,Dressed,1,20,0.05,0.013112592484067102,3.813128491620112,0.05,False
2,section_name,"Womens Nightwear, Socks & Tigh",1,20,0.05,0.034869240348692404,1.4339285714285714,0.05,False
2,department_name,Trouser,1,20,0.05,0.0446121163284741,1.1207717569786537,0.05,False
2,department_name,Loungewear,1,20,0.05,0.009596366566551901,5.21030534351145,0.05,False
2,department_name,Suit,1,20,0.05,0.0057871218225771,8.63987341772152,0.05,False
2,department_name,Jersey fancy,1,20,0.05,0.0247600908358362,2.0193786982248523,0.05,False
3,garment_group_name,Jersey Fancy,18,20,0.9,0.16672771225551242,5.398022847100176,0.9,True
3,index_group_name,Sport,18,20,0.9,0.033111127389934804,27.181194690265485,0.9,True
3,section_name,Ladies H&M Sport,18,20,0.9,0.0265182037945938,33.9389502762431,0.9,True
3,department_name,Ladies Sport Bras,11,20,0.55,0.014943960149439602,36.80416666666667,0.55,False
3,product_group_name,Garment Upper body,10,20,0.5,0.38905574683173394,1.2851628695160986,0.5,False
3,colour_group_name,Black,10,20,0.5,0.28027250750860744,1.783978044955567,0.5,False
3,perceived_colour_master_name,Black,10,20,0.5,0.28173760164090544,1.7747009880395215,0.5,False
3,graphical_appearance_name,Solid,9,20,0.45,0.5812760969892315,0.7741587901701323,0.45,False
3,graphical_appearance_name,Melange,8,20,0.4,0.0617537176763607,6.477342823250297,0.4,False
3,department_name,Ladies Sport Bottoms,7,20,0.35,0.0068859424218006005,50.8281914893617,0.35,False
3,product_type_name,Leggings/Tights,6,20,0.3,0.018313676653725002,16.3812,0.3,False
3,product_group_name,Garment Lower body,6,20,0.3,0.2052596879349498,1.4615631691648823,0.3,False
3,product_type_name,Top,5,20,0.25,0.050692256977510806,4.931719653179191,0.25,False
3,colour_group_name,Green,4,20,0.2,0.009742875979781702,20.52781954887218,0.2,False
3,perceived_colour_master_name,Grey,4,20,0.2,0.07113032012306791,2.8117404737384137,0.2,False
3,product_type_name,Vest top,3,20,0.15,0.030107684418723902,4.982116788321168,0.15,False
3,product_type_name,Unknown,2,20,0.1,0.006080140649036701,16.44698795180723,0.1,False
3,product_type_name,T-shirt,2,20,0.1,0.05757819939931141,1.7367684478371501,0.1,False
3,product_type_name,Underwear bottom,2,20,0.1,0.031133250311332503,3.212,0.1,False
3,product_group_name,Unknown,2,20,0.1,0.006080140649036701,16.44698795180723,0.1,False
3,product_group_name,Underwear,2,20,0.1,0.06768734891216761,1.4773809523809522,0.1,False
3,colour_group_name,Greenish Khaki,2,20,0.1,0.027910043220276903,3.5829396325459317,0.1,False
3,perceived_colour_master_name,Khaki green,2,20,0.1,0.035015749761922205,2.855857740585774,0.1,False
3,perceived_colour_master_name,Pink,2,20,0.1,0.06702805655263351,1.4919125683060108,0.1,False
3,graphical_appearance_name,Mesh,2,20,0.1,0.0017581129587576003,56.87916666666667,0.1,False
3,garment_group_name,"Under-, Nightwear",2,20,0.1,0.08475569555343931,1.1798617113223855,0.1,False
3,index_group_name,Ladieswear,2,20,0.1,0.5894806241301004,0.16964085994780664,0.1,False
3,section_name,Womens Lingerie,2,20,0.1,0.05765145410592631,1.7345616264294792,0.1,False
3,department_name,Expressive Lingerie,2,20,0.1,0.018313676653725002,5.4604,0.1,False
3,colour_group_name,Dark Pink,1,20,0.05,0.007911508314409201,6.319907407407407,0.05,False
3,colour_group_name,Light Pink,1,20,0.05,0.036773862720679805,1.3596613545816734,0.05,False
3,colour_group_name,White,1,20,0.05,0.0960369203721339,0.5206331045003815,0.05,False
3,colour_group_name,Orange,1,20,0.05,0.008790564793788001,5.687916666666666,0.05,False
3,perceived_colour_master_name,White,1,20,0.05,0.12797597245623032,0.3906983400114482,0.05,False
3,perceived_colour_master_name,Red,1,20,0.05,0.0232217419969233,2.1531545741324924,0.05,False
3,graphical_appearance_name,Placement print,1,20,0.05,0.014650941322980001,3.4127500000000004,0.05,False
4,garment_group_name,Jersey Fancy,19,20,0.95,0.16672771225551242,5.697913005272407,0.95,True
4,index_group_name,Sport,19,20,0.95,0.033111127389934804,28.6912610619469,0.95,True
4,section_name,Ladies H&M Sport,19,20,0.95,0.0265182037945938,35.82444751381215,0.95,True
4,department_name,Ladies Sport Bras,12,20,0.6,0.014943960149439602,40.15,0.6,False
4,product_group_name,Garment Upper body,11,20,0.55,0.38905574683173394,1.4136791564677087,0.55,False
4,colour_group_name,Black,9,20,0.45,0.28027250750860744,1.6055802404600104,0.45,False
4,perceived_colour_master_name,Black,9,20,0.45,0.28173760164090544,1.5972308892355693,0.45,False
4,graphical_appearance_name,Solid,9,20,0.45,0.5812760969892315,0.7741587901701323,0.45,False
4,graphical_appearance_name,Melange,8,20,0.4,0.0617537176763607,6.477342823250297,0.4,False
4,department_name,Ladies Sport Bottoms,7,20,0.35,0.0068859424218006005,50.8281914893617,0.35,False
4,product_type_name,Leggings/Tights,6,20,0.3,0.018313676653725002,16.3812,0.3,False
4,product_type_name,Top,6,20,0.3,0.050692256977510806,5.918063583815028,0.3,False
4,product_group_name,Garment Lower body,6,20,0.3,0.2052596879349498,1.4615631691648823,0.3,False
4,colour_group_name,Green,5,20,0.25,0.009742875979781702,25.659774436090224,0.25,False
4,perceived_colour_master_name,Grey,5,20,0.25,0.07113032012306791,3.5146755921730173,0.25,False
4,product_type_name,Vest top,3,20,0.15,0.030107684418723902,4.982116788321168,0.15,False
4,product_type_name,Unknown,2,20,0.1,0.006080140649036701,16.44698795180723,0.1,False
4,product_type_name,T-shirt,2,20,0.1,0.05757819939931141,1.7367684478371501,0.1,False
4,product_group_name,Unknown,2,20,0.1,0.006080140649036701,16.44698795180723,0.1,False
4,colour_group_name,Greenish Khaki,2,20,0.1,0.027910043220276903,3.5829396325459317,0.1,False
4,perceived_colour_master_name,Khaki green,2,20,0.1,0.035015749761922205,2.855857740585774,0.1,False
4,perceived_colour_master_name,Pink,2,20,0.1,0.06702805655263351,1.4919125683060108,0.1,False
4,graphical_appearance_name,Mesh,2,20,0.1,0.0017581129587576003,56.87916666666667,0.1,False
4,product_type_name,Underwear bottom,1,20,0.05,0.031133250311332503,1.606,0.05,False
4,product_group_name,Underwear,1,20,0.05,0.06768734891216761,0.7386904761904761,0.05,False
4,colour_group_name,Dark Pink,1,20,0.05,0.007911508314409201,6.319907407407407,0.05,False
4,colour_group_name,Light Pink,1,20,0.05,0.036773862720679805,1.3596613545816734,0.05,False
4,colour_group_name,White,1,20,0.05,0.0960369203721339,0.5206331045003815,0.05,False
4,colour_group_name,Orange,1,20,0.05,0.008790564793788001,5.687916666666666,0.05,False
4,perceived_colour_master_name,White,1,20,0.05,0.12797597245623032,0.3906983400114482,0.05,False
4,perceived_colour_master_name,Red,1,20,0.05,0.0232217419969233,2.1531545741324924,0.05,False
4,graphical_appearance_name,Placement print,1,20,0.05,0.014650941322980001,3.4127500000000004,0.05,False
4,garment_group_name,"Under-, Nightwear",1,20,0.05,0.08475569555343931,0.5899308556611927,0.05,False
4,index_group_name,Ladieswear,1,20,0.05,0.5894806241301004,0.08482042997390332,0.05,False
4,section_name,Womens Lingerie,1,20,0.05,0.05765145410592631,0.8672808132147396,0.05,False
4,department_name,Expressive Lingerie,1,20,0.05,0.018313676653725002,2.7302,0.05,False
5,index_group_name,Ladieswear,18,20,0.9,0.5894806241301004,1.5267677395302597,0.9,True
5,graphical_appearance_name,Solid,14,20,0.7,0.5812760969892315,1.204247006931317,0.7,True
5,product_group_name,Garment Upper body,13,20,0.65,0.38905574683173394,1.6707117303709282,0.65,True
5,section_name,Womens Everyday Collection,10,20,0.5,0.12218885063365321,4.0920263788968825,0.5,False
5,garment_group_name,Knitwear,8,20,0.4,0.06695480184601861,5.97417943107221,0.4,False
5,department_name,Knitwear,8,20,0.4,0.039557541572046,10.111851851851853,0.4,False
5,product_type_name,Sweater,7,20,0.35,0.0791883378507069,4.419842738205365,0.35,False
5,colour_group_name,Black,7,20,0.35,0.28027250750860744,1.2487846314688968,0.35,False
5,perceived_colour_master_name,Black,7,20,0.35,0.28173760164090544,1.242290691627665,0.35,False
5,garment_group_name,"Under-, Nightwear",6,20,0.3,0.08475569555343931,3.5395851339671562,0.3,False
5,section_name,"Womens Nightwear, Socks & Tigh",6,20,0.3,0.034869240348692404,8.603571428571428,0.3,False
5,department_name,Loungewear,6,20,0.3,0.009596366566551901,31.261832061068702,0.3,False
5,graphical_appearance_name,Melange,5,20,0.25,0.0617537176763607,4.048339264531435,0.25,False
5,product_group_name,Garment Lower body,4,20,0.2,0.2052596879349498,0.9743754461099216,0.2,False
5,product_type_name,Cardigan,3,20,0.15,0.014064903670060802,10.66484375,0.15,False
5,product_type_name,Trousers,3,20,0.15,0.1310526701340561,1.1445779765231974,0.15,False
5,colour_group_name,Light Beige,3,20,0.15,0.0478353234195297,3.135758039816233,0.15,False
5,perceived_colour_master_name,Grey,3,20,0.15,0.07113032012306791,2.10880535530381,0.15,False
5,perceived_colour_master_name,Beige,3,20,0.15,0.08482895026005421,1.768264248704663,0.15,False
5,garment_group_name,Trousers,3,20,0.15,0.0825580543549923,1.8169032830523513,0.15,False
5,product_type_name,Bra,2,20,0.1,0.0326715991502454,3.0607623318385655,0.1,False
5,product_type_name,Blazer,2,20,0.1,0.014211413083290601,7.036597938144331,0.1,False
5,product_group_name,Underwear,2,20,0.1,0.06768734891216761,1.4773809523809522,0.1,False
5,colour_group_name,Grey,2,20,0.1,0.031059995604717602,3.2195754716981133,0.1,False
5,colour_group_name,Beige,2,20,0.1,0.04585744634092741,2.1806709265175717,0.1,False
5,perceived_colour_master_name,White,2,20,0.1,0.12797597245623032,0.7813966800228964,0.1,False
5,garment_group_name,Dressed,2,20,0.1,0.013112592484067102,7.626256983240224,0.1,False
5,index_group_name,Divided,2,20,0.1,0.2062119991209435,0.4849378330373002,0.1,False
5,section_name,Divided Collection,2,20,0.1,0.10409493809977291,0.9606615059817031,0.1,False
5,department_name,Trousers,2,20,0.1,0.0164823089883525,6.067111111111111,0.1,False
5,department_name,Suit jacket,2,20,0.1,0.0053475935828877,18.700000000000003,0.1,False
5,product_type_name,Leggings/Tights,1,20,0.05,0.018313676653725002,2.7302,0.05,False
5,product_type_name,Top,1,20,0.05,0.050692256977510806,0.9863439306358381,0.05,False
5,product_type_name,Unknown,1,20,0.05,0.006080140649036701,8.223493975903615,0.05,False
5,product_group_name,Unknown,1,20,0.05,0.006080140649036701,8.223493975903615,0.05,False
5,colour_group_name,Light Orange,1,20,0.05,0.014724196029594901,3.395771144278607,0.05,False
5,colour_group_name,Light Purple,1,20,0.05,0.008717310087173101,5.735714285714286,0.05,False
5,colour_group_name,Dark Green,1,20,0.05,0.018533440773569703,2.6978260869565216,0.05,False
5,colour_group_name,White,1,20,0.05,0.0960369203721339,0.5206331045003815,0.05,False
5,colour_group_name,Blue,1,20,0.05,0.033330891509779505,1.5001098901098902,0.05,False
5,colour_group_name,Dark Grey,1,20,0.05,0.029375137352574902,1.70211970074813,0.05,False
5,perceived_colour_master_name,Orange,1,20,0.05,0.0273972602739726,1.8250000000000002,0.05,False
5,perceived_colour_master_name,Mole,1,20,0.05,0.021097355505091203,2.3699652777777778,0.05,False
5,perceived_colour_master_name,Lilac Purple,1,20,0.05,0.014724196029594901,3.395771144278607,0.05,False
5,perceived_colour_master_name,Green,1,20,0.05,0.027910043220276903,1.7914698162729659,0.05,False
5,perceived_colour_master_name,Blue,1,20,0.05,0.11933191707567212,0.41899938612645793,0.05,False
5,graphical_appearance_name,Stripe,1,20,0.05,0.030034429712109,1.6647560975609759,0.05,False
5,garment_group_name,Blouses,1,20,0.05,0.0860742802725075,0.5808936170212766,0.05,False
5,section_name,Womens Casual,1,20,0.05,0.039557541572046,1.2639814814814816,0.05,False
5,section_name,Womens Tailoring,1,20,0.05,0.06343857592850341,0.7881639722863741,0.05,False
5,department_name,Blouse,1,20,0.05,0.043293531609405904,1.154906937394247,0.05,False
5,department_name,Trouser,1,20,0.05,0.0446121163284741,1.1207717569786537,0.05,False
6,index_group_name,Ladieswear,18,20,0.9,0.5894806241301004,1.5267677395302597,0.9,True
6,graphical_appearance_name,Solid,14,20,0.7,0.5812760969892315,1.204247006931317,0.7,True
6,product_group_name,Garment Upper body,13,20,0.65,0.38905574683173394,1.6707117303709282,0.65,True
6,section_name,Womens Everyday Collection,10,20,0.5,0.12218885063365321,4.0920263788968825,0.5,False
6,garment_group_name,Knitwear,8,20,0.4,0.06695480184601861,5.97417943107221,0.4,False
6,department_name,Knitwear,8,20,0.4,0.039557541572046,10.111851851851853,0.4,False
6,product_type_name,Sweater,7,20,0.35,0.0791883378507069,4.419842738205365,0.35,False
6,colour_group_name,Black,7,20,0.35,0.28027250750860744,1.2487846314688968,0.35,False
6,perceived_colour_master_name,Black,7,20,0.35,0.28173760164090544,1.242290691627665,0.35,False
6,garment_group_name,"Under-, Nightwear",6,20,0.3,0.08475569555343931,3.5395851339671562,0.3,False
6,section_name,"Womens Nightwear, Socks & Tigh",6,20,0.3,0.034869240348692404,8.603571428571428,0.3,False
6,department_name,Loungewear,6,20,0.3,0.009596366566551901,31.261832061068702,0.3,False
6,graphical_appearance_name,Melange,5,20,0.25,0.0617537176763607,4.048339264531435,0.25,False
6,product_group_name,Garment Lower body,4,20,0.2,0.2052596879349498,0.9743754461099216,0.2,False
6,product_type_name,Cardigan,3,20,0.15,0.014064903670060802,10.66484375,0.15,False
6,product_type_name,Trousers,3,20,0.15,0.1310526701340561,1.1445779765231974,0.15,False
6,colour_group_name,Light Beige,3,20,0.15,0.0478353234195297,3.135758039816233,0.15,False
6,perceived_colour_master_name,Grey,3,20,0.15,0.07113032012306791,2.10880535530381,0.15,False
6,perceived_colour_master_name,Beige,3,20,0.15,0.08482895026005421,1.768264248704663,0.15,False
6,garment_group_name,Trousers,3,20,0.15,0.0825580543549923,1.8169032830523513,0.15,False
6,product_type_name,Bra,2,20,0.1,0.0326715991502454,3.0607623318385655,0.1,False
6,product_type_name,Blazer,2,20,0.1,0.014211413083290601,7.036597938144331,0.1,False
6,product_group_name,Underwear,2,20,0.1,0.06768734891216761,1.4773809523809522,0.1,False
6,colour_group_name,Grey,2,20,0.1,0.031059995604717602,3.2195754716981133,0.1,False
6,colour_group_name,Beige,2,20,0.1,0.04585744634092741,2.1806709265175717,0.1,False
6,perceived_colour_master_name,White,2,20,0.1,0.12797597245623032,0.7813966800228964,0.1,False
6,garment_group_name,Dressed,2,20,0.1,0.013112592484067102,7.626256983240224,0.1,False
6,index_group_name,Divided,2,20,0.1,0.2062119991209435,0.4849378330373002,0.1,False
6,section_name,Divided Collection,2,20,0.1,0.10409493809977291,0.9606615059817031,0.1,False
6,department_name,Trousers,2,20,0.1,0.0164823089883525,6.067111111111111,0.1,False
6,department_name,Suit jacket,2,20,0.1,0.0053475935828877,18.700000000000003,0.1,False
6,product_type_name,Leggings/Tights,1,20,0.05,0.018313676653725002,2.7302,0.05,False
6,product_type_name,Top,1,20,0.05,0.050692256977510806,0.9863439306358381,0.05,False
6,product_type_name,Unknown,1,20,0.05,0.006080140649036701,8.223493975903615,0.05,False
6,product_group_name,Unknown,1,20,0.05,0.006080140649036701,8.223493975903615,0.05,False
6,colour_group_name,Light Orange,1,20,0.05,0.014724196029594901,3.395771144278607,0.05,False
6,colour_group_name,Light Purple,1,20,0.05,0.008717310087173101,5.735714285714286,0.05,False
6,colour_group_name,Dark Green,1,20,0.05,0.018533440773569703,2.6978260869565216,0.05,False
6,colour_group_name,White,1,20,0.05,0.0960369203721339,0.5206331045003815,0.05,False
6,colour_group_name,Blue,1,20,0.05,0.033330891509779505,1.5001098901098902,0.05,False
6,colour_group_name,Dark Grey,1,20,0.05,0.029375137352574902,1.70211970074813,0.05,False
6,perceived_colour_master_name,Orange,1,20,0.05,0.0273972602739726,1.8250000000000002,0.05,False
6,perceived_colour_master_name,Mole,1,20,0.05,0.021097355505091203,2.3699652777777778,0.05,False
6,perceived_colour_master_name,Lilac Purple,1,20,0.05,0.014724196029594901,3.395771144278607,0.05,False
6,perceived_colour_master_name,Green,1,20,0.05,0.027910043220276903,1.7914698162729659,0.05,False
6,perceived_colour_master_name,Blue,1,20,0.05,0.11933191707567212,0.41899938612645793,0.05,False
6,graphical_appearance_name,Stripe,1,20,0.05,0.030034429712109,1.6647560975609759,0.05,False
6,garment_group_name,Blouses,1,20,0.05,0.0860742802725075,0.5808936170212766,0.05,False
6,section_name,Womens Casual,1,20,0.05,0.039557541572046,1.2639814814814816,0.05,False
6,section_name,Womens Tailoring,1,20,0.05,0.06343857592850341,0.7881639722863741,0.05,False
6,department_name,Blouse,1,20,0.05,0.043293531609405904,1.154906937394247,0.05,False
6,department_name,Trouser,1,20,0.05,0.0446121163284741,1.1207717569786537,0.05,False
7,garment_group_name,Jersey Fancy,18,20,0.9,0.16672771225551242,5.398022847100176,0.9,True
7,index_group_name,Sport,18,20,0.9,0.033111127389934804,27.181194690265485,0.9,True
7,section_name,Ladies H&M Sport,18,20,0.9,0.0265182037945938,33.9389502762431,0.9,True
7,department_name,Ladies Sport Bras,11,20,0.55,0.014943960149439602,36.80416666666667,0.55,False
7,product_group_name,Garment Upper body,10,20,0.5,0.38905574683173394,1.2851628695160986,0.5,False
7,colour_group_name,Black,10,20,0.5,0.28027250750860744,1.783978044955567,0.5,False
7,perceived_colour_master_name,Black,10,20,0.5,0.28173760164090544,1.7747009880395215,0.5,False
7,graphical_appearance_name,Solid,9,20,0.45,0.5812760969892315,0.7741587901701323,0.45,False
7,graphical_appearance_name,Melange,8,20,0.4,0.0617537176763607,6.477342823250297,0.4,False
7,department_name,Ladies Sport Bottoms,7,20,0.35,0.0068859424218006005,50.8281914893617,0.35,False
7,product_type_name,Leggings/Tights,6,20,0.3,0.018313676653725002,16.3812,0.3,False
7,product_group_name,Garment Lower body,6,20,0.3,0.2052596879349498,1.4615631691648823,0.3,False
7,product_type_name,Top,5,20,0.25,0.050692256977510806,4.931719653179191,0.25,False
7,colour_group_name,Green,4,20,0.2,0.009742875979781702,20.52781954887218,0.2,False
7,perceived_colour_master_name,Grey,4,20,0.2,0.07113032012306791,2.8117404737384137,0.2,False
7,product_type_name,Vest top,3,20,0.15,0.030107684418723902,4.982116788321168,0.15,False
7,product_type_name,Unknown,2,20,0.1,0.006080140649036701,16.44698795180723,0.1,False
7,product_type_name,T-shirt,2,20,0.1,0.05757819939931141,1.7367684478371501,0.1,False
7,product_type_name,Underwear bottom,2,20,0.1,0.031133250311332503,3.212,0.1,False
7,product_group_name,Unknown,2,20,0.1,0.006080140649036701,16.44698795180723,0.1,False
7,product_group_name,Underwear,2,20,0.1,0.06768734891216761,1.4773809523809522,0.1,False
7,colour_group_name,Greenish Khaki,2,20,0.1,0.027910043220276903,3.5829396325459317,0.1,False
7,perceived_colour_master_name,Khaki green,2,20,0.1,0.035015749761922205,2.855857740585774,0.1,False
7,perceived_colour_master_name,Pink,2,20,0.1,0.06702805655263351,1.4919125683060108,0.1,False
7,graphical_appearance_name,Mesh,2,20,0.1,0.0017581129587576003,56.87916666666667,0.1,False
7,garment_group_name,"Under-, Nightwear",2,20,0.1,0.08475569555343931,1.1798617113223855,0.1,False
7,index_group_name,Ladieswear,2,20,0.1,0.5894806241301004,0.16964085994780664,0.1,False
7,section_name,Womens Lingerie,2,20,0.1,0.05765145410592631,1.7345616264294792,0.1,False
7,department_name,Expressive Lingerie,2,20,0.1,0.018313676653725002,5.4604,0.1,False
7,colour_group_name,Dark Pink,1,20,0.05,0.007911508314409201,6.319907407407407,0.05,False
7,colour_group_name,Light Pink,1,20,0.05,0.036773862720679805,1.3596613545816734,0.05,False
7,colour_group_name,White,1,20,0.05,0.0960369203721339,0.5206331045003815,0.05,False
7,colour_group_name,Orange,1,20,0.05,0.008790564793788001,5.687916666666666,0.05,False
7,perceived_colour_master_name,White,1,20,0.05,0.12797597245623032,0.3906983400114482,0.05,False
7,perceived_colour_master_name,Red,1,20,0.05,0.0232217419969233,2.1531545741324924,0.05,False
7,graphical_appearance_name,Placement print,1,20,0.05,0.014650941322980001,3.4127500000000004,0.05,False
8,index_group_name,Ladieswear,18,20,0.9,0.5894806241301004,1.5267677395302597,0.9,True
8,graphical_appearance_name,Solid,14,20,0.7,0.5812760969892315,1.204247006931317,0.7,True
8,product_group_name,Garment Upper body,13,20,0.65,0.38905574683173394,1.6707117303709282,0.65,True
8,section_name,Womens Everyday Collection,10,20,0.5,0.12218885063365321,4.0920263788968825,0.5,False
8,garment_group_name,Knitwear,8,20,0.4,0.06695480184601861,5.97417943107221,0.4,False
8,department_name,Knitwear,8,20,0.4,0.039557541572046,10.111851851851853,0.4,False
8,product_type_name,Sweater,7,20,0.35,0.0791883378507069,4.419842738205365,0.35,False
8,colour_group_name,Black,7,20,0.35,0.28027250750860744,1.2487846314688968,0.35,False
8,perceived_colour_master_name,Black,7,20,0.35,0.28173760164090544,1.242290691627665,0.35,False
8,garment_group_name,"Under-, Nightwear",6,20,0.3,0.08475569555343931,3.5395851339671562,0.3,False
8,section_name,"Womens Nightwear, Socks & Tigh",6,20,0.3,0.034869240348692404,8.603571428571428,0.3,False
8,department_name,Loungewear,6,20,0.3,0.009596366566551901,31.261832061068702,0.3,False
8,graphical_appearance_name,Melange,5,20,0.25,0.0617537176763607,4.048339264531435,0.25,False
8,product_group_name,Garment Lower body,4,20,0.2,0.2052596879349498,0.9743754461099216,0.2,False
8,product_type_name,Cardigan,3,20,0.15,0.014064903670060802,10.66484375,0.15,False
8,product_type_name,Trousers,3,20,0.15,0.1310526701340561,1.1445779765231974,0.15,False
8,colour_group_name,Light Beige,3,20,0.15,0.0478353234195297,3.135758039816233,0.15,False
8,perceived_colour_master_name,Grey,3,20,0.15,0.07113032012306791,2.10880535530381,0.15,False
8,perceived_colour_master_name,Beige,3,20,0.15,0.08482895026005421,1.768264248704663,0.15,False
8,garment_group_name,Trousers,3,20,0.15,0.0825580543549923,1.8169032830523513,0.15,False
8,product_type_name,Bra,2,20,0.1,0.0326715991502454,3.0607623318385655,0.1,False
8,product_type_name,Blazer,2,20,0.1,0.014211413083290601,7.036597938144331,0.1,False
8,product_group_name,Underwear,2,20,0.1,0.06768734891216761,1.4773809523809522,0.1,False
8,colour_group_name,Grey,2,20,0.1,0.031059995604717602,3.2195754716981133,0.1,False
8,colour_group_name,Beige,2,20,0.1,0.04585744634092741,2.1806709265175717,0.1,False
8,perceived_colour_master_name,White,2,20,0.1,0.12797597245623032,0.7813966800228964,0.1,False
8,garment_group_name,Dressed,2,20,0.1,0.013112592484067102,7.626256983240224,0.1,False
8,index_group_name,Divided,2,20,0.1,0.2062119991209435,0.4849378330373002,0.1,False
8,section_name,Divided Collection,2,20,0.1,0.10409493809977291,0.9606615059817031,0.1,False
8,department_name,Trousers,2,20,0.1,0.0164823089883525,6.067111111111111,0.1,False
8,department_name,Suit jacket,2,20,0.1,0.0053475935828877,18.700000000000003,0.1,False
8,product_type_name,Leggings/Tights,1,20,0.05,0.018313676653725002,2.7302,0.05,False
8,product_type_name,Top,1,20,0.05,0.050692256977510806,0.9863439306358381,0.05,False
8,product_type_name,Unknown,1,20,0.05,0.006080140649036701,8.223493975903615,0.05,False
8,product_group_name,Unknown,1,20,0.05,0.006080140649036701,8.223493975903615,0.05,False
8,colour_group_name,Light Orange,1,20,0.05,0.014724196029594901,3.395771144278607,0.05,False
8,colour_group_name,Light Purple,1,20,0.05,0.008717310087173101,5.735714285714286,0.05,False
8,colour_group_name,Dark Green,1,20,0.05,0.018533440773569703,2.6978260869565216,0.05,False
8,colour_group_name,White,1,20,0.05,0.0960369203721339,0.5206331045003815,0.05,False
8,colour_group_name,Blue,1,20,0.05,0.033330891509779505,1.5001098901098902,0.05,False
8,colour_group_name,Dark Grey,1,20,0.05,0.029375137352574902,1.70211970074813,0.05,False
8,perceived_colour_master_name,Orange,1,20,0.05,0.0273972602739726,1.8250000000000002,0.05,False
8,perceived_colour_master_name,Mole,1,20,0.05,0.021097355505091203,2.3699652777777778,0.05,False
8,perceived_colour_master_name,Lilac Purple,1,20,0.05,0.014724196029594901,3.395771144278607,0.05,False
8,perceived_colour_master_name,Green,1,20,0.05,0.027910043220276903,1.7914698162729659,0.05,False
8,perceived_colour_master_name,Blue,1,20,0.05,0.11933191707567212,0.41899938612645793,0.05,False
8,graphical_appearance_name,Stripe,1,20,0.05,0.030034429712109,1.6647560975609759,0.05,False
8,garment_group_name,Blouses,1,20,0.05,0.0860742802725075,0.5808936170212766,0.05,False
8,section_name,Womens Casual,1,20,0.05,0.039557541572046,1.2639814814814816,0.05,False
8,section_name,Womens Tailoring,1,20,0.05,0.06343857592850341,0.7881639722863741,0.05,False
8,department_name,Blouse,1,20,0.05,0.043293531609405904,1.154906937394247,0.05,False
8,department_name,Trouser,1,20,0.05,0.0446121163284741,1.1207717569786537,0.05,False
9,garment_group_name,Jersey Fancy,19,20,0.95,0.16672771225551242,5.697913005272407,0.95,True
9,index_group_name,Sport,19,20,0.95,0.033111127389934804,28.6912610619469,0.95,True
9,section_name,Ladies H&M Sport,19,20,0.95,0.0265182037945938,35.82444751381215,0.95,True
9,department_name,Ladies Sport Bras,12,20,0.6,0.014943960149439602,40.15,0.6,False
9,product_group_name,Garment Upper body,11,20,0.55,0.38905574683173394,1.4136791564677087,0.55,False
9,colour_group_name,Black,9,20,0.45,0.28027250750860744,1.6055802404600104,0.45,False
9,perceived_colour_master_name,Black,9,20,0.45,0.28173760164090544,1.5972308892355693,0.45,False
9,graphical_appearance_name,Solid,9,20,0.45,0.5812760969892315,0.7741587901701323,0.45,False
9,graphical_appearance_name,Melange,8,20,0.4,0.0617537176763607,6.477342823250297,0.4,False
9,department_name,Ladies Sport Bottoms,7,20,0.35,0.0068859424218006005,50.8281914893617,0.35,False
9,product_type_name,Leggings/Tights,6,20,0.3,0.018313676653725002,16.3812,0.3,False
9,product_type_name,Top,6,20,0.3,0.050692256977510806,5.918063583815028,0.3,False
9,product_group_name,Garment Lower body,6,20,0.3,0.2052596879349498,1.4615631691648823,0.3,False
9,colour_group_name,Green,5,20,0.25,0.009742875979781702,25.659774436090224,0.25,False
9,perceived_colour_master_name,Grey,5,20,0.25,0.07113032012306791,3.5146755921730173,0.25,False
9,product_type_name,Vest top,3,20,0.15,0.030107684418723902,4.982116788321168,0.15,False
9,product_type_name,Unknown,2,20,0.1,0.006080140649036701,16.44698795180723,0.1,False
9,product_type_name,T-shirt,2,20,0.1,0.05757819939931141,1.7367684478371501,0.1,False
9,product_group_name,Unknown,2,20,0.1,0.006080140649036701,16.44698795180723,0.1,False
9,colour_group_name,Greenish Khaki,2,20,0.1,0.027910043220276903,3.5829396325459317,0.1,False
9,perceived_colour_master_name,Khaki green,2,20,0.1,0.035015749761922205,2.855857740585774,0.1,False
9,perceived_colour_master_name,Pink,2,20,0.1,0.06702805655263351,1.4919125683060108,0.1,False
9,graphical_appearance_name,Mesh,2,20,0.1,0.0017581129587576003,56.87916666666667,0.1,False
9,product_type_name,Underwear bottom,1,20,0.05,0.031133250311332503,1.606,0.05,False
9,product_group_name,Underwear,1,20,0.05,0.06768734891216761,0.7386904761904761,0.05,False
9,colour_group_name,Dark Pink,1,20,0.05,0.007911508314409201,6.319907407407407,0.05,False
9,colour_group_name,Light Pink,1,20,0.05,0.036773862720679805,1.3596613545816734,0.05,False
9,colour_group_name,White,1,20,0.05,0.0960369203721339,0.5206331045003815,0.05,False
9,colour_group_name,Orange,1,20,0.05,0.008790564793788001,5.687916666666666,0.05,False
9,perceived_colour_master_name,White,1,20,0.05,0.12797597245623032,0.3906983400114482,0.05,False
9,perceived_colour_master_name,Red,1,20,0.05,0.0232217419969233,2.1531545741324924,0.05,False
9,graphical_appearance_name,Placement print,1,20,0.05,0.014650941322980001,3.4127500000000004,0.05,False
9,garment_group_name,"Under-, Nightwear",1,20,0.05,0.08475569555343931,0.5899308556611927,0.05,False
9,index_group_name,Ladieswear,1,20,0.05,0.5894806241301004,0.08482042997390332,0.05,False
9,section_name,Womens Lingerie,1,20,0.05,0.05765145410592631,0.8672808132147396,0.05,False
9,department_name,Expressive Lingerie,1,20,0.05,0.018313676653725002,2.7302,0.05,False
10,index_group_name,Ladieswear,18,20,0.9,0.5894806241301004,1.5267677395302597,0.9,True
10,graphical_appearance_name,Solid,14,20,0.7,0.5812760969892315,1.204247006931317,0.7,True
10,product_group_name,Garment Upper body,13,20,0.65,0.38905574683173394,1.6707117303709282,0.65,True
10,section_name,Womens Everyday Collection,10,20,0.5,0.12218885063365321,4.0920263788968825,0.5,False
10,garment_group_name,Knitwear,7,20,0.35,0.06695480184601861,5.227407002188183,0.35,False
10,department_name,Knitwear,7,20,0.35,0.039557541572046,8.84787037037037,0.35,False
10,product_type_name,Sweater,6,20,0.3,0.0791883378507069,3.788436632747456,0.3,False
10,colour_group_name,Black,6,20,0.3,0.28027250750860744,1.0703868269733403,0.3,False
10,perceived_colour_master_name,Black,6,20,0.3,0.28173760164090544,1.0648205928237129,0.3,False
10,garment_group_name,"Under-, Nightwear",6,20,0.3,0.08475569555343931,3.5395851339671562,0.3,False
10,section_name,"Womens Nightwear, Socks & Tigh",6,20,0.3,0.034869240348692404,8.603571428571428,0.3,False
10,department_name,Loungewear,6,20,0.3,0.009596366566551901,31.261832061068702,0.3,False
10,graphical_appearance_name,Melange,5,20,0.25,0.0617537176763607,4.048339264531435,0.25,False
10,product_group_name,Garment Lower body,4,20,0.2,0.2052596879349498,0.9743754461099216,0.2,False
10,product_type_name,Cardigan,3,20,0.15,0.014064903670060802,10.66484375,0.15,False
10,product_type_name,Trousers,3,20,0.15,0.1310526701340561,1.1445779765231974,0.15,False
10,colour_group_name,Light Beige,3,20,0.15,0.0478353234195297,3.135758039816233,0.15,False
10,perceived_colour_master_name,Grey,3,20,0.15,0.07113032012306791,2.10880535530381,0.15,False
10,perceived_colour_master_name,Beige,3,20,0.15,0.08482895026005421,1.768264248704663,0.15,False
10,garment_group_name,Trousers,3,20,0.15,0.0825580543549923,1.8169032830523513,0.15,False
10,product_type_name,Bra,2,20,0.1,0.0326715991502454,3.0607623318385655,0.1,False
10,product_type_name,Blazer,2,20,0.1,0.014211413083290601,7.036597938144331,0.1,False
10,product_group_name,Underwear,2,20,0.1,0.06768734891216761,1.4773809523809522,0.1,False
10,colour_group_name,Grey,2,20,0.1,0.031059995604717602,3.2195754716981133,0.1,False
10,colour_group_name,Beige,2,20,0.1,0.04585744634092741,2.1806709265175717,0.1,False
10,perceived_colour_master_name,White,2,20,0.1,0.12797597245623032,0.7813966800228964,0.1,False
10,garment_group_name,Dressed,2,20,0.1,0.013112592484067102,7.626256983240224,0.1,False
10,garment_group_name,Blouses,2,20,0.1,0.0860742802725075,1.1617872340425532,0.1,False
10,index_group_name,Divided,2,20,0.1,0.2062119991209435,0.4849378330373002,0.1,False
10,section_name,Divided Collection,2,20,0.1,0.10409493809977291,0.9606615059817031,0.1,False
10,department_name,Trousers,2,20,0.1,0.0164823089883525,6.067111111111111,0.1,False
10,department_name,Suit jacket,2,20,0.1,0.0053475935828877,18.700000000000003,0.1,False
10,department_name,Blouse,2,20,0.1,0.043293531609405904,2.309813874788494,0.1,False
10,product_type_name,Leggings/Tights,1,20,0.05,0.018313676653725002,2.7302,0.05,False
10,product_type_name,Top,1,20,0.05,0.050692256977510806,0.9863439306358381,0.05,False
10,product_type_name,Unknown,1,20,0.05,0.006080140649036701,8.223493975903615,0.05,False
10,product_type_name,Blouse,1,20,0.05,0.045344663394623105,1.1026655896607431,0.05,False
10,product_group_name,Unknown,1,20,0.05,0.006080140649036701,8.223493975903615,0.05,False
10,colour_group_name,Light Orange,1,20,0.05,0.014724196029594901,3.395771144278607,0.05,False
10,colour_group_name,Light Purple,1,20,0.05,0.008717310087173101,5.735714285714286,0.05,False
10,colour_group_name,Dark Green,1,20,0.05,0.018533440773569703,2.6978260869565216,0.05,False
10,colour_group_name,White,1,20,0.05,0.0960369203721339,0.5206331045003815,0.05,False
10,colour_group_name,Blue,1,20,0.05,0.033330891509779505,1.5001098901098902,0.05,False
10,colour_group_name,Dark Grey,1,20,0.05,0.029375137352574902,1.70211970074813,0.05,False
10,colour_group_name,Pink,1,20,0.05,0.021024100798476303,2.3782229965156794,0.05,False
10,perceived_colour_master_name,Orange,1,20,0.05,0.0273972602739726,1.8250000000000002,0.05,False
10,perceived_colour_master_name,Mole,1,20,0.05,0.021097355505091203,2.3699652777777778,0.05,False
10,perceived_colour_master_name,Lilac Purple,1,20,0.05,0.014724196029594901,3.395771144278607,0.05,False
10,perceived_colour_master_name,Green,1,20,0.05,0.027910043220276903,1.7914698162729659,0.05,False
10,perceived_colour_master_name,Blue,1,20,0.05,0.11933191707567212,0.41899938612645793,0.05,False
10,perceived_colour_master_name,Pink,1,20,0.05,0.06702805655263351,0.7459562841530054,0.05,False
10,graphical_appearance_name,Stripe,1,20,0.05,0.030034429712109,1.6647560975609759,0.05,False
10,section_name,Womens Casual,1,20,0.05,0.039557541572046,1.2639814814814816,0.05,False
10,section_name,Womens Tailoring,1,20,0.05,0.06343857592850341,0.7881639722863741,0.05,False
10,department_name,Trouser,1,20,0.05,0.0446121163284741,1.1207717569786537,0.05,False
11,index_group_name,Ladieswear,20,20,1.0,0.5894806241301004,1.6964085994780662,1.0,True
11,product_group_name,Garment Upper body,10,20,0.5,0.38905574683173394,1.2851628695160986,0.5,True
11,graphical_appearance_name,Solid,10,20,0.5,0.5812760969892315,0.8601764335223693,0.5,True
11,product_group_name,Garment Lower body,9,20,0.45,0.2052596879349498,2.1923447537473235,0.45,False
11,colour_group_name,Black,9,20,0.45,0.28027250750860744,1.6055802404600104,0.45,False
11,perceived_colour_master_name,Black,9,20,0.45,0.28173760164090544,1.5972308892355693,0.45,False
11,garment_group_name,Jersey Fancy,9,20,0.45,0.16672771225551242,2.699011423550088,0.45,False
11,section_name,Mama,9,20,0.45,0.023294996703538202,19.31745283018868,0.45,False
11,department_name,Jersey,8,20,0.4,0.060801406490367006,6.578795180722892,0.4,False
11,product_type_name,Trousers,5,20,0.25,0.1310526701340561,1.9076299608719955,0.25,False
11,garment_group_name,Trousers,5,20,0.25,0.0825580543549923,3.0281721384205857,0.25,False
11,section_name,Womens Tailoring,5,20,0.25,0.06343857592850341,3.9408198614318706,0.25,False
11,product_type_name,Top,4,20,0.2,0.050692256977510806,3.9453757225433526,0.2,False
11,product_type_name,Leggings/Tights,4,20,0.2,0.018313676653725002,10.9208,0.2,False
11,graphical_appearance_name,Denim,4,20,0.2,0.074719800747198,2.676666666666667,0.2,False
11,department_name,Woven bottoms,4,20,0.2,0.009669621273166801,20.683333333333334,0.2,False
11,perceived_colour_master_name,Beige,3,20,0.15,0.08482895026005421,1.768264248704663,0.15,False
11,perceived_colour_master_name,White,3,20,0.15,0.12797597245623032,1.1720950200343445,0.15,False
11,graphical_appearance_name,All over pattern,3,20,0.15,0.10709838107098381,1.400581395348837,0.15,False
11,section_name,Womens Everyday Collection,3,20,0.15,0.12218885063365321,1.2276079136690647,0.15,False
11,product_type_name,T-shirt,2,20,0.1,0.05757819939931141,1.7367684478371501,0.1,False
11,product_type_name,Blouse,2,20,0.1,0.045344663394623105,2.2053311793214863,0.1,False
11,colour_group_name,Beige,2,20,0.1,0.04585744634092741,2.1806709265175717,0.1,False
11,colour_group_name,White,2,20,0.1,0.0960369203721339,1.041266209000763,0.1,False
11,perceived_colour_master_name,Grey,2,20,0.1,0.07113032012306791,1.4058702368692069,0.1,False
11,garment_group_name,Jersey Basic,2,20,0.1,0.09003003442971211,1.1107404393816112,0.1,False
11,garment_group_name,Blouses,2,20,0.1,0.0860742802725075,1.1617872340425532,0.1,False
11,section_name,Womens Everyday Basics,2,20,0.1,0.027177496154127904,3.6795148247978435,0.1,False
11,department_name,Jersey Basic,2,20,0.1,0.026737967914438502,3.74,0.1,False
11,department_name,Blouse,2,20,0.1,0.043293531609405904,2.309813874788494,0.1,False
11,product_type_name,Sweater,1,20,0.05,0.0791883378507069,0.6314061054579094,0.05,False
11,product_type_name,Blazer,1,20,0.05,0.014211413083290601,3.5182989690721653,0.05,False
11,product_type_name,Dress,1,20,0.05,0.11750054941029961,0.4255299251870325,0.05,False
11,product_group_name,Garment Full body,1,20,0.05,0.1304666324811369,0.3832397529477822,0.05,False
11,colour_group_name,Light Beige,1,20,0.05,0.0478353234195297,1.0452526799387445,0.05,False
11,colour_group_name,Dark Grey,1,20,0.05,0.029375137352574902,1.70211970074813,0.05,False
11,colour_group_name,Grey,1,20,0.05,0.031059995604717602,1.6097877358490567,0.05,False
11,colour_group_name,Dark Green,1,20,0.05,0.018533440773569703,2.6978260869565216,0.05,False
11,colour_group_name,Off White,1,20,0.05,0.030180939125338802,1.6566747572815534,0.05,False
11,colour_group_name,Dark Blue,1,20,0.05,0.058970038824994506,0.847888198757764,0.05,False
11,colour_group_name,Pink,1,20,0.05,0.021024100798476303,2.3782229965156794,0.05,False
11,perceived_colour_master_name,Green,1,20,0.05,0.027910043220276903,1.7914698162729659,0.05,False
11,perceived_colour_master_name,Blue,1,20,0.05,0.11933191707567212,0.41899938612645793,0.05,False
11,perceived_colour_master_name,Pink,1,20,0.05,0.06702805655263351,0.7459562841530054,0.05,False
11,graphical_appearance_name,Stripe,1,20,0.05,0.030034429712109,1.6647560975609759,0.05,False
11,graphical_appearance_name,Melange,1,20,0.05,0.0617537176763607,0.8096678529062872,0.05,False
11,graphical_appearance_name,Other structure,1,20,0.05,0.022855468463848803,2.1876602564102563,0.05,False
11,garment_group_name,"Under-, Nightwear",1,20,0.05,0.08475569555343931,0.5899308556611927,0.05,False
11,garment_group_name,Dressed,1,20,0.05,0.013112592484067102,3.813128491620112,0.05,False
11,section_name,"Womens Nightwear, Socks & Tigh",1,20,0.05,0.034869240348692404,1.4339285714285714,0.05,False
11,department_name,Trouser,1,20,0.05,0.0446121163284741,1.1207717569786537,0.05,False
11,department_name,Loungewear,1,20,0.05,0.009596366566551901,5.21030534351145,0.05,False
11,department_name,Suit,1,20,0.05,0.0057871218225771,8.63987341772152,0.05,False
11,department_name,Jersey fancy,1,20,0.05,0.0247600908358362,2.0193786982248523,0.05,False
12,index_group_name,Ladieswear,20,20,1.0,0.5894806241301004,1.6964085994780662,1.0,True
12,graphical_appearance_name,Solid,19,20,0.95,0.5812760969892315,1.6343352236925015,0.95,True
12,colour_group_name,Black,14,20,0.7,0.28027250750860744,2.4975692629377937,0.7,True
12,perceived_colour_master_name,Black,14,20,0.7,0.28173760164090544,2.48458138325533,0.7,False
12,product_group_name,Garment Upper body,11,20,0.55,0.38905574683173394,1.4136791564677087,0.55,False
12,section_name,Womens Tailoring,10,20,0.5,0.06343857592850341,7.881639722863741,0.5,False
12,product_type_name,Trousers,7,20,0.35,0.1310526701340561,2.6706819452207937,0.35,False
12,product_group_name,Garment Lower body,7,20,0.35,0.2052596879349498,1.7051570306923627,0.35,False
12,section_name,H&M+,7,20,0.35,0.026811222621053402,13.054234972677595,0.35,False
12,garment_group_name,Jersey Fancy,6,20,0.3,0.16672771225551242,1.7993409490333918,0.3,False
12,garment_group_name,Trousers,6,20,0.3,0.0825580543549923,3.6338065661047025,0.3,False
12,department_name,Jersey,6,20,0.3,0.060801406490367006,4.934096385542168,0.3,False
12,product_type_name,Top,5,20,0.25,0.050692256977510806,4.931719653179191,0.25,False
12,department_name,Trouser,4,20,0.2,0.0446121163284741,4.483087027914615,0.2,False
12,product_type_name,Blazer,3,20,0.15,0.014211413083290601,10.554896907216495,0.15,False
12,colour_group_name,Dark Blue,3,20,0.15,0.058970038824994506,2.543664596273292,0.15,False
12,perceived_colour_master_name,Blue,3,20,0.15,0.11933191707567212,1.2569981583793737,0.15,False
12,garment_group_name,Knitwear,3,20,0.15,0.06695480184601861,2.2403172866520786,0.15,False
12,garment_group_name,Dressed,3,20,0.15,0.013112592484067102,11.439385474860334,0.15,False
12,department_name,Knitwear,3,20,0.15,0.039557541572046,3.7919444444444443,0.15,False
12,department_name,Suit,3,20,0.15,0.0057871218225771,25.919620253164556,0.15,False
12,product_type_name,Dress,2,20,0.1,0.11750054941029961,0.851059850374065,0.1,False
12,product_type_name,Sweater,2,20,0.1,0.0791883378507069,1.2628122109158189,0.1,False
12,product_group_name,Garment Full body,2,20,0.1,0.1304666324811369,0.7664795058955644,0.1,False
12,section_name,Womens Everyday Collection,2,20,0.1,0.12218885063365321,0.8184052757793765,0.1,False
12,department_name,Woven bottoms,2,20,0.1,0.009669621273166801,10.341666666666667,0.1,False
12,product_type_name,Cardigan,1,20,0.05,0.014064903670060802,3.554947916666667,0.05,False
12,colour_group_name,Dark Grey,1,20,0.05,0.029375137352574902,1.70211970074813,0.05,False
12,colour_group_name,White,1,20,0.05,0.0960369203721339,0.5206331045003815,0.05,False
12,colour_group_name,Dark Red,1,20,0.05,0.0128195736576075,3.900285714285715,0.05,False
12,perceived_colour_master_name,Grey,1,20,0.05,0.07113032012306791,0.7029351184346034,0.05,False
12,perceived_colour_master_name,White,1,20,0.05,0.12797597245623032,0.3906983400114482,0.05,False
12,perceived_colour_master_name,Red,1,20,0.05,0.0232217419969233,2.1531545741324924,0.05,False
12,graphical_appearance_name,Denim,1,20,0.05,0.074719800747198,0.6691666666666668,0.05,False
12,garment_group_name,Trousers Denim,1,20,0.05,0.0430737674895612,1.1607993197278912,0.05,False
12,garment_group_name,Blouses,1,20,0.05,0.0860742802725075,0.5808936170212766,0.05,False
12,section_name,Ladies Denim,1,20,0.05,0.028862354406270604,1.7323604060913707,0.05,False
12,department_name,OL Extended Sizes,1,20,0.05,0.005054574756428101,9.892028985507247,0.05,False
12,department_name,Woven top,1,20,0.05,0.007032451835030401,7.109895833333334,0.05,False
13,garment_group_name,Jersey Fancy,19,20,0.95,0.16672771225551242,5.697913005272407,0.95,True
13,index_group_name,Sport,19,20,0.95,0.033111127389934804,28.6912610619469,0.95,True
13,section_name,Ladies H&M Sport,19,20,0.95,0.0265182037945938,35.82444751381215,0.95,True
13,department_name,Ladies Sport Bras,12,20,0.6,0.014943960149439602,40.15,0.6,False
13,product_group_name,Garment Upper body,11,20,0.55,0.38905574683173394,1.4136791564677087,0.55,False
13,colour_group_name,Black,9,20,0.45,0.28027250750860744,1.6055802404600104,0.45,False
13,perceived_colour_master_name,Black,9,20,0.45,0.28173760164090544,1.5972308892355693,0.45,False
13,graphical_appearance_name,Solid,9,20,0.45,0.5812760969892315,0.7741587901701323,0.45,False
13,graphical_appearance_name,Melange,8,20,0.4,0.0617537176763607,6.477342823250297,0.4,False
13,department_name,Ladies Sport Bottoms,7,20,0.35,0.0068859424218006005,50.8281914893617,0.35,False
13,product_type_name,Leggings/Tights,6,20,0.3,0.018313676653725002,16.3812,0.3,False
13,product_type_name,Top,6,20,0.3,0.050692256977510806,5.918063583815028,0.3,False
13,product_group_name,Garment Lower body,6,20,0.3,0.2052596879349498,1.4615631691648823,0.3,False
13,colour_group_name,Green,5,20,0.25,0.009742875979781702,25.659774436090224,0.25,False
13,perceived_colour_master_name,Grey,5,20,0.25,0.07113032012306791,3.5146755921730173,0.25,False
13,product_type_name,Vest top,3,20,0.15,0.030107684418723902,4.982116788321168,0.15,False
13,product_type_name,Unknown,2,20,0.1,0.006080140649036701,16.44698795180723,0.1,False
13,product_type_name,T-shirt,2,20,0.1,0.05757819939931141,1.7367684478371501,0.1,False
13,product_group_name,Unknown,2,20,0.1,0.006080140649036701,16.44698795180723,0.1,False
13,colour_group_name,Greenish Khaki,2,20,0.1,0.027910043220276903,3.5829396325459317,0.1,False
13,perceived_colour_master_name,Khaki green,2,20,0.1,0.035015749761922205,2.855857740585774,0.1,False
13,perceived_colour_master_name,Pink,2,20,0.1,0.06702805655263351,1.4919125683060108,0.1,False
13,graphical_appearance_name,Mesh,2,20,0.1,0.0017581129587576003,56.87916666666667,0.1,False
13,product_type_name,Underwear bottom,1,20,0.05,0.031133250311332503,1.606,0.05,False
13,product_group_name,Underwear,1,20,0.05,0.06768734891216761,0.7386904761904761,0.05,False
13,colour_group_name,Dark Pink,1,20,0.05,0.007911508314409201,6.319907407407407,0.05,False
13,colour_group_name,Light Pink,1,20,0.05,0.036773862720679805,1.3596613545816734,0.05,False
13,colour_group_name,White,1,20,0.05,0.0960369203721339,0.5206331045003815,0.05,False
13,colour_group_name,Orange,1,20,0.05,0.008790564793788001,5.687916666666666,0.05,False
13,perceived_colour_master_name,White,1,20,0.05,0.12797597245623032,0.3906983400114482,0.05,False
13,perceived_colour_master_name,Red,1,20,0.05,0.0232217419969233,2.1531545741324924,0.05,False
13,graphical_appearance_name,Placement print,1,20,0.05,0.014650941322980001,3.4127500000000004,0.05,False
13,garment_group_name,"Under-, Nightwear",1,20,0.05,0.08475569555343931,0.5899308556611927,0.05,False
13,index_group_name,Ladieswear,1,20,0.05,0.5894806241301004,0.08482042997390332,0.05,False
13,section_name,Womens Lingerie,1,20,0.05,0.05765145410592631,0.8672808132147396,0.05,False
13,department_name,Expressive Lingerie,1,20,0.05,0.018313676653725002,2.7302,0.05,False
14,index_group_name,Ladieswear,18,20,0.9,0.5894806241301004,1.5267677395302597,0.9,True
14,graphical_appearance_name,Solid,14,20,0.7,0.5812760969892315,1.204247006931317,0.7,True
14,product_group_name,Garment Upper body,13,20,0.65,0.38905574683173394,1.6707117303709282,0.65,True
14,section_name,Womens Everyday Collection,10,20,0.5,0.12218885063365321,4.0920263788968825,0.5,False
14,garment_group_name,Knitwear,7,20,0.35,0.06695480184601861,5.227407002188183,0.35,False
14,department_name,Knitwear,7,20,0.35,0.039557541572046,8.84787037037037,0.35,False
14,product_type_name,Sweater,6,20,0.3,0.0791883378507069,3.788436632747456,0.3,False
14,colour_group_name,Black,6,20,0.3,0.28027250750860744,1.0703868269733403,0.3,False
14,perceived_colour_master_name,Black,6,20,0.3,0.28173760164090544,1.0648205928237129,0.3,False
14,garment_group_name,"Under-, Nightwear",6,20,0.3,0.08475569555343931,3.5395851339671562,0.3,False
14,section_name,"Womens Nightwear, Socks & Tigh",6,20,0.3,0.034869240348692404,8.603571428571428,0.3,False
14,department_name,Loungewear,6,20,0.3,0.009596366566551901,31.261832061068702,0.3,False
14,graphical_appearance_name,Melange,5,20,0.25,0.0617537176763607,4.048339264531435,0.25,False
14,product_group_name,Garment Lower body,4,20,0.2,0.2052596879349498,0.9743754461099216,0.2,False
14,product_type_name,Cardigan,3,20,0.15,0.014064903670060802,10.66484375,0.15,False
14,product_type_name,Trousers,3,20,0.15,0.1310526701340561,1.1445779765231974,0.15,False
14,colour_group_name,Light Beige,3,20,0.15,0.0478353234195297,3.135758039816233,0.15,False
14,perceived_colour_master_name,Grey,3,20,0.15,0.07113032012306791,2.10880535530381,0.15,False
14,perceived_colour_master_name,Beige,3,20,0.15,0.08482895026005421,1.768264248704663,0.15,False
14,garment_group_name,Trousers,3,20,0.15,0.0825580543549923,1.8169032830523513,0.15,False
14,product_type_name,Bra,2,20,0.1,0.0326715991502454,3.0607623318385655,0.1,False
14,product_type_name,Blazer,2,20,0.1,0.014211413083290601,7.036597938144331,0.1,False
14,product_group_name,Underwear,2,20,0.1,0.06768734891216761,1.4773809523809522,0.1,False
14,colour_group_name,Grey,2,20,0.1,0.031059995604717602,3.2195754716981133,0.1,False
14,colour_group_name,Beige,2,20,0.1,0.04585744634092741,2.1806709265175717,0.1,False
14,perceived_colour_master_name,White,2,20,0.1,0.12797597245623032,0.7813966800228964,0.1,False
14,garment_group_name,Dressed,2,20,0.1,0.013112592484067102,7.626256983240224,0.1,False
14,garment_group_name,Blouses,2,20,0.1,0.0860742802725075,1.1617872340425532,0.1,False
14,index_group_name,Divided,2,20,0.1,0.2062119991209435,0.4849378330373002,0.1,False
14,section_name,Divided Collection,2,20,0.1,0.10409493809977291,0.9606615059817031,0.1,False
14,department_name,Trousers,2,20,0.1,0.0164823089883525,6.067111111111111,0.1,False
14,department_name,Suit jacket,2,20,0.1,0.0053475935828877,18.700000000000003,0.1,False
14,department_name,Blouse,2,20,0.1,0.043293531609405904,2.309813874788494,0.1,False
14,product_type_name,Leggings/Tights,1,20,0.05,0.018313676653725002,2.7302,0.05,False
14,product_type_name,Top,1,20,0.05,0.050692256977510806,0.9863439306358381,0.05,False
14,product_type_name,Unknown,1,20,0.05,0.006080140649036701,8.223493975903615,0.05,False
14,product_type_name,Blouse,1,20,0.05,0.045344663394623105,1.1026655896607431,0.05,False
14,product_group_name,Unknown,1,20,0.05,0.006080140649036701,8.223493975903615,0.05,False
14,colour_group_name,Light Orange,1,20,0.05,0.014724196029594901,3.395771144278607,0.05,False
14,colour_group_name,Light Purple,1,20,0.05,0.008717310087173101,5.735714285714286,0.05,False
14,colour_group_name,Dark Green,1,20,0.05,0.018533440773569703,2.6978260869565216,0.05,False
14,colour_group_name,White,1,20,0.05,0.0960369203721339,0.5206331045003815,0.05,False
14,colour_group_name,Blue,1,20,0.05,0.033330891509779505,1.5001098901098902,0.05,False
14,colour_group_name,Dark Grey,1,20,0.05,0.029375137352574902,1.70211970074813,0.05,False
14,colour_group_name,Pink,1,20,0.05,0.021024100798476303,2.3782229965156794,0.05,False
14,perceived_colour_master_name,Orange,1,20,0.05,0.0273972602739726,1.8250000000000002,0.05,False
14,perceived_colour_master_name,Mole,1,20,0.05,0.021097355505091203,2.3699652777777778,0.05,False
14,perceived_colour_master_name,Lilac Purple,1,20,0.05,0.014724196029594901,3.395771144278607,0.05,False
14,perceived_colour_master_name,Green,1,20,0.05,0.027910043220276903,1.7914698162729659,0.05,False
14,perceived_colour_master_name,Blue,1,20,0.05,0.11933191707567212,0.41899938612645793,0.05,False
14,perceived_colour_master_name,Pink,1,20,0.05,0.06702805655263351,0.7459562841530054,0.05,False
14,graphical_appearance_name,Stripe,1,20,0.05,0.030034429712109,1.6647560975609759,0.05,False
14,section_name,Womens Casual,1,20,0.05,0.039557541572046,1.2639814814814816,0.05,False
14,section_name,Womens Tailoring,1,20,0.05,0.06343857592850341,0.7881639722863741,0.05,False
14,department_name,Trouser,1,20,0.05,0.0446121163284741,1.1207717569786537,0.05,False
15,index_group_name,Ladieswear,18,20,0.9,0.5894806241301004,1.5267677395302597,0.9,True
15,graphical_appearance_name,Solid,14,20,0.7,0.5812760969892315,1.204247006931317,0.7,True
15,product_group_name,Garment Upper body,13,20,0.65,0.38905574683173394,1.6707117303709282,0.65,True
15,section_name,Womens Everyday Collection,10,20,0.5,0.12218885063365321,4.0920263788968825,0.5,False
15,garment_group_name,Knitwear,8,20,0.4,0.06695480184601861,5.97417943107221,0.4,False
15,department_name,Knitwear,8,20,0.4,0.039557541572046,10.111851851851853,0.4,False
15,product_type_name,Sweater,7,20,0.35,0.0791883378507069,4.419842738205365,0.35,False
15,colour_group_name,Black,7,20,0.35,0.28027250750860744,1.2487846314688968,0.35,False
15,perceived_colour_master_name,Black,7,20,0.35,0.28173760164090544,1.242290691627665,0.35,False
15,garment_group_name,"Under-, Nightwear",6,20,0.3,0.08475569555343931,3.5395851339671562,0.3,False
15,section_name,"Womens Nightwear, Socks & Tigh",6,20,0.3,0.034869240348692404,8.603571428571428,0.3,False
15,department_name,Loungewear,6,20,0.3,0.009596366566551901,31.261832061068702,0.3,False
15,graphical_appearance_name,Melange,5,20,0.25,0.0617537176763607,4.048339264531435,0.25,False
15,product_group_name,Garment Lower body,4,20,0.2,0.2052596879349498,0.9743754461099216,0.2,False
15,product_type_name,Cardigan,3,20,0.15,0.014064903670060802,10.66484375,0.15,False
15,product_type_name,Trousers,3,20,0.15,0.1310526701340561,1.1445779765231974,0.15,False
15,colour_group_name,Light Beige,3,20,0.15,0.0478353234195297,3.135758039816233,0.15,False
15,perceived_colour_master_name,Grey,3,20,0.15,0.07113032012306791,2.10880535530381,0.15,False
15,perceived_colour_master_name,Beige,3,20,0.15,0.08482895026005421,1.768264248704663,0.15,False
15,garment_group_name,Trousers,3,20,0.15,0.0825580543549923,1.8169032830523513,0.15,False
15,product_type_name,Bra,2,20,0.1,0.0326715991502454,3.0607623318385655,0.1,False
15,product_type_name,Blazer,2,20,0.1,0.014211413083290601,7.036597938144331,0.1,False
15,product_group_name,Underwear,2,20,0.1,0.06768734891216761,1.4773809523809522,0.1,False
15,colour_group_name,Grey,2,20,0.1,0.031059995604717602,3.2195754716981133,0.1,False
15,colour_group_name,Beige,2,20,0.1,0.04585744634092741,2.1806709265175717,0.1,False
15,perceived_colour_master_name,White,2,20,0.1,0.12797597245623032,0.7813966800228964,0.1,False
15,garment_group_name,Dressed,2,20,0.1,0.013112592484067102,7.626256983240224,0.1,False
15,index_group_name,Divided,2,20,0.1,0.2062119991209435,0.4849378330373002,0.1,False
15,section_name,Divided Collection,2,20,0.1,0.10409493809977291,0.9606615059817031,0.1,False
15,department_name,Trousers,2,20,0.1,0.0164823089883525,6.067111111111111,0.1,False
15,department_name,Suit jacket,2,20,0.1,0.0053475935828877,18.700000000000003,0.1,False
15,product_type_name,Leggings/Tights,1,20,0.05,0.018313676653725002,2.7302,0.05,False
15,product_type_name,Top,1,20,0.05,0.050692256977510806,0.9863439306358381,0.05,False
15,product_type_name,Unknown,1,20,0.05,0.006080140649036701,8.223493975903615,0.05,False
15,product_group_name,Unknown,1,20,0.05,0.006080140649036701,8.223493975903615,0.05,False
15,colour_group_name,Light Orange,1,20,0.05,0.014724196029594901,3.395771144278607,0.05,False
15,colour_group_name,Light Purple,1,20,0.05,0.008717310087173101,5.735714285714286,0.05,False
15,colour_group_name,Dark Green,1,20,0.05,0.018533440773569703,2.6978260869565216,0.05,False
15,colour_group_name,White,1,20,0.05,0.0960369203721339,0.5206331045003815,0.05,False
15,colour_group_name,Blue,1,20,0.05,0.033330891509779505,1.5001098901098902,0.05,False
15,colour_group_name,Dark Grey,1,20,0.05,0.029375137352574902,1.70211970074813,0.05,False
15,perceived_colour_master_name,Orange,1,20,0.05,0.0273972602739726,1.8250000000000002,0.05,False
15,perceived_colour_master_name,Mole,1,20,0.05,0.021097355505091203,2.3699652777777778,0.05,False
15,perceived_colour_master_name,Lilac Purple,1,20,0.05,0.014724196029594901,3.395771144278607,0.05,False
15,perceived_colour_master_name,Green,1,20,0.05,0.027910043220276903,1.7914698162729659,0.05,False
15,perceived_colour_master_name,Blue,1,20,0.05,0.11933191707567212,0.41899938612645793,0.05,False
15,graphical_appearance_name,Stripe,1,20,0.05,0.030034429712109,1.6647560975609759,0.05,False
15,garment_group_name,Blouses,1,20,0.05,0.0860742802725075,0.5808936170212766,0.05,False
15,section_name,Womens Casual,1,20,0.05,0.039557541572046,1.2639814814814816,0.05,False
15,section_name,Womens Tailoring,1,20,0.05,0.06343857592850341,0.7881639722863741,0.05,False
15,department_name,Blouse,1,20,0.05,0.043293531609405904,1.154906937394247,0.05,False
15,department_name,Trouser,1,20,0.05,0.0446121163284741,1.1207717569786537,0.05,False
16,index_group_name,Ladieswear,20,20,1.0,0.5894806241301004,1.6964085994780662,1.0,True
16,product_group_name,Garment Upper body,10,20,0.5,0.38905574683173394,1.2851628695160986,0.5,True
16,graphical_appearance_name,Solid,10,20,0.5,0.5812760969892315,0.8601764335223693,0.5,True
16,product_group_name,Garment Lower body,9,20,0.45,0.2052596879349498,2.1923447537473235,0.45,False
16,colour_group_name,Black,9,20,0.45,0.28027250750860744,1.6055802404600104,0.45,False
16,perceived_colour_master_name,Black,9,20,0.45,0.28173760164090544,1.5972308892355693,0.45,False
16,garment_group_name,Jersey Fancy,9,20,0.45,0.16672771225551242,2.699011423550088,0.45,False
16,section_name,Mama,9,20,0.45,0.023294996703538202,19.31745283018868,0.45,False
16,department_name,Jersey,8,20,0.4,0.060801406490367006,6.578795180722892,0.4,False
16,product_type_name,Trousers,5,20,0.25,0.1310526701340561,1.9076299608719955,0.25,False
16,garment_group_name,Trousers,5,20,0.25,0.0825580543549923,3.0281721384205857,0.25,False
16,section_name,Womens Tailoring,5,20,0.25,0.06343857592850341,3.9408198614318706,0.25,False
16,product_type_name,Top,4,20,0.2,0.050692256977510806,3.9453757225433526,0.2,False
16,product_type_name,Leggings/Tights,4,20,0.2,0.018313676653725002,10.9208,0.2,False
16,graphical_appearance_name,Denim,4,20,0.2,0.074719800747198,2.676666666666667,0.2,False
16,department_name,Woven bottoms,4,20,0.2,0.009669621273166801,20.683333333333334,0.2,False
16,perceived_colour_master_name,Beige,3,20,0.15,0.08482895026005421,1.768264248704663,0.15,False
16,perceived_colour_master_name,White,3,20,0.15,0.12797597245623032,1.1720950200343445,0.15,False
16,graphical_appearance_name,All over pattern,3,20,0.15,0.10709838107098381,1.400581395348837,0.15,False
16,section_name,Womens Everyday Collection,3,20,0.15,0.12218885063365321,1.2276079136690647,0.15,False
16,product_type_name,T-shirt,2,20,0.1,0.05757819939931141,1.7367684478371501,0.1,False
16,product_type_name,Blouse,2,20,0.1,0.045344663394623105,2.2053311793214863,0.1,False
16,colour_group_name,Beige,2,20,0.1,0.04585744634092741,2.1806709265175717,0.1,False
16,colour_group_name,White,2,20,0.1,0.0960369203721339,1.041266209000763,0.1,False
16,perceived_colour_master_name,Grey,2,20,0.1,0.07113032012306791,1.4058702368692069,0.1,False
16,garment_group_name,Jersey Basic,2,20,0.1,0.09003003442971211,1.1107404393816112,0.1,False
16,garment_group_name,Blouses,2,20,0.1,0.0860742802725075,1.1617872340425532,0.1,False
16,section_name,Womens Everyday Basics,2,20,0.1,0.027177496154127904,3.6795148247978435,0.1,False
16,department_name,Jersey Basic,2,20,0.1,0.026737967914438502,3.74,0.1,False
16,department_name,Blouse,2,20,0.1,0.043293531609405904,2.309813874788494,0.1,False
16,product_type_name,Sweater,1,20,0.05,0.0791883378507069,0.6314061054579094,0.05,False
16,product_type_name,Blazer,1,20,0.05,0.014211413083290601,3.5182989690721653,0.05,False
16,product_type_name,Dress,1,20,0.05,0.11750054941029961,0.4255299251870325,0.05,False
16,product_group_name,Garment Full body,1,20,0.05,0.1304666324811369,0.3832397529477822,0.05,False
16,colour_group_name,Light Beige,1,20,0.05,0.0478353234195297,1.0452526799387445,0.05,False
16,colour_group_name,Dark Grey,1,20,0.05,0.029375137352574902,1.70211970074813,0.05,False
16,colour_group_name,Grey,1,20,0.05,0.031059995604717602,1.6097877358490567,0.05,False
16,colour_group_name,Dark Green,1,20,0.05,0.018533440773569703,2.6978260869565216,0.05,False
16,colour_group_name,Off White,1,20,0.05,0.030180939125338802,1.6566747572815534,0.05,False
16,colour_group_name,Dark Blue,1,20,0.05,0.058970038824994506,0.847888198757764,0.05,False
16,colour_group_name,Pink,1,20,0.05,0.021024100798476303,2.3782229965156794,0.05,False
16,perceived_colour_master_name,Green,1,20,0.05,0.027910043220276903,1.7914698162729659,0.05,False
16,perceived_colour_master_name,Blue,1,20,0.05,0.11933191707567212,0.41899938612645793,0.05,False
16,perceived_colour_master_name,Pink,1,20,0.05,0.06702805655263351,0.7459562841530054,0.05,False
16,graphical_appearance_name,Stripe,1,20,0.05,0.030034429712109,1.6647560975609759,0.05,False
16,graphical_appearance_name,Melange,1,20,0.05,0.0617537176763607,0.8096678529062872,0.05,False
16,graphical_appearance_name,Other structure,1,20,0.05,0.022855468463848803,2.1876602564102563,0.05,False
16,garment_group_name,"Under-, Nightwear",1,20,0.05,0.08475569555343931,0.5899308556611927,0.05,False
16,garment_group_name,Dressed,1,20,0.05,0.013112592484067102,3.813128491620112,0.05,False
16,section_name,"Womens Nightwear, Socks & Tigh",1,20,0.05,0.034869240348692404,1.4339285714285714,0.05,False
16,department_name,Trouser,1,20,0.05,0.0446121163284741,1.1207717569786537,0.05,False
16,department_name,Loungewear,1,20,0.05,0.009596366566551901,5.21030534351145,0.05,False
16,department_name,Suit,1,20,0.05,0.0057871218225771,8.63987341772152,0.05,False
16,department_name,Jersey fancy,1,20,0.05,0.0247600908358362,2.0193786982248523,0.05,False
17,index_group_name,Ladieswear,18,20,0.9,0.5894806241301004,1.5267677395302597,0.9,True
17,graphical_appearance_name,Solid,14,20,0.7,0.5812760969892315,1.204247006931317,0.7,True
17,product_group_name,Garment Upper body,13,20,0.65,0.38905574683173394,1.6707117303709282,0.65,True
17,section_name,Womens Everyday Collection,10,20,0.5,0.12218885063365321,4.0920263788968825,0.5,False
17,garment_group_name,Knitwear,8,20,0.4,0.06695480184601861,5.97417943107221,0.4,False
17,department_name,Knitwear,8,20,0.4,0.039557541572046,10.111851851851853,0.4,False
17,product_type_name,Sweater,7,20,0.35,0.0791883378507069,4.419842738205365,0.35,False
17,colour_group_name,Black,7,20,0.35,0.28027250750860744,1.2487846314688968,0.35,False
17,perceived_colour_master_name,Black,7,20,0.35,0.28173760164090544,1.242290691627665,0.35,False
17,garment_group_name,"Under-, Nightwear",6,20,0.3,0.08475569555343931,3.5395851339671562,0.3,False
17,section_name,"Womens Nightwear, Socks & Tigh",6,20,0.3,0.034869240348692404,8.603571428571428,0.3,False
17,department_name,Loungewear,6,20,0.3,0.009596366566551901,31.261832061068702,0.3,False
17,graphical_appearance_name,Melange,5,20,0.25,0.0617537176763607,4.048339264531435,0.25,False
17,product_group_name,Garment Lower body,4,20,0.2,0.2052596879349498,0.9743754461099216,0.2,False
17,product_type_name,Cardigan,3,20,0.15,0.014064903670060802,10.66484375,0.15,False
17,product_type_name,Trousers,3,20,0.15,0.1310526701340561,1.1445779765231974,0.15,False
17,colour_group_name,Light Beige,3,20,0.15,0.0478353234195297,3.135758039816233,0.15,False
17,perceived_colour_master_name,Grey,3,20,0.15,0.07113032012306791,2.10880535530381,0.15,False
17,perceived_colour_master_name,Beige,3,20,0.15,0.08482895026005421,1.768264248704663,0.15,False
17,garment_group_name,Trousers,3,20,0.15,0.0825580543549923,1.8169032830523513,0.15,False
17,product_type_name,Bra,2,20,0.1,0.0326715991502454,3.0607623318385655,0.1,False
17,product_type_name,Blazer,2,20,0.1,0.014211413083290601,7.036597938144331,0.1,False
17,product_group_name,Underwear,2,20,0.1,0.06768734891216761,1.4773809523809522,0.1,False
17,colour_group_name,Grey,2,20,0.1,0.031059995604717602,3.2195754716981133,0.1,False
17,colour_group_name,Beige,2,20,0.1,0.04585744634092741,2.1806709265175717,0.1,False
17,perceived_colour_master_name,White,2,20,0.1,0.12797597245623032,0.7813966800228964,0.1,False
17,garment_group_name,Dressed,2,20,0.1,0.013112592484067102,7.626256983240224,0.1,False
17,index_group_name,Divided,2,20,0.1,0.2062119991209435,0.4849378330373002,0.1,False
17,section_name,Divided Collection,2,20,0.1,0.10409493809977291,0.9606615059817031,0.1,False
17,department_name,Trousers,2,20,0.1,0.0164823089883525,6.067111111111111,0.1,False
17,department_name,Suit jacket,2,20,0.1,0.0053475935828877,18.700000000000003,0.1,False
17,product_type_name,Leggings/Tights,1,20,0.05,0.018313676653725002,2.7302,0.05,False
17,product_type_name,Top,1,20,0.05,0.050692256977510806,0.9863439306358381,0.05,False
17,product_type_name,Unknown,1,20,0.05,0.006080140649036701,8.223493975903615,0.05,False
17,product_group_name,Unknown,1,20,0.05,0.006080140649036701,8.223493975903615,0.05,False
17,colour_group_name,Light Orange,1,20,0.05,0.014724196029594901,3.395771144278607,0.05,False
17,colour_group_name,Light Purple,1,20,0.05,0.008717310087173101,5.735714285714286,0.05,False
17,colour_group_name,Dark Green,1,20,0.05,0.018533440773569703,2.6978260869565216,0.05,False
17,colour_group_name,White,1,20,0.05,0.0960369203721339,0.5206331045003815,0.05,False
17,colour_group_name,Blue,1,20,0.05,0.033330891509779505,1.5001098901098902,0.05,False
17,colour_group_name,Dark Grey,1,20,0.05,0.029375137352574902,1.70211970074813,0.05,False
17,perceived_colour_master_name,Orange,1,20,0.05,0.0273972602739726,1.8250000000000002,0.05,False
17,perceived_colour_master_name,Mole,1,20,0.05,0.021097355505091203,2.3699652777777778,0.05,False
17,perceived_colour_master_name,Lilac Purple,1,20,0.05,0.014724196029594901,3.395771144278607,0.05,False
17,perceived_colour_master_name,Green,1,20,0.05,0.027910043220276903,1.7914698162729659,0.05,False
17,perceived_colour_master_name,Blue,1,20,0.05,0.11933191707567212,0.41899938612645793,0.05,False
17,graphical_appearance_name,Stripe,1,20,0.05,0.030034429712109,1.6647560975609759,0.05,False
17,garment_group_name,Blouses,1,20,0.05,0.0860742802725075,0.5808936170212766,0.05,False
17,section_name,Womens Casual,1,20,0.05,0.039557541572046,1.2639814814814816,0.05,False
17,section_name,Womens Tailoring,1,20,0.05,0.06343857592850341,0.7881639722863741,0.05,False
17,department_name,Blouse,1,20,0.05,0.043293531609405904,1.154906937394247,0.05,False
17,department_name,Trouser,1,20,0.05,0.0446121163284741,1.1207717569786537,0.05,False
18,index_group_name,Ladieswear,20,20,1.0,0.5894806241301004,1.6964085994780662,1.0,True
18,graphical_appearance_name,Solid,19,20,0.95,0.5812760969892315,1.6343352236925015,0.95,True
18,colour_group_name,Black,14,20,0.7,0.28027250750860744,2.4975692629377937,0.7,True
18,perceived_colour_master_name,Black,14,20,0.7,0.28173760164090544,2.48458138325533,0.7,False
18,product_group_name,Garment Upper body,11,20,0.55,0.38905574683173394,1.4136791564677087,0.55,False
18,section_name,Womens Tailoring,10,20,0.5,0.06343857592850341,7.881639722863741,0.5,False
18,product_type_name,Trousers,7,20,0.35,0.1310526701340561,2.6706819452207937,0.35,False
18,product_group_name,Garment Lower body,7,20,0.35,0.2052596879349498,1.7051570306923627,0.35,False
18,section_name,H&M+,7,20,0.35,0.026811222621053402,13.054234972677595,0.35,False
18,garment_group_name,Jersey Fancy,6,20,0.3,0.16672771225551242,1.7993409490333918,0.3,False
18,garment_group_name,Trousers,6,20,0.3,0.0825580543549923,3.6338065661047025,0.3,False
18,department_name,Jersey,6,20,0.3,0.060801406490367006,4.934096385542168,0.3,False
18,product_type_name,Top,5,20,0.25,0.050692256977510806,4.931719653179191,0.25,False
18,department_name,Trouser,4,20,0.2,0.0446121163284741,4.483087027914615,0.2,False
18,product_type_name,Blazer,3,20,0.15,0.014211413083290601,10.554896907216495,0.15,False
18,colour_group_name,Dark Blue,3,20,0.15,0.058970038824994506,2.543664596273292,0.15,False
18,perceived_colour_master_name,Blue,3,20,0.15,0.11933191707567212,1.2569981583793737,0.15,False
18,garment_group_name,Knitwear,3,20,0.15,0.06695480184601861,2.2403172866520786,0.15,False
18,garment_group_name,Dressed,3,20,0.15,0.013112592484067102,11.439385474860334,0.15,False
18,department_name,Knitwear,3,20,0.15,0.039557541572046,3.7919444444444443,0.15,False
18,department_name,Suit,3,20,0.15,0.0057871218225771,25.919620253164556,0.15,False
18,product_type_name,Dress,2,20,0.1,0.11750054941029961,0.851059850374065,0.1,False
18,product_type_name,Sweater,2,20,0.1,0.0791883378507069,1.2628122109158189,0.1,False
18,product_group_name,Garment Full body,2,20,0.1,0.1304666324811369,0.7664795058955644,0.1,False
18,section_name,Womens Everyday Collection,2,20,0.1,0.12218885063365321,0.8184052757793765,0.1,False
18,department_name,Woven bottoms,2,20,0.1,0.009669621273166801,10.341666666666667,0.1,False
18,product_type_name,Cardigan,1,20,0.05,0.014064903670060802,3.554947916666667,0.05,False
18,colour_group_name,Dark Grey,1,20,0.05,0.029375137352574902,1.70211970074813,0.05,False
18,colour_group_name,White,1,20,0.05,0.0960369203721339,0.5206331045003815,0.05,False
18,colour_group_name,Dark Red,1,20,0.05,0.0128195736576075,3.900285714285715,0.05,False
18,perceived_colour_master_name,Grey,1,20,0.05,0.07113032012306791,0.7029351184346034,0.05,False
18,perceived_colour_master_name,White,1,20,0.05,0.12797597245623032,0.3906983400114482,0.05,False
18,perceived_colour_master_name,Red,1,20,0.05,0.0232217419969233,2.1531545741324924,0.05,False
18,graphical_appearance_name,Denim,1,20,0.05,0.074719800747198,0.6691666666666668,0.05,False
18,garment_group_name,Trousers Denim,1,20,0.05,0.0430737674895612,1.1607993197278912,0.05,False
18,garment_group_name,Blouses,1,20,0.05,0.0860742802725075,0.5808936170212766,0.05,False
18,section_name,Ladies Denim,1,20,0.05,0.028862354406270604,1.7323604060913707,0.05,False
18,department_name,OL Extended Sizes,1,20,0.05,0.005054574756428101,9.892028985507247,0.05,False
18,department_name,Woven top,1,20,0.05,0.007032451835030401,7.109895833333334,0.05,False
19,garment_group_name,Jersey Fancy,19,20,0.95,0.16672771225551242,5.697913005272407,0.95,True
19,index_group_name,Sport,19,20,0.95,0.033111127389934804,28.6912610619469,0.95,True
19,section_name,Ladies H&M Sport,19,20,0.95,0.0265182037945938,35.82444751381215,0.95,True
19,department_name,Ladies Sport Bras,12,20,0.6,0.014943960149439602,40.15,0.6,False
19,product_group_name,Garment Upper body,11,20,0.55,0.38905574683173394,1.4136791564677087,0.55,False
19,colour_group_name,Black,9,20,0.45,0.28027250750860744,1.6055802404600104,0.45,False
19,perceived_colour_master_name,Black,9,20,0.45,0.28173760164090544,1.5972308892355693,0.45,False
19,graphical_appearance_name,Solid,9,20,0.45,0.5812760969892315,0.7741587901701323,0.45,False
19,graphical_appearance_name,Melange,8,20,0.4,0.0617537176763607,6.477342823250297,0.4,False
19,department_name,Ladies Sport Bottoms,7,20,0.35,0.0068859424218006005,50.8281914893617,0.35,False
19,product_type_name,Leggings/Tights,6,20,0.3,0.018313676653725002,16.3812,0.3,False
19,product_type_name,Top,6,20,0.3,0.050692256977510806,5.918063583815028,0.3,False
19,product_group_name,Garment Lower body,6,20,0.3,0.2052596879349498,1.4615631691648823,0.3,False
19,colour_group_name,Green,5,20,0.25,0.009742875979781702,25.659774436090224,0.25,False
19,perceived_colour_master_name,Grey,5,20,0.25,0.07113032012306791,3.5146755921730173,0.25,False
19,product_type_name,Vest top,3,20,0.15,0.030107684418723902,4.982116788321168,0.15,False
19,product_type_name,Unknown,2,20,0.1,0.006080140649036701,16.44698795180723,0.1,False
19,product_type_name,T-shirt,2,20,0.1,0.05757819939931141,1.7367684478371501,0.1,False
19,product_group_name,Unknown,2,20,0.1,0.006080140649036701,16.44698795180723,0.1,False
19,colour_group_name,Greenish Khaki,2,20,0.1,0.027910043220276903,3.5829396325459317,0.1,False
19,perceived_colour_master_name,Khaki green,2,20,0.1,0.035015749761922205,2.855857740585774,0.1,False
19,perceived_colour_master_name,Pink,2,20,0.1,0.06702805655263351,1.4919125683060108,0.1,False
19,graphical_appearance_name,Mesh,2,20,0.1,0.0017581129587576003,56.87916666666667,0.1,False
19,product_type_name,Underwear bottom,1,20,0.05,0.031133250311332503,1.606,0.05,False
19,product_group_name,Underwear,1,20,0.05,0.06768734891216761,0.7386904761904761,0.05,False
19,colour_group_name,Dark Pink,1,20,0.05,0.007911508314409201,6.319907407407407,0.05,False
19,colour_group_name,Light Pink,1,20,0.05,0.036773862720679805,1.3596613545816734,0.05,False
19,colour_group_name,White,1,20,0.05,0.0960369203721339,0.5206331045003815,0.05,False
19,colour_group_name,Orange,1,20,0.05,0.008790564793788001,5.687916666666666,0.05,False
19,perceived_colour_master_name,White,1,20,0.05,0.12797597245623032,0.3906983400114482,0.05,False
19,perceived_colour_master_name,Red,1,20,0.05,0.0232217419969233,2.1531545741324924,0.05,False
19,graphical_appearance_name,Placement print,1,20,0.05,0.014650941322980001,3.4127500000000004,0.05,False
19,garment_group_name,"Under-, Nightwear",1,20,0.05,0.08475569555343931,0.5899308556611927,0.05,False
19,index_group_name,Ladieswear,1,20,0.05,0.5894806241301004,0.08482042997390332,0.05,False
19,section_name,Womens Lingerie,1,20,0.05,0.05765145410592631,0.8672808132147396,0.05,False
19,department_name,Expressive Lingerie,1,20,0.05,0.018313676653725002,2.7302,0.05,False
20,index_group_name,Ladieswear,18,20,0.9,0.5894806241301004,1.5267677395302597,0.9,True
20,graphical_appearance_name,Solid,14,20,0.7,0.5812760969892315,1.204247006931317,0.7,True
20,product_group_name,Garment Upper body,13,20,0.65,0.38905574683173394,1.6707117303709282,0.65,True
20,section_name,Womens Everyday Collection,10,20,0.5,0.12218885063365321,4.0920263788968825,0.5,False
20,garment_group_name,Knitwear,8,20,0.4,0.06695480184601861,5.97417943107221,0.4,False
20,department_name,Knitwear,8,20,0.4,0.039557541572046,10.111851851851853,0.4,False
20,product_type_name,Sweater,7,20,0.35,0.0791883378507069,4.419842738205365,0.35,False
20,colour_group_name,Black,7,20,0.35,0.28027250750860744,1.2487846314688968,0.35,False
20,perceived_colour_master_name,Black,7,20,0.35,0.28173760164090544,1.242290691627665,0.35,False
20,garment_group_name,"Under-, Nightwear",6,20,0.3,0.08475569555343931,3.5395851339671562,0.3,False
20,section_name,"Womens Nightwear, Socks & Tigh",6,20,0.3,0.034869240348692404,8.603571428571428,0.3,False
20,department_name,Loungewear,6,20,0.3,0.009596366566551901,31.261832061068702,0.3,False
20,graphical_appearance_name,Melange,5,20,0.25,0.0617537176763607,4.048339264531435,0.25,False
20,product_group_name,Garment Lower body,4,20,0.2,0.2052596879349498,0.9743754461099216,0.2,False
20,product_type_name,Cardigan,3,20,0.15,0.014064903670060802,10.66484375,0.15,False
20,product_type_name,Trousers,3,20,0.15,0.1310526701340561,1.1445779765231974,0.15,False
20,colour_group_name,Light Beige,3,20,0.15,0.0478353234195297,3.135758039816233,0.15,False
20,perceived_colour_master_name,Grey,3,20,0.15,0.07113032012306791,2.10880535530381,0.15,False
20,perceived_colour_master_name,Beige,3,20,0.15,0.08482895026005421,1.768264248704663,0.15,False
20,garment_group_name,Trousers,3,20,0.15,0.0825580543549923,1.8169032830523513,0.15,False
20,product_type_name,Bra,2,20,0.1,0.0326715991502454,3.0607623318385655,0.1,False
20,product_type_name,Blazer,2,20,0.1,0.014211413083290601,7.036597938144331,0.1,False
20,product_group_name,Underwear,2,20,0.1,0.06768734891216761,1.4773809523809522,0.1,False
20,colour_group_name,Grey,2,20,0.1,0.031059995604717602,3.2195754716981133,0.1,False
20,colour_group_name,Beige,2,20,0.1,0.04585744634092741,2.1806709265175717,0.1,False
20,perceived_colour_master_name,White,2,20,0.1,0.12797597245623032,0.7813966800228964,0.1,False
20,garment_group_name,Dressed,2,20,0.1,0.013112592484067102,7.626256983240224,0.1,False
20,index_group_name,Divided,2,20,0.1,0.2062119991209435,0.4849378330373002,0.1,False
20,section_name,Divided Collection,2,20,0.1,0.10409493809977291,0.9606615059817031,0.1,False
20,department_name,Trousers,2,20,0.1,0.0164823089883525,6.067111111111111,0.1,False
20,department_name,Suit jacket,2,20,0.1,0.0053475935828877,18.700000000000003,0.1,False
20,product_type_name,Leggings/Tights,1,20,0.05,0.018313676653725002,2.7302,0.05,False
20,product_type_name,Top,1,20,0.05,0.050692256977510806,0.9863439306358381,0.05,False
20,product_type_name,Unknown,1,20,0.05,0.006080140649036701,8.223493975903615,0.05,False
20,product_group_name,Unknown,1,20,0.05,0.006080140649036701,8.223493975903615,0.05,False
20,colour_group_name,Light Orange,1,20,0.05,0.014724196029594901,3.395771144278607,0.05,False
20,colour_group_name,Light Purple,1,20,0.05,0.008717310087173101,5.735714285714286,0.05,False
20,colour_group_name,Dark Green,1,20,0.05,0.018533440773569703,2.6978260869565216,0.05,False
20,colour_group_name,White,1,20,0.05,0.0960369203721339,0.5206331045003815,0.05,False
20,colour_group_name,Blue,1,20,0.05,0.033330891509779505,1.5001098901098902,0.05,False
20,colour_group_name,Dark Grey,1,20,0.05,0.029375137352574902,1.70211970074813,0.05,False
20,perceived_colour_master_name,Orange,1,20,0.05,0.0273972602739726,1.8250000000000002,0.05,False
20,perceived_colour_master_name,Mole,1,20,0.05,0.021097355505091203,2.3699652777777778,0.05,False
20,perceived_colour_master_name,Lilac Purple,1,20,0.05,0.014724196029594901,3.395771144278607,0.05,False
20,perceived_colour_master_name,Green,1,20,0.05,0.027910043220276903,1.7914698162729659,0.05,False
20,perceived_colour_master_name,Blue,1,20,0.05,0.11933191707567212,0.41899938612645793,0.05,False
20,graphical_appearance_name,Stripe,1,20,0.05,0.030034429712109,1.6647560975609759,0.05,False
20,garment_group_name,Blouses,1,20,0.05,0.0860742802725075,0.5808936170212766,0.05,False
20,section_name,Womens Casual,1,20,0.05,0.039557541572046,1.2639814814814816,0.05,False
20,section_name,Womens Tailoring,1,20,0.05,0.06343857592850341,0.7881639722863741,0.05,False
20,department_name,Blouse,1,20,0.05,0.043293531609405904,1.154906937394247,0.05,False
20,department_name,Trouser,1,20,0.05,0.0446121163284741,1.1207717569786537,0.05,False
21,index_group_name,Ladieswear,20,20,1.0,0.5894806241301004,1.6964085994780662,1.0,True
21,graphical_appearance_name,Solid,19,20,0.95,0.5812760969892315,1.6343352236925015,0.95,True
21,colour_group_name,Black,14,20,0.7,0.28027250750860744,2.4975692629377937,0.7,True
21,perceived_colour_master_name,Black,14,20,0.7,0.28173760164090544,2.48458138325533,0.7,False
21,product_group_name,Garment Upper body,11,20,0.55,0.38905574683173394,1.4136791564677087,0.55,False
21,section_name,Womens Tailoring,10,20,0.5,0.06343857592850341,7.881639722863741,0.5,False
21,product_type_name,Trousers,7,20,0.35,0.1310526701340561,2.6706819452207937,0.35,False
21,product_group_name,Garment Lower body,7,20,0.35,0.2052596879349498,1.7051570306923627,0.35,False
21,section_name,H&M+,7,20,0.35,0.026811222621053402,13.054234972677595,0.35,False
21,garment_group_name,Jersey Fancy,6,20,0.3,0.16672771225551242,1.7993409490333918,0.3,False
21,garment_group_name,Trousers,6,20,0.3,0.0825580543549923,3.6338065661047025,0.3,False
21,department_name,Jersey,6,20,0.3,0.060801406490367006,4.934096385542168,0.3,False
21,product_type_name,Top,5,20,0.25,0.050692256977510806,4.931719653179191,0.25,False
21,department_name,Trouser,4,20,0.2,0.0446121163284741,4.483087027914615,0.2,False
21,product_type_name,Blazer,3,20,0.15,0.014211413083290601,10.554896907216495,0.15,False
21,colour_group_name,Dark Blue,3,20,0.15,0.058970038824994506,2.543664596273292,0.15,False
21,perceived_colour_master_name,Blue,3,20,0.15,0.11933191707567212,1.2569981583793737,0.15,False
21,garment_group_name,Knitwear,3,20,0.15,0.06695480184601861,2.2403172866520786,0.15,False
21,garment_group_name,Dressed,3,20,0.15,0.013112592484067102,11.439385474860334,0.15,False
21,department_name,Knitwear,3,20,0.15,0.039557541572046,3.7919444444444443,0.15,False
21,department_name,Suit,3,20,0.15,0.0057871218225771,25.919620253164556,0.15,False
21,product_type_name,Dress,2,20,0.1,0.11750054941029961,0.851059850374065,0.1,False
21,product_type_name,Sweater,2,20,0.1,0.0791883378507069,1.2628122109158189,0.1,False
21,product_group_name,Garment Full body,2,20,0.1,0.1304666324811369,0.7664795058955644,0.1,False
21,section_name,Womens Everyday Collection,2,20,0.1,0.12218885063365321,0.8184052757793765,0.1,False
21,department_name,Woven bottoms,2,20,0.1,0.009669621273166801,10.341666666666667,0.1,False
21,product_type_name,Cardigan,1,20,0.05,0.014064903670060802,3.554947916666667,0.05,False
21,colour_group_name,Dark Grey,1,20,0.05,0.029375137352574902,1.70211970074813,0.05,False
21,colour_group_name,White,1,20,0.05,0.0960369203721339,0.5206331045003815,0.05,False
21,colour_group_name,Dark Red,1,20,0.05,0.0128195736576075,3.900285714285715,0.05,False
21,perceived_colour_master_name,Grey,1,20,0.05,0.07113032012306791,0.7029351184346034,0.05,False
21,perceived_colour_master_name,White,1,20,0.05,0.12797597245623032,0.3906983400114482,0.05,False
21,perceived_colour_master_name,Red,1,20,0.05,0.0232217419969233,2.1531545741324924,0.05,False
21,graphical_appearance_name,Denim,1,20,0.05,0.074719800747198,0.6691666666666668,0.05,False
21,garment_group_name,Trousers Denim,1,20,0.05,0.0430737674895612,1.1607993197278912,0.05,False
21,garment_group_name,Blouses,1,20,0.05,0.0860742802725075,0.5808936170212766,0.05,False
21,section_name,Ladies Denim,1,20,0.05,0.028862354406270604,1.7323604060913707,0.05,False
21,department_name,OL Extended Sizes,1,20,0.05,0.005054574756428101,9.892028985507247,0.05,False
21,department_name,Woven top,1,20,0.05,0.007032451835030401,7.109895833333334,0.05,False
22,index_group_name,Ladieswear,18,20,0.9,0.5894806241301004,1.5267677395302597,0.9,True
22,graphical_appearance_name,Solid,14,20,0.7,0.5812760969892315,1.204247006931317,0.7,True
22,product_group_name,Garment Upper body,13,20,0.65,0.38905574683173394,1.6707117303709282,0.65,True
22,section_name,Womens Everyday Collection,10,20,0.5,0.12218885063365321,4.0920263788968825,0.5,False
22,garment_group_name,Knitwear,7,20,0.35,0.06695480184601861,5.227407002188183,0.35,False
22,department_name,Knitwear,7,20,0.35,0.039557541572046,8.84787037037037,0.35,False
22,product_type_name,Sweater,6,20,0.3,0.0791883378507069,3.788436632747456,0.3,False
22,colour_group_name,Black,6,20,0.3,0.28027250750860744,1.0703868269733403,0.3,False
22,perceived_colour_master_name,Black,6,20,0.3,0.28173760164090544,1.0648205928237129,0.3,False
22,garment_group_name,"Under-, Nightwear",6,20,0.3,0.08475569555343931,3.5395851339671562,0.3,False
22,section_name,"Womens Nightwear, Socks & Tigh",6,20,0.3,0.034869240348692404,8.603571428571428,0.3,False
22,department_name,Loungewear,6,20,0.3,0.009596366566551901,31.261832061068702,0.3,False
22,graphical_appearance_name,Melange,5,20,0.25,0.0617537176763607,4.048339264531435,0.25,False
22,product_group_name,Garment Lower body,4,20,0.2,0.2052596879349498,0.9743754461099216,0.2,False
22,product_type_name,Cardigan,3,20,0.15,0.014064903670060802,10.66484375,0.15,False
22,product_type_name,Trousers,3,20,0.15,0.1310526701340561,1.1445779765231974,0.15,False
22,colour_group_name,Light Beige,3,20,0.15,0.0478353234195297,3.135758039816233,0.15,False
22,perceived_colour_master_name,Grey,3,20,0.15,0.07113032012306791,2.10880535530381,0.15,False
22,perceived_colour_master_name,Beige,3,20,0.15,0.08482895026005421,1.768264248704663,0.15,False
22,garment_group_name,Trousers,3,20,0.15,0.0825580543549923,1.8169032830523513,0.15,False
22,product_type_name,Bra,2,20,0.1,0.0326715991502454,3.0607623318385655,0.1,False
22,product_type_name,Blazer,2,20,0.1,0.014211413083290601,7.036597938144331,0.1,False
22,product_group_name,Underwear,2,20,0.1,0.06768734891216761,1.4773809523809522,0.1,False
22,colour_group_name,Grey,2,20,0.1,0.031059995604717602,3.2195754716981133,0.1,False
22,colour_group_name,Beige,2,20,0.1,0.04585744634092741,2.1806709265175717,0.1,False
22,perceived_colour_master_name,White,2,20,0.1,0.12797597245623032,0.7813966800228964,0.1,False
22,garment_group_name,Dressed,2,20,0.1,0.013112592484067102,7.626256983240224,0.1,False
22,garment_group_name,Blouses,2,20,0.1,0.0860742802725075,1.1617872340425532,0.1,False
22,index_group_name,Divided,2,20,0.1,0.2062119991209435,0.4849378330373002,0.1,False
22,section_name,Divided Collection,2,20,0.1,0.10409493809977291,0.9606615059817031,0.1,False
22,department_name,Trousers,2,20,0.1,0.0164823089883525,6.067111111111111,0.1,False
22,department_name,Suit jacket,2,20,0.1,0.0053475935828877,18.700000000000003,0.1,False
22,department_name,Blouse,2,20,0.1,0.043293531609405904,2.309813874788494,0.1,False
22,product_type_name,Leggings/Tights,1,20,0.05,0.018313676653725002,2.7302,0.05,False
22,product_type_name,Top,1,20,0.05,0.050692256977510806,0.9863439306358381,0.05,False
22,product_type_name,Unknown,1,20,0.05,0.006080140649036701,8.223493975903615,0.05,False
22,product_type_name,Blouse,1,20,0.05,0.045344663394623105,1.1026655896607431,0.05,False
22,product_group_name,Unknown,1,20,0.05,0.006080140649036701,8.223493975903615,0.05,False
22,colour_group_name,Light Orange,1,20,0.05,0.014724196029594901,3.395771144278607,0.05,False
22,colour_group_name,Light Purple,1,20,0.05,0.008717310087173101,5.735714285714286,0.05,False
22,colour_group_name,Dark Green,1,20,0.05,0.018533440773569703,2.6978260869565216,0.05,False
22,colour_group_name,White,1,20,0.05,0.0960369203721339,0.5206331045003815,0.05,False
22,colour_group_name,Blue,1,20,0.05,0.033330891509779505,1.5001098901098902,0.05,False
22,colour_group_name,Dark Grey,1,20,0.05,0.029375137352574902,1.70211970074813,0.05,False
22,colour_group_name,Pink,1,20,0.05,0.021024100798476303,2.3782229965156794,0.05,False
22,perceived_colour_master_name,Orange,1,20,0.05,0.0273972602739726,1.8250000000000002,0.05,False
22,perceived_colour_master_name,Mole,1,20,0.05,0.021097355505091203,2.3699652777777778,0.05,False
22,perceived_colour_master_name,Lilac Purple,1,20,0.05,0.014724196029594901,3.395771144278607,0.05,False
22,perceived_colour_master_name,Green,1,20,0.05,0.027910043220276903,1.7914698162729659,0.05,False
22,perceived_colour_master_name,Blue,1,20,0.05,0.11933191707567212,0.41899938612645793,0.05,False
22,perceived_colour_master_name,Pink,1,20,0.05,0.06702805655263351,0.7459562841530054,0.05,False
22,graphical_appearance_name,Stripe,1,20,0.05,0.030034429712109,1.6647560975609759,0.05,False
22,section_name,Womens Casual,1,20,0.05,0.039557541572046,1.2639814814814816,0.05,False
22,section_name,Womens Tailoring,1,20,0.05,0.06343857592850341,0.7881639722863741,0.05,False
22,department_name,Trouser,1,20,0.05,0.0446121163284741,1.1207717569786537,0.05,False
23,index_group_name,Ladieswear,18,20,0.9,0.5894806241301004,1.5267677395302597,0.9,True
23,graphical_appearance_name,Solid,14,20,0.7,0.5812760969892315,1.204247006931317,0.7,True
23,product_group_name,Garment Upper body,13,20,0.65,0.38905574683173394,1.6707117303709282,0.65,True
23,section_name,Womens Everyday Collection,10,20,0.5,0.12218885063365321,4.0920263788968825,0.5,False
23,garment_group_name,Knitwear,7,20,0.35,0.06695480184601861,5.227407002188183,0.35,False
23,department_name,Knitwear,7,20,0.35,0.039557541572046,8.84787037037037,0.35,False
23,product_type_name,Sweater,6,20,0.3,0.0791883378507069,3.788436632747456,0.3,False
23,colour_group_name,Black,6,20,0.3,0.28027250750860744,1.0703868269733403,0.3,False
23,perceived_colour_master_name,Black,6,20,0.3,0.28173760164090544,1.0648205928237129,0.3,False
23,garment_group_name,"Under-, Nightwear",6,20,0.3,0.08475569555343931,3.5395851339671562,0.3,False
23,section_name,"Womens Nightwear, Socks & Tigh",6,20,0.3,0.034869240348692404,8.603571428571428,0.3,False
23,department_name,Loungewear,6,20,0.3,0.009596366566551901,31.261832061068702,0.3,False
23,graphical_appearance_name,Melange,5,20,0.25,0.0617537176763607,4.048339264531435,0.25,False
23,product_group_name,Garment Lower body,4,20,0.2,0.2052596879349498,0.9743754461099216,0.2,False
23,product_type_name,Cardigan,3,20,0.15,0.014064903670060802,10.66484375,0.15,False
23,product_type_name,Trousers,3,20,0.15,0.1310526701340561,1.1445779765231974,0.15,False
23,colour_group_name,Light Beige,3,20,0.15,0.0478353234195297,3.135758039816233,0.15,False
23,perceived_colour_master_name,Grey,3,20,0.15,0.07113032012306791,2.10880535530381,0.15,False
23,perceived_colour_master_name,Beige,3,20,0.15,0.08482895026005421,1.768264248704663,0.15,False
23,garment_group_name,Trousers,3,20,0.15,0.0825580543549923,1.8169032830523513,0.15,False
23,product_type_name,Bra,2,20,0.1,0.0326715991502454,3.0607623318385655,0.1,False
23,product_type_name,Blazer,2,20,0.1,0.014211413083290601,7.036597938144331,0.1,False
23,product_group_name,Underwear,2,20,0.1,0.06768734891216761,1.4773809523809522,0.1,False
23,colour_group_name,Grey,2,20,0.1,0.031059995604717602,3.2195754716981133,0.1,False
23,colour_group_name,Beige,2,20,0.1,0.04585744634092741,2.1806709265175717,0.1,False
23,perceived_colour_master_name,White,2,20,0.1,0.12797597245623032,0.7813966800228964,0.1,False
23,garment_group_name,Dressed,2,20,0.1,0.013112592484067102,7.626256983240224,0.1,False
23,garment_group_name,Blouses,2,20,0.1,0.0860742802725075,1.1617872340425532,0.1,False
23,index_group_name,Divided,2,20,0.1,0.2062119991209435,0.4849378330373002,0.1,False
23,section_name,Divided Collection,2,20,0.1,0.10409493809977291,0.9606615059817031,0.1,False
23,department_name,Trousers,2,20,0.1,0.0164823089883525,6.067111111111111,0.1,False
23,department_name,Suit jacket,2,20,0.1,0.0053475935828877,18.700000000000003,0.1,False
23,department_name,Blouse,2,20,0.1,0.043293531609405904,2.309813874788494,0.1,False
23,product_type_name,Leggings/Tights,1,20,0.05,0.018313676653725002,2.7302,0.05,False
23,product_type_name,Top,1,20,0.05,0.050692256977510806,0.9863439306358381,0.05,False
23,product_type_name,Unknown,1,20,0.05,0.006080140649036701,8.223493975903615,0.05,False
23,product_type_name,Blouse,1,20,0.05,0.045344663394623105,1.1026655896607431,0.05,False
23,product_group_name,Unknown,1,20,0.05,0.006080140649036701,8.223493975903615,0.05,False
23,colour_group_name,Light Orange,1,20,0.05,0.014724196029594901,3.395771144278607,0.05,False
23,colour_group_name,Light Purple,1,20,0.05,0.008717310087173101,5.735714285714286,0.05,False
23,colour_group_name,Dark Green,1,20,0.05,0.018533440773569703,2.6978260869565216,0.05,False
23,colour_group_name,White,1,20,0.05,0.0960369203721339,0.5206331045003815,0.05,False
23,colour_group_name,Blue,1,20,0.05,0.033330891509779505,1.5001098901098902,0.05,False
23,colour_group_name,Dark Grey,1,20,0.05,0.029375137352574902,1.70211970074813,0.05,False
23,colour_group_name,Pink,1,20,0.05,0.021024100798476303,2.3782229965156794,0.05,False
23,perceived_colour_master_name,Orange,1,20,0.05,0.0273972602739726,1.8250000000000002,0.05,False
23,perceived_colour_master_name,Mole,1,20,0.05,0.021097355505091203,2.3699652777777778,0.05,False
23,perceived_colour_master_name,Lilac Purple,1,20,0.05,0.014724196029594901,3.395771144278607,0.05,False
23,perceived_colour_master_name,Green,1,20,0.05,0.027910043220276903,1.7914698162729659,0.05,False
23,perceived_colour_master_name,Blue,1,20,0.05,0.11933191707567212,0.41899938612645793,0.05,False
23,perceived_colour_master_name,Pink,1,20,0.05,0.06702805655263351,0.7459562841530054,0.05,False
23,graphical_appearance_name,Stripe,1,20,0.05,0.030034429712109,1.6647560975609759,0.05,False
23,section_name,Womens Casual,1,20,0.05,0.039557541572046,1.2639814814814816,0.05,False
23,section_name,Womens Tailoring,1,20,0.05,0.06343857592850341,0.7881639722863741,0.05,False
23,department_name,Trouser,1,20,0.05,0.0446121163284741,1.1207717569786537,0.05,False
24,garment_group_name,Jersey Fancy,18,20,0.9,0.16672771225551242,5.398022847100176,0.9,True
24,index_group_name,Sport,18,20,0.9,0.033111127389934804,27.181194690265485,0.9,True
24,section_name,Ladies H&M Sport,18,20,0.9,0.0265182037945938,33.9389502762431,0.9,True
24,department_name,Ladies Sport Bras,11,20,0.55,0.014943960149439602,36.80416666666667,0.55,False
24,product_group_name,Garment Upper body,10,20,0.5,0.38905574683173394,1.2851628695160986,0.5,False
24,colour_group_name,Black,10,20,0.5,0.28027250750860744,1.783978044955567,0.5,False
24,perceived_colour_master_name,Black,10,20,0.5,0.28173760164090544,1.7747009880395215,0.5,False
24,graphical_appearance_name,Solid,9,20,0.45,0.5812760969892315,0.7741587901701323,0.45,False
24,graphical_appearance_name,Melange,8,20,0.4,0.0617537176763607,6.477342823250297,0.4,False
24,department_name,Ladies Sport Bottoms,7,20,0.35,0.0068859424218006005,50.8281914893617,0.35,False
24,product_type_name,Leggings/Tights,6,20,0.3,0.018313676653725002,16.3812,0.3,False
24,product_group_name,Garment Lower body,6,20,0.3,0.2052596879349498,1.4615631691648823,0.3,False
24,product_type_name,Top,5,20,0.25,0.050692256977510806,4.931719653179191,0.25,False
24,colour_group_name,Green,4,20,0.2,0.009742875979781702,20.52781954887218,0.2,False
24,perceived_colour_master_name,Grey,4,20,0.2,0.07113032012306791,2.8117404737384137,0.2,False
24,product_type_name,Vest top,3,20,0.15,0.030107684418723902,4.982116788321168,0.15,False
24,product_type_name,Unknown,2,20,0.1,0.006080140649036701,16.44698795180723,0.1,False
24,product_type_name,T-shirt,2,20,0.1,0.05757819939931141,1.7367684478371501,0.1,False
24,product_type_name,Underwear bottom,2,20,0.1,0.031133250311332503,3.212,0.1,False
24,product_group_name,Unknown,2,20,0.1,0.006080140649036701,16.44698795180723,0.1,False
24,product_group_name,Underwear,2,20,0.1,0.06768734891216761,1.4773809523809522,0.1,False
24,colour_group_name,Greenish Khaki,2,20,0.1,0.027910043220276903,3.5829396325459317,0.1,False
24,perceived_colour_master_name,Khaki green,2,20,0.1,0.035015749761922205,2.855857740585774,0.1,False
24,perceived_colour_master_name,Pink,2,20,0.1,0.06702805655263351,1.4919125683060108,0.1,False
24,graphical_appearance_name,Mesh,2,20,0.1,0.0017581129587576003,56.87916666666667,0.1,False
24,garment_group_name,"Under-, Nightwear",2,20,0.1,0.08475569555343931,1.1798617113223855,0.1,False
24,index_group_name,Ladieswear,2,20,0.1,0.5894806241301004,0.16964085994780664,0.1,False
24,section_name,Womens Lingerie,2,20,0.1,0.05765145410592631,1.7345616264294792,0.1,False
24,department_name,Expressive Lingerie,2,20,0.1,0.018313676653725002,5.4604,0.1,False
24,colour_group_name,Dark Pink,1,20,0.05,0.007911508314409201,6.319907407407407,0.05,False
24,colour_group_name,Light Pink,1,20,0.05,0.036773862720679805,1.3596613545816734,0.05,False
24,colour_group_name,White,1,20,0.05,0.0960369203721339,0.5206331045003815,0.05,False
24,colour_group_name,Orange,1,20,0.05,0.008790564793788001,5.687916666666666,0.05,False
24,perceived_colour_master_name,White,1,20,0.05,0.12797597245623032,0.3906983400114482,0.05,False
24,perceived_colour_master_name,Red,1,20,0.05,0.0232217419969233,2.1531545741324924,0.05,False
24,graphical_appearance_name,Placement print,1,20,0.05,0.014650941322980001,3.4127500000000004,0.05,False
25,garment_group_name,Jersey Fancy,19,20,0.95,0.16672771225551242,5.697913005272407,0.95,True
25,index_group_name,Sport,19,20,0.95,0.033111127389934804,28.6912610619469,0.95,True
25,section_name,Ladies H&M Sport,19,20,0.95,0.0265182037945938,35.82444751381215,0.95,True
25,department_name,Ladies Sport Bras,12,20,0.6,0.014943960149439602,40.15,0.6,False
25,product_group_name,Garment Upper body,11,20,0.55,0.38905574683173394,1.4136791564677087,0.55,False
25,colour_group_name,Black,9,20,0.45,0.28027250750860744,1.6055802404600104,0.45,False
25,perceived_colour_master_name,Black,9,20,0.45,0.28173760164090544,1.5972308892355693,0.45,False
25,graphical_appearance_name,Solid,9,20,0.45,0.5812760969892315,0.7741587901701323,0.45,False
25,graphical_appearance_name,Melange,8,20,0.4,0.0617537176763607,6.477342823250297,0.4,False
25,department_name,Ladies Sport Bottoms,7,20,0.35,0.0068859424218006005,50.8281914893617,0.35,False
25,product_type_name,Leggings/Tights,6,20,0.3,0.018313676653725002,16.3812,0.3,False
25,product_type_name,Top,6,20,0.3,0.050692256977510806,5.918063583815028,0.3,False
25,product_group_name,Garment Lower body,6,20,0.3,0.2052596879349498,1.4615631691648823,0.3,False
25,colour_group_name,Green,5,20,0.25,0.009742875979781702,25.659774436090224,0.25,False
25,perceived_colour_master_name,Grey,5,20,0.25,0.07113032012306791,3.5146755921730173,0.25,False
25,product_type_name,Vest top,3,20,0.15,0.030107684418723902,4.982116788321168,0.15,False
25,product_type_name,Unknown,2,20,0.1,0.006080140649036701,16.44698795180723,0.1,False
25,product_type_name,T-shirt,2,20,0.1,0.05757819939931141,1.7367684478371501,0.1,False
25,product_group_name,Unknown,2,20,0.1,0.006080140649036701,16.44698795180723,0.1,False
25,colour_group_name,Greenish Khaki,2,20,0.1,0.027910043220276903,3.5829396325459317,0.1,False
25,perceived_colour_master_name,Khaki green,2,20,0.1,0.035015749761922205,2.855857740585774,0.1,False
25,perceived_colour_master_name,Pink,2,20,0.1,0.06702805655263351,1.4919125683060108,0.1,False
25,graphical_appearance_name,Mesh,2,20,0.1,0.0017581129587576003,56.87916666666667,0.1,False
25,product_type_name,Underwear bottom,1,20,0.05,0.031133250311332503,1.606,0.05,False
25,product_group_name,Underwear,1,20,0.05,0.06768734891216761,0.7386904761904761,0.05,False
25,colour_group_name,Dark Pink,1,20,0.05,0.007911508314409201,6.319907407407407,0.05,False
25,colour_group_name,Light Pink,1,20,0.05,0.036773862720679805,1.3596613545816734,0.05,False
25,colour_group_name,White,1,20,0.05,0.0960369203721339,0.5206331045003815,0.05,False
25,colour_group_name,Orange,1,20,0.05,0.008790564793788001,5.687916666666666,0.05,False
25,perceived_colour_master_name,White,1,20,0.05,0.12797597245623032,0.3906983400114482,0.05,False
25,perceived_colour_master_name,Red,1,20,0.05,0.0232217419969233,2.1531545741324924,0.05,False
25,graphical_appearance_name,Placement print,1,20,0.05,0.014650941322980001,3.4127500000000004,0.05,False
25,garment_group_name,"Under-, Nightwear",1,20,0.05,0.08475569555343931,0.5899308556611927,0.05,False
25,index_group_name,Ladieswear,1,20,0.05,0.5894806241301004,0.08482042997390332,0.05,False
25,section_name,Womens Lingerie,1,20,0.05,0.05765145410592631,0.8672808132147396,0.05,False
25,department_name,Expressive Lingerie,1,20,0.05,0.018313676653725002,2.7302,0.05,False
26,index_group_name,Ladieswear,20,20,1.0,0.5894806241301004,1.6964085994780662,1.0,True
26,graphical_appearance_name,Solid,19,20,0.95,0.5812760969892315,1.6343352236925015,0.95,True
26,colour_group_name,Black,14,20,0.7,0.28027250750860744,2.4975692629377937,0.7,True
26,perceived_colour_master_name,Black,14,20,0.7,0.28173760164090544,2.48458138325533,0.7,False
26,product_group_name,Garment Upper body,11,20,0.55,0.38905574683173394,1.4136791564677087,0.55,False
26,section_name,Womens Tailoring,10,20,0.5,0.06343857592850341,7.881639722863741,0.5,False
26,product_type_name,Trousers,7,20,0.35,0.1310526701340561,2.6706819452207937,0.35,False
26,product_group_name,Garment Lower body,7,20,0.35,0.2052596879349498,1.7051570306923627,0.35,False
26,section_name,H&M+,7,20,0.35,0.026811222621053402,13.054234972677595,0.35,False
26,garment_group_name,Jersey Fancy,6,20,0.3,0.16672771225551242,1.7993409490333918,0.3,False
26,garment_group_name,Trousers,6,20,0.3,0.0825580543549923,3.6338065661047025,0.3,False
26,department_name,Jersey,6,20,0.3,0.060801406490367006,4.934096385542168,0.3,False
26,product_type_name,Top,5,20,0.25,0.050692256977510806,4.931719653179191,0.25,False
26,department_name,Trouser,4,20,0.2,0.0446121163284741,4.483087027914615,0.2,False
26,product_type_name,Blazer,3,20,0.15,0.014211413083290601,10.554896907216495,0.15,False
26,colour_group_name,Dark Blue,3,20,0.15,0.058970038824994506,2.543664596273292,0.15,False
26,perceived_colour_master_name,Blue,3,20,0.15,0.11933191707567212,1.2569981583793737,0.15,False
26,garment_group_name,Knitwear,3,20,0.15,0.06695480184601861,2.2403172866520786,0.15,False
26,garment_group_name,Dressed,3,20,0.15,0.013112592484067102,11.439385474860334,0.15,False
26,department_name,Knitwear,3,20,0.15,0.039557541572046,3.7919444444444443,0.15,False
26,department_name,Suit,3,20,0.15,0.0057871218225771,25.919620253164556,0.15,False
26,product_type_name,Dress,2,20,0.1,0.11750054941029961,0.851059850374065,0.1,False
26,product_type_name,Sweater,2,20,0.1,0.0791883378507069,1.2628122109158189,0.1,False
26,product_group_name,Garment Full body,2,20,0.1,0.1304666324811369,0.7664795058955644,0.1,False
26,section_name,Womens Everyday Collection,2,20,0.1,0.12218885063365321,0.8184052757793765,0.1,False
26,department_name,Woven bottoms,2,20,0.1,0.009669621273166801,10.341666666666667,0.1,False
26,product_type_name,Cardigan,1,20,0.05,0.014064903670060802,3.554947916666667,0.05,False
26,colour_group_name,Dark Grey,1,20,0.05,0.029375137352574902,1.70211970074813,0.05,False
26,colour_group_name,White,1,20,0.05,0.0960369203721339,0.5206331045003815,0.05,False
26,colour_group_name,Dark Red,1,20,0.05,0.0128195736576075,3.900285714285715,0.05,False
26,perceived_colour_master_name,Grey,1,20,0.05,0.07113032012306791,0.7029351184346034,0.05,False
26,perceived_colour_master_name,White,1,20,0.05,0.12797597245623032,0.3906983400114482,0.05,False
26,perceived_colour_master_name,Red,1,20,0.05,0.0232217419969233,2.1531545741324924,0.05,False
26,graphical_appearance_name,Denim,1,20,0.05,0.074719800747198,0.6691666666666668,0.05,False
26,garment_group_name,Trousers Denim,1,20,0.05,0.0430737674895612,1.1607993197278912,0.05,False
26,garment_group_name,Blouses,1,20,0.05,0.0860742802725075,0.5808936170212766,0.05,False
26,section_name,Ladies Denim,1,20,0.05,0.028862354406270604,1.7323604060913707,0.05,False
26,department_name,OL Extended Sizes,1,20,0.05,0.005054574756428101,9.892028985507247,0.05,False
26,department_name,Woven top,1,20,0.05,0.007032451835030401,7.109895833333334,0.05,False
27,garment_group_name,Jersey Fancy,19,20,0.95,0.16672771225551242,5.697913005272407,0.95,True
27,index_group_name,Sport,19,20,0.95,0.033111127389934804,28.6912610619469,0.95,True
27,section_name,Ladies H&M Sport,19,20,0.95,0.0265182037945938,35.82444751381215,0.95,True
27,department_name,Ladies Sport Bras,12,20,0.6,0.014943960149439602,40.15,0.6,False
27,product_group_name,Garment Upper body,11,20,0.55,0.38905574683173394,1.4136791564677087,0.55,False
27,colour_group_name,Black,9,20,0.45,0.28027250750860744,1.6055802404600104,0.45,False
27,perceived_colour_master_name,Black,9,20,0.45,0.28173760164090544,1.5972308892355693,0.45,False
27,graphical_appearance_name,Solid,9,20,0.45,0.5812760969892315,0.7741587901701323,0.45,False
27,graphical_appearance_name,Melange,8,20,0.4,0.0617537176763607,6.477342823250297,0.4,False
27,department_name,Ladies Sport Bottoms,7,20,0.35,0.0068859424218006005,50.8281914893617,0.35,False
27,product_type_name,Leggings/Tights,6,20,0.3,0.018313676653725002,16.3812,0.3,False
27,product_type_name,Top,6,20,0.3,0.050692256977510806,5.918063583815028,0.3,False
27,product_group_name,Garment Lower body,6,20,0.3,0.2052596879349498,1.4615631691648823,0.3,False
27,colour_group_name,Green,5,20,0.25,0.009742875979781702,25.659774436090224,0.25,False
27,perceived_colour_master_name,Grey,5,20,0.25,0.07113032012306791,3.5146755921730173,0.25,False
27,product_type_name,Vest top,3,20,0.15,0.030107684418723902,4.982116788321168,0.15,False
27,product_type_name,Unknown,2,20,0.1,0.006080140649036701,16.44698795180723,0.1,False
27,product_type_name,T-shirt,2,20,0.1,0.05757819939931141,1.7367684478371501,0.1,False
27,product_group_name,Unknown,2,20,0.1,0.006080140649036701,16.44698795180723,0.1,False
27,colour_group_name,Greenish Khaki,2,20,0.1,0.027910043220276903,3.5829396325459317,0.1,False
27,perceived_colour_master_name,Khaki green,2,20,0.1,0.035015749761922205,2.855857740585774,0.1,False
27,perceived_colour_master_name,Pink,2,20,0.1,0.06702805655263351,1.4919125683060108,0.1,False
27,graphical_appearance_name,Mesh,2,20,0.1,0.0017581129587576003,56.87916666666667,0.1,False
27,product_type_name,Underwear bottom,1,20,0.05,0.031133250311332503,1.606,0.05,False
27,product_group_name,Underwear,1,20,0.05,0.06768734891216761,0.7386904761904761,0.05,False
27,colour_group_name,Dark Pink,1,20,0.05,0.007911508314409201,6.319907407407407,0.05,False
27,colour_group_name,Light Pink,1,20,0.05,0.036773862720679805,1.3596613545816734,0.05,False
27,colour_group_name,White,1,20,0.05,0.0960369203721339,0.5206331045003815,0.05,False
27,colour_group_name,Orange,1,20,0.05,0.008790564793788001,5.687916666666666,0.05,False
27,perceived_colour_master_name,White,1,20,0.05,0.12797597245623032,0.3906983400114482,0.05,False
27,perceived_colour_master_name,Red,1,20,0.05,0.0232217419969233,2.1531545741324924,0.05,False
27,graphical_appearance_name,Placement print,1,20,0.05,0.014650941322980001,3.4127500000000004,0.05,False
27,garment_group_name,"Under-, Nightwear",1,20,0.05,0.08475569555343931,0.5899308556611927,0.05,False
27,index_group_name,Ladieswear,1,20,0.05,0.5894806241301004,0.08482042997390332,0.05,False
27,section_name,Womens Lingerie,1,20,0.05,0.05765145410592631,0.8672808132147396,0.05,False
27,department_name,Expressive Lingerie,1,20,0.05,0.018313676653725002,2.7302,0.05,False
28,index_group_name,Ladieswear,18,20,0.9,0.5894806241301004,1.5267677395302597,0.9,True
28,graphical_appearance_name,Solid,14,20,0.7,0.5812760969892315,1.204247006931317,0.7,True
28,product_group_name,Garment Upper body,13,20,0.65,0.38905574683173394,1.6707117303709282,0.65,True
28,section_name,Womens Everyday Collection,10,20,0.5,0.12218885063365321,4.0920263788968825,0.5,False
28,garment_group_name,Knitwear,8,20,0.4,0.06695480184601861,5.97417943107221,0.4,False
28,department_name,Knitwear,8,20,0.4,0.039557541572046,10.111851851851853,0.4,False
28,product_type_name,Sweater,7,20,0.35,0.0791883378507069,4.419842738205365,0.35,False
28,colour_group_name,Black,7,20,0.35,0.28027250750860744,1.2487846314688968,0.35,False
28,perceived_colour_master_name,Black,7,20,0.35,0.28173760164090544,1.242290691627665,0.35,False
28,garment_group_name,"Under-, Nightwear",6,20,0.3,0.08475569555343931,3.5395851339671562,0.3,False
28,section_name,"Womens Nightwear, Socks & Tigh",6,20,0.3,0.034869240348692404,8.603571428571428,0.3,False
28,department_name,Loungewear,6,20,0.3,0.009596366566551901,31.261832061068702,0.3,False
28,graphical_appearance_name,Melange,5,20,0.25,0.0617537176763607,4.048339264531435,0.25,False
28,product_group_name,Garment Lower body,4,20,0.2,0.2052596879349498,0.9743754461099216,0.2,False
28,product_type_name,Cardigan,3,20,0.15,0.014064903670060802,10.66484375,0.15,False
28,product_type_name,Trousers,3,20,0.15,0.1310526701340561,1.1445779765231974,0.15,False
28,colour_group_name,Light Beige,3,20,0.15,0.0478353234195297,3.135758039816233,0.15,False
28,perceived_colour_master_name,Grey,3,20,0.15,0.07113032012306791,2.10880535530381,0.15,False
28,perceived_colour_master_name,Beige,3,20,0.15,0.08482895026005421,1.768264248704663,0.15,False
28,garment_group_name,Trousers,3,20,0.15,0.0825580543549923,1.8169032830523513,0.15,False
28,product_type_name,Bra,2,20,0.1,0.0326715991502454,3.0607623318385655,0.1,False
28,product_type_name,Blazer,2,20,0.1,0.014211413083290601,7.036597938144331,0.1,False
28,product_group_name,Underwear,2,20,0.1,0.06768734891216761,1.4773809523809522,0.1,False
28,colour_group_name,Grey,2,20,0.1,0.031059995604717602,3.2195754716981133,0.1,False
28,colour_group_name,Beige,2,20,0.1,0.04585744634092741,2.1806709265175717,0.1,False
28,perceived_colour_master_name,White,2,20,0.1,0.12797597245623032,0.7813966800228964,0.1,False
28,garment_group_name,Dressed,2,20,0.1,0.013112592484067102,7.626256983240224,0.1,False
28,index_group_name,Divided,2,20,0.1,0.2062119991209435,0.4849378330373002,0.1,False
28,section_name,Divided Collection,2,20,0.1,0.10409493809977291,0.9606615059817031,0.1,False
28,department_name,Trousers,2,20,0.1,0.0164823089883525,6.067111111111111,0.1,False
28,department_name,Suit jacket,2,20,0.1,0.0053475935828877,18.700000000000003,0.1,False
28,product_type_name,Leggings/Tights,1,20,0.05,0.018313676653725002,2.7302,0.05,False
28,product_type_name,Top,1,20,0.05,0.050692256977510806,0.9863439306358381,0.05,False
28,product_type_name,Unknown,1,20,0.05,0.006080140649036701,8.223493975903615,0.05,False
28,product_group_name,Unknown,1,20,0.05,0.006080140649036701,8.223493975903615,0.05,False
28,colour_group_name,Light Orange,1,20,0.05,0.014724196029594901,3.395771144278607,0.05,False
28,colour_group_name,Light Purple,1,20,0.05,0.008717310087173101,5.735714285714286,0.05,False
28,colour_group_name,Dark Green,1,20,0.05,0.018533440773569703,2.6978260869565216,0.05,False
28,colour_group_name,White,1,20,0.05,0.0960369203721339,0.5206331045003815,0.05,False
28,colour_group_name,Blue,1,20,0.05,0.033330891509779505,1.5001098901098902,0.05,False
28,colour_group_name,Dark Grey,1,20,0.05,0.029375137352574902,1.70211970074813,0.05,False
28,perceived_colour_master_name,Orange,1,20,0.05,0.0273972602739726,1.8250000000000002,0.05,False
28,perceived_colour_master_name,Mole,1,20,0.05,0.021097355505091203,2.3699652777777778,0.05,False
28,perceived_colour_master_name,Lilac Purple,1,20,0.05,0.014724196029594901,3.395771144278607,0.05,False
28,perceived_colour_master_name,Green,1,20,0.05,0.027910043220276903,1.7914698162729659,0.05,False
28,perceived_colour_master_name,Blue,1,20,0.05,0.11933191707567212,0.41899938612645793,0.05,False
28,graphical_appearance_name,Stripe,1,20,0.05,0.030034429712109,1.6647560975609759,0.05,False
28,garment_group_name,Blouses,1,20,0.05,0.0860742802725075,0.5808936170212766,0.05,False
28,section_name,Womens Casual,1,20,0.05,0.039557541572046,1.2639814814814816,0.05,False
28,section_name,Womens Tailoring,1,20,0.05,0.06343857592850341,0.7881639722863741,0.05,False
28,department_name,Blouse,1,20,0.05,0.043293531609405904,1.154906937394247,0.05,False
28,department_name,Trouser,1,20,0.05,0.0446121163284741,1.1207717569786537,0.05,False
29,index_group_name,Ladieswear,18,20,0.9,0.5894806241301004,1.5267677395302597,0.9,True
29,graphical_appearance_name,Solid,14,20,0.7,0.5812760969892315,1.204247006931317,0.7,True
29,product_group_name,Garment Upper body,13,20,0.65,0.38905574683173394,1.6707117303709282,0.65,True
29,section_name,Womens Everyday Collection,10,20,0.5,0.12218885063365321,4.0920263788968825,0.5,False
29,garment_group_name,Knitwear,8,20,0.4,0.06695480184601861,5.97417943107221,0.4,False
29,department_name,Knitwear,8,20,0.4,0.039557541572046,10.111851851851853,0.4,False
29,product_type_name,Sweater,7,20,0.35,0.0791883378507069,4.419842738205365,0.35,False
29,colour_group_name,Black,7,20,0.35,0.28027250750860744,1.2487846314688968,0.35,False
29,perceived_colour_master_name,Black,7,20,0.35,0.28173760164090544,1.242290691627665,0.35,False
29,garment_group_name,"Under-, Nightwear",6,20,0.3,0.08475569555343931,3.5395851339671562,0.3,False
29,section_name,"Womens Nightwear, Socks & Tigh",6,20,0.3,0.034869240348692404,8.603571428571428,0.3,False
29,department_name,Loungewear,6,20,0.3,0.009596366566551901,31.261832061068702,0.3,False
29,graphical_appearance_name,Melange,5,20,0.25,0.0617537176763607,4.048339264531435,0.25,False
29,product_group_name,Garment Lower body,4,20,0.2,0.2052596879349498,0.9743754461099216,0.2,False
29,product_type_name,Cardigan,3,20,0.15,0.014064903670060802,10.66484375,0.15,False
29,product_type_name,Trousers,3,20,0.15,0.1310526701340561,1.1445779765231974,0.15,False
29,colour_group_name,Light Beige,3,20,0.15,0.0478353234195297,3.135758039816233,0.15,False
29,perceived_colour_master_name,Grey,3,20,0.15,0.07113032012306791,2.10880535530381,0.15,False
29,perceived_colour_master_name,Beige,3,20,0.15,0.08482895026005421,1.768264248704663,0.15,False
29,garment_group_name,Trousers,3,20,0.15,0.0825580543549923,1.8169032830523513,0.15,False
29,product_type_name,Bra,2,20,0.1,0.0326715991502454,3.0607623318385655,0.1,False
29,product_type_name,Blazer,2,20,0.1,0.014211413083290601,7.036597938144331,0.1,False
29,product_group_name,Underwear,2,20,0.1,0.06768734891216761,1.4773809523809522,0.1,False
29,colour_group_name,Grey,2,20,0.1,0.031059995604717602,3.2195754716981133,0.1,False
29,colour_group_name,Beige,2,20,0.1,0.04585744634092741,2.1806709265175717,0.1,False
29,perceived_colour_master_name,White,2,20,0.1,0.12797597245623032,0.7813966800228964,0.1,False
29,garment_group_name,Dressed,2,20,0.1,0.013112592484067102,7.626256983240224,0.1,False
29,index_group_name,Divided,2,20,0.1,0.2062119991209435,0.4849378330373002,0.1,False
29,section_name,Divided Collection,2,20,0.1,0.10409493809977291,0.9606615059817031,0.1,False
29,department_name,Trousers,2,20,0.1,0.0164823089883525,6.067111111111111,0.1,False
29,department_name,Suit jacket,2,20,0.1,0.0053475935828877,18.700000000000003,0.1,False
29,product_type_name,Leggings/Tights,1,20,0.05,0.018313676653725002,2.7302,0.05,False
29,product_type_name,Top,1,20,0.05,0.050692256977510806,0.9863439306358381,0.05,False
29,product_type_name,Unknown,1,20,0.05,0.006080140649036701,8.223493975903615,0.05,False
29,product_group_name,Unknown,1,20,0.05,0.006080140649036701,8.223493975903615,0.05,False
29,colour_group_name,Light Orange,1,20,0.05,0.014724196029594901,3.395771144278607,0.05,False
29,colour_group_name,Light Purple,1,20,0.05,0.008717310087173101,5.735714285714286,0.05,False
29,colour_group_name,Dark Green,1,20,0.05,0.018533440773569703,2.6978260869565216,0.05,False
29,colour_group_name,White,1,20,0.05,0.0960369203721339,0.5206331045003815,0.05,False
29,colour_group_name,Blue,1,20,0.05,0.033330891509779505,1.5001098901098902,0.05,False
29,colour_group_name,Dark Grey,1,20,0.05,0.029375137352574902,1.70211970074813,0.05,False
29,perceived_colour_master_name,Orange,1,20,0.05,0.0273972602739726,1.8250000000000002,0.05,False
29,perceived_colour_master_name,Mole,1,20,0.05,0.021097355505091203,2.3699652777777778,0.05,False
29,perceived_colour_master_name,Lilac Purple,1,20,0.05,0.014724196029594901,3.395771144278607,0.05,False
29,perceived_colour_master_name,Green,1,20,0.05,0.027910043220276903,1.7914698162729659,0.05,False
29,perceived_colour_master_name,Blue,1,20,0.05,0.11933191707567212,0.41899938612645793,0.05,False
29,graphical_appearance_name,Stripe,1,20,0.05,0.030034429712109,1.6647560975609759,0.05,False
29,garment_group_name,Blouses,1,20,0.05,0.0860742802725075,0.5808936170212766,0.05,False
29,section_name,Womens Casual,1,20,0.05,0.039557541572046,1.2639814814814816,0.05,False
29,section_name,Womens Tailoring,1,20,0.05,0.06343857592850341,0.7881639722863741,0.05,False
29,department_name,Blouse,1,20,0.05,0.043293531609405904,1.154906937394247,0.05,False
29,department_name,Trouser,1,20,0.05,0.0446121163284741,1.1207717569786537,0.05,False
30,index_group_name,Ladieswear,20,20,1.0,0.5894806241301004,1.6964085994780662,1.0,True
30,graphical_appearance_name,Solid,19,20,0.95,0.5812760969892315,1.6343352236925015,0.95,True
30,colour_group_name,Black,14,20,0.7,0.28027250750860744,2.4975692629377937,0.7,True
30,perceived_colour_master_name,Black,14,20,0.7,0.28173760164090544,2.48458138325533,0.7,False
30,product_group_name,Garment Upper body,11,20,0.55,0.38905574683173394,1.4136791564677087,0.55,False
30,section_name,Womens Tailoring,10,20,0.5,0.06343857592850341,7.881639722863741,0.5,False
30,product_type_name,Trousers,7,20,0.35,0.1310526701340561,2.6706819452207937,0.35,False
30,product_group_name,Garment Lower body,7,20,0.35,0.2052596879349498,1.7051570306923627,0.35,False
30,section_name,H&M+,7,20,0.35,0.026811222621053402,13.054234972677595,0.35,False
30,garment_group_name,Jersey Fancy,6,20,0.3,0.16672771225551242,1.7993409490333918,0.3,False
30,garment_group_name,Trousers,6,20,0.3,0.0825580543549923,3.6338065661047025,0.3,False
30,department_name,Jersey,6,20,0.3,0.060801406490367006,4.934096385542168,0.3,False
30,product_type_name,Top,5,20,0.25,0.050692256977510806,4.931719653179191,0.25,False
30,department_name,Trouser,4,20,0.2,0.0446121163284741,4.483087027914615,0.2,False
30,product_type_name,Blazer,3,20,0.15,0.014211413083290601,10.554896907216495,0.15,False
30,colour_group_name,Dark Blue,3,20,0.15,0.058970038824994506,2.543664596273292,0.15,False
30,perceived_colour_master_name,Blue,3,20,0.15,0.11933191707567212,1.2569981583793737,0.15,False
30,garment_group_name,Knitwear,3,20,0.15,0.06695480184601861,2.2403172866520786,0.15,False
30,garment_group_name,Dressed,3,20,0.15,0.013112592484067102,11.439385474860334,0.15,False
30,department_name,Knitwear,3,20,0.15,0.039557541572046,3.7919444444444443,0.15,False
30,department_name,Suit,3,20,0.15,0.0057871218225771,25.919620253164556,0.15,False
30,product_type_name,Dress,2,20,0.1,0.11750054941029961,0.851059850374065,0.1,False
30,product_type_name,Sweater,2,20,0.1,0.0791883378507069,1.2628122109158189,0.1,False
30,product_group_name,Garment Full body,2,20,0.1,0.1304666324811369,0.7664795058955644,0.1,False
30,section_name,Womens Everyday Collection,2,20,0.1,0.12218885063365321,0.8184052757793765,0.1,False
30,department_name,Woven bottoms,2,20,0.1,0.009669621273166801,10.341666666666667,0.1,False
30,product_type_name,Cardigan,1,20,0.05,0.014064903670060802,3.554947916666667,0.05,False
30,colour_group_name,Dark Grey,1,20,0.05,0.029375137352574902,1.70211970074813,0.05,False
30,colour_group_name,White,1,20,0.05,0.0960369203721339,0.5206331045003815,0.05,False
30,colour_group_name,Dark Red,1,20,0.05,0.0128195736576075,3.900285714285715,0.05,False
30,perceived_colour_master_name,Grey,1,20,0.05,0.07113032012306791,0.7029351184346034,0.05,False
30,perceived_colour_master_name,White,1,20,0.05,0.12797597245623032,0.3906983400114482,0.05,False
30,perceived_colour_master_name,Red,1,20,0.05,0.0232217419969233,2.1531545741324924,0.05,False
30,graphical_appearance_name,Denim,1,20,0.05,0.074719800747198,0.6691666666666668,0.05,False
30,garment_group_name,Trousers Denim,1,20,0.05,0.0430737674895612,1.1607993197278912,0.05,False
30,garment_group_name,Blouses,1,20,0.05,0.0860742802725075,0.5808936170212766,0.05,False
30,section_name,Ladies Denim,1,20,0.05,0.028862354406270604,1.7323604060913707,0.05,False
30,department_name,OL Extended Sizes,1,20,0.05,0.005054574756428101,9.892028985507247,0.05,False
30,department_name,Woven top,1,20,0.05,0.007032451835030401,7.109895833333334,0.05,False
31,garment_group_name,Jersey Fancy,19,20,0.95,0.16672771225551242,5.697913005272407,0.95,True
31,index_group_name,Sport,19,20,0.95,0.033111127389934804,28.6912610619469,0.95,True
31,section_name,Ladies H&M Sport,19,20,0.95,0.0265182037945938,35.82444751381215,0.95,True
31,department_name,Ladies Sport Bras,12,20,0.6,0.014943960149439602,40.15,0.6,False
31,product_group_name,Garment Upper body,11,20,0.55,0.38905574683173394,1.4136791564677087,0.55,False
31,colour_group_name,Black,9,20,0.45,0.28027250750860744,1.6055802404600104,0.45,False
31,perceived_colour_master_name,Black,9,20,0.45,0.28173760164090544,1.5972308892355693,0.45,False
31,graphical_appearance_name,Solid,9,20,0.45,0.5812760969892315,0.7741587901701323,0.45,False
31,graphical_appearance_name,Melange,8,20,0.4,0.0617537176763607,6.477342823250297,0.4,False
31,department_name,Ladies Sport Bottoms,7,20,0.35,0.0068859424218006005,50.8281914893617,0.35,False
31,product_type_name,Leggings/Tights,6,20,0.3,0.018313676653725002,16.3812,0.3,False
31,product_type_name,Top,6,20,0.3,0.050692256977510806,5.918063583815028,0.3,False
31,product_group_name,Garment Lower body,6,20,0.3,0.2052596879349498,1.4615631691648823,0.3,False
31,colour_group_name,Green,5,20,0.25,0.009742875979781702,25.659774436090224,0.25,False
31,perceived_colour_master_name,Grey,5,20,0.25,0.07113032012306791,3.5146755921730173,0.25,False
31,product_type_name,Vest top,3,20,0.15,0.030107684418723902,4.982116788321168,0.15,False
31,product_type_name,Unknown,2,20,0.1,0.006080140649036701,16.44698795180723,0.1,False
31,product_type_name,T-shirt,2,20,0.1,0.05757819939931141,1.7367684478371501,0.1,False
31,product_group_name,Unknown,2,20,0.1,0.006080140649036701,16.44698795180723,0.1,False
31,colour_group_name,Greenish Khaki,2,20,0.1,0.027910043220276903,3.5829396325459317,0.1,False
31,perceived_colour_master_name,Khaki green,2,20,0.1,0.035015749761922205,2.855857740585774,0.1,False
31,perceived_colour_master_name,Pink,2,20,0.1,0.06702805655263351,1.4919125683060108,0.1,False
31,graphical_appearance_name,Mesh,2,20,0.1,0.0017581129587576003,56.87916666666667,0.1,False
31,product_type_name,Underwear bottom,1,20,0.05,0.031133250311332503,1.606,0.05,False
31,product_group_name,Underwear,1,20,0.05,0.06768734891216761,0.7386904761904761,0.05,False
31,colour_group_name,Dark Pink,1,20,0.05,0.007911508314409201,6.319907407407407,0.05,False
31,colour_group_name,Light Pink,1,20,0.05,0.036773862720679805,1.3596613545816734,0.05,False
31,colour_group_name,White,1,20,0.05,0.0960369203721339,0.5206331045003815,0.05,False
31,colour_group_name,Orange,1,20,0.05,0.008790564793788001,5.687916666666666,0.05,False
31,perceived_colour_master_name,White,1,20,0.05,0.12797597245623032,0.3906983400114482,0.05,False
31,perceived_colour_master_name,Red,1,20,0.05,0.0232217419969233,2.1531545741324924,0.05,False
31,graphical_appearance_name,Placement print,1,20,0.05,0.014650941322980001,3.4127500000000004,0.05,False
31,garment_group_name,"Under-, Nightwear",1,20,0.05,0.08475569555343931,0.5899308556611927,0.05,False
31,index_group_name,Ladieswear,1,20,0.05,0.5894806241301004,0.08482042997390332,0.05,False
31,section_name,Womens Lingerie,1,20,0.05,0.05765145410592631,0.8672808132147396,0.05,False
31,department_name,Expressive Lingerie,1,20,0.05,0.018313676653725002,2.7302,0.05,False
32,index_group_name,Ladieswear,18,20,0.9,0.5894806241301004,1.5267677395302597,0.9,True
32,graphical_appearance_name,Solid,14,20,0.7,0.5812760969892315,1.204247006931317,0.7,True
32,product_group_name,Garment Upper body,13,20,0.65,0.38905574683173394,1.6707117303709282,0.65,True
32,section_name,Womens Everyday Collection,10,20,0.5,0.12218885063365321,4.0920263788968825,0.5,False
32,garment_group_name,Knitwear,8,20,0.4,0.06695480184601861,5.97417943107221,0.4,False
32,department_name,Knitwear,8,20,0.4,0.039557541572046,10.111851851851853,0.4,False
32,product_type_name,Sweater,7,20,0.35,0.0791883378507069,4.419842738205365,0.35,False
32,colour_group_name,Black,7,20,0.35,0.28027250750860744,1.2487846314688968,0.35,False
32,perceived_colour_master_name,Black,7,20,0.35,0.28173760164090544,1.242290691627665,0.35,False
32,garment_group_name,"Under-, Nightwear",6,20,0.3,0.08475569555343931,3.5395851339671562,0.3,False
32,section_name,"Womens Nightwear, Socks & Tigh",6,20,0.3,0.034869240348692404,8.603571428571428,0.3,False
32,department_name,Loungewear,6,20,0.3,0.009596366566551901,31.261832061068702,0.3,False
32,graphical_appearance_name,Melange,5,20,0.25,0.0617537176763607,4.048339264531435,0.25,False
32,product_group_name,Garment Lower body,4,20,0.2,0.2052596879349498,0.9743754461099216,0.2,False
32,product_type_name,Cardigan,3,20,0.15,0.014064903670060802,10.66484375,0.15,False
32,product_type_name,Trousers,3,20,0.15,0.1310526701340561,1.1445779765231974,0.15,False
32,colour_group_name,Light Beige,3,20,0.15,0.0478353234195297,3.135758039816233,0.15,False
32,perceived_colour_master_name,Grey,3,20,0.15,0.07113032012306791,2.10880535530381,0.15,False
32,perceived_colour_master_name,Beige,3,20,0.15,0.08482895026005421,1.768264248704663,0.15,False
32,garment_group_name,Trousers,3,20,0.15,0.0825580543549923,1.8169032830523513,0.15,False
32,product_type_name,Bra,2,20,0.1,0.0326715991502454,3.0607623318385655,0.1,False
32,product_type_name,Blazer,2,20,0.1,0.014211413083290601,7.036597938144331,0.1,False
32,product_group_name,Underwear,2,20,0.1,0.06768734891216761,1.4773809523809522,0.1,False
32,colour_group_name,Grey,2,20,0.1,0.031059995604717602,3.2195754716981133,0.1,False
32,colour_group_name,Beige,2,20,0.1,0.04585744634092741,2.1806709265175717,0.1,False
32,perceived_colour_master_name,White,2,20,0.1,0.12797597245623032,0.7813966800228964,0.1,False
32,garment_group_name,Dressed,2,20,0.1,0.013112592484067102,7.626256983240224,0.1,False
32,index_group_name,Divided,2,20,0.1,0.2062119991209435,0.4849378330373002,0.1,False
32,section_name,Divided Collection,2,20,0.1,0.10409493809977291,0.9606615059817031,0.1,False
32,department_name,Trousers,2,20,0.1,0.0164823089883525,6.067111111111111,0.1,False
32,department_name,Suit jacket,2,20,0.1,0.0053475935828877,18.700000000000003,0.1,False
32,product_type_name,Leggings/Tights,1,20,0.05,0.018313676653725002,2.7302,0.05,False
32,product_type_name,Top,1,20,0.05,0.050692256977510806,0.9863439306358381,0.05,False
32,product_type_name,Unknown,1,20,0.05,0.006080140649036701,8.223493975903615,0.05,False
32,product_group_name,Unknown,1,20,0.05,0.006080140649036701,8.223493975903615,0.05,False
32,colour_group_name,Light Orange,1,20,0.05,0.014724196029594901,3.395771144278607,0.05,False
32,colour_group_name,Light Purple,1,20,0.05,0.008717310087173101,5.735714285714286,0.05,False
32,colour_group_name,Dark Green,1,20,0.05,0.018533440773569703,2.6978260869565216,0.05,False
32,colour_group_name,White,1,20,0.05,0.0960369203721339,0.5206331045003815,0.05,False
32,colour_group_name,Blue,1,20,0.05,0.033330891509779505,1.5001098901098902,0.05,False
32,colour_group_name,Dark Grey,1,20,0.05,0.029375137352574902,1.70211970074813,0.05,False
32,perceived_colour_master_name,Orange,1,20,0.05,0.0273972602739726,1.8250000000000002,0.05,False
32,perceived_colour_master_name,Mole,1,20,0.05,0.021097355505091203,2.3699652777777778,0.05,False
32,perceived_colour_master_name,Lilac Purple,1,20,0.05,0.014724196029594901,3.395771144278607,0.05,False
32,perceived_colour_master_name,Green,1,20,0.05,0.027910043220276903,1.7914698162729659,0.05,False
32,perceived_colour_master_name,Blue,1,20,0.05,0.11933191707567212,0.41899938612645793,0.05,False
32,graphical_appearance_name,Stripe,1,20,0.05,0.030034429712109,1.6647560975609759,0.05,False
32,garment_group_name,Blouses,1,20,0.05,0.0860742802725075,0.5808936170212766,0.05,False
32,section_name,Womens Casual,1,20,0.05,0.039557541572046,1.2639814814814816,0.05,False
32,section_name,Womens Tailoring,1,20,0.05,0.06343857592850341,0.7881639722863741,0.05,False
32,department_name,Blouse,1,20,0.05,0.043293531609405904,1.154906937394247,0.05,False
32,department_name,Trouser,1,20,0.05,0.0446121163284741,1.1207717569786537,0.05,False
33,index_group_name,Ladieswear,18,20,0.9,0.5894806241301004,1.5267677395302597,0.9,True
33,graphical_appearance_name,Solid,14,20,0.7,0.5812760969892315,1.204247006931317,0.7,True
33,product_group_name,Garment Upper body,13,20,0.65,0.38905574683173394,1.6707117303709282,0.65,True
33,section_name,Womens Everyday Collection,10,20,0.5,0.12218885063365321,4.0920263788968825,0.5,False
33,garment_group_name,Knitwear,7,20,0.35,0.06695480184601861,5.227407002188183,0.35,False
33,department_name,Knitwear,7,20,0.35,0.039557541572046,8.84787037037037,0.35,False
33,product_type_name,Sweater,6,20,0.3,0.0791883378507069,3.788436632747456,0.3,False
33,colour_group_name,Black,6,20,0.3,0.28027250750860744,1.0703868269733403,0.3,False
33,perceived_colour_master_name,Black,6,20,0.3,0.28173760164090544,1.0648205928237129,0.3,False
33,garment_group_name,"Under-, Nightwear",6,20,0.3,0.08475569555343931,3.5395851339671562,0.3,False
33,section_name,"Womens Nightwear, Socks & Tigh",6,20,0.3,0.034869240348692404,8.603571428571428,0.3,False
33,department_name,Loungewear,6,20,0.3,0.009596366566551901,31.261832061068702,0.3,False
33,graphical_appearance_name,Melange,5,20,0.25,0.0617537176763607,4.048339264531435,0.25,False
33,product_group_name,Garment Lower body,4,20,0.2,0.2052596879349498,0.9743754461099216,0.2,False
33,product_type_name,Cardigan,3,20,0.15,0.014064903670060802,10.66484375,0.15,False
33,product_type_name,Trousers,3,20,0.15,0.1310526701340561,1.1445779765231974,0.15,False
33,colour_group_name,Light Beige,3,20,0.15,0.0478353234195297,3.135758039816233,0.15,False
33,perceived_colour_master_name,Grey,3,20,0.15,0.07113032012306791,2.10880535530381,0.15,False
33,perceived_colour_master_name,Beige,3,20,0.15,0.08482895026005421,1.768264248704663,0.15,False
33,garment_group_name,Trousers,3,20,0.15,0.0825580543549923,1.8169032830523513,0.15,False
33,product_type_name,Bra,2,20,0.1,0.0326715991502454,3.0607623318385655,0.1,False
33,product_type_name,Blazer,2,20,0.1,0.014211413083290601,7.036597938144331,0.1,False
33,product_group_name,Underwear,2,20,0.1,0.06768734891216761,1.4773809523809522,0.1,False
33,colour_group_name,Grey,2,20,0.1,0.031059995604717602,3.2195754716981133,0.1,False
33,colour_group_name,Beige,2,20,0.1,0.04585744634092741,2.1806709265175717,0.1,False
33,perceived_colour_master_name,White,2,20,0.1,0.12797597245623032,0.7813966800228964,0.1,False
33,garment_group_name,Dressed,2,20,0.1,0.013112592484067102,7.626256983240224,0.1,False
33,garment_group_name,Blouses,2,20,0.1,0.0860742802725075,1.1617872340425532,0.1,False
33,index_group_name,Divided,2,20,0.1,0.2062119991209435,0.4849378330373002,0.1,False
33,section_name,Divided Collection,2,20,0.1,0.10409493809977291,0.9606615059817031,0.1,False
33,department_name,Trousers,2,20,0.1,0.0164823089883525,6.067111111111111,0.1,False
33,department_name,Suit jacket,2,20,0.1,0.0053475935828877,18.700000000000003,0.1,False
33,department_name,Blouse,2,20,0.1,0.043293531609405904,2.309813874788494,0.1,False
33,product_type_name,Leggings/Tights,1,20,0.05,0.018313676653725002,2.7302,0.05,False
33,product_type_name,Top,1,20,0.05,0.050692256977510806,0.9863439306358381,0.05,False
33,product_type_name,Unknown,1,20,0.05,0.006080140649036701,8.223493975903615,0.05,False
33,product_type_name,Blouse,1,20,0.05,0.045344663394623105,1.1026655896607431,0.05,False
33,product_group_name,Unknown,1,20,0.05,0.006080140649036701,8.223493975903615,0.05,False
33,colour_group_name,Light Orange,1,20,0.05,0.014724196029594901,3.395771144278607,0.05,False
33,colour_group_name,Light Purple,1,20,0.05,0.008717310087173101,5.735714285714286,0.05,False
33,colour_group_name,Dark Green,1,20,0.05,0.018533440773569703,2.6978260869565216,0.05,False
33,colour_group_name,White,1,20,0.05,0.0960369203721339,0.5206331045003815,0.05,False
33,colour_group_name,Blue,1,20,0.05,0.033330891509779505,1.5001098901098902,0.05,False
33,colour_group_name,Dark Grey,1,20,0.05,0.029375137352574902,1.70211970074813,0.05,False
33,colour_group_name,Pink,1,20,0.05,0.021024100798476303,2.3782229965156794,0.05,False
33,perceived_colour_master_name,Orange,1,20,0.05,0.0273972602739726,1.8250000000000002,0.05,False
33,perceived_colour_master_name,Mole,1,20,0.05,0.021097355505091203,2.3699652777777778,0.05,False
33,perceived_colour_master_name,Lilac Purple,1,20,0.05,0.014724196029594901,3.395771144278607,0.05,False
33,perceived_colour_master_name,Green,1,20,0.05,0.027910043220276903,1.7914698162729659,0.05,False
33,perceived_colour_master_name,Blue,1,20,0.05,0.11933191707567212,0.41899938612645793,0.05,False
33,perceived_colour_master_name,Pink,1,20,0.05,0.06702805655263351,0.7459562841530054,0.05,False
33,graphical_appearance_name,Stripe,1,20,0.05,0.030034429712109,1.6647560975609759,0.05,False
33,section_name,Womens Casual,1,20,0.05,0.039557541572046,1.2639814814814816,0.05,False
33,section_name,Womens Tailoring,1,20,0.05,0.06343857592850341,0.7881639722863741,0.05,False
33,department_name,Trouser,1,20,0.05,0.0446121163284741,1.1207717569786537,0.05,False
34,index_group_name,Ladieswear,20,20,1.0,0.5894806241301004,1.6964085994780662,1.0,True
34,product_group_name,Garment Upper body,10,20,0.5,0.38905574683173394,1.2851628695160986,0.5,True
34,graphical_appearance_name,Solid,10,20,0.5,0.5812760969892315,0.8601764335223693,0.5,True
34,product_group_name,Garment Lower body,9,20,0.45,0.2052596879349498,2.1923447537473235,0.45,False
34,colour_group_name,Black,9,20,0.45,0.28027250750860744,1.6055802404600104,0.45,False
34,perceived_colour_master_name,Black,9,20,0.45,0.28173760164090544,1.5972308892355693,0.45,False
34,garment_group_name,Jersey Fancy,9,20,0.45,0.16672771225551242,2.699011423550088,0.45,False
34,section_name,Mama,9,20,0.45,0.023294996703538202,19.31745283018868,0.45,False
34,department_name,Jersey,8,20,0.4,0.060801406490367006,6.578795180722892,0.4,False
34,product_type_name,Trousers,5,20,0.25,0.1310526701340561,1.9076299608719955,0.25,False
34,garment_group_name,Trousers,5,20,0.25,0.0825580543549923,3.0281721384205857,0.25,False
34,section_name,Womens Tailoring,5,20,0.25,0.06343857592850341,3.9408198614318706,0.25,False
34,product_type_name,Top,4,20,0.2,0.050692256977510806,3.9453757225433526,0.2,False
34,product_type_name,Leggings/Tights,4,20,0.2,0.018313676653725002,10.9208,0.2,False
34,graphical_appearance_name,Denim,4,20,0.2,0.074719800747198,2.676666666666667,0.2,False
34,department_name,Woven bottoms,4,20,0.2,0.009669621273166801,20.683333333333334,0.2,False
34,perceived_colour_master_name,Beige,3,20,0.15,0.08482895026005421,1.768264248704663,0.15,False
34,perceived_colour_master_name,White,3,20,0.15,0.12797597245623032,1.1720950200343445,0.15,False
34,graphical_appearance_name,All over pattern,3,20,0.15,0.10709838107098381,1.400581395348837,0.15,False
34,section_name,Womens Everyday Collection,3,20,0.15,0.12218885063365321,1.2276079136690647,0.15,False
34,product_type_name,T-shirt,2,20,0.1,0.05757819939931141,1.7367684478371501,0.1,False
34,product_type_name,Blouse,2,20,0.1,0.045344663394623105,2.2053311793214863,0.1,False
34,colour_group_name,Beige,2,20,0.1,0.04585744634092741,2.1806709265175717,0.1,False
34,colour_group_name,White,2,20,0.1,0.0960369203721339,1.041266209000763,0.1,False
34,perceived_colour_master_name,Grey,2,20,0.1,0.07113032012306791,1.4058702368692069,0.1,False
34,garment_group_name,Jersey Basic,2,20,0.1,0.09003003442971211,1.1107404393816112,0.1,False
34,garment_group_name,Blouses,2,20,0.1,0.0860742802725075,1.1617872340425532,0.1,False
34,section_name,Womens Everyday Basics,2,20,0.1,0.027177496154127904,3.6795148247978435,0.1,False
34,department_name,Jersey Basic,2,20,0.1,0.026737967914438502,3.74,0.1,False
34,department_name,Blouse,2,20,0.1,0.043293531609405904,2.309813874788494,0.1,False
34,product_type_name,Sweater,1,20,0.05,0.0791883378507069,0.6314061054579094,0.05,False
34,product_type_name,Blazer,1,20,0.05,0.014211413083290601,3.5182989690721653,0.05,False
34,product_type_name,Dress,1,20,0.05,0.11750054941029961,0.4255299251870325,0.05,False
34,product_group_name,Garment Full body,1,20,0.05,0.1304666324811369,0.3832397529477822,0.05,False
34,colour_group_name,Light Beige,1,20,0.05,0.0478353234195297,1.0452526799387445,0.05,False
34,colour_group_name,Dark Grey,1,20,0.05,0.029375137352574902,1.70211970074813,0.05,False
34,colour_group_name,Grey,1,20,0.05,0.031059995604717602,1.6097877358490567,0.05,False
34,colour_group_name,Dark Green,1,20,0.05,0.018533440773569703,2.6978260869565216,0.05,False
34,colour_group_name,Off White,1,20,0.05,0.030180939125338802,1.6566747572815534,0.05,False
34,colour_group_name,Dark Blue,1,20,0.05,0.058970038824994506,0.847888198757764,0.05,False
34,colour_group_name,Pink,1,20,0.05,0.021024100798476303,2.3782229965156794,0.05,False
34,perceived_colour_master_name,Green,1,20,0.05,0.027910043220276903,1.7914698162729659,0.05,False
34,perceived_colour_master_name,Blue,1,20,0.05,0.11933191707567212,0.41899938612645793,0.05,False
34,perceived_colour_master_name,Pink,1,20,0.05,0.06702805655263351,0.7459562841530054,0.05,False
34,graphical_appearance_name,Stripe,1,20,0.05,0.030034429712109,1.6647560975609759,0.05,False
34,graphical_appearance_name,Melange,1,20,0.05,0.0617537176763607,0.8096678529062872,0.05,False
34,graphical_appearance_name,Other structure,1,20,0.05,0.022855468463848803,2.1876602564102563,0.05,False
34,garment_group_name,"Under-, Nightwear",1,20,0.05,0.08475569555343931,0.5899308556611927,0.05,False
34,garment_group_name,Dressed,1,20,0.05,0.013112592484067102,3.813128491620112,0.05,False
34,section_name,"Womens Nightwear, Socks & Tigh",1,20,0.05,0.034869240348692404,1.4339285714285714,0.05,False
34,department_name,Trouser,1,20,0.05,0.0446121163284741,1.1207717569786537,0.05,False
34,department_name,Loungewear,1,20,0.05,0.009596366566551901,5.21030534351145,0.05,False
34,department_name,Suit,1,20,0.05,0.0057871218225771,8.63987341772152,0.05,False
34,department_name,Jersey fancy,1,20,0.05,0.0247600908358362,2.0193786982248523,0.05,False
35,index_group_name,Ladieswear,20,20,1.0,0.5894806241301004,1.6964085994780662,1.0,True
35,graphical_appearance_name,Solid,19,20,0.95,0.5812760969892315,1.6343352236925015,0.95,True
35,colour_group_name,Black,14,20,0.7,0.28027250750860744,2.4975692629377937,0.7,True
35,perceived_colour_master_name,Black,14,20,0.7,0.28173760164090544,2.48458138325533,0.7,False
35,product_group_name,Garment Upper body,11,20,0.55,0.38905574683173394,1.4136791564677087,0.55,False
35,section_name,Womens Tailoring,10,20,0.5,0.06343857592850341,7.881639722863741,0.5,False
35,product_type_name,Trousers,7,20,0.35,0.1310526701340561,2.6706819452207937,0.35,False
35,product_group_name,Garment Lower body,7,20,0.35,0.2052596879349498,1.7051570306923627,0.35,False
35,section_name,H&M+,7,20,0.35,0.026811222621053402,13.054234972677595,0.35,False
35,garment_group_name,Jersey Fancy,6,20,0.3,0.16672771225551242,1.7993409490333918,0.3,False
35,garment_group_name,Trousers,6,20,0.3,0.0825580543549923,3.6338065661047025,0.3,False
35,department_name,Jersey,6,20,0.3,0.060801406490367006,4.934096385542168,0.3,False
35,product_type_name,Top,5,20,0.25,0.050692256977510806,4.931719653179191,0.25,False
35,department_name,Trouser,4,20,0.2,0.0446121163284741,4.483087027914615,0.2,False
35,product_type_name,Blazer,3,20,0.15,0.014211413083290601,10.554896907216495,0.15,False
35,colour_group_name,Dark Blue,3,20,0.15,0.058970038824994506,2.543664596273292,0.15,False
35,perceived_colour_master_name,Blue,3,20,0.15,0.11933191707567212,1.2569981583793737,0.15,False
35,garment_group_name,Knitwear,3,20,0.15,0.06695480184601861,2.2403172866520786,0.15,False
35,garment_group_name,Dressed,3,20,0.15,0.013112592484067102,11.439385474860334,0.15,False
35,department_name,Knitwear,3,20,0.15,0.039557541572046,3.7919444444444443,0.15,False
35,department_name,Suit,3,20,0.15,0.0057871218225771,25.919620253164556,0.15,False
35,product_type_name,Dress,2,20,0.1,0.11750054941029961,0.851059850374065,0.1,False
35,product_type_name,Sweater,2,20,0.1,0.0791883378507069,1.2628122109158189,0.1,False
35,product_group_name,Garment Full body,2,20,0.1,0.1304666324811369,0.7664795058955644,0.1,False
35,section_name,Womens Everyday Collection,2,20,0.1,0.12218885063365321,0.8184052757793765,0.1,False
35,department_name,Woven bottoms,2,20,0.1,0.009669621273166801,10.341666666666667,0.1,False
35,product_type_name,Cardigan,1,20,0.05,0.014064903670060802,3.554947916666667,0.05,False
35,colour_group_name,Dark Grey,1,20,0.05,0.029375137352574902,1.70211970074813,0.05,False
35,colour_group_name,White,1,20,0.05,0.0960369203721339,0.5206331045003815,0.05,False
35,colour_group_name,Dark Red,1,20,0.05,0.0128195736576075,3.900285714285715,0.05,False
35,perceived_colour_master_name,Grey,1,20,0.05,0.07113032012306791,0.7029351184346034,0.05,False
35,perceived_colour_master_name,White,1,20,0.05,0.12797597245623032,0.3906983400114482,0.05,False
35,perceived_colour_master_name,Red,1,20,0.05,0.0232217419969233,2.1531545741324924,0.05,False
35,graphical_appearance_name,Denim,1,20,0.05,0.074719800747198,0.6691666666666668,0.05,False
35,garment_group_name,Trousers Denim,1,20,0.05,0.0430737674895612,1.1607993197278912,0.05,False
35,garment_group_name,Blouses,1,20,0.05,0.0860742802725075,0.5808936170212766,0.05,False
35,section_name,Ladies Denim,1,20,0.05,0.028862354406270604,1.7323604060913707,0.05,False
35,department_name,OL Extended Sizes,1,20,0.05,0.005054574756428101,9.892028985507247,0.05,False
35,department_name,Woven top,1,20,0.05,0.007032451835030401,7.109895833333334,0.05,False
36,index_group_name,Ladieswear,18,20,0.9,0.5894806241301004,1.5267677395302597,0.9,True
36,graphical_appearance_name,Solid,14,20,0.7,0.5812760969892315,1.204247006931317,0.7,True
36,product_group_name,Garment Upper body,13,20,0.65,0.38905574683173394,1.6707117303709282,0.65,True
36,section_name,Womens Everyday Collection,10,20,0.5,0.12218885063365321,4.0920263788968825,0.5,False
36,garment_group_name,Knitwear,8,20,0.4,0.06695480184601861,5.97417943107221,0.4,False
36,department_name,Knitwear,8,20,0.4,0.039557541572046,10.111851851851853,0.4,False
36,product_type_name,Sweater,7,20,0.35,0.0791883378507069,4.419842738205365,0.35,False
36,colour_group_name,Black,7,20,0.35,0.28027250750860744,1.2487846314688968,0.35,False
36,perceived_colour_master_name,Black,7,20,0.35,0.28173760164090544,1.242290691627665,0.35,False
36,garment_group_name,"Under-, Nightwear",6,20,0.3,0.08475569555343931,3.5395851339671562,0.3,False
36,section_name,"Womens Nightwear, Socks & Tigh",6,20,0.3,0.034869240348692404,8.603571428571428,0.3,False
36,department_name,Loungewear,6,20,0.3,0.009596366566551901,31.261832061068702,0.3,False
36,graphical_appearance_name,Melange,5,20,0.25,0.0617537176763607,4.048339264531435,0.25,False
36,product_group_name,Garment Lower body,4,20,0.2,0.2052596879349498,0.9743754461099216,0.2,False
36,product_type_name,Cardigan,3,20,0.15,0.014064903670060802,10.66484375,0.15,False
36,product_type_name,Trousers,3,20,0.15,0.1310526701340561,1.1445779765231974,0.15,False
36,colour_group_name,Light Beige,3,20,0.15,0.0478353234195297,3.135758039816233,0.15,False
36,perceived_colour_master_name,Grey,3,20,0.15,0.07113032012306791,2.10880535530381,0.15,False
36,perceived_colour_master_name,Beige,3,20,0.15,0.08482895026005421,1.768264248704663,0.15,False
36,garment_group_name,Trousers,3,20,0.15,0.0825580543549923,1.8169032830523513,0.15,False
36,product_type_name,Bra,2,20,0.1,0.0326715991502454,3.0607623318385655,0.1,False
36,product_type_name,Blazer,2,20,0.1,0.014211413083290601,7.036597938144331,0.1,False
36,product_group_name,Underwear,2,20,0.1,0.06768734891216761,1.4773809523809522,0.1,False
36,colour_group_name,Grey,2,20,0.1,0.031059995604717602,3.2195754716981133,0.1,False
36,colour_group_name,Beige,2,20,0.1,0.04585744634092741,2.1806709265175717,0.1,False
36,perceived_colour_master_name,White,2,20,0.1,0.12797597245623032,0.7813966800228964,0.1,False
36,garment_group_name,Dressed,2,20,0.1,0.013112592484067102,7.626256983240224,0.1,False
36,index_group_name,Divided,2,20,0.1,0.2062119991209435,0.4849378330373002,0.1,False
36,section_name,Divided Collection,2,20,0.1,0.10409493809977291,0.9606615059817031,0.1,False
36,department_name,Trousers,2,20,0.1,0.0164823089883525,6.067111111111111,0.1,False
36,department_name,Suit jacket,2,20,0.1,0.0053475935828877,18.700000000000003,0.1,False
36,product_type_name,Leggings/Tights,1,20,0.05,0.018313676653725002,2.7302,0.05,False
36,product_type_name,Top,1,20,0.05,0.050692256977510806,0.9863439306358381,0.05,False
36,product_type_name,Unknown,1,20,0.05,0.006080140649036701,8.223493975903615,0.05,False
36,product_group_name,Unknown,1,20,0.05,0.006080140649036701,8.223493975903615,0.05,False
36,colour_group_name,Light Orange,1,20,0.05,0.014724196029594901,3.395771144278607,0.05,False
36,colour_group_name,Light Purple,1,20,0.05,0.008717310087173101,5.735714285714286,0.05,False
36,colour_group_name,Dark Green,1,20,0.05,0.018533440773569703,2.6978260869565216,0.05,False
36,colour_group_name,White,1,20,0.05,0.0960369203721339,0.5206331045003815,0.05,False
36,colour_group_name,Blue,1,20,0.05,0.033330891509779505,1.5001098901098902,0.05,False
36,colour_group_name,Dark Grey,1,20,0.05,0.029375137352574902,1.70211970074813,0.05,False
36,perceived_colour_master_name,Orange,1,20,0.05,0.0273972602739726,1.8250000000000002,0.05,False
36,perceived_colour_master_name,Mole,1,20,0.05,0.021097355505091203,2.3699652777777778,0.05,False
36,perceived_colour_master_name,Lilac Purple,1,20,0.05,0.014724196029594901,3.395771144278607,0.05,False
36,perceived_colour_master_name,Green,1,20,0.05,0.027910043220276903,1.7914698162729659,0.05,False
36,perceived_colour_master_name,Blue,1,20,0.05,0.11933191707567212,0.41899938612645793,0.05,False
36,graphical_appearance_name,Stripe,1,20,0.05,0.030034429712109,1.6647560975609759,0.05,False
36,garment_group_name,Blouses,1,20,0.05,0.0860742802725075,0.5808936170212766,0.05,False
36,section_name,Womens Casual,1,20,0.05,0.039557541572046,1.2639814814814816,0.05,False
36,section_name,Womens Tailoring,1,20,0.05,0.06343857592850341,0.7881639722863741,0.05,False
36,department_name,Blouse,1,20,0.05,0.043293531609405904,1.154906937394247,0.05,False
36,department_name,Trouser,1,20,0.05,0.0446121163284741,1.1207717569786537,0.05,False
37,index_group_name,Ladieswear,18,20,0.9,0.5894806241301004,1.5267677395302597,0.9,True
37,graphical_appearance_name,Solid,14,20,0.7,0.5812760969892315,1.204247006931317,0.7,True
37,product_group_name,Garment Upper body,13,20,0.65,0.38905574683173394,1.6707117303709282,0.65,True
37,section_name,Womens Everyday Collection,10,20,0.5,0.12218885063365321,4.0920263788968825,0.5,False
37,garment_group_name,Knitwear,8,20,0.4,0.06695480184601861,5.97417943107221,0.4,False
37,department_name,Knitwear,8,20,0.4,0.039557541572046,10.111851851851853,0.4,False
37,product_type_name,Sweater,7,20,0.35,0.0791883378507069,4.419842738205365,0.35,False
37,colour_group_name,Black,7,20,0.35,0.28027250750860744,1.2487846314688968,0.35,False
37,perceived_colour_master_name,Black,7,20,0.35,0.28173760164090544,1.242290691627665,0.35,False
37,garment_group_name,"Under-, Nightwear",6,20,0.3,0.08475569555343931,3.5395851339671562,0.3,False
37,section_name,"Womens Nightwear, Socks & Tigh",6,20,0.3,0.034869240348692404,8.603571428571428,0.3,False
37,department_name,Loungewear,6,20,0.3,0.009596366566551901,31.261832061068702,0.3,False
37,graphical_appearance_name,Melange,5,20,0.25,0.0617537176763607,4.048339264531435,0.25,False
37,product_group_name,Garment Lower body,4,20,0.2,0.2052596879349498,0.9743754461099216,0.2,False
37,product_type_name,Cardigan,3,20,0.15,0.014064903670060802,10.66484375,0.15,False
37,product_type_name,Trousers,3,20,0.15,0.1310526701340561,1.1445779765231974,0.15,False
37,colour_group_name,Light Beige,3,20,0.15,0.0478353234195297,3.135758039816233,0.15,False
37,perceived_colour_master_name,Grey,3,20,0.15,0.07113032012306791,2.10880535530381,0.15,False
37,perceived_colour_master_name,Beige,3,20,0.15,0.08482895026005421,1.768264248704663,0.15,False
37,garment_group_name,Trousers,3,20,0.15,0.0825580543549923,1.8169032830523513,0.15,False
37,product_type_name,Bra,2,20,0.1,0.0326715991502454,3.0607623318385655,0.1,False
37,product_type_name,Blazer,2,20,0.1,0.014211413083290601,7.036597938144331,0.1,False
37,product_group_name,Underwear,2,20,0.1,0.06768734891216761,1.4773809523809522,0.1,False
37,colour_group_name,Grey,2,20,0.1,0.031059995604717602,3.2195754716981133,0.1,False
37,colour_group_name,Beige,2,20,0.1,0.04585744634092741,2.1806709265175717,0.1,False
37,perceived_colour_master_name,White,2,20,0.1,0.12797597245623032,0.7813966800228964,0.1,False
37,garment_group_name,Dressed,2,20,0.1,0.013112592484067102,7.626256983240224,0.1,False
37,index_group_name,Divided,2,20,0.1,0.2062119991209435,0.4849378330373002,0.1,False
37,section_name,Divided Collection,2,20,0.1,0.10409493809977291,0.9606615059817031,0.1,False
37,department_name,Trousers,2,20,0.1,0.0164823089883525,6.067111111111111,0.1,False
37,department_name,Suit jacket,2,20,0.1,0.0053475935828877,18.700000000000003,0.1,False
37,product_type_name,Leggings/Tights,1,20,0.05,0.018313676653725002,2.7302,0.05,False
37,product_type_name,Top,1,20,0.05,0.050692256977510806,0.9863439306358381,0.05,False
37,product_type_name,Unknown,1,20,0.05,0.006080140649036701,8.223493975903615,0.05,False
37,product_group_name,Unknown,1,20,0.05,0.006080140649036701,8.223493975903615,0.05,False
37,colour_group_name,Light Orange,1,20,0.05,0.014724196029594901,3.395771144278607,0.05,False
37,colour_group_name,Light Purple,1,20,0.05,0.008717310087173101,5.735714285714286,0.05,False
37,colour_group_name,Dark Green,1,20,0.05,0.018533440773569703,2.6978260869565216,0.05,False
37,colour_group_name,White,1,20,0.05,0.0960369203721339,0.5206331045003815,0.05,False
37,colour_group_name,Blue,1,20,0.05,0.033330891509779505,1.5001098901098902,0.05,False
37,colour_group_name,Dark Grey,1,20,0.05,0.029375137352574902,1.70211970074813,0.05,False
37,perceived_colour_master_name,Orange,1,20,0.05,0.0273972602739726,1.8250000000000002,0.05,False
37,perceived_colour_master_name,Mole,1,20,0.05,0.021097355505091203,2.3699652777777778,0.05,False
37,perceived_colour_master_name,Lilac Purple,1,20,0.05,0.014724196029594901,3.395771144278607,0.05,False
37,perceived_colour_master_name,Green,1,20,0.05,0.027910043220276903,1.7914698162729659,0.05,False
37,perceived_colour_master_name,Blue,1,20,0.05,0.11933191707567212,0.41899938612645793,0.05,False
37,graphical_appearance_name,Stripe,1,20,0.05,0.030034429712109,1.6647560975609759,0.05,False
37,garment_group_name,Blouses,1,20,0.05,0.0860742802725075,0.5808936170212766,0.05,False
37,section_name,Womens Casual,1,20,0.05,0.039557541572046,1.2639814814814816,0.05,False
37,section_name,Womens Tailoring,1,20,0.05,0.06343857592850341,0.7881639722863741,0.05,False
37,department_name,Blouse,1,20,0.05,0.043293531609405904,1.154906937394247,0.05,False
37,department_name,Trouser,1,20,0.05,0.0446121163284741,1.1207717569786537,0.05,False
38,index_group_name,Ladieswear,20,20,1.0,0.5894806241301004,1.6964085994780662,1.0,True
38,graphical_appearance_name,Solid,19,20,0.95,0.5812760969892315,1.6343352236925015,0.95,True
38,colour_group_name,Black,14,20,0.7,0.28027250750860744,2.4975692629377937,0.7,True
38,perceived_colour_master_name,Black,14,20,0.7,0.28173760164090544,2.48458138325533,0.7,False
38,product_group_name,Garment Upper body,11,20,0.55,0.38905574683173394,1.4136791564677087,0.55,False
38,section_name,Womens Tailoring,10,20,0.5,0.06343857592850341,7.881639722863741,0.5,False
38,product_type_name,Trousers,7,20,0.35,0.1310526701340561,2.6706819452207937,0.35,False
38,product_group_name,Garment Lower body,7,20,0.35,0.2052596879349498,1.7051570306923627,0.35,False
38,section_name,H&M+,7,20,0.35,0.026811222621053402,13.054234972677595,0.35,False
38,garment_group_name,Jersey Fancy,6,20,0.3,0.16672771225551242,1.7993409490333918,0.3,False
38,garment_group_name,Trousers,6,20,0.3,0.0825580543549923,3.6338065661047025,0.3,False
38,department_name,Jersey,6,20,0.3,0.060801406490367006,4.934096385542168,0.3,False
38,product_type_name,Top,5,20,0.25,0.050692256977510806,4.931719653179191,0.25,False
38,department_name,Trouser,4,20,0.2,0.0446121163284741,4.483087027914615,0.2,False
38,product_type_name,Blazer,3,20,0.15,0.014211413083290601,10.554896907216495,0.15,False
38,colour_group_name,Dark Blue,3,20,0.15,0.058970038824994506,2.543664596273292,0.15,False
38,perceived_colour_master_name,Blue,3,20,0.15,0.11933191707567212,1.2569981583793737,0.15,False
38,garment_group_name,Knitwear,3,20,0.15,0.06695480184601861,2.2403172866520786,0.15,False
38,garment_group_name,Dressed,3,20,0.15,0.013112592484067102,11.439385474860334,0.15,False
38,department_name,Knitwear,3,20,0.15,0.039557541572046,3.7919444444444443,0.15,False
38,department_name,Suit,3,20,0.15,0.0057871218225771,25.919620253164556,0.15,False
38,product_type_name,Dress,2,20,0.1,0.11750054941029961,0.851059850374065,0.1,False
38,product_type_name,Sweater,2,20,0.1,0.0791883378507069,1.2628122109158189,0.1,False
38,product_group_name,Garment Full body,2,20,0.1,0.1304666324811369,0.7664795058955644,0.1,False
38,section_name,Womens Everyday Collection,2,20,0.1,0.12218885063365321,0.8184052757793765,0.1,False
38,department_name,Woven bottoms,2,20,0.1,0.009669621273166801,10.341666666666667,0.1,False
38,product_type_name,Cardigan,1,20,0.05,0.014064903670060802,3.554947916666667,0.05,False
38,colour_group_name,Dark Grey,1,20,0.05,0.029375137352574902,1.70211970074813,0.05,False
38,colour_group_name,White,1,20,0.05,0.0960369203721339,0.5206331045003815,0.05,False
38,colour_group_name,Dark Red,1,20,0.05,0.0128195736576075,3.900285714285715,0.05,False
38,perceived_colour_master_name,Grey,1,20,0.05,0.07113032012306791,0.7029351184346034,0.05,False
38,perceived_colour_master_name,White,1,20,0.05,0.12797597245623032,0.3906983400114482,0.05,False
38,perceived_colour_master_name,Red,1,20,0.05,0.0232217419969233,2.1531545741324924,0.05,False
38,graphical_appearance_name,Denim,1,20,0.05,0.074719800747198,0.6691666666666668,0.05,False
38,garment_group_name,Trousers Denim,1,20,0.05,0.0430737674895612,1.1607993197278912,0.05,False
38,garment_group_name,Blouses,1,20,0.05,0.0860742802725075,0.5808936170212766,0.05,False
38,section_name,Ladies Denim,1,20,0.05,0.028862354406270604,1.7323604060913707,0.05,False
38,department_name,OL Extended Sizes,1,20,0.05,0.005054574756428101,9.892028985507247,0.05,False
38,department_name,Woven top,1,20,0.05,0.007032451835030401,7.109895833333334,0.05,False
39,index_group_name,Ladieswear,18,20,0.9,0.5894806241301004,1.5267677395302597,0.9,True
39,graphical_appearance_name,Solid,14,20,0.7,0.5812760969892315,1.204247006931317,0.7,True
39,product_group_name,Garment Upper body,13,20,0.65,0.38905574683173394,1.6707117303709282,0.65,True
39,section_name,Womens Everyday Collection,10,20,0.5,0.12218885063365321,4.0920263788968825,0.5,False
39,garment_group_name,Knitwear,8,20,0.4,0.06695480184601861,5.97417943107221,0.4,False
39,department_name,Knitwear,8,20,0.4,0.039557541572046,10.111851851851853,0.4,False
39,product_type_name,Sweater,7,20,0.35,0.0791883378507069,4.419842738205365,0.35,False
39,colour_group_name,Black,7,20,0.35,0.28027250750860744,1.2487846314688968,0.35,False
39,perceived_colour_master_name,Black,7,20,0.35,0.28173760164090544,1.242290691627665,0.35,False
39,garment_group_name,"Under-, Nightwear",6,20,0.3,0.08475569555343931,3.5395851339671562,0.3,False
39,section_name,"Womens Nightwear, Socks & Tigh",6,20,0.3,0.034869240348692404,8.603571428571428,0.3,False
39,department_name,Loungewear,6,20,0.3,0.009596366566551901,31.261832061068702,0.3,False
39,graphical_appearance_name,Melange,5,20,0.25,0.0617537176763607,4.048339264531435,0.25,False
39,product_group_name,Garment Lower body,4,20,0.2,0.2052596879349498,0.9743754461099216,0.2,False
39,product_type_name,Cardigan,3,20,0.15,0.014064903670060802,10.66484375,0.15,False
39,product_type_name,Trousers,3,20,0.15,0.1310526701340561,1.1445779765231974,0.15,False
39,colour_group_name,Light Beige,3,20,0.15,0.0478353234195297,3.135758039816233,0.15,False
39,perceived_colour_master_name,Grey,3,20,0.15,0.07113032012306791,2.10880535530381,0.15,False
39,perceived_colour_master_name,Beige,3,20,0.15,0.08482895026005421,1.768264248704663,0.15,False
39,garment_group_name,Trousers,3,20,0.15,0.0825580543549923,1.8169032830523513,0.15,False
39,product_type_name,Bra,2,20,0.1,0.0326715991502454,3.0607623318385655,0.1,False
39,product_type_name,Blazer,2,20,0.1,0.014211413083290601,7.036597938144331,0.1,False
39,product_group_name,Underwear,2,20,0.1,0.06768734891216761,1.4773809523809522,0.1,False
39,colour_group_name,Grey,2,20,0.1,0.031059995604717602,3.2195754716981133,0.1,False
39,colour_group_name,Beige,2,20,0.1,0.04585744634092741,2.1806709265175717,0.1,False
39,perceived_colour_master_name,White,2,20,0.1,0.12797597245623032,0.7813966800228964,0.1,False
39,garment_group_name,Dressed,2,20,0.1,0.013112592484067102,7.626256983240224,0.1,False
39,index_group_name,Divided,2,20,0.1,0.2062119991209435,0.4849378330373002,0.1,False
39,section_name,Divided Collection,2,20,0.1,0.10409493809977291,0.9606615059817031,0.1,False
39,department_name,Trousers,2,20,0.1,0.0164823089883525,6.067111111111111,0.1,False
39,department_name,Suit jacket,2,20,0.1,0.0053475935828877,18.700000000000003,0.1,False
39,product_type_name,Leggings/Tights,1,20,0.05,0.018313676653725002,2.7302,0.05,False
39,product_type_name,Top,1,20,0.05,0.050692256977510806,0.9863439306358381,0.05,False
39,product_type_name,Unknown,1,20,0.05,0.006080140649036701,8.223493975903615,0.05,False
39,product_group_name,Unknown,1,20,0.05,0.006080140649036701,8.223493975903615,0.05,False
39,colour_group_name,Light Orange,1,20,0.05,0.014724196029594901,3.395771144278607,0.05,False
39,colour_group_name,Light Purple,1,20,0.05,0.008717310087173101,5.735714285714286,0.05,False
39,colour_group_name,Dark Green,1,20,0.05,0.018533440773569703,2.6978260869565216,0.05,False
39,colour_group_name,White,1,20,0.05,0.0960369203721339,0.5206331045003815,0.05,False
39,colour_group_name,Blue,1,20,0.05,0.033330891509779505,1.5001098901098902,0.05,False
39,colour_group_name,Dark Grey,1,20,0.05,0.029375137352574902,1.70211970074813,0.05,False
39,perceived_colour_master_name,Orange,1,20,0.05,0.0273972602739726,1.8250000000000002,0.05,False
39,perceived_colour_master_name,Mole,1,20,0.05,0.021097355505091203,2.3699652777777778,0.05,False
39,perceived_colour_master_name,Lilac Purple,1,20,0.05,0.014724196029594901,3.395771144278607,0.05,False
39,perceived_colour_master_name,Green,1,20,0.05,0.027910043220276903,1.7914698162729659,0.05,False
39,perceived_colour_master_name,Blue,1,20,0.05,0.11933191707567212,0.41899938612645793,0.05,False
39,graphical_appearance_name,Stripe,1,20,0.05,0.030034429712109,1.6647560975609759,0.05,False
39,garment_group_name,Blouses,1,20,0.05,0.0860742802725075,0.5808936170212766,0.05,False
39,section_name,Womens Casual,1,20,0.05,0.039557541572046,1.2639814814814816,0.05,False
39,section_name,Womens Tailoring,1,20,0.05,0.06343857592850341,0.7881639722863741,0.05,False
39,department_name,Blouse,1,20,0.05,0.043293531609405904,1.154906937394247,0.05,False
39,department_name,Trouser,1,20,0.05,0.0446121163284741,1.1207717569786537,0.05,False
40,index_group_name,Ladieswear,18,20,0.9,0.5894806241301004,1.5267677395302597,0.9,True
40,graphical_appearance_name,Solid,14,20,0.7,0.5812760969892315,1.204247006931317,0.7,True
40,product_group_name,Garment Upper body,13,20,0.65,0.38905574683173394,1.6707117303709282,0.65,True
40,section_name,Womens Everyday Collection,10,20,0.5,0.12218885063365321,4.0920263788968825,0.5,False
40,garment_group_name,Knitwear,8,20,0.4,0.06695480184601861,5.97417943107221,0.4,False
40,department_name,Knitwear,8,20,0.4,0.039557541572046,10.111851851851853,0.4,False
40,product_type_name,Sweater,7,20,0.35,0.0791883378507069,4.419842738205365,0.35,False
40,colour_group_name,Black,7,20,0.35,0.28027250750860744,1.2487846314688968,0.35,False
40,perceived_colour_master_name,Black,7,20,0.35,0.28173760164090544,1.242290691627665,0.35,False
40,garment_group_name,"Under-, Nightwear",6,20,0.3,0.08475569555343931,3.5395851339671562,0.3,False
40,section_name,"Womens Nightwear, Socks & Tigh",6,20,0.3,0.034869240348692404,8.603571428571428,0.3,False
40,department_name,Loungewear,6,20,0.3,0.009596366566551901,31.261832061068702,0.3,False
40,graphical_appearance_name,Melange,5,20,0.25,0.0617537176763607,4.048339264531435,0.25,False
40,product_group_name,Garment Lower body,4,20,0.2,0.2052596879349498,0.9743754461099216,0.2,False
40,product_type_name,Cardigan,3,20,0.15,0.014064903670060802,10.66484375,0.15,False
40,product_type_name,Trousers,3,20,0.15,0.1310526701340561,1.1445779765231974,0.15,False
40,colour_group_name,Light Beige,3,20,0.15,0.0478353234195297,3.135758039816233,0.15,False
40,perceived_colour_master_name,Grey,3,20,0.15,0.07113032012306791,2.10880535530381,0.15,False
40,perceived_colour_master_name,Beige,3,20,0.15,0.08482895026005421,1.768264248704663,0.15,False
40,garment_group_name,Trousers,3,20,0.15,0.0825580543549923,1.8169032830523513,0.15,False
40,product_type_name,Bra,2,20,0.1,0.0326715991502454,3.0607623318385655,0.1,False
40,product_type_name,Blazer,2,20,0.1,0.014211413083290601,7.036597938144331,0.1,False
40,product_group_name,Underwear,2,20,0.1,0.06768734891216761,1.4773809523809522,0.1,False
40,colour_group_name,Grey,2,20,0.1,0.031059995604717602,3.2195754716981133,0.1,False
40,colour_group_name,Beige,2,20,0.1,0.04585744634092741,2.1806709265175717,0.1,False
40,perceived_colour_master_name,White,2,20,0.1,0.12797597245623032,0.7813966800228964,0.1,False
40,garment_group_name,Dressed,2,20,0.1,0.013112592484067102,7.626256983240224,0.1,False
40,index_group_name,Divided,2,20,0.1,0.2062119991209435,0.4849378330373002,0.1,False
40,section_name,Divided Collection,2,20,0.1,0.10409493809977291,0.9606615059817031,0.1,False
40,department_name,Trousers,2,20,0.1,0.0164823089883525,6.067111111111111,0.1,False
40,department_name,Suit jacket,2,20,0.1,0.0053475935828877,18.700000000000003,0.1,False
40,product_type_name,Leggings/Tights,1,20,0.05,0.018313676653725002,2.7302,0.05,False
40,product_type_name,Top,1,20,0.05,0.050692256977510806,0.9863439306358381,0.05,False
40,product_type_name,Unknown,1,20,0.05,0.006080140649036701,8.223493975903615,0.05,False
40,product_group_name,Unknown,1,20,0.05,0.006080140649036701,8.223493975903615,0.05,False
40,colour_group_name,Light Orange,1,20,0.05,0.014724196029594901,3.395771144278607,0.05,False
40,colour_group_name,Light Purple,1,20,0.05,0.008717310087173101,5.735714285714286,0.05,False
40,colour_group_name,Dark Green,1,20,0.05,0.018533440773569703,2.6978260869565216,0.05,False
40,colour_group_name,White,1,20,0.05,0.0960369203721339,0.5206331045003815,0.05,False
40,colour_group_name,Blue,1,20,0.05,0.033330891509779505,1.5001098901098902,0.05,False
40,colour_group_name,Dark Grey,1,20,0.05,0.029375137352574902,1.70211970074813,0.05,False
40,perceived_colour_master_name,Orange,1,20,0.05,0.0273972602739726,1.8250000000000002,0.05,False
40,perceived_colour_master_name,Mole,1,20,0.05,0.021097355505091203,2.3699652777777778,0.05,False
40,perceived_colour_master_name,Lilac Purple,1,20,0.05,0.014724196029594901,3.395771144278607,0.05,False
40,perceived_colour_master_name,Green,1,20,0.05,0.027910043220276903,1.7914698162729659,0.05,False
40,perceived_colour_master_name,Blue,1,20,0.05,0.11933191707567212,0.41899938612645793,0.05,False
40,graphical_appearance_name,Stripe,1,20,0.05,0.030034429712109,1.6647560975609759,0.05,False
40,garment_group_name,Blouses,1,20,0.05,0.0860742802725075,0.5808936170212766,0.05,False
40,section_name,Womens Casual,1,20,0.05,0.039557541572046,1.2639814814814816,0.05,False
40,section_name,Womens Tailoring,1,20,0.05,0.06343857592850341,0.7881639722863741,0.05,False
40,department_name,Blouse,1,20,0.05,0.043293531609405904,1.154906937394247,0.05,False
40,department_name,Trouser,1,20,0.05,0.0446121163284741,1.1207717569786537,0.05,False
41,index_group_name,Ladieswear,18,20,0.9,0.5894806241301004,1.5267677395302597,0.9,True
41,graphical_appearance_name,Solid,14,20,0.7,0.5812760969892315,1.204247006931317,0.7,True
41,product_group_name,Garment Upper body,13,20,0.65,0.38905574683173394,1.6707117303709282,0.65,True
41,section_name,Womens Everyday Collection,10,20,0.5,0.12218885063365321,4.0920263788968825,0.5,False
41,garment_group_name,Knitwear,8,20,0.4,0.06695480184601861,5.97417943107221,0.4,False
41,department_name,Knitwear,8,20,0.4,0.039557541572046,10.111851851851853,0.4,False
41,product_type_name,Sweater,7,20,0.35,0.0791883378507069,4.419842738205365,0.35,False
41,colour_group_name,Black,7,20,0.35,0.28027250750860744,1.2487846314688968,0.35,False
41,perceived_colour_master_name,Black,7,20,0.35,0.28173760164090544,1.242290691627665,0.35,False
41,garment_group_name,"Under-, Nightwear",6,20,0.3,0.08475569555343931,3.5395851339671562,0.3,False
41,section_name,"Womens Nightwear, Socks & Tigh",6,20,0.3,0.034869240348692404,8.603571428571428,0.3,False
41,department_name,Loungewear,6,20,0.3,0.009596366566551901,31.261832061068702,0.3,False
41,graphical_appearance_name,Melange,5,20,0.25,0.0617537176763607,4.048339264531435,0.25,False
41,product_group_name,Garment Lower body,4,20,0.2,0.2052596879349498,0.9743754461099216,0.2,False
41,product_type_name,Cardigan,3,20,0.15,0.014064903670060802,10.66484375,0.15,False
41,product_type_name,Trousers,3,20,0.15,0.1310526701340561,1.1445779765231974,0.15,False
41,colour_group_name,Light Beige,3,20,0.15,0.0478353234195297,3.135758039816233,0.15,False
41,perceived_colour_master_name,Grey,3,20,0.15,0.07113032012306791,2.10880535530381,0.15,False
41,perceived_colour_master_name,Beige,3,20,0.15,0.08482895026005421,1.768264248704663,0.15,False
41,garment_group_name,Trousers,3,20,0.15,0.0825580543549923,1.8169032830523513,0.15,False
41,product_type_name,Bra,2,20,0.1,0.0326715991502454,3.0607623318385655,0.1,False
41,product_type_name,Blazer,2,20,0.1,0.014211413083290601,7.036597938144331,0.1,False
41,product_group_name,Underwear,2,20,0.1,0.06768734891216761,1.4773809523809522,0.1,False
41,colour_group_name,Grey,2,20,0.1,0.031059995604717602,3.2195754716981133,0.1,False
41,colour_group_name,Beige,2,20,0.1,0.04585744634092741,2.1806709265175717,0.1,False
41,perceived_colour_master_name,White,2,20,0.1,0.12797597245623032,0.7813966800228964,0.1,False
41,garment_group_name,Dressed,2,20,0.1,0.013112592484067102,7.626256983240224,0.1,False
41,index_group_name,Divided,2,20,0.1,0.2062119991209435,0.4849378330373002,0.1,False
41,section_name,Divided Collection,2,20,0.1,0.10409493809977291,0.9606615059817031,0.1,False
41,department_name,Trousers,2,20,0.1,0.0164823089883525,6.067111111111111,0.1,False
41,department_name,Suit jacket,2,20,0.1,0.0053475935828877,18.700000000000003,0.1,False
41,product_type_name,Leggings/Tights,1,20,0.05,0.018313676653725002,2.7302,0.05,False
41,product_type_name,Top,1,20,0.05,0.050692256977510806,0.9863439306358381,0.05,False
41,product_type_name,Unknown,1,20,0.05,0.006080140649036701,8.223493975903615,0.05,False
41,product_group_name,Unknown,1,20,0.05,0.006080140649036701,8.223493975903615,0.05,False
41,colour_group_name,Light Orange,1,20,0.05,0.014724196029594901,3.395771144278607,0.05,False
41,colour_group_name,Light Purple,1,20,0.05,0.008717310087173101,5.735714285714286,0.05,False
41,colour_group_name,Dark Green,1,20,0.05,0.018533440773569703,2.6978260869565216,0.05,False
41,colour_group_name,White,1,20,0.05,0.0960369203721339,0.5206331045003815,0.05,False
41,colour_group_name,Blue,1,20,0.05,0.033330891509779505,1.5001098901098902,0.05,False
41,colour_group_name,Dark Grey,1,20,0.05,0.029375137352574902,1.70211970074813,0.05,False
41,perceived_colour_master_name,Orange,1,20,0.05,0.0273972602739726,1.8250000000000002,0.05,False
41,perceived_colour_master_name,Mole,1,20,0.05,0.021097355505091203,2.3699652777777778,0.05,False
41,perceived_colour_master_name,Lilac Purple,1,20,0.05,0.014724196029594901,3.395771144278607,0.05,False
41,perceived_colour_master_name,Green,1,20,0.05,0.027910043220276903,1.7914698162729659,0.05,False
41,perceived_colour_master_name,Blue,1,20,0.05,0.11933191707567212,0.41899938612645793,0.05,False
41,graphical_appearance_name,Stripe,1,20,0.05,0.030034429712109,1.6647560975609759,0.05,False
41,garment_group_name,Blouses,1,20,0.05,0.0860742802725075,0.5808936170212766,0.05,False
41,section_name,Womens Casual,1,20,0.05,0.039557541572046,1.2639814814814816,0.05,False
41,section_name,Womens Tailoring,1,20,0.05,0.06343857592850341,0.7881639722863741,0.05,False
41,department_name,Blouse,1,20,0.05,0.043293531609405904,1.154906937394247,0.05,False
41,department_name,Trouser,1,20,0.05,0.0446121163284741,1.1207717569786537,0.05,False
42,colour_group_name,Black,11,20,0.55,0.28027250750860744,1.962375849451124,0.55,True
42,perceived_colour_master_name,Black,11,20,0.55,0.28173760164090544,1.9521710868434738,0.55,True
42,graphical_appearance_name,Solid,11,20,0.55,0.5812760969892315,0.9461940768746062,0.55,True
42,index_group_name,Ladieswear,10,20,0.5,0.5894806241301004,0.8482042997390331,0.5,False
42,index_group_name,Menswear,9,20,0.45,0.10438795692623251,4.310842105263158,0.45,False
42,section_name,Men Underwear,7,20,0.35,0.0358215515346861,9.770654396728016,0.35,False
42,product_type_name,Socks,6,20,0.3,0.0240275437696872,12.485670731707318,0.3,False
42,product_group_name,Socks & Tights,6,20,0.3,0.030766976778258005,9.750714285714285,0.3,False
42,product_group_name,Garment Upper body,6,20,0.3,0.38905574683173394,0.7710977217096592,0.3,False
42,graphical_appearance_name,All over pattern,6,20,0.3,0.10709838107098381,2.801162790697674,0.3,False
42,garment_group_name,Socks and Tights,6,20,0.3,0.030254193831953703,9.915980629539952,0.3,False
42,garment_group_name,Jersey Basic,5,20,0.25,0.09003003442971211,2.7768510984540278,0.25,False
42,product_type_name,T-shirt,4,20,0.2,0.05757819939931141,3.4735368956743002,0.2,False
42,product_group_name,Swimwear,4,20,0.2,0.0397773056918907,5.027992633517496,0.2,False
42,garment_group_name,Swimwear,4,20,0.2,0.038531975679437405,5.190494296577947,0.2,False
42,section_name,"Womens Swimwear, beachwear",4,20,0.2,0.0374331550802139,5.342857142857143,0.2,False
42,section_name,"Womens Nightwear, Socks & Tigh",4,20,0.2,0.034869240348692404,5.735714285714286,0.2,False
42,department_name,Swimwear,4,20,0.2,0.038531975679437405,5.190494296577947,0.2,False
42,department_name,Light Basic Jersey,4,20,0.2,0.013771884843601201,14.522340425531917,0.2,False
42,product_type_name,Swimwear bottom,3,20,0.15,0.016702073108197203,8.980921052631578,0.15,False
42,perceived_colour_master_name,Blue,3,20,0.15,0.11933191707567212,1.2569981583793737,0.15,False
42,department_name,Socks,3,20,0.15,0.0071057065416453005,21.10979381443299,0.15,False
42,product_type_name,Trousers,2,20,0.1,0.1310526701340561,0.7630519843487983,0.1,False
42,product_group_name,Garment Lower body,2,20,0.1,0.2052596879349498,0.4871877230549608,0.1,False
42,perceived_colour_master_name,Red,2,20,0.1,0.0232217419969233,4.306309148264985,0.1,False
42,graphical_appearance_name,Denim,2,20,0.1,0.074719800747198,1.3383333333333336,0.1,False
42,garment_group_name,Trousers Denim,2,20,0.1,0.0430737674895612,2.3215986394557824,0.1,False
42,section_name,Denim Men,2,20,0.1,0.0085708006739433,11.667521367521369,0.1,False
42,department_name,Socks Wall,2,20,0.1,0.0049080653431983,20.374626865671644,0.1,False
42,department_name,Denim trousers,2,20,0.1,0.007984763021024101,12.523853211009174,0.1,False
42,product_type_name,Bikini top,1,20,0.05,0.0171416013478866,2.916880341880342,0.05,False
42,product_type_name,Underwear bottom,1,20,0.05,0.031133250311332503,1.606,0.05,False
42,product_type_name,Hair ties,1,20,0.05,0.0015383488389129002,32.50238095238095,0.05,False
42,product_type_name,Sweater,1,20,0.05,0.0791883378507069,0.6314061054579094,0.05,False
42,product_type_name,Top,1,20,0.05,0.050692256977510806,0.9863439306358381,0.05,False
42,product_group_name,Underwear,1,20,0.05,0.06768734891216761,0.7386904761904761,0.05,False
42,product_group_name,Accessories,1,20,0.05,0.092300930334774,0.5417063492063493,0.05,False
42,colour_group_name,Red,1,20,0.05,0.009156838326862501,5.4604,0.05,False
42,colour_group_name,Blue,1,20,0.05,0.033330891509779505,1.5001098901098902,0.05,False
42,colour_group_name,Grey,1,20,0.05,0.031059995604717602,1.6097877358490567,0.05,False
42,colour_group_name,White,1,20,0.05,0.0960369203721339,0.5206331045003815,0.05,False
42,colour_group_name,Dark Orange,1,20,0.05,0.009230093033477401,5.417063492063492,0.05,False
42,colour_group_name,Dark Blue,1,20,0.05,0.058970038824994506,0.847888198757764,0.05,False
42,colour_group_name,Light Blue,1,20,0.05,0.026957732034283203,1.8547554347826087,0.05,False
42,colour_group_name,Dark Red,1,20,0.05,0.0128195736576075,3.900285714285715,0.05,False
42,colour_group_name,Dark Green,1,20,0.05,0.018533440773569703,2.6978260869565216,0.05,False
42,perceived_colour_master_name,Grey,1,20,0.05,0.07113032012306791,0.7029351184346034,0.05,False
42,perceived_colour_master_name,White,1,20,0.05,0.12797597245623032,0.3906983400114482,0.05,False
42,perceived_colour_master_name,Orange,1,20,0.05,0.0273972602739726,1.8250000000000002,0.05,False
42,perceived_colour_master_name,Green,1,20,0.05,0.027910043220276903,1.7914698162729659,0.05,False
42,graphical_appearance_name,Melange,1,20,0.05,0.0617537176763607,0.8096678529062872,0.05,False
42,garment_group_name,"Under-, Nightwear",1,20,0.05,0.08475569555343931,0.5899308556611927,0.05,False
42,garment_group_name,Accessories,1,20,0.05,0.0962566844919786,0.5194444444444445,0.05,False
42,garment_group_name,Jersey Fancy,1,20,0.05,0.16672771225551242,0.299890158172232,0.05,False
42,index_group_name,Sport,1,20,0.05,0.033111127389934804,1.510066371681416,0.05,False
42,section_name,Womens Lingerie,1,20,0.05,0.05765145410592631,0.8672808132147396,0.05,False
42,section_name,Womens Small accessories,1,20,0.05,0.0514248040436598,0.9722934472934474,0.05,False
42,section_name,Ladies H&M Sport,1,20,0.05,0.0265182037945938,1.885497237569061,0.05,False
42,department_name,Shopbasket Socks,1,20,0.05,0.0044685371035089,11.189344262295084,0.05,False
42,department_name,Clean Lingerie,1,20,0.05,0.0107684418723903,4.643197278911565,0.05,False
42,department_name,Hair Accessories,1,20,0.05,0.015310233682514102,3.265789473684211,0.05,False
42,department_name,Heavy Basic Jersey,1,20,0.05,0.006080140649036701,8.223493975903615,0.05,False
42,department_name,Ladies Sport Bras,1,20,0.05,0.014943960149439602,3.345833333333333,0.05,False
43,index_group_name,Ladieswear,18,20,0.9,0.5894806241301004,1.5267677395302597,0.9,True
43,graphical_appearance_name,Solid,14,20,0.7,0.5812760969892315,1.204247006931317,0.7,True
43,product_group_name,Garment Upper body,13,20,0.65,0.38905574683173394,1.6707117303709282,0.65,True
43,section_name,Womens Everyday Collection,10,20,0.5,0.12218885063365321,4.0920263788968825,0.5,False
43,garment_group_name,Knitwear,8,20,0.4,0.06695480184601861,5.97417943107221,0.4,False
43,department_name,Knitwear,8,20,0.4,0.039557541572046,10.111851851851853,0.4,False
43,product_type_name,Sweater,7,20,0.35,0.0791883378507069,4.419842738205365,0.35,False
43,colour_group_name,Black,7,20,0.35,0.28027250750860744,1.2487846314688968,0.35,False
43,perceived_colour_master_name,Black,7,20,0.35,0.28173760164090544,1.242290691627665,0.35,False
43,garment_group_name,"Under-, Nightwear",6,20,0.3,0.08475569555343931,3.5395851339671562,0.3,False
43,section_name,"Womens Nightwear, Socks & Tigh",6,20,0.3,0.034869240348692404,8.603571428571428,0.3,False
43,department_name,Loungewear,6,20,0.3,0.009596366566551901,31.261832061068702,0.3,False
43,graphical_appearance_name,Melange,5,20,0.25,0.0617537176763607,4.048339264531435,0.25,False
43,product_group_name,Garment Lower body,4,20,0.2,0.2052596879349498,0.9743754461099216,0.2,False
43,product_type_name,Cardigan,3,20,0.15,0.014064903670060802,10.66484375,0.15,False
43,product_type_name,Trousers,3,20,0.15,0.1310526701340561,1.1445779765231974,0.15,False
43,colour_group_name,Light Beige,3,20,0.15,0.0478353234195297,3.135758039816233,0.15,False
43,perceived_colour_master_name,Grey,3,20,0.15,0.07113032012306791,2.10880535530381,0.15,False
43,perceived_colour_master_name,Beige,3,20,0.15,0.08482895026005421,1.768264248704663,0.15,False
43,garment_group_name,Trousers,3,20,0.15,0.0825580543549923,1.8169032830523513,0.15,False
43,product_type_name,Bra,2,20,0.1,0.0326715991502454,3.0607623318385655,0.1,False
43,product_type_name,Blazer,2,20,0.1,0.014211413083290601,7.036597938144331,0.1,False
43,product_group_name,Underwear,2,20,0.1,0.06768734891216761,1.4773809523809522,0.1,False
43,colour_group_name,Grey,2,20,0.1,0.031059995604717602,3.2195754716981133,0.1,False
43,colour_group_name,Beige,2,20,0.1,0.04585744634092741,2.1806709265175717,0.1,False
43,perceived_colour_master_name,White,2,20,0.1,0.12797597245623032,0.7813966800228964,0.1,False
43,garment_group_name,Dressed,2,20,0.1,0.013112592484067102,7.626256983240224,0.1,False
43,index_group_name,Divided,2,20,0.1,0.2062119991209435,0.4849378330373002,0.1,False
43,section_name,Divided Collection,2,20,0.1,0.10409493809977291,0.9606615059817031,0.1,False
43,department_name,Trousers,2,20,0.1,0.0164823089883525,6.067111111111111,0.1,False
43,department_name,Suit jacket,2,20,0.1,0.0053475935828877,18.700000000000003,0.1,False
43,product_type_name,Leggings/Tights,1,20,0.05,0.018313676653725002,2.7302,0.05,False
43,product_type_name,Top,1,20,0.05,0.050692256977510806,0.9863439306358381,0.05,False
43,product_type_name,Unknown,1,20,0.05,0.006080140649036701,8.223493975903615,0.05,False
43,product_group_name,Unknown,1,20,0.05,0.006080140649036701,8.223493975903615,0.05,False
43,colour_group_name,Light Orange,1,20,0.05,0.014724196029594901,3.395771144278607,0.05,False
43,colour_group_name,Light Purple,1,20,0.05,0.008717310087173101,5.735714285714286,0.05,False
43,colour_group_name,Dark Green,1,20,0.05,0.018533440773569703,2.6978260869565216,0.05,False
43,colour_group_name,White,1,20,0.05,0.0960369203721339,0.5206331045003815,0.05,False
43,colour_group_name,Blue,1,20,0.05,0.033330891509779505,1.5001098901098902,0.05,False
43,colour_group_name,Dark Grey,1,20,0.05,0.029375137352574902,1.70211970074813,0.05,False
43,perceived_colour_master_name,Orange,1,20,0.05,0.0273972602739726,1.8250000000000002,0.05,False
43,perceived_colour_master_name,Mole,1,20,0.05,0.021097355505091203,2.3699652777777778,0.05,False
43,perceived_colour_master_name,Lilac Purple,1,20,0.05,0.014724196029594901,3.395771144278607,0.05,False
43,perceived_colour_master_name,Green,1,20,0.05,0.027910043220276903,1.7914698162729659,0.05,False
43,perceived_colour_master_name,Blue,1,20,0.05,0.11933191707567212,0.41899938612645793,0.05,False
43,graphical_appearance_name,Stripe,1,20,0.05,0.030034429712109,1.6647560975609759,0.05,False
43,garment_group_name,Blouses,1,20,0.05,0.0860742802725075,0.5808936170212766,0.05,False
43,section_name,Womens Casual,1,20,0.05,0.039557541572046,1.2639814814814816,0.05,False
43,section_name,Womens Tailoring,1,20,0.05,0.06343857592850341,0.7881639722863741,0.05,False
43,department_name,Blouse,1,20,0.05,0.043293531609405904,1.154906937394247,0.05,False
43,department_name,Trouser,1,20,0.05,0.0446121163284741,1.1207717569786537,0.05,False
44,index_group_name,Ladieswear,18,20,0.9,0.5894806241301004,1.5267677395302597,0.9,True
44,graphical_appearance_name,Solid,14,20,0.7,0.5812760969892315,1.204247006931317,0.7,True
44,product_group_name,Garment Upper body,13,20,0.65,0.38905574683173394,1.6707117303709282,0.65,True
44,section_name,Womens Everyday Collection,10,20,0.5,0.12218885063365321,4.0920263788968825,0.5,False
44,garment_group_name,Knitwear,8,20,0.4,0.06695480184601861,5.97417943107221,0.4,False
44,department_name,Knitwear,8,20,0.4,0.039557541572046,10.111851851851853,0.4,False
44,product_type_name,Sweater,7,20,0.35,0.0791883378507069,4.419842738205365,0.35,False
44,colour_group_name,Black,7,20,0.35,0.28027250750860744,1.2487846314688968,0.35,False
44,perceived_colour_master_name,Black,7,20,0.35,0.28173760164090544,1.242290691627665,0.35,False
44,garment_group_name,"Under-, Nightwear",6,20,0.3,0.08475569555343931,3.5395851339671562,0.3,False
44,section_name,"Womens Nightwear, Socks & Tigh",6,20,0.3,0.034869240348692404,8.603571428571428,0.3,False
44,department_name,Loungewear,6,20,0.3,0.009596366566551901,31.261832061068702,0.3,False
44,graphical_appearance_name,Melange,5,20,0.25,0.0617537176763607,4.048339264531435,0.25,False
44,product_group_name,Garment Lower body,4,20,0.2,0.2052596879349498,0.9743754461099216,0.2,False
44,product_type_name,Cardigan,3,20,0.15,0.014064903670060802,10.66484375,0.15,False
44,product_type_name,Trousers,3,20,0.15,0.1310526701340561,1.1445779765231974,0.15,False
44,colour_group_name,Light Beige,3,20,0.15,0.0478353234195297,3.135758039816233,0.15,False
44,perceived_colour_master_name,Grey,3,20,0.15,0.07113032012306791,2.10880535530381,0.15,False
44,perceived_colour_master_name,Beige,3,20,0.15,0.08482895026005421,1.768264248704663,0.15,False
44,garment_group_name,Trousers,3,20,0.15,0.0825580543549923,1.8169032830523513,0.15,False
44,product_type_name,Bra,2,20,0.1,0.0326715991502454,3.0607623318385655,0.1,False
44,product_type_name,Blazer,2,20,0.1,0.014211413083290601,7.036597938144331,0.1,False
44,product_group_name,Underwear,2,20,0.1,0.06768734891216761,1.4773809523809522,0.1,False
44,colour_group_name,Grey,2,20,0.1,0.031059995604717602,3.2195754716981133,0.1,False
44,colour_group_name,Beige,2,20,0.1,0.04585744634092741,2.1806709265175717,0.1,False
44,perceived_colour_master_name,White,2,20,0.1,0.12797597245623032,0.7813966800228964,0.1,False
44,garment_group_name,Dressed,2,20,0.1,0.013112592484067102,7.626256983240224,0.1,False
44,index_group_name,Divided,2,20,0.1,0.2062119991209435,0.4849378330373002,0.1,False
44,section_name,Divided Collection,2,20,0.1,0.10409493809977291,0.9606615059817031,0.1,False
44,department_name,Trousers,2,20,0.1,0.0164823089883525,6.067111111111111,0.1,False
44,department_name,Suit jacket,2,20,0.1,0.0053475935828877,18.700000000000003,0.1,False
44,product_type_name,Leggings/Tights,1,20,0.05,0.018313676653725002,2.7302,0.05,False
44,product_type_name,Top,1,20,0.05,0.050692256977510806,0.9863439306358381,0.05,False
44,product_type_name,Unknown,1,20,0.05,0.006080140649036701,8.223493975903615,0.05,False
44,product_group_name,Unknown,1,20,0.05,0.006080140649036701,8.223493975903615,0.05,False
44,colour_group_name,Light Orange,1,20,0.05,0.014724196029594901,3.395771144278607,0.05,False
44,colour_group_name,Light Purple,1,20,0.05,0.008717310087173101,5.735714285714286,0.05,False
44,colour_group_name,Dark Green,1,20,0.05,0.018533440773569703,2.6978260869565216,0.05,False
44,colour_group_name,White,1,20,0.05,0.0960369203721339,0.5206331045003815,0.05,False
44,colour_group_name,Blue,1,20,0.05,0.033330891509779505,1.5001098901098902,0.05,False
44,colour_group_name,Dark Grey,1,20,0.05,0.029375137352574902,1.70211970074813,0.05,False
44,perceived_colour_master_name,Orange,1,20,0.05,0.0273972602739726,1.8250000000000002,0.05,False
44,perceived_colour_master_name,Mole,1,20,0.05,0.021097355505091203,2.3699652777777778,0.05,False
44,perceived_colour_master_name,Lilac Purple,1,20,0.05,0.014724196029594901,3.395771144278607,0.05,False
44,perceived_colour_master_name,Green,1,20,0.05,0.027910043220276903,1.7914698162729659,0.05,False
44,perceived_colour_master_name,Blue,1,20,0.05,0.11933191707567212,0.41899938612645793,0.05,False
44,graphical_appearance_name,Stripe,1,20,0.05,0.030034429712109,1.6647560975609759,0.05,False
44,garment_group_name,Blouses,1,20,0.05,0.0860742802725075,0.5808936170212766,0.05,False
44,section_name,Womens Casual,1,20,0.05,0.039557541572046,1.2639814814814816,0.05,False
44,section_name,Womens Tailoring,1,20,0.05,0.06343857592850341,0.7881639722863741,0.05,False
44,department_name,Blouse,1,20,0.05,0.043293531609405904,1.154906937394247,0.05,False
44,department_name,Trouser,1,20,0.05,0.0446121163284741,1.1207717569786537,0.05,False
45,index_group_name,Ladieswear,18,20,0.9,0.5894806241301004,1.5267677395302597,0.9,True
45,graphical_appearance_name,Solid,14,20,0.7,0.5812760969892315,1.204247006931317,0.7,True
45,product_group_name,Garment Upper body,13,20,0.65,0.38905574683173394,1.6707117303709282,0.65,True
45,section_name,Womens Everyday Collection,10,20,0.5,0.12218885063365321,4.0920263788968825,0.5,False
45,garment_group_name,Knitwear,8,20,0.4,0.06695480184601861,5.97417943107221,0.4,False
45,department_name,Knitwear,8,20,0.4,0.039557541572046,10.111851851851853,0.4,False
45,product_type_name,Sweater,7,20,0.35,0.0791883378507069,4.419842738205365,0.35,False
45,colour_group_name,Black,7,20,0.35,0.28027250750860744,1.2487846314688968,0.35,False
45,perceived_colour_master_name,Black,7,20,0.35,0.28173760164090544,1.242290691627665,0.35,False
45,garment_group_name,"Under-, Nightwear",6,20,0.3,0.08475569555343931,3.5395851339671562,0.3,False
45,section_name,"Womens Nightwear, Socks & Tigh",6,20,0.3,0.034869240348692404,8.603571428571428,0.3,False
45,department_name,Loungewear,6,20,0.3,0.009596366566551901,31.261832061068702,0.3,False
45,graphical_appearance_name,Melange,5,20,0.25,0.0617537176763607,4.048339264531435,0.25,False
45,product_group_name,Garment Lower body,4,20,0.2,0.2052596879349498,0.9743754461099216,0.2,False
45,product_type_name,Cardigan,3,20,0.15,0.014064903670060802,10.66484375,0.15,False
45,product_type_name,Trousers,3,20,0.15,0.1310526701340561,1.1445779765231974,0.15,False
45,colour_group_name,Light Beige,3,20,0.15,0.0478353234195297,3.135758039816233,0.15,False
45,perceived_colour_master_name,Grey,3,20,0.15,0.07113032012306791,2.10880535530381,0.15,False
45,perceived_colour_master_name,Beige,3,20,0.15,0.08482895026005421,1.768264248704663,0.15,False
45,garment_group_name,Trousers,3,20,0.15,0.0825580543549923,1.8169032830523513,0.15,False
45,product_type_name,Bra,2,20,0.1,0.0326715991502454,3.0607623318385655,0.1,False
45,product_type_name,Blazer,2,20,0.1,0.014211413083290601,7.036597938144331,0.1,False
45,product_group_name,Underwear,2,20,0.1,0.06768734891216761,1.4773809523809522,0.1,False
45,colour_group_name,Grey,2,20,0.1,0.031059995604717602,3.2195754716981133,0.1,False
45,colour_group_name,Beige,2,20,0.1,0.04585744634092741,2.1806709265175717,0.1,False
45,perceived_colour_master_name,White,2,20,0.1,0.12797597245623032,0.7813966800228964,0.1,False
45,garment_group_name,Dressed,2,20,0.1,0.013112592484067102,7.626256983240224,0.1,False
45,index_group_name,Divided,2,20,0.1,0.2062119991209435,0.4849378330373002,0.1,False
45,section_name,Divided Collection,2,20,0.1,0.10409493809977291,0.9606615059817031,0.1,False
45,department_name,Trousers,2,20,0.1,0.0164823089883525,6.067111111111111,0.1,False
45,department_name,Suit jacket,2,20,0.1,0.0053475935828877,18.700000000000003,0.1,False
45,product_type_name,Leggings/Tights,1,20,0.05,0.018313676653725002,2.7302,0.05,False
45,product_type_name,Top,1,20,0.05,0.050692256977510806,0.9863439306358381,0.05,False
45,product_type_name,Unknown,1,20,0.05,0.006080140649036701,8.223493975903615,0.05,False
45,product_group_name,Unknown,1,20,0.05,0.006080140649036701,8.223493975903615,0.05,False
45,colour_group_name,Light Orange,1,20,0.05,0.014724196029594901,3.395771144278607,0.05,False
45,colour_group_name,Light Purple,1,20,0.05,0.008717310087173101,5.735714285714286,0.05,False
45,colour_group_name,Dark Green,1,20,0.05,0.018533440773569703,2.6978260869565216,0.05,False
45,colour_group_name,White,1,20,0.05,0.0960369203721339,0.5206331045003815,0.05,False
45,colour_group_name,Blue,1,20,0.05,0.033330891509779505,1.5001098901098902,0.05,False
45,colour_group_name,Dark Grey,1,20,0.05,0.029375137352574902,1.70211970074813,0.05,False
45,perceived_colour_master_name,Orange,1,20,0.05,0.0273972602739726,1.8250000000000002,0.05,False
45,perceived_colour_master_name,Mole,1,20,0.05,0.021097355505091203,2.3699652777777778,0.05,False
45,perceived_colour_master_name,Lilac Purple,1,20,0.05,0.014724196029594901,3.395771144278607,0.05,False
45,perceived_colour_master_name,Green,1,20,0.05,0.027910043220276903,1.7914698162729659,0.05,False
45,perceived_colour_master_name,Blue,1,20,0.05,0.11933191707567212,0.41899938612645793,0.05,False
45,graphical_appearance_name,Stripe,1,20,0.05,0.030034429712109,1.6647560975609759,0.05,False
45,garment_group_name,Blouses,1,20,0.05,0.0860742802725075,0.5808936170212766,0.05,False
45,section_name,Womens Casual,1,20,0.05,0.039557541572046,1.2639814814814816,0.05,False
45,section_name,Womens Tailoring,1,20,0.05,0.06343857592850341,0.7881639722863741,0.05,False
45,department_name,Blouse,1,20,0.05,0.043293531609405904,1.154906937394247,0.05,False
45,department_name,Trouser,1,20,0.05,0.0446121163284741,1.1207717569786537,0.05,False
46,index_group_name,Ladieswear,20,20,1.0,0.5894806241301004,1.6964085994780662,1.0,True
46,graphical_appearance_name,Solid,19,20,0.95,0.5812760969892315,1.6343352236925015,0.95,True
46,colour_group_name,Black,14,20,0.7,0.28027250750860744,2.4975692629377937,0.7,True
46,perceived_colour_master_name,Black,14,20,0.7,0.28173760164090544,2.48458138325533,0.7,False
46,product_group_name,Garment Upper body,11,20,0.55,0.38905574683173394,1.4136791564677087,0.55,False
46,section_name,Womens Tailoring,10,20,0.5,0.06343857592850341,7.881639722863741,0.5,False
46,product_type_name,Trousers,7,20,0.35,0.1310526701340561,2.6706819452207937,0.35,False
46,product_group_name,Garment Lower body,7,20,0.35,0.2052596879349498,1.7051570306923627,0.35,False
46,section_name,H&M+,7,20,0.35,0.026811222621053402,13.054234972677595,0.35,False
46,garment_group_name,Jersey Fancy,6,20,0.3,0.16672771225551242,1.7993409490333918,0.3,False
46,garment_group_name,Trousers,6,20,0.3,0.0825580543549923,3.6338065661047025,0.3,False
46,department_name,Jersey,6,20,0.3,0.060801406490367006,4.934096385542168,0.3,False
46,product_type_name,Top,5,20,0.25,0.050692256977510806,4.931719653179191,0.25,False
46,department_name,Trouser,4,20,0.2,0.0446121163284741,4.483087027914615,0.2,False
46,product_type_name,Blazer,3,20,0.15,0.014211413083290601,10.554896907216495,0.15,False
46,colour_group_name,Dark Blue,3,20,0.15,0.058970038824994506,2.543664596273292,0.15,False
46,perceived_colour_master_name,Blue,3,20,0.15,0.11933191707567212,1.2569981583793737,0.15,False
46,garment_group_name,Knitwear,3,20,0.15,0.06695480184601861,2.2403172866520786,0.15,False
46,garment_group_name,Dressed,3,20,0.15,0.013112592484067102,11.439385474860334,0.15,False
46,department_name,Knitwear,3,20,0.15,0.039557541572046,3.7919444444444443,0.15,False
46,department_name,Suit,3,20,0.15,0.0057871218225771,25.919620253164556,0.15,False
46,product_type_name,Dress,2,20,0.1,0.11750054941029961,0.851059850374065,0.1,False
46,product_type_name,Sweater,2,20,0.1,0.0791883378507069,1.2628122109158189,0.1,False
46,product_group_name,Garment Full body,2,20,0.1,0.1304666324811369,0.7664795058955644,0.1,False
46,section_name,Womens Everyday Collection,2,20,0.1,0.12218885063365321,0.8184052757793765,0.1,False
46,department_name,Woven bottoms,2,20,0.1,0.009669621273166801,10.341666666666667,0.1,False
46,product_type_name,Cardigan,1,20,0.05,0.014064903670060802,3.554947916666667,0.05,False
46,colour_group_name,Dark Grey,1,20,0.05,0.029375137352574902,1.70211970074813,0.05,False
46,colour_group_name,White,1,20,0.05,0.0960369203721339,0.5206331045003815,0.05,False
46,colour_group_name,Dark Red,1,20,0.05,0.0128195736576075,3.900285714285715,0.05,False
46,perceived_colour_master_name,Grey,1,20,0.05,0.07113032012306791,0.7029351184346034,0.05,False
46,perceived_colour_master_name,White,1,20,0.05,0.12797597245623032,0.3906983400114482,0.05,False
46,perceived_colour_master_name,Red,1,20,0.05,0.0232217419969233,2.1531545741324924,0.05,False
46,graphical_appearance_name,Denim,1,20,0.05,0.074719800747198,0.6691666666666668,0.05,False
46,garment_group_name,Trousers Denim,1,20,0.05,0.0430737674895612,1.1607993197278912,0.05,False
46,garment_group_name,Blouses,1,20,0.05,0.0860742802725075,0.5808936170212766,0.05,False
46,section_name,Ladies Denim,1,20,0.05,0.028862354406270604,1.7323604060913707,0.05,False
46,department_name,OL Extended Sizes,1,20,0.05,0.005054574756428101,9.892028985507247,0.05,False
46,department_name,Woven top,1,20,0.05,0.007032451835030401,7.109895833333334,0.05,False
47,index_group_name,Ladieswear,20,20,1.0,0.5894806241301004,1.6964085994780662,1.0,True
47,product_group_name,Garment Upper body,10,20,0.5,0.38905574683173394,1.2851628695160986,0.5,True
47,graphical_appearance_name,Solid,10,20,0.5,0.5812760969892315,0.8601764335223693,0.5,True
47,product_group_name,Garment Lower body,9,20,0.45,0.2052596879349498,2.1923447537473235,0.45,False
47,colour_group_name,Black,9,20,0.45,0.28027250750860744,1.6055802404600104,0.45,False
47,perceived_colour_master_name,Black,9,20,0.45,0.28173760164090544,1.5972308892355693,0.45,False
47,garment_group_name,Jersey Fancy,9,20,0.45,0.16672771225551242,2.699011423550088,0.45,False
47,section_name,Mama,9,20,0.45,0.023294996703538202,19.31745283018868,0.45,False
47,department_name,Jersey,8,20,0.4,0.060801406490367006,6.578795180722892,0.4,False
47,product_type_name,Trousers,5,20,0.25,0.1310526701340561,1.9076299608719955,0.25,False
47,garment_group_name,Trousers,5,20,0.25,0.0825580543549923,3.0281721384205857,0.25,False
47,section_name,Womens Tailoring,5,20,0.25,0.06343857592850341,3.9408198614318706,0.25,False
47,product_type_name,Top,4,20,0.2,0.050692256977510806,3.9453757225433526,0.2,False
47,product_type_name,Leggings/Tights,4,20,0.2,0.018313676653725002,10.9208,0.2,False
47,graphical_appearance_name,Denim,4,20,0.2,0.074719800747198,2.676666666666667,0.2,False
47,department_name,Woven bottoms,4,20,0.2,0.009669621273166801,20.683333333333334,0.2,False
47,perceived_colour_master_name,Beige,3,20,0.15,0.08482895026005421,1.768264248704663,0.15,False
47,perceived_colour_master_name,White,3,20,0.15,0.12797597245623032,1.1720950200343445,0.15,False
47,graphical_appearance_name,All over pattern,3,20,0.15,0.10709838107098381,1.400581395348837,0.15,False
47,section_name,Womens Everyday Collection,3,20,0.15,0.12218885063365321,1.2276079136690647,0.15,False
47,product_type_name,T-shirt,2,20,0.1,0.05757819939931141,1.7367684478371501,0.1,False
47,product_type_name,Blouse,2,20,0.1,0.045344663394623105,2.2053311793214863,0.1,False
47,colour_group_name,Beige,2,20,0.1,0.04585744634092741,2.1806709265175717,0.1,False
47,colour_group_name,White,2,20,0.1,0.0960369203721339,1.041266209000763,0.1,False
47,perceived_colour_master_name,Grey,2,20,0.1,0.07113032012306791,1.4058702368692069,0.1,False
47,garment_group_name,Jersey Basic,2,20,0.1,0.09003003442971211,1.1107404393816112,0.1,False
47,garment_group_name,Blouses,2,20,0.1,0.0860742802725075,1.1617872340425532,0.1,False
47,section_name,Womens Everyday Basics,2,20,0.1,0.027177496154127904,3.6795148247978435,0.1,False
47,department_name,Jersey Basic,2,20,0.1,0.026737967914438502,3.74,0.1,False
47,department_name,Blouse,2,20,0.1,0.043293531609405904,2.309813874788494,0.1,False
47,product_type_name,Sweater,1,20,0.05,0.0791883378507069,0.6314061054579094,0.05,False
47,product_type_name,Blazer,1,20,0.05,0.014211413083290601,3.5182989690721653,0.05,False
47,product_type_name,Dress,1,20,0.05,0.11750054941029961,0.4255299251870325,0.05,False
47,product_group_name,Garment Full body,1,20,0.05,0.1304666324811369,0.3832397529477822,0.05,False
47,colour_group_name,Light Beige,1,20,0.05,0.0478353234195297,1.0452526799387445,0.05,False
47,colour_group_name,Dark Grey,1,20,0.05,0.029375137352574902,1.70211970074813,0.05,False
47,colour_group_name,Grey,1,20,0.05,0.031059995604717602,1.6097877358490567,0.05,False
47,colour_group_name,Dark Green,1,20,0.05,0.018533440773569703,2.6978260869565216,0.05,False
47,colour_group_name,Off White,1,20,0.05,0.030180939125338802,1.6566747572815534,0.05,False
47,colour_group_name,Dark Blue,1,20,0.05,0.058970038824994506,0.847888198757764,0.05,False
47,colour_group_name,Pink,1,20,0.05,0.021024100798476303,2.3782229965156794,0.05,False
47,perceived_colour_master_name,Green,1,20,0.05,0.027910043220276903,1.7914698162729659,0.05,False
47,perceived_colour_master_name,Blue,1,20,0.05,0.11933191707567212,0.41899938612645793,0.05,False
47,perceived_colour_master_name,Pink,1,20,0.05,0.06702805655263351,0.7459562841530054,0.05,False
47,graphical_appearance_name,Stripe,1,20,0.05,0.030034429712109,1.6647560975609759,0.05,False
47,graphical_appearance_name,Melange,1,20,0.05,0.0617537176763607,0.8096678529062872,0.05,False
47,graphical_appearance_name,Other structure,1,20,0.05,0.022855468463848803,2.1876602564102563,0.05,False
47,garment_group_name,"Under-, Nightwear",1,20,0.05,0.08475569555343931,0.5899308556611927,0.05,False
47,garment_group_name,Dressed,1,20,0.05,0.013112592484067102,3.813128491620112,0.05,False
47,section_name,"Womens Nightwear, Socks & Tigh",1,20,0.05,0.034869240348692404,1.4339285714285714,0.05,False
47,department_name,Trouser,1,20,0.05,0.0446121163284741,1.1207717569786537,0.05,False
47,department_name,Loungewear,1,20,0.05,0.009596366566551901,5.21030534351145,0.05,False
47,department_name,Suit,1,20,0.05,0.0057871218225771,8.63987341772152,0.05,False
47,department_name,Jersey fancy,1,20,0.05,0.0247600908358362,2.0193786982248523,0.05,False
48,index_group_name,Ladieswear,20,20,1.0,0.5894806241301004,1.6964085994780662,1.0,True
48,graphical_appearance_name,Solid,19,20,0.95,0.5812760969892315,1.6343352236925015,0.95,True
48,colour_group_name,Black,14,20,0.7,0.28027250750860744,2.4975692629377937,0.7,True
48,perceived_colour_master_name,Black,14,20,0.7,0.28173760164090544,2.48458138325533,0.7,False
48,product_group_name,Garment Upper body,11,20,0.55,0.38905574683173394,1.4136791564677087,0.55,False
48,section_name,Womens Tailoring,10,20,0.5,0.06343857592850341,7.881639722863741,0.5,False
48,product_type_name,Trousers,7,20,0.35,0.1310526701340561,2.6706819452207937,0.35,False
48,product_group_name,Garment Lower body,7,20,0.35,0.2052596879349498,1.7051570306923627,0.35,False
48,section_name,H&M+,7,20,0.35,0.026811222621053402,13.054234972677595,0.35,False
48,garment_group_name,Jersey Fancy,6,20,0.3,0.16672771225551242,1.7993409490333918,0.3,False
48,garment_group_name,Trousers,6,20,0.3,0.0825580543549923,3.6338065661047025,0.3,False
48,department_name,Jersey,6,20,0.3,0.060801406490367006,4.934096385542168,0.3,False
48,product_type_name,Top,5,20,0.25,0.050692256977510806,4.931719653179191,0.25,False
48,department_name,Trouser,4,20,0.2,0.0446121163284741,4.483087027914615,0.2,False
48,product_type_name,Blazer,3,20,0.15,0.014211413083290601,10.554896907216495,0.15,False
48,colour_group_name,Dark Blue,3,20,0.15,0.058970038824994506,2.543664596273292,0.15,False
48,perceived_colour_master_name,Blue,3,20,0.15,0.11933191707567212,1.2569981583793737,0.15,False
48,garment_group_name,Knitwear,3,20,0.15,0.06695480184601861,2.2403172866520786,0.15,False
48,garment_group_name,Dressed,3,20,0.15,0.013112592484067102,11.439385474860334,0.15,False
48,department_name,Knitwear,3,20,0.15,0.039557541572046,3.7919444444444443,0.15,False
48,department_name,Suit,3,20,0.15,0.0057871218225771,25.919620253164556,0.15,False
48,product_type_name,Dress,2,20,0.1,0.11750054941029961,0.851059850374065,0.1,False
48,product_type_name,Sweater,2,20,0.1,0.0791883378507069,1.2628122109158189,0.1,False
48,product_group_name,Garment Full body,2,20,0.1,0.1304666324811369,0.7664795058955644,0.1,False
48,section_name,Womens Everyday Collection,2,20,0.1,0.12218885063365321,0.8184052757793765,0.1,False
48,department_name,Woven bottoms,2,20,0.1,0.009669621273166801,10.341666666666667,0.1,False
48,product_type_name,Cardigan,1,20,0.05,0.014064903670060802,3.554947916666667,0.05,False
48,colour_group_name,Dark Grey,1,20,0.05,0.029375137352574902,1.70211970074813,0.05,False
48,colour_group_name,White,1,20,0.05,0.0960369203721339,0.5206331045003815,0.05,False
48,colour_group_name,Dark Red,1,20,0.05,0.0128195736576075,3.900285714285715,0.05,False
48,perceived_colour_master_name,Grey,1,20,0.05,0.07113032012306791,0.7029351184346034,0.05,False
48,perceived_colour_master_name,White,1,20,0.05,0.12797597245623032,0.3906983400114482,0.05,False
48,perceived_colour_master_name,Red,1,20,0.05,0.0232217419969233,2.1531545741324924,0.05,False
48,graphical_appearance_name,Denim,1,20,0.05,0.074719800747198,0.6691666666666668,0.05,False
48,garment_group_name,Trousers Denim,1,20,0.05,0.0430737674895612,1.1607993197278912,0.05,False
48,garment_group_name,Blouses,1,20,0.05,0.0860742802725075,0.5808936170212766,0.05,False
48,section_name,Ladies Denim,1,20,0.05,0.028862354406270604,1.7323604060913707,0.05,False
48,department_name,OL Extended Sizes,1,20,0.05,0.005054574756428101,9.892028985507247,0.05,False
48,department_name,Woven top,1,20,0.05,0.007032451835030401,7.109895833333334,0.05,False
49,garment_group_name,Jersey Fancy,18,20,0.9,0.16672771225551242,5.398022847100176,0.9,True
49,index_group_name,Sport,18,20,0.9,0.033111127389934804,27.181194690265485,0.9,True
49,section_name,Ladies H&M Sport,18,20,0.9,0.0265182037945938,33.9389502762431,0.9,True
49,department_name,Ladies Sport Bras,11,20,0.55,0.014943960149439602,36.80416666666667,0.55,False
49,product_group_name,Garment Upper body,10,20,0.5,0.38905574683173394,1.2851628695160986,0.5,False
49,colour_group_name,Black,10,20,0.5,0.28027250750860744,1.783978044955567,0.5,False
49,perceived_colour_master_name,Black,10,20,0.5,0.28173760164090544,1.7747009880395215,0.5,False
49,graphical_appearance_name,Solid,9,20,0.45,0.5812760969892315,0.7741587901701323,0.45,False
49,graphical_appearance_name,Melange,8,20,0.4,0.0617537176763607,6.477342823250297,0.4,False
49,department_name,Ladies Sport Bottoms,7,20,0.35,0.0068859424218006005,50.8281914893617,0.35,False
49,product_type_name,Leggings/Tights,6,20,0.3,0.018313676653725002,16.3812,0.3,False
49,product_group_name,Garment Lower body,6,20,0.3,0.2052596879349498,1.4615631691648823,0.3,False
49,product_type_name,Top,5,20,0.25,0.050692256977510806,4.931719653179191,0.25,False
49,colour_group_name,Green,4,20,0.2,0.009742875979781702,20.52781954887218,0.2,False
49,perceived_colour_master_name,Grey,4,20,0.2,0.07113032012306791,2.8117404737384137,0.2,False
49,product_type_name,Vest top,3,20,0.15,0.030107684418723902,4.982116788321168,0.15,False
49,product_type_name,Unknown,2,20,0.1,0.006080140649036701,16.44698795180723,0.1,False
49,product_type_name,T-shirt,2,20,0.1,0.05757819939931141,1.7367684478371501,0.1,False
49,product_type_name,Underwear bottom,2,20,0.1,0.031133250311332503,3.212,0.1,False
49,product_group_name,Unknown,2,20,0.1,0.006080140649036701,16.44698795180723,0.1,False
49,product_group_name,Underwear,2,20,0.1,0.06768734891216761,1.4773809523809522,0.1,False
49,colour_group_name,Greenish Khaki,2,20,0.1,0.027910043220276903,3.5829396325459317,0.1,False
49,perceived_colour_master_name,Khaki green,2,20,0.1,0.035015749761922205,2.855857740585774,0.1,False
49,perceived_colour_master_name,Pink,2,20,0.1,0.06702805655263351,1.4919125683060108,0.1,False
49,graphical_appearance_name,Mesh,2,20,0.1,0.0017581129587576003,56.87916666666667,0.1,False
49,garment_group_name,"Under-, Nightwear",2,20,0.1,0.08475569555343931,1.1798617113223855,0.1,False
49,index_group_name,Ladieswear,2,20,0.1,0.5894806241301004,0.16964085994780664,0.1,False
49,section_name,Womens Lingerie,2,20,0.1,0.05765145410592631,1.7345616264294792,0.1,False
49,department_name,Expressive Lingerie,2,20,0.1,0.018313676653725002,5.4604,0.1,False
49,colour_group_name,Dark Pink,1,20,0.05,0.007911508314409201,6.319907407407407,0.05,False
49,colour_group_name,Light Pink,1,20,0.05,0.036773862720679805,1.3596613545816734,0.05,False
49,colour_group_name,White,1,20,0.05,0.0960369203721339,0.5206331045003815,0.05,False
49,colour_group_name,Orange,1,20,0.05,0.008790564793788001,5.687916666666666,0.05,False
49,perceived_colour_master_name,White,1,20,0.05,0.12797597245623032,0.3906983400114482,0.05,False
49,perceived_colour_master_name,Red,1,20,0.05,0.0232217419969233,2.1531545741324924,0.05,False
49,graphical_appearance_name,Placement print,1,20,0.05,0.014650941322980001,3.4127500000000004,0.05,False
50,index_group_name,Ladieswear,18,20,0.9,0.5894806241301004,1.5267677395302597,0.9,True
50,graphical_appearance_name,Solid,14,20,0.7,0.5812760969892315,1.204247006931317,0.7,True
50,product_group_name,Garment Upper body,13,20,0.65,0.38905574683173394,1.6707117303709282,0.65,True
50,section_name,Womens Everyday Collection,10,20,0.5,0.12218885063365321,4.0920263788968825,0.5,False
50,garment_group_name,Knitwear,8,20,0.4,0.06695480184601861,5.97417943107221,0.4,False
50,department_name,Knitwear,8,20,0.4,0.039557541572046,10.111851851851853,0.4,False
50,product_type_name,Sweater,7,20,0.35,0.0791883378507069,4.419842738205365,0.35,False
50,colour_group_name,Black,7,20,0.35,0.28027250750860744,1.2487846314688968,0.35,False
50,perceived_colour_master_name,Black,7,20,0.35,0.28173760164090544,1.242290691627665,0.35,False
50,garment_group_name,"Under-, Nightwear",6,20,0.3,0.08475569555343931,3.5395851339671562,0.3,False
50,section_name,"Womens Nightwear, Socks & Tigh",6,20,0.3,0.034869240348692404,8.603571428571428,0.3,False
50,department_name,Loungewear,6,20,0.3,0.009596366566551901,31.261832061068702,0.3,False
50,graphical_appearance_name,Melange,5,20,0.25,0.0617537176763607,4.048339264531435,0.25,False
50,product_group_name,Garment Lower body,4,20,0.2,0.2052596879349498,0.9743754461099216,0.2,False
50,product_type_name,Cardigan,3,20,0.15,0.014064903670060802,10.66484375,0.15,False
50,product_type_name,Trousers,3,20,0.15,0.1310526701340561,1.1445779765231974,0.15,False
50,colour_group_name,Light Beige,3,20,0.15,0.0478353234195297,3.135758039816233,0.15,False
50,perceived_colour_master_name,Grey,3,20,0.15,0.07113032012306791,2.10880535530381,0.15,False
50,perceived_colour_master_name,Beige,3,20,0.15,0.08482895026005421,1.768264248704663,0.15,False
50,garment_group_name,Trousers,3,20,0.15,0.0825580543549923,1.8169032830523513,0.15,False
50,product_type_name,Bra,2,20,0.1,0.0326715991502454,3.0607623318385655,0.1,False
50,product_type_name,Blazer,2,20,0.1,0.014211413083290601,7.036597938144331,0.1,False
50,product_group_name,Underwear,2,20,0.1,0.06768734891216761,1.4773809523809522,0.1,False
50,colour_group_name,Grey,2,20,0.1,0.031059995604717602,3.2195754716981133,0.1,False
50,colour_group_name,Beige,2,20,0.1,0.04585744634092741,2.1806709265175717,0.1,False
50,perceived_colour_master_name,White,2,20,0.1,0.12797597245623032,0.7813966800228964,0.1,False
50,garment_group_name,Dressed,2,20,0.1,0.013112592484067102,7.626256983240224,0.1,False
50,index_group_name,Divided,2,20,0.1,0.2062119991209435,0.4849378330373002,0.1,False
50,section_name,Divided Collection,2,20,0.1,0.10409493809977291,0.9606615059817031,0.1,False
50,department_name,Trousers,2,20,0.1,0.0164823089883525,6.067111111111111,0.1,False
50,department_name,Suit jacket,2,20,0.1,0.0053475935828877,18.700000000000003,0.1,False
50,product_type_name,Leggings/Tights,1,20,0.05,0.018313676653725002,2.7302,0.05,False
50,product_type_name,Top,1,20,0.05,0.050692256977510806,0.9863439306358381,0.05,False
50,product_type_name,Unknown,1,20,0.05,0.006080140649036701,8.223493975903615,0.05,False
50,product_group_name,Unknown,1,20,0.05,0.006080140649036701,8.223493975903615,0.05,False
50,colour_group_name,Light Orange,1,20,0.05,0.014724196029594901,3.395771144278607,0.05,False
50,colour_group_name,Light Purple,1,20,0.05,0.008717310087173101,5.735714285714286,0.05,False
50,colour_group_name,Dark Green,1,20,0.05,0.018533440773569703,2.6978260869565216,0.05,False
50,colour_group_name,White,1,20,0.05,0.0960369203721339,0.5206331045003815,0.05,False
50,colour_group_name,Blue,1,20,0.05,0.033330891509779505,1.5001098901098902,0.05,False
50,colour_group_name,Dark Grey,1,20,0.05,0.029375137352574902,1.70211970074813,0.05,False
50,perceived_colour_master_name,Orange,1,20,0.05,0.0273972602739726,1.8250000000000002,0.05,False
50,perceived_colour_master_name,Mole,1,20,0.05,0.021097355505091203,2.3699652777777778,0.05,False
50,perceived_colour_master_name,Lilac Purple,1,20,0.05,0.014724196029594901,3.395771144278607,0.05,False
50,perceived_colour_master_name,Green,1,20,0.05,0.027910043220276903,1.7914698162729659,0.05,False
50,perceived_colour_master_name,Blue,1,20,0.05,0.11933191707567212,0.41899938612645793,0.05,False
50,graphical_appearance_name,Stripe,1,20,0.05,0.030034429712109,1.6647560975609759,0.05,False
50,garment_group_name,Blouses,1,20,0.05,0.0860742802725075,0.5808936170212766,0.05,False
50,section_name,Womens Casual,1,20,0.05,0.039557541572046,1.2639814814814816,0.05,False
50,section_name,Womens Tailoring,1,20,0.05,0.06343857592850341,0.7881639722863741,0.05,False
50,department_name,Blouse,1,20,0.05,0.043293531609405904,1.154906937394247,0.05,False
50,department_name,Trouser,1,20,0.05,0.0446121163284741,1.1207717569786537,0.05,False
51,index_group_name,Ladieswear,18,20,0.9,0.5894806241301004,1.5267677395302597,0.9,True
51,graphical_appearance_name,Solid,14,20,0.7,0.5812760969892315,1.204247006931317,0.7,True
51,product_group_name,Garment Upper body,13,20,0.65,0.38905574683173394,1.6707117303709282,0.65,True
51,section_name,Womens Everyday Collection,10,20,0.5,0.12218885063365321,4.0920263788968825,0.5,False
51,garment_group_name,Knitwear,7,20,0.35,0.06695480184601861,5.227407002188183,0.35,False
51,department_name,Knitwear,7,20,0.35,0.039557541572046,8.84787037037037,0.35,False
51,product_type_name,Sweater,6,20,0.3,0.0791883378507069,3.788436632747456,0.3,False
51,colour_group_name,Black,6,20,0.3,0.28027250750860744,1.0703868269733403,0.3,False
51,perceived_colour_master_name,Black,6,20,0.3,0.28173760164090544,1.0648205928237129,0.3,False
51,garment_group_name,"Under-, Nightwear",6,20,0.3,0.08475569555343931,3.5395851339671562,0.3,False
51,section_name,"Womens Nightwear, Socks & Tigh",6,20,0.3,0.034869240348692404,8.603571428571428,0.3,False
51,department_name,Loungewear,6,20,0.3,0.009596366566551901,31.261832061068702,0.3,False
51,graphical_appearance_name,Melange,5,20,0.25,0.0617537176763607,4.048339264531435,0.25,False
51,product_group_name,Garment Lower body,4,20,0.2,0.2052596879349498,0.9743754461099216,0.2,False
51,product_type_name,Cardigan,3,20,0.15,0.014064903670060802,10.66484375,0.15,False
51,product_type_name,Trousers,3,20,0.15,0.1310526701340561,1.1445779765231974,0.15,False
51,colour_group_name,Light Beige,3,20,0.15,0.0478353234195297,3.135758039816233,0.15,False
51,perceived_colour_master_name,Grey,3,20,0.15,0.07113032012306791,2.10880535530381,0.15,False
51,perceived_colour_master_name,Beige,3,20,0.15,0.08482895026005421,1.768264248704663,0.15,False
51,garment_group_name,Trousers,3,20,0.15,0.0825580543549923,1.8169032830523513,0.15,False
51,product_type_name,Bra,2,20,0.1,0.0326715991502454,3.0607623318385655,0.1,False
51,product_type_name,Blazer,2,20,0.1,0.014211413083290601,7.036597938144331,0.1,False
51,product_group_name,Underwear,2,20,0.1,0.06768734891216761,1.4773809523809522,0.1,False
51,colour_group_name,Grey,2,20,0.1,0.031059995604717602,3.2195754716981133,0.1,False
51,colour_group_name,Beige,2,20,0.1,0.04585744634092741,2.1806709265175717,0.1,False
51,perceived_colour_master_name,White,2,20,0.1,0.12797597245623032,0.7813966800228964,0.1,False
51,garment_group_name,Dressed,2,20,0.1,0.013112592484067102,7.626256983240224,0.1,False
51,garment_group_name,Blouses,2,20,0.1,0.0860742802725075,1.1617872340425532,0.1,False
51,index_group_name,Divided,2,20,0.1,0.2062119991209435,0.4849378330373002,0.1,False
51,section_name,Divided Collection,2,20,0.1,0.10409493809977291,0.9606615059817031,0.1,False
51,department_name,Trousers,2,20,0.1,0.0164823089883525,6.067111111111111,0.1,False
51,department_name,Suit jacket,2,20,0.1,0.0053475935828877,18.700000000000003,0.1,False
51,department_name,Blouse,2,20,0.1,0.043293531609405904,2.309813874788494,0.1,False
51,product_type_name,Leggings/Tights,1,20,0.05,0.018313676653725002,2.7302,0.05,False
51,product_type_name,Top,1,20,0.05,0.050692256977510806,0.9863439306358381,0.05,False
51,product_type_name,Unknown,1,20,0.05,0.006080140649036701,8.223493975903615,0.05,False
51,product_type_name,Blouse,1,20,0.05,0.045344663394623105,1.1026655896607431,0.05,False
51,product_group_name,Unknown,1,20,0.05,0.006080140649036701,8.223493975903615,0.05,False
51,colour_group_name,Light Orange,1,20,0.05,0.014724196029594901,3.395771144278607,0.05,False
51,colour_group_name,Light Purple,1,20,0.05,0.008717310087173101,5.735714285714286,0.05,False
51,colour_group_name,Dark Green,1,20,0.05,0.018533440773569703,2.6978260869565216,0.05,False
51,colour_group_name,White,1,20,0.05,0.0960369203721339,0.5206331045003815,0.05,False
51,colour_group_name,Blue,1,20,0.05,0.033330891509779505,1.5001098901098902,0.05,False
51,colour_group_name,Dark Grey,1,20,0.05,0.029375137352574902,1.70211970074813,0.05,False
51,colour_group_name,Pink,1,20,0.05,0.021024100798476303,2.3782229965156794,0.05,False
51,perceived_colour_master_name,Orange,1,20,0.05,0.0273972602739726,1.8250000000000002,0.05,False
51,perceived_colour_master_name,Mole,1,20,0.05,0.021097355505091203,2.3699652777777778,0.05,False
51,perceived_colour_master_name,Lilac Purple,1,20,0.05,0.014724196029594901,3.395771144278607,0.05,False
51,perceived_colour_master_name,Green,1,20,0.05,0.027910043220276903,1.7914698162729659,0.05,False
51,perceived_colour_master_name,Blue,1,20,0.05,0.11933191707567212,0.41899938612645793,0.05,False
51,perceived_colour_master_name,Pink,1,20,0.05,0.06702805655263351,0.7459562841530054,0.05,False
51,graphical_appearance_name,Stripe,1,20,0.05,0.030034429712109,1.6647560975609759,0.05,False
51,section_name,Womens Casual,1,20,0.05,0.039557541572046,1.2639814814814816,0.05,False
51,section_name,Womens Tailoring,1,20,0.05,0.06343857592850341,0.7881639722863741,0.05,False
51,department_name,Trouser,1,20,0.05,0.0446121163284741,1.1207717569786537,0.05,False
52,garment_group_name,Jersey Fancy,18,20,0.9,0.16672771225551242,5.398022847100176,0.9,True
52,index_group_name,Sport,18,20,0.9,0.033111127389934804,27.181194690265485,0.9,True
52,section_name,Ladies H&M Sport,18,20,0.9,0.0265182037945938,33.9389502762431,0.9,True
52,department_name,Ladies Sport Bras,11,20,0.55,0.014943960149439602,36.80416666666667,0.55,False
52,product_group_name,Garment Upper body,10,20,0.5,0.38905574683173394,1.2851628695160986,0.5,False
52,colour_group_name,Black,10,20,0.5,0.28027250750860744,1.783978044955567,0.5,False
52,perceived_colour_master_name,Black,10,20,0.5,0.28173760164090544,1.7747009880395215,0.5,False
52,graphical_appearance_name,Solid,9,20,0.45,0.5812760969892315,0.7741587901701323,0.45,False
52,graphical_appearance_name,Melange,8,20,0.4,0.0617537176763607,6.477342823250297,0.4,False
52,department_name,Ladies Sport Bottoms,7,20,0.35,0.0068859424218006005,50.8281914893617,0.35,False
52,product_type_name,Leggings/Tights,6,20,0.3,0.018313676653725002,16.3812,0.3,False
52,product_group_name,Garment Lower body,6,20,0.3,0.2052596879349498,1.4615631691648823,0.3,False
52,product_type_name,Top,5,20,0.25,0.050692256977510806,4.931719653179191,0.25,False
52,colour_group_name,Green,4,20,0.2,0.009742875979781702,20.52781954887218,0.2,False
52,perceived_colour_master_name,Grey,4,20,0.2,0.07113032012306791,2.8117404737384137,0.2,False
52,product_type_name,Vest top,3,20,0.15,0.030107684418723902,4.982116788321168,0.15,False
52,product_type_name,Unknown,2,20,0.1,0.006080140649036701,16.44698795180723,0.1,False
52,product_type_name,T-shirt,2,20,0.1,0.05757819939931141,1.7367684478371501,0.1,False
52,product_type_name,Underwear bottom,2,20,0.1,0.031133250311332503,3.212,0.1,False
52,product_group_name,Unknown,2,20,0.1,0.006080140649036701,16.44698795180723,0.1,False
52,product_group_name,Underwear,2,20,0.1,0.06768734891216761,1.4773809523809522,0.1,False
52,colour_group_name,Greenish Khaki,2,20,0.1,0.027910043220276903,3.5829396325459317,0.1,False
52,perceived_colour_master_name,Khaki green,2,20,0.1,0.035015749761922205,2.855857740585774,0.1,False
52,perceived_colour_master_name,Pink,2,20,0.1,0.06702805655263351,1.4919125683060108,0.1,False
52,graphical_appearance_name,Mesh,2,20,0.1,0.0017581129587576003,56.87916666666667,0.1,False
52,garment_group_name,"Under-, Nightwear",2,20,0.1,0.08475569555343931,1.1798617113223855,0.1,False
52,index_group_name,Ladieswear,2,20,0.1,0.5894806241301004,0.16964085994780664,0.1,False
52,section_name,Womens Lingerie,2,20,0.1,0.05765145410592631,1.7345616264294792,0.1,False
52,department_name,Expressive Lingerie,2,20,0.1,0.018313676653725002,5.4604,0.1,False
52,colour_group_name,Dark Pink,1,20,0.05,0.007911508314409201,6.319907407407407,0.05,False
52,colour_group_name,Light Pink,1,20,0.05,0.036773862720679805,1.3596613545816734,0.05,False
52,colour_group_name,White,1,20,0.05,0.0960369203721339,0.5206331045003815,0.05,False
52,colour_group_name,Orange,1,20,0.05,0.008790564793788001,5.687916666666666,0.05,False
52,perceived_colour_master_name,White,1,20,0.05,0.12797597245623032,0.3906983400114482,0.05,False
52,perceived_colour_master_name,Red,1,20,0.05,0.0232217419969233,2.1531545741324924,0.05,False
52,graphical_appearance_name,Placement print,1,20,0.05,0.014650941322980001,3.4127500000000004,0.05,False
53,index_group_name,Ladieswear,18,20,0.9,0.5894806241301004,1.5267677395302597,0.9,True
53,graphical_appearance_name,Solid,14,20,0.7,0.5812760969892315,1.204247006931317,0.7,True
53,product_group_name,Garment Upper body,13,20,0.65,0.38905574683173394,1.6707117303709282,0.65,True
53,section_name,Womens Everyday Collection,10,20,0.5,0.12218885063365321,4.0920263788968825,0.5,False
53,garment_group_name,Knitwear,8,20,0.4,0.06695480184601861,5.97417943107221,0.4,False
53,department_name,Knitwear,8,20,0.4,0.039557541572046,10.111851851851853,0.4,False
53,product_type_name,Sweater,7,20,0.35,0.0791883378507069,4.419842738205365,0.35,False
53,colour_group_name,Black,7,20,0.35,0.28027250750860744,1.2487846314688968,0.35,False
53,perceived_colour_master_name,Black,7,20,0.35,0.28173760164090544,1.242290691627665,0.35,False
53,garment_group_name,"Under-, Nightwear",6,20,0.3,0.08475569555343931,3.5395851339671562,0.3,False
53,section_name,"Womens Nightwear, Socks & Tigh",6,20,0.3,0.034869240348692404,8.603571428571428,0.3,False
53,department_name,Loungewear,6,20,0.3,0.009596366566551901,31.261832061068702,0.3,False
53,graphical_appearance_name,Melange,5,20,0.25,0.0617537176763607,4.048339264531435,0.25,False
53,product_group_name,Garment Lower body,4,20,0.2,0.2052596879349498,0.9743754461099216,0.2,False
53,product_type_name,Cardigan,3,20,0.15,0.014064903670060802,10.66484375,0.15,False
53,product_type_name,Trousers,3,20,0.15,0.1310526701340561,1.1445779765231974,0.15,False
53,colour_group_name,Light Beige,3,20,0.15,0.0478353234195297,3.135758039816233,0.15,False
53,perceived_colour_master_name,Grey,3,20,0.15,0.07113032012306791,2.10880535530381,0.15,False
53,perceived_colour_master_name,Beige,3,20,0.15,0.08482895026005421,1.768264248704663,0.15,False
53,garment_group_name,Trousers,3,20,0.15,0.0825580543549923,1.8169032830523513,0.15,False
53,product_type_name,Bra,2,20,0.1,0.0326715991502454,3.0607623318385655,0.1,False
53,product_type_name,Blazer,2,20,0.1,0.014211413083290601,7.036597938144331,0.1,False
53,product_group_name,Underwear,2,20,0.1,0.06768734891216761,1.4773809523809522,0.1,False
53,colour_group_name,Grey,2,20,0.1,0.031059995604717602,3.2195754716981133,0.1,False
53,colour_group_name,Beige,2,20,0.1,0.04585744634092741,2.1806709265175717,0.1,False
53,perceived_colour_master_name,White,2,20,0.1,0.12797597245623032,0.7813966800228964,0.1,False
53,garment_group_name,Dressed,2,20,0.1,0.013112592484067102,7.626256983240224,0.1,False
53,index_group_name,Divided,2,20,0.1,0.2062119991209435,0.4849378330373002,0.1,False
53,section_name,Divided Collection,2,20,0.1,0.10409493809977291,0.9606615059817031,0.1,False
53,department_name,Trousers,2,20,0.1,0.0164823089883525,6.067111111111111,0.1,False
53,department_name,Suit jacket,2,20,0.1,0.0053475935828877,18.700000000000003,0.1,False
53,product_type_name,Leggings/Tights,1,20,0.05,0.018313676653725002,2.7302,0.05,False
53,product_type_name,Top,1,20,0.05,0.050692256977510806,0.9863439306358381,0.05,False
53,product_type_name,Unknown,1,20,0.05,0.006080140649036701,8.223493975903615,0.05,False
53,product_group_name,Unknown,1,20,0.05,0.006080140649036701,8.223493975903615,0.05,False
53,colour_group_name,Light Orange,1,20,0.05,0.014724196029594901,3.395771144278607,0.05,False
53,colour_group_name,Light Purple,1,20,0.05,0.008717310087173101,5.735714285714286,0.05,False
53,colour_group_name,Dark Green,1,20,0.05,0.018533440773569703,2.6978260869565216,0.05,False
53,colour_group_name,White,1,20,0.05,0.0960369203721339,0.5206331045003815,0.05,False
53,colour_group_name,Blue,1,20,0.05,0.033330891509779505,1.5001098901098902,0.05,False
53,colour_group_name,Dark Grey,1,20,0.05,0.029375137352574902,1.70211970074813,0.05,False
53,perceived_colour_master_name,Orange,1,20,0.05,0.0273972602739726,1.8250000000000002,0.05,False
53,perceived_colour_master_name,Mole,1,20,0.05,0.021097355505091203,2.3699652777777778,0.05,False
53,perceived_colour_master_name,Lilac Purple,1,20,0.05,0.014724196029594901,3.395771144278607,0.05,False
53,perceived_colour_master_name,Green,1,20,0.05,0.027910043220276903,1.7914698162729659,0.05,False
53,perceived_colour_master_name,Blue,1,20,0.05,0.11933191707567212,0.41899938612645793,0.05,False
53,graphical_appearance_name,Stripe,1,20,0.05,0.030034429712109,1.6647560975609759,0.05,False
53,garment_group_name,Blouses,1,20,0.05,0.0860742802725075,0.5808936170212766,0.05,False
53,section_name,Womens Casual,1,20,0.05,0.039557541572046,1.2639814814814816,0.05,False
53,section_name,Womens Tailoring,1,20,0.05,0.06343857592850341,0.7881639722863741,0.05,False
53,department_name,Blouse,1,20,0.05,0.043293531609405904,1.154906937394247,0.05,False
53,department_name,Trouser,1,20,0.05,0.0446121163284741,1.1207717569786537,0.05,False
54,index_group_name,Ladieswear,18,20,0.9,0.5894806241301004,1.5267677395302597,0.9,True
54,graphical_appearance_name,Solid,14,20,0.7,0.5812760969892315,1.204247006931317,0.7,True
54,product_group_name,Garment Upper body,13,20,0.65,0.38905574683173394,1.6707117303709282,0.65,True
54,section_name,Womens Everyday Collection,10,20,0.5,0.12218885063365321,4.0920263788968825,0.5,False
54,garment_group_name,Knitwear,8,20,0.4,0.06695480184601861,5.97417943107221,0.4,False
54,department_name,Knitwear,8,20,0.4,0.039557541572046,10.111851851851853,0.4,False
54,product_type_name,Sweater,7,20,0.35,0.0791883378507069,4.419842738205365,0.35,False
54,colour_group_name,Black,7,20,0.35,0.28027250750860744,1.2487846314688968,0.35,False
54,perceived_colour_master_name,Black,7,20,0.35,0.28173760164090544,1.242290691627665,0.35,False
54,garment_group_name,"Under-, Nightwear",6,20,0.3,0.08475569555343931,3.5395851339671562,0.3,False
54,section_name,"Womens Nightwear, Socks & Tigh",6,20,0.3,0.034869240348692404,8.603571428571428,0.3,False
54,department_name,Loungewear,6,20,0.3,0.009596366566551901,31.261832061068702,0.3,False
54,graphical_appearance_name,Melange,5,20,0.25,0.0617537176763607,4.048339264531435,0.25,False
54,product_group_name,Garment Lower body,4,20,0.2,0.2052596879349498,0.9743754461099216,0.2,False
54,product_type_name,Cardigan,3,20,0.15,0.014064903670060802,10.66484375,0.15,False
54,product_type_name,Trousers,3,20,0.15,0.1310526701340561,1.1445779765231974,0.15,False
54,colour_group_name,Light Beige,3,20,0.15,0.0478353234195297,3.135758039816233,0.15,False
54,perceived_colour_master_name,Grey,3,20,0.15,0.07113032012306791,2.10880535530381,0.15,False
54,perceived_colour_master_name,Beige,3,20,0.15,0.08482895026005421,1.768264248704663,0.15,False
54,garment_group_name,Trousers,3,20,0.15,0.0825580543549923,1.8169032830523513,0.15,False
54,product_type_name,Bra,2,20,0.1,0.0326715991502454,3.0607623318385655,0.1,False
54,product_type_name,Blazer,2,20,0.1,0.014211413083290601,7.036597938144331,0.1,False
54,product_group_name,Underwear,2,20,0.1,0.06768734891216761,1.4773809523809522,0.1,False
54,colour_group_name,Grey,2,20,0.1,0.031059995604717602,3.2195754716981133,0.1,False
54,colour_group_name,Beige,2,20,0.1,0.04585744634092741,2.1806709265175717,0.1,False
54,perceived_colour_master_name,White,2,20,0.1,0.12797597245623032,0.7813966800228964,0.1,False
54,garment_group_name,Dressed,2,20,0.1,0.013112592484067102,7.626256983240224,0.1,False
54,index_group_name,Divided,2,20,0.1,0.2062119991209435,0.4849378330373002,0.1,False
54,section_name,Divided Collection,2,20,0.1,0.10409493809977291,0.9606615059817031,0.1,False
54,department_name,Trousers,2,20,0.1,0.0164823089883525,6.067111111111111,0.1,False
54,department_name,Suit jacket,2,20,0.1,0.0053475935828877,18.700000000000003,0.1,False
54,product_type_name,Leggings/Tights,1,20,0.05,0.018313676653725002,2.7302,0.05,False
54,product_type_name,Top,1,20,0.05,0.050692256977510806,0.9863439306358381,0.05,False
54,product_type_name,Unknown,1,20,0.05,0.006080140649036701,8.223493975903615,0.05,False
54,product_group_name,Unknown,1,20,0.05,0.006080140649036701,8.223493975903615,0.05,False
54,colour_group_name,Light Orange,1,20,0.05,0.014724196029594901,3.395771144278607,0.05,False
54,colour_group_name,Light Purple,1,20,0.05,0.008717310087173101,5.735714285714286,0.05,False
54,colour_group_name,Dark Green,1,20,0.05,0.018533440773569703,2.6978260869565216,0.05,False
54,colour_group_name,White,1,20,0.05,0.0960369203721339,0.5206331045003815,0.05,False
54,colour_group_name,Blue,1,20,0.05,0.033330891509779505,1.5001098901098902,0.05,False
54,colour_group_name,Dark Grey,1,20,0.05,0.029375137352574902,1.70211970074813,0.05,False
54,perceived_colour_master_name,Orange,1,20,0.05,0.0273972602739726,1.8250000000000002,0.05,False
54,perceived_colour_master_name,Mole,1,20,0.05,0.021097355505091203,2.3699652777777778,0.05,False
54,perceived_colour_master_name,Lilac Purple,1,20,0.05,0.014724196029594901,3.395771144278607,0.05,False
54,perceived_colour_master_name,Green,1,20,0.05,0.027910043220276903,1.7914698162729659,0.05,False
54,perceived_colour_master_name,Blue,1,20,0.05,0.11933191707567212,0.41899938612645793,0.05,False
54,graphical_appearance_name,Stripe,1,20,0.05,0.030034429712109,1.6647560975609759,0.05,False
54,garment_group_name,Blouses,1,20,0.05,0.0860742802725075,0.5808936170212766,0.05,False
54,section_name,Womens Casual,1,20,0.05,0.039557541572046,1.2639814814814816,0.05,False
54,section_name,Womens Tailoring,1,20,0.05,0.06343857592850341,0.7881639722863741,0.05,False
54,department_name,Blouse,1,20,0.05,0.043293531609405904,1.154906937394247,0.05,False
54,department_name,Trouser,1,20,0.05,0.0446121163284741,1.1207717569786537,0.05,False
55,garment_group_name,Jersey Fancy,18,20,0.9,0.16672771225551242,5.398022847100176,0.9,True
55,index_group_name,Sport,18,20,0.9,0.033111127389934804,27.181194690265485,0.9,True
55,section_name,Ladies H&M Sport,18,20,0.9,0.0265182037945938,33.9389502762431,0.9,True
55,department_name,Ladies Sport Bras,11,20,0.55,0.014943960149439602,36.80416666666667,0.55,False
55,product_group_name,Garment Upper body,10,20,0.5,0.38905574683173394,1.2851628695160986,0.5,False
55,colour_group_name,Black,10,20,0.5,0.28027250750860744,1.783978044955567,0.5,False
55,perceived_colour_master_name,Black,10,20,0.5,0.28173760164090544,1.7747009880395215,0.5,False
55,graphical_appearance_name,Solid,9,20,0.45,0.5812760969892315,0.7741587901701323,0.45,False
55,graphical_appearance_name,Melange,8,20,0.4,0.0617537176763607,6.477342823250297,0.4,False
55,department_name,Ladies Sport Bottoms,7,20,0.35,0.0068859424218006005,50.8281914893617,0.35,False
55,product_type_name,Leggings/Tights,6,20,0.3,0.018313676653725002,16.3812,0.3,False
55,product_group_name,Garment Lower body,6,20,0.3,0.2052596879349498,1.4615631691648823,0.3,False
55,product_type_name,Top,5,20,0.25,0.050692256977510806,4.931719653179191,0.25,False
55,colour_group_name,Green,4,20,0.2,0.009742875979781702,20.52781954887218,0.2,False
55,perceived_colour_master_name,Grey,4,20,0.2,0.07113032012306791,2.8117404737384137,0.2,False
55,product_type_name,Vest top,3,20,0.15,0.030107684418723902,4.982116788321168,0.15,False
55,product_type_name,Unknown,2,20,0.1,0.006080140649036701,16.44698795180723,0.1,False
55,product_type_name,T-shirt,2,20,0.1,0.05757819939931141,1.7367684478371501,0.1,False
55,product_type_name,Underwear bottom,2,20,0.1,0.031133250311332503,3.212,0.1,False
55,product_group_name,Unknown,2,20,0.1,0.006080140649036701,16.44698795180723,0.1,False
55,product_group_name,Underwear,2,20,0.1,0.06768734891216761,1.4773809523809522,0.1,False
55,colour_group_name,Greenish Khaki,2,20,0.1,0.027910043220276903,3.5829396325459317,0.1,False
55,perceived_colour_master_name,Khaki green,2,20,0.1,0.035015749761922205,2.855857740585774,0.1,False
55,perceived_colour_master_name,Pink,2,20,0.1,0.06702805655263351,1.4919125683060108,0.1,False
55,graphical_appearance_name,Mesh,2,20,0.1,0.0017581129587576003,56.87916666666667,0.1,False
55,garment_group_name,"Under-, Nightwear",2,20,0.1,0.08475569555343931,1.1798617113223855,0.1,False
55,index_group_name,Ladieswear,2,20,0.1,0.5894806241301004,0.16964085994780664,0.1,False
55,section_name,Womens Lingerie,2,20,0.1,0.05765145410592631,1.7345616264294792,0.1,False
55,department_name,Expressive Lingerie,2,20,0.1,0.018313676653725002,5.4604,0.1,False
55,colour_group_name,Dark Pink,1,20,0.05,0.007911508314409201,6.319907407407407,0.05,False
55,colour_group_name,Light Pink,1,20,0.05,0.036773862720679805,1.3596613545816734,0.05,False
55,colour_group_name,White,1,20,0.05,0.0960369203721339,0.5206331045003815,0.05,False
55,colour_group_name,Orange,1,20,0.05,0.008790564793788001,5.687916666666666,0.05,False
55,perceived_colour_master_name,White,1,20,0.05,0.12797597245623032,0.3906983400114482,0.05,False
55,perceived_colour_master_name,Red,1,20,0.05,0.0232217419969233,2.1531545741324924,0.05,False
55,graphical_appearance_name,Placement print,1,20,0.05,0.014650941322980001,3.4127500000000004,0.05,False
56,graphical_appearance_name,Solid,12,20,0.6,0.5812760969892315,1.032211720226843,0.6,True
56,index_group_name,Ladieswear,11,20,0.55,0.5894806241301004,0.9330247297129365,0.55,True
56,colour_group_name,Black,10,20,0.5,0.28027250750860744,1.783978044955567,0.5,True
56,perceived_colour_master_name,Black,10,20,0.5,0.28173760164090544,1.7747009880395215,0.5,False
56,index_group_name,Menswear,9,20,0.45,0.10438795692623251,4.310842105263158,0.45,False
56,section_name,Men Underwear,7,20,0.35,0.0358215515346861,9.770654396728016,0.35,False
56,product_type_name,Socks,6,20,0.3,0.0240275437696872,12.485670731707318,0.3,False
56,product_group_name,Socks & Tights,6,20,0.3,0.030766976778258005,9.750714285714285,0.3,False
56,graphical_appearance_name,All over pattern,6,20,0.3,0.10709838107098381,2.801162790697674,0.3,False
56,garment_group_name,Socks and Tights,6,20,0.3,0.030254193831953703,9.915980629539952,0.3,False
56,product_group_name,Swimwear,5,20,0.25,0.0397773056918907,6.2849907918968695,0.25,False
56,product_group_name,Garment Upper body,5,20,0.25,0.38905574683173394,0.6425814347580493,0.25,False
56,garment_group_name,Swimwear,5,20,0.25,0.038531975679437405,6.488117870722434,0.25,False
56,garment_group_name,Jersey Basic,5,20,0.25,0.09003003442971211,2.7768510984540278,0.25,False
56,section_name,"Womens Swimwear, beachwear",5,20,0.25,0.0374331550802139,6.678571428571429,0.25,False
56,department_name,Swimwear,5,20,0.25,0.038531975679437405,6.488117870722434,0.25,False
56,product_type_name,T-shirt,4,20,0.2,0.05757819939931141,3.4735368956743002,0.2,False
56,section_name,"Womens Nightwear, Socks & Tigh",4,20,0.2,0.034869240348692404,5.735714285714286,0.2,False
56,department_name,Light Basic Jersey,4,20,0.2,0.013771884843601201,14.522340425531917,0.2,False
56,product_type_name,Swimwear bottom,3,20,0.15,0.016702073108197203,8.980921052631578,0.15,False
56,perceived_colour_master_name,Red,3,20,0.15,0.0232217419969233,6.4594637223974765,0.15,False
56,perceived_colour_master_name,Blue,3,20,0.15,0.11933191707567212,1.2569981583793737,0.15,False
56,department_name,Socks,3,20,0.15,0.0071057065416453005,21.10979381443299,0.15,False
56,product_type_name,Trousers,2,20,0.1,0.1310526701340561,0.7630519843487983,0.1,False
56,product_type_name,Bikini top,2,20,0.1,0.0171416013478866,5.833760683760684,0.1,False
56,product_group_name,Garment Lower body,2,20,0.1,0.2052596879349498,0.4871877230549608,0.1,False
56,colour_group_name,Red,2,20,0.1,0.009156838326862501,10.9208,0.1,False
56,graphical_appearance_name,Denim,2,20,0.1,0.074719800747198,1.3383333333333336,0.1,False
56,garment_group_name,Trousers Denim,2,20,0.1,0.0430737674895612,2.3215986394557824,0.1,False
56,section_name,Denim Men,2,20,0.1,0.0085708006739433,11.667521367521369,0.1,False
56,department_name,Socks Wall,2,20,0.1,0.0049080653431983,20.374626865671644,0.1,False
56,department_name,Denim trousers,2,20,0.1,0.007984763021024101,12.523853211009174,0.1,False
56,product_type_name,Underwear bottom,1,20,0.05,0.031133250311332503,1.606,0.05,False
56,product_type_name,Hair ties,1,20,0.05,0.0015383488389129002,32.50238095238095,0.05,False
56,product_type_name,Sweater,1,20,0.05,0.0791883378507069,0.6314061054579094,0.05,False
56,product_group_name,Underwear,1,20,0.05,0.06768734891216761,0.7386904761904761,0.05,False
56,product_group_name,Accessories,1,20,0.05,0.092300930334774,0.5417063492063493,0.05,False
56,colour_group_name,Blue,1,20,0.05,0.033330891509779505,1.5001098901098902,0.05,False
56,colour_group_name,Grey,1,20,0.05,0.031059995604717602,1.6097877358490567,0.05,False
56,colour_group_name,White,1,20,0.05,0.0960369203721339,0.5206331045003815,0.05,False
56,colour_group_name,Dark Orange,1,20,0.05,0.009230093033477401,5.417063492063492,0.05,False
56,colour_group_name,Dark Blue,1,20,0.05,0.058970038824994506,0.847888198757764,0.05,False
56,colour_group_name,Light Blue,1,20,0.05,0.026957732034283203,1.8547554347826087,0.05,False
56,colour_group_name,Dark Red,1,20,0.05,0.0128195736576075,3.900285714285715,0.05,False
56,colour_group_name,Dark Green,1,20,0.05,0.018533440773569703,2.6978260869565216,0.05,False
56,perceived_colour_master_name,Grey,1,20,0.05,0.07113032012306791,0.7029351184346034,0.05,False
56,perceived_colour_master_name,White,1,20,0.05,0.12797597245623032,0.3906983400114482,0.05,False
56,perceived_colour_master_name,Orange,1,20,0.05,0.0273972602739726,1.8250000000000002,0.05,False
56,perceived_colour_master_name,Green,1,20,0.05,0.027910043220276903,1.7914698162729659,0.05,False
56,garment_group_name,"Under-, Nightwear",1,20,0.05,0.08475569555343931,0.5899308556611927,0.05,False
56,garment_group_name,Accessories,1,20,0.05,0.0962566844919786,0.5194444444444445,0.05,False
56,section_name,Womens Lingerie,1,20,0.05,0.05765145410592631,0.8672808132147396,0.05,False
56,section_name,Womens Small accessories,1,20,0.05,0.0514248040436598,0.9722934472934474,0.05,False
56,department_name,Shopbasket Socks,1,20,0.05,0.0044685371035089,11.189344262295084,0.05,False
56,department_name,Clean Lingerie,1,20,0.05,0.0107684418723903,4.643197278911565,0.05,False
56,department_name,Hair Accessories,1,20,0.05,0.015310233682514102,3.265789473684211,0.05,False
56,department_name,Heavy Basic Jersey,1,20,0.05,0.006080140649036701,8.223493975903615,0.05,False
57,garment_group_name,Jersey Fancy,19,20,0.95,0.16672771225551242,5.697913005272407,0.95,True
57,index_group_name,Sport,19,20,0.95,0.033111127389934804,28.6912610619469,0.95,True
57,section_name,Ladies H&M Sport,19,20,0.95,0.0265182037945938,35.82444751381215,0.95,True
57,department_name,Ladies Sport Bras,12,20,0.6,0.014943960149439602,40.15,0.6,False
57,product_group_name,Garment Upper body,11,20,0.55,0.38905574683173394,1.4136791564677087,0.55,False
57,colour_group_name,Black,9,20,0.45,0.28027250750860744,1.6055802404600104,0.45,False
57,perceived_colour_master_name,Black,9,20,0.45,0.28173760164090544,1.5972308892355693,0.45,False
57,graphical_appearance_name,Solid,9,20,0.45,0.5812760969892315,0.7741587901701323,0.45,False
57,graphical_appearance_name,Melange,8,20,0.4,0.0617537176763607,6.477342823250297,0.4,False
57,department_name,Ladies Sport Bottoms,7,20,0.35,0.0068859424218006005,50.8281914893617,0.35,False
57,product_type_name,Leggings/Tights,6,20,0.3,0.018313676653725002,16.3812,0.3,False
57,product_type_name,Top,6,20,0.3,0.050692256977510806,5.918063583815028,0.3,False
57,product_group_name,Garment Lower body,6,20,0.3,0.2052596879349498,1.4615631691648823,0.3,False
57,colour_group_name,Green,5,20,0.25,0.009742875979781702,25.659774436090224,0.25,False
57,perceived_colour_master_name,Grey,5,20,0.25,0.07113032012306791,3.5146755921730173,0.25,False
57,product_type_name,Vest top,3,20,0.15,0.030107684418723902,4.982116788321168,0.15,False
57,product_type_name,Unknown,2,20,0.1,0.006080140649036701,16.44698795180723,0.1,False
57,product_type_name,T-shirt,2,20,0.1,0.05757819939931141,1.7367684478371501,0.1,False
57,product_group_name,Unknown,2,20,0.1,0.006080140649036701,16.44698795180723,0.1,False
57,colour_group_name,Greenish Khaki,2,20,0.1,0.027910043220276903,3.5829396325459317,0.1,False
57,perceived_colour_master_name,Khaki green,2,20,0.1,0.035015749761922205,2.855857740585774,0.1,False
57,perceived_colour_master_name,Pink,2,20,0.1,0.06702805655263351,1.4919125683060108,0.1,False
57,graphical_appearance_name,Mesh,2,20,0.1,0.0017581129587576003,56.87916666666667,0.1,False
57,product_type_name,Underwear bottom,1,20,0.05,0.031133250311332503,1.606,0.05,False
57,product_group_name,Underwear,1,20,0.05,0.06768734891216761,0.7386904761904761,0.05,False
57,colour_group_name,Dark Pink,1,20,0.05,0.007911508314409201,6.319907407407407,0.05,False
57,colour_group_name,Light Pink,1,20,0.05,0.036773862720679805,1.3596613545816734,0.05,False
57,colour_group_name,White,1,20,0.05,0.0960369203721339,0.5206331045003815,0.05,False
57,colour_group_name,Orange,1,20,0.05,0.008790564793788001,5.687916666666666,0.05,False
57,perceived_colour_master_name,White,1,20,0.05,0.12797597245623032,0.3906983400114482,0.05,False
57,perceived_colour_master_name,Red,1,20,0.05,0.0232217419969233,2.1531545741324924,0.05,False
57,graphical_appearance_name,Placement print,1,20,0.05,0.014650941322980001,3.4127500000000004,0.05,False
57,garment_group_name,"Under-, Nightwear",1,20,0.05,0.08475569555343931,0.5899308556611927,0.05,False
57,index_group_name,Ladieswear,1,20,0.05,0.5894806241301004,0.08482042997390332,0.05,False
57,section_name,Womens Lingerie,1,20,0.05,0.05765145410592631,0.8672808132147396,0.05,False
57,department_name,Expressive Lingerie,1,20,0.05,0.018313676653725002,2.7302,0.05,False
58,index_group_name,Ladieswear,18,20,0.9,0.5894806241301004,1.5267677395302597,0.9,True
58,graphical_appearance_name,Solid,14,20,0.7,0.5812760969892315,1.204247006931317,0.7,True
58,product_group_name,Garment Upper body,13,20,0.65,0.38905574683173394,1.6707117303709282,0.65,True
58,section_name,Womens Everyday Collection,10,20,0.5,0.12218885063365321,4.0920263788968825,0.5,False
58,garment_group_name,Knitwear,7,20,0.35,0.06695480184601861,5.227407002188183,0.35,False
58,department_name,Knitwear,7,20,0.35,0.039557541572046,8.84787037037037,0.35,False
58,product_type_name,Sweater,6,20,0.3,0.0791883378507069,3.788436632747456,0.3,False
58,colour_group_name,Black,6,20,0.3,0.28027250750860744,1.0703868269733403,0.3,False
58,perceived_colour_master_name,Black,6,20,0.3,0.28173760164090544,1.0648205928237129,0.3,False
58,garment_group_name,"Under-, Nightwear",6,20,0.3,0.08475569555343931,3.5395851339671562,0.3,False
58,section_name,"Womens Nightwear, Socks & Tigh",6,20,0.3,0.034869240348692404,8.603571428571428,0.3,False
58,department_name,Loungewear,6,20,0.3,0.009596366566551901,31.261832061068702,0.3,False
58,graphical_appearance_name,Melange,5,20,0.25,0.0617537176763607,4.048339264531435,0.25,False
58,product_group_name,Garment Lower body,4,20,0.2,0.2052596879349498,0.9743754461099216,0.2,False
58,product_type_name,Cardigan,3,20,0.15,0.014064903670060802,10.66484375,0.15,False
58,product_type_name,Trousers,3,20,0.15,0.1310526701340561,1.1445779765231974,0.15,False
58,colour_group_name,Light Beige,3,20,0.15,0.0478353234195297,3.135758039816233,0.15,False
58,perceived_colour_master_name,Grey,3,20,0.15,0.07113032012306791,2.10880535530381,0.15,False
58,perceived_colour_master_name,Beige,3,20,0.15,0.08482895026005421,1.768264248704663,0.15,False
58,garment_group_name,Trousers,3,20,0.15,0.0825580543549923,1.8169032830523513,0.15,False
58,product_type_name,Bra,2,20,0.1,0.0326715991502454,3.0607623318385655,0.1,False
58,product_type_name,Blazer,2,20,0.1,0.014211413083290601,7.036597938144331,0.1,False
58,product_group_name,Underwear,2,20,0.1,0.06768734891216761,1.4773809523809522,0.1,False
58,colour_group_name,Grey,2,20,0.1,0.031059995604717602,3.2195754716981133,0.1,False
58,colour_group_name,Beige,2,20,0.1,0.04585744634092741,2.1806709265175717,0.1,False
58,perceived_colour_master_name,White,2,20,0.1,0.12797597245623032,0.7813966800228964,0.1,False
58,garment_group_name,Dressed,2,20,0.1,0.013112592484067102,7.626256983240224,0.1,False
58,garment_group_name,Blouses,2,20,0.1,0.0860742802725075,1.1617872340425532,0.1,False
58,index_group_name,Divided,2,20,0.1,0.2062119991209435,0.4849378330373002,0.1,False
58,section_name,Divided Collection,2,20,0.1,0.10409493809977291,0.9606615059817031,0.1,False
58,department_name,Trousers,2,20,0.1,0.0164823089883525,6.067111111111111,0.1,False
58,department_name,Suit jacket,2,20,0.1,0.0053475935828877,18.700000000000003,0.1,False
58,department_name,Blouse,2,20,0.1,0.043293531609405904,2.309813874788494,0.1,False
58,product_type_name,Leggings/Tights,1,20,0.05,0.018313676653725002,2.7302,0.05,False
58,product_type_name,Top,1,20,0.05,0.050692256977510806,0.9863439306358381,0.05,False
58,product_type_name,Unknown,1,20,0.05,0.006080140649036701,8.223493975903615,0.05,False
58,product_type_name,Blouse,1,20,0.05,0.045344663394623105,1.1026655896607431,0.05,False
58,product_group_name,Unknown,1,20,0.05,0.006080140649036701,8.223493975903615,0.05,False
58,colour_group_name,Light Orange,1,20,0.05,0.014724196029594901,3.395771144278607,0.05,False
58,colour_group_name,Light Purple,1,20,0.05,0.008717310087173101,5.735714285714286,0.05,False
58,colour_group_name,Dark Green,1,20,0.05,0.018533440773569703,2.6978260869565216,0.05,False
58,colour_group_name,White,1,20,0.05,0.0960369203721339,0.5206331045003815,0.05,False
58,colour_group_name,Blue,1,20,0.05,0.033330891509779505,1.5001098901098902,0.05,False
58,colour_group_name,Dark Grey,1,20,0.05,0.029375137352574902,1.70211970074813,0.05,False
58,colour_group_name,Pink,1,20,0.05,0.021024100798476303,2.3782229965156794,0.05,False
58,perceived_colour_master_name,Orange,1,20,0.05,0.0273972602739726,1.8250000000000002,0.05,False
58,perceived_colour_master_name,Mole,1,20,0.05,0.021097355505091203,2.3699652777777778,0.05,False
58,perceived_colour_master_name,Lilac Purple,1,20,0.05,0.014724196029594901,3.395771144278607,0.05,False
58,perceived_colour_master_name,Green,1,20,0.05,0.027910043220276903,1.7914698162729659,0.05,False
58,perceived_colour_master_name,Blue,1,20,0.05,0.11933191707567212,0.41899938612645793,0.05,False
58,perceived_colour_master_name,Pink,1,20,0.05,0.06702805655263351,0.7459562841530054,0.05,False
58,graphical_appearance_name,Stripe,1,20,0.05,0.030034429712109,1.6647560975609759,0.05,False
58,section_name,Womens Casual,1,20,0.05,0.039557541572046,1.2639814814814816,0.05,False
58,section_name,Womens Tailoring,1,20,0.05,0.06343857592850341,0.7881639722863741,0.05,False
58,department_name,Trouser,1,20,0.05,0.0446121163284741,1.1207717569786537,0.05,False
59,index_group_name,Ladieswear,20,20,1.0,0.5894806241301004,1.6964085994780662,1.0,True
59,product_group_name,Garment Upper body,10,20,0.5,0.38905574683173394,1.2851628695160986,0.5,True
59,graphical_appearance_name,Solid,10,20,0.5,0.5812760969892315,0.8601764335223693,0.5,True
59,product_group_name,Garment Lower body,9,20,0.45,0.2052596879349498,2.1923447537473235,0.45,False
59,colour_group_name,Black,9,20,0.45,0.28027250750860744,1.6055802404600104,0.45,False
59,perceived_colour_master_name,Black,9,20,0.45,0.28173760164090544,1.5972308892355693,0.45,False
59,garment_group_name,Jersey Fancy,9,20,0.45,0.16672771225551242,2.699011423550088,0.45,False
59,section_name,Mama,9,20,0.45,0.023294996703538202,19.31745283018868,0.45,False
59,department_name,Jersey,8,20,0.4,0.060801406490367006,6.578795180722892,0.4,False
59,product_type_name,Trousers,5,20,0.25,0.1310526701340561,1.9076299608719955,0.25,False
59,garment_group_name,Trousers,5,20,0.25,0.0825580543549923,3.0281721384205857,0.25,False
59,section_name,Womens Tailoring,5,20,0.25,0.06343857592850341,3.9408198614318706,0.25,False
59,product_type_name,Top,4,20,0.2,0.050692256977510806,3.9453757225433526,0.2,False
59,product_type_name,Leggings/Tights,4,20,0.2,0.018313676653725002,10.9208,0.2,False
59,graphical_appearance_name,Denim,4,20,0.2,0.074719800747198,2.676666666666667,0.2,False
59,department_name,Woven bottoms,4,20,0.2,0.009669621273166801,20.683333333333334,0.2,False
59,perceived_colour_master_name,Beige,3,20,0.15,0.08482895026005421,1.768264248704663,0.15,False
59,perceived_colour_master_name,White,3,20,0.15,0.12797597245623032,1.1720950200343445,0.15,False
59,graphical_appearance_name,All over pattern,3,20,0.15,0.10709838107098381,1.400581395348837,0.15,False
59,section_name,Womens Everyday Collection,3,20,0.15,0.12218885063365321,1.2276079136690647,0.15,False
59,product_type_name,T-shirt,2,20,0.1,0.05757819939931141,1.7367684478371501,0.1,False
59,product_type_name,Blouse,2,20,0.1,0.045344663394623105,2.2053311793214863,0.1,False
59,colour_group_name,Beige,2,20,0.1,0.04585744634092741,2.1806709265175717,0.1,False
59,colour_group_name,White,2,20,0.1,0.0960369203721339,1.041266209000763,0.1,False
59,perceived_colour_master_name,Grey,2,20,0.1,0.07113032012306791,1.4058702368692069,0.1,False
59,garment_group_name,Jersey Basic,2,20,0.1,0.09003003442971211,1.1107404393816112,0.1,False
59,garment_group_name,Blouses,2,20,0.1,0.0860742802725075,1.1617872340425532,0.1,False
59,section_name,Womens Everyday Basics,2,20,0.1,0.027177496154127904,3.6795148247978435,0.1,False
59,department_name,Jersey Basic,2,20,0.1,0.026737967914438502,3.74,0.1,False
59,department_name,Blouse,2,20,0.1,0.043293531609405904,2.309813874788494,0.1,False
59,product_type_name,Sweater,1,20,0.05,0.0791883378507069,0.6314061054579094,0.05,False
59,product_type_name,Blazer,1,20,0.05,0.014211413083290601,3.5182989690721653,0.05,False
59,product_type_name,Dress,1,20,0.05,0.11750054941029961,0.4255299251870325,0.05,False
59,product_group_name,Garment Full body,1,20,0.05,0.1304666324811369,0.3832397529477822,0.05,False
59,colour_group_name,Light Beige,1,20,0.05,0.0478353234195297,1.0452526799387445,0.05,False
59,colour_group_name,Dark Grey,1,20,0.05,0.029375137352574902,1.70211970074813,0.05,False
59,colour_group_name,Grey,1,20,0.05,0.031059995604717602,1.6097877358490567,0.05,False
59,colour_group_name,Dark Green,1,20,0.05,0.018533440773569703,2.6978260869565216,0.05,False
59,colour_group_name,Off White,1,20,0.05,0.030180939125338802,1.6566747572815534,0.05,False
59,colour_group_name,Dark Blue,1,20,0.05,0.058970038824994506,0.847888198757764,0.05,False
59,colour_group_name,Pink,1,20,0.05,0.021024100798476303,2.3782229965156794,0.05,False
59,perceived_colour_master_name,Green,1,20,0.05,0.027910043220276903,1.7914698162729659,0.05,False
59,perceived_colour_master_name,Blue,1,20,0.05,0.11933191707567212,0.41899938612645793,0.05,False
59,perceived_colour_master_name,Pink,1,20,0.05,0.06702805655263351,0.7459562841530054,0.05,False
59,graphical_appearance_name,Stripe,1,20,0.05,0.030034429712109,1.6647560975609759,0.05,False
59,graphical_appearance_name,Melange,1,20,0.05,0.0617537176763607,0.8096678529062872,0.05,False
59,graphical_appearance_name,Other structure,1,20,0.05,0.022855468463848803,2.1876602564102563,0.05,False
59,garment_group_name,"Under-, Nightwear",1,20,0.05,0.08475569555343931,0.5899308556611927,0.05,False
59,garment_group_name,Dressed,1,20,0.05,0.013112592484067102,3.813128491620112,0.05,False
59,section_name,"Womens Nightwear, Socks & Tigh",1,20,0.05,0.034869240348692404,1.4339285714285714,0.05,False
59,department_name,Trouser,1,20,0.05,0.0446121163284741,1.1207717569786537,0.05,False
59,department_name,Loungewear,1,20,0.05,0.009596366566551901,5.21030534351145,0.05,False
59,department_name,Suit,1,20,0.05,0.0057871218225771,8.63987341772152,0.05,False
59,department_name,Jersey fancy,1,20,0.05,0.0247600908358362,2.0193786982248523,0.05,False
60,index_group_name,Ladieswear,18,20,0.9,0.5894806241301004,1.5267677395302597,0.9,True
60,graphical_appearance_name,Solid,14,20,0.7,0.5812760969892315,1.204247006931317,0.7,True
60,product_group_name,Garment Upper body,13,20,0.65,0.38905574683173394,1.6707117303709282,0.65,True
60,section_name,Womens Everyday Collection,10,20,0.5,0.12218885063365321,4.0920263788968825,0.5,False
60,garment_group_name,Knitwear,8,20,0.4,0.06695480184601861,5.97417943107221,0.4,False
60,department_name,Knitwear,8,20,0.4,0.039557541572046,10.111851851851853,0.4,False
60,product_type_name,Sweater,7,20,0.35,0.0791883378507069,4.419842738205365,0.35,False
60,colour_group_name,Black,7,20,0.35,0.28027250750860744,1.2487846314688968,0.35,False
60,perceived_colour_master_name,Black,7,20,0.35,0.28173760164090544,1.242290691627665,0.35,False
60,garment_group_name,"Under-, Nightwear",6,20,0.3,0.08475569555343931,3.5395851339671562,0.3,False
60,section_name,"Womens Nightwear, Socks & Tigh",6,20,0.3,0.034869240348692404,8.603571428571428,0.3,False
60,department_name,Loungewear,6,20,0.3,0.009596366566551901,31.261832061068702,0.3,False
60,graphical_appearance_name,Melange,5,20,0.25,0.0617537176763607,4.048339264531435,0.25,False
60,product_group_name,Garment Lower body,4,20,0.2,0.2052596879349498,0.9743754461099216,0.2,False
60,product_type_name,Cardigan,3,20,0.15,0.014064903670060802,10.66484375,0.15,False
60,product_type_name,Trousers,3,20,0.15,0.1310526701340561,1.1445779765231974,0.15,False
60,colour_group_name,Light Beige,3,20,0.15,0.0478353234195297,3.135758039816233,0.15,False
60,perceived_colour_master_name,Grey,3,20,0.15,0.07113032012306791,2.10880535530381,0.15,False
60,perceived_colour_master_name,Beige,3,20,0.15,0.08482895026005421,1.768264248704663,0.15,False
60,garment_group_name,Trousers,3,20,0.15,0.0825580543549923,1.8169032830523513,0.15,False
60,product_type_name,Bra,2,20,0.1,0.0326715991502454,3.0607623318385655,0.1,False
60,product_type_name,Blazer,2,20,0.1,0.014211413083290601,7.036597938144331,0.1,False
60,product_group_name,Underwear,2,20,0.1,0.06768734891216761,1.4773809523809522,0.1,False
60,colour_group_name,Grey,2,20,0.1,0.031059995604717602,3.2195754716981133,0.1,False
60,colour_group_name,Beige,2,20,0.1,0.04585744634092741,2.1806709265175717,0.1,False
60,perceived_colour_master_name,White,2,20,0.1,0.12797597245623032,0.7813966800228964,0.1,False
60,garment_group_name,Dressed,2,20,0.1,0.013112592484067102,7.626256983240224,0.1,False
60,index_group_name,Divided,2,20,0.1,0.2062119991209435,0.4849378330373002,0.1,False
60,section_name,Divided Collection,2,20,0.1,0.10409493809977291,0.9606615059817031,0.1,False
60,department_name,Trousers,2,20,0.1,0.0164823089883525,6.067111111111111,0.1,False
60,department_name,Suit jacket,2,20,0.1,0.0053475935828877,18.700000000000003,0.1,False
60,product_type_name,Leggings/Tights,1,20,0.05,0.018313676653725002,2.7302,0.05,False
60,product_type_name,Top,1,20,0.05,0.050692256977510806,0.9863439306358381,0.05,False
60,product_type_name,Unknown,1,20,0.05,0.006080140649036701,8.223493975903615,0.05,False
60,product_group_name,Unknown,1,20,0.05,0.006080140649036701,8.223493975903615,0.05,False
60,colour_group_name,Light Orange,1,20,0.05,0.014724196029594901,3.395771144278607,0.05,False
60,colour_group_name,Light Purple,1,20,0.05,0.008717310087173101,5.735714285714286,0.05,False
60,colour_group_name,Dark Green,1,20,0.05,0.018533440773569703,2.6978260869565216,0.05,False
60,colour_group_name,White,1,20,0.05,0.0960369203721339,0.5206331045003815,0.05,False
60,colour_group_name,Blue,1,20,0.05,0.033330891509779505,1.5001098901098902,0.05,False
60,colour_group_name,Dark Grey,1,20,0.05,0.029375137352574902,1.70211970074813,0.05,False
60,perceived_colour_master_name,Orange,1,20,0.05,0.0273972602739726,1.8250000000000002,0.05,False
60,perceived_colour_master_name,Mole,1,20,0.05,0.021097355505091203,2.3699652777777778,0.05,False
60,perceived_colour_master_name,Lilac Purple,1,20,0.05,0.014724196029594901,3.395771144278607,0.05,False
60,perceived_colour_master_name,Green,1,20,0.05,0.027910043220276903,1.7914698162729659,0.05,False
60,perceived_colour_master_name,Blue,1,20,0.05,0.11933191707567212,0.41899938612645793,0.05,False
60,graphical_appearance_name,Stripe,1,20,0.05,0.030034429712109,1.6647560975609759,0.05,False
60,garment_group_name,Blouses,1,20,0.05,0.0860742802725075,0.5808936170212766,0.05,False
60,section_name,Womens Casual,1,20,0.05,0.039557541572046,1.2639814814814816,0.05,False
60,section_name,Womens Tailoring,1,20,0.05,0.06343857592850341,0.7881639722863741,0.05,False
60,department_name,Blouse,1,20,0.05,0.043293531609405904,1.154906937394247,0.05,False
60,department_name,Trouser,1,20,0.05,0.0446121163284741,1.1207717569786537,0.05,False
61,index_group_name,Ladieswear,20,20,1.0,0.5894806241301004,1.6964085994780662,1.0,True
61,product_group_name,Garment Upper body,10,20,0.5,0.38905574683173394,1.2851628695160986,0.5,True
61,graphical_appearance_name,Solid,10,20,0.5,0.5812760969892315,0.8601764335223693,0.5,True
61,product_group_name,Garment Lower body,9,20,0.45,0.2052596879349498,2.1923447537473235,0.45,False
61,colour_group_name,Black,9,20,0.45,0.28027250750860744,1.6055802404600104,0.45,False
61,perceived_colour_master_name,Black,9,20,0.45,0.28173760164090544,1.5972308892355693,0.45,False
61,garment_group_name,Jersey Fancy,9,20,0.45,0.16672771225551242,2.699011423550088,0.45,False
61,section_name,Mama,9,20,0.45,0.023294996703538202,19.31745283018868,0.45,False
61,department_name,Jersey,8,20,0.4,0.060801406490367006,6.578795180722892,0.4,False
61,product_type_name,Trousers,5,20,0.25,0.1310526701340561,1.9076299608719955,0.25,False
61,garment_group_name,Trousers,5,20,0.25,0.0825580543549923,3.0281721384205857,0.25,False
61,section_name,Womens Tailoring,5,20,0.25,0.06343857592850341,3.9408198614318706,0.25,False
61,product_type_name,Top,4,20,0.2,0.050692256977510806,3.9453757225433526,0.2,False
61,product_type_name,Leggings/Tights,4,20,0.2,0.018313676653725002,10.9208,0.2,False
61,graphical_appearance_name,Denim,4,20,0.2,0.074719800747198,2.676666666666667,0.2,False
61,department_name,Woven bottoms,4,20,0.2,0.009669621273166801,20.683333333333334,0.2,False
61,perceived_colour_master_name,Beige,3,20,0.15,0.08482895026005421,1.768264248704663,0.15,False
61,perceived_colour_master_name,White,3,20,0.15,0.12797597245623032,1.1720950200343445,0.15,False
61,graphical_appearance_name,All over pattern,3,20,0.15,0.10709838107098381,1.400581395348837,0.15,False
61,section_name,Womens Everyday Collection,3,20,0.15,0.12218885063365321,1.2276079136690647,0.15,False
61,product_type_name,T-shirt,2,20,0.1,0.05757819939931141,1.7367684478371501,0.1,False
61,product_type_name,Blouse,2,20,0.1,0.045344663394623105,2.2053311793214863,0.1,False
61,colour_group_name,Beige,2,20,0.1,0.04585744634092741,2.1806709265175717,0.1,False
61,colour_group_name,White,2,20,0.1,0.0960369203721339,1.041266209000763,0.1,False
61,perceived_colour_master_name,Grey,2,20,0.1,0.07113032012306791,1.4058702368692069,0.1,False
61,garment_group_name,Jersey Basic,2,20,0.1,0.09003003442971211,1.1107404393816112,0.1,False
61,garment_group_name,Blouses,2,20,0.1,0.0860742802725075,1.1617872340425532,0.1,False
61,section_name,Womens Everyday Basics,2,20,0.1,0.027177496154127904,3.6795148247978435,0.1,False
61,department_name,Jersey Basic,2,20,0.1,0.026737967914438502,3.74,0.1,False
61,department_name,Blouse,2,20,0.1,0.043293531609405904,2.309813874788494,0.1,False
61,product_type_name,Sweater,1,20,0.05,0.0791883378507069,0.6314061054579094,0.05,False
61,product_type_name,Blazer,1,20,0.05,0.014211413083290601,3.5182989690721653,0.05,False
61,product_type_name,Dress,1,20,0.05,0.11750054941029961,0.4255299251870325,0.05,False
61,product_group_name,Garment Full body,1,20,0.05,0.1304666324811369,0.3832397529477822,0.05,False
61,colour_group_name,Light Beige,1,20,0.05,0.0478353234195297,1.0452526799387445,0.05,False
61,colour_group_name,Dark Grey,1,20,0.05,0.029375137352574902,1.70211970074813,0.05,False
61,colour_group_name,Grey,1,20,0.05,0.031059995604717602,1.6097877358490567,0.05,False
61,colour_group_name,Dark Green,1,20,0.05,0.018533440773569703,2.6978260869565216,0.05,False
61,colour_group_name,Off White,1,20,0.05,0.030180939125338802,1.6566747572815534,0.05,False
61,colour_group_name,Dark Blue,1,20,0.05,0.058970038824994506,0.847888198757764,0.05,False
61,colour_group_name,Pink,1,20,0.05,0.021024100798476303,2.3782229965156794,0.05,False
61,perceived_colour_master_name,Green,1,20,0.05,0.027910043220276903,1.7914698162729659,0.05,False
61,perceived_colour_master_name,Blue,1,20,0.05,0.11933191707567212,0.41899938612645793,0.05,False
61,perceived_colour_master_name,Pink,1,20,0.05,0.06702805655263351,0.7459562841530054,0.05,False
61,graphical_appearance_name,Stripe,1,20,0.05,0.030034429712109,1.6647560975609759,0.05,False
61,graphical_appearance_name,Melange,1,20,0.05,0.0617537176763607,0.8096678529062872,0.05,False
61,graphical_appearance_name,Other structure,1,20,0.05,0.022855468463848803,2.1876602564102563,0.05,False
61,garment_group_name,"Under-, Nightwear",1,20,0.05,0.08475569555343931,0.5899308556611927,0.05,False
61,garment_group_name,Dressed,1,20,0.05,0.013112592484067102,3.813128491620112,0.05,False
61,section_name,"Womens Nightwear, Socks & Tigh",1,20,0.05,0.034869240348692404,1.4339285714285714,0.05,False
61,department_name,Trouser,1,20,0.05,0.0446121163284741,1.1207717569786537,0.05,False
61,department_name,Loungewear,1,20,0.05,0.009596366566551901,5.21030534351145,0.05,False
61,department_name,Suit,1,20,0.05,0.0057871218225771,8.63987341772152,0.05,False
61,department_name,Jersey fancy,1,20,0.05,0.0247600908358362,2.0193786982248523,0.05,False
62,index_group_name,Ladieswear,20,20,1.0,0.5894806241301004,1.6964085994780662,1.0,True
62,product_group_name,Garment Upper body,10,20,0.5,0.38905574683173394,1.2851628695160986,0.5,True
62,graphical_appearance_name,Solid,10,20,0.5,0.5812760969892315,0.8601764335223693,0.5,True
62,product_group_name,Garment Lower body,9,20,0.45,0.2052596879349498,2.1923447537473235,0.45,False
62,colour_group_name,Black,9,20,0.45,0.28027250750860744,1.6055802404600104,0.45,False
62,perceived_colour_master_name,Black,9,20,0.45,0.28173760164090544,1.5972308892355693,0.45,False
62,garment_group_name,Jersey Fancy,9,20,0.45,0.16672771225551242,2.699011423550088,0.45,False
62,section_name,Mama,9,20,0.45,0.023294996703538202,19.31745283018868,0.45,False
62,department_name,Jersey,8,20,0.4,0.060801406490367006,6.578795180722892,0.4,False
62,product_type_name,Trousers,5,20,0.25,0.1310526701340561,1.9076299608719955,0.25,False
62,garment_group_name,Trousers,5,20,0.25,0.0825580543549923,3.0281721384205857,0.25,False
62,section_name,Womens Tailoring,5,20,0.25,0.06343857592850341,3.9408198614318706,0.25,False
62,product_type_name,Top,4,20,0.2,0.050692256977510806,3.9453757225433526,0.2,False
62,product_type_name,Leggings/Tights,4,20,0.2,0.018313676653725002,10.9208,0.2,False
62,graphical_appearance_name,Denim,4,20,0.2,0.074719800747198,2.676666666666667,0.2,False
62,department_name,Woven bottoms,4,20,0.2,0.009669621273166801,20.683333333333334,0.2,False
62,perceived_colour_master_name,Beige,3,20,0.15,0.08482895026005421,1.768264248704663,0.15,False
62,perceived_colour_master_name,White,3,20,0.15,0.12797597245623032,1.1720950200343445,0.15,False
62,graphical_appearance_name,All over pattern,3,20,0.15,0.10709838107098381,1.400581395348837,0.15,False
62,section_name,Womens Everyday Collection,3,20,0.15,0.12218885063365321,1.2276079136690647,0.15,False
62,product_type_name,T-shirt,2,20,0.1,0.05757819939931141,1.7367684478371501,0.1,False
62,product_type_name,Blouse,2,20,0.1,0.045344663394623105,2.2053311793214863,0.1,False
62,colour_group_name,Beige,2,20,0.1,0.04585744634092741,2.1806709265175717,0.1,False
62,colour_group_name,White,2,20,0.1,0.0960369203721339,1.041266209000763,0.1,False
62,perceived_colour_master_name,Grey,2,20,0.1,0.07113032012306791,1.4058702368692069,0.1,False
62,garment_group_name,Jersey Basic,2,20,0.1,0.09003003442971211,1.1107404393816112,0.1,False
62,garment_group_name,Blouses,2,20,0.1,0.0860742802725075,1.1617872340425532,0.1,False
62,section_name,Womens Everyday Basics,2,20,0.1,0.027177496154127904,3.6795148247978435,0.1,False
62,department_name,Jersey Basic,2,20,0.1,0.026737967914438502,3.74,0.1,False
62,department_name,Blouse,2,20,0.1,0.043293531609405904,2.309813874788494,0.1,False
62,product_type_name,Sweater,1,20,0.05,0.0791883378507069,0.6314061054579094,0.05,False
62,product_type_name,Blazer,1,20,0.05,0.014211413083290601,3.5182989690721653,0.05,False
62,product_type_name,Dress,1,20,0.05,0.11750054941029961,0.4255299251870325,0.05,False
62,product_group_name,Garment Full body,1,20,0.05,0.1304666324811369,0.3832397529477822,0.05,False
62,colour_group_name,Light Beige,1,20,0.05,0.0478353234195297,1.0452526799387445,0.05,False
62,colour_group_name,Dark Grey,1,20,0.05,0.029375137352574902,1.70211970074813,0.05,False
62,colour_group_name,Grey,1,20,0.05,0.031059995604717602,1.6097877358490567,0.05,False
62,colour_group_name,Dark Green,1,20,0.05,0.018533440773569703,2.6978260869565216,0.05,False
62,colour_group_name,Off White,1,20,0.05,0.030180939125338802,1.6566747572815534,0.05,False
62,colour_group_name,Dark Blue,1,20,0.05,0.058970038824994506,0.847888198757764,0.05,False
62,colour_group_name,Pink,1,20,0.05,0.021024100798476303,2.3782229965156794,0.05,False
62,perceived_colour_master_name,Green,1,20,0.05,0.027910043220276903,1.7914698162729659,0.05,False
62,perceived_colour_master_name,Blue,1,20,0.05,0.11933191707567212,0.41899938612645793,0.05,False
62,perceived_colour_master_name,Pink,1,20,0.05,0.06702805655263351,0.7459562841530054,0.05,False
62,graphical_appearance_name,Stripe,1,20,0.05,0.030034429712109,1.6647560975609759,0.05,False
62,graphical_appearance_name,Melange,1,20,0.05,0.0617537176763607,0.8096678529062872,0.05,False
62,graphical_appearance_name,Other structure,1,20,0.05,0.022855468463848803,2.1876602564102563,0.05,False
62,garment_group_name,"Under-, Nightwear",1,20,0.05,0.08475569555343931,0.5899308556611927,0.05,False
62,garment_group_name,Dressed,1,20,0.05,0.013112592484067102,3.813128491620112,0.05,False
62,section_name,"Womens Nightwear, Socks & Tigh",1,20,0.05,0.034869240348692404,1.4339285714285714,0.05,False
62,department_name,Trouser,1,20,0.05,0.0446121163284741,1.1207717569786537,0.05,False
62,department_name,Loungewear,1,20,0.05,0.009596366566551901,5.21030534351145,0.05,False
62,department_name,Suit,1,20,0.05,0.0057871218225771,8.63987341772152,0.05,False
62,department_name,Jersey fancy,1,20,0.05,0.0247600908358362,2.0193786982248523,0.05,False
63,index_group_name,Ladieswear,18,20,0.9,0.5894806241301004,1.5267677395302597,0.9,True
63,graphical_appearance_name,Solid,14,20,0.7,0.5812760969892315,1.204247006931317,0.7,True
63,product_group_name,Garment Upper body,13,20,0.65,0.38905574683173394,1.6707117303709282,0.65,True
63,section_name,Womens Everyday Collection,10,20,0.5,0.12218885063365321,4.0920263788968825,0.5,False
63,garment_group_name,Knitwear,8,20,0.4,0.06695480184601861,5.97417943107221,0.4,False
63,department_name,Knitwear,8,20,0.4,0.039557541572046,10.111851851851853,0.4,False
63,product_type_name,Sweater,7,20,0.35,0.0791883378507069,4.419842738205365,0.35,False
63,colour_group_name,Black,7,20,0.35,0.28027250750860744,1.2487846314688968,0.35,False
63,perceived_colour_master_name,Black,7,20,0.35,0.28173760164090544,1.242290691627665,0.35,False
63,garment_group_name,"Under-, Nightwear",6,20,0.3,0.08475569555343931,3.5395851339671562,0.3,False
63,section_name,"Womens Nightwear, Socks & Tigh",6,20,0.3,0.034869240348692404,8.603571428571428,0.3,False
63,department_name,Loungewear,6,20,0.3,0.009596366566551901,31.261832061068702,0.3,False
63,graphical_appearance_name,Melange,5,20,0.25,0.0617537176763607,4.048339264531435,0.25,False
63,product_group_name,Garment Lower body,4,20,0.2,0.2052596879349498,0.9743754461099216,0.2,False
63,product_type_name,Cardigan,3,20,0.15,0.014064903670060802,10.66484375,0.15,False
63,product_type_name,Trousers,3,20,0.15,0.1310526701340561,1.1445779765231974,0.15,False
63,colour_group_name,Light Beige,3,20,0.15,0.0478353234195297,3.135758039816233,0.15,False
63,perceived_colour_master_name,Grey,3,20,0.15,0.07113032012306791,2.10880535530381,0.15,False
63,perceived_colour_master_name,Beige,3,20,0.15,0.08482895026005421,1.768264248704663,0.15,False
63,garment_group_name,Trousers,3,20,0.15,0.0825580543549923,1.8169032830523513,0.15,False
63,product_type_name,Bra,2,20,0.1,0.0326715991502454,3.0607623318385655,0.1,False
63,product_type_name,Blazer,2,20,0.1,0.014211413083290601,7.036597938144331,0.1,False
63,product_group_name,Underwear,2,20,0.1,0.06768734891216761,1.4773809523809522,0.1,False
63,colour_group_name,Grey,2,20,0.1,0.031059995604717602,3.2195754716981133,0.1,False
63,colour_group_name,Beige,2,20,0.1,0.04585744634092741,2.1806709265175717,0.1,False
63,perceived_colour_master_name,White,2,20,0.1,0.12797597245623032,0.7813966800228964,0.1,False
63,garment_group_name,Dressed,2,20,0.1,0.013112592484067102,7.626256983240224,0.1,False
63,index_group_name,Divided,2,20,0.1,0.2062119991209435,0.4849378330373002,0.1,False
63,section_name,Divided Collection,2,20,0.1,0.10409493809977291,0.9606615059817031,0.1,False
63,department_name,Trousers,2,20,0.1,0.0164823089883525,6.067111111111111,0.1,False
63,department_name,Suit jacket,2,20,0.1,0.0053475935828877,18.700000000000003,0.1,False
63,product_type_name,Leggings/Tights,1,20,0.05,0.018313676653725002,2.7302,0.05,False
63,product_type_name,Top,1,20,0.05,0.050692256977510806,0.9863439306358381,0.05,False
63,product_type_name,Unknown,1,20,0.05,0.006080140649036701,8.223493975903615,0.05,False
63,product_group_name,Unknown,1,20,0.05,0.006080140649036701,8.223493975903615,0.05,False
63,colour_group_name,Light Orange,1,20,0.05,0.014724196029594901,3.395771144278607,0.05,False
63,colour_group_name,Light Purple,1,20,0.05,0.008717310087173101,5.735714285714286,0.05,False
63,colour_group_name,Dark Green,1,20,0.05,0.018533440773569703,2.6978260869565216,0.05,False
63,colour_group_name,White,1,20,0.05,0.0960369203721339,0.5206331045003815,0.05,False
63,colour_group_name,Blue,1,20,0.05,0.033330891509779505,1.5001098901098902,0.05,False
63,colour_group_name,Dark Grey,1,20,0.05,0.029375137352574902,1.70211970074813,0.05,False
63,perceived_colour_master_name,Orange,1,20,0.05,0.0273972602739726,1.8250000000000002,0.05,False
63,perceived_colour_master_name,Mole,1,20,0.05,0.021097355505091203,2.3699652777777778,0.05,False
63,perceived_colour_master_name,Lilac Purple,1,20,0.05,0.014724196029594901,3.395771144278607,0.05,False
63,perceived_colour_master_name,Green,1,20,0.05,0.027910043220276903,1.7914698162729659,0.05,False
63,perceived_colour_master_name,Blue,1,20,0.05,0.11933191707567212,0.41899938612645793,0.05,False
63,graphical_appearance_name,Stripe,1,20,0.05,0.030034429712109,1.6647560975609759,0.05,False
63,garment_group_name,Blouses,1,20,0.05,0.0860742802725075,0.5808936170212766,0.05,False
63,section_name,Womens Casual,1,20,0.05,0.039557541572046,1.2639814814814816,0.05,False
63,section_name,Womens Tailoring,1,20,0.05,0.06343857592850341,0.7881639722863741,0.05,False
63,department_name,Blouse,1,20,0.05,0.043293531609405904,1.154906937394247,0.05,False
63,department_name,Trouser,1,20,0.05,0.0446121163284741,1.1207717569786537,0.05,False
64,index_group_name,Ladieswear,18,20,0.9,0.5894806241301004,1.5267677395302597,0.9,True
64,graphical_appearance_name,Solid,14,20,0.7,0.5812760969892315,1.204247006931317,0.7,True
64,product_group_name,Garment Upper body,13,20,0.65,0.38905574683173394,1.6707117303709282,0.65,True
64,section_name,Womens Everyday Collection,10,20,0.5,0.12218885063365321,4.0920263788968825,0.5,False
64,garment_group_name,Knitwear,8,20,0.4,0.06695480184601861,5.97417943107221,0.4,False
64,department_name,Knitwear,8,20,0.4,0.039557541572046,10.111851851851853,0.4,False
64,product_type_name,Sweater,7,20,0.35,0.0791883378507069,4.419842738205365,0.35,False
64,colour_group_name,Black,7,20,0.35,0.28027250750860744,1.2487846314688968,0.35,False
64,perceived_colour_master_name,Black,7,20,0.35,0.28173760164090544,1.242290691627665,0.35,False
64,garment_group_name,"Under-, Nightwear",6,20,0.3,0.08475569555343931,3.5395851339671562,0.3,False
64,section_name,"Womens Nightwear, Socks & Tigh",6,20,0.3,0.034869240348692404,8.603571428571428,0.3,False
64,department_name,Loungewear,6,20,0.3,0.009596366566551901,31.261832061068702,0.3,False
64,graphical_appearance_name,Melange,5,20,0.25,0.0617537176763607,4.048339264531435,0.25,False
64,product_group_name,Garment Lower body,4,20,0.2,0.2052596879349498,0.9743754461099216,0.2,False
64,product_type_name,Cardigan,3,20,0.15,0.014064903670060802,10.66484375,0.15,False
64,product_type_name,Trousers,3,20,0.15,0.1310526701340561,1.1445779765231974,0.15,False
64,colour_group_name,Light Beige,3,20,0.15,0.0478353234195297,3.135758039816233,0.15,False
64,perceived_colour_master_name,Grey,3,20,0.15,0.07113032012306791,2.10880535530381,0.15,False
64,perceived_colour_master_name,Beige,3,20,0.15,0.08482895026005421,1.768264248704663,0.15,False
64,garment_group_name,Trousers,3,20,0.15,0.0825580543549923,1.8169032830523513,0.15,False
64,product_type_name,Bra,2,20,0.1,0.0326715991502454,3.0607623318385655,0.1,False
64,product_type_name,Blazer,2,20,0.1,0.014211413083290601,7.036597938144331,0.1,False
64,product_group_name,Underwear,2,20,0.1,0.06768734891216761,1.4773809523809522,0.1,False
64,colour_group_name,Grey,2,20,0.1,0.031059995604717602,3.2195754716981133,0.1,False
64,colour_group_name,Beige,2,20,0.1,0.04585744634092741,2.1806709265175717,0.1,False
64,perceived_colour_master_name,White,2,20,0.1,0.12797597245623032,0.7813966800228964,0.1,False
64,garment_group_name,Dressed,2,20,0.1,0.013112592484067102,7.626256983240224,0.1,False
64,index_group_name,Divided,2,20,0.1,0.2062119991209435,0.4849378330373002,0.1,False
64,section_name,Divided Collection,2,20,0.1,0.10409493809977291,0.9606615059817031,0.1,False
64,department_name,Trousers,2,20,0.1,0.0164823089883525,6.067111111111111,0.1,False
64,department_name,Suit jacket,2,20,0.1,0.0053475935828877,18.700000000000003,0.1,False
64,product_type_name,Leggings/Tights,1,20,0.05,0.018313676653725002,2.7302,0.05,False
64,product_type_name,Top,1,20,0.05,0.050692256977510806,0.9863439306358381,0.05,False
64,product_type_name,Unknown,1,20,0.05,0.006080140649036701,8.223493975903615,0.05,False
64,product_group_name,Unknown,1,20,0.05,0.006080140649036701,8.223493975903615,0.05,False
64,colour_group_name,Light Orange,1,20,0.05,0.014724196029594901,3.395771144278607,0.05,False
64,colour_group_name,Light Purple,1,20,0.05,0.008717310087173101,5.735714285714286,0.05,False
64,colour_group_name,Dark Green,1,20,0.05,0.018533440773569703,2.6978260869565216,0.05,False
64,colour_group_name,White,1,20,0.05,0.0960369203721339,0.5206331045003815,0.05,False
64,colour_group_name,Blue,1,20,0.05,0.033330891509779505,1.5001098901098902,0.05,False
64,colour_group_name,Dark Grey,1,20,0.05,0.029375137352574902,1.70211970074813,0.05,False
64,perceived_colour_master_name,Orange,1,20,0.05,0.0273972602739726,1.8250000000000002,0.05,False
64,perceived_colour_master_name,Mole,1,20,0.05,0.021097355505091203,2.3699652777777778,0.05,False
64,perceived_colour_master_name,Lilac Purple,1,20,0.05,0.014724196029594901,3.395771144278607,0.05,False
64,perceived_colour_master_name,Green,1,20,0.05,0.027910043220276903,1.7914698162729659,0.05,False
64,perceived_colour_master_name,Blue,1,20,0.05,0.11933191707567212,0.41899938612645793,0.05,False
64,graphical_appearance_name,Stripe,1,20,0.05,0.030034429712109,1.6647560975609759,0.05,False
64,garment_group_name,Blouses,1,20,0.05,0.0860742802725075,0.5808936170212766,0.05,False
64,section_name,Womens Casual,1,20,0.05,0.039557541572046,1.2639814814814816,0.05,False
64,section_name,Womens Tailoring,1,20,0.05,0.06343857592850341,0.7881639722863741,0.05,False
64,department_name,Blouse,1,20,0.05,0.043293531609405904,1.154906937394247,0.05,False
64,department_name,Trouser,1,20,0.05,0.0446121163284741,1.1207717569786537,0.05,False
65,index_group_name,Ladieswear,20,20,1.0,0.5894806241301004,1.6964085994780662,1.0,True
65,product_group_name,Garment Upper body,10,20,0.5,0.38905574683173394,1.2851628695160986,0.5,True
65,graphical_appearance_name,Solid,10,20,0.5,0.5812760969892315,0.8601764335223693,0.5,True
65,product_group_name,Garment Lower body,9,20,0.45,0.2052596879349498,2.1923447537473235,0.45,False
65,colour_group_name,Black,9,20,0.45,0.28027250750860744,1.6055802404600104,0.45,False
65,perceived_colour_master_name,Black,9,20,0.45,0.28173760164090544,1.5972308892355693,0.45,False
65,garment_group_name,Jersey Fancy,9,20,0.45,0.16672771225551242,2.699011423550088,0.45,False
65,section_name,Mama,9,20,0.45,0.023294996703538202,19.31745283018868,0.45,False
65,department_name,Jersey,8,20,0.4,0.060801406490367006,6.578795180722892,0.4,False
65,product_type_name,Trousers,5,20,0.25,0.1310526701340561,1.9076299608719955,0.25,False
65,garment_group_name,Trousers,5,20,0.25,0.0825580543549923,3.0281721384205857,0.25,False
65,section_name,Womens Tailoring,5,20,0.25,0.06343857592850341,3.9408198614318706,0.25,False
65,product_type_name,Top,4,20,0.2,0.050692256977510806,3.9453757225433526,0.2,False
65,product_type_name,Leggings/Tights,4,20,0.2,0.018313676653725002,10.9208,0.2,False
65,graphical_appearance_name,Denim,4,20,0.2,0.074719800747198,2.676666666666667,0.2,False
65,department_name,Woven bottoms,4,20,0.2,0.009669621273166801,20.683333333333334,0.2,False
65,perceived_colour_master_name,Beige,3,20,0.15,0.08482895026005421,1.768264248704663,0.15,False
65,perceived_colour_master_name,White,3,20,0.15,0.12797597245623032,1.1720950200343445,0.15,False
65,graphical_appearance_name,All over pattern,3,20,0.15,0.10709838107098381,1.400581395348837,0.15,False
65,section_name,Womens Everyday Collection,3,20,0.15,0.12218885063365321,1.2276079136690647,0.15,False
65,product_type_name,T-shirt,2,20,0.1,0.05757819939931141,1.7367684478371501,0.1,False
65,product_type_name,Blouse,2,20,0.1,0.045344663394623105,2.2053311793214863,0.1,False
65,colour_group_name,Beige,2,20,0.1,0.04585744634092741,2.1806709265175717,0.1,False
65,colour_group_name,White,2,20,0.1,0.0960369203721339,1.041266209000763,0.1,False
65,perceived_colour_master_name,Grey,2,20,0.1,0.07113032012306791,1.4058702368692069,0.1,False
65,garment_group_name,Jersey Basic,2,20,0.1,0.09003003442971211,1.1107404393816112,0.1,False
65,garment_group_name,Blouses,2,20,0.1,0.0860742802725075,1.1617872340425532,0.1,False
65,section_name,Womens Everyday Basics,2,20,0.1,0.027177496154127904,3.6795148247978435,0.1,False
65,department_name,Jersey Basic,2,20,0.1,0.026737967914438502,3.74,0.1,False
65,department_name,Blouse,2,20,0.1,0.043293531609405904,2.309813874788494,0.1,False
65,product_type_name,Sweater,1,20,0.05,0.0791883378507069,0.6314061054579094,0.05,False
65,product_type_name,Blazer,1,20,0.05,0.014211413083290601,3.5182989690721653,0.05,False
65,product_type_name,Dress,1,20,0.05,0.11750054941029961,0.4255299251870325,0.05,False
65,product_group_name,Garment Full body,1,20,0.05,0.1304666324811369,0.3832397529477822,0.05,False
65,colour_group_name,Light Beige,1,20,0.05,0.0478353234195297,1.0452526799387445,0.05,False
65,colour_group_name,Dark Grey,1,20,0.05,0.029375137352574902,1.70211970074813,0.05,False
65,colour_group_name,Grey,1,20,0.05,0.031059995604717602,1.6097877358490567,0.05,False
65,colour_group_name,Dark Green,1,20,0.05,0.018533440773569703,2.6978260869565216,0.05,False
65,colour_group_name,Off White,1,20,0.05,0.030180939125338802,1.6566747572815534,0.05,False
65,colour_group_name,Dark Blue,1,20,0.05,0.058970038824994506,0.847888198757764,0.05,False
65,colour_group_name,Pink,1,20,0.05,0.021024100798476303,2.3782229965156794,0.05,False
65,perceived_colour_master_name,Green,1,20,0.05,0.027910043220276903,1.7914698162729659,0.05,False
65,perceived_colour_master_name,Blue,1,20,0.05,0.11933191707567212,0.41899938612645793,0.05,False
65,perceived_colour_master_name,Pink,1,20,0.05,0.06702805655263351,0.7459562841530054,0.05,False
65,graphical_appearance_name,Stripe,1,20,0.05,0.030034429712109,1.6647560975609759,0.05,False
65,graphical_appearance_name,Melange,1,20,0.05,0.0617537176763607,0.8096678529062872,0.05,False
65,graphical_appearance_name,Other structure,1,20,0.05,0.022855468463848803,2.1876602564102563,0.05,False
65,garment_group_name,"Under-, Nightwear",1,20,0.05,0.08475569555343931,0.5899308556611927,0.05,False
65,garment_group_name,Dressed,1,20,0.05,0.013112592484067102,3.813128491620112,0.05,False
65,section_name,"Womens Nightwear, Socks & Tigh",1,20,0.05,0.034869240348692404,1.4339285714285714,0.05,False
65,department_name,Trouser,1,20,0.05,0.0446121163284741,1.1207717569786537,0.05,False
65,department_name,Loungewear,1,20,0.05,0.009596366566551901,5.21030534351145,0.05,False
65,department_name,Suit,1,20,0.05,0.0057871218225771,8.63987341772152,0.05,False
65,department_name,Jersey fancy,1,20,0.05,0.0247600908358362,2.0193786982248523,0.05,False
66,index_group_name,Ladieswear,18,20,0.9,0.5894806241301004,1.5267677395302597,0.9,True
66,graphical_appearance_name,Solid,14,20,0.7,0.5812760969892315,1.204247006931317,0.7,True
66,product_group_name,Garment Upper body,13,20,0.65,0.38905574683173394,1.6707117303709282,0.65,True
66,section_name,Womens Everyday Collection,10,20,0.5,0.12218885063365321,4.0920263788968825,0.5,False
66,garment_group_name,Knitwear,8,20,0.4,0.06695480184601861,5.97417943107221,0.4,False
66,department_name,Knitwear,8,20,0.4,0.039557541572046,10.111851851851853,0.4,False
66,product_type_name,Sweater,7,20,0.35,0.0791883378507069,4.419842738205365,0.35,False
66,colour_group_name,Black,7,20,0.35,0.28027250750860744,1.2487846314688968,0.35,False
66,perceived_colour_master_name,Black,7,20,0.35,0.28173760164090544,1.242290691627665,0.35,False
66,garment_group_name,"Under-, Nightwear",6,20,0.3,0.08475569555343931,3.5395851339671562,0.3,False
66,section_name,"Womens Nightwear, Socks & Tigh",6,20,0.3,0.034869240348692404,8.603571428571428,0.3,False
66,department_name,Loungewear,6,20,0.3,0.009596366566551901,31.261832061068702,0.3,False
66,graphical_appearance_name,Melange,5,20,0.25,0.0617537176763607,4.048339264531435,0.25,False
66,product_group_name,Garment Lower body,4,20,0.2,0.2052596879349498,0.9743754461099216,0.2,False
66,product_type_name,Cardigan,3,20,0.15,0.014064903670060802,10.66484375,0.15,False
66,product_type_name,Trousers,3,20,0.15,0.1310526701340561,1.1445779765231974,0.15,False
66,colour_group_name,Light Beige,3,20,0.15,0.0478353234195297,3.135758039816233,0.15,False
66,perceived_colour_master_name,Grey,3,20,0.15,0.07113032012306791,2.10880535530381,0.15,False
66,perceived_colour_master_name,Beige,3,20,0.15,0.08482895026005421,1.768264248704663,0.15,False
66,garment_group_name,Trousers,3,20,0.15,0.0825580543549923,1.8169032830523513,0.15,False
66,product_type_name,Bra,2,20,0.1,0.0326715991502454,3.0607623318385655,0.1,False
66,product_type_name,Blazer,2,20,0.1,0.014211413083290601,7.036597938144331,0.1,False
66,product_group_name,Underwear,2,20,0.1,0.06768734891216761,1.4773809523809522,0.1,False
66,colour_group_name,Grey,2,20,0.1,0.031059995604717602,3.2195754716981133,0.1,False
66,colour_group_name,Beige,2,20,0.1,0.04585744634092741,2.1806709265175717,0.1,False
66,perceived_colour_master_name,White,2,20,0.1,0.12797597245623032,0.7813966800228964,0.1,False
66,garment_group_name,Dressed,2,20,0.1,0.013112592484067102,7.626256983240224,0.1,False
66,index_group_name,Divided,2,20,0.1,0.2062119991209435,0.4849378330373002,0.1,False
66,section_name,Divided Collection,2,20,0.1,0.10409493809977291,0.9606615059817031,0.1,False
66,department_name,Trousers,2,20,0.1,0.0164823089883525,6.067111111111111,0.1,False
66,department_name,Suit jacket,2,20,0.1,0.0053475935828877,18.700000000000003,0.1,False
66,product_type_name,Leggings/Tights,1,20,0.05,0.018313676653725002,2.7302,0.05,False
66,product_type_name,Top,1,20,0.05,0.050692256977510806,0.9863439306358381,0.05,False
66,product_type_name,Unknown,1,20,0.05,0.006080140649036701,8.223493975903615,0.05,False
66,product_group_name,Unknown,1,20,0.05,0.006080140649036701,8.223493975903615,0.05,False
66,colour_group_name,Light Orange,1,20,0.05,0.014724196029594901,3.395771144278607,0.05,False
66,colour_group_name,Light Purple,1,20,0.05,0.008717310087173101,5.735714285714286,0.05,False
66,colour_group_name,Dark Green,1,20,0.05,0.018533440773569703,2.6978260869565216,0.05,False
66,colour_group_name,White,1,20,0.05,0.0960369203721339,0.5206331045003815,0.05,False
66,colour_group_name,Blue,1,20,0.05,0.033330891509779505,1.5001098901098902,0.05,False
66,colour_group_name,Dark Grey,1,20,0.05,0.029375137352574902,1.70211970074813,0.05,False
66,perceived_colour_master_name,Orange,1,20,0.05,0.0273972602739726,1.8250000000000002,0.05,False
66,perceived_colour_master_name,Mole,1,20,0.05,0.021097355505091203,2.3699652777777778,0.05,False
66,perceived_colour_master_name,Lilac Purple,1,20,0.05,0.014724196029594901,3.395771144278607,0.05,False
66,perceived_colour_master_name,Green,1,20,0.05,0.027910043220276903,1.7914698162729659,0.05,False
66,perceived_colour_master_name,Blue,1,20,0.05,0.11933191707567212,0.41899938612645793,0.05,False
66,graphical_appearance_name,Stripe,1,20,0.05,0.030034429712109,1.6647560975609759,0.05,False
66,garment_group_name,Blouses,1,20,0.05,0.0860742802725075,0.5808936170212766,0.05,False
66,section_name,Womens Casual,1,20,0.05,0.039557541572046,1.2639814814814816,0.05,False
66,section_name,Womens Tailoring,1,20,0.05,0.06343857592850341,0.7881639722863741,0.05,False
66,department_name,Blouse,1,20,0.05,0.043293531609405904,1.154906937394247,0.05,False
66,department_name,Trouser,1,20,0.05,0.0446121163284741,1.1207717569786537,0.05,False
67,index_group_name,Ladieswear,18,20,0.9,0.5894806241301004,1.5267677395302597,0.9,True
67,graphical_appearance_name,Solid,14,20,0.7,0.5812760969892315,1.204247006931317,0.7,True
67,product_group_name,Garment Upper body,13,20,0.65,0.38905574683173394,1.6707117303709282,0.65,True
67,section_name,Womens Everyday Collection,10,20,0.5,0.12218885063365321,4.0920263788968825,0.5,False
67,garment_group_name,Knitwear,7,20,0.35,0.06695480184601861,5.227407002188183,0.35,False
67,department_name,Knitwear,7,20,0.35,0.039557541572046,8.84787037037037,0.35,False
67,product_type_name,Sweater,6,20,0.3,0.0791883378507069,3.788436632747456,0.3,False
67,colour_group_name,Black,6,20,0.3,0.28027250750860744,1.0703868269733403,0.3,False
67,perceived_colour_master_name,Black,6,20,0.3,0.28173760164090544,1.0648205928237129,0.3,False
67,garment_group_name,"Under-, Nightwear",6,20,0.3,0.08475569555343931,3.5395851339671562,0.3,False
67,section_name,"Womens Nightwear, Socks & Tigh",6,20,0.3,0.034869240348692404,8.603571428571428,0.3,False
67,department_name,Loungewear,6,20,0.3,0.009596366566551901,31.261832061068702,0.3,False
67,graphical_appearance_name,Melange,5,20,0.25,0.0617537176763607,4.048339264531435,0.25,False
67,product_group_name,Garment Lower body,4,20,0.2,0.2052596879349498,0.9743754461099216,0.2,False
67,product_type_name,Cardigan,3,20,0.15,0.014064903670060802,10.66484375,0.15,False
67,product_type_name,Trousers,3,20,0.15,0.1310526701340561,1.1445779765231974,0.15,False
67,colour_group_name,Light Beige,3,20,0.15,0.0478353234195297,3.135758039816233,0.15,False
67,perceived_colour_master_name,Grey,3,20,0.15,0.07113032012306791,2.10880535530381,0.15,False
67,perceived_colour_master_name,Beige,3,20,0.15,0.08482895026005421,1.768264248704663,0.15,False
67,garment_group_name,Trousers,3,20,0.15,0.0825580543549923,1.8169032830523513,0.15,False
67,product_type_name,Bra,2,20,0.1,0.0326715991502454,3.0607623318385655,0.1,False
67,product_type_name,Blazer,2,20,0.1,0.014211413083290601,7.036597938144331,0.1,False
67,product_group_name,Underwear,2,20,0.1,0.06768734891216761,1.4773809523809522,0.1,False
67,colour_group_name,Grey,2,20,0.1,0.031059995604717602,3.2195754716981133,0.1,False
67,colour_group_name,Beige,2,20,0.1,0.04585744634092741,2.1806709265175717,0.1,False
67,perceived_colour_master_name,White,2,20,0.1,0.12797597245623032,0.7813966800228964,0.1,False
67,garment_group_name,Dressed,2,20,0.1,0.013112592484067102,7.626256983240224,0.1,False
67,garment_group_name,Blouses,2,20,0.1,0.0860742802725075,1.1617872340425532,0.1,False
67,index_group_name,Divided,2,20,0.1,0.2062119991209435,0.4849378330373002,0.1,False
67,section_name,Divided Collection,2,20,0.1,0.10409493809977291,0.9606615059817031,0.1,False
67,department_name,Trousers,2,20,0.1,0.0164823089883525,6.067111111111111,0.1,False
67,department_name,Suit jacket,2,20,0.1,0.0053475935828877,18.700000000000003,0.1,False
67,department_name,Blouse,2,20,0.1,0.043293531609405904,2.309813874788494,0.1,False
67,product_type_name,Leggings/Tights,1,20,0.05,0.018313676653725002,2.7302,0.05,False
67,product_type_name,Top,1,20,0.05,0.050692256977510806,0.9863439306358381,0.05,False
67,product_type_name,Unknown,1,20,0.05,0.006080140649036701,8.223493975903615,0.05,False
67,product_type_name,Blouse,1,20,0.05,0.045344663394623105,1.1026655896607431,0.05,False
67,product_group_name,Unknown,1,20,0.05,0.006080140649036701,8.223493975903615,0.05,False
67,colour_group_name,Light Orange,1,20,0.05,0.014724196029594901,3.395771144278607,0.05,False
67,colour_group_name,Light Purple,1,20,0.05,0.008717310087173101,5.735714285714286,0.05,False
67,colour_group_name,Dark Green,1,20,0.05,0.018533440773569703,2.6978260869565216,0.05,False
67,colour_group_name,White,1,20,0.05,0.0960369203721339,0.5206331045003815,0.05,False
67,colour_group_name,Blue,1,20,0.05,0.033330891509779505,1.5001098901098902,0.05,False
67,colour_group_name,Dark Grey,1,20,0.05,0.029375137352574902,1.70211970074813,0.05,False
67,colour_group_name,Pink,1,20,0.05,0.021024100798476303,2.3782229965156794,0.05,False
67,perceived_colour_master_name,Orange,1,20,0.05,0.0273972602739726,1.8250000000000002,0.05,False
67,perceived_colour_master_name,Mole,1,20,0.05,0.021097355505091203,2.3699652777777778,0.05,False
67,perceived_colour_master_name,Lilac Purple,1,20,0.05,0.014724196029594901,3.395771144278607,0.05,False
67,perceived_colour_master_name,Green,1,20,0.05,0.027910043220276903,1.7914698162729659,0.05,False
67,perceived_colour_master_name,Blue,1,20,0.05,0.11933191707567212,0.41899938612645793,0.05,False
67,perceived_colour_master_name,Pink,1,20,0.05,0.06702805655263351,0.7459562841530054,0.05,False
67,graphical_appearance_name,Stripe,1,20,0.05,0.030034429712109,1.6647560975609759,0.05,False
67,section_name,Womens Casual,1,20,0.05,0.039557541572046,1.2639814814814816,0.05,False
67,section_name,Womens Tailoring,1,20,0.05,0.06343857592850341,0.7881639722863741,0.05,False
67,department_name,Trouser,1,20,0.05,0.0446121163284741,1.1207717569786537,0.05,False
68,index_group_name,Ladieswear,20,20,1.0,0.5894806241301004,1.6964085994780662,1.0,True
68,graphical_appearance_name,Solid,19,20,0.95,0.5812760969892315,1.6343352236925015,0.95,True
68,colour_group_name,Black,14,20,0.7,0.28027250750860744,2.4975692629377937,0.7,True
68,perceived_colour_master_name,Black,14,20,0.7,0.28173760164090544,2.48458138325533,0.7,False
68,product_group_name,Garment Upper body,11,20,0.55,0.38905574683173394,1.4136791564677087,0.55,False
68,section_name,Womens Tailoring,10,20,0.5,0.06343857592850341,7.881639722863741,0.5,False
68,product_type_name,Trousers,7,20,0.35,0.1310526701340561,2.6706819452207937,0.35,False
68,product_group_name,Garment Lower body,7,20,0.35,0.2052596879349498,1.7051570306923627,0.35,False
68,section_name,H&M+,7,20,0.35,0.026811222621053402,13.054234972677595,0.35,False
68,garment_group_name,Jersey Fancy,6,20,0.3,0.16672771225551242,1.7993409490333918,0.3,False
68,garment_group_name,Trousers,6,20,0.3,0.0825580543549923,3.6338065661047025,0.3,False
68,department_name,Jersey,6,20,0.3,0.060801406490367006,4.934096385542168,0.3,False
68,product_type_name,Top,5,20,0.25,0.050692256977510806,4.931719653179191,0.25,False
68,department_name,Trouser,4,20,0.2,0.0446121163284741,4.483087027914615,0.2,False
68,product_type_name,Blazer,3,20,0.15,0.014211413083290601,10.554896907216495,0.15,False
68,colour_group_name,Dark Blue,3,20,0.15,0.058970038824994506,2.543664596273292,0.15,False
68,perceived_colour_master_name,Blue,3,20,0.15,0.11933191707567212,1.2569981583793737,0.15,False
68,garment_group_name,Knitwear,3,20,0.15,0.06695480184601861,2.2403172866520786,0.15,False
68,garment_group_name,Dressed,3,20,0.15,0.013112592484067102,11.439385474860334,0.15,False
68,department_name,Knitwear,3,20,0.15,0.039557541572046,3.7919444444444443,0.15,False
68,department_name,Suit,3,20,0.15,0.0057871218225771,25.919620253164556,0.15,False
68,product_type_name,Dress,2,20,0.1,0.11750054941029961,0.851059850374065,0.1,False
68,product_type_name,Sweater,2,20,0.1,0.0791883378507069,1.2628122109158189,0.1,False
68,product_group_name,Garment Full body,2,20,0.1,0.1304666324811369,0.7664795058955644,0.1,False
68,section_name,Womens Everyday Collection,2,20,0.1,0.12218885063365321,0.8184052757793765,0.1,False
68,department_name,Woven bottoms,2,20,0.1,0.009669621273166801,10.341666666666667,0.1,False
68,product_type_name,Cardigan,1,20,0.05,0.014064903670060802,3.554947916666667,0.05,False
68,colour_group_name,Dark Grey,1,20,0.05,0.029375137352574902,1.70211970074813,0.05,False
68,colour_group_name,White,1,20,0.05,0.0960369203721339,0.5206331045003815,0.05,False
68,colour_group_name,Dark Red,1,20,0.05,0.0128195736576075,3.900285714285715,0.05,False
68,perceived_colour_master_name,Grey,1,20,0.05,0.07113032012306791,0.7029351184346034,0.05,False
68,perceived_colour_master_name,White,1,20,0.05,0.12797597245623032,0.3906983400114482,0.05,False
68,perceived_colour_master_name,Red,1,20,0.05,0.0232217419969233,2.1531545741324924,0.05,False
68,graphical_appearance_name,Denim,1,20,0.05,0.074719800747198,0.6691666666666668,0.05,False
68,garment_group_name,Trousers Denim,1,20,0.05,0.0430737674895612,1.1607993197278912,0.05,False
68,garment_group_name,Blouses,1,20,0.05,0.0860742802725075,0.5808936170212766,0.05,False
68,section_name,Ladies Denim,1,20,0.05,0.028862354406270604,1.7323604060913707,0.05,False
68,department_name,OL Extended Sizes,1,20,0.05,0.005054574756428101,9.892028985507247,0.05,False
68,department_name,Woven top,1,20,0.05,0.007032451835030401,7.109895833333334,0.05,False
69,index_group_name,Ladieswear,18,20,0.9,0.5894806241301004,1.5267677395302597,0.9,True
69,graphical_appearance_name,Solid,14,20,0.7,0.5812760969892315,1.204247006931317,0.7,True
69,product_group_name,Garment Upper body,13,20,0.65,0.38905574683173394,1.6707117303709282,0.65,True
69,section_name,Womens Everyday Collection,10,20,0.5,0.12218885063365321,4.0920263788968825,0.5,False
69,garment_group_name,Knitwear,8,20,0.4,0.06695480184601861,5.97417943107221,0.4,False
69,department_name,Knitwear,8,20,0.4,0.039557541572046,10.111851851851853,0.4,False
69,product_type_name,Sweater,7,20,0.35,0.0791883378507069,4.419842738205365,0.35,False
69,colour_group_name,Black,7,20,0.35,0.28027250750860744,1.2487846314688968,0.35,False
69,perceived_colour_master_name,Black,7,20,0.35,0.28173760164090544,1.242290691627665,0.35,False
69,garment_group_name,"Under-, Nightwear",6,20,0.3,0.08475569555343931,3.5395851339671562,0.3,False
69,section_name,"Womens Nightwear, Socks & Tigh",6,20,0.3,0.034869240348692404,8.603571428571428,0.3,False
69,department_name,Loungewear,6,20,0.3,0.009596366566551901,31.261832061068702,0.3,False
69,graphical_appearance_name,Melange,5,20,0.25,0.0617537176763607,4.048339264531435,0.25,False
69,product_group_name,Garment Lower body,4,20,0.2,0.2052596879349498,0.9743754461099216,0.2,False
69,product_type_name,Cardigan,3,20,0.15,0.014064903670060802,10.66484375,0.15,False
69,product_type_name,Trousers,3,20,0.15,0.1310526701340561,1.1445779765231974,0.15,False
69,colour_group_name,Light Beige,3,20,0.15,0.0478353234195297,3.135758039816233,0.15,False
69,perceived_colour_master_name,Grey,3,20,0.15,0.07113032012306791,2.10880535530381,0.15,False
69,perceived_colour_master_name,Beige,3,20,0.15,0.08482895026005421,1.768264248704663,0.15,False
69,garment_group_name,Trousers,3,20,0.15,0.0825580543549923,1.8169032830523513,0.15,False
69,product_type_name,Bra,2,20,0.1,0.0326715991502454,3.0607623318385655,0.1,False
69,product_type_name,Blazer,2,20,0.1,0.014211413083290601,7.036597938144331,0.1,False
69,product_group_name,Underwear,2,20,0.1,0.06768734891216761,1.4773809523809522,0.1,False
69,colour_group_name,Grey,2,20,0.1,0.031059995604717602,3.2195754716981133,0.1,False
69,colour_group_name,Beige,2,20,0.1,0.04585744634092741,2.1806709265175717,0.1,False
69,perceived_colour_master_name,White,2,20,0.1,0.12797597245623032,0.7813966800228964,0.1,False
69,garment_group_name,Dressed,2,20,0.1,0.013112592484067102,7.626256983240224,0.1,False
69,index_group_name,Divided,2,20,0.1,0.2062119991209435,0.4849378330373002,0.1,False
69,section_name,Divided Collection,2,20,0.1,0.10409493809977291,0.9606615059817031,0.1,False
69,department_name,Trousers,2,20,0.1,0.0164823089883525,6.067111111111111,0.1,False
69,department_name,Suit jacket,2,20,0.1,0.0053475935828877,18.700000000000003,0.1,False
69,product_type_name,Leggings/Tights,1,20,0.05,0.018313676653725002,2.7302,0.05,False
69,product_type_name,Top,1,20,0.05,0.050692256977510806,0.9863439306358381,0.05,False
69,product_type_name,Unknown,1,20,0.05,0.006080140649036701,8.223493975903615,0.05,False
69,product_group_name,Unknown,1,20,0.05,0.006080140649036701,8.223493975903615,0.05,False
69,colour_group_name,Light Orange,1,20,0.05,0.014724196029594901,3.395771144278607,0.05,False
69,colour_group_name,Light Purple,1,20,0.05,0.008717310087173101,5.735714285714286,0.05,False
69,colour_group_name,Dark Green,1,20,0.05,0.018533440773569703,2.6978260869565216,0.05,False
69,colour_group_name,White,1,20,0.05,0.0960369203721339,0.5206331045003815,0.05,False
69,colour_group_name,Blue,1,20,0.05,0.033330891509779505,1.5001098901098902,0.05,False
69,colour_group_name,Dark Grey,1,20,0.05,0.029375137352574902,1.70211970074813,0.05,False
69,perceived_colour_master_name,Orange,1,20,0.05,0.0273972602739726,1.8250000000000002,0.05,False
69,perceived_colour_master_name,Mole,1,20,0.05,0.021097355505091203,2.3699652777777778,0.05,False
69,perceived_colour_master_name,Lilac Purple,1,20,0.05,0.014724196029594901,3.395771144278607,0.05,False
69,perceived_colour_master_name,Green,1,20,0.05,0.027910043220276903,1.7914698162729659,0.05,False
69,perceived_colour_master_name,Blue,1,20,0.05,0.11933191707567212,0.41899938612645793,0.05,False
69,graphical_appearance_name,Stripe,1,20,0.05,0.030034429712109,1.6647560975609759,0.05,False
69,garment_group_name,Blouses,1,20,0.05,0.0860742802725075,0.5808936170212766,0.05,False
69,section_name,Womens Casual,1,20,0.05,0.039557541572046,1.2639814814814816,0.05,False
69,section_name,Womens Tailoring,1,20,0.05,0.06343857592850341,0.7881639722863741,0.05,False
69,department_name,Blouse,1,20,0.05,0.043293531609405904,1.154906937394247,0.05,False
69,department_name,Trouser,1,20,0.05,0.0446121163284741,1.1207717569786537,0.05,False
70,index_group_name,Ladieswear,18,20,0.9,0.5894806241301004,1.5267677395302597,0.9,True
70,graphical_appearance_name,Solid,14,20,0.7,0.5812760969892315,1.204247006931317,0.7,True
70,product_group_name,Garment Upper body,13,20,0.65,0.38905574683173394,1.6707117303709282,0.65,True
70,section_name,Womens Everyday Collection,10,20,0.5,0.12218885063365321,4.0920263788968825,0.5,False
70,garment_group_name,Knitwear,8,20,0.4,0.06695480184601861,5.97417943107221,0.4,False
70,department_name,Knitwear,8,20,0.4,0.039557541572046,10.111851851851853,0.4,False
70,product_type_name,Sweater,7,20,0.35,0.0791883378507069,4.419842738205365,0.35,False
70,colour_group_name,Black,7,20,0.35,0.28027250750860744,1.2487846314688968,0.35,False
70,perceived_colour_master_name,Black,7,20,0.35,0.28173760164090544,1.242290691627665,0.35,False
70,garment_group_name,"Under-, Nightwear",6,20,0.3,0.08475569555343931,3.5395851339671562,0.3,False
70,section_name,"Womens Nightwear, Socks & Tigh",6,20,0.3,0.034869240348692404,8.603571428571428,0.3,False
70,department_name,Loungewear,6,20,0.3,0.009596366566551901,31.261832061068702,0.3,False
70,graphical_appearance_name,Melange,5,20,0.25,0.0617537176763607,4.048339264531435,0.25,False
70,product_group_name,Garment Lower body,4,20,0.2,0.2052596879349498,0.9743754461099216,0.2,False
70,product_type_name,Cardigan,3,20,0.15,0.014064903670060802,10.66484375,0.15,False
70,product_type_name,Trousers,3,20,0.15,0.1310526701340561,1.1445779765231974,0.15,False
70,colour_group_name,Light Beige,3,20,0.15,0.0478353234195297,3.135758039816233,0.15,False
70,perceived_colour_master_name,Grey,3,20,0.15,0.07113032012306791,2.10880535530381,0.15,False
70,perceived_colour_master_name,Beige,3,20,0.15,0.08482895026005421,1.768264248704663,0.15,False
70,garment_group_name,Trousers,3,20,0.15,0.0825580543549923,1.8169032830523513,0.15,False
70,product_type_name,Bra,2,20,0.1,0.0326715991502454,3.0607623318385655,0.1,False
70,product_type_name,Blazer,2,20,0.1,0.014211413083290601,7.036597938144331,0.1,False
70,product_group_name,Underwear,2,20,0.1,0.06768734891216761,1.4773809523809522,0.1,False
70,colour_group_name,Grey,2,20,0.1,0.031059995604717602,3.2195754716981133,0.1,False
70,colour_group_name,Beige,2,20,0.1,0.04585744634092741,2.1806709265175717,0.1,False
70,perceived_colour_master_name,White,2,20,0.1,0.12797597245623032,0.7813966800228964,0.1,False
70,garment_group_name,Dressed,2,20,0.1,0.013112592484067102,7.626256983240224,0.1,False
70,index_group_name,Divided,2,20,0.1,0.2062119991209435,0.4849378330373002,0.1,False
70,section_name,Divided Collection,2,20,0.1,0.10409493809977291,0.9606615059817031,0.1,False
70,department_name,Trousers,2,20,0.1,0.0164823089883525,6.067111111111111,0.1,False
70,department_name,Suit jacket,2,20,0.1,0.0053475935828877,18.700000000000003,0.1,False
70,product_type_name,Leggings/Tights,1,20,0.05,0.018313676653725002,2.7302,0.05,False
70,product_type_name,Top,1,20,0.05,0.050692256977510806,0.9863439306358381,0.05,False
70,product_type_name,Unknown,1,20,0.05,0.006080140649036701,8.223493975903615,0.05,False
70,product_group_name,Unknown,1,20,0.05,0.006080140649036701,8.223493975903615,0.05,False
70,colour_group_name,Light Orange,1,20,0.05,0.014724196029594901,3.395771144278607,0.05,False
70,colour_group_name,Light Purple,1,20,0.05,0.008717310087173101,5.735714285714286,0.05,False
70,colour_group_name,Dark Green,1,20,0.05,0.018533440773569703,2.6978260869565216,0.05,False
70,colour_group_name,White,1,20,0.05,0.0960369203721339,0.5206331045003815,0.05,False
70,colour_group_name,Blue,1,20,0.05,0.033330891509779505,1.5001098901098902,0.05,False
70,colour_group_name,Dark Grey,1,20,0.05,0.029375137352574902,1.70211970074813,0.05,False
70,perceived_colour_master_name,Orange,1,20,0.05,0.0273972602739726,1.8250000000000002,0.05,False
70,perceived_colour_master_name,Mole,1,20,0.05,0.021097355505091203,2.3699652777777778,0.05,False
70,perceived_colour_master_name,Lilac Purple,1,20,0.05,0.014724196029594901,3.395771144278607,0.05,False
70,perceived_colour_master_name,Green,1,20,0.05,0.027910043220276903,1.7914698162729659,0.05,False
70,perceived_colour_master_name,Blue,1,20,0.05,0.11933191707567212,0.41899938612645793,0.05,False
70,graphical_appearance_name,Stripe,1,20,0.05,0.030034429712109,1.6647560975609759,0.05,False
70,garment_group_name,Blouses,1,20,0.05,0.0860742802725075,0.5808936170212766,0.05,False
70,section_name,Womens Casual,1,20,0.05,0.039557541572046,1.2639814814814816,0.05,False
70,section_name,Womens Tailoring,1,20,0.05,0.06343857592850341,0.7881639722863741,0.05,False
70,department_name,Blouse,1,20,0.05,0.043293531609405904,1.154906937394247,0.05,False
70,department_name,Trouser,1,20,0.05,0.0446121163284741,1.1207717569786537,0.05,False
71,garment_group_name,Jersey Fancy,18,20,0.9,0.16672771225551242,5.398022847100176,0.9,True
71,index_group_name,Sport,18,20,0.9,0.033111127389934804,27.181194690265485,0.9,True
71,section_name,Ladies H&M Sport,18,20,0.9,0.0265182037945938,33.9389502762431,0.9,True
71,department_name,Ladies Sport Bras,11,20,0.55,0.014943960149439602,36.80416666666667,0.55,False
71,product_group_name,Garment Upper body,10,20,0.5,0.38905574683173394,1.2851628695160986,0.5,False
71,colour_group_name,Black,10,20,0.5,0.28027250750860744,1.783978044955567,0.5,False
71,perceived_colour_master_name,Black,10,20,0.5,0.28173760164090544,1.7747009880395215,0.5,False
71,graphical_appearance_name,Solid,9,20,0.45,0.5812760969892315,0.7741587901701323,0.45,False
71,graphical_appearance_name,Melange,8,20,0.4,0.0617537176763607,6.477342823250297,0.4,False
71,department_name,Ladies Sport Bottoms,7,20,0.35,0.0068859424218006005,50.8281914893617,0.35,False
71,product_type_name,Leggings/Tights,6,20,0.3,0.018313676653725002,16.3812,0.3,False
71,product_group_name,Garment Lower body,6,20,0.3,0.2052596879349498,1.4615631691648823,0.3,False
71,product_type_name,Top,5,20,0.25,0.050692256977510806,4.931719653179191,0.25,False
71,colour_group_name,Green,4,20,0.2,0.009742875979781702,20.52781954887218,0.2,False
71,perceived_colour_master_name,Grey,4,20,0.2,0.07113032012306791,2.8117404737384137,0.2,False
71,product_type_name,Vest top,3,20,0.15,0.030107684418723902,4.982116788321168,0.15,False
71,product_type_name,Unknown,2,20,0.1,0.006080140649036701,16.44698795180723,0.1,False
71,product_type_name,T-shirt,2,20,0.1,0.05757819939931141,1.7367684478371501,0.1,False
71,product_type_name,Underwear bottom,2,20,0.1,0.031133250311332503,3.212,0.1,False
71,product_group_name,Unknown,2,20,0.1,0.006080140649036701,16.44698795180723,0.1,False
71,product_group_name,Underwear,2,20,0.1,0.06768734891216761,1.4773809523809522,0.1,False
71,colour_group_name,Greenish Khaki,2,20,0.1,0.027910043220276903,3.5829396325459317,0.1,False
71,perceived_colour_master_name,Khaki green,2,20,0.1,0.035015749761922205,2.855857740585774,0.1,False
71,perceived_colour_master_name,Pink,2,20,0.1,0.06702805655263351,1.4919125683060108,0.1,False
71,graphical_appearance_name,Mesh,2,20,0.1,0.0017581129587576003,56.87916666666667,0.1,False
71,garment_group_name,"Under-, Nightwear",2,20,0.1,0.08475569555343931,1.1798617113223855,0.1,False
71,index_group_name,Ladieswear,2,20,0.1,0.5894806241301004,0.16964085994780664,0.1,False
71,section_name,Womens Lingerie,2,20,0.1,0.05765145410592631,1.7345616264294792,0.1,False
71,department_name,Expressive Lingerie,2,20,0.1,0.018313676653725002,5.4604,0.1,False
71,colour_group_name,Dark Pink,1,20,0.05,0.007911508314409201,6.319907407407407,0.05,False
71,colour_group_name,Light Pink,1,20,0.05,0.036773862720679805,1.3596613545816734,0.05,False
71,colour_group_name,White,1,20,0.05,0.0960369203721339,0.5206331045003815,0.05,False
71,colour_group_name,Orange,1,20,0.05,0.008790564793788001,5.687916666666666,0.05,False
71,perceived_colour_master_name,White,1,20,0.05,0.12797597245623032,0.3906983400114482,0.05,False
71,perceived_colour_master_name,Red,1,20,0.05,0.0232217419969233,2.1531545741324924,0.05,False
71,graphical_appearance_name,Placement print,1,20,0.05,0.014650941322980001,3.4127500000000004,0.05,False
72,index_group_name,Ladieswear,18,20,0.9,0.5894806241301004,1.5267677395302597,0.9,True
72,graphical_appearance_name,Solid,14,20,0.7,0.5812760969892315,1.204247006931317,0.7,True
72,product_group_name,Garment Upper body,13,20,0.65,0.38905574683173394,1.6707117303709282,0.65,True
72,section_name,Womens Everyday Collection,10,20,0.5,0.12218885063365321,4.0920263788968825,0.5,False
72,garment_group_name,Knitwear,8,20,0.4,0.06695480184601861,5.97417943107221,0.4,False
72,department_name,Knitwear,8,20,0.4,0.039557541572046,10.111851851851853,0.4,False
72,product_type_name,Sweater,7,20,0.35,0.0791883378507069,4.419842738205365,0.35,False
72,colour_group_name,Black,7,20,0.35,0.28027250750860744,1.2487846314688968,0.35,False
72,perceived_colour_master_name,Black,7,20,0.35,0.28173760164090544,1.242290691627665,0.35,False
72,garment_group_name,"Under-, Nightwear",6,20,0.3,0.08475569555343931,3.5395851339671562,0.3,False
72,section_name,"Womens Nightwear, Socks & Tigh",6,20,0.3,0.034869240348692404,8.603571428571428,0.3,False
72,department_name,Loungewear,6,20,0.3,0.009596366566551901,31.261832061068702,0.3,False
72,graphical_appearance_name,Melange,5,20,0.25,0.0617537176763607,4.048339264531435,0.25,False
72,product_group_name,Garment Lower body,4,20,0.2,0.2052596879349498,0.9743754461099216,0.2,False
72,product_type_name,Cardigan,3,20,0.15,0.014064903670060802,10.66484375,0.15,False
72,product_type_name,Trousers,3,20,0.15,0.1310526701340561,1.1445779765231974,0.15,False
72,colour_group_name,Light Beige,3,20,0.15,0.0478353234195297,3.135758039816233,0.15,False
72,perceived_colour_master_name,Grey,3,20,0.15,0.07113032012306791,2.10880535530381,0.15,False
72,perceived_colour_master_name,Beige,3,20,0.15,0.08482895026005421,1.768264248704663,0.15,False
72,garment_group_name,Trousers,3,20,0.15,0.0825580543549923,1.8169032830523513,0.15,False
72,product_type_name,Bra,2,20,0.1,0.0326715991502454,3.0607623318385655,0.1,False
72,product_type_name,Blazer,2,20,0.1,0.014211413083290601,7.036597938144331,0.1,False
72,product_group_name,Underwear,2,20,0.1,0.06768734891216761,1.4773809523809522,0.1,False
72,colour_group_name,Grey,2,20,0.1,0.031059995604717602,3.2195754716981133,0.1,False
72,colour_group_name,Beige,2,20,0.1,0.04585744634092741,2.1806709265175717,0.1,False
72,perceived_colour_master_name,White,2,20,0.1,0.12797597245623032,0.7813966800228964,0.1,False
72,garment_group_name,Dressed,2,20,0.1,0.013112592484067102,7.626256983240224,0.1,False
72,index_group_name,Divided,2,20,0.1,0.2062119991209435,0.4849378330373002,0.1,False
72,section_name,Divided Collection,2,20,0.1,0.10409493809977291,0.9606615059817031,0.1,False
72,department_name,Trousers,2,20,0.1,0.0164823089883525,6.067111111111111,0.1,False
72,department_name,Suit jacket,2,20,0.1,0.0053475935828877,18.700000000000003,0.1,False
72,product_type_name,Leggings/Tights,1,20,0.05,0.018313676653725002,2.7302,0.05,False
72,product_type_name,Top,1,20,0.05,0.050692256977510806,0.9863439306358381,0.05,False
72,product_type_name,Unknown,1,20,0.05,0.006080140649036701,8.223493975903615,0.05,False
72,product_group_name,Unknown,1,20,0.05,0.006080140649036701,8.223493975903615,0.05,False
72,colour_group_name,Light Orange,1,20,0.05,0.014724196029594901,3.395771144278607,0.05,False
72,colour_group_name,Light Purple,1,20,0.05,0.008717310087173101,5.735714285714286,0.05,False
72,colour_group_name,Dark Green,1,20,0.05,0.018533440773569703,2.6978260869565216,0.05,False
72,colour_group_name,White,1,20,0.05,0.0960369203721339,0.5206331045003815,0.05,False
72,colour_group_name,Blue,1,20,0.05,0.033330891509779505,1.5001098901098902,0.05,False
72,colour_group_name,Dark Grey,1,20,0.05,0.029375137352574902,1.70211970074813,0.05,False
72,perceived_colour_master_name,Orange,1,20,0.05,0.0273972602739726,1.8250000000000002,0.05,False
72,perceived_colour_master_name,Mole,1,20,0.05,0.021097355505091203,2.3699652777777778,0.05,False
72,perceived_colour_master_name,Lilac Purple,1,20,0.05,0.014724196029594901,3.395771144278607,0.05,False
72,perceived_colour_master_name,Green,1,20,0.05,0.027910043220276903,1.7914698162729659,0.05,False
72,perceived_colour_master_name,Blue,1,20,0.05,0.11933191707567212,0.41899938612645793,0.05,False
72,graphical_appearance_name,Stripe,1,20,0.05,0.030034429712109,1.6647560975609759,0.05,False
72,garment_group_name,Blouses,1,20,0.05,0.0860742802725075,0.5808936170212766,0.05,False
72,section_name,Womens Casual,1,20,0.05,0.039557541572046,1.2639814814814816,0.05,False
72,section_name,Womens Tailoring,1,20,0.05,0.06343857592850341,0.7881639722863741,0.05,False
72,department_name,Blouse,1,20,0.05,0.043293531609405904,1.154906937394247,0.05,False
72,department_name,Trouser,1,20,0.05,0.0446121163284741,1.1207717569786537,0.05,False
73,garment_group_name,Jersey Fancy,18,20,0.9,0.16672771225551242,5.398022847100176,0.9,True
73,index_group_name,Sport,18,20,0.9,0.033111127389934804,27.181194690265485,0.9,True
73,section_name,Ladies H&M Sport,18,20,0.9,0.0265182037945938,33.9389502762431,0.9,True
73,department_name,Ladies Sport Bras,11,20,0.55,0.014943960149439602,36.80416666666667,0.55,False
73,product_group_name,Garment Upper body,10,20,0.5,0.38905574683173394,1.2851628695160986,0.5,False
73,colour_group_name,Black,10,20,0.5,0.28027250750860744,1.783978044955567,0.5,False
73,perceived_colour_master_name,Black,10,20,0.5,0.28173760164090544,1.7747009880395215,0.5,False
73,graphical_appearance_name,Solid,9,20,0.45,0.5812760969892315,0.7741587901701323,0.45,False
73,graphical_appearance_name,Melange,8,20,0.4,0.0617537176763607,6.477342823250297,0.4,False
73,department_name,Ladies Sport Bottoms,7,20,0.35,0.0068859424218006005,50.8281914893617,0.35,False
73,product_type_name,Leggings/Tights,6,20,0.3,0.018313676653725002,16.3812,0.3,False
73,product_group_name,Garment Lower body,6,20,0.3,0.2052596879349498,1.4615631691648823,0.3,False
73,product_type_name,Top,5,20,0.25,0.050692256977510806,4.931719653179191,0.25,False
73,colour_group_name,Green,4,20,0.2,0.009742875979781702,20.52781954887218,0.2,False
73,perceived_colour_master_name,Grey,4,20,0.2,0.07113032012306791,2.8117404737384137,0.2,False
73,product_type_name,Vest top,3,20,0.15,0.030107684418723902,4.982116788321168,0.15,False
73,product_type_name,Unknown,2,20,0.1,0.006080140649036701,16.44698795180723,0.1,False
73,product_type_name,T-shirt,2,20,0.1,0.05757819939931141,1.7367684478371501,0.1,False
73,product_type_name,Underwear bottom,2,20,0.1,0.031133250311332503,3.212,0.1,False
73,product_group_name,Unknown,2,20,0.1,0.006080140649036701,16.44698795180723,0.1,False
73,product_group_name,Underwear,2,20,0.1,0.06768734891216761,1.4773809523809522,0.1,False
73,colour_group_name,Greenish Khaki,2,20,0.1,0.027910043220276903,3.5829396325459317,0.1,False
73,perceived_colour_master_name,Khaki green,2,20,0.1,0.035015749761922205,2.855857740585774,0.1,False
73,perceived_colour_master_name,Pink,2,20,0.1,0.06702805655263351,1.4919125683060108,0.1,False
73,graphical_appearance_name,Mesh,2,20,0.1,0.0017581129587576003,56.87916666666667,0.1,False
73,garment_group_name,"Under-, Nightwear",2,20,0.1,0.08475569555343931,1.1798617113223855,0.1,False
73,index_group_name,Ladieswear,2,20,0.1,0.5894806241301004,0.16964085994780664,0.1,False
73,section_name,Womens Lingerie,2,20,0.1,0.05765145410592631,1.7345616264294792,0.1,False
73,department_name,Expressive Lingerie,2,20,0.1,0.018313676653725002,5.4604,0.1,False
73,colour_group_name,Dark Pink,1,20,0.05,0.007911508314409201,6.319907407407407,0.05,False
73,colour_group_name,Light Pink,1,20,0.05,0.036773862720679805,1.3596613545816734,0.05,False
73,colour_group_name,White,1,20,0.05,0.0960369203721339,0.5206331045003815,0.05,False
73,colour_group_name,Orange,1,20,0.05,0.008790564793788001,5.687916666666666,0.05,False
73,perceived_colour_master_name,White,1,20,0.05,0.12797597245623032,0.3906983400114482,0.05,False
73,perceived_colour_master_name,Red,1,20,0.05,0.0232217419969233,2.1531545741324924,0.05,False
73,graphical_appearance_name,Placement print,1,20,0.05,0.014650941322980001,3.4127500000000004,0.05,False
74,index_group_name,Ladieswear,20,20,1.0,0.5894806241301004,1.6964085994780662,1.0,True
74,product_group_name,Garment Upper body,10,20,0.5,0.38905574683173394,1.2851628695160986,0.5,True
74,graphical_appearance_name,Solid,10,20,0.5,0.5812760969892315,0.8601764335223693,0.5,True
74,product_group_name,Garment Lower body,9,20,0.45,0.2052596879349498,2.1923447537473235,0.45,False
74,colour_group_name,Black,9,20,0.45,0.28027250750860744,1.6055802404600104,0.45,False
74,perceived_colour_master_name,Black,9,20,0.45,0.28173760164090544,1.5972308892355693,0.45,False
74,garment_group_name,Jersey Fancy,9,20,0.45,0.16672771225551242,2.699011423550088,0.45,False
74,section_name,Mama,9,20,0.45,0.023294996703538202,19.31745283018868,0.45,False
74,department_name,Jersey,8,20,0.4,0.060801406490367006,6.578795180722892,0.4,False
74,product_type_name,Trousers,5,20,0.25,0.1310526701340561,1.9076299608719955,0.25,False
74,garment_group_name,Trousers,5,20,0.25,0.0825580543549923,3.0281721384205857,0.25,False
74,section_name,Womens Tailoring,5,20,0.25,0.06343857592850341,3.9408198614318706,0.25,False
74,product_type_name,Top,4,20,0.2,0.050692256977510806,3.9453757225433526,0.2,False
74,product_type_name,Leggings/Tights,4,20,0.2,0.018313676653725002,10.9208,0.2,False
74,graphical_appearance_name,Denim,4,20,0.2,0.074719800747198,2.676666666666667,0.2,False
74,department_name,Woven bottoms,4,20,0.2,0.009669621273166801,20.683333333333334,0.2,False
74,perceived_colour_master_name,Beige,3,20,0.15,0.08482895026005421,1.768264248704663,0.15,False
74,perceived_colour_master_name,White,3,20,0.15,0.12797597245623032,1.1720950200343445,0.15,False
74,graphical_appearance_name,All over pattern,3,20,0.15,0.10709838107098381,1.400581395348837,0.15,False
74,section_name,Womens Everyday Collection,3,20,0.15,0.12218885063365321,1.2276079136690647,0.15,False
74,product_type_name,T-shirt,2,20,0.1,0.05757819939931141,1.7367684478371501,0.1,False
74,product_type_name,Blouse,2,20,0.1,0.045344663394623105,2.2053311793214863,0.1,False
74,colour_group_name,Beige,2,20,0.1,0.04585744634092741,2.1806709265175717,0.1,False
74,colour_group_name,White,2,20,0.1,0.0960369203721339,1.041266209000763,0.1,False
74,perceived_colour_master_name,Grey,2,20,0.1,0.07113032012306791,1.4058702368692069,0.1,False
74,garment_group_name,Jersey Basic,2,20,0.1,0.09003003442971211,1.1107404393816112,0.1,False
74,garment_group_name,Blouses,2,20,0.1,0.0860742802725075,1.1617872340425532,0.1,False
74,section_name,Womens Everyday Basics,2,20,0.1,0.027177496154127904,3.6795148247978435,0.1,False
74,department_name,Jersey Basic,2,20,0.1,0.026737967914438502,3.74,0.1,False
74,department_name,Blouse,2,20,0.1,0.043293531609405904,2.309813874788494,0.1,False
74,product_type_name,Sweater,1,20,0.05,0.0791883378507069,0.6314061054579094,0.05,False
74,product_type_name,Blazer,1,20,0.05,0.014211413083290601,3.5182989690721653,0.05,False
74,product_type_name,Dress,1,20,0.05,0.11750054941029961,0.4255299251870325,0.05,False
74,product_group_name,Garment Full body,1,20,0.05,0.1304666324811369,0.3832397529477822,0.05,False
74,colour_group_name,Light Beige,1,20,0.05,0.0478353234195297,1.0452526799387445,0.05,False
74,colour_group_name,Dark Grey,1,20,0.05,0.029375137352574902,1.70211970074813,0.05,False
74,colour_group_name,Grey,1,20,0.05,0.031059995604717602,1.6097877358490567,0.05,False
74,colour_group_name,Dark Green,1,20,0.05,0.018533440773569703,2.6978260869565216,0.05,False
74,colour_group_name,Off White,1,20,0.05,0.030180939125338802,1.6566747572815534,0.05,False
74,colour_group_name,Dark Blue,1,20,0.05,0.058970038824994506,0.847888198757764,0.05,False
74,colour_group_name,Pink,1,20,0.05,0.021024100798476303,2.3782229965156794,0.05,False
74,perceived_colour_master_name,Green,1,20,0.05,0.027910043220276903,1.7914698162729659,0.05,False
74,perceived_colour_master_name,Blue,1,20,0.05,0.11933191707567212,0.41899938612645793,0.05,False
74,perceived_colour_master_name,Pink,1,20,0.05,0.06702805655263351,0.7459562841530054,0.05,False
74,graphical_appearance_name,Stripe,1,20,0.05,0.030034429712109,1.6647560975609759,0.05,False
74,graphical_appearance_name,Melange,1,20,0.05,0.0617537176763607,0.8096678529062872,0.05,False
74,graphical_appearance_name,Other structure,1,20,0.05,0.022855468463848803,2.1876602564102563,0.05,False
74,garment_group_name,"Under-, Nightwear",1,20,0.05,0.08475569555343931,0.5899308556611927,0.05,False
74,garment_group_name,Dressed,1,20,0.05,0.013112592484067102,3.813128491620112,0.05,False
74,section_name,"Womens Nightwear, Socks & Tigh",1,20,0.05,0.034869240348692404,1.4339285714285714,0.05,False
74,department_name,Trouser,1,20,0.05,0.0446121163284741,1.1207717569786537,0.05,False
74,department_name,Loungewear,1,20,0.05,0.009596366566551901,5.21030534351145,0.05,False
74,department_name,Suit,1,20,0.05,0.0057871218225771,8.63987341772152,0.05,False
74,department_name,Jersey fancy,1,20,0.05,0.0247600908358362,2.0193786982248523,0.05,False
75,index_group_name,Ladieswear,18,20,0.9,0.5894806241301004,1.5267677395302597,0.9,True
75,graphical_appearance_name,Solid,14,20,0.7,0.5812760969892315,1.204247006931317,0.7,True
75,product_group_name,Garment Upper body,13,20,0.65,0.38905574683173394,1.6707117303709282,0.65,True
75,section_name,Womens Everyday Collection,10,20,0.5,0.12218885063365321,4.0920263788968825,0.5,False
75,garment_group_name,Knitwear,8,20,0.4,0.06695480184601861,5.97417943107221,0.4,False
75,department_name,Knitwear,8,20,0.4,0.039557541572046,10.111851851851853,0.4,False
75,product_type_name,Sweater,7,20,0.35,0.0791883378507069,4.419842738205365,0.35,False
75,colour_group_name,Black,7,20,0.35,0.28027250750860744,1.2487846314688968,0.35,False
75,perceived_colour_master_name,Black,7,20,0.35,0.28173760164090544,1.242290691627665,0.35,False
75,garment_group_name,"Under-, Nightwear",6,20,0.3,0.08475569555343931,3.5395851339671562,0.3,False
75,section_name,"Womens Nightwear, Socks & Tigh",6,20,0.3,0.034869240348692404,8.603571428571428,0.3,False
75,department_name,Loungewear,6,20,0.3,0.009596366566551901,31.261832061068702,0.3,False
75,graphical_appearance_name,Melange,5,20,0.25,0.0617537176763607,4.048339264531435,0.25,False
75,product_group_name,Garment Lower body,4,20,0.2,0.2052596879349498,0.9743754461099216,0.2,False
75,product_type_name,Cardigan,3,20,0.15,0.014064903670060802,10.66484375,0.15,False
75,product_type_name,Trousers,3,20,0.15,0.1310526701340561,1.1445779765231974,0.15,False
75,colour_group_name,Light Beige,3,20,0.15,0.0478353234195297,3.135758039816233,0.15,False
75,perceived_colour_master_name,Grey,3,20,0.15,0.07113032012306791,2.10880535530381,0.15,False
75,perceived_colour_master_name,Beige,3,20,0.15,0.08482895026005421,1.768264248704663,0.15,False
75,garment_group_name,Trousers,3,20,0.15,0.0825580543549923,1.8169032830523513,0.15,False
75,product_type_name,Bra,2,20,0.1,0.0326715991502454,3.0607623318385655,0.1,False
75,product_type_name,Blazer,2,20,0.1,0.014211413083290601,7.036597938144331,0.1,False
75,product_group_name,Underwear,2,20,0.1,0.06768734891216761,1.4773809523809522,0.1,False
75,colour_group_name,Grey,2,20,0.1,0.031059995604717602,3.2195754716981133,0.1,False
75,colour_group_name,Beige,2,20,0.1,0.04585744634092741,2.1806709265175717,0.1,False
75,perceived_colour_master_name,White,2,20,0.1,0.12797597245623032,0.7813966800228964,0.1,False
75,garment_group_name,Dressed,2,20,0.1,0.013112592484067102,7.626256983240224,0.1,False
75,index_group_name,Divided,2,20,0.1,0.2062119991209435,0.4849378330373002,0.1,False
75,section_name,Divided Collection,2,20,0.1,0.10409493809977291,0.9606615059817031,0.1,False
75,department_name,Trousers,2,20,0.1,0.0164823089883525,6.067111111111111,0.1,False
75,department_name,Suit jacket,2,20,0.1,0.0053475935828877,18.700000000000003,0.1,False
75,product_type_name,Leggings/Tights,1,20,0.05,0.018313676653725002,2.7302,0.05,False
75,product_type_name,Top,1,20,0.05,0.050692256977510806,0.9863439306358381,0.05,False
75,product_type_name,Unknown,1,20,0.05,0.006080140649036701,8.223493975903615,0.05,False
75,product_group_name,Unknown,1,20,0.05,0.006080140649036701,8.223493975903615,0.05,False
75,colour_group_name,Light Orange,1,20,0.05,0.014724196029594901,3.395771144278607,0.05,False
75,colour_group_name,Light Purple,1,20,0.05,0.008717310087173101,5.735714285714286,0.05,False
75,colour_group_name,Dark Green,1,20,0.05,0.018533440773569703,2.6978260869565216,0.05,False
75,colour_group_name,White,1,20,0.05,0.0960369203721339,0.5206331045003815,0.05,False
75,colour_group_name,Blue,1,20,0.05,0.033330891509779505,1.5001098901098902,0.05,False
75,colour_group_name,Dark Grey,1,20,0.05,0.029375137352574902,1.70211970074813,0.05,False
75,perceived_colour_master_name,Orange,1,20,0.05,0.0273972602739726,1.8250000000000002,0.05,False
75,perceived_colour_master_name,Mole,1,20,0.05,0.021097355505091203,2.3699652777777778,0.05,False
75,perceived_colour_master_name,Lilac Purple,1,20,0.05,0.014724196029594901,3.395771144278607,0.05,False
75,perceived_colour_master_name,Green,1,20,0.05,0.027910043220276903,1.7914698162729659,0.05,False
75,perceived_colour_master_name,Blue,1,20,0.05,0.11933191707567212,0.41899938612645793,0.05,False
75,graphical_appearance_name,Stripe,1,20,0.05,0.030034429712109,1.6647560975609759,0.05,False
75,garment_group_name,Blouses,1,20,0.05,0.0860742802725075,0.5808936170212766,0.05,False
75,section_name,Womens Casual,1,20,0.05,0.039557541572046,1.2639814814814816,0.05,False
75,section_name,Womens Tailoring,1,20,0.05,0.06343857592850341,0.7881639722863741,0.05,False
75,department_name,Blouse,1,20,0.05,0.043293531609405904,1.154906937394247,0.05,False
75,department_name,Trouser,1,20,0.05,0.0446121163284741,1.1207717569786537,0.05,False
