timestamp,gpu_util_pct,vram_used_mib,vram_total_mib,vram_pct,cpu_pct,ram_used_mib,ram_total_mib,ram_pct,gpu_temp_c
2026-04-16 17:12:17,0.0,4,40960,0.0,0.0,545,257046,0.2,33
2026-04-16 17:12:50,0.0,4,40960,0.0,1468.0,13793,257046,5.4,33
2026-04-16 17:13:00,0.0,4,40960,0.0,132.3,14442,257046,5.6,33
2026-04-16 17:13:10,0.0,4,40960,0.0,191.1,15246,257046,5.9,33
2026-04-16 17:13:20,0.0,659,40960,1.6,333.2,17381,257046,6.8,34
2026-04-16 17:13:31,2.0,1429,40960,3.5,478.9,19166,257046,7.5,34
2026-04-16 17:13:41,5.0,2869,40960,7.0,510.3,20564,257046,8.0,34
2026-04-16 17:13:51,7.0,3980,40960,9.7,516.2,21603,257046,8.4,34
2026-04-16 17:14:01,6.0,3980,40960,9.7,509.3,21603,257046,8.4,34
2026-04-16 17:14:11,5.0,3980,40960,9.7,506.9,21603,257046,8.4,34
2026-04-16 17:14:21,6.0,3980,40960,9.7,510.6,21603,257046,8.4,34
2026-04-16 17:14:31,8.0,3980,40960,9.7,507.3,21602,257046,8.4,34
2026-04-16 17:14:41,5.0,3980,40960,9.7,506.0,21603,257046,8.4,34
2026-04-16 17:14:51,8.0,3980,40960,9.7,510.6,21604,257046,8.4,35
2026-04-16 17:15:02,7.0,3980,40960,9.7,512.7,21605,257046,8.4,35
2026-04-16 17:15:12,5.0,3980,40960,9.7,506.4,21607,257046,8.4,35
2026-04-16 17:15:22,5.0,3980,40960,9.7,508.0,21609,257046,8.4,35
2026-04-16 17:15:32,8.0,3980,40960,9.7,505.7,21609,257046,8.4,35
2026-04-16 17:15:42,5.0,3980,40960,9.7,509.1,21609,257046,8.4,35
2026-04-16 17:15:52,11.0,3980,40960,9.7,509.3,21611,257046,8.4,35
2026-04-16 17:16:02,10.0,3982,40960,9.7,-1087.9,22027,257046,8.6,35
2026-04-16 17:16:12,10.0,4144,40960,10.1,-1128.0,22452,257046,8.7,35
2026-04-16 17:16:23,11.0,4146,40960,10.1,-2727.0,22055,257046,8.6,35
2026-04-16 17:16:33,15.0,4150,40960,10.1,517.3,23361,257046,9.1,35
2026-04-16 17:16:43,14.0,4150,40960,10.1,500.8,23363,257046,9.1,35
2026-04-16 17:16:53,16.0,4150,40960,10.1,505.8,23364,257046,9.1,35
2026-04-16 17:17:03,21.0,4150,40960,10.1,508.0,23364,257046,9.1,36
2026-04-16 17:17:13,13.0,4150,40960,10.1,509.1,23363,257046,9.1,36
2026-04-16 17:17:23,12.0,4150,40960,10.1,498.0,23363,257046,9.1,36
2026-04-16 17:17:33,15.0,4150,40960,10.1,500.9,23363,257046,9.1,36
2026-04-16 17:17:44,13.0,4150,40960,10.1,501.8,23363,257046,9.1,36
2026-04-16 17:17:54,14.0,4150,40960,10.1,509.4,23366,257046,9.1,36
2026-04-16 17:18:04,17.0,4150,40960,10.1,506.2,23366,257046,9.1,36
2026-04-16 17:18:14,13.0,4150,40960,10.1,502.7,23365,257046,9.1,36
2026-04-16 17:18:24,22.0,4150,40960,10.1,504.1,23365,257046,9.1,36
2026-04-16 17:18:34,20.0,4150,40960,10.1,505.7,23366,257046,9.1,36
2026-04-16 17:18:44,19.0,4150,40960,10.1,505.3,23366,257046,9.1,36
2026-04-16 17:18:54,16.0,4150,40960,10.1,509.8,23365,257046,9.1,36
2026-04-16 17:19:05,19.0,4150,40960,10.1,504.3,23365,257046,9.1,36
2026-04-16 17:19:15,20.0,4150,40960,10.1,506.3,23365,257046,9.1,36
2026-04-16 17:19:25,19.0,4150,40960,10.1,507.3,23366,257046,9.1,36
2026-04-16 17:19:35,20.0,4150,40960,10.1,506.2,23365,257046,9.1,36
2026-04-16 17:19:45,19.0,4150,40960,10.1,505.2,23366,257046,9.1,36
2026-04-16 17:19:55,17.0,4150,40960,10.1,504.6,23365,257046,9.1,36
2026-04-16 17:20:05,17.0,4150,40960,10.1,506.4,23366,257046,9.1,36
2026-04-16 17:20:15,14.0,4150,40960,10.1,506.0,23366,257046,9.1,36
2026-04-16 17:20:26,17.0,4150,40960,10.1,506.0,23368,257046,9.1,36
2026-04-16 17:20:36,21.0,4150,40960,10.1,512.0,23367,257046,9.1,36
2026-04-16 17:20:46,19.0,4150,40960,10.1,507.9,23367,257046,9.1,37
2026-04-16 17:20:56,16.0,4150,40960,10.1,508.2,23367,257046,9.1,36
2026-04-16 17:21:06,18.0,4150,40960,10.1,505.4,23367,257046,9.1,36
2026-04-16 17:21:16,13.0,4150,40960,10.1,507.0,23373,257046,9.1,36
2026-04-16 17:21:26,14.0,4150,40960,10.1,508.8,23374,257046,9.1,36
2026-04-16 17:21:36,17.0,4150,40960,10.1,508.9,23375,257046,9.1,36
2026-04-16 17:21:47,18.0,4150,40960,10.1,503.8,23375,257046,9.1,36
2026-04-16 17:21:57,13.0,4150,40960,10.1,506.4,23374,257046,9.1,36
2026-04-16 17:22:07,16.0,4150,40960,10.1,507.1,23374,257046,9.1,37
2026-04-16 17:22:17,18.0,4150,40960,10.1,507.2,23374,257046,9.1,37
2026-04-16 17:22:27,21.0,4150,40960,10.1,505.6,23377,257046,9.1,36
2026-04-16 17:22:37,12.0,4150,40960,10.1,506.3,23377,257046,9.1,36
2026-04-16 17:22:47,15.0,4150,40960,10.1,507.6,23379,257046,9.1,37
2026-04-16 17:22:57,12.0,4150,40960,10.1,510.3,23380,257046,9.1,36
2026-04-16 17:23:07,17.0,4150,40960,10.1,506.0,23381,257046,9.1,36
2026-04-16 17:23:18,12.0,4150,40960,10.1,507.9,23380,257046,9.1,36
2026-04-16 17:23:28,19.0,4150,40960,10.1,507.0,23380,257046,9.1,37
2026-04-16 17:23:38,13.0,4150,40960,10.1,504.3,23380,257046,9.1,36
2026-04-16 17:23:48,21.0,4150,40960,10.1,503.1,23380,257046,9.1,37
2026-04-16 17:23:58,16.0,4150,40960,10.1,504.9,23380,257046,9.1,37
2026-04-16 17:24:08,18.0,4150,40960,10.1,503.4,23380,257046,9.1,36
2026-04-16 17:24:18,12.0,4150,40960,10.1,504.3,23381,257046,9.1,37
2026-04-16 17:24:29,15.0,4150,40960,10.1,509.1,23381,257046,9.1,37
2026-04-16 17:24:39,14.0,4150,40960,10.1,505.8,23381,257046,9.1,37
2026-04-16 17:24:49,19.0,4150,40960,10.1,499.7,23381,257046,9.1,37
2026-04-16 17:24:59,15.0,4150,40960,10.1,505.1,23381,257046,9.1,37
2026-04-16 17:25:09,21.0,4150,40960,10.1,507.6,23381,257046,9.1,37
2026-04-16 17:25:19,17.0,4150,40960,10.1,507.2,23381,257046,9.1,37
2026-04-16 17:25:29,18.0,4150,40960,10.1,504.5,23381,257046,9.1,37
2026-04-16 17:25:39,15.0,4150,40960,10.1,505.0,23381,257046,9.1,37
2026-04-16 17:25:50,16.0,4150,40960,10.1,508.1,23381,257046,9.1,37
2026-04-16 17:26:00,19.0,4150,40960,10.1,505.1,23381,257046,9.1,37
2026-04-16 17:26:10,20.0,4150,40960,10.1,505.7,23381,257046,9.1,37
2026-04-16 17:26:20,20.0,4150,40960,10.1,502.4,23381,257046,9.1,37
2026-04-16 17:26:30,15.0,4150,40960,10.1,506.5,23381,257046,9.1,37
2026-04-16 17:26:40,15.0,4150,40960,10.1,501.8,23381,257046,9.1,37
2026-04-16 17:26:50,16.0,4150,40960,10.1,508.5,23381,257046,9.1,37
2026-04-16 17:27:00,14.0,4150,40960,10.1,504.1,23381,257046,9.1,37
2026-04-16 17:27:10,19.0,4150,40960,10.1,504.5,23381,257046,9.1,37
2026-04-16 17:27:21,14.0,4150,40960,10.1,501.9,23381,257046,9.1,37
2026-04-16 17:27:31,19.0,4150,40960,10.1,505.4,23380,257046,9.1,37
2026-04-16 17:27:41,18.0,4150,40960,10.1,504.0,23380,257046,9.1,37
2026-04-16 17:27:51,16.0,4150,40960,10.1,506.6,23381,257046,9.1,37
2026-04-16 17:28:01,18.0,4150,40960,10.1,507.5,23381,257046,9.1,37
2026-04-16 17:28:11,18.0,4150,40960,10.1,503.2,23380,257046,9.1,37
2026-04-16 17:28:21,15.0,4150,40960,10.1,504.9,23380,257046,9.1,37
2026-04-16 17:28:31,24.0,4150,40960,10.1,503.6,23380,257046,9.1,37
2026-04-16 17:28:41,19.0,4150,40960,10.1,503.5,23380,257046,9.1,37
2026-04-16 17:28:52,12.0,4150,40960,10.1,504.0,23380,257046,9.1,36
2026-04-16 17:29:02,18.0,4150,40960,10.1,503.3,23380,257046,9.1,37
2026-04-16 17:29:12,14.0,4150,40960,10.1,509.0,23380,257046,9.1,37
2026-04-16 17:29:22,16.0,4150,40960,10.1,505.2,23380,257046,9.1,37
2026-04-16 17:29:32,20.0,4150,40960,10.1,506.4,23380,257046,9.1,37
2026-04-16 17:29:42,18.0,4150,40960,10.1,510.6,23380,257046,9.1,37
2026-04-16 17:29:52,15.0,4150,40960,10.1,503.5,23380,257046,9.1,37
2026-04-16 17:30:02,14.0,4150,40960,10.1,507.1,23380,257046,9.1,37
2026-04-16 17:30:13,13.0,4150,40960,10.1,500.9,23381,257046,9.1,37
2026-04-16 17:30:23,17.0,4150,40960,10.1,505.5,23380,257046,9.1,37
2026-04-16 17:30:33,18.0,4150,40960,10.1,503.1,23381,257046,9.1,37
2026-04-16 17:30:43,14.0,4150,40960,10.1,503.1,23381,257046,9.1,37
2026-04-16 17:30:53,18.0,4150,40960,10.1,505.2,23381,257046,9.1,37
2026-04-16 17:31:03,17.0,4150,40960,10.1,503.5,23380,257046,9.1,37
2026-04-16 17:31:13,15.0,4150,40960,10.1,501.8,23380,257046,9.1,37
2026-04-16 17:31:23,13.0,4150,40960,10.1,504.6,23380,257046,9.1,37
2026-04-16 17:31:34,16.0,4150,40960,10.1,507.3,23380,257046,9.1,37
2026-04-16 17:31:44,20.0,4150,40960,10.1,503.5,23380,257046,9.1,37
2026-04-16 17:31:54,19.0,4150,40960,10.1,504.0,23380,257046,9.1,37
2026-04-16 17:32:04,20.0,4150,40960,10.1,504.8,23380,257046,9.1,37
2026-04-16 17:32:14,17.0,4150,40960,10.1,505.9,23380,257046,9.1,37
2026-04-16 17:32:24,21.0,4150,40960,10.1,504.7,23383,257046,9.1,37
2026-04-16 17:32:34,16.0,4150,40960,10.1,504.3,23384,257046,9.1,37
2026-04-16 17:32:44,17.0,4150,40960,10.1,504.8,23384,257046,9.1,37
2026-04-16 17:32:55,11.0,4150,40960,10.1,506.1,23385,257046,9.1,37
2026-04-16 17:33:05,17.0,4150,40960,10.1,504.7,23385,257046,9.1,37
2026-04-16 17:33:15,17.0,4150,40960,10.1,504.2,23385,257046,9.1,37
2026-04-16 17:33:25,14.0,4150,40960,10.1,503.6,23385,257046,9.1,37
2026-04-16 17:33:35,15.0,4150,40960,10.1,505.5,23384,257046,9.1,37
2026-04-16 17:33:45,14.0,4150,40960,10.1,505.2,23385,257046,9.1,37
2026-04-16 17:33:55,14.0,4150,40960,10.1,503.5,23385,257046,9.1,37
2026-04-16 17:34:05,17.0,4150,40960,10.1,504.2,23385,257046,9.1,37
2026-04-16 17:34:15,15.0,4150,40960,10.1,505.2,23386,257046,9.1,37
2026-04-16 17:34:26,15.0,4150,40960,10.1,503.3,23386,257046,9.1,37
2026-04-16 17:34:36,15.0,4150,40960,10.1,506.2,23386,257046,9.1,37
2026-04-16 17:34:46,20.0,4150,40960,10.1,506.8,23386,257046,9.1,37
2026-04-16 17:34:56,15.0,4150,40960,10.1,509.2,23386,257046,9.1,37
2026-04-16 17:35:06,16.0,4150,40960,10.1,504.1,23386,257046,9.1,37
2026-04-16 17:35:16,17.0,4150,40960,10.1,504.2,23385,257046,9.1,37
2026-04-16 17:35:26,21.0,4150,40960,10.1,503.7,23385,257046,9.1,37
2026-04-16 17:35:36,15.0,4150,40960,10.1,507.6,23385,257046,9.1,37
2026-04-16 17:35:47,16.0,4150,40960,10.1,505.7,23385,257046,9.1,37
2026-04-16 17:35:57,16.0,4150,40960,10.1,507.4,23385,257046,9.1,37
2026-04-16 17:36:07,15.0,4150,40960,10.1,506.4,23385,257046,9.1,37
2026-04-16 17:36:17,17.0,4150,40960,10.1,506.2,23385,257046,9.1,37
2026-04-16 17:36:27,15.0,4150,40960,10.1,505.3,23385,257046,9.1,37
2026-04-16 17:36:37,18.0,4150,40960,10.1,506.3,23385,257046,9.1,37
2026-04-16 17:36:47,18.0,4150,40960,10.1,504.5,23385,257046,9.1,37
2026-04-16 17:36:57,14.0,4150,40960,10.1,507.6,23385,257046,9.1,37
2026-04-16 17:37:08,23.0,4150,40960,10.1,504.9,23385,257046,9.1,37
2026-04-16 17:37:18,14.0,4150,40960,10.1,506.0,23386,257046,9.1,37
2026-04-16 17:37:28,15.0,4150,40960,10.1,500.1,23386,257046,9.1,37
2026-04-16 17:37:38,14.0,4150,40960,10.1,505.7,23385,257046,9.1,37
2026-04-16 17:37:48,14.0,4150,40960,10.1,507.7,23385,257046,9.1,37
2026-04-16 17:37:58,18.0,4150,40960,10.1,505.0,23385,257046,9.1,37
2026-04-16 17:38:08,17.0,4150,40960,10.1,504.7,23385,257046,9.1,37
2026-04-16 17:38:18,13.0,4150,40960,10.1,504.9,23385,257046,9.1,37
2026-04-16 17:38:28,13.0,4150,40960,10.1,505.0,23385,257046,9.1,37
2026-04-16 17:38:39,13.0,4150,40960,10.1,506.1,23385,257046,9.1,37
2026-04-16 17:38:49,14.0,4150,40960,10.1,504.7,23385,257046,9.1,37
2026-04-16 17:38:59,15.0,4150,40960,10.1,506.3,23386,257046,9.1,37
2026-04-16 17:39:09,18.0,4150,40960,10.1,506.4,23385,257046,9.1,37
2026-04-16 17:39:19,20.0,4150,40960,10.1,506.6,23385,257046,9.1,37
2026-04-16 17:39:29,18.0,4150,40960,10.1,506.8,23386,257046,9.1,37
2026-04-16 17:39:39,17.0,4156,40960,10.1,-13241.3,23468,257046,9.1,37
2026-04-16 17:39:49,16.0,4156,40960,10.1,510.4,23468,257046,9.1,37
2026-04-16 17:39:59,16.0,4156,40960,10.1,509.1,23468,257046,9.1,37
2026-04-16 17:40:10,19.0,4156,40960,10.1,509.7,23468,257046,9.1,37
2026-04-16 17:40:20,16.0,4156,40960,10.1,512.2,23468,257046,9.1,37
2026-04-16 17:40:30,19.0,4156,40960,10.1,515.6,23468,257046,9.1,37
2026-04-16 17:40:40,19.0,4156,40960,10.1,509.9,23469,257046,9.1,37
2026-04-16 17:40:50,16.0,4156,40960,10.1,510.8,23468,257046,9.1,37
2026-04-16 17:41:00,18.0,4156,40960,10.1,511.7,23468,257046,9.1,37
2026-04-16 17:41:10,20.0,4156,40960,10.1,511.8,23468,257046,9.1,37
2026-04-16 17:41:20,9.0,4156,40960,10.1,-14360.2,23540,257046,9.2,36
2026-04-16 17:41:31,6.0,4156,40960,10.1,496.5,23540,257046,9.2,36
2026-04-16 17:41:41,11.0,4156,40960,10.1,495.5,23539,257046,9.2,36
2026-04-16 17:41:51,14.0,4156,40960,10.1,497.2,23539,257046,9.2,36
2026-04-16 17:42:01,11.0,4156,40960,10.1,502.4,23539,257046,9.2,36
2026-04-16 17:42:11,10.0,4156,40960,10.1,-944.4,23652,257046,9.2,36
2026-04-16 17:42:21,12.0,4156,40960,10.1,495.5,23651,257046,9.2,36
2026-04-16 17:42:31,10.0,4156,40960,10.1,496.3,23651,257046,9.2,36
2026-04-16 17:42:41,8.0,4156,40960,10.1,486.6,23652,257046,9.2,36
2026-04-16 17:42:52,11.0,4156,40960,10.1,493.8,23652,257046,9.2,36
2026-04-16 17:43:02,10.0,4156,40960,10.1,492.0,23652,257046,9.2,36
2026-04-16 17:43:12,9.0,4156,40960,10.1,493.4,23652,257046,9.2,36
2026-04-16 17:43:22,13.0,4156,40960,10.1,489.4,23652,257046,9.2,36
2026-04-16 17:43:32,10.0,4156,40960,10.1,492.1,23652,257046,9.2,36
2026-04-16 17:43:42,11.0,4156,40960,10.1,494.5,23653,257046,9.2,36
2026-04-16 17:43:52,20.0,4156,40960,10.1,-1049.7,23765,257046,9.2,36
2026-04-16 17:44:03,17.0,4156,40960,10.1,510.3,23765,257046,9.2,36
2026-04-16 17:44:13,18.0,4156,40960,10.1,510.5,23765,257046,9.2,36
2026-04-16 17:44:23,19.0,4156,40960,10.1,513.1,23765,257046,9.2,36
2026-04-16 17:44:33,16.0,4156,40960,10.1,507.4,23765,257046,9.2,37
2026-04-16 17:44:43,18.0,4156,40960,10.1,508.5,23765,257046,9.2,37
2026-04-16 17:44:53,20.0,4156,40960,10.1,511.1,23764,257046,9.2,37
2026-04-16 17:45:03,16.0,4156,40960,10.1,508.7,23764,257046,9.2,37
2026-04-16 17:45:13,18.0,4156,40960,10.1,516.9,23711,257046,9.2,37
2026-04-16 17:45:24,19.0,4156,40960,10.1,-16629.6,23878,257046,9.3,37
2026-04-16 17:45:34,16.0,4156,40960,10.1,517.2,23878,257046,9.3,37
2026-04-16 17:45:44,15.0,4156,40960,10.1,516.3,23878,257046,9.3,37
2026-04-16 17:45:54,16.0,4156,40960,10.1,519.3,23878,257046,9.3,37
2026-04-16 17:46:04,17.0,4156,40960,10.1,514.0,23879,257046,9.3,37
2026-04-16 17:46:14,18.0,4156,40960,10.1,516.6,23879,257046,9.3,37
2026-04-16 17:46:24,17.0,4156,40960,10.1,520.1,23880,257046,9.3,37
2026-04-16 17:46:34,14.0,4236,40960,10.3,-17571.9,24039,257046,9.4,37
2026-04-16 17:46:44,16.0,4236,40960,10.3,515.9,24039,257046,9.4,37
2026-04-16 17:46:55,16.0,4236,40960,10.3,516.0,24040,257046,9.4,37
2026-04-16 17:47:05,16.0,4236,40960,10.3,511.4,24040,257046,9.4,37
2026-04-16 17:47:15,12.0,4236,40960,10.3,515.7,24040,257046,9.4,37
2026-04-16 17:47:25,14.0,4236,40960,10.3,515.9,24041,257046,9.4,37
2026-04-16 17:47:35,19.0,4236,40960,10.3,515.0,24040,257046,9.4,37
2026-04-16 17:47:45,17.0,4236,40960,10.3,516.2,24041,257046,9.4,37
2026-04-16 17:47:55,13.0,4236,40960,10.3,-1002.0,24112,257046,9.4,37
2026-04-16 17:48:05,15.0,4236,40960,10.3,512.3,24112,257046,9.4,37
2026-04-16 17:48:16,13.0,4236,40960,10.3,505.2,24112,257046,9.4,37
2026-04-16 17:48:26,14.0,4236,40960,10.3,504.8,24112,257046,9.4,37
2026-04-16 17:48:36,15.0,4236,40960,10.3,505.8,24112,257046,9.4,37
2026-04-16 17:48:46,11.0,4236,40960,10.3,505.9,24112,257046,9.4,37
2026-04-16 17:48:56,16.0,4236,40960,10.3,509.5,24112,257046,9.4,37
2026-04-16 17:49:06,16.0,4236,40960,10.3,-1014.8,24183,257046,9.4,37
2026-04-16 17:49:16,17.0,4236,40960,10.3,512.7,24183,257046,9.4,37
2026-04-16 17:49:26,19.0,4236,40960,10.3,506.5,24183,257046,9.4,37
2026-04-16 17:49:37,15.0,4236,40960,10.3,506.2,24182,257046,9.4,37
2026-04-16 17:49:47,19.0,4236,40960,10.3,510.2,24183,257046,9.4,37
2026-04-16 17:49:57,16.0,4236,40960,10.3,514.1,24183,257046,9.4,37
2026-04-16 17:50:07,23.0,4236,40960,10.3,515.5,24183,257046,9.4,37
2026-04-16 17:50:17,14.0,4236,40960,10.3,515.0,24183,257046,9.4,37
2026-04-16 17:50:27,19.0,4236,40960,10.3,512.2,24183,257046,9.4,37
2026-04-16 17:50:37,14.0,4236,40960,10.3,508.3,24183,257046,9.4,37
2026-04-16 17:50:47,21.0,4236,40960,10.3,508.8,24183,257046,9.4,37
2026-04-16 17:50:57,18.0,4236,40960,10.3,513.2,24183,257046,9.4,37
2026-04-16 17:51:08,21.0,4236,40960,10.3,515.0,24182,257046,9.4,37
2026-04-16 17:51:18,20.0,4236,40960,10.3,512.1,24183,257046,9.4,37
2026-04-16 17:51:28,14.0,4236,40960,10.3,513.7,24183,257046,9.4,37
2026-04-16 17:51:38,17.0,4236,40960,10.3,510.4,24183,257046,9.4,37
2026-04-16 17:51:48,19.0,4236,40960,10.3,508.9,24183,257046,9.4,37
2026-04-16 17:51:58,18.0,4236,40960,10.3,506.6,24184,257046,9.4,37
2026-04-16 17:52:08,19.0,4236,40960,10.3,508.1,24184,257046,9.4,37
2026-04-16 17:52:18,19.0,4236,40960,10.3,504.7,24184,257046,9.4,37
2026-04-16 17:52:28,21.0,4236,40960,10.3,509.8,24184,257046,9.4,37
2026-04-16 17:52:39,15.0,4236,40960,10.3,508.0,24184,257046,9.4,37
2026-04-16 17:52:49,16.0,4236,40960,10.3,508.7,24184,257046,9.4,37
2026-04-16 17:52:59,17.0,4236,40960,10.3,511.4,24184,257046,9.4,37
2026-04-16 17:53:09,20.0,4236,40960,10.3,510.1,24184,257046,9.4,37
2026-04-16 17:53:19,18.0,4236,40960,10.3,508.1,24184,257046,9.4,37
2026-04-16 17:53:29,21.0,4236,40960,10.3,511.4,24184,257046,9.4,37
2026-04-16 17:53:39,21.0,4236,40960,10.3,511.5,24185,257046,9.4,37
2026-04-16 17:53:49,20.0,4236,40960,10.3,508.4,24184,257046,9.4,37
2026-04-16 17:54:00,20.0,4236,40960,10.3,512.4,24185,257046,9.4,37
2026-04-16 17:54:10,14.0,4236,40960,10.3,511.6,24185,257046,9.4,37
2026-04-16 17:54:20,18.0,4236,40960,10.3,513.0,24185,257046,9.4,37
2026-04-16 17:54:30,21.0,4236,40960,10.3,506.5,24185,257046,9.4,37
2026-04-16 17:54:40,20.0,4236,40960,10.3,507.6,24185,257046,9.4,37
2026-04-16 17:54:50,18.0,4236,40960,10.3,511.3,24185,257046,9.4,37
2026-04-16 17:55:00,18.0,4236,40960,10.3,509.6,24184,257046,9.4,37
2026-04-16 17:55:10,15.0,4236,40960,10.3,506.5,24184,257046,9.4,37
2026-04-16 17:55:21,15.0,4236,40960,10.3,504.2,24184,257046,9.4,37
2026-04-16 17:55:31,14.0,4236,40960,10.3,506.8,24184,257046,9.4,37
2026-04-16 17:55:41,20.0,4236,40960,10.3,508.2,24184,257046,9.4,37
2026-04-16 17:55:51,16.0,4236,40960,10.3,510.4,24184,257046,9.4,37
2026-04-16 17:56:01,15.0,4236,40960,10.3,504.9,24185,257046,9.4,37
2026-04-16 17:56:11,18.0,4236,40960,10.3,511.3,24185,257046,9.4,37
2026-04-16 17:56:21,16.0,4236,40960,10.3,511.5,24185,257046,9.4,37
2026-04-16 17:56:31,17.0,4236,40960,10.3,509.8,24184,257046,9.4,37
2026-04-16 17:56:41,16.0,4236,40960,10.3,509.7,24185,257046,9.4,37
2026-04-16 17:56:52,21.0,4236,40960,10.3,510.5,24184,257046,9.4,37
2026-04-16 17:57:02,21.0,4236,40960,10.3,513.7,24184,257046,9.4,37
2026-04-16 17:57:12,17.0,4236,40960,10.3,512.7,24184,257046,9.4,37
2026-04-16 17:57:22,20.0,4236,40960,10.3,503.8,24184,257046,9.4,37
2026-04-16 17:57:32,15.0,4236,40960,10.3,504.8,24184,257046,9.4,37
2026-04-16 17:57:42,18.0,4236,40960,10.3,510.9,24184,257046,9.4,37
2026-04-16 17:57:52,15.0,4236,40960,10.3,511.9,24184,257046,9.4,37
2026-04-16 17:58:02,17.0,4236,40960,10.3,511.2,24184,257046,9.4,37
2026-04-16 17:58:13,16.0,4236,40960,10.3,507.5,24184,257046,9.4,37
2026-04-16 17:58:23,16.0,4236,40960,10.3,512.1,24184,257046,9.4,37
2026-04-16 17:58:33,17.0,4236,40960,10.3,509.7,24184,257046,9.4,37
2026-04-16 17:58:43,19.0,4236,40960,10.3,508.2,24184,257046,9.4,37
2026-04-16 17:58:53,23.0,4236,40960,10.3,508.0,24184,257046,9.4,37
2026-04-16 17:59:03,17.0,4236,40960,10.3,509.6,24184,257046,9.4,37
2026-04-16 17:59:13,16.0,4236,40960,10.3,510.8,24184,257046,9.4,37
2026-04-16 17:59:23,18.0,4236,40960,10.3,510.5,24184,257046,9.4,37
2026-04-16 17:59:34,15.0,4236,40960,10.3,506.4,24184,257046,9.4,37
2026-04-16 17:59:44,17.0,4236,40960,10.3,509.1,24184,257046,9.4,37
2026-04-16 17:59:54,20.0,4236,40960,10.3,509.0,24183,257046,9.4,37
2026-04-16 18:00:04,16.0,4236,40960,10.3,505.8,24183,257046,9.4,37
2026-04-16 18:00:14,18.0,4236,40960,10.3,512.6,24183,257046,9.4,37
2026-04-16 18:00:24,20.0,4236,40960,10.3,513.0,24183,257046,9.4,37
2026-04-16 18:00:34,21.0,4236,40960,10.3,506.1,24183,257046,9.4,37
2026-04-16 18:00:44,19.0,4236,40960,10.3,506.2,24183,257046,9.4,37
2026-04-16 18:00:54,19.0,4236,40960,10.3,506.1,24184,257046,9.4,37
2026-04-16 18:01:05,15.0,4236,40960,10.3,504.4,24183,257046,9.4,37
2026-04-16 18:01:15,20.0,4236,40960,10.3,510.5,24183,257046,9.4,37
2026-04-16 18:01:25,17.0,4236,40960,10.3,505.9,24184,257046,9.4,37
2026-04-16 18:01:35,18.0,4236,40960,10.3,508.2,24184,257046,9.4,37
2026-04-16 18:01:45,17.0,4236,40960,10.3,504.3,24184,257046,9.4,37
2026-04-16 18:01:55,17.0,4236,40960,10.3,512.7,24183,257046,9.4,37
2026-04-16 18:02:05,21.0,4236,40960,10.3,507.7,24184,257046,9.4,37
2026-04-16 18:02:15,22.0,4236,40960,10.3,507.9,24184,257046,9.4,37
2026-04-16 18:02:26,17.0,4236,40960,10.3,510.1,24185,257046,9.4,37
2026-04-16 18:02:36,18.0,4236,40960,10.3,505.1,24185,257046,9.4,37
2026-04-16 18:02:46,15.0,4236,40960,10.3,510.3,24186,257046,9.4,37
2026-04-16 18:02:56,17.0,4236,40960,10.3,511.8,24185,257046,9.4,37
2026-04-16 18:03:06,22.0,4236,40960,10.3,509.3,24186,257046,9.4,37
2026-04-16 18:03:16,19.0,4236,40960,10.3,510.3,24185,257046,9.4,37
2026-04-16 18:03:26,17.0,4236,40960,10.3,509.0,24185,257046,9.4,37
2026-04-16 18:03:36,15.0,4236,40960,10.3,504.2,24185,257046,9.4,37
2026-04-16 18:03:47,17.0,4236,40960,10.3,-12311.4,24079,257046,9.4,37
2026-04-16 18:03:57,19.0,4236,40960,10.3,515.0,24079,257046,9.4,37
2026-04-16 18:04:07,18.0,4236,40960,10.3,513.3,24079,257046,9.4,37
2026-04-16 18:04:17,16.0,4236,40960,10.3,509.6,24081,257046,9.4,37
2026-04-16 18:04:27,17.0,4236,40960,10.3,511.5,24081,257046,9.4,37
2026-04-16 18:04:37,15.0,4236,40960,10.3,516.6,24081,257046,9.4,37
2026-04-16 18:04:47,13.0,4236,40960,10.3,509.2,24081,257046,9.4,37
2026-04-16 18:04:57,14.0,4236,40960,10.3,512.7,24081,257046,9.4,37
2026-04-16 18:05:07,16.0,4236,40960,10.3,508.4,24081,257046,9.4,37
2026-04-16 18:05:18,14.0,4236,40960,10.3,511.7,24080,257046,9.4,37
2026-04-16 18:05:28,15.0,4236,40960,10.3,512.7,24080,257046,9.4,37
2026-04-16 18:05:38,3.0,4236,40960,10.3,-12535.1,23975,257046,9.3,36
2026-04-16 18:05:48,8.0,4236,40960,10.3,499.2,23974,257046,9.3,36
2026-04-16 18:05:58,10.0,4236,40960,10.3,494.5,23974,257046,9.3,36
2026-04-16 18:06:08,11.0,4236,40960,10.3,493.2,23974,257046,9.3,36
2026-04-16 18:06:18,10.0,4236,40960,10.3,-1048.4,24081,257046,9.4,36
2026-04-16 18:06:28,11.0,4236,40960,10.3,490.3,24081,257046,9.4,36
2026-04-16 18:06:38,7.0,4236,40960,10.3,489.2,24081,257046,9.4,36
2026-04-16 18:06:49,7.0,4236,40960,10.3,490.7,24081,257046,9.4,36
2026-04-16 18:06:59,11.0,4236,40960,10.3,490.2,24081,257046,9.4,36
2026-04-16 18:07:09,10.0,4236,40960,10.3,490.6,24081,257046,9.4,36
2026-04-16 18:07:19,10.0,4236,40960,10.3,491.4,24081,257046,9.4,36
2026-04-16 18:07:29,9.0,4236,40960,10.3,494.7,24080,257046,9.4,36
2026-04-16 18:07:39,12.0,4236,40960,10.3,490.9,24080,257046,9.4,36
2026-04-16 18:07:49,8.0,4236,40960,10.3,490.3,24081,257046,9.4,36
2026-04-16 18:07:59,6.0,4236,40960,10.3,488.1,24081,257046,9.4,36
2026-04-16 18:08:09,9.0,4236,40960,10.3,492.8,24081,257046,9.4,36
2026-04-16 18:08:20,14.0,4236,40960,10.3,-1023.9,24188,257046,9.4,36
2026-04-16 18:08:30,16.0,4236,40960,10.3,501.7,24188,257046,9.4,36
2026-04-16 18:08:40,19.0,4236,40960,10.3,507.4,24187,257046,9.4,36
2026-04-16 18:08:50,16.0,4236,40960,10.3,501.8,24187,257046,9.4,36
2026-04-16 18:09:00,17.0,4236,40960,10.3,500.8,24187,257046,9.4,36
2026-04-16 18:09:10,19.0,4236,40960,10.3,503.0,24187,257046,9.4,36
2026-04-16 18:09:20,15.0,4236,40960,10.3,504.0,24187,257046,9.4,36
2026-04-16 18:09:30,16.0,4236,40960,10.3,501.8,24187,257046,9.4,36
2026-04-16 18:09:41,15.0,4236,40960,10.3,504.8,24187,257046,9.4,36
2026-04-16 18:09:51,16.0,4236,40960,10.3,504.2,24187,257046,9.4,36
2026-04-16 18:10:01,20.0,4236,40960,10.3,503.8,24187,257046,9.4,36
2026-04-16 18:10:11,18.0,4236,40960,10.3,503.7,24187,257046,9.4,36
2026-04-16 18:10:21,16.0,4236,40960,10.3,504.2,24187,257046,9.4,36
2026-04-16 18:10:31,20.0,4236,40960,10.3,505.3,24187,257046,9.4,37
2026-04-16 18:10:41,15.0,4236,40960,10.3,504.0,24187,257046,9.4,37
2026-04-16 18:10:51,20.0,4236,40960,10.3,503.2,24187,257046,9.4,37
2026-04-16 18:11:01,21.0,4236,40960,10.3,503.1,24186,257046,9.4,36
2026-04-16 18:11:12,16.0,4236,40960,10.3,501.3,24187,257046,9.4,37
2026-04-16 18:11:22,18.0,4236,40960,10.3,504.4,24187,257046,9.4,37
2026-04-16 18:11:32,13.0,4236,40960,10.3,502.6,24187,257046,9.4,37
2026-04-16 18:11:42,21.0,4236,40960,10.3,501.3,24187,257046,9.4,37
2026-04-16 18:11:52,20.0,4236,40960,10.3,507.0,24187,257046,9.4,37
2026-04-16 18:12:02,23.0,4236,40960,10.3,504.2,24187,257046,9.4,37
2026-04-16 18:12:12,18.0,4236,40960,10.3,501.0,24187,257046,9.4,37
2026-04-16 18:12:22,14.0,4236,40960,10.3,499.7,24187,257046,9.4,37
2026-04-16 18:12:33,19.0,4236,40960,10.3,502.9,24187,257046,9.4,37
2026-04-16 18:12:43,22.0,4236,40960,10.3,505.4,24187,257046,9.4,37
2026-04-16 18:12:53,16.0,4236,40960,10.3,502.0,24188,257046,9.4,37
2026-04-16 18:13:03,15.0,4236,40960,10.3,504.1,24187,257046,9.4,37
2026-04-16 18:13:13,19.0,4236,40960,10.3,500.8,24187,257046,9.4,37
2026-04-16 18:13:23,14.0,4236,40960,10.3,502.1,24187,257046,9.4,37
2026-04-16 18:13:33,15.0,4236,40960,10.3,501.2,24186,257046,9.4,37
2026-04-16 18:13:43,18.0,4236,40960,10.3,504.1,24186,257046,9.4,37
2026-04-16 18:13:53,16.0,4236,40960,10.3,500.3,24187,257046,9.4,37
2026-04-16 18:14:04,18.0,4236,40960,10.3,502.0,24187,257046,9.4,37
2026-04-16 18:14:14,16.0,4236,40960,10.3,502.0,24187,257046,9.4,37
2026-04-16 18:14:24,14.0,4236,40960,10.3,503.4,24188,257046,9.4,37
2026-04-16 18:14:34,13.0,4236,40960,10.3,503.6,24187,257046,9.4,37
2026-04-16 18:14:44,18.0,4236,40960,10.3,502.3,24187,257046,9.4,37
2026-04-16 18:14:54,16.0,4236,40960,10.3,501.9,24187,257046,9.4,37
2026-04-16 18:15:04,14.0,4236,40960,10.3,501.0,24187,257046,9.4,37
2026-04-16 18:15:14,13.0,4236,40960,10.3,499.2,24188,257046,9.4,37
2026-04-16 18:15:25,19.0,4236,40960,10.3,502.5,24188,257046,9.4,37
2026-04-16 18:15:35,15.0,4236,40960,10.3,502.6,24188,257046,9.4,37
2026-04-16 18:15:45,21.0,4236,40960,10.3,-15974.4,22886,257046,8.9,37
2026-04-16 18:15:55,15.0,4236,40960,10.3,518.1,24118,257046,9.4,37
2026-04-16 18:16:05,14.0,4236,40960,10.3,507.9,24118,257046,9.4,37
2026-04-16 18:16:15,13.0,4236,40960,10.3,503.2,24118,257046,9.4,37
2026-04-16 18:16:25,18.0,4236,40960,10.3,506.8,24117,257046,9.4,37
2026-04-16 18:16:35,21.0,4236,40960,10.3,508.7,24118,257046,9.4,37
2026-04-16 18:16:45,11.0,4236,40960,10.3,511.1,24117,257046,9.4,37
2026-04-16 18:16:56,16.0,4236,40960,10.3,509.1,24118,257046,9.4,37
2026-04-16 18:17:06,19.0,4236,40960,10.3,510.1,24118,257046,9.4,37
2026-04-16 18:17:16,17.0,4236,40960,10.3,506.7,24118,257046,9.4,37
2026-04-16 18:17:26,17.0,4236,40960,10.3,508.6,24118,257046,9.4,37
2026-04-16 18:17:36,15.0,4236,40960,10.3,507.9,24118,257046,9.4,37
2026-04-16 18:17:46,15.0,4236,40960,10.3,507.4,24118,257046,9.4,37
2026-04-16 18:17:56,20.0,4236,40960,10.3,508.2,24118,257046,9.4,37
2026-04-16 18:18:06,18.0,4236,40960,10.3,-863.2,24207,257046,9.4,37
2026-04-16 18:18:16,17.0,4236,40960,10.3,-16756.9,24139,257046,9.4,37
2026-04-16 18:18:27,16.0,4236,40960,10.3,499.9,24139,257046,9.4,37
2026-04-16 18:18:37,13.0,4236,40960,10.3,499.7,24139,257046,9.4,36
2026-04-16 18:18:47,13.0,4236,40960,10.3,499.8,24139,257046,9.4,36
2026-04-16 18:18:57,11.0,4236,40960,10.3,497.6,24139,257046,9.4,37
2026-04-16 18:19:07,13.0,4236,40960,10.3,501.9,24139,257046,9.4,37
2026-04-16 18:19:17,14.0,4236,40960,10.3,495.5,24139,257046,9.4,36
2026-04-16 18:19:27,15.0,4236,40960,10.3,503.5,24140,257046,9.4,37
2026-04-16 18:19:37,11.0,4236,40960,10.3,498.7,24139,257046,9.4,37
2026-04-16 18:19:48,15.0,4236,40960,10.3,497.6,24139,257046,9.4,36
2026-04-16 18:19:58,16.0,4236,40960,10.3,495.9,24139,257046,9.4,36
2026-04-16 18:20:08,15.0,4236,40960,10.3,497.3,24139,257046,9.4,36
2026-04-16 18:20:18,15.0,4236,40960,10.3,500.0,24139,257046,9.4,37
2026-04-16 18:20:28,14.0,4236,40960,10.3,498.9,24139,257046,9.4,37
2026-04-16 18:20:38,10.0,4236,40960,10.3,496.5,24139,257046,9.4,36
2026-04-16 18:20:48,17.0,4236,40960,10.3,-1000.4,24209,257046,9.4,37
2026-04-16 18:20:58,22.0,4236,40960,10.3,503.4,24208,257046,9.4,36
2026-04-16 18:21:09,17.0,4236,40960,10.3,500.7,24208,257046,9.4,36
2026-04-16 18:21:19,13.0,4236,40960,10.3,498.3,24208,257046,9.4,36
2026-04-16 18:21:29,18.0,4236,40960,10.3,507.7,24209,257046,9.4,37
2026-04-16 18:21:39,18.0,4236,40960,10.3,506.2,24208,257046,9.4,37
2026-04-16 18:21:49,13.0,4236,40960,10.3,498.8,24208,257046,9.4,37
2026-04-16 18:21:59,16.0,4236,40960,10.3,505.1,24209,257046,9.4,37
2026-04-16 18:22:09,18.0,4236,40960,10.3,502.0,24209,257046,9.4,37
2026-04-16 18:22:19,16.0,4236,40960,10.3,505.9,24209,257046,9.4,37
2026-04-16 18:22:30,20.0,4236,40960,10.3,500.0,24209,257046,9.4,37
2026-04-16 18:22:40,22.0,4236,40960,10.3,502.0,24209,257046,9.4,37
2026-04-16 18:22:50,16.0,4236,40960,10.3,502.2,24209,257046,9.4,37
2026-04-16 18:23:00,16.0,4236,40960,10.3,501.3,24208,257046,9.4,37
2026-04-16 18:23:10,17.0,4236,40960,10.3,496.9,24208,257046,9.4,37
2026-04-16 18:23:20,20.0,4236,40960,10.3,502.3,24209,257046,9.4,37
2026-04-16 18:23:30,16.0,4236,40960,10.3,504.3,24209,257046,9.4,37
2026-04-16 18:23:40,22.0,4236,40960,10.3,504.2,24209,257046,9.4,37
2026-04-16 18:23:51,19.0,4236,40960,10.3,503.9,24209,257046,9.4,37
2026-04-16 18:24:01,23.0,4236,40960,10.3,502.6,24209,257046,9.4,37
2026-04-16 18:24:11,17.0,4236,40960,10.3,503.7,24209,257046,9.4,37
2026-04-16 18:24:21,20.0,4236,40960,10.3,504.6,24210,257046,9.4,37
2026-04-16 18:24:31,17.0,4236,40960,10.3,504.1,24210,257046,9.4,37
2026-04-16 18:24:41,18.0,4236,40960,10.3,502.8,24209,257046,9.4,37
2026-04-16 18:24:51,18.0,4236,40960,10.3,504.5,24209,257046,9.4,37
2026-04-16 18:25:01,19.0,4236,40960,10.3,500.5,24209,257046,9.4,37
2026-04-16 18:25:12,16.0,4236,40960,10.3,502.4,24209,257046,9.4,37
2026-04-16 18:25:22,17.0,4236,40960,10.3,504.9,24209,257046,9.4,37
2026-04-16 18:25:32,20.0,4236,40960,10.3,503.1,24208,257046,9.4,37
2026-04-16 18:25:42,14.0,4236,40960,10.3,502.5,24209,257046,9.4,37
2026-04-16 18:25:52,16.0,4236,40960,10.3,502.7,24209,257046,9.4,37
2026-04-16 18:26:02,18.0,4236,40960,10.3,503.4,24209,257046,9.4,37
2026-04-16 18:26:12,15.0,4236,40960,10.3,502.2,24209,257046,9.4,37
2026-04-16 18:26:22,14.0,4236,40960,10.3,500.1,24209,257046,9.4,37
2026-04-16 18:26:33,20.0,4236,40960,10.3,503.1,24209,257046,9.4,37
2026-04-16 18:26:43,15.0,4236,40960,10.3,502.2,24210,257046,9.4,37
2026-04-16 18:26:53,18.0,4236,40960,10.3,502.3,24209,257046,9.4,37
2026-04-16 18:27:03,19.0,4236,40960,10.3,506.4,24210,257046,9.4,37
2026-04-16 18:27:13,14.0,4236,40960,10.3,501.9,24210,257046,9.4,37
2026-04-16 18:27:23,17.0,4236,40960,10.3,505.7,24209,257046,9.4,37
2026-04-16 18:27:33,18.0,4236,40960,10.3,502.6,24210,257046,9.4,37
2026-04-16 18:27:43,17.0,4236,40960,10.3,501.5,24209,257046,9.4,37
2026-04-16 18:27:53,20.0,4236,40960,10.3,502.8,24209,257046,9.4,37
2026-04-16 18:28:04,16.0,4236,40960,10.3,-12342.3,24104,257046,9.4,37
2026-04-16 18:28:14,15.0,4236,40960,10.3,508.8,24103,257046,9.4,37
2026-04-16 18:28:24,17.0,4236,40960,10.3,507.9,24103,257046,9.4,37
2026-04-16 18:28:34,14.0,4236,40960,10.3,508.2,24103,257046,9.4,37
2026-04-16 18:28:44,16.0,4236,40960,10.3,504.8,24103,257046,9.4,36
2026-04-16 18:28:54,14.0,4236,40960,10.3,507.9,24103,257046,9.4,36
2026-04-16 18:29:04,17.0,4236,40960,10.3,505.7,24103,257046,9.4,37
2026-04-16 18:29:14,15.0,4236,40960,10.3,506.2,24103,257046,9.4,37
2026-04-16 18:29:25,16.0,4236,40960,10.3,507.3,24103,257046,9.4,36
2026-04-16 18:29:35,13.0,4236,40960,10.3,507.6,24103,257046,9.4,36
2026-04-16 18:29:45,17.0,4236,40960,10.3,504.0,24103,257046,9.4,37
2026-04-16 18:29:55,17.0,4236,40960,10.3,508.5,24103,257046,9.4,37
2026-04-16 18:30:05,14.0,4236,40960,10.3,506.9,24102,257046,9.4,36
2026-04-16 18:30:15,19.0,4236,40960,10.3,506.0,24102,257046,9.4,36
2026-04-16 18:30:25,14.0,4236,40960,10.3,509.8,24102,257046,9.4,36
2026-04-16 18:30:35,15.0,4236,40960,10.3,-1020.4,24209,257046,9.4,36
2026-04-16 18:30:46,20.0,4236,40960,10.3,506.0,24209,257046,9.4,36
2026-04-16 18:30:56,14.0,4236,40960,10.3,503.9,24210,257046,9.4,37
2026-04-16 18:31:06,21.0,4236,40960,10.3,501.9,24210,257046,9.4,36
2026-04-16 18:31:16,23.0,4236,40960,10.3,501.5,24209,257046,9.4,36
2026-04-16 18:31:26,15.0,4236,40960,10.3,498.8,24210,257046,9.4,36
2026-04-16 18:31:36,11.0,4236,40960,10.3,-13480.9,24104,257046,9.4,36
2026-04-16 18:31:46,12.0,4236,40960,10.3,488.5,24103,257046,9.4,36
2026-04-16 18:31:56,8.0,4236,40960,10.3,486.2,24103,257046,9.4,36
2026-04-16 18:32:06,7.0,4236,40960,10.3,487.9,24103,257046,9.4,36
2026-04-16 18:32:17,9.0,4236,40960,10.3,489.0,24103,257046,9.4,36
2026-04-16 18:32:27,10.0,4236,40960,10.3,490.8,24105,257046,9.4,36
2026-04-16 18:32:37,9.0,4236,40960,10.3,485.2,24105,257046,9.4,36
2026-04-16 18:32:47,11.0,4236,40960,10.3,490.6,24105,257046,9.4,36
2026-04-16 18:32:57,9.0,4236,40960,10.3,490.3,24105,257046,9.4,36
2026-04-16 18:33:07,11.0,4236,40960,10.3,489.3,24105,257046,9.4,36
2026-04-16 18:33:17,7.0,4236,40960,10.3,487.6,24105,257046,9.4,36
2026-04-16 18:33:27,13.0,4236,40960,10.3,487.5,24105,257046,9.4,36
2026-04-16 18:33:37,14.0,4236,40960,10.3,489.7,24105,257046,9.4,36
2026-04-16 18:33:48,9.0,4236,40960,10.3,492.8,24105,257046,9.4,36
2026-04-16 18:33:58,8.0,4236,40960,10.3,487.9,24105,257046,9.4,36
2026-04-16 18:34:08,17.0,4236,40960,10.3,-963.9,24212,257046,9.4,36
2026-04-16 18:34:18,16.0,4236,40960,10.3,497.6,24212,257046,9.4,36
2026-04-16 18:34:28,18.0,4236,40960,10.3,502.9,24212,257046,9.4,36
2026-04-16 18:34:38,15.0,4236,40960,10.3,500.3,24212,257046,9.4,36
2026-04-16 18:34:48,13.0,4236,40960,10.3,499.7,24212,257046,9.4,36
2026-04-16 18:34:58,16.0,4236,40960,10.3,499.4,24212,257046,9.4,36
2026-04-16 18:35:09,17.0,4236,40960,10.3,503.0,24212,257046,9.4,36
2026-04-16 18:35:19,13.0,4236,40960,10.3,500.1,24211,257046,9.4,36
2026-04-16 18:35:29,16.0,4236,40960,10.3,497.0,24211,257046,9.4,36
2026-04-16 18:35:39,17.0,4236,40960,10.3,505.7,24211,257046,9.4,36
2026-04-16 18:35:49,15.0,4236,40960,10.3,502.2,24211,257046,9.4,36
2026-04-16 18:35:59,17.0,4236,40960,10.3,502.0,24213,257046,9.4,37
2026-04-16 18:36:09,18.0,4236,40960,10.3,501.5,24213,257046,9.4,36
2026-04-16 18:36:19,18.0,4236,40960,10.3,502.1,24212,257046,9.4,36
2026-04-16 18:36:29,14.0,4236,40960,10.3,501.5,24213,257046,9.4,36
2026-04-16 18:36:40,22.0,4236,40960,10.3,500.9,24213,257046,9.4,37
2026-04-16 18:36:50,13.0,4236,40960,10.3,500.6,24213,257046,9.4,36
2026-04-16 18:37:00,19.0,4236,40960,10.3,499.8,24213,257046,9.4,36
2026-04-16 18:37:10,18.0,4236,40960,10.3,503.0,24214,257046,9.4,36
2026-04-16 18:37:20,18.0,4236,40960,10.3,500.3,24213,257046,9.4,37
2026-04-16 18:37:30,20.0,4236,40960,10.3,502.1,24213,257046,9.4,37
2026-04-16 18:37:40,17.0,4236,40960,10.3,502.0,24213,257046,9.4,37
2026-04-16 18:37:51,18.0,4236,40960,10.3,505.5,24213,257046,9.4,37
2026-04-16 18:38:01,19.0,4236,40960,10.3,498.8,24213,257046,9.4,36
2026-04-16 18:38:11,21.0,4236,40960,10.3,502.4,24213,257046,9.4,37
2026-04-16 18:38:21,14.0,4236,40960,10.3,501.3,24213,257046,9.4,37
2026-04-16 18:38:31,17.0,4236,40960,10.3,498.4,24212,257046,9.4,37
2026-04-16 18:38:41,17.0,4236,40960,10.3,500.5,24213,257046,9.4,37
2026-04-16 18:38:51,19.0,4236,40960,10.3,500.7,24212,257046,9.4,37
2026-04-16 18:39:01,18.0,4236,40960,10.3,498.8,24213,257046,9.4,37
2026-04-16 18:39:12,19.0,4236,40960,10.3,500.2,24213,257046,9.4,37
2026-04-16 18:39:22,19.0,4236,40960,10.3,498.3,24214,257046,9.4,37
2026-04-16 18:39:32,17.0,4236,40960,10.3,499.9,24214,257046,9.4,37
2026-04-16 18:39:42,14.0,4236,40960,10.3,501.5,24213,257046,9.4,36
2026-04-16 18:39:52,14.0,4236,40960,10.3,501.9,24213,257046,9.4,37
2026-04-16 18:40:02,21.0,4236,40960,10.3,503.4,24214,257046,9.4,37
2026-04-16 18:40:12,20.0,4236,40960,10.3,499.9,24213,257046,9.4,37
2026-04-16 18:40:22,12.0,4236,40960,10.3,498.9,24213,257046,9.4,37
2026-04-16 18:40:32,18.0,4236,40960,10.3,501.1,24214,257046,9.4,37
2026-04-16 18:40:43,21.0,4236,40960,10.3,500.6,24213,257046,9.4,37
2026-04-16 18:40:53,17.0,4236,40960,10.3,503.0,24213,257046,9.4,37
2026-04-16 18:41:03,19.0,4236,40960,10.3,504.5,24213,257046,9.4,37
2026-04-16 18:41:13,18.0,4236,40960,10.3,499.9,24212,257046,9.4,37
2026-04-16 18:41:23,14.0,4236,40960,10.3,499.9,24212,257046,9.4,37
2026-04-16 18:41:33,14.0,4236,40960,10.3,500.3,24213,257046,9.4,37
2026-04-16 18:41:43,17.0,4236,40960,10.3,502.5,24213,257046,9.4,37
2026-04-16 18:41:54,18.0,4236,40960,10.3,501.7,24212,257046,9.4,37
2026-04-16 18:42:04,17.0,4236,40960,10.3,503.3,24212,257046,9.4,37
2026-04-16 18:42:14,22.0,4236,40960,10.3,640.6,24242,257046,9.4,37
2026-04-16 18:42:24,19.0,4236,40960,10.3,504.3,24242,257046,9.4,37
2026-04-16 18:42:34,16.0,4236,40960,10.3,501.4,24241,257046,9.4,37
2026-04-16 18:42:44,16.0,4236,40960,10.3,503.0,24241,257046,9.4,37
2026-04-16 18:42:54,16.0,4236,40960,10.3,498.8,24241,257046,9.4,37
2026-04-16 18:43:04,17.0,4236,40960,10.3,498.3,24241,257046,9.4,37
2026-04-16 18:43:14,16.0,4236,40960,10.3,501.1,24242,257046,9.4,36
2026-04-16 18:43:25,13.0,4236,40960,10.3,500.2,24242,257046,9.4,37
2026-04-16 18:43:35,19.0,4236,40960,10.3,500.4,24241,257046,9.4,37
2026-04-16 18:43:45,19.0,4236,40960,10.3,503.3,24241,257046,9.4,37
2026-04-16 18:43:55,16.0,4236,40960,10.3,500.4,24241,257046,9.4,37
2026-04-16 18:44:05,15.0,4236,40960,10.3,506.1,24241,257046,9.4,37
2026-04-16 18:44:15,13.0,4236,40960,10.3,502.8,24241,257046,9.4,36
2026-04-16 18:44:25,18.0,4236,40960,10.3,500.7,24242,257046,9.4,37
2026-04-16 18:44:35,21.0,4236,40960,10.3,506.1,24241,257046,9.4,37
2026-04-16 18:44:46,15.0,4236,40960,10.3,500.8,24241,257046,9.4,37
2026-04-16 18:44:56,17.0,4236,40960,10.3,504.4,24241,257046,9.4,37
2026-04-16 18:45:06,13.0,4236,40960,10.3,503.2,24241,257046,9.4,37
2026-04-16 18:45:16,16.0,4236,40960,10.3,499.3,24241,257046,9.4,37
2026-04-16 18:45:26,19.0,4236,40960,10.3,504.2,24241,257046,9.4,37
2026-04-16 18:45:36,16.0,4236,40960,10.3,504.6,24241,257046,9.4,36
2026-04-16 18:45:46,14.0,4236,40960,10.3,-15836.6,24189,257046,9.4,36
2026-04-16 18:45:56,14.0,4236,40960,10.3,506.8,24187,257046,9.4,36
2026-04-16 18:46:06,17.0,4236,40960,10.3,508.2,24187,257046,9.4,37
2026-04-16 18:46:17,22.0,4236,40960,10.3,506.7,24187,257046,9.4,37
2026-04-16 18:46:27,15.0,4236,40960,10.3,512.5,24187,257046,9.4,37
2026-04-16 18:46:37,18.0,4236,40960,10.3,509.3,24188,257046,9.4,36
2026-04-16 18:46:47,18.0,4236,40960,10.3,505.6,24188,257046,9.4,36
2026-04-16 18:46:57,15.0,4236,40960,10.3,505.1,24187,257046,9.4,37
2026-04-16 18:47:07,18.0,4236,40960,10.3,506.6,24187,257046,9.4,36
2026-04-16 18:47:17,14.0,4236,40960,10.3,508.0,24187,257046,9.4,36
2026-04-16 18:47:27,19.0,4236,40960,10.3,509.9,24188,257046,9.4,36
2026-04-16 18:47:38,16.0,4236,40960,10.3,510.0,24188,257046,9.4,36
2026-04-16 18:47:48,19.0,4236,40960,10.3,505.9,24188,257046,9.4,37
2026-04-16 18:47:58,16.0,4236,40960,10.3,505.5,24188,257046,9.4,37
2026-04-16 18:48:08,17.0,4236,40960,10.3,508.0,24188,257046,9.4,36
2026-04-16 18:48:18,17.0,4236,40960,10.3,-1077.9,22943,257046,8.9,36
2026-04-16 18:48:28,17.0,3305,40960,8.1,-1399.4,22259,257046,8.7,36
2026-04-16 18:48:38,19.0,3305,40960,8.1,492.9,22571,257046,8.8,37
2026-04-16 18:48:48,22.0,5820,40960,14.2,510.0,23653,257046,9.2,37
2026-04-16 18:48:58,18.0,5820,40960,14.2,510.9,23653,257046,9.2,37
2026-04-16 18:49:09,19.0,5820,40960,14.2,515.2,23653,257046,9.2,37
2026-04-16 18:49:19,24.0,5820,40960,14.2,514.2,23653,257046,9.2,37
2026-04-16 18:49:29,25.0,5820,40960,14.2,513.1,23654,257046,9.2,37
2026-04-16 18:49:39,19.0,5820,40960,14.2,-16567.0,23585,257046,9.2,37
2026-04-16 18:49:49,16.0,5820,40960,14.2,513.6,23586,257046,9.2,37
2026-04-16 18:49:59,22.0,5820,40960,14.2,510.2,23586,257046,9.2,37
2026-04-16 18:50:09,20.0,5820,40960,14.2,512.6,23549,257046,9.2,37
2026-04-16 18:50:19,20.0,5820,40960,14.2,511.6,23549,257046,9.2,37
2026-04-16 18:50:30,19.0,5820,40960,14.2,510.4,23476,257046,9.1,37
2026-04-16 18:50:40,20.0,5820,40960,14.2,514.8,23477,257046,9.1,37
2026-04-16 18:50:50,14.0,5820,40960,14.2,510.9,23477,257046,9.1,37
2026-04-16 18:51:00,18.0,5820,40960,14.2,513.3,23477,257046,9.1,37
2026-04-16 18:51:10,19.0,5820,40960,14.2,509.5,23476,257046,9.1,37
2026-04-16 18:51:20,31.0,5820,40960,14.2,-986.1,23950,257046,9.3,38
2026-04-16 18:51:30,33.0,5820,40960,14.2,514.3,23950,257046,9.3,38
2026-04-16 18:51:40,23.0,5820,40960,14.2,505.0,23950,257046,9.3,38
2026-04-16 18:51:50,32.0,5820,40960,14.2,505.6,23950,257046,9.3,38
2026-04-16 18:52:01,22.0,5820,40960,14.2,509.3,23950,257046,9.3,38
2026-04-16 18:52:11,31.0,5083,40960,12.4,-5898.1,21395,257046,8.3,38
2026-04-16 18:52:21,22.0,5083,40960,12.4,-12364.3,21295,257046,8.3,38
2026-04-16 18:52:31,20.0,5083,40960,12.4,402.5,21295,257046,8.3,38
2026-04-16 18:52:41,29.0,5083,40960,12.4,404.5,21295,257046,8.3,39
2026-04-16 18:52:51,23.0,5083,40960,12.4,405.4,21295,257046,8.3,39
2026-04-16 18:53:01,31.0,5083,40960,12.4,404.5,21295,257046,8.3,39
2026-04-16 18:53:11,31.0,5083,40960,12.4,407.7,21294,257046,8.3,39
2026-04-16 18:53:21,27.0,5083,40960,12.4,401.2,21296,257046,8.3,39
2026-04-16 18:53:32,32.0,5083,40960,12.4,402.6,21296,257046,8.3,39
2026-04-16 18:53:42,23.0,5083,40960,12.4,401.4,21295,257046,8.3,39
2026-04-16 18:53:52,19.0,5083,40960,12.4,404.9,21296,257046,8.3,39
2026-04-16 18:54:02,29.0,5083,40960,12.4,400.2,21296,257046,8.3,39
2026-04-16 18:54:12,27.0,5083,40960,12.4,398.1,21296,257046,8.3,39
2026-04-16 18:54:22,23.0,5083,40960,12.4,404.7,21296,257046,8.3,39
2026-04-16 18:54:32,27.0,5083,40960,12.4,401.7,21296,257046,8.3,39
2026-04-16 18:54:42,26.0,5083,40960,12.4,-1036.7,21409,257046,8.3,39
2026-04-16 18:54:52,20.0,5083,40960,12.4,397.8,21411,257046,8.3,39
2026-04-16 18:55:03,24.0,5083,40960,12.4,396.1,21411,257046,8.3,39
2026-04-16 18:55:13,20.0,5083,40960,12.4,396.9,21410,257046,8.3,39
2026-04-16 18:55:23,19.0,5083,40960,12.4,399.8,21410,257046,8.3,39
2026-04-16 18:55:33,20.0,5083,40960,12.4,396.8,21411,257046,8.3,40
2026-04-16 18:55:43,24.0,5083,40960,12.4,395.6,21411,257046,8.3,39
2026-04-16 18:55:53,29.0,5083,40960,12.4,399.8,21411,257046,8.3,39
2026-04-16 18:56:03,24.0,5083,40960,12.4,397.1,21411,257046,8.3,39
2026-04-16 18:56:13,23.0,5083,40960,12.4,395.7,21411,257046,8.3,39
2026-04-16 18:56:23,37.0,5083,40960,12.4,396.5,21412,257046,8.3,39
2026-04-16 18:56:34,22.0,5083,40960,12.4,399.5,21411,257046,8.3,39
2026-04-16 18:56:44,33.0,5083,40960,12.4,398.4,21411,257046,8.3,40
2026-04-16 18:56:54,20.0,5083,40960,12.4,399.2,21411,257046,8.3,40
2026-04-16 18:57:04,22.0,5083,40960,12.4,400.1,21411,257046,8.3,40
2026-04-16 18:57:14,22.0,5083,40960,12.4,397.8,21412,257046,8.3,40
2026-04-16 18:57:24,17.0,5083,40960,12.4,-13489.7,21293,257046,8.3,39
2026-04-16 18:57:34,19.0,5083,40960,12.4,389.1,21293,257046,8.3,39
2026-04-16 18:57:44,21.0,5083,40960,12.4,388.7,21293,257046,8.3,39
2026-04-16 18:57:55,23.0,5083,40960,12.4,388.6,21292,257046,8.3,39
2026-04-16 18:58:05,15.0,5083,40960,12.4,389.8,21293,257046,8.3,39
2026-04-16 18:58:15,21.0,5083,40960,12.4,388.2,21293,257046,8.3,39
2026-04-16 18:58:25,16.0,5083,40960,12.4,385.5,21293,257046,8.3,39
2026-04-16 18:58:35,22.0,5083,40960,12.4,388.7,21292,257046,8.3,39
2026-04-16 18:58:45,27.0,5083,40960,12.4,383.1,21293,257046,8.3,39
2026-04-16 18:58:55,21.0,5083,40960,12.4,382.1,21293,257046,8.3,39
2026-04-16 18:59:05,26.0,5083,40960,12.4,382.9,21293,257046,8.3,39
2026-04-16 18:59:15,16.0,5083,40960,12.4,382.9,21293,257046,8.3,39
2026-04-16 18:59:26,19.0,5083,40960,12.4,383.8,21293,257046,8.3,39
2026-04-16 18:59:36,21.0,5083,40960,12.4,386.6,21293,257046,8.3,39
2026-04-16 18:59:46,29.0,5083,40960,12.4,-1004.7,21399,257046,8.3,39
2026-04-16 18:59:56,28.0,5083,40960,12.4,395.7,21399,257046,8.3,39
2026-04-16 19:00:06,28.0,5083,40960,12.4,398.7,21398,257046,8.3,39
2026-04-16 19:00:16,35.0,5083,40960,12.4,395.8,21399,257046,8.3,39
2026-04-16 19:00:26,23.0,5083,40960,12.4,398.7,21399,257046,8.3,39
2026-04-16 19:00:36,22.0,5083,40960,12.4,400.9,21398,257046,8.3,39
2026-04-16 19:00:46,34.0,5083,40960,12.4,396.5,21398,257046,8.3,39
2026-04-16 19:00:57,32.0,5083,40960,12.4,398.1,21398,257046,8.3,39
2026-04-16 19:01:07,28.0,5083,40960,12.4,400.9,21399,257046,8.3,40
2026-04-16 19:01:17,22.0,5083,40960,12.4,399.8,21399,257046,8.3,39
2026-04-16 19:01:27,28.0,5083,40960,12.4,398.7,21399,257046,8.3,39
2026-04-16 19:01:37,21.0,5083,40960,12.4,398.1,21398,257046,8.3,39
2026-04-16 19:01:47,31.0,5083,40960,12.4,401.1,21398,257046,8.3,39
2026-04-16 19:01:57,26.0,5083,40960,12.4,398.8,21398,257046,8.3,40
2026-04-16 19:02:07,26.0,5083,40960,12.4,394.9,21398,257046,8.3,39
2026-04-16 19:02:17,27.0,5083,40960,12.4,399.2,21398,257046,8.3,40
2026-04-16 19:02:28,35.0,5083,40960,12.4,397.6,21398,257046,8.3,40
2026-04-16 19:02:38,26.0,5083,40960,12.4,396.6,21398,257046,8.3,39
2026-04-16 19:02:48,33.0,5083,40960,12.4,402.6,21399,257046,8.3,40
2026-04-16 19:02:58,35.0,5083,40960,12.4,400.0,21399,257046,8.3,40
2026-04-16 19:03:08,30.0,5083,40960,12.4,397.0,21399,257046,8.3,40
2026-04-16 19:03:18,36.0,5083,40960,12.4,401.4,21398,257046,8.3,40
2026-04-16 19:03:28,29.0,5083,40960,12.4,401.1,21398,257046,8.3,40
2026-04-16 19:03:38,32.0,5083,40960,12.4,402.2,21398,257046,8.3,40
2026-04-16 19:03:48,32.0,5083,40960,12.4,401.0,21398,257046,8.3,40
2026-04-16 19:03:59,30.0,5083,40960,12.4,398.5,21398,257046,8.3,40
2026-04-16 19:04:09,31.0,5083,40960,12.4,397.2,21398,257046,8.3,40
2026-04-16 19:04:19,20.0,5083,40960,12.4,398.0,21399,257046,8.3,40
2026-04-16 19:04:29,34.0,5083,40960,12.4,397.1,21398,257046,8.3,40
2026-04-16 19:04:39,31.0,5083,40960,12.4,399.1,21399,257046,8.3,40
2026-04-16 19:04:49,19.0,5083,40960,12.4,398.8,21398,257046,8.3,40
2026-04-16 19:04:59,23.0,5083,40960,12.4,393.2,21398,257046,8.3,40
2026-04-16 19:05:09,31.0,5083,40960,12.4,398.1,21398,257046,8.3,40
2026-04-16 19:05:19,22.0,5083,40960,12.4,397.1,21398,257046,8.3,40
2026-04-16 19:05:30,26.0,5083,40960,12.4,398.0,21399,257046,8.3,40
2026-04-16 19:05:40,19.0,5083,40960,12.4,401.0,21398,257046,8.3,40
2026-04-16 19:05:50,23.0,5083,40960,12.4,395.0,21399,257046,8.3,39
2026-04-16 19:06:00,29.0,5083,40960,12.4,396.8,21398,257046,8.3,40
2026-04-16 19:06:10,28.0,5083,40960,12.4,399.4,21398,257046,8.3,39
2026-04-16 19:06:20,31.0,5083,40960,12.4,394.8,21398,257046,8.3,40
2026-04-16 19:06:30,26.0,5083,40960,12.4,397.3,21398,257046,8.3,39
2026-04-16 19:06:40,31.0,5083,40960,12.4,398.8,21398,257046,8.3,40
2026-04-16 19:06:50,28.0,5083,40960,12.4,399.9,21398,257046,8.3,40
2026-04-16 19:07:01,38.0,5083,40960,12.4,398.2,21398,257046,8.3,40
2026-04-16 19:07:11,24.0,5083,40960,12.4,401.4,21398,257046,8.3,40
2026-04-16 19:07:21,27.0,5083,40960,12.4,396.3,21398,257046,8.3,39
2026-04-16 19:07:31,31.0,5083,40960,12.4,402.8,21398,257046,8.3,40
2026-04-16 19:07:41,23.0,5083,40960,12.4,400.4,21397,257046,8.3,40
2026-04-16 19:07:51,20.0,5083,40960,12.4,401.4,21397,257046,8.3,39
2026-04-16 19:08:01,20.0,5083,40960,12.4,397.5,21398,257046,8.3,40
2026-04-16 19:08:11,28.0,5083,40960,12.4,398.8,21398,257046,8.3,40
2026-04-16 19:08:21,25.0,5083,40960,12.4,395.6,21398,257046,8.3,39
2026-04-16 19:08:32,31.0,5083,40960,12.4,398.4,21398,257046,8.3,40
2026-04-16 19:08:42,27.0,5083,40960,12.4,398.8,21398,257046,8.3,40
2026-04-16 19:08:52,25.0,5083,40960,12.4,396.7,21398,257046,8.3,40
2026-04-16 19:09:02,28.0,5083,40960,12.4,400.0,21397,257046,8.3,40
2026-04-16 19:09:12,29.0,5083,40960,12.4,397.3,21397,257046,8.3,40
2026-04-16 19:09:22,27.0,5083,40960,12.4,398.4,21397,257046,8.3,40
2026-04-16 19:09:32,21.0,5083,40960,12.4,400.0,21398,257046,8.3,40
2026-04-16 19:09:42,26.0,5083,40960,12.4,398.4,21398,257046,8.3,39
2026-04-16 19:09:52,29.0,5083,40960,12.4,398.3,21397,257046,8.3,39
2026-04-16 19:10:03,26.0,5083,40960,12.4,399.3,21398,257046,8.3,40
2026-04-16 19:10:13,29.0,5083,40960,12.4,400.2,21397,257046,8.3,40
2026-04-16 19:10:23,24.0,5083,40960,12.4,399.5,21397,257046,8.3,40
2026-04-16 19:10:33,23.0,5083,40960,12.4,398.8,21397,257046,8.3,40
2026-04-16 19:10:43,27.0,5083,40960,12.4,398.2,21397,257046,8.3,40
2026-04-16 19:10:53,19.0,5083,40960,12.4,397.1,21397,257046,8.3,40
2026-04-16 19:11:03,25.0,5083,40960,12.4,397.3,21397,257046,8.3,39
2026-04-16 19:11:13,23.0,5083,40960,12.4,398.9,21397,257046,8.3,39
2026-04-16 19:11:23,30.0,5083,40960,12.4,400.2,21397,257046,8.3,40
2026-04-16 19:11:34,26.0,5083,40960,12.4,399.6,21397,257046,8.3,40
2026-04-16 19:11:44,23.0,5083,40960,12.4,397.1,21397,257046,8.3,40
2026-04-16 19:11:54,20.0,5083,40960,12.4,400.7,21398,257046,8.3,39
2026-04-16 19:12:04,19.0,5083,40960,12.4,399.4,21397,257046,8.3,40
2026-04-16 19:12:14,32.0,5083,40960,12.4,396.4,21397,257046,8.3,40
2026-04-16 19:12:24,20.0,5083,40960,12.4,-12108.7,21491,257046,8.4,39
2026-04-16 19:12:34,19.0,5083,40960,12.4,401.9,21492,257046,8.4,39
2026-04-16 19:12:44,17.0,5083,40960,12.4,404.3,21492,257046,8.4,39
2026-04-16 19:12:54,17.0,5083,40960,12.4,403.5,21492,257046,8.4,39
2026-04-16 19:13:05,25.0,5083,40960,12.4,402.4,21492,257046,8.4,39
2026-04-16 19:13:15,24.0,5083,40960,12.4,404.7,21492,257046,8.4,38
2026-04-16 19:13:25,23.0,5083,40960,12.4,405.4,21492,257046,8.4,38
2026-04-16 19:13:35,23.0,5083,40960,12.4,406.5,21492,257046,8.4,38
2026-04-16 19:13:45,20.0,5083,40960,12.4,404.9,21491,257046,8.4,38
2026-04-16 19:13:55,23.0,5083,40960,12.4,402.6,21492,257046,8.4,38
2026-04-16 19:14:05,21.0,5083,40960,12.4,405.9,21491,257046,8.4,38
2026-04-16 19:14:15,21.0,5083,40960,12.4,400.4,21491,257046,8.4,38
2026-04-16 19:14:25,18.0,5083,40960,12.4,400.5,21492,257046,8.4,38
2026-04-16 19:14:35,24.0,5083,40960,12.4,-924.8,20233,257046,7.9,38
2026-04-16 19:14:46,32.0,5083,40960,12.4,406.9,21603,257046,8.4,38
2026-04-16 19:14:56,36.0,5083,40960,12.4,398.5,21603,257046,8.4,38
2026-04-16 19:15:06,34.0,5083,40960,12.4,395.1,21604,257046,8.4,38
2026-04-16 19:15:16,23.0,5083,40960,12.4,398.2,21603,257046,8.4,39
2026-04-16 19:15:26,19.0,5083,40960,12.4,-11855.8,21499,257046,8.4,39
2026-04-16 19:15:36,32.0,5083,40960,12.4,405.6,21499,257046,8.4,39
2026-04-16 19:15:46,24.0,5083,40960,12.4,404.2,21499,257046,8.4,39
2026-04-16 19:15:56,23.0,5083,40960,12.4,402.5,21499,257046,8.4,39
2026-04-16 19:16:06,32.0,5083,40960,12.4,403.6,21499,257046,8.4,39
2026-04-16 19:16:17,28.0,5083,40960,12.4,402.7,21499,257046,8.4,39
2026-04-16 19:16:27,31.0,5083,40960,12.4,402.9,21499,257046,8.4,39
2026-04-16 19:16:37,25.0,5083,40960,12.4,403.5,21499,257046,8.4,39
2026-04-16 19:16:47,23.0,5083,40960,12.4,401.5,21499,257046,8.4,39
2026-04-16 19:16:57,20.0,5083,40960,12.4,404.8,21499,257046,8.4,39
2026-04-16 19:17:07,31.0,5083,40960,12.4,402.8,21499,257046,8.4,39
2026-04-16 19:17:17,21.0,5083,40960,12.4,404.8,21499,257046,8.4,39
2026-04-16 19:17:27,30.0,5083,40960,12.4,403.3,21499,257046,8.4,39
2026-04-16 19:17:37,25.0,5083,40960,12.4,400.2,21499,257046,8.4,39
2026-04-16 19:17:48,27.0,5083,40960,12.4,-1025.0,21605,257046,8.4,39
2026-04-16 19:17:58,22.0,5083,40960,12.4,391.5,21605,257046,8.4,39
2026-04-16 19:18:08,28.0,5083,40960,12.4,400.5,21606,257046,8.4,39
2026-04-16 19:18:18,27.0,5083,40960,12.4,401.0,21606,257046,8.4,39
2026-04-16 19:18:28,35.0,5083,40960,12.4,397.0,21606,257046,8.4,40
2026-04-16 19:18:38,34.0,5083,40960,12.4,398.1,21605,257046,8.4,39
2026-04-16 19:18:48,22.0,5083,40960,12.4,395.6,21606,257046,8.4,39
2026-04-16 19:18:58,33.0,5083,40960,12.4,400.6,21606,257046,8.4,39
2026-04-16 19:19:08,24.0,5083,40960,12.4,400.7,21606,257046,8.4,39
2026-04-16 19:19:19,33.0,5083,40960,12.4,403.5,21605,257046,8.4,39
2026-04-16 19:19:29,20.0,5083,40960,12.4,397.3,21606,257046,8.4,39
2026-04-16 19:19:39,24.0,5083,40960,12.4,399.7,21606,257046,8.4,39
2026-04-16 19:19:49,25.0,5083,40960,12.4,401.7,21605,257046,8.4,39
2026-04-16 19:19:59,36.0,5083,40960,12.4,399.4,21606,257046,8.4,39
2026-04-16 19:20:09,23.0,5083,40960,12.4,397.6,21606,257046,8.4,40
2026-04-16 19:20:19,24.0,5083,40960,12.4,396.4,21605,257046,8.4,39
2026-04-16 19:20:29,25.0,5083,40960,12.4,398.6,21605,257046,8.4,39
2026-04-16 19:20:40,25.0,5083,40960,12.4,395.2,21605,257046,8.4,40
2026-04-16 19:20:50,24.0,5083,40960,12.4,398.7,21606,257046,8.4,40
2026-04-16 19:21:00,21.0,5083,40960,12.4,395.0,21606,257046,8.4,39
2026-04-16 19:21:10,33.0,5083,40960,12.4,396.4,21606,257046,8.4,39
2026-04-16 19:21:20,30.0,5083,40960,12.4,399.4,21606,257046,8.4,40
2026-04-16 19:21:30,30.0,5083,40960,12.4,397.1,21606,257046,8.4,39
2026-04-16 19:21:40,30.0,5083,40960,12.4,397.8,21606,257046,8.4,39
2026-04-16 19:21:50,21.0,5083,40960,12.4,-12839.7,21500,257046,8.4,39
2026-04-16 19:22:00,22.0,5083,40960,12.4,385.6,21500,257046,8.4,39
2026-04-16 19:22:11,22.0,5083,40960,12.4,384.0,21500,257046,8.4,39
2026-04-16 19:22:21,12.0,5083,40960,12.4,387.9,21500,257046,8.4,39
2026-04-16 19:22:31,15.0,5083,40960,12.4,380.1,21500,257046,8.4,39
2026-04-16 19:22:41,22.0,5083,40960,12.4,380.5,21500,257046,8.4,39
2026-04-16 19:22:51,18.0,5083,40960,12.4,383.9,21500,257046,8.4,39
2026-04-16 19:23:01,12.0,5083,40960,12.4,381.5,21499,257046,8.4,39
2026-04-16 19:23:11,18.0,5083,40960,12.4,386.6,21499,257046,8.4,39
2026-04-16 19:23:21,23.0,5083,40960,12.4,384.3,21499,257046,8.4,39
2026-04-16 19:23:31,17.0,5083,40960,12.4,381.4,21500,257046,8.4,38
2026-04-16 19:23:42,28.0,5083,40960,12.4,385.2,21499,257046,8.4,39
2026-04-16 19:23:52,17.0,5083,40960,12.4,384.1,21499,257046,8.4,39
2026-04-16 19:24:02,21.0,5083,40960,12.4,383.1,21500,257046,8.4,38
2026-04-16 19:24:12,17.0,5083,40960,12.4,-1011.7,21606,257046,8.4,39
2026-04-16 19:24:22,32.0,5083,40960,12.4,401.4,21614,257046,8.4,39
2026-04-16 19:24:32,27.0,5083,40960,12.4,394.4,21614,257046,8.4,39
2026-04-16 19:24:42,30.0,5083,40960,12.4,393.7,21614,257046,8.4,39
2026-04-16 19:24:52,33.0,5083,40960,12.4,396.1,21614,257046,8.4,39
2026-04-16 19:25:02,24.0,5083,40960,12.4,397.5,21614,257046,8.4,39
2026-04-16 19:25:13,28.0,5083,40960,12.4,396.0,21614,257046,8.4,39
2026-04-16 19:25:23,31.0,5083,40960,12.4,394.8,21613,257046,8.4,39
2026-04-16 19:25:33,31.0,5083,40960,12.4,398.8,21614,257046,8.4,39
2026-04-16 19:25:43,36.0,5083,40960,12.4,397.7,21613,257046,8.4,39
2026-04-16 19:25:53,23.0,5083,40960,12.4,398.8,21613,257046,8.4,39
2026-04-16 19:26:03,33.0,5083,40960,12.4,402.5,21613,257046,8.4,39
2026-04-16 19:26:13,24.0,5083,40960,12.4,395.1,21613,257046,8.4,39
2026-04-16 19:26:23,24.0,5083,40960,12.4,398.6,21613,257046,8.4,40
2026-04-16 19:26:33,18.0,5083,40960,12.4,398.6,21614,257046,8.4,39
2026-04-16 19:26:43,29.0,5083,40960,12.4,397.0,21613,257046,8.4,39
2026-04-16 19:26:54,32.0,5083,40960,12.4,398.3,21614,257046,8.4,40
2026-04-16 19:27:04,29.0,5083,40960,12.4,395.7,21614,257046,8.4,39
2026-04-16 19:27:14,33.0,5083,40960,12.4,395.8,21613,257046,8.4,39
2026-04-16 19:27:24,29.0,5083,40960,12.4,397.1,21613,257046,8.4,39
2026-04-16 19:27:34,24.0,5083,40960,12.4,396.1,21613,257046,8.4,39
2026-04-16 19:27:44,31.0,5083,40960,12.4,399.2,21614,257046,8.4,40
2026-04-16 19:27:54,34.0,5083,40960,12.4,394.8,21614,257046,8.4,39
2026-04-16 19:28:04,34.0,5083,40960,12.4,394.9,21614,257046,8.4,40
2026-04-16 19:28:15,31.0,5083,40960,12.4,394.9,21614,257046,8.4,40
2026-04-16 19:28:25,28.0,5083,40960,12.4,395.1,21614,257046,8.4,39
2026-04-16 19:28:35,28.0,5083,40960,12.4,396.7,21614,257046,8.4,39
2026-04-16 19:28:45,31.0,5083,40960,12.4,395.0,21614,257046,8.4,40
2026-04-16 19:28:55,31.0,5083,40960,12.4,397.7,21613,257046,8.4,40
2026-04-16 19:29:05,34.0,5083,40960,12.4,397.2,21614,257046,8.4,40
2026-04-16 19:29:15,35.0,5083,40960,12.4,396.9,21613,257046,8.4,39
2026-04-16 19:29:25,21.0,5083,40960,12.4,393.5,21614,257046,8.4,40
2026-04-16 19:29:35,19.0,5083,40960,12.4,397.8,21613,257046,8.4,39
2026-04-16 19:29:45,23.0,5083,40960,12.4,396.1,21614,257046,8.4,39
2026-04-16 19:29:56,30.0,5083,40960,12.4,393.4,21613,257046,8.4,39
2026-04-16 19:30:06,26.0,5083,40960,12.4,397.8,21613,257046,8.4,39
2026-04-16 19:30:16,25.0,5083,40960,12.4,396.8,21613,257046,8.4,40
2026-04-16 19:30:26,31.0,5083,40960,12.4,396.7,21613,257046,8.4,39
2026-04-16 19:30:36,35.0,5083,40960,12.4,397.4,21612,257046,8.4,39
2026-04-16 19:30:46,38.0,5083,40960,12.4,398.5,21612,257046,8.4,39
2026-04-16 19:30:56,27.0,5083,40960,12.4,395.0,21612,257046,8.4,40
2026-04-16 19:31:06,28.0,5083,40960,12.4,395.4,21613,257046,8.4,39
2026-04-16 19:31:16,28.0,5083,40960,12.4,396.4,21612,257046,8.4,40
2026-04-16 19:31:27,27.0,5083,40960,12.4,395.3,21614,257046,8.4,40
2026-04-16 19:31:37,28.0,5083,40960,12.4,398.8,21613,257046,8.4,40
2026-04-16 19:31:47,21.0,5083,40960,12.4,393.7,21613,257046,8.4,40
2026-04-16 19:31:57,23.0,5083,40960,12.4,393.6,21613,257046,8.4,40
2026-04-16 19:32:07,24.0,5083,40960,12.4,397.4,21613,257046,8.4,39
2026-04-16 19:32:17,30.0,5083,40960,12.4,395.1,21613,257046,8.4,40
2026-04-16 19:32:27,26.0,5083,40960,12.4,397.5,21613,257046,8.4,39
2026-04-16 19:32:37,24.0,5083,40960,12.4,400.3,21613,257046,8.4,40
2026-04-16 19:32:47,29.0,5083,40960,12.4,393.6,21613,257046,8.4,40
2026-04-16 19:32:58,36.0,5083,40960,12.4,394.9,21614,257046,8.4,39
2026-04-16 19:33:08,22.0,5083,40960,12.4,395.0,21614,257046,8.4,39
2026-04-16 19:33:18,23.0,5083,40960,12.4,396.9,21614,257046,8.4,39
2026-04-16 19:33:28,36.0,5083,40960,12.4,401.6,21613,257046,8.4,40
2026-04-16 19:33:38,24.0,5083,40960,12.4,395.5,21613,257046,8.4,40
2026-04-16 19:33:48,22.0,5083,40960,12.4,396.1,21613,257046,8.4,39
2026-04-16 19:33:58,29.0,5083,40960,12.4,396.5,21614,257046,8.4,40
2026-04-16 19:34:08,25.0,5083,40960,12.4,398.1,21614,257046,8.4,40
2026-04-16 19:34:18,23.0,5083,40960,12.4,396.9,21614,257046,8.4,40
2026-04-16 19:34:29,33.0,5083,40960,12.4,398.6,21614,257046,8.4,40
2026-04-16 19:34:39,22.0,5083,40960,12.4,398.1,21614,257046,8.4,39
2026-04-16 19:34:49,23.0,5083,40960,12.4,396.4,21614,257046,8.4,40
2026-04-16 19:34:59,26.0,5083,40960,12.4,397.4,21614,257046,8.4,40
2026-04-16 19:35:09,23.0,5083,40960,12.4,398.3,21614,257046,8.4,40
2026-04-16 19:35:19,32.0,5083,40960,12.4,397.7,21613,257046,8.4,40
2026-04-16 19:35:29,15.0,5083,40960,12.4,-11956.5,21509,257046,8.4,39
2026-04-16 19:35:39,16.0,5083,40960,12.4,399.7,21508,257046,8.4,39
2026-04-16 19:35:49,22.0,5083,40960,12.4,401.5,21508,257046,8.4,39
2026-04-16 19:36:00,19.0,5083,40960,12.4,399.8,21508,257046,8.4,39
2026-04-16 19:36:10,17.0,5083,40960,12.4,399.2,21508,257046,8.4,39
2026-04-16 19:36:20,18.0,5083,40960,12.4,399.1,21508,257046,8.4,39
2026-04-16 19:36:30,18.0,5083,40960,12.4,399.7,21508,257046,8.4,38
2026-04-16 19:36:40,19.0,5083,40960,12.4,401.8,21508,257046,8.4,38
2026-04-16 19:36:50,24.0,5083,40960,12.4,401.2,21508,257046,8.4,38
2026-04-16 19:37:00,20.0,5083,40960,12.4,399.9,21509,257046,8.4,38
2026-04-16 19:37:10,22.0,5083,40960,12.4,401.4,21508,257046,8.4,38
2026-04-16 19:37:21,21.0,5083,40960,12.4,402.3,21508,257046,8.4,38
2026-04-16 19:37:31,16.0,5083,40960,12.4,402.8,21509,257046,8.4,38
2026-04-16 19:37:41,22.0,5083,40960,12.4,400.2,21508,257046,8.4,38
2026-04-16 19:37:51,25.0,5083,40960,12.4,-931.0,21614,257046,8.4,39
2026-04-16 19:38:01,26.0,5083,40960,12.4,396.4,21614,257046,8.4,39
2026-04-16 19:38:11,31.0,5083,40960,12.4,397.3,21614,257046,8.4,39
2026-04-16 19:38:21,22.0,5083,40960,12.4,-11799.1,21511,257046,8.4,39
2026-04-16 19:38:31,31.0,5083,40960,12.4,404.3,21509,257046,8.4,39
2026-04-16 19:38:41,27.0,5083,40960,12.4,402.5,21509,257046,8.4,39
2026-04-16 19:38:52,31.0,5083,40960,12.4,401.9,21508,257046,8.4,39
2026-04-16 19:39:02,32.0,5083,40960,12.4,401.8,21509,257046,8.4,39
2026-04-16 19:39:12,25.0,5083,40960,12.4,404.0,21509,257046,8.4,39
2026-04-16 19:39:22,24.0,5083,40960,12.4,402.7,21510,257046,8.4,39
2026-04-16 19:39:32,30.0,5083,40960,12.4,402.7,21509,257046,8.4,39
2026-04-16 19:39:42,32.0,5083,40960,12.4,402.1,21509,257046,8.4,39
2026-04-16 19:39:52,28.0,5083,40960,12.4,403.7,21509,257046,8.4,39
2026-04-16 19:40:02,24.0,5083,40960,12.4,402.1,21509,257046,8.4,39
2026-04-16 19:40:12,31.0,5083,40960,12.4,403.3,21509,257046,8.4,40
2026-04-16 19:40:22,31.0,5083,40960,12.4,403.7,21509,257046,8.4,40
2026-04-16 19:40:33,28.0,5083,40960,12.4,402.1,21509,257046,8.4,40
2026-04-16 19:40:43,29.0,5083,40960,12.4,-965.9,21615,257046,8.4,40
2026-04-16 19:40:53,33.0,5083,40960,12.4,399.6,21614,257046,8.4,40
2026-04-16 19:41:03,30.0,5083,40960,12.4,394.1,21614,257046,8.4,40
2026-04-16 19:41:13,36.0,5083,40960,12.4,397.6,21614,257046,8.4,40
2026-04-16 19:41:23,32.0,5083,40960,12.4,397.6,21614,257046,8.4,40
2026-04-16 19:41:33,27.0,5083,40960,12.4,395.8,21614,257046,8.4,40
2026-04-16 19:41:43,24.0,5083,40960,12.4,395.9,21614,257046,8.4,40
2026-04-16 19:41:53,36.0,5083,40960,12.4,397.4,21614,257046,8.4,40
2026-04-16 19:42:04,32.0,5083,40960,12.4,397.5,21614,257046,8.4,40
2026-04-16 19:42:14,24.0,5083,40960,12.4,399.1,21614,257046,8.4,40
2026-04-16 19:42:24,23.0,5083,40960,12.4,401.3,21615,257046,8.4,40
2026-04-16 19:42:34,32.0,5083,40960,12.4,396.3,21615,257046,8.4,40
2026-04-16 19:42:44,21.0,5083,40960,12.4,398.6,21615,257046,8.4,40
2026-04-16 19:42:54,23.0,5083,40960,12.4,401.8,21616,257046,8.4,40
2026-04-16 19:43:04,31.0,5083,40960,12.4,400.0,21615,257046,8.4,40
2026-04-16 19:43:14,30.0,5083,40960,12.4,397.6,21615,257046,8.4,40
2026-04-16 19:43:24,35.0,5083,40960,12.4,398.1,21615,257046,8.4,40
2026-04-16 19:43:35,34.0,5083,40960,12.4,395.6,21616,257046,8.4,40
2026-04-16 19:43:45,32.0,5083,40960,12.4,399.8,21618,257046,8.4,40
2026-04-16 19:43:55,34.0,5083,40960,12.4,397.9,21617,257046,8.4,40
2026-04-16 19:44:05,23.0,5083,40960,12.4,397.7,21617,257046,8.4,40
2026-04-16 19:44:15,30.0,5083,40960,12.4,399.1,21618,257046,8.4,40
2026-04-16 19:44:25,32.0,5083,40960,12.4,397.4,21618,257046,8.4,40
2026-04-16 19:44:35,32.0,5083,40960,12.4,397.5,21617,257046,8.4,40
2026-04-16 19:44:45,36.0,5083,40960,12.4,400.7,21617,257046,8.4,40
2026-04-16 19:44:55,30.0,5083,40960,12.4,399.2,21617,257046,8.4,40
2026-04-16 19:45:06,27.0,5083,40960,12.4,397.5,21618,257046,8.4,40
2026-04-16 19:45:16,22.0,5083,40960,12.4,396.2,21618,257046,8.4,40
2026-04-16 19:45:26,32.0,5083,40960,12.4,397.2,21618,257046,8.4,40
2026-04-16 19:45:36,28.0,5083,40960,12.4,397.5,21617,257046,8.4,40
2026-04-16 19:45:46,21.0,5083,40960,12.4,-12536.8,21512,257046,8.4,40
2026-04-16 19:45:56,23.0,5083,40960,12.4,384.6,21511,257046,8.4,40
2026-04-16 19:46:06,15.0,5083,40960,12.4,384.5,21511,257046,8.4,39
2026-04-16 19:46:16,23.0,5083,40960,12.4,380.9,21512,257046,8.4,39
2026-04-16 19:46:26,25.0,5083,40960,12.4,386.6,21512,257046,8.4,39
2026-04-16 19:46:36,21.0,5083,40960,12.4,382.1,21513,257046,8.4,39
2026-04-16 19:46:47,18.0,5083,40960,12.4,383.7,21512,257046,8.4,39
2026-04-16 19:46:57,24.0,5083,40960,12.4,383.3,21512,257046,8.4,39
2026-04-16 19:47:07,22.0,5083,40960,12.4,384.1,21512,257046,8.4,39
2026-04-16 19:47:17,27.0,5083,40960,12.4,383.7,21511,257046,8.4,39
2026-04-16 19:47:27,18.0,5083,40960,12.4,385.0,21511,257046,8.4,39
2026-04-16 19:47:37,21.0,5083,40960,12.4,382.9,21512,257046,8.4,39
2026-04-16 19:47:47,15.0,5083,40960,12.4,385.1,21511,257046,8.4,39
2026-04-16 19:47:57,21.0,5083,40960,12.4,382.7,21511,257046,8.4,39
2026-04-16 19:48:07,33.0,5083,40960,12.4,-951.1,21618,257046,8.4,39
2026-04-16 19:48:18,32.0,5083,40960,12.4,397.7,21618,257046,8.4,39
2026-04-16 19:48:28,27.0,5083,40960,12.4,398.0,21618,257046,8.4,40
2026-04-16 19:48:38,36.0,5083,40960,12.4,398.7,21619,257046,8.4,39
2026-04-16 19:48:48,31.0,5083,40960,12.4,396.9,21618,257046,8.4,40
2026-04-16 19:48:58,34.0,5083,40960,12.4,399.6,21618,257046,8.4,40
2026-04-16 19:49:08,24.0,5083,40960,12.4,395.4,21618,257046,8.4,40
2026-04-16 19:49:18,34.0,5083,40960,12.4,397.6,21618,257046,8.4,40
2026-04-16 19:49:28,32.0,5083,40960,12.4,396.4,21618,257046,8.4,40
2026-04-16 19:49:38,24.0,5083,40960,12.4,397.6,21618,257046,8.4,40
2026-04-16 19:49:49,29.0,5083,40960,12.4,402.3,21619,257046,8.4,40
2026-04-16 19:49:59,26.0,5083,40960,12.4,398.1,21619,257046,8.4,40
2026-04-16 19:50:09,32.0,5083,40960,12.4,398.9,21619,257046,8.4,40
2026-04-16 19:50:19,31.0,5083,40960,12.4,396.5,21618,257046,8.4,40
2026-04-16 19:50:29,26.0,5083,40960,12.4,398.5,21618,257046,8.4,40
2026-04-16 19:50:39,23.0,5083,40960,12.4,398.9,21619,257046,8.4,40
2026-04-16 19:50:49,31.0,5083,40960,12.4,397.6,21619,257046,8.4,40
2026-04-16 19:50:59,36.0,5083,40960,12.4,396.8,21620,257046,8.4,40
2026-04-16 19:51:09,26.0,5083,40960,12.4,393.7,21619,257046,8.4,40
2026-04-16 19:51:20,27.0,5083,40960,12.4,398.5,21619,257046,8.4,40
2026-04-16 19:51:30,31.0,5083,40960,12.4,397.2,21619,257046,8.4,40
2026-04-16 19:51:40,34.0,5083,40960,12.4,400.5,21619,257046,8.4,40
2026-04-16 19:51:50,29.0,5083,40960,12.4,396.1,21619,257046,8.4,40
2026-04-16 19:52:00,28.0,5083,40960,12.4,396.4,21619,257046,8.4,40
2026-04-16 19:52:10,25.0,5083,40960,12.4,397.5,21619,257046,8.4,40
2026-04-16 19:52:20,33.0,5083,40960,12.4,398.0,21619,257046,8.4,40
2026-04-16 19:52:30,27.0,5083,40960,12.4,397.7,21619,257046,8.4,40
2026-04-16 19:52:40,32.0,5083,40960,12.4,397.3,21618,257046,8.4,40
2026-04-16 19:52:51,31.0,5083,40960,12.4,398.0,21618,257046,8.4,40
2026-04-16 19:53:01,21.0,5083,40960,12.4,398.7,21619,257046,8.4,40
2026-04-16 19:53:11,20.0,5083,40960,12.4,397.0,21619,257046,8.4,40
2026-04-16 19:53:21,32.0,5083,40960,12.4,397.5,21619,257046,8.4,40
2026-04-16 19:53:31,31.0,5083,40960,12.4,397.9,21619,257046,8.4,40
2026-04-16 19:53:41,33.0,5083,40960,12.4,398.1,21619,257046,8.4,40
2026-04-16 19:53:51,33.0,5083,40960,12.4,399.5,21619,257046,8.4,40
2026-04-16 19:54:01,35.0,5083,40960,12.4,396.1,21619,257046,8.4,40
2026-04-16 19:54:11,35.0,5083,40960,12.4,402.6,21619,257046,8.4,40
2026-04-16 19:54:21,30.0,5083,40960,12.4,402.6,21619,257046,8.4,40
2026-04-16 19:54:32,27.0,5083,40960,12.4,396.7,21622,257046,8.4,40
2026-04-16 19:54:42,24.0,5083,40960,12.4,397.8,21624,257046,8.4,40
2026-04-16 19:54:52,35.0,5083,40960,12.4,397.6,21626,257046,8.4,40
2026-04-16 19:55:02,23.0,5083,40960,12.4,398.8,21627,257046,8.4,40
2026-04-16 19:55:12,33.0,5083,40960,12.4,396.4,21627,257046,8.4,40
2026-04-16 19:55:22,34.0,5083,40960,12.4,396.5,21627,257046,8.4,40
2026-04-16 19:55:32,30.0,5083,40960,12.4,396.1,21629,257046,8.4,40
2026-04-16 19:55:42,21.0,5083,40960,12.4,396.1,21629,257046,8.4,40
2026-04-16 19:55:52,34.0,5083,40960,12.4,400.3,21628,257046,8.4,40
2026-04-16 19:56:03,24.0,5083,40960,12.4,400.9,21628,257046,8.4,40
2026-04-16 19:56:13,26.0,5083,40960,12.4,397.6,21628,257046,8.4,40
2026-04-16 19:56:23,23.0,5083,40960,12.4,398.1,21628,257046,8.4,40
2026-04-16 19:56:33,34.0,5083,40960,12.4,396.8,21630,257046,8.4,40
2026-04-16 19:56:43,32.0,5083,40960,12.4,395.4,21631,257046,8.4,40
2026-04-16 19:56:53,20.0,5083,40960,12.4,-10977.1,21526,257046,8.4,40
2026-04-16 19:57:03,19.0,5083,40960,12.4,397.8,21526,257046,8.4,39
2026-04-16 19:57:13,15.0,5083,40960,12.4,404.2,21526,257046,8.4,39
2026-04-16 19:57:23,18.0,5083,40960,12.4,399.3,21526,257046,8.4,39
2026-04-16 19:57:34,19.0,5083,40960,12.4,401.5,21526,257046,8.4,39
2026-04-16 19:57:44,23.0,5083,40960,12.4,402.0,21526,257046,8.4,39
2026-04-16 19:57:54,16.0,5083,40960,12.4,398.1,21526,257046,8.4,39
2026-04-16 19:58:04,23.0,5083,40960,12.4,400.6,21526,257046,8.4,38
2026-04-16 19:58:14,20.0,5083,40960,12.4,400.2,21530,257046,8.4,38
2026-04-16 19:58:24,20.0,5083,40960,12.4,401.6,21537,257046,8.4,38
2026-04-16 19:58:34,19.0,5083,40960,12.4,403.1,21546,257046,8.4,38
2026-04-16 19:58:44,19.0,5083,40960,12.4,402.0,21548,257046,8.4,38
2026-04-16 19:58:54,21.0,5083,40960,12.4,400.8,21556,257046,8.4,38
2026-04-16 19:59:04,18.0,5083,40960,12.4,400.7,21567,257046,8.4,38
2026-04-16 19:59:15,30.0,5083,40960,12.4,-911.0,21676,257046,8.4,39
2026-04-16 19:59:25,36.0,5083,40960,12.4,395.5,21676,257046,8.4,39
2026-04-16 19:59:35,29.0,5083,40960,12.4,394.4,21676,257046,8.4,39
2026-04-16 19:59:45,25.0,5083,40960,12.4,397.2,21675,257046,8.4,39
2026-04-16 19:59:55,20.0,5083,40960,12.4,398.2,21675,257046,8.4,39
2026-04-16 20:00:05,23.0,5083,40960,12.4,394.5,21676,257046,8.4,39
2026-04-16 20:00:15,33.0,5083,40960,12.4,396.2,21676,257046,8.4,39
2026-04-16 20:00:25,28.0,5083,40960,12.4,-11274.0,21573,257046,8.4,39
2026-04-16 20:00:35,23.0,5083,40960,12.4,406.0,21571,257046,8.4,39
2026-04-16 20:00:46,26.0,5083,40960,12.4,401.6,21571,257046,8.4,39
2026-04-16 20:00:56,31.0,5083,40960,12.4,401.9,21571,257046,8.4,40
2026-04-16 20:01:06,28.0,5083,40960,12.4,406.6,21571,257046,8.4,40
2026-04-16 20:01:16,23.0,5083,40960,12.4,399.7,21571,257046,8.4,39
2026-04-16 20:01:26,29.0,5083,40960,12.4,398.8,21571,257046,8.4,39
2026-04-16 20:01:36,33.0,5083,40960,12.4,399.2,21571,257046,8.4,39
2026-04-16 20:01:46,25.0,5083,40960,12.4,404.9,21571,257046,8.4,39
2026-04-16 20:01:56,22.0,5083,40960,12.4,402.8,21571,257046,8.4,39
2026-04-16 20:02:07,30.0,5083,40960,12.4,396.7,21570,257046,8.4,39
2026-04-16 20:02:17,31.0,5083,40960,12.4,398.8,21571,257046,8.4,39
2026-04-16 20:02:27,17.0,5083,40960,12.4,398.8,21571,257046,8.4,39
2026-04-16 20:02:37,20.0,5083,40960,12.4,402.1,21571,257046,8.4,40
2026-04-16 20:02:47,23.0,5083,40960,12.4,404.4,21570,257046,8.4,40
2026-04-16 20:02:57,19.0,5083,40960,12.4,-1021.8,21676,257046,8.4,39
2026-04-16 20:03:07,37.0,5083,40960,12.4,398.1,21676,257046,8.4,40
2026-04-16 20:03:17,29.0,5083,40960,12.4,394.8,21677,257046,8.4,40
2026-04-16 20:03:27,23.0,5083,40960,12.4,397.9,21677,257046,8.4,40
2026-04-16 20:03:38,29.0,5083,40960,12.4,395.4,21677,257046,8.4,40
2026-04-16 20:03:48,31.0,5083,40960,12.4,394.2,21677,257046,8.4,40
2026-04-16 20:03:58,32.0,5083,40960,12.4,398.0,21677,257046,8.4,39
2026-04-16 20:04:08,25.0,5083,40960,12.4,394.5,21677,257046,8.4,40
2026-04-16 20:04:18,33.0,5083,40960,12.4,394.9,21676,257046,8.4,40
2026-04-16 20:04:28,31.0,5083,40960,12.4,396.1,21676,257046,8.4,40
2026-04-16 20:04:38,21.0,5083,40960,12.4,397.8,21676,257046,8.4,40
2026-04-16 20:04:48,24.0,5083,40960,12.4,399.0,21676,257046,8.4,40
2026-04-16 20:04:58,28.0,5083,40960,12.4,398.0,21677,257046,8.4,40
2026-04-16 20:05:09,22.0,5083,40960,12.4,397.0,21676,257046,8.4,40
2026-04-16 20:05:19,27.0,5083,40960,12.4,392.7,21676,257046,8.4,40
2026-04-16 20:05:29,30.0,5083,40960,12.4,396.5,21676,257046,8.4,40
2026-04-16 20:05:39,26.0,5083,40960,12.4,395.6,21676,257046,8.4,40
2026-04-16 20:05:49,23.0,5083,40960,12.4,398.0,21676,257046,8.4,39
2026-04-16 20:05:59,33.0,5083,40960,12.4,396.5,21675,257046,8.4,40
2026-04-16 20:06:09,29.0,5083,40960,12.4,395.5,21677,257046,8.4,40
2026-04-16 20:06:19,23.0,5083,40960,12.4,394.7,21677,257046,8.4,40
2026-04-16 20:06:29,22.0,5083,40960,12.4,394.1,21677,257046,8.4,40
2026-04-16 20:06:40,27.0,5083,40960,12.4,397.6,21677,257046,8.4,40
2026-04-16 20:06:50,24.0,5083,40960,12.4,397.4,21678,257046,8.4,40
2026-04-16 20:07:00,25.0,5083,40960,12.4,395.5,21678,257046,8.4,40
2026-04-16 20:07:10,23.0,5083,40960,12.4,393.7,21678,257046,8.4,40
2026-04-16 20:07:20,30.0,5083,40960,12.4,396.3,21677,257046,8.4,40
2026-04-16 20:07:30,31.0,5083,40960,12.4,397.2,21678,257046,8.4,40
2026-04-16 20:07:40,34.0,5083,40960,12.4,394.2,21678,257046,8.4,40
2026-04-16 20:07:50,31.0,5083,40960,12.4,395.4,21678,257046,8.4,40
2026-04-16 20:08:00,23.0,5083,40960,12.4,395.5,21678,257046,8.4,40
2026-04-16 20:08:11,20.0,5083,40960,12.4,394.9,21678,257046,8.4,40
2026-04-16 20:08:21,23.0,5083,40960,12.4,399.6,21678,257046,8.4,40
2026-04-16 20:08:31,24.0,5083,40960,12.4,393.6,21678,257046,8.4,40
2026-04-16 20:08:41,25.0,5083,40960,12.4,394.9,21679,257046,8.4,40
2026-04-16 20:08:51,31.0,5083,40960,12.4,397.9,21679,257046,8.4,40
2026-04-16 20:09:01,37.0,5083,40960,12.4,394.4,21679,257046,8.4,40
2026-04-16 20:09:11,30.0,5083,40960,12.4,396.5,21679,257046,8.4,40
2026-04-16 20:09:21,31.0,5083,40960,12.4,395.9,21679,257046,8.4,40
2026-04-16 20:09:31,26.0,5083,40960,12.4,-12476.8,21577,257046,8.4,40
2026-04-16 20:09:42,12.0,5083,40960,12.4,376.0,21575,257046,8.4,40
2026-04-16 20:09:52,25.0,5083,40960,12.4,381.2,21575,257046,8.4,39
2026-04-16 20:10:02,17.0,5083,40960,12.4,383.1,21577,257046,8.4,40
2026-04-16 20:10:12,27.0,5083,40960,12.4,380.6,21579,257046,8.4,39
2026-04-16 20:10:22,26.0,5083,40960,12.4,382.4,21579,257046,8.4,39
2026-04-16 20:10:32,17.0,5083,40960,12.4,381.7,21579,257046,8.4,39
2026-04-16 20:10:42,17.0,5083,40960,12.4,383.5,21579,257046,8.4,39
2026-04-16 20:10:52,19.0,5083,40960,12.4,379.1,21580,257046,8.4,39
2026-04-16 20:11:02,28.0,5083,40960,12.4,382.8,21580,257046,8.4,39
2026-04-16 20:11:13,24.0,5083,40960,12.4,382.5,21579,257046,8.4,39
2026-04-16 20:11:23,21.0,5083,40960,12.4,379.2,21579,257046,8.4,39
2026-04-16 20:11:33,21.0,5083,40960,12.4,379.4,21579,257046,8.4,39
2026-04-16 20:11:43,25.0,5083,40960,12.4,382.0,21579,257046,8.4,39
2026-04-16 20:11:53,23.0,5083,40960,12.4,-999.9,21684,257046,8.4,39
2026-04-16 20:12:03,21.0,5083,40960,12.4,390.5,21685,257046,8.4,39
2026-04-16 20:12:13,21.0,5083,40960,12.4,520.2,21695,257046,8.4,39
2026-04-16 20:12:23,32.0,5083,40960,12.4,394.8,21692,257046,8.4,39
2026-04-16 20:12:33,24.0,5083,40960,12.4,396.4,21692,257046,8.4,39
2026-04-16 20:12:44,33.0,5083,40960,12.4,391.1,21692,257046,8.4,39
2026-04-16 20:12:54,22.0,5083,40960,12.4,395.5,21692,257046,8.4,39
2026-04-16 20:13:04,29.0,5083,40960,12.4,392.2,21692,257046,8.4,40
2026-04-16 20:13:14,24.0,5083,40960,12.4,396.3,21692,257046,8.4,40
2026-04-16 20:13:24,32.0,5083,40960,12.4,395.3,21692,257046,8.4,40
2026-04-16 20:13:34,27.0,5083,40960,12.4,396.6,21693,257046,8.4,40
2026-04-16 20:13:44,30.0,5083,40960,12.4,396.7,21694,257046,8.4,40
2026-04-16 20:13:54,28.0,5083,40960,12.4,397.1,21696,257046,8.4,40
2026-04-16 20:14:04,33.0,5083,40960,12.4,395.1,21697,257046,8.4,40
2026-04-16 20:14:14,38.0,5083,40960,12.4,395.7,21696,257046,8.4,40
2026-04-16 20:14:25,32.0,5083,40960,12.4,396.0,21697,257046,8.4,40
2026-04-16 20:14:35,24.0,5083,40960,12.4,397.5,21696,257046,8.4,40
2026-04-16 20:14:45,32.0,5083,40960,12.4,393.4,21696,257046,8.4,40
2026-04-16 20:14:55,23.0,5083,40960,12.4,392.1,21697,257046,8.4,40
2026-04-16 20:15:05,26.0,5083,40960,12.4,398.1,21697,257046,8.4,40
2026-04-16 20:15:15,32.0,5083,40960,12.4,397.5,21697,257046,8.4,40
2026-04-16 20:15:25,29.0,5083,40960,12.4,392.7,21697,257046,8.4,40
2026-04-16 20:15:35,34.0,5083,40960,12.4,394.8,21697,257046,8.4,40
2026-04-16 20:15:45,34.0,5083,40960,12.4,399.8,21697,257046,8.4,40
2026-04-16 20:15:56,22.0,5083,40960,12.4,393.2,21697,257046,8.4,40
2026-04-16 20:16:06,27.0,5083,40960,12.4,398.4,21697,257046,8.4,40
2026-04-16 20:16:16,27.0,5083,40960,12.4,395.6,21698,257046,8.4,40
2026-04-16 20:16:26,24.0,5083,40960,12.4,395.6,21698,257046,8.4,40
2026-04-16 20:16:36,34.0,5083,40960,12.4,396.4,21697,257046,8.4,40
2026-04-16 20:16:46,25.0,5083,40960,12.4,396.4,21698,257046,8.4,40
2026-04-16 20:16:56,27.0,5083,40960,12.4,395.9,21698,257046,8.4,40
2026-04-16 20:17:06,25.0,5083,40960,12.4,397.5,21698,257046,8.4,40
2026-04-16 20:17:16,32.0,5083,40960,12.4,398.2,21698,257046,8.4,40
2026-04-16 20:17:27,31.0,5083,40960,12.4,391.7,21697,257046,8.4,40
2026-04-16 20:17:37,34.0,5083,40960,12.4,392.7,21700,257046,8.4,40
2026-04-16 20:17:47,34.0,5083,40960,12.4,397.2,21699,257046,8.4,40
2026-04-16 20:17:57,24.0,5083,40960,12.4,396.8,21701,257046,8.4,40
2026-04-16 20:18:07,33.0,5083,40960,12.4,394.3,21702,257046,8.4,40
2026-04-16 20:18:17,26.0,5083,40960,12.4,395.7,21702,257046,8.4,40
2026-04-16 20:18:27,34.0,5083,40960,12.4,397.0,21703,257046,8.4,40
2026-04-16 20:18:37,35.0,5083,40960,12.4,396.2,21703,257046,8.4,40
2026-04-16 20:18:47,28.0,5083,40960,12.4,394.4,21703,257046,8.4,40
2026-04-16 20:18:57,27.0,5083,40960,12.4,394.9,21703,257046,8.4,40
2026-04-16 20:19:08,21.0,5083,40960,12.4,393.6,21704,257046,8.4,40
2026-04-16 20:19:18,24.0,5083,40960,12.4,391.4,21704,257046,8.4,40
2026-04-16 20:19:28,16.0,5083,40960,12.4,-11662.8,21601,257046,8.4,40
2026-04-16 20:19:38,25.0,5083,40960,12.4,397.4,21601,257046,8.4,39
2026-04-16 20:19:48,17.0,5083,40960,12.4,397.8,21601,257046,8.4,39
2026-04-16 20:19:58,20.0,5083,40960,12.4,394.9,21602,257046,8.4,39
2026-04-16 20:20:08,19.0,5083,40960,12.4,398.7,21602,257046,8.4,39
2026-04-16 20:20:18,22.0,5083,40960,12.4,398.1,21602,257046,8.4,39
2026-04-16 20:20:28,23.0,5083,40960,12.4,396.9,21603,257046,8.4,38
2026-04-16 20:20:38,25.0,5083,40960,12.4,396.6,21603,257046,8.4,38
2026-04-16 20:20:49,19.0,5083,40960,12.4,400.1,21602,257046,8.4,38
2026-04-16 20:20:59,20.0,5083,40960,12.4,396.4,21602,257046,8.4,38
2026-04-16 20:21:09,19.0,5083,40960,12.4,398.0,21603,257046,8.4,38
2026-04-16 20:21:19,20.0,5083,40960,12.4,396.2,21604,257046,8.4,38
2026-04-16 20:21:29,24.0,5083,40960,12.4,397.9,21604,257046,8.4,38
2026-04-16 20:21:39,20.0,5083,40960,12.4,396.7,21604,257046,8.4,38
2026-04-16 20:21:49,35.0,5083,40960,12.4,-930.6,21710,257046,8.4,38
2026-04-16 20:21:59,28.0,5083,40960,12.4,391.9,21709,257046,8.4,39
2026-04-16 20:22:09,35.0,5083,40960,12.4,391.6,21710,257046,8.4,39
2026-04-16 20:22:20,28.0,5083,40960,12.4,396.4,21711,257046,8.4,39
2026-04-16 20:22:30,35.0,5083,40960,12.4,395.8,21711,257046,8.4,39
2026-04-16 20:22:40,28.0,5083,40960,12.4,390.1,21716,257046,8.4,39
2026-04-16 20:22:50,30.0,5083,40960,12.4,-11391.4,21617,257046,8.4,39
2026-04-16 20:23:00,21.0,5083,40960,12.4,395.5,21617,257046,8.4,39
2026-04-16 20:23:10,30.0,5083,40960,12.4,398.0,21619,257046,8.4,39
2026-04-16 20:23:20,20.0,5083,40960,12.4,391.3,21621,257046,8.4,39
2026-04-16 20:23:30,32.0,5083,40960,12.4,397.1,21623,257046,8.4,39
2026-04-16 20:23:40,28.0,5083,40960,12.4,400.4,21625,257046,8.4,39
2026-04-16 20:23:51,34.0,5083,40960,12.4,401.2,21632,257046,8.4,40
2026-04-16 20:24:01,32.0,5083,40960,12.4,399.6,21578,257046,8.4,39
2026-04-16 20:24:11,30.0,5083,40960,12.4,399.4,21580,257046,8.4,39
2026-04-16 20:24:21,27.0,5083,40960,12.4,400.3,21581,257046,8.4,39
2026-04-16 20:24:31,31.0,5083,40960,12.4,400.8,21587,257046,8.4,39
2026-04-16 20:24:41,30.0,5083,40960,12.4,401.3,21587,257046,8.4,39
2026-04-16 20:24:51,26.0,5083,40960,12.4,400.7,21590,257046,8.4,39
2026-04-16 20:25:01,25.0,5083,40960,12.4,-954.9,21692,257046,8.4,40
2026-04-16 20:25:11,32.0,5083,40960,12.4,393.3,21696,257046,8.4,39
2026-04-16 20:25:21,26.0,5083,40960,12.4,395.9,21696,257046,8.4,39
2026-04-16 20:25:32,27.0,5083,40960,12.4,394.3,21699,257046,8.4,40
2026-04-16 20:25:42,34.0,5083,40960,12.4,395.1,21699,257046,8.4,40
2026-04-16 20:25:52,23.0,5083,40960,12.4,398.3,21705,257046,8.4,40
2026-04-16 20:26:02,35.0,5083,40960,12.4,393.1,21704,257046,8.4,40
2026-04-16 20:26:12,30.0,5083,40960,12.4,393.4,21706,257046,8.4,40
2026-04-16 20:26:22,36.0,5083,40960,12.4,392.0,21708,257046,8.4,40
2026-04-16 20:26:32,34.0,5083,40960,12.4,396.2,21714,257046,8.4,40
2026-04-16 20:26:42,31.0,5083,40960,12.4,393.1,21714,257046,8.4,40
2026-04-16 20:26:52,25.0,5083,40960,12.4,394.9,21717,257046,8.4,40
2026-04-16 20:27:03,30.0,5083,40960,12.4,396.6,21719,257046,8.4,40
2026-04-16 20:27:13,34.0,5083,40960,12.4,392.4,21724,257046,8.5,40
2026-04-16 20:27:23,31.0,5083,40960,12.4,394.7,21726,257046,8.5,40
2026-04-16 20:27:33,27.0,5083,40960,12.4,391.5,21730,257046,8.5,40
2026-04-16 20:27:43,25.0,5083,40960,12.4,394.9,21731,257046,8.5,40
2026-04-16 20:27:53,22.0,5083,40960,12.4,393.5,21737,257046,8.5,40
2026-04-16 20:28:03,27.0,5083,40960,12.4,391.6,21737,257046,8.5,40
2026-04-16 20:28:13,36.0,5083,40960,12.4,391.9,21740,257046,8.5,40
2026-04-16 20:28:23,36.0,5083,40960,12.4,393.5,21742,257046,8.5,40
2026-04-16 20:28:33,31.0,5083,40960,12.4,396.9,21746,257046,8.5,40
2026-04-16 20:28:44,30.0,5083,40960,12.4,395.0,21746,257046,8.5,40
2026-04-16 20:28:54,35.0,5083,40960,12.4,395.3,21750,257046,8.5,40
2026-04-16 20:29:04,31.0,5083,40960,12.4,397.1,21753,257046,8.5,40
2026-04-16 20:29:14,30.0,5083,40960,12.4,394.8,21757,257046,8.5,40
2026-04-16 20:29:24,36.0,5083,40960,12.4,394.2,21759,257046,8.5,40
2026-04-16 20:29:34,24.0,5083,40960,12.4,395.5,21762,257046,8.5,40
2026-04-16 20:29:44,31.0,5083,40960,12.4,395.3,21764,257046,8.5,40
2026-04-16 20:29:54,31.0,5083,40960,12.4,392.1,21768,257046,8.5,40
2026-04-16 20:30:04,28.0,5083,40960,12.4,395.0,21768,257046,8.5,40
2026-04-16 20:30:15,29.0,5083,40960,12.4,395.4,21770,257046,8.5,40
2026-04-16 20:30:25,29.0,5083,40960,12.4,391.7,21772,257046,8.5,40
2026-04-16 20:30:35,29.0,5083,40960,12.4,391.3,21774,257046,8.5,40
2026-04-16 20:30:45,24.0,5083,40960,12.4,393.0,21780,257046,8.5,40
2026-04-16 20:30:55,26.0,5083,40960,12.4,398.4,21783,257046,8.5,40
2026-04-16 20:31:05,26.0,5083,40960,12.4,395.9,21783,257046,8.5,40
2026-04-16 20:31:15,23.0,5083,40960,12.4,395.3,21787,257046,8.5,40
2026-04-16 20:31:25,35.0,5083,40960,12.4,393.9,21765,257046,8.5,40
2026-04-16 20:31:35,21.0,5083,40960,12.4,393.7,21768,257046,8.5,40
2026-04-16 20:31:45,24.0,5083,40960,12.4,394.2,21768,257046,8.5,40
2026-04-16 20:31:56,24.0,5083,40960,12.4,393.6,21772,257046,8.5,40
2026-04-16 20:32:06,23.0,5083,40960,12.4,-11721.4,21668,257046,8.4,40
2026-04-16 20:32:16,20.0,5083,40960,12.4,380.8,21673,257046,8.4,39
2026-04-16 20:32:26,21.0,5083,40960,12.4,382.2,21677,257046,8.4,39
2026-04-16 20:32:36,15.0,5083,40960,12.4,380.0,21680,257046,8.4,40
2026-04-16 20:32:46,22.0,5083,40960,12.4,383.5,21680,257046,8.4,39
2026-04-16 20:32:56,13.0,5083,40960,12.4,381.6,21686,257046,8.4,39
2026-04-16 20:33:06,20.0,5083,40960,12.4,378.3,21686,257046,8.4,39
2026-04-16 20:33:16,28.0,5083,40960,12.4,379.0,21690,257046,8.4,39
2026-04-16 20:33:27,22.0,5083,40960,12.4,376.4,21692,257046,8.4,39
2026-04-16 20:33:37,17.0,5083,40960,12.4,380.8,21694,257046,8.4,39
2026-04-16 20:33:47,18.0,5083,40960,12.4,377.7,21694,257046,8.4,39
2026-04-16 20:33:57,21.0,5083,40960,12.4,381.3,21697,257046,8.4,39
2026-04-16 20:34:07,14.0,5083,40960,12.4,380.1,21700,257046,8.4,39
2026-04-16 20:34:17,23.0,5083,40960,12.4,382.1,21703,257046,8.4,39
2026-04-16 20:34:27,22.0,5083,40960,12.4,-983.1,21811,257046,8.5,39
2026-04-16 20:34:37,27.0,5083,40960,12.4,391.0,21815,257046,8.5,39
2026-04-16 20:34:47,24.0,5083,40960,12.4,391.7,21819,257046,8.5,39
2026-04-16 20:34:58,37.0,5083,40960,12.4,395.1,21820,257046,8.5,39
2026-04-16 20:35:08,33.0,5083,40960,12.4,389.9,21820,257046,8.5,39
2026-04-16 20:35:18,34.0,5083,40960,12.4,389.9,21823,257046,8.5,40
2026-04-16 20:35:28,19.0,5083,40960,12.4,387.6,21825,257046,8.5,39
2026-04-16 20:35:38,32.0,5083,40960,12.4,394.4,21829,257046,8.5,39
2026-04-16 20:35:48,23.0,5083,40960,12.4,388.5,21828,257046,8.5,39
2026-04-16 20:35:58,26.0,5083,40960,12.4,393.8,21832,257046,8.5,40
2026-04-16 20:36:08,28.0,5083,40960,12.4,393.6,21837,257046,8.5,39
2026-04-16 20:36:18,25.0,5083,40960,12.4,392.4,21839,257046,8.5,40
2026-04-16 20:36:28,34.0,5083,40960,12.4,391.9,21839,257046,8.5,40
2026-04-16 20:36:39,29.0,5083,40960,12.4,392.0,21842,257046,8.5,39
2026-04-16 20:36:49,23.0,5083,40960,12.4,387.0,21846,257046,8.5,39
2026-04-16 20:36:59,33.0,5083,40960,12.4,392.3,21848,257046,8.5,39
2026-04-16 20:37:09,30.0,5083,40960,12.4,390.3,21848,257046,8.5,39
2026-04-16 20:37:19,34.0,5083,40960,12.4,391.4,21851,257046,8.5,40
2026-04-16 20:37:29,22.0,5083,40960,12.4,395.6,21857,257046,8.5,40
2026-04-16 20:37:39,31.0,5083,40960,12.4,389.6,21858,257046,8.5,40
2026-04-16 20:37:49,22.0,5083,40960,12.4,390.4,21861,257046,8.5,39
2026-04-16 20:37:59,34.0,5083,40960,12.4,392.1,21865,257046,8.5,40
2026-04-16 20:38:10,33.0,5083,40960,12.4,391.4,21870,257046,8.5,40
2026-04-16 20:38:20,35.0,5083,40960,12.4,393.5,21872,257046,8.5,40
2026-04-16 20:38:30,25.0,5083,40960,12.4,391.8,21872,257046,8.5,40
2026-04-16 20:38:40,33.0,5083,40960,12.4,391.1,21875,257046,8.5,39
2026-04-16 20:38:50,21.0,5083,40960,12.4,389.9,21879,257046,8.5,40
2026-04-16 20:39:00,23.0,5083,40960,12.4,391.0,21881,257046,8.5,39
2026-04-16 20:39:10,23.0,5083,40960,12.4,390.6,21883,257046,8.5,40
2026-04-16 20:39:20,33.0,5083,40960,12.4,392.9,21884,257046,8.5,40
2026-04-16 20:39:30,35.0,5083,40960,12.4,391.6,21890,257046,8.5,40
2026-04-16 20:39:40,23.0,5083,40960,12.4,389.0,21892,257046,8.5,40
2026-04-16 20:39:51,26.0,5083,40960,12.4,392.0,21895,257046,8.5,40
2026-04-16 20:40:01,33.0,5083,40960,12.4,390.6,21899,257046,8.5,40
2026-04-16 20:40:11,28.0,5083,40960,12.4,388.7,21904,257046,8.5,40
2026-04-16 20:40:21,21.0,5083,40960,12.4,391.6,21906,257046,8.5,40
2026-04-16 20:40:31,29.0,5083,40960,12.4,393.4,21909,257046,8.5,40
2026-04-16 20:40:41,21.0,5083,40960,12.4,386.6,21911,257046,8.5,40
2026-04-16 20:40:51,32.0,5083,40960,12.4,390.9,21916,257046,8.5,40
2026-04-16 20:41:01,25.0,5083,40960,12.4,391.8,21917,257046,8.5,40
2026-04-16 20:41:11,32.0,5083,40960,12.4,389.7,21917,257046,8.5,40
2026-04-16 20:41:22,28.0,5083,40960,12.4,389.5,21920,257046,8.5,39
2026-04-16 20:41:32,33.0,5083,40960,12.4,390.4,21926,257046,8.5,40
2026-04-16 20:41:42,16.0,5083,40960,12.4,-11435.9,21808,257046,8.5,39
2026-04-16 20:41:52,16.0,5083,40960,12.4,395.4,21810,257046,8.5,39
2026-04-16 20:42:02,18.0,5083,40960,12.4,390.9,21811,257046,8.5,39
2026-04-16 20:42:12,23.0,5083,40960,12.4,397.6,21817,257046,8.5,39
2026-04-16 20:42:22,16.0,5083,40960,12.4,396.7,21819,257046,8.5,39
2026-04-16 20:42:32,17.0,5083,40960,12.4,393.8,21823,257046,8.5,38
2026-04-16 20:42:42,20.0,5083,40960,12.4,395.4,21824,257046,8.5,38
2026-04-16 20:42:53,19.0,5083,40960,12.4,395.1,21829,257046,8.5,38
2026-04-16 20:43:03,19.0,5083,40960,12.4,395.3,21828,257046,8.5,38
2026-04-16 20:43:13,17.0,5083,40960,12.4,394.5,21829,257046,8.5,38
2026-04-16 20:43:23,16.0,5083,40960,12.4,393.7,21832,257046,8.5,38
2026-04-16 20:43:33,18.0,5083,40960,12.4,391.1,21834,257046,8.5,38
2026-04-16 20:43:43,17.0,5083,40960,12.4,395.9,21838,257046,8.5,38
2026-04-16 20:43:53,18.0,5083,40960,12.4,395.9,21838,257046,8.5,38
2026-04-16 20:44:03,21.0,5083,40960,12.4,-982.5,21960,257046,8.5,38
2026-04-16 20:44:13,22.0,5083,40960,12.4,388.8,21962,257046,8.5,38
2026-04-16 20:44:23,22.0,5083,40960,12.4,391.1,21966,257046,8.5,38
2026-04-16 20:44:34,30.0,5083,40960,12.4,389.7,21969,257046,8.5,39
2026-04-16 20:44:44,24.0,5083,40960,12.4,392.4,21972,257046,8.5,39
2026-04-16 20:44:54,34.0,5083,40960,12.4,-11336.0,21885,257046,8.5,39
2026-04-16 20:45:04,21.0,5083,40960,12.4,396.0,21890,257046,8.5,39
2026-04-16 20:45:14,27.0,5083,40960,12.4,398.6,21889,257046,8.5,39
2026-04-16 20:45:24,33.0,5083,40960,12.4,397.3,21893,257046,8.5,39
2026-04-16 20:45:34,23.0,5083,40960,12.4,398.3,21895,257046,8.5,40
2026-04-16 20:45:44,32.0,5083,40960,12.4,397.5,21894,257046,8.5,39
2026-04-16 20:45:54,31.0,5083,40960,12.4,396.7,21898,257046,8.5,39
2026-04-16 20:46:05,30.0,5083,40960,12.4,394.4,21902,257046,8.5,39
2026-04-16 20:46:15,22.0,5083,40960,12.4,395.8,21904,257046,8.5,40
2026-04-16 20:46:25,23.0,5083,40960,12.4,395.2,21908,257046,8.5,39
2026-04-16 20:46:35,31.0,5083,40960,12.4,396.7,21910,257046,8.5,39
2026-04-16 20:46:45,22.0,5083,40960,12.4,399.4,21914,257046,8.5,39
2026-04-16 20:46:55,32.0,5083,40960,12.4,399.4,21915,257046,8.5,40
2026-04-16 20:47:05,27.0,5083,40960,12.4,-902.2,22030,257046,8.6,40
2026-04-16 20:47:15,36.0,5083,40960,12.4,391.6,22032,257046,8.6,40
2026-04-16 20:47:25,32.0,5083,40960,12.4,392.0,22034,257046,8.6,39
2026-04-16 20:47:35,29.0,5083,40960,12.4,388.4,22036,257046,8.6,39
2026-04-16 20:47:45,23.0,5083,40960,12.4,388.0,22041,257046,8.6,40
2026-04-16 20:47:56,32.0,5083,40960,12.4,394.8,22041,257046,8.6,40
2026-04-16 20:48:06,33.0,5083,40960,12.4,388.5,22045,257046,8.6,40
2026-04-16 20:48:16,32.0,5083,40960,12.4,392.3,22046,257046,8.6,40
2026-04-16 20:48:26,31.0,5083,40960,12.4,391.6,22052,257046,8.6,40
2026-04-16 20:48:36,27.0,5083,40960,12.4,393.6,22053,257046,8.6,40
2026-04-16 20:48:46,36.0,5083,40960,12.4,393.7,22055,257046,8.6,40
2026-04-16 20:48:56,32.0,5083,40960,12.4,392.8,22058,257046,8.6,40
2026-04-16 20:49:06,30.0,5083,40960,12.4,391.2,22061,257046,8.6,40
2026-04-16 20:49:17,24.0,5083,40960,12.4,392.1,22061,257046,8.6,40
2026-04-16 20:49:27,35.0,5083,40960,12.4,390.5,22065,257046,8.6,40
2026-04-16 20:49:37,35.0,5083,40960,12.4,392.1,22065,257046,8.6,40
2026-04-16 20:49:47,21.0,5083,40960,12.4,393.6,22072,257046,8.6,40
2026-04-16 20:49:57,29.0,5083,40960,12.4,394.2,22074,257046,8.6,40
2026-04-16 20:50:07,29.0,5083,40960,12.4,392.2,22077,257046,8.6,40
2026-04-16 20:50:17,33.0,5083,40960,12.4,391.5,22077,257046,8.6,40
2026-04-16 20:50:27,33.0,5083,40960,12.4,391.5,22083,257046,8.6,40
2026-04-16 20:50:37,21.0,5083,40960,12.4,392.7,22083,257046,8.6,40
2026-04-16 20:50:48,20.0,5083,40960,12.4,390.8,22085,257046,8.6,40
2026-04-16 20:50:58,33.0,5083,40960,12.4,393.4,22085,257046,8.6,40
2026-04-16 20:51:08,31.0,5083,40960,12.4,393.0,22091,257046,8.6,40
2026-04-16 20:51:18,22.0,5083,40960,12.4,388.2,22092,257046,8.6,40
2026-04-16 20:51:28,34.0,5083,40960,12.4,391.6,22095,257046,8.6,40
2026-04-16 20:51:38,33.0,5083,40960,12.4,392.0,22095,257046,8.6,40
2026-04-16 20:51:48,30.0,5083,40960,12.4,393.7,22101,257046,8.6,40
2026-04-16 20:51:58,31.0,5083,40960,12.4,391.4,22101,257046,8.6,40
2026-04-16 20:52:08,29.0,5083,40960,12.4,389.6,22104,257046,8.6,40
2026-04-16 20:52:19,22.0,5083,40960,12.4,393.4,22105,257046,8.6,40
2026-04-16 20:52:29,23.0,5083,40960,12.4,389.6,22111,257046,8.6,39
2026-04-16 20:52:39,20.0,5083,40960,12.4,390.6,22113,257046,8.6,40
2026-04-16 20:52:49,34.0,5083,40960,12.4,389.2,22117,257046,8.6,40
2026-04-16 20:52:59,23.0,5083,40960,12.4,388.5,22117,257046,8.6,39
2026-04-16 20:53:09,28.0,5083,40960,12.4,391.6,22124,257046,8.6,40
2026-04-16 20:53:19,24.0,5083,40960,12.4,389.5,22124,257046,8.6,40
2026-04-16 20:53:29,35.0,5083,40960,12.4,392.1,22128,257046,8.6,40
2026-04-16 20:53:39,29.0,5083,40960,12.4,391.2,22129,257046,8.6,40
2026-04-16 20:53:49,31.0,5083,40960,12.4,392.9,22134,257046,8.6,40
2026-04-16 20:54:00,33.0,5083,40960,12.4,388.6,22134,257046,8.6,40
2026-04-16 20:54:10,20.0,5083,40960,12.4,390.9,22138,257046,8.6,40
2026-04-16 20:54:20,26.0,5083,40960,12.4,392.6,22138,257046,8.6,40
2026-04-16 20:54:30,28.0,5083,40960,12.4,389.2,22143,257046,8.6,40
2026-04-16 20:54:40,31.0,5083,40960,12.4,388.8,22143,257046,8.6,40
2026-04-16 20:54:50,32.0,5083,40960,12.4,391.7,22145,257046,8.6,39
2026-04-16 20:55:00,32.0,5083,40960,12.4,391.5,22146,257046,8.6,40
2026-04-16 20:55:10,25.0,5083,40960,12.4,390.9,22152,257046,8.6,40
2026-04-16 20:55:20,25.0,5083,40960,12.4,389.7,22154,257046,8.6,40
2026-04-16 20:55:31,22.0,5083,40960,12.4,392.1,22158,257046,8.6,40
2026-04-16 20:55:41,22.0,5083,40960,12.4,390.3,22157,257046,8.6,40
2026-04-16 20:55:51,15.0,5083,40960,12.4,-12438.5,22060,257046,8.6,39
2026-04-16 20:56:01,12.0,5083,40960,12.4,374.3,22059,257046,8.6,39
2026-04-16 20:56:11,17.0,5083,40960,12.4,389.5,22059,257046,8.6,39
2026-04-16 20:56:21,14.0,5083,40960,12.4,389.4,22061,257046,8.6,39
2026-04-16 20:56:31,15.0,5083,40960,12.4,390.3,22062,257046,8.6,39
2026-04-16 20:56:41,15.0,5083,40960,12.4,391.5,22068,257046,8.6,38
2026-04-16 20:56:51,14.0,5083,40960,12.4,397.2,22071,257046,8.6,38
2026-04-16 20:57:02,17.0,5083,40960,12.4,391.3,22072,257046,8.6,39
2026-04-16 20:57:12,23.0,5083,40960,12.4,394.3,22073,257046,8.6,38
2026-04-16 20:57:22,14.0,5083,40960,12.4,392.1,22080,257046,8.6,38
2026-04-16 20:57:32,12.0,5083,40960,12.4,391.1,22081,257046,8.6,38
2026-04-16 20:57:42,21.0,5083,40960,12.4,394.2,22083,257046,8.6,39
2026-04-16 20:57:52,15.0,5083,40960,12.4,393.1,22083,257046,8.6,38
2026-04-16 20:58:02,15.0,5083,40960,12.4,393.0,22090,257046,8.6,38
2026-04-16 20:58:12,19.0,5083,40960,12.4,392.9,22090,257046,8.6,38
2026-04-16 20:58:23,12.0,5083,40960,12.4,389.9,22092,257046,8.6,38
2026-04-16 20:58:33,31.0,5083,40960,12.4,-1228.6,22199,257046,8.6,38
2026-04-16 20:58:43,19.0,5083,40960,12.4,414.2,22205,257046,8.6,39
2026-04-16 20:58:53,28.0,5083,40960,12.4,407.9,22206,257046,8.6,38
2026-04-16 20:59:03,31.0,5083,40960,12.4,408.6,22207,257046,8.6,38
2026-04-16 20:59:13,31.0,5083,40960,12.4,413.1,22210,257046,8.6,39
2026-04-16 20:59:23,31.0,5083,40960,12.4,412.5,22214,257046,8.6,39
2026-04-16 20:59:33,19.0,5083,40960,12.4,408.5,22216,257046,8.6,39
2026-04-16 20:59:44,21.0,5083,40960,12.4,405.5,22218,257046,8.6,39
2026-04-16 20:59:54,29.0,5083,40960,12.4,411.2,22219,257046,8.6,39
2026-04-16 21:00:04,35.0,5083,40960,12.4,412.6,22224,257046,8.6,39
2026-04-16 21:00:14,24.0,5083,40960,12.4,411.3,22224,257046,8.6,39
2026-04-16 21:00:24,21.0,5083,40960,12.4,409.3,22209,257046,8.6,39
2026-04-16 21:00:34,20.0,5083,40960,12.4,407.7,22213,257046,8.6,39
2026-04-16 21:00:44,32.0,5083,40960,12.4,408.7,22218,257046,8.6,39
2026-04-16 21:00:54,34.0,5083,40960,12.4,409.1,22221,257046,8.6,39
2026-04-16 21:01:05,27.0,5083,40960,12.4,408.0,22221,257046,8.6,39
2026-04-16 21:01:15,28.0,5083,40960,12.4,410.0,22225,257046,8.6,39
2026-04-16 21:01:25,25.0,5083,40960,12.4,414.0,22230,257046,8.6,39
2026-04-16 21:01:35,23.0,5083,40960,12.4,409.6,22231,257046,8.6,39
2026-04-16 21:01:45,24.0,5083,40960,12.4,405.8,22234,257046,8.6,39
2026-04-16 21:01:55,21.0,5083,40960,12.4,409.1,22236,257046,8.7,39
2026-04-16 21:02:05,31.0,5083,40960,12.4,409.0,22240,257046,8.7,39
2026-04-16 21:02:15,19.0,5083,40960,12.4,410.9,22241,257046,8.7,39
2026-04-16 21:02:26,32.0,5083,40960,12.4,412.7,22242,257046,8.7,39
2026-04-16 21:02:36,19.0,5083,40960,12.4,408.5,22248,257046,8.7,39
2026-04-16 21:02:46,21.0,5083,40960,12.4,408.8,22253,257046,8.7,39
2026-04-16 21:02:56,24.0,5083,40960,12.4,412.2,22255,257046,8.7,39
2026-04-16 21:03:06,26.0,5083,40960,12.4,406.0,22256,257046,8.7,39
2026-04-16 21:03:16,24.0,5083,40960,12.4,412.3,22259,257046,8.7,39
2026-04-16 21:03:26,21.0,5083,40960,12.4,409.8,22263,257046,8.7,39
2026-04-16 21:03:36,20.0,5083,40960,12.4,409.3,22265,257046,8.7,39
2026-04-16 21:03:46,31.0,5083,40960,12.4,409.1,22265,257046,8.7,39
2026-04-16 21:03:57,19.0,5083,40960,12.4,407.8,22268,257046,8.7,39
2026-04-16 21:04:07,21.0,5083,40960,12.4,403.8,22272,257046,8.7,39
2026-04-16 21:04:17,23.0,5083,40960,12.4,411.9,22274,257046,8.7,39
2026-04-16 21:04:27,20.0,5083,40960,12.4,407.0,22274,257046,8.7,39
2026-04-16 21:04:37,27.0,5083,40960,12.4,403.3,22277,257046,8.7,39
2026-04-16 21:04:47,23.0,5083,40960,12.4,409.7,22281,257046,8.7,39
2026-04-16 21:04:57,22.0,5083,40960,12.4,409.1,22283,257046,8.7,39
2026-04-16 21:05:07,24.0,5083,40960,12.4,412.3,22283,257046,8.7,39
2026-04-16 21:05:18,27.0,5083,40960,12.4,410.5,22286,257046,8.7,39
2026-04-16 21:05:28,24.0,5083,40960,12.4,410.0,22291,257046,8.7,40
2026-04-16 21:05:38,16.0,5083,40960,12.4,-12373.4,22191,257046,8.6,39
2026-04-16 21:05:48,15.0,5083,40960,12.4,414.2,22191,257046,8.6,39
2026-04-16 21:05:58,15.0,5083,40960,12.4,412.5,22193,257046,8.6,38
2026-04-16 21:06:08,15.0,5083,40960,12.4,409.0,22198,257046,8.6,38
2026-04-16 21:06:18,14.0,5083,40960,12.4,413.7,22201,257046,8.6,38
2026-04-16 21:06:28,15.0,5083,40960,12.4,414.3,22202,257046,8.6,38
2026-04-16 21:06:39,18.0,5083,40960,12.4,413.5,22203,257046,8.6,38
2026-04-16 21:06:49,14.0,5083,40960,12.4,413.4,22208,257046,8.6,38
2026-04-16 21:06:59,18.0,5083,40960,12.4,413.2,22210,257046,8.6,38
2026-04-16 21:07:09,17.0,5083,40960,12.4,411.3,22212,257046,8.6,38
2026-04-16 21:07:19,19.0,5083,40960,12.4,414.2,22213,257046,8.6,38
2026-04-16 21:07:29,19.0,5083,40960,12.4,414.3,22219,257046,8.6,38
2026-04-16 21:07:39,16.0,5083,40960,12.4,413.5,22219,257046,8.6,38
2026-04-16 21:07:50,20.0,5083,40960,12.4,413.8,22220,257046,8.6,38
2026-04-16 21:08:00,18.0,5083,40960,12.4,412.0,22222,257046,8.6,38
2026-04-16 21:08:10,18.0,5083,40960,12.4,414.3,22228,257046,8.6,38
2026-04-16 21:08:20,12.0,5083,40960,12.4,-1203.4,22333,257046,8.7,38
2026-04-16 21:08:30,23.0,5083,40960,12.4,410.6,22335,257046,8.7,38
2026-04-16 21:08:40,25.0,5083,40960,12.4,409.1,22336,257046,8.7,38
2026-04-16 21:08:50,30.0,5083,40960,12.4,411.8,22342,257046,8.7,38
2026-04-16 21:09:00,30.0,5083,40960,12.4,-12562.4,22239,257046,8.7,38
2026-04-16 21:09:11,33.0,5083,40960,12.4,413.1,22243,257046,8.7,38
2026-04-16 21:09:21,20.0,5083,40960,12.4,413.4,22245,257046,8.7,39
2026-04-16 21:09:31,21.0,5083,40960,12.4,412.8,22252,257046,8.7,39
2026-04-16 21:09:41,20.0,5083,40960,12.4,414.5,22255,257046,8.7,39
2026-04-16 21:09:51,20.0,5083,40960,12.4,411.9,22257,257046,8.7,39
2026-04-16 21:10:01,21.0,5083,40960,12.4,414.7,22258,257046,8.7,39
2026-04-16 21:10:11,21.0,5083,40960,12.4,414.2,22264,257046,8.7,39
2026-04-16 21:10:21,20.0,5083,40960,12.4,412.5,22264,257046,8.7,39
2026-04-16 21:10:32,18.0,5083,40960,12.4,410.4,22266,257046,8.7,39
2026-04-16 21:10:42,19.0,5083,40960,12.4,411.1,22267,257046,8.7,39
2026-04-16 21:10:52,28.0,5083,40960,12.4,415.4,22267,257046,8.7,39
2026-04-16 21:11:02,22.0,5083,40960,12.4,413.6,22273,257046,8.7,39
2026-04-16 21:11:12,23.0,5083,40960,12.4,416.5,22272,257046,8.7,39
2026-04-16 21:11:22,20.0,5083,40960,12.4,416.0,22275,257046,8.7,39
2026-04-16 21:11:32,31.0,5083,40960,12.4,414.2,22277,257046,8.7,39
2026-04-16 21:11:42,17.0,5083,40960,12.4,-1241.1,20995,257046,8.2,39
2026-04-16 21:11:53,25.0,3635,40960,8.9,-8619.3,19738,257046,7.7,39
2026-04-16 21:12:03,26.0,3635,40960,8.9,295.4,19740,257046,7.7,39
2026-04-16 21:12:13,26.0,3635,40960,8.9,299.5,19742,257046,7.7,39
2026-04-16 21:12:23,28.0,3635,40960,8.9,298.6,19747,257046,7.7,39
2026-04-16 21:12:33,16.0,3635,40960,8.9,300.3,19749,257046,7.7,39
2026-04-16 21:12:43,19.0,3635,40960,8.9,299.8,19751,257046,7.7,39
2026-04-16 21:12:53,24.0,3635,40960,8.9,300.5,19753,257046,7.7,39
2026-04-16 21:13:03,16.0,3635,40960,8.9,300.9,19760,257046,7.7,39
2026-04-16 21:13:14,25.0,3635,40960,8.9,298.0,19762,257046,7.7,39
2026-04-16 21:13:24,16.0,3635,40960,8.9,299.0,19762,257046,7.7,39
2026-04-16 21:13:34,18.0,3635,40960,8.9,298.8,19765,257046,7.7,39
2026-04-16 21:13:44,17.0,3635,40960,8.9,302.2,19767,257046,7.7,39
2026-04-16 21:13:54,18.0,3635,40960,8.9,301.8,19769,257046,7.7,39
2026-04-16 21:14:04,16.0,3635,40960,8.9,299.9,19771,257046,7.7,39
2026-04-16 21:14:14,26.0,3635,40960,8.9,300.2,19774,257046,7.7,39
2026-04-16 21:14:24,16.0,3635,40960,8.9,299.7,19778,257046,7.7,39
2026-04-16 21:14:34,27.0,3635,40960,8.9,301.6,19781,257046,7.7,39
2026-04-16 21:14:45,18.0,3635,40960,8.9,300.2,19781,257046,7.7,39
2026-04-16 21:14:55,18.0,3635,40960,8.9,301.3,19784,257046,7.7,39
2026-04-16 21:15:05,25.0,3635,40960,8.9,300.5,19788,257046,7.7,39
2026-04-16 21:15:15,21.0,3635,40960,8.9,299.2,19789,257046,7.7,39
2026-04-16 21:15:25,30.0,3635,40960,8.9,299.1,19790,257046,7.7,39
2026-04-16 21:15:35,16.0,3635,40960,8.9,301.0,19794,257046,7.7,39
2026-04-16 21:15:45,24.0,3635,40960,8.9,301.5,19797,257046,7.7,39
2026-04-16 21:15:55,25.0,3635,40960,8.9,299.7,19801,257046,7.7,39
2026-04-16 21:16:06,17.0,3635,40960,8.9,301.3,19804,257046,7.7,38
2026-04-16 21:16:16,19.0,3635,40960,8.9,300.3,19806,257046,7.7,38
2026-04-16 21:16:26,18.0,3635,40960,8.9,299.6,19806,257046,7.7,38
2026-04-16 21:16:36,29.0,3635,40960,8.9,298.0,19812,257046,7.7,39
2026-04-16 21:16:46,28.0,3635,40960,8.9,302.6,19812,257046,7.7,38
2026-04-16 21:16:56,26.0,3635,40960,8.9,299.0,19816,257046,7.7,39
2026-04-16 21:17:06,18.0,3635,40960,8.9,300.2,19817,257046,7.7,38
2026-04-16 21:17:16,22.0,3635,40960,8.9,300.3,19821,257046,7.7,39
2026-04-16 21:17:26,27.0,3635,40960,8.9,299.9,19822,257046,7.7,39
2026-04-16 21:17:37,25.0,3635,40960,8.9,298.7,19824,257046,7.7,39
2026-04-16 21:17:47,28.0,3635,40960,8.9,298.5,19824,257046,7.7,39
2026-04-16 21:17:57,18.0,3635,40960,8.9,299.7,19827,257046,7.7,39
2026-04-16 21:18:07,25.0,3635,40960,8.9,299.8,19827,257046,7.7,39
2026-04-16 21:18:17,26.0,3635,40960,8.9,301.3,19831,257046,7.7,38
2026-04-16 21:18:27,16.0,3635,40960,8.9,297.4,19833,257046,7.7,38
2026-04-16 21:18:37,25.0,3635,40960,8.9,302.2,19837,257046,7.7,39
2026-04-16 21:18:47,20.0,3635,40960,8.9,299.3,19838,257046,7.7,39
2026-04-16 21:18:58,18.0,3635,40960,8.9,298.4,19841,257046,7.7,38
2026-04-16 21:19:08,16.0,3635,40960,8.9,300.8,19841,257046,7.7,39
2026-04-16 21:19:18,22.0,3635,40960,8.9,301.2,19849,257046,7.7,39
2026-04-16 21:19:28,22.0,3635,40960,8.9,297.4,19849,257046,7.7,39
2026-04-16 21:19:38,16.0,3635,40960,8.9,298.0,19852,257046,7.7,38
2026-04-16 21:19:48,24.0,3635,40960,8.9,300.0,19852,257046,7.7,39
2026-04-16 21:19:58,26.0,3635,40960,8.9,298.7,19857,257046,7.7,38
2026-04-16 21:20:08,17.0,3635,40960,8.9,298.6,19857,257046,7.7,39
2026-04-16 21:20:18,18.0,3635,40960,8.9,297.9,19859,257046,7.7,39
2026-04-16 21:20:29,17.0,3635,40960,8.9,301.9,19860,257046,7.7,38
2026-04-16 21:20:39,17.0,3635,40960,8.9,297.6,19866,257046,7.7,38
2026-04-16 21:20:49,16.0,3635,40960,8.9,298.1,19866,257046,7.7,38
2026-04-16 21:20:59,17.0,3635,40960,8.9,300.8,19869,257046,7.7,38
2026-04-16 21:21:09,18.0,3635,40960,8.9,300.9,19870,257046,7.7,39
2026-04-16 21:21:19,16.0,3635,40960,8.9,299.2,19873,257046,7.7,38
2026-04-16 21:21:29,18.0,3635,40960,8.9,298.9,19874,257046,7.7,39
2026-04-16 21:21:39,26.0,3635,40960,8.9,299.0,19877,257046,7.7,38
2026-04-16 21:21:50,19.0,3635,40960,8.9,298.5,19878,257046,7.7,38
2026-04-16 21:22:00,27.0,3635,40960,8.9,299.2,19882,257046,7.7,39
2026-04-16 21:22:10,16.0,3635,40960,8.9,301.1,19883,257046,7.7,39
2026-04-16 21:22:20,19.0,3635,40960,8.9,-13921.0,19783,257046,7.7,39
2026-04-16 21:22:30,15.0,3635,40960,8.9,285.4,19788,257046,7.7,38
2026-04-16 21:22:40,10.0,3635,40960,8.9,287.7,19788,257046,7.7,38
2026-04-16 21:22:50,16.0,3635,40960,8.9,289.0,19790,257046,7.7,38
2026-04-16 21:23:00,10.0,3635,40960,8.9,286.2,19792,257046,7.7,38
2026-04-16 21:23:11,12.0,3635,40960,8.9,287.4,19797,257046,7.7,38
2026-04-16 21:23:21,10.0,3635,40960,8.9,284.2,19800,257046,7.7,38
2026-04-16 21:23:31,13.0,3635,40960,8.9,287.8,19799,257046,7.7,38
2026-04-16 21:23:41,18.0,3635,40960,8.9,285.9,19802,257046,7.7,37
2026-04-16 21:23:51,18.0,3635,40960,8.9,288.7,19808,257046,7.7,37
2026-04-16 21:24:01,10.0,3635,40960,8.9,284.9,19808,257046,7.7,38
2026-04-16 21:24:11,10.0,3635,40960,8.9,283.3,19810,257046,7.7,38
2026-04-16 21:24:21,10.0,3635,40960,8.9,288.0,19810,257046,7.7,38
2026-04-16 21:24:32,10.0,3635,40960,8.9,283.0,19817,257046,7.7,37
2026-04-16 21:24:42,18.0,3635,40960,8.9,288.4,19819,257046,7.7,37
2026-04-16 21:24:52,20.0,3635,40960,8.9,280.5,19821,257046,7.7,37
2026-04-16 21:25:02,18.0,3635,40960,8.9,282.7,19822,257046,7.7,37
2026-04-16 21:25:12,8.0,2519,40960,6.1,-28059.0,17322,257046,6.7,37
2026-04-16 21:25:22,16.0,2519,40960,6.1,172.8,17322,257046,6.7,37
2026-04-16 21:25:32,11.0,2519,40960,6.1,174.1,17324,257046,6.7,37
2026-04-16 21:25:42,16.0,2519,40960,6.1,173.6,17327,257046,6.7,37
2026-04-16 21:25:52,12.0,2519,40960,6.1,173.6,17328,257046,6.7,37
2026-04-16 21:26:03,12.0,2519,40960,6.1,173.7,17333,257046,6.7,37
2026-04-16 21:26:13,16.0,2519,40960,6.1,173.0,17335,257046,6.7,37
2026-04-16 21:26:23,8.0,2519,40960,6.1,172.6,17337,257046,6.7,37
2026-04-16 21:26:33,16.0,2519,40960,6.1,173.7,17337,257046,6.7,37
2026-04-16 21:26:43,16.0,2519,40960,6.1,175.5,17344,257046,6.7,37
2026-04-16 21:26:53,8.0,2519,40960,6.1,173.7,17344,257046,6.7,37
2026-04-16 21:27:03,8.0,2519,40960,6.1,172.3,17348,257046,6.7,37
2026-04-16 21:27:13,8.0,2519,40960,6.1,174.3,17348,257046,6.7,37
2026-04-16 21:27:23,8.0,2519,40960,6.1,175.0,17356,257046,6.8,37
2026-04-16 21:27:34,16.0,2519,40960,6.1,174.8,17356,257046,6.8,37
2026-04-16 21:27:44,11.0,2519,40960,6.1,173.7,17360,257046,6.8,37
2026-04-16 21:27:54,8.0,2519,40960,6.1,174.3,17361,257046,6.8,37
2026-04-16 21:28:04,8.0,2519,40960,6.1,174.1,17368,257046,6.8,37
2026-04-16 21:28:14,16.0,2519,40960,6.1,174.2,17368,257046,6.8,37
2026-04-16 21:28:24,12.0,2519,40960,6.1,176.0,17370,257046,6.8,37
2026-04-16 21:28:34,8.0,2519,40960,6.1,174.1,17371,257046,6.8,37
2026-04-16 21:28:44,16.0,2519,40960,6.1,176.4,17377,257046,6.8,37
2026-04-16 21:28:55,8.0,2519,40960,6.1,173.7,17379,257046,6.8,37
2026-04-16 21:29:05,16.0,2519,40960,6.1,172.9,17381,257046,6.8,37
2026-04-16 21:29:15,16.0,2519,40960,6.1,172.6,17382,257046,6.8,37
2026-04-16 21:29:25,8.0,2519,40960,6.1,175.3,17389,257046,6.8,37
2026-04-16 21:29:35,16.0,2519,40960,6.1,171.5,17389,257046,6.8,37
2026-04-16 21:29:45,16.0,2519,40960,6.1,175.0,17390,257046,6.8,37
2026-04-16 21:29:55,15.0,2519,40960,6.1,173.4,17391,257046,6.8,37
2026-04-16 21:30:05,10.0,2519,40960,6.1,170.8,17397,257046,6.8,37
2026-04-16 21:30:15,14.0,2519,40960,6.1,171.6,17397,257046,6.8,37
2026-04-16 21:30:26,8.0,2519,40960,6.1,172.4,17399,257046,6.8,37
2026-04-16 21:30:36,8.0,2519,40960,6.1,172.4,17400,257046,6.8,37
2026-04-16 21:30:46,8.0,2519,40960,6.1,173.0,17406,257046,6.8,37
2026-04-16 21:30:56,8.0,2519,40960,6.1,174.2,17406,257046,6.8,37
2026-04-16 21:31:06,3.0,2519,40960,6.1,-13191.3,17305,257046,6.7,36
2026-04-16 21:31:16,3.0,2519,40960,6.1,177.2,17305,257046,6.7,36
2026-04-16 21:31:26,3.0,2519,40960,6.1,176.3,17312,257046,6.7,36
2026-04-16 21:31:36,3.0,2519,40960,6.1,178.1,17314,257046,6.7,36
2026-04-16 21:31:47,3.0,2519,40960,6.1,178.8,17317,257046,6.7,36
2026-04-16 21:31:57,6.0,2519,40960,6.1,177.7,17318,257046,6.7,36
2026-04-16 21:32:07,3.0,2519,40960,6.1,180.5,17325,257046,6.7,36
2026-04-16 21:32:17,7.0,2519,40960,6.1,178.1,17325,257046,6.7,36
2026-04-16 21:32:27,3.0,2519,40960,6.1,178.2,17329,257046,6.7,36
2026-04-16 21:32:37,3.0,2519,40960,6.1,177.2,17329,257046,6.7,35
2026-04-16 21:32:47,3.0,2519,40960,6.1,179.8,17334,257046,6.7,35
2026-04-16 21:32:57,3.0,2519,40960,6.1,180.6,17334,257046,6.7,35
2026-04-16 21:33:07,3.0,2519,40960,6.1,179.3,17337,257046,6.7,35
2026-04-16 21:33:17,3.0,2519,40960,6.1,178.9,17337,257046,6.7,35
2026-04-16 21:33:28,3.0,2519,40960,6.1,180.0,17344,257046,6.7,35
2026-04-16 21:33:38,8.0,2519,40960,6.1,-1352.0,17448,257046,6.8,36
2026-04-16 21:33:48,8.0,2519,40960,6.1,175.1,17450,257046,6.8,36
2026-04-16 21:33:58,8.0,2519,40960,6.1,173.9,17452,257046,6.8,36
2026-04-16 21:34:08,16.0,2519,40960,6.1,173.6,17459,257046,6.8,36
2026-04-16 21:34:18,16.0,2519,40960,6.1,173.3,17459,257046,6.8,36
2026-04-16 21:34:28,15.0,2519,40960,6.1,173.5,17461,257046,6.8,36
2026-04-16 21:34:38,13.0,2519,40960,6.1,172.8,17463,257046,6.8,36
2026-04-16 21:34:49,8.0,2519,40960,6.1,174.7,17469,257046,6.8,36
2026-04-16 21:34:59,16.0,2519,40960,6.1,174.4,17470,257046,6.8,36
2026-04-16 21:35:09,8.0,2519,40960,6.1,173.1,17472,257046,6.8,36
2026-04-16 21:35:19,8.0,2519,40960,6.1,170.4,17475,257046,6.8,36
2026-04-16 21:35:29,16.0,2519,40960,6.1,172.7,17479,257046,6.8,37
2026-04-16 21:35:39,9.0,2519,40960,6.1,172.3,17481,257046,6.8,37
2026-04-16 21:35:49,12.0,2519,40960,6.1,173.5,17481,257046,6.8,37
2026-04-16 21:35:59,8.0,2519,40960,6.1,172.6,17484,257046,6.8,37
2026-04-16 21:36:09,16.0,2519,40960,6.1,174.1,17488,257046,6.8,37
2026-04-16 21:36:20,16.0,2519,40960,6.1,174.2,17490,257046,6.8,37
2026-04-16 21:36:30,12.0,2519,40960,6.1,174.2,17492,257046,6.8,37
2026-04-16 21:36:40,9.0,2519,40960,6.1,172.9,17495,257046,6.8,37
2026-04-16 21:36:50,15.0,2519,40960,6.1,175.5,17499,257046,6.8,37
2026-04-16 21:37:00,16.0,2519,40960,6.1,175.3,17501,257046,6.8,37
2026-04-16 21:37:10,16.0,2519,40960,6.1,173.2,17505,257046,6.8,37
2026-04-16 21:37:20,8.0,2519,40960,6.1,176.2,17509,257046,6.8,37
2026-04-16 21:37:30,8.0,2519,40960,6.1,173.3,17510,257046,6.8,37
2026-04-16 21:37:40,8.0,2519,40960,6.1,176.1,17515,257046,6.8,37
2026-04-16 21:37:51,16.0,2519,40960,6.1,175.0,17517,257046,6.8,37
2026-04-16 21:38:01,8.0,2519,40960,6.1,173.1,17520,257046,6.8,37
2026-04-16 21:38:11,8.0,2519,40960,6.1,175.3,17520,257046,6.8,37
2026-04-16 21:38:21,8.0,2519,40960,6.1,173.3,17526,257046,6.8,37
2026-04-16 21:38:31,16.0,2519,40960,6.1,175.9,17528,257046,6.8,37
2026-04-16 21:38:41,8.0,2519,40960,6.1,173.8,17532,257046,6.8,37
2026-04-16 21:38:51,8.0,2519,40960,6.1,177.2,17532,257046,6.8,37
2026-04-16 21:39:01,16.0,2519,40960,6.1,173.4,17532,257046,6.8,37
2026-04-16 21:39:11,8.0,2519,40960,6.1,174.4,17537,257046,6.8,37
2026-04-16 21:39:22,16.0,2519,40960,6.1,177.5,17537,257046,6.8,37
2026-04-16 21:39:32,8.0,2519,40960,6.1,176.4,17543,257046,6.8,37
2026-04-16 21:39:42,9.0,2519,40960,6.1,176.3,17544,257046,6.8,37
2026-04-16 21:39:52,8.0,2519,40960,6.1,174.8,17549,257046,6.8,37
2026-04-16 21:40:02,12.0,2519,40960,6.1,176.6,17549,257046,6.8,37
2026-04-16 21:40:12,16.0,2519,40960,6.1,174.1,17552,257046,6.8,37
2026-04-16 21:40:22,16.0,2519,40960,6.1,174.1,17553,257046,6.8,37
2026-04-16 21:40:32,8.0,2519,40960,6.1,176.3,17557,257046,6.8,37
2026-04-16 21:40:43,9.0,2519,40960,6.1,174.3,17557,257046,6.8,37
2026-04-16 21:40:53,8.0,2519,40960,6.1,176.2,17561,257046,6.8,37
2026-04-16 21:41:03,16.0,2519,40960,6.1,174.7,17563,257046,6.8,37
2026-04-16 21:41:13,8.0,2519,40960,6.1,174.4,17568,257046,6.8,37
2026-04-16 21:41:23,8.0,2519,40960,6.1,176.4,17568,257046,6.8,37
2026-04-16 21:41:33,8.0,2519,40960,6.1,175.0,17571,257046,6.8,37
2026-04-16 21:41:43,16.0,2519,40960,6.1,176.0,17572,257046,6.8,37
2026-04-16 21:41:53,8.0,2519,40960,6.1,176.3,17577,257046,6.8,37
2026-04-16 21:42:03,13.0,2519,40960,6.1,174.8,17577,257046,6.8,37
2026-04-16 21:42:14,16.0,2519,40960,6.1,343.3,17583,257046,6.8,37
2026-04-16 21:42:24,8.0,2519,40960,6.1,172.4,17582,257046,6.8,37
2026-04-16 21:42:34,10.0,2519,40960,6.1,172.0,17589,257046,6.8,37
2026-04-16 21:42:44,16.0,2519,40960,6.1,175.1,17589,257046,6.8,37
2026-04-16 21:42:54,14.0,2519,40960,6.1,176.0,17593,257046,6.8,37
2026-04-16 21:43:04,13.0,2519,40960,6.1,176.3,17593,257046,6.8,37
2026-04-16 21:43:14,16.0,2519,40960,6.1,173.8,17600,257046,6.8,37
2026-04-16 21:43:24,8.0,2519,40960,6.1,173.2,17602,257046,6.8,37
2026-04-16 21:43:35,12.0,2519,40960,6.1,176.4,17604,257046,6.8,37
2026-04-16 21:43:45,16.0,2519,40960,6.1,173.3,17605,257046,6.8,37
2026-04-16 21:43:55,16.0,2519,40960,6.1,175.4,17612,257046,6.9,37
2026-04-16 21:44:05,16.0,2519,40960,6.1,174.1,17612,257046,6.9,37
2026-04-16 21:44:15,8.0,2519,40960,6.1,174.7,17616,257046,6.9,37
2026-04-16 21:44:25,8.0,2519,40960,6.1,173.1,17618,257046,6.9,37
2026-04-16 21:44:35,8.0,2519,40960,6.1,175.4,17623,257046,6.9,37
2026-04-16 21:44:45,8.0,2519,40960,6.1,174.1,17623,257046,6.9,37
2026-04-16 21:44:56,8.0,2519,40960,6.1,175.8,17626,257046,6.9,37
2026-04-16 21:45:06,8.0,2519,40960,6.1,173.4,17627,257046,6.9,37
2026-04-16 21:45:16,11.0,2519,40960,6.1,172.4,17631,257046,6.9,37
2026-04-16 21:45:26,8.0,2519,40960,6.1,175.6,17632,257046,6.9,37
2026-04-16 21:45:36,8.0,2519,40960,6.1,174.9,17635,257046,6.9,37
2026-04-16 21:45:46,8.0,2519,40960,6.1,173.9,17637,257046,6.9,37
2026-04-16 21:45:56,16.0,2519,40960,6.1,175.7,17641,257046,6.9,37
2026-04-16 21:46:06,8.0,2519,40960,6.1,173.2,17641,257046,6.9,37
2026-04-16 21:46:17,8.0,2519,40960,6.1,172.8,17645,257046,6.9,37
2026-04-16 21:46:27,8.0,2519,40960,6.1,174.5,17646,257046,6.9,37
2026-04-16 21:46:37,8.0,2519,40960,6.1,173.8,17652,257046,6.9,37
2026-04-16 21:46:47,14.0,2519,40960,6.1,172.9,17652,257046,6.9,37
2026-04-16 21:46:57,16.0,2519,40960,6.1,174.3,17656,257046,6.9,37
2026-04-16 21:47:07,8.0,2519,40960,6.1,173.1,17656,257046,6.9,37
2026-04-16 21:47:17,8.0,2519,40960,6.1,172.6,17663,257046,6.9,37
2026-04-16 21:47:27,16.0,2519,40960,6.1,173.4,17663,257046,6.9,37
2026-04-16 21:47:37,16.0,2519,40960,6.1,170.8,17665,257046,6.9,37
2026-04-16 21:47:48,8.0,2519,40960,6.1,172.9,17666,257046,6.9,37
2026-04-16 21:47:58,8.0,2519,40960,6.1,173.7,17669,257046,6.9,37
2026-04-16 21:48:08,13.0,2519,40960,6.1,173.9,17669,257046,6.9,37
2026-04-16 21:48:18,8.0,2519,40960,6.1,174.0,17670,257046,6.9,37
2026-04-16 21:48:28,16.0,2519,40960,6.1,173.7,17670,257046,6.9,37
2026-04-16 21:48:38,8.0,2519,40960,6.1,173.7,17670,257046,6.9,37
2026-04-16 21:48:48,16.0,2519,40960,6.1,174.1,17670,257046,6.9,37
2026-04-16 21:48:58,8.0,2519,40960,6.1,174.6,17670,257046,6.9,37
2026-04-16 21:49:08,9.0,2519,40960,6.1,173.6,17669,257046,6.9,37
2026-04-16 21:49:19,13.0,2519,40960,6.1,173.0,17669,257046,6.9,37
2026-04-16 21:49:29,16.0,2519,40960,6.1,174.0,17669,257046,6.9,37
2026-04-16 21:49:39,8.0,2519,40960,6.1,173.6,17669,257046,6.9,37
2026-04-16 21:49:49,16.0,2519,40960,6.1,172.0,17669,257046,6.9,37
2026-04-16 21:49:59,13.0,2519,40960,6.1,173.7,17670,257046,6.9,37
2026-04-16 21:50:09,8.0,2519,40960,6.1,173.8,17669,257046,6.9,37
2026-04-16 21:50:19,8.0,2519,40960,6.1,172.4,17669,257046,6.9,37
2026-04-16 21:50:29,8.0,2519,40960,6.1,175.0,17670,257046,6.9,37
2026-04-16 21:50:39,12.0,2519,40960,6.1,173.5,17670,257046,6.9,37
2026-04-16 21:50:50,13.0,2519,40960,6.1,173.1,17670,257046,6.9,37
2026-04-16 21:51:00,16.0,2519,40960,6.1,172.1,17670,257046,6.9,37
2026-04-16 21:51:10,8.0,2519,40960,6.1,172.5,17670,257046,6.9,37
2026-04-16 21:51:20,8.0,2519,40960,6.1,174.0,17670,257046,6.9,37
2026-04-16 21:51:30,16.0,2519,40960,6.1,170.8,17670,257046,6.9,37
2026-04-16 21:51:40,8.0,2519,40960,6.1,171.6,17670,257046,6.9,37
2026-04-16 21:51:50,10.0,2519,40960,6.1,172.1,17670,257046,6.9,37
2026-04-16 21:52:00,8.0,2519,40960,6.1,170.8,17670,257046,6.9,37
2026-04-16 21:52:11,8.0,2519,40960,6.1,172.7,17670,257046,6.9,37
2026-04-16 21:52:21,8.0,2519,40960,6.1,173.2,17670,257046,6.9,37
2026-04-16 21:52:31,16.0,2519,40960,6.1,172.5,17670,257046,6.9,37
2026-04-16 21:52:41,16.0,2519,40960,6.1,171.7,17670,257046,6.9,37
2026-04-16 21:52:51,8.0,2519,40960,6.1,171.8,17670,257046,6.9,37
2026-04-16 21:53:01,8.0,2519,40960,6.1,172.9,17670,257046,6.9,37
2026-04-16 21:53:11,8.0,2519,40960,6.1,173.4,17670,257046,6.9,37
2026-04-16 21:53:21,8.0,2519,40960,6.1,172.2,17670,257046,6.9,37
2026-04-16 21:53:31,10.0,2519,40960,6.1,170.7,17670,257046,6.9,37
2026-04-16 21:53:42,16.0,2519,40960,6.1,173.6,17670,257046,6.9,37
2026-04-16 21:53:52,16.0,2519,40960,6.1,173.1,17670,257046,6.9,37
2026-04-16 21:54:02,13.0,2519,40960,6.1,174.1,17670,257046,6.9,37
2026-04-16 21:54:12,16.0,2519,40960,6.1,172.0,17671,257046,6.9,37
2026-04-16 21:54:22,8.0,2519,40960,6.1,176.6,17671,257046,6.9,37
2026-04-16 21:54:32,8.0,2519,40960,6.1,174.0,17670,257046,6.9,37
2026-04-16 21:54:42,14.0,2519,40960,6.1,175.7,17670,257046,6.9,37
2026-04-16 21:54:52,8.0,2519,40960,6.1,173.3,17670,257046,6.9,37
2026-04-16 21:55:03,8.0,2519,40960,6.1,174.1,17670,257046,6.9,37
2026-04-16 21:55:13,11.0,2519,40960,6.1,173.3,17670,257046,6.9,37
2026-04-16 21:55:23,16.0,2519,40960,6.1,173.5,17670,257046,6.9,37
2026-04-16 21:55:33,16.0,2519,40960,6.1,175.5,17670,257046,6.9,37
2026-04-16 21:55:43,11.0,2519,40960,6.1,175.7,17567,257046,6.8,37
2026-04-16 21:55:53,7.0,2519,40960,6.1,-12941.5,17568,257046,6.8,36
2026-04-16 21:56:03,3.0,2519,40960,6.1,175.8,17568,257046,6.8,36
2026-04-16 21:56:13,6.0,2519,40960,6.1,177.3,17568,257046,6.8,36
2026-04-16 21:56:23,7.0,2519,40960,6.1,178.3,17567,257046,6.8,36
2026-04-16 21:56:33,3.0,2519,40960,6.1,175.8,17568,257046,6.8,36
2026-04-16 21:56:44,7.0,2519,40960,6.1,177.0,17568,257046,6.8,36
2026-04-16 21:56:54,7.0,2519,40960,6.1,176.9,17568,257046,6.8,36
2026-04-16 21:57:04,3.0,2519,40960,6.1,176.6,17568,257046,6.8,36
2026-04-16 21:57:14,3.0,2519,40960,6.1,178.3,17567,257046,6.8,35
2026-04-16 21:57:24,7.0,2519,40960,6.1,177.3,17567,257046,6.8,35
2026-04-16 21:57:34,3.0,2519,40960,6.1,180.5,17567,257046,6.8,35
2026-04-16 21:57:44,7.0,2519,40960,6.1,178.1,17567,257046,6.8,36
2026-04-16 21:57:54,3.0,2519,40960,6.1,179.0,17567,257046,6.8,35
2026-04-16 21:58:05,3.0,2519,40960,6.1,177.1,17567,257046,6.8,35
2026-04-16 21:58:15,7.0,2519,40960,6.1,178.9,17567,257046,6.8,35
2026-04-16 21:58:25,8.0,2519,40960,6.1,-1361.2,17671,257046,6.9,36
2026-04-16 21:58:35,8.0,2519,40960,6.1,174.9,17671,257046,6.9,36
2026-04-16 21:58:45,15.0,2519,40960,6.1,175.0,17671,257046,6.9,36
2026-04-16 21:58:55,8.0,2519,40960,6.1,174.9,17670,257046,6.9,36
2026-04-16 21:59:05,12.0,2519,40960,6.1,170.2,17670,257046,6.9,36
2026-04-16 21:59:15,16.0,2519,40960,6.1,173.7,17670,257046,6.9,36
2026-04-16 21:59:25,16.0,2519,40960,6.1,173.2,17671,257046,6.9,36
2026-04-16 21:59:36,8.0,2519,40960,6.1,173.9,17671,257046,6.9,36
2026-04-16 21:59:46,8.0,2519,40960,6.1,172.6,17670,257046,6.9,36
2026-04-16 21:59:56,8.0,2519,40960,6.1,175.1,17671,257046,6.9,36
2026-04-16 22:00:06,8.0,2519,40960,6.1,172.8,17671,257046,6.9,37
2026-04-16 22:00:16,8.0,2519,40960,6.1,173.4,17671,257046,6.9,37
2026-04-16 22:00:26,16.0,2519,40960,6.1,174.0,17671,257046,6.9,37
2026-04-16 22:00:36,8.0,2519,40960,6.1,171.4,17670,257046,6.9,37
2026-04-16 22:00:46,8.0,2519,40960,6.1,175.0,17670,257046,6.9,37
2026-04-16 22:00:57,8.0,2519,40960,6.1,173.4,17671,257046,6.9,37
2026-04-16 22:01:07,16.0,2519,40960,6.1,174.5,17671,257046,6.9,37
2026-04-16 22:01:17,16.0,2519,40960,6.1,173.4,17671,257046,6.9,37
2026-04-16 22:01:27,16.0,2519,40960,6.1,172.9,17671,257046,6.9,37
2026-04-16 22:01:37,16.0,2519,40960,6.1,173.1,17671,257046,6.9,37
2026-04-16 22:01:47,8.0,2519,40960,6.1,173.2,17671,257046,6.9,37
2026-04-16 22:01:57,9.0,2519,40960,6.1,175.9,17671,257046,6.9,37
2026-04-16 22:02:07,16.0,2519,40960,6.1,172.5,17671,257046,6.9,37
2026-04-16 22:02:17,8.0,2519,40960,6.1,175.5,17671,257046,6.9,37
2026-04-16 22:02:28,8.0,2519,40960,6.1,173.7,17671,257046,6.9,37
2026-04-16 22:02:38,16.0,2519,40960,6.1,172.7,17671,257046,6.9,37
2026-04-16 22:02:48,8.0,2519,40960,6.1,173.3,17671,257046,6.9,37
2026-04-16 22:02:58,16.0,2519,40960,6.1,173.0,17671,257046,6.9,37
2026-04-16 22:03:08,9.0,2519,40960,6.1,174.3,17671,257046,6.9,37
2026-04-16 22:03:18,10.0,2519,40960,6.1,175.6,17671,257046,6.9,37
2026-04-16 22:03:28,16.0,2519,40960,6.1,173.8,17671,257046,6.9,37
2026-04-16 22:03:38,8.0,2519,40960,6.1,173.7,17671,257046,6.9,37
2026-04-16 22:03:49,8.0,2519,40960,6.1,174.6,17671,257046,6.9,37
2026-04-16 22:03:59,8.0,2519,40960,6.1,174.7,17671,257046,6.9,37
2026-04-16 22:04:09,16.0,2519,40960,6.1,171.6,17671,257046,6.9,37
2026-04-16 22:04:19,16.0,2519,40960,6.1,170.8,17670,257046,6.9,37
2026-04-16 22:04:29,8.0,2519,40960,6.1,174.6,17671,257046,6.9,37
2026-04-16 22:04:39,8.0,2519,40960,6.1,173.1,17671,257046,6.9,37
2026-04-16 22:04:49,8.0,2519,40960,6.1,175.7,17672,257046,6.9,37
2026-04-16 22:04:59,11.0,2519,40960,6.1,174.5,17672,257046,6.9,37
2026-04-16 22:05:09,8.0,2519,40960,6.1,174.2,17644,257046,6.9,37
2026-04-16 22:05:20,16.0,2519,40960,6.1,175.8,17644,257046,6.9,37
2026-04-16 22:05:30,16.0,2519,40960,6.1,174.0,17645,257046,6.9,37
2026-04-16 22:05:40,16.0,2519,40960,6.1,173.4,17644,257046,6.9,37
2026-04-16 22:05:50,8.0,2519,40960,6.1,174.4,17644,257046,6.9,37
2026-04-16 22:06:00,8.0,2519,40960,6.1,173.6,17645,257046,6.9,37
2026-04-16 22:06:10,8.0,2519,40960,6.1,174.0,17644,257046,6.9,37
2026-04-16 22:06:20,16.0,2519,40960,6.1,173.9,17645,257046,6.9,37
2026-04-16 22:06:30,9.0,2519,40960,6.1,173.8,17645,257046,6.9,37
2026-04-16 22:06:41,8.0,2519,40960,6.1,172.2,17645,257046,6.9,38
2026-04-16 22:06:51,8.0,2519,40960,6.1,173.6,17644,257046,6.9,37
2026-04-16 22:07:01,8.0,2519,40960,6.1,175.0,17644,257046,6.9,37
2026-04-16 22:07:11,8.0,2519,40960,6.1,175.8,17644,257046,6.9,37
2026-04-16 22:07:21,16.0,2519,40960,6.1,173.1,17644,257046,6.9,38
2026-04-16 22:07:31,16.0,2519,40960,6.1,173.6,17644,257046,6.9,37
2026-04-16 22:07:41,16.0,2519,40960,6.1,175.0,17644,257046,6.9,37
2026-04-16 22:07:51,8.0,2519,40960,6.1,173.0,17644,257046,6.9,37
2026-04-16 22:08:02,8.0,2519,40960,6.1,174.5,17644,257046,6.9,37
2026-04-16 22:08:12,8.0,2519,40960,6.1,173.6,17644,257046,6.9,37
2026-04-16 22:08:22,8.0,2519,40960,6.1,175.1,17644,257046,6.9,37
2026-04-16 22:08:32,9.0,2519,40960,6.1,174.9,17644,257046,6.9,37
2026-04-16 22:08:42,8.0,2519,40960,6.1,173.6,17644,257046,6.9,37
2026-04-16 22:08:52,8.0,2519,40960,6.1,175.5,17644,257046,6.9,37
2026-04-16 22:09:02,8.0,2519,40960,6.1,174.9,17644,257046,6.9,37
2026-04-16 22:09:12,8.0,2519,40960,6.1,173.1,17645,257046,6.9,38
2026-04-16 22:09:22,8.0,2519,40960,6.1,174.8,17645,257046,6.9,37
2026-04-16 22:09:33,16.0,2519,40960,6.1,175.2,17645,257046,6.9,37
2026-04-16 22:09:43,8.0,2519,40960,6.1,173.6,17645,257046,6.9,37
2026-04-16 22:09:53,16.0,2519,40960,6.1,175.2,17644,257046,6.9,37
2026-04-16 22:10:03,16.0,2519,40960,6.1,175.0,17644,257046,6.9,37
2026-04-16 22:10:13,8.0,2519,40960,6.1,173.2,17644,257046,6.9,37
2026-04-16 22:10:23,8.0,2519,40960,6.1,175.3,17644,257046,6.9,37
2026-04-16 22:10:33,8.0,2519,40960,6.1,174.6,17644,257046,6.9,37
2026-04-16 22:10:43,8.0,2519,40960,6.1,176.5,17644,257046,6.9,37
2026-04-16 22:10:53,8.0,2519,40960,6.1,175.8,17644,257046,6.9,38
2026-04-16 22:11:04,11.0,2519,40960,6.1,174.5,17644,257046,6.9,37
2026-04-16 22:11:14,16.0,2519,40960,6.1,175.0,17644,257046,6.9,37
2026-04-16 22:11:24,8.0,2519,40960,6.1,173.8,17644,257046,6.9,37
2026-04-16 22:11:34,8.0,2519,40960,6.1,174.9,17643,257046,6.9,38
2026-04-16 22:11:44,8.0,2519,40960,6.1,173.6,17643,257046,6.9,37
2026-04-16 22:11:54,16.0,2519,40960,6.1,175.2,17644,257046,6.9,37
2026-04-16 22:12:04,8.0,2519,40960,6.1,174.4,17644,257046,6.9,37
2026-04-16 22:12:14,8.0,2519,40960,6.1,173.8,17644,257046,6.9,37
2026-04-16 22:12:24,8.0,2519,40960,6.1,176.5,17644,257046,6.9,37
2026-04-16 22:12:35,9.0,2519,40960,6.1,174.7,17644,257046,6.9,37
2026-04-16 22:12:45,8.0,2519,40960,6.1,174.8,17644,257046,6.9,37
2026-04-16 22:12:55,8.0,2519,40960,6.1,173.5,17645,257046,6.9,37
2026-04-16 22:13:05,8.0,2519,40960,6.1,175.3,17645,257046,6.9,37
2026-04-16 22:13:15,8.0,2519,40960,6.1,174.3,17644,257046,6.9,37
2026-04-16 22:13:25,10.0,2519,40960,6.1,173.4,17645,257046,6.9,37
2026-04-16 22:13:35,8.0,2519,40960,6.1,174.4,17644,257046,6.9,37
2026-04-16 22:13:45,16.0,2519,40960,6.1,175.0,17644,257046,6.9,37
2026-04-16 22:13:56,16.0,2519,40960,6.1,174.4,17644,257046,6.9,38
2026-04-16 22:14:06,9.0,2519,40960,6.1,172.8,17644,257046,6.9,37
2026-04-16 22:14:16,8.0,2519,40960,6.1,175.4,17644,257046,6.9,37
2026-04-16 22:14:26,16.0,2519,40960,6.1,174.6,17644,257046,6.9,37
2026-04-16 22:14:36,8.0,2519,40960,6.1,175.1,17644,257046,6.9,37
2026-04-16 22:14:46,16.0,2519,40960,6.1,174.1,17644,257046,6.9,37
2026-04-16 22:14:56,16.0,2519,40960,6.1,174.8,17644,257046,6.9,37
2026-04-16 22:15:06,16.0,2519,40960,6.1,172.5,17644,257046,6.9,37
2026-04-16 22:15:16,8.0,2519,40960,6.1,173.8,17644,257046,6.9,37
2026-04-16 22:15:27,8.0,2519,40960,6.1,173.0,17645,257046,6.9,37
2026-04-16 22:15:37,16.0,2519,40960,6.1,173.2,17645,257046,6.9,37
2026-04-16 22:15:47,8.0,2519,40960,6.1,173.7,17644,257046,6.9,37
2026-04-16 22:15:57,8.0,2519,40960,6.1,172.5,17644,257046,6.9,37
2026-04-16 22:16:07,8.0,2519,40960,6.1,176.4,17645,257046,6.9,37
2026-04-16 22:16:17,8.0,2519,40960,6.1,172.2,17645,257046,6.9,37
2026-04-16 22:16:27,8.0,2519,40960,6.1,173.5,17645,257046,6.9,37
2026-04-16 22:16:37,16.0,2519,40960,6.1,176.3,17644,257046,6.9,37
2026-04-16 22:16:47,16.0,2519,40960,6.1,175.4,17644,257046,6.9,37
2026-04-16 22:16:58,8.0,2519,40960,6.1,173.0,17644,257046,6.9,37
2026-04-16 22:17:08,16.0,2519,40960,6.1,173.1,17644,257046,6.9,37
2026-04-16 22:17:18,16.0,2519,40960,6.1,173.5,17644,257046,6.9,37
2026-04-16 22:17:28,16.0,2519,40960,6.1,173.8,17644,257046,6.9,37
2026-04-16 22:17:38,8.0,2519,40960,6.1,172.4,17645,257046,6.9,37
2026-04-16 22:17:48,8.0,2519,40960,6.1,175.3,17645,257046,6.9,37
2026-04-16 22:17:58,14.0,2519,40960,6.1,174.5,17645,257046,6.9,37
2026-04-16 22:18:08,16.0,2519,40960,6.1,173.1,17644,257046,6.9,37
2026-04-16 22:18:18,16.0,2519,40960,6.1,174.6,17644,257046,6.9,37
2026-04-16 22:18:29,14.0,2519,40960,6.1,174.1,17645,257046,6.9,37
2026-04-16 22:18:39,8.0,2519,40960,6.1,172.7,17644,257046,6.9,37
2026-04-16 22:18:49,8.0,2519,40960,6.1,173.3,17644,257046,6.9,37
2026-04-16 22:18:59,16.0,2519,40960,6.1,172.8,17644,257046,6.9,37
2026-04-16 22:19:09,8.0,2519,40960,6.1,174.1,17644,257046,6.9,37
2026-04-16 22:19:19,11.0,2519,40960,6.1,171.4,17644,257046,6.9,37
2026-04-16 22:19:29,13.0,2519,40960,6.1,174.7,17644,257046,6.9,37
2026-04-16 22:19:39,8.0,2519,40960,6.1,173.6,17644,257046,6.9,37
2026-04-16 22:19:49,16.0,2519,40960,6.1,176.7,17644,257046,6.9,37
2026-04-16 22:20:00,8.0,2519,40960,6.1,173.0,17644,257046,6.9,37
2026-04-16 22:20:10,8.0,2519,40960,6.1,172.2,17644,257046,6.9,37
2026-04-16 22:20:20,9.0,2519,40960,6.1,174.3,17644,257046,6.9,37
2026-04-16 22:20:30,7.0,2519,40960,6.1,-12928.3,17555,257046,6.8,37
2026-04-16 22:20:40,3.0,2519,40960,6.1,176.7,17555,257046,6.8,37
2026-04-16 22:20:50,7.0,2519,40960,6.1,177.4,17555,257046,6.8,36
2026-04-16 22:21:00,7.0,2519,40960,6.1,177.5,17556,257046,6.8,36
2026-04-16 22:21:10,7.0,2519,40960,6.1,177.7,17555,257046,6.8,36
2026-04-16 22:21:21,3.0,2519,40960,6.1,176.2,17555,257046,6.8,36
2026-04-16 22:21:31,7.0,2519,40960,6.1,180.5,17555,257046,6.8,36
2026-04-16 22:21:41,3.0,2519,40960,6.1,179.4,17554,257046,6.8,36
2026-04-16 22:21:51,3.0,2519,40960,6.1,178.7,17555,257046,6.8,36
2026-04-16 22:22:01,7.0,2519,40960,6.1,179.6,17555,257046,6.8,36
2026-04-16 22:22:11,7.0,2519,40960,6.1,178.3,17555,257046,6.8,35
2026-04-16 22:22:21,3.0,2519,40960,6.1,179.5,17556,257046,6.8,35
2026-04-16 22:22:31,3.0,2519,40960,6.1,178.0,17556,257046,6.8,35
2026-04-16 22:22:41,3.0,2519,40960,6.1,178.4,17556,257046,6.8,35
2026-04-16 22:22:52,3.0,2519,40960,6.1,178.7,17555,257046,6.8,35
2026-04-16 22:23:02,0.0,2519,40960,6.1,-1336.6,17657,257046,6.9,35
2026-04-16 22:23:12,16.0,2519,40960,6.1,173.5,17658,257046,6.9,36
2026-04-16 22:23:22,14.0,2519,40960,6.1,172.1,17658,257046,6.9,36
2026-04-16 22:23:32,14.0,2519,40960,6.1,171.8,17658,257046,6.9,36
2026-04-16 22:23:42,14.0,2519,40960,6.1,172.1,17658,257046,6.9,36
2026-04-16 22:23:52,14.0,2519,40960,6.1,173.4,17658,257046,6.9,36
2026-04-16 22:24:02,8.0,2519,40960,6.1,171.4,17659,257046,6.9,36
2026-04-16 22:24:12,13.0,2519,40960,6.1,172.7,17658,257046,6.9,36
2026-04-16 22:24:23,8.0,2519,40960,6.1,173.0,17658,257046,6.9,37
2026-04-16 22:24:33,16.0,2519,40960,6.1,173.0,17658,257046,6.9,36
2026-04-16 22:24:43,8.0,2519,40960,6.1,173.1,17658,257046,6.9,36
2026-04-16 22:24:53,8.0,2519,40960,6.1,171.9,17658,257046,6.9,37
2026-04-16 22:25:03,9.0,2519,40960,6.1,174.5,17658,257046,6.9,37
2026-04-16 22:25:13,16.0,2519,40960,6.1,173.3,17659,257046,6.9,37
2026-04-16 22:25:23,16.0,2519,40960,6.1,173.9,17658,257046,6.9,37
2026-04-16 22:25:33,16.0,2519,40960,6.1,174.0,17658,257046,6.9,37
2026-04-16 22:25:44,16.0,2519,40960,6.1,173.4,17657,257046,6.9,37
2026-04-16 22:25:54,8.0,2519,40960,6.1,175.1,17658,257046,6.9,37
2026-04-16 22:26:04,16.0,2519,40960,6.1,173.2,17658,257046,6.9,37
2026-04-16 22:26:14,8.0,2519,40960,6.1,172.7,17657,257046,6.9,37
2026-04-16 22:26:24,13.0,2519,40960,6.1,175.6,17658,257046,6.9,37
2026-04-16 22:26:34,8.0,2519,40960,6.1,172.7,17657,257046,6.9,37
2026-04-16 22:26:44,16.0,2519,40960,6.1,172.6,17658,257046,6.9,37
2026-04-16 22:26:54,8.0,2519,40960,6.1,172.9,17658,257046,6.9,37
2026-04-16 22:27:05,8.0,2519,40960,6.1,173.1,17657,257046,6.9,37
2026-04-16 22:27:15,12.0,2519,40960,6.1,173.8,17657,257046,6.9,37
2026-04-16 22:27:25,8.0,2519,40960,6.1,174.1,17657,257046,6.9,37
2026-04-16 22:27:35,12.0,2519,40960,6.1,173.5,17658,257046,6.9,37
2026-04-16 22:27:45,8.0,2519,40960,6.1,174.8,17658,257046,6.9,37
2026-04-16 22:27:55,16.0,2519,40960,6.1,173.1,17657,257046,6.9,37
2026-04-16 22:28:05,8.0,2519,40960,6.1,174.7,17657,257046,6.9,37
2026-04-16 22:28:15,8.0,2519,40960,6.1,173.0,17658,257046,6.9,37
2026-04-16 22:28:25,16.0,2519,40960,6.1,172.5,17658,257046,6.9,37
2026-04-16 22:28:36,16.0,2519,40960,6.1,174.6,17658,257046,6.9,37
2026-04-16 22:28:46,14.0,2519,40960,6.1,172.3,17658,257046,6.9,37
2026-04-16 22:28:56,16.0,2519,40960,6.1,174.7,17658,257046,6.9,37
2026-04-16 22:29:06,16.0,2519,40960,6.1,173.9,17658,257046,6.9,37
2026-04-16 22:29:16,8.0,2519,40960,6.1,174.7,17658,257046,6.9,37
2026-04-16 22:29:26,10.0,2519,40960,6.1,172.8,17659,257046,6.9,37
2026-04-16 22:29:36,8.0,2519,40960,6.1,174.0,17659,257046,6.9,37
2026-04-16 22:29:46,11.0,2519,40960,6.1,175.2,17659,257046,6.9,37
2026-04-16 22:29:56,8.0,2519,40960,6.1,173.5,17659,257046,6.9,37
2026-04-16 22:30:07,8.0,2519,40960,6.1,172.1,17659,257046,6.9,37
2026-04-16 22:30:17,12.0,2519,40960,6.1,170.9,17659,257046,6.9,37
2026-04-16 22:30:27,16.0,2519,40960,6.1,172.8,17658,257046,6.9,37
2026-04-16 22:30:37,8.0,2519,40960,6.1,171.2,17658,257046,6.9,37
2026-04-16 22:30:47,8.0,2519,40960,6.1,173.2,17658,257046,6.9,37
2026-04-16 22:30:57,16.0,2519,40960,6.1,174.5,17658,257046,6.9,37
2026-04-16 22:31:07,16.0,2519,40960,6.1,172.0,17659,257046,6.9,37
2026-04-16 22:31:17,8.0,2519,40960,6.1,172.1,17658,257046,6.9,37
2026-04-16 22:31:27,14.0,2519,40960,6.1,174.0,17658,257046,6.9,37
2026-04-16 22:31:37,11.0,2519,40960,6.1,177.4,17658,257046,6.9,37
2026-04-16 22:31:48,16.0,2519,40960,6.1,174.2,17658,257046,6.9,37
2026-04-16 22:31:58,16.0,2519,40960,6.1,172.9,17658,257046,6.9,37
2026-04-16 22:32:08,8.0,2519,40960,6.1,175.6,17657,257046,6.9,37
2026-04-16 22:32:18,8.0,2519,40960,6.1,175.8,17658,257046,6.9,37
2026-04-16 22:32:28,8.0,2519,40960,6.1,174.1,17658,257046,6.9,37
2026-04-16 22:32:38,16.0,2519,40960,6.1,172.5,17658,257046,6.9,37
2026-04-16 22:32:48,12.0,2519,40960,6.1,176.2,17658,257046,6.9,37
2026-04-16 22:32:58,12.0,2519,40960,6.1,171.4,17658,257046,6.9,37
2026-04-16 22:33:09,8.0,2519,40960,6.1,174.1,17658,257046,6.9,37
2026-04-16 22:33:19,8.0,2519,40960,6.1,173.6,17658,257046,6.9,37
2026-04-16 22:33:29,8.0,2519,40960,6.1,172.6,17658,257046,6.9,37
2026-04-16 22:33:39,12.0,2519,40960,6.1,172.2,17657,257046,6.9,37
2026-04-16 22:33:49,8.0,2519,40960,6.1,172.0,17658,257046,6.9,37
2026-04-16 22:33:59,8.0,2519,40960,6.1,171.7,17658,257046,6.9,37
2026-04-16 22:34:09,16.0,2519,40960,6.1,172.1,17658,257046,6.9,37
2026-04-16 22:34:19,8.0,2519,40960,6.1,172.2,17658,257046,6.9,37
2026-04-16 22:34:30,8.0,2519,40960,6.1,173.0,17658,257046,6.9,37
2026-04-16 22:34:40,16.0,2519,40960,6.1,173.8,17658,257046,6.9,37
2026-04-16 22:34:50,13.0,2519,40960,6.1,173.4,17658,257046,6.9,37
2026-04-16 22:35:00,16.0,2519,40960,6.1,158.0,17658,257046,6.9,37
2026-04-16 22:35:10,16.0,2519,40960,6.1,156.3,17657,257046,6.9,37
2026-04-16 22:35:20,16.0,2519,40960,6.1,156.7,17658,257046,6.9,38
2026-04-16 22:35:30,16.0,2519,40960,6.1,156.5,17658,257046,6.9,37
2026-04-16 22:35:40,16.0,2519,40960,6.1,155.6,17659,257046,6.9,37
2026-04-16 22:35:50,8.0,2519,40960,6.1,156.2,17659,257046,6.9,38
2026-04-16 22:36:00,10.0,2519,40960,6.1,158.4,17658,257046,6.9,37
2026-04-16 22:36:10,16.0,2519,40960,6.1,157.2,17658,257046,6.9,37
2026-04-16 22:36:21,16.0,2519,40960,6.1,156.3,17658,257046,6.9,38
2026-04-16 22:36:31,8.0,2519,40960,6.1,157.4,17658,257046,6.9,37
2026-04-16 22:36:41,8.0,2519,40960,6.1,156.8,17658,257046,6.9,38
2026-04-16 22:36:51,16.0,2519,40960,6.1,158.4,17658,257046,6.9,38
2026-04-16 22:37:01,8.0,2519,40960,6.1,155.1,17658,257046,6.9,37
2026-04-16 22:37:11,8.0,2519,40960,6.1,157.5,17659,257046,6.9,38
2026-04-16 22:37:21,16.0,2519,40960,6.1,155.5,17658,257046,6.9,37
2026-04-16 22:37:31,8.0,2519,40960,6.1,156.7,17658,257046,6.9,37
2026-04-16 22:37:41,8.0,2519,40960,6.1,157.3,17659,257046,6.9,38
2026-04-16 22:37:51,8.0,2519,40960,6.1,157.5,17659,257046,6.9,37
2026-04-16 22:38:02,8.0,2519,40960,6.1,156.1,17659,257046,6.9,38
2026-04-16 22:38:12,16.0,2519,40960,6.1,157.0,17658,257046,6.9,37
2026-04-16 22:38:22,13.0,2519,40960,6.1,156.8,17659,257046,6.9,38
2026-04-16 22:38:32,8.0,2519,40960,6.1,157.4,17658,257046,6.9,38
2026-04-16 22:38:42,15.0,2519,40960,6.1,156.8,17658,257046,6.9,37
2026-04-16 22:38:52,13.0,2519,40960,6.1,158.3,17658,257046,6.9,38
2026-04-16 22:39:02,16.0,2519,40960,6.1,157.8,17658,257046,6.9,37
2026-04-16 22:39:12,15.0,2519,40960,6.1,157.1,17658,257046,6.9,38
2026-04-16 22:39:22,16.0,2519,40960,6.1,156.0,17658,257046,6.9,38
2026-04-16 22:39:32,16.0,2519,40960,6.1,156.4,17658,257046,6.9,38
2026-04-16 22:39:43,10.0,2519,40960,6.1,156.3,17658,257046,6.9,38
2026-04-16 22:39:53,11.0,2519,40960,6.1,155.7,17659,257046,6.9,38
2026-04-16 22:40:03,13.0,2519,40960,6.1,155.6,17659,257046,6.9,38
2026-04-16 22:40:13,8.0,2519,40960,6.1,156.0,17659,257046,6.9,37
2026-04-16 22:40:23,16.0,2519,40960,6.1,157.3,17659,257046,6.9,38
2026-04-16 22:40:33,16.0,2519,40960,6.1,156.3,17659,257046,6.9,37
2026-04-16 22:40:43,15.0,2519,40960,6.1,157.1,17659,257046,6.9,38
2026-04-16 22:40:53,10.0,2519,40960,6.1,156.8,17659,257046,6.9,38
2026-04-16 22:41:03,8.0,2519,40960,6.1,156.0,17658,257046,6.9,38
2026-04-16 22:41:13,16.0,2519,40960,6.1,155.6,17658,257046,6.9,38
2026-04-16 22:41:23,16.0,2519,40960,6.1,155.9,17658,257046,6.9,37
2026-04-16 22:41:34,15.0,2519,40960,6.1,155.2,17659,257046,6.9,38
2026-04-16 22:41:44,13.0,2519,40960,6.1,157.9,17659,257046,6.9,38
2026-04-16 22:41:54,16.0,2519,40960,6.1,155.9,17659,257046,6.9,37
2026-04-16 22:42:04,8.0,2519,40960,6.1,157.0,17658,257046,6.9,38
2026-04-16 22:42:14,16.0,2519,40960,6.1,155.2,17659,257046,6.9,38
2026-04-16 22:42:24,16.0,2519,40960,6.1,155.9,17658,257046,6.9,38
2026-04-16 22:42:34,12.0,2519,40960,6.1,156.3,17658,257046,6.9,38
2026-04-16 22:42:44,15.0,2519,40960,6.1,156.3,17658,257046,6.9,37
2026-04-16 22:42:54,16.0,2519,40960,6.1,157.8,17657,257046,6.9,37
2026-04-16 22:43:04,16.0,2519,40960,6.1,156.8,17658,257046,6.9,37
2026-04-16 22:43:15,16.0,2519,40960,6.1,155.8,17658,257046,6.9,38
2026-04-16 22:43:25,14.0,2519,40960,6.1,155.7,17658,257046,6.9,38
2026-04-16 22:43:35,3.0,2519,40960,6.1,-11990.4,17555,257046,6.8,37
2026-04-16 22:43:45,3.0,2519,40960,6.1,160.8,17555,257046,6.8,37
2026-04-16 22:43:55,7.0,2519,40960,6.1,162.8,17556,257046,6.8,37
2026-04-16 22:44:05,7.0,2519,40960,6.1,160.0,17556,257046,6.8,36
2026-04-16 22:44:15,3.0,2519,40960,6.1,161.9,17555,257046,6.8,36
2026-04-16 22:44:25,4.0,2519,40960,6.1,171.0,17556,257046,6.8,36
2026-04-16 22:44:35,3.0,2519,40960,6.1,175.8,17555,257046,6.8,36
2026-04-16 22:44:45,3.0,2519,40960,6.1,178.2,17557,257046,6.8,36
2026-04-16 22:44:56,7.0,2519,40960,6.1,176.6,17556,257046,6.8,36
2026-04-16 22:45:06,3.0,2519,40960,6.1,179.0,17556,257046,6.8,36
2026-04-16 22:45:16,3.0,2519,40960,6.1,176.9,17556,257046,6.8,36
2026-04-16 22:45:26,3.0,2519,40960,6.1,177.1,17556,257046,6.8,35
2026-04-16 22:45:36,5.0,2519,40960,6.1,176.4,17556,257046,6.8,36
2026-04-16 22:45:46,7.0,2519,40960,6.1,177.3,17555,257046,6.8,35
2026-04-16 22:45:56,0.0,2519,40960,6.1,-1294.8,16298,257046,6.3,35
2026-04-16 22:46:06,0.0,2519,40960,6.1,65.8,16239,257046,6.3,35
2026-04-16 22:46:17,0.0,597,40960,1.5,-10269.8,16083,257046,6.3,35
2026-04-16 22:46:27,3.0,2479,40960,6.1,173.6,16220,257046,6.3,35
2026-04-16 22:46:37,7.0,2479,40960,6.1,173.8,16220,257046,6.3,35
2026-04-16 22:46:47,3.0,2479,40960,6.1,174.6,16220,257046,6.3,35
2026-04-16 22:46:57,7.0,2479,40960,6.1,173.5,16220,257046,6.3,35
2026-04-16 22:47:07,3.0,2479,40960,6.1,171.3,16220,257046,6.3,35
2026-04-16 22:47:17,3.0,2479,40960,6.1,169.5,16220,257046,6.3,35
2026-04-16 22:47:27,7.0,2479,40960,6.1,163.2,16220,257046,6.3,35
2026-04-16 22:47:37,5.0,2479,40960,6.1,161.6,16220,257046,6.3,35
2026-04-16 22:47:47,3.0,2479,40960,6.1,159.2,16220,257046,6.3,35
2026-04-16 22:47:58,4.0,2479,40960,6.1,160.7,16219,257046,6.3,35
2026-04-16 22:48:08,3.0,2479,40960,6.1,159.6,16219,257046,6.3,35
2026-04-16 22:48:18,7.0,2479,40960,6.1,161.9,16219,257046,6.3,35
2026-04-16 22:48:28,7.0,2479,40960,6.1,161.8,16219,257046,6.3,35
2026-04-16 22:48:38,0.0,2479,40960,6.1,-1252.0,15432,257046,6.0,35
2026-04-16 22:48:48,0.0,2479,40960,6.1,48.7,15432,257046,6.0,35
2026-04-16 22:48:58,0.0,2479,40960,6.1,52.4,15431,257046,6.0,35
2026-04-16 22:49:08,0.0,2479,40960,6.1,50.1,15432,257046,6.0,35
2026-04-16 22:49:18,0.0,2479,40960,6.1,56.5,15432,257046,6.0,35
