prototype,feature,value,count,topk_size,topk_freq,global_freq,lift,score,selected
0,tags,shopping,3,20,0.15,0.00096,156.25,156.25,True
0,tags,good romantic comedies,9,20,0.45,0.00704,63.92045454545455,63.92045454545455,True
0,tags,sappy,1,20,0.05,0.00096,52.083333333333336,52.083333333333336,False
0,tags,wedding,2,20,0.1,0.00224,44.642857142857146,44.642857142857146,True
0,tags,spelling bee,1,20,0.05,0.00128,39.0625,39.0625,False
0,tags,girlie movie,16,20,0.8,0.02272,35.2112676056338,35.2112676056338,False
0,tags,very good,1,20,0.05,0.0016,31.25,31.25,False
0,tags,family bonds,1,20,0.05,0.0016,31.25,31.25,False
0,tags,happy ending,9,20,0.45,0.016,28.125,28.125,False
0,tags,chick flick,16,20,0.8,0.03136,25.510204081632654,25.510204081632654,False
0,tags,feel good movie,7,20,0.35,0.0144,24.305555555555554,24.305555555555554,False
0,tags,internet,1,20,0.05,0.00224,22.321428571428573,22.321428571428573,False
0,tags,ghosts/afterlife,1,20,0.05,0.00224,22.321428571428573,22.321428571428573,False
0,tags,sweet,8,20,0.4,0.01856,21.551724137931036,21.551724137931036,False
0,tags,feel-good,12,20,0.6,0.02784,21.551724137931032,21.551724137931032,False
0,tags,romantic comedy,14,20,0.7,0.03424,20.44392523364486,20.44392523364486,False
0,tags,cute!,2,20,0.1,0.00512,19.53125,19.53125,False
0,tags,afterlife,1,20,0.05,0.00256,19.53125,19.53125,False
0,tags,catastrophe,1,20,0.05,0.00256,19.53125,19.53125,False
0,tags,romance,15,20,0.75,0.03904,19.211065573770494,19.211065573770494,False
0,tags,destiny,9,20,0.45,0.024,18.75,18.75,False
0,tags,cute,3,20,0.15,0.00864,17.36111111111111,17.36111111111111,False
0,tags,classical music,1,20,0.05,0.00288,17.36111111111111,17.36111111111111,False
0,tags,oscar winner,5,20,0.25,0.01568,15.943877551020408,15.943877551020408,False
0,tags,inspirational,2,20,0.1,0.0064,15.625,15.625,False
0,tags,sentimental,5,20,0.25,0.01664,15.024038461538463,15.024038461538463,False
0,tags,predictable,2,20,0.1,0.00672,14.880952380952381,14.880952380952381,False
0,tags,tear jerker,2,20,0.1,0.00704,14.204545454545455,14.204545454545455,False
0,tags,baseball,1,20,0.05,0.00352,14.204545454545455,14.204545454545455,False
0,tags,romantic,15,20,0.75,0.05568,13.469827586206897,13.469827586206897,False
0,tags,football,1,20,0.05,0.00384,13.020833333333334,13.020833333333334,False
0,tags,teacher,1,20,0.05,0.00384,13.020833333333334,13.020833333333334,False
0,tags,divorce,1,20,0.05,0.00416,12.019230769230772,12.019230769230772,False
0,tags,love story,15,20,0.75,0.06368,11.777638190954773,11.777638190954773,False
0,tags,prostitution,1,20,0.05,0.00448,11.160714285714286,11.160714285714286,False
0,tags,life,1,20,0.05,0.00448,11.160714285714286,11.160714285714286,False
0,tags,earnest,1,20,0.05,0.0048,10.416666666666668,10.416666666666668,False
0,tags,single father,1,20,0.05,0.0048,10.416666666666668,10.416666666666668,False
0,tags,fairy tales,1,20,0.05,0.0048,10.416666666666668,10.416666666666668,False
0,tags,inspiring,1,20,0.05,0.0048,10.416666666666668,10.416666666666668,False
0,tags,women,3,20,0.15,0.01568,9.566326530612244,9.566326530612244,False
0,tags,disability,1,20,0.05,0.00544,9.191176470588236,9.191176470588236,False
0,tags,rags to riches,1,20,0.05,0.00576,8.680555555555555,8.680555555555555,False
0,tags,london,1,20,0.05,0.00576,8.680555555555555,8.680555555555555,False
0,tags,president,1,20,0.05,0.00576,8.680555555555555,8.680555555555555,False
0,tags,heartwarming,2,20,0.1,0.01184,8.445945945945947,8.445945945945947,False
0,tags,nostalgic,2,20,0.1,0.01216,8.223684210526315,8.223684210526315,False
0,tags,cross dressing,1,20,0.05,0.00608,8.223684210526315,8.223684210526315,False
0,tags,fighting the system,1,20,0.05,0.0064,7.8125,7.8125,False
0,tags,oscar,4,20,0.2,0.0272,7.352941176470589,7.352941176470589,False
0,tags,british,2,20,0.1,0.01408,7.1022727272727275,7.1022727272727275,False
0,tags,pg-13,1,20,0.05,0.00704,7.1022727272727275,7.1022727272727275,False
0,tags,shakespeare,1,20,0.05,0.00704,7.1022727272727275,7.1022727272727275,False
0,tags,love,5,20,0.25,0.03616,6.913716814159293,6.913716814159293,False
0,tags,good,5,20,0.25,0.0368,6.793478260869565,6.793478260869565,False
0,tags,fairy tale,2,20,0.1,0.01504,6.6489361702127665,6.6489361702127665,False
0,genres,Romance,16,20,0.8,0.13312,6.009615384615386,6.009615384615386,False
0,tags,drama,8,20,0.4,0.06656,6.009615384615386,6.009615384615386,False
0,tags,world politics,1,20,0.05,0.00832,6.009615384615386,6.009615384615386,False
0,tags,sports,2,20,0.1,0.01792,5.580357142857143,5.580357142857143,False
0,tags,ghosts,1,20,0.05,0.00896,5.580357142857143,5.580357142857143,False
0,tags,literature,1,20,0.05,0.00896,5.580357142857143,5.580357142857143,False
0,tags,oscar (best supporting actress),2,20,0.1,0.01856,5.387931034482759,5.387931034482759,False
0,tags,natural disaster,1,20,0.05,0.00928,5.387931034482759,5.387931034482759,False
0,tags,remake,1,20,0.05,0.00928,5.387931034482759,5.387931034482759,False
0,tags,touching,3,20,0.15,0.02816,5.326704545454545,5.326704545454545,False
0,tags,bittersweet,2,20,0.1,0.01888,5.296610169491525,5.296610169491525,False
0,tags,dog,1,20,0.05,0.0096,5.208333333333334,5.208333333333334,False
0,tags,courtroom,1,20,0.05,0.00992,5.040322580645162,5.040322580645162,False
0,tags,costume drama,1,20,0.05,0.01024,4.8828125,4.8828125,False
0,tags,passionate,1,20,0.05,0.01024,4.8828125,4.8828125,False
0,tags,artistic,1,20,0.05,0.01056,4.734848484848485,4.734848484848485,False
0,tags,relationships,5,20,0.25,0.05376,4.650297619047619,4.650297619047619,False
0,tags,oscar (best picture),3,20,0.15,0.03296,4.550970873786407,4.550970873786407,False
0,tags,magic,1,20,0.05,0.0112,4.464285714285714,4.464285714285714,False
0,tags,epic,1,20,0.05,0.0112,4.464285714285714,4.464285714285714,False
0,tags,witty,1,20,0.05,0.0112,4.464285714285714,4.464285714285714,False
0,tags,historical,2,20,0.1,0.02272,4.401408450704225,4.401408450704225,False
0,tags,us history,1,20,0.05,0.01152,4.340277777777778,4.340277777777778,False
0,tags,england,1,20,0.05,0.01152,4.340277777777778,4.340277777777778,False
0,tags,based on a true story,1,20,0.05,0.01184,4.222972972972974,4.222972972972974,False
0,tags,lawyers,1,20,0.05,0.01216,4.1118421052631575,4.1118421052631575,False
0,tags,death,1,20,0.05,0.01248,4.006410256410256,4.006410256410256,False
0,tags,good music,1,20,0.05,0.01248,4.006410256410256,4.006410256410256,False
0,tags,quotable,2,20,0.1,0.02688,3.7202380952380953,3.7202380952380953,False
0,tags,excellent script,3,20,0.15,0.04128,3.6337209302325584,3.6337209302325584,False
0,tags,beautiful scenery,1,20,0.05,0.01408,3.5511363636363638,3.5511363636363638,False
0,tags,musicians,1,20,0.05,0.0144,3.4722222222222223,3.4722222222222223,False
0,tags,oscar (best directing),5,20,0.25,0.07264,3.441629955947137,3.441629955947137,False
0,tags,politics,1,20,0.05,0.01472,3.3967391304347827,3.3967391304347827,False
0,tags,lawyer,1,20,0.05,0.01504,3.3244680851063833,3.3244680851063833,False
0,tags,period piece,1,20,0.05,0.01536,3.2552083333333335,3.2552083333333335,False
0,tags,gay character,1,20,0.05,0.01568,3.188775510204082,3.188775510204082,False
0,tags,political,1,20,0.05,0.01568,3.188775510204082,3.188775510204082,False
0,tags,rock and roll,1,20,0.05,0.016,3.125,3.125,False
0,tags,biographical,1,20,0.05,0.01664,3.004807692307693,3.004807692307693,False
0,tags,world war ii,1,20,0.05,0.01696,2.94811320754717,2.94811320754717,False
0,tags,history,1,20,0.05,0.01728,2.8935185185185186,2.8935185185185186,False
0,tags,supernatural,1,20,0.05,0.01728,2.8935185185185186,2.8935185185185186,False
0,tags,life & death,1,20,0.05,0.0176,2.840909090909091,2.840909090909091,False
0,tags,mentor,4,20,0.2,0.07168,2.7901785714285716,2.7901785714285716,False
0,tags,wartime,1,20,0.05,0.0192,2.604166666666667,2.604166666666667,False
0,tags,based on true story,1,20,0.05,0.01984,2.520161290322581,2.520161290322581,False
0,tags,gay,1,20,0.05,0.0208,2.403846153846154,2.403846153846154,False
0,tags,narrated,1,20,0.05,0.0208,2.403846153846154,2.403846153846154,False
0,tags,true story,1,20,0.05,0.0208,2.403846153846154,2.403846153846154,False
0,tags,based on a play,1,20,0.05,0.0208,2.403846153846154,2.403846153846154,False
0,tags,great acting,4,20,0.2,0.08448,2.3674242424242427,2.3674242424242427,False
0,genres,Comedy,15,20,0.75,0.32224,2.327457795431976,2.327457795431976,False
0,tags,fantasy,1,20,0.05,0.02176,2.297794117647059,2.297794117647059,False
0,tags,high school,1,20,0.05,0.0224,2.232142857142857,2.232142857142857,False
0,tags,oscar (best actor),1,20,0.05,0.02304,2.170138888888889,2.170138888888889,False
0,tags,small town,1,20,0.05,0.02368,2.111486486486487,2.111486486486487,False
0,tags,greed,1,20,0.05,0.02464,2.0292207792207795,2.0292207792207795,False
0,tags,family,2,20,0.1,0.05152,1.9409937888198758,1.9409937888198758,False
0,tags,big budget,1,20,0.05,0.02592,1.9290123456790125,1.9290123456790125,False
0,tags,oscar (best actress),2,20,0.1,0.05504,1.8168604651162792,1.8168604651162792,False
0,tags,music,1,20,0.05,0.02752,1.8168604651162792,1.8168604651162792,False
0,tags,oscar (best supporting actor),1,20,0.05,0.02784,1.795977011494253,1.795977011494253,False
0,tags,oscar (best cinematography),1,20,0.05,0.02816,1.7755681818181819,1.7755681818181819,False
0,tags,story,1,20,0.05,0.02848,1.75561797752809,1.75561797752809,False
0,tags,unlikely friendships,1,20,0.05,0.02976,1.6801075268817205,1.6801075268817205,False
0,tags,childhood,1,20,0.05,0.0304,1.6447368421052633,1.6447368421052633,False
0,tags,children,1,20,0.05,0.03104,1.6108247422680413,1.6108247422680413,False
0,tags,based on book,1,20,0.05,0.03872,1.2913223140495869,1.2913223140495869,False
0,genres,War,1,20,0.05,0.0432,1.1574074074074074,1.1574074074074074,False
0,tags,great movie,1,20,0.05,0.04352,1.1488970588235294,1.1488970588235294,False
0,tags,funny,1,20,0.05,0.04832,1.03476821192053,1.03476821192053,False
0,tags,chase,1,20,0.05,0.0528,0.946969696969697,0.946969696969697,False
0,tags,special effects,1,20,0.05,0.05408,0.9245562130177515,0.9245562130177515,False
0,tags,suspense,1,20,0.05,0.05568,0.8979885057471265,0.8979885057471265,False
0,tags,comedy,2,20,0.1,0.11168,0.8954154727793696,0.8954154727793696,False
0,genres,Drama,7,20,0.35,0.39584,0.8841956345998382,0.8841956345998382,False
0,tags,dramatic,1,20,0.05,0.06464,0.7735148514851485,0.7735148514851485,False
0,tags,imdb top 250,1,20,0.05,0.09824,0.508957654723127,0.508957654723127,False
0,genres,Thriller,1,20,0.05,0.14016,0.3567351598173516,0.3567351598173516,False
0,tags,original,1,20,0.05,0.25024,0.19980818414322252,0.19980818414322252,False
1,tags,shopping,3,20,0.15,0.00096,156.25,156.25,True
1,tags,good romantic comedies,9,20,0.45,0.00704,63.92045454545455,63.92045454545455,True
1,tags,sappy,1,20,0.05,0.00096,52.083333333333336,52.083333333333336,False
1,tags,wedding,2,20,0.1,0.00224,44.642857142857146,44.642857142857146,True
1,tags,spelling bee,1,20,0.05,0.00128,39.0625,39.0625,False
1,tags,girlie movie,16,20,0.8,0.02272,35.2112676056338,35.2112676056338,False
1,tags,very good,1,20,0.05,0.0016,31.25,31.25,False
1,tags,family bonds,1,20,0.05,0.0016,31.25,31.25,False
1,tags,happy ending,9,20,0.45,0.016,28.125,28.125,False
1,tags,chick flick,16,20,0.8,0.03136,25.510204081632654,25.510204081632654,False
1,tags,feel good movie,7,20,0.35,0.0144,24.305555555555554,24.305555555555554,False
1,tags,internet,1,20,0.05,0.00224,22.321428571428573,22.321428571428573,False
1,tags,ghosts/afterlife,1,20,0.05,0.00224,22.321428571428573,22.321428571428573,False
1,tags,sweet,8,20,0.4,0.01856,21.551724137931036,21.551724137931036,False
1,tags,feel-good,12,20,0.6,0.02784,21.551724137931032,21.551724137931032,False
1,tags,romantic comedy,14,20,0.7,0.03424,20.44392523364486,20.44392523364486,False
1,tags,cute!,2,20,0.1,0.00512,19.53125,19.53125,False
1,tags,afterlife,1,20,0.05,0.00256,19.53125,19.53125,False
1,tags,catastrophe,1,20,0.05,0.00256,19.53125,19.53125,False
1,tags,romance,15,20,0.75,0.03904,19.211065573770494,19.211065573770494,False
1,tags,destiny,9,20,0.45,0.024,18.75,18.75,False
1,tags,cute,3,20,0.15,0.00864,17.36111111111111,17.36111111111111,False
1,tags,classical music,1,20,0.05,0.00288,17.36111111111111,17.36111111111111,False
1,tags,oscar winner,5,20,0.25,0.01568,15.943877551020408,15.943877551020408,False
1,tags,inspirational,2,20,0.1,0.0064,15.625,15.625,False
1,tags,sentimental,5,20,0.25,0.01664,15.024038461538463,15.024038461538463,False
1,tags,predictable,2,20,0.1,0.00672,14.880952380952381,14.880952380952381,False
1,tags,tear jerker,2,20,0.1,0.00704,14.204545454545455,14.204545454545455,False
1,tags,baseball,1,20,0.05,0.00352,14.204545454545455,14.204545454545455,False
1,tags,romantic,15,20,0.75,0.05568,13.469827586206897,13.469827586206897,False
1,tags,football,1,20,0.05,0.00384,13.020833333333334,13.020833333333334,False
1,tags,teacher,1,20,0.05,0.00384,13.020833333333334,13.020833333333334,False
1,tags,divorce,1,20,0.05,0.00416,12.019230769230772,12.019230769230772,False
1,tags,love story,15,20,0.75,0.06368,11.777638190954773,11.777638190954773,False
1,tags,prostitution,1,20,0.05,0.00448,11.160714285714286,11.160714285714286,False
1,tags,life,1,20,0.05,0.00448,11.160714285714286,11.160714285714286,False
1,tags,single father,1,20,0.05,0.0048,10.416666666666668,10.416666666666668,False
1,tags,earnest,1,20,0.05,0.0048,10.416666666666668,10.416666666666668,False
1,tags,fairy tales,1,20,0.05,0.0048,10.416666666666668,10.416666666666668,False
1,tags,inspiring,1,20,0.05,0.0048,10.416666666666668,10.416666666666668,False
1,tags,women,3,20,0.15,0.01568,9.566326530612244,9.566326530612244,False
1,tags,disability,1,20,0.05,0.00544,9.191176470588236,9.191176470588236,False
1,tags,rags to riches,1,20,0.05,0.00576,8.680555555555555,8.680555555555555,False
1,tags,london,1,20,0.05,0.00576,8.680555555555555,8.680555555555555,False
1,tags,president,1,20,0.05,0.00576,8.680555555555555,8.680555555555555,False
1,tags,heartwarming,2,20,0.1,0.01184,8.445945945945947,8.445945945945947,False
1,tags,nostalgic,2,20,0.1,0.01216,8.223684210526315,8.223684210526315,False
1,tags,cross dressing,1,20,0.05,0.00608,8.223684210526315,8.223684210526315,False
1,tags,fighting the system,1,20,0.05,0.0064,7.8125,7.8125,False
1,tags,oscar,4,20,0.2,0.0272,7.352941176470589,7.352941176470589,False
1,tags,british,2,20,0.1,0.01408,7.1022727272727275,7.1022727272727275,False
1,tags,pg-13,1,20,0.05,0.00704,7.1022727272727275,7.1022727272727275,False
1,tags,shakespeare,1,20,0.05,0.00704,7.1022727272727275,7.1022727272727275,False
1,tags,love,5,20,0.25,0.03616,6.913716814159293,6.913716814159293,False
1,tags,good,5,20,0.25,0.0368,6.793478260869565,6.793478260869565,False
1,tags,fairy tale,2,20,0.1,0.01504,6.6489361702127665,6.6489361702127665,False
1,genres,Romance,16,20,0.8,0.13312,6.009615384615386,6.009615384615386,False
1,tags,drama,8,20,0.4,0.06656,6.009615384615386,6.009615384615386,False
1,tags,world politics,1,20,0.05,0.00832,6.009615384615386,6.009615384615386,False
1,tags,sports,2,20,0.1,0.01792,5.580357142857143,5.580357142857143,False
1,tags,ghosts,1,20,0.05,0.00896,5.580357142857143,5.580357142857143,False
1,tags,literature,1,20,0.05,0.00896,5.580357142857143,5.580357142857143,False
1,tags,oscar (best supporting actress),2,20,0.1,0.01856,5.387931034482759,5.387931034482759,False
1,tags,natural disaster,1,20,0.05,0.00928,5.387931034482759,5.387931034482759,False
1,tags,remake,1,20,0.05,0.00928,5.387931034482759,5.387931034482759,False
1,tags,touching,3,20,0.15,0.02816,5.326704545454545,5.326704545454545,False
1,tags,bittersweet,2,20,0.1,0.01888,5.296610169491525,5.296610169491525,False
1,tags,dog,1,20,0.05,0.0096,5.208333333333334,5.208333333333334,False
1,tags,courtroom,1,20,0.05,0.00992,5.040322580645162,5.040322580645162,False
1,tags,costume drama,1,20,0.05,0.01024,4.8828125,4.8828125,False
1,tags,passionate,1,20,0.05,0.01024,4.8828125,4.8828125,False
1,tags,artistic,1,20,0.05,0.01056,4.734848484848485,4.734848484848485,False
1,tags,relationships,5,20,0.25,0.05376,4.650297619047619,4.650297619047619,False
1,tags,oscar (best picture),3,20,0.15,0.03296,4.550970873786407,4.550970873786407,False
1,tags,magic,1,20,0.05,0.0112,4.464285714285714,4.464285714285714,False
1,tags,epic,1,20,0.05,0.0112,4.464285714285714,4.464285714285714,False
1,tags,witty,1,20,0.05,0.0112,4.464285714285714,4.464285714285714,False
1,tags,historical,2,20,0.1,0.02272,4.401408450704225,4.401408450704225,False
1,tags,us history,1,20,0.05,0.01152,4.340277777777778,4.340277777777778,False
1,tags,england,1,20,0.05,0.01152,4.340277777777778,4.340277777777778,False
1,tags,based on a true story,1,20,0.05,0.01184,4.222972972972974,4.222972972972974,False
1,tags,lawyers,1,20,0.05,0.01216,4.1118421052631575,4.1118421052631575,False
1,tags,death,1,20,0.05,0.01248,4.006410256410256,4.006410256410256,False
1,tags,good music,1,20,0.05,0.01248,4.006410256410256,4.006410256410256,False
1,tags,quotable,2,20,0.1,0.02688,3.7202380952380953,3.7202380952380953,False
1,tags,excellent script,3,20,0.15,0.04128,3.6337209302325584,3.6337209302325584,False
1,tags,beautiful scenery,1,20,0.05,0.01408,3.5511363636363638,3.5511363636363638,False
1,tags,musicians,1,20,0.05,0.0144,3.4722222222222223,3.4722222222222223,False
1,tags,oscar (best directing),5,20,0.25,0.07264,3.441629955947137,3.441629955947137,False
1,tags,politics,1,20,0.05,0.01472,3.3967391304347827,3.3967391304347827,False
1,tags,lawyer,1,20,0.05,0.01504,3.3244680851063833,3.3244680851063833,False
1,tags,period piece,1,20,0.05,0.01536,3.2552083333333335,3.2552083333333335,False
1,tags,gay character,1,20,0.05,0.01568,3.188775510204082,3.188775510204082,False
1,tags,political,1,20,0.05,0.01568,3.188775510204082,3.188775510204082,False
1,tags,rock and roll,1,20,0.05,0.016,3.125,3.125,False
1,tags,biographical,1,20,0.05,0.01664,3.004807692307693,3.004807692307693,False
1,tags,world war ii,1,20,0.05,0.01696,2.94811320754717,2.94811320754717,False
1,tags,supernatural,1,20,0.05,0.01728,2.8935185185185186,2.8935185185185186,False
1,tags,history,1,20,0.05,0.01728,2.8935185185185186,2.8935185185185186,False
1,tags,life & death,1,20,0.05,0.0176,2.840909090909091,2.840909090909091,False
1,tags,mentor,4,20,0.2,0.07168,2.7901785714285716,2.7901785714285716,False
1,tags,wartime,1,20,0.05,0.0192,2.604166666666667,2.604166666666667,False
1,tags,based on true story,1,20,0.05,0.01984,2.520161290322581,2.520161290322581,False
1,tags,gay,1,20,0.05,0.0208,2.403846153846154,2.403846153846154,False
1,tags,narrated,1,20,0.05,0.0208,2.403846153846154,2.403846153846154,False
1,tags,true story,1,20,0.05,0.0208,2.403846153846154,2.403846153846154,False
1,tags,based on a play,1,20,0.05,0.0208,2.403846153846154,2.403846153846154,False
1,tags,great acting,4,20,0.2,0.08448,2.3674242424242427,2.3674242424242427,False
1,genres,Comedy,15,20,0.75,0.32224,2.327457795431976,2.327457795431976,False
1,tags,fantasy,1,20,0.05,0.02176,2.297794117647059,2.297794117647059,False
1,tags,high school,1,20,0.05,0.0224,2.232142857142857,2.232142857142857,False
1,tags,oscar (best actor),1,20,0.05,0.02304,2.170138888888889,2.170138888888889,False
1,tags,small town,1,20,0.05,0.02368,2.111486486486487,2.111486486486487,False
1,tags,greed,1,20,0.05,0.02464,2.0292207792207795,2.0292207792207795,False
1,tags,family,2,20,0.1,0.05152,1.9409937888198758,1.9409937888198758,False
1,tags,big budget,1,20,0.05,0.02592,1.9290123456790125,1.9290123456790125,False
1,tags,oscar (best actress),2,20,0.1,0.05504,1.8168604651162792,1.8168604651162792,False
1,tags,music,1,20,0.05,0.02752,1.8168604651162792,1.8168604651162792,False
1,tags,oscar (best supporting actor),1,20,0.05,0.02784,1.795977011494253,1.795977011494253,False
1,tags,oscar (best cinematography),1,20,0.05,0.02816,1.7755681818181819,1.7755681818181819,False
1,tags,story,1,20,0.05,0.02848,1.75561797752809,1.75561797752809,False
1,tags,unlikely friendships,1,20,0.05,0.02976,1.6801075268817205,1.6801075268817205,False
1,tags,childhood,1,20,0.05,0.0304,1.6447368421052633,1.6447368421052633,False
1,tags,children,1,20,0.05,0.03104,1.6108247422680413,1.6108247422680413,False
1,tags,based on book,1,20,0.05,0.03872,1.2913223140495869,1.2913223140495869,False
1,genres,War,1,20,0.05,0.0432,1.1574074074074074,1.1574074074074074,False
1,tags,great movie,1,20,0.05,0.04352,1.1488970588235294,1.1488970588235294,False
1,tags,funny,1,20,0.05,0.04832,1.03476821192053,1.03476821192053,False
1,tags,chase,1,20,0.05,0.0528,0.946969696969697,0.946969696969697,False
1,tags,special effects,1,20,0.05,0.05408,0.9245562130177515,0.9245562130177515,False
1,tags,suspense,1,20,0.05,0.05568,0.8979885057471265,0.8979885057471265,False
1,tags,comedy,2,20,0.1,0.11168,0.8954154727793696,0.8954154727793696,False
1,genres,Drama,7,20,0.35,0.39584,0.8841956345998382,0.8841956345998382,False
1,tags,dramatic,1,20,0.05,0.06464,0.7735148514851485,0.7735148514851485,False
1,tags,imdb top 250,1,20,0.05,0.09824,0.508957654723127,0.508957654723127,False
1,genres,Thriller,1,20,0.05,0.14016,0.3567351598173516,0.3567351598173516,False
1,tags,original,1,20,0.05,0.25024,0.19980818414322252,0.19980818414322252,False
2,tags,shopping,3,20,0.15,0.00096,156.25,156.25,True
2,tags,good romantic comedies,9,20,0.45,0.00704,63.92045454545455,63.92045454545455,True
2,tags,sappy,1,20,0.05,0.00096,52.083333333333336,52.083333333333336,False
2,tags,wedding,2,20,0.1,0.00224,44.642857142857146,44.642857142857146,True
2,tags,spelling bee,1,20,0.05,0.00128,39.0625,39.0625,False
2,tags,girlie movie,16,20,0.8,0.02272,35.2112676056338,35.2112676056338,False
2,tags,very good,1,20,0.05,0.0016,31.25,31.25,False
2,tags,family bonds,1,20,0.05,0.0016,31.25,31.25,False
2,tags,happy ending,9,20,0.45,0.016,28.125,28.125,False
2,tags,chick flick,16,20,0.8,0.03136,25.510204081632654,25.510204081632654,False
2,tags,feel good movie,7,20,0.35,0.0144,24.305555555555554,24.305555555555554,False
2,tags,internet,1,20,0.05,0.00224,22.321428571428573,22.321428571428573,False
2,tags,ghosts/afterlife,1,20,0.05,0.00224,22.321428571428573,22.321428571428573,False
2,tags,sweet,8,20,0.4,0.01856,21.551724137931036,21.551724137931036,False
2,tags,feel-good,12,20,0.6,0.02784,21.551724137931032,21.551724137931032,False
2,tags,romantic comedy,14,20,0.7,0.03424,20.44392523364486,20.44392523364486,False
2,tags,cute!,2,20,0.1,0.00512,19.53125,19.53125,False
2,tags,afterlife,1,20,0.05,0.00256,19.53125,19.53125,False
2,tags,catastrophe,1,20,0.05,0.00256,19.53125,19.53125,False
2,tags,romance,15,20,0.75,0.03904,19.211065573770494,19.211065573770494,False
2,tags,destiny,9,20,0.45,0.024,18.75,18.75,False
2,tags,cute,3,20,0.15,0.00864,17.36111111111111,17.36111111111111,False
2,tags,classical music,1,20,0.05,0.00288,17.36111111111111,17.36111111111111,False
2,tags,oscar winner,5,20,0.25,0.01568,15.943877551020408,15.943877551020408,False
2,tags,inspirational,2,20,0.1,0.0064,15.625,15.625,False
2,tags,sentimental,5,20,0.25,0.01664,15.024038461538463,15.024038461538463,False
2,tags,predictable,2,20,0.1,0.00672,14.880952380952381,14.880952380952381,False
2,tags,tear jerker,2,20,0.1,0.00704,14.204545454545455,14.204545454545455,False
2,tags,baseball,1,20,0.05,0.00352,14.204545454545455,14.204545454545455,False
2,tags,romantic,15,20,0.75,0.05568,13.469827586206897,13.469827586206897,False
2,tags,football,1,20,0.05,0.00384,13.020833333333334,13.020833333333334,False
2,tags,teacher,1,20,0.05,0.00384,13.020833333333334,13.020833333333334,False
2,tags,divorce,1,20,0.05,0.00416,12.019230769230772,12.019230769230772,False
2,tags,love story,15,20,0.75,0.06368,11.777638190954773,11.777638190954773,False
2,tags,prostitution,1,20,0.05,0.00448,11.160714285714286,11.160714285714286,False
2,tags,life,1,20,0.05,0.00448,11.160714285714286,11.160714285714286,False
2,tags,earnest,1,20,0.05,0.0048,10.416666666666668,10.416666666666668,False
2,tags,single father,1,20,0.05,0.0048,10.416666666666668,10.416666666666668,False
2,tags,fairy tales,1,20,0.05,0.0048,10.416666666666668,10.416666666666668,False
2,tags,inspiring,1,20,0.05,0.0048,10.416666666666668,10.416666666666668,False
2,tags,women,3,20,0.15,0.01568,9.566326530612244,9.566326530612244,False
2,tags,disability,1,20,0.05,0.00544,9.191176470588236,9.191176470588236,False
2,tags,rags to riches,1,20,0.05,0.00576,8.680555555555555,8.680555555555555,False
2,tags,london,1,20,0.05,0.00576,8.680555555555555,8.680555555555555,False
2,tags,president,1,20,0.05,0.00576,8.680555555555555,8.680555555555555,False
2,tags,heartwarming,2,20,0.1,0.01184,8.445945945945947,8.445945945945947,False
2,tags,nostalgic,2,20,0.1,0.01216,8.223684210526315,8.223684210526315,False
2,tags,cross dressing,1,20,0.05,0.00608,8.223684210526315,8.223684210526315,False
2,tags,fighting the system,1,20,0.05,0.0064,7.8125,7.8125,False
2,tags,oscar,4,20,0.2,0.0272,7.352941176470589,7.352941176470589,False
2,tags,british,2,20,0.1,0.01408,7.1022727272727275,7.1022727272727275,False
2,tags,pg-13,1,20,0.05,0.00704,7.1022727272727275,7.1022727272727275,False
2,tags,shakespeare,1,20,0.05,0.00704,7.1022727272727275,7.1022727272727275,False
2,tags,love,5,20,0.25,0.03616,6.913716814159293,6.913716814159293,False
2,tags,good,5,20,0.25,0.0368,6.793478260869565,6.793478260869565,False
2,tags,fairy tale,2,20,0.1,0.01504,6.6489361702127665,6.6489361702127665,False
2,genres,Romance,16,20,0.8,0.13312,6.009615384615386,6.009615384615386,False
2,tags,drama,8,20,0.4,0.06656,6.009615384615386,6.009615384615386,False
2,tags,world politics,1,20,0.05,0.00832,6.009615384615386,6.009615384615386,False
2,tags,sports,2,20,0.1,0.01792,5.580357142857143,5.580357142857143,False
2,tags,ghosts,1,20,0.05,0.00896,5.580357142857143,5.580357142857143,False
2,tags,literature,1,20,0.05,0.00896,5.580357142857143,5.580357142857143,False
2,tags,oscar (best supporting actress),2,20,0.1,0.01856,5.387931034482759,5.387931034482759,False
2,tags,natural disaster,1,20,0.05,0.00928,5.387931034482759,5.387931034482759,False
2,tags,remake,1,20,0.05,0.00928,5.387931034482759,5.387931034482759,False
2,tags,touching,3,20,0.15,0.02816,5.326704545454545,5.326704545454545,False
2,tags,bittersweet,2,20,0.1,0.01888,5.296610169491525,5.296610169491525,False
2,tags,dog,1,20,0.05,0.0096,5.208333333333334,5.208333333333334,False
2,tags,courtroom,1,20,0.05,0.00992,5.040322580645162,5.040322580645162,False
2,tags,costume drama,1,20,0.05,0.01024,4.8828125,4.8828125,False
2,tags,passionate,1,20,0.05,0.01024,4.8828125,4.8828125,False
2,tags,artistic,1,20,0.05,0.01056,4.734848484848485,4.734848484848485,False
2,tags,relationships,5,20,0.25,0.05376,4.650297619047619,4.650297619047619,False
2,tags,oscar (best picture),3,20,0.15,0.03296,4.550970873786407,4.550970873786407,False
2,tags,magic,1,20,0.05,0.0112,4.464285714285714,4.464285714285714,False
2,tags,epic,1,20,0.05,0.0112,4.464285714285714,4.464285714285714,False
2,tags,witty,1,20,0.05,0.0112,4.464285714285714,4.464285714285714,False
2,tags,historical,2,20,0.1,0.02272,4.401408450704225,4.401408450704225,False
2,tags,us history,1,20,0.05,0.01152,4.340277777777778,4.340277777777778,False
2,tags,england,1,20,0.05,0.01152,4.340277777777778,4.340277777777778,False
2,tags,based on a true story,1,20,0.05,0.01184,4.222972972972974,4.222972972972974,False
2,tags,lawyers,1,20,0.05,0.01216,4.1118421052631575,4.1118421052631575,False
2,tags,death,1,20,0.05,0.01248,4.006410256410256,4.006410256410256,False
2,tags,good music,1,20,0.05,0.01248,4.006410256410256,4.006410256410256,False
2,tags,quotable,2,20,0.1,0.02688,3.7202380952380953,3.7202380952380953,False
2,tags,excellent script,3,20,0.15,0.04128,3.6337209302325584,3.6337209302325584,False
2,tags,beautiful scenery,1,20,0.05,0.01408,3.5511363636363638,3.5511363636363638,False
2,tags,musicians,1,20,0.05,0.0144,3.4722222222222223,3.4722222222222223,False
2,tags,oscar (best directing),5,20,0.25,0.07264,3.441629955947137,3.441629955947137,False
2,tags,politics,1,20,0.05,0.01472,3.3967391304347827,3.3967391304347827,False
2,tags,lawyer,1,20,0.05,0.01504,3.3244680851063833,3.3244680851063833,False
2,tags,period piece,1,20,0.05,0.01536,3.2552083333333335,3.2552083333333335,False
2,tags,gay character,1,20,0.05,0.01568,3.188775510204082,3.188775510204082,False
2,tags,political,1,20,0.05,0.01568,3.188775510204082,3.188775510204082,False
2,tags,rock and roll,1,20,0.05,0.016,3.125,3.125,False
2,tags,biographical,1,20,0.05,0.01664,3.004807692307693,3.004807692307693,False
2,tags,world war ii,1,20,0.05,0.01696,2.94811320754717,2.94811320754717,False
2,tags,history,1,20,0.05,0.01728,2.8935185185185186,2.8935185185185186,False
2,tags,supernatural,1,20,0.05,0.01728,2.8935185185185186,2.8935185185185186,False
2,tags,life & death,1,20,0.05,0.0176,2.840909090909091,2.840909090909091,False
2,tags,mentor,4,20,0.2,0.07168,2.7901785714285716,2.7901785714285716,False
2,tags,wartime,1,20,0.05,0.0192,2.604166666666667,2.604166666666667,False
2,tags,based on true story,1,20,0.05,0.01984,2.520161290322581,2.520161290322581,False
2,tags,gay,1,20,0.05,0.0208,2.403846153846154,2.403846153846154,False
2,tags,narrated,1,20,0.05,0.0208,2.403846153846154,2.403846153846154,False
2,tags,true story,1,20,0.05,0.0208,2.403846153846154,2.403846153846154,False
2,tags,based on a play,1,20,0.05,0.0208,2.403846153846154,2.403846153846154,False
2,tags,great acting,4,20,0.2,0.08448,2.3674242424242427,2.3674242424242427,False
2,genres,Comedy,15,20,0.75,0.32224,2.327457795431976,2.327457795431976,False
2,tags,fantasy,1,20,0.05,0.02176,2.297794117647059,2.297794117647059,False
2,tags,high school,1,20,0.05,0.0224,2.232142857142857,2.232142857142857,False
2,tags,oscar (best actor),1,20,0.05,0.02304,2.170138888888889,2.170138888888889,False
2,tags,small town,1,20,0.05,0.02368,2.111486486486487,2.111486486486487,False
2,tags,greed,1,20,0.05,0.02464,2.0292207792207795,2.0292207792207795,False
2,tags,family,2,20,0.1,0.05152,1.9409937888198758,1.9409937888198758,False
2,tags,big budget,1,20,0.05,0.02592,1.9290123456790125,1.9290123456790125,False
2,tags,oscar (best actress),2,20,0.1,0.05504,1.8168604651162792,1.8168604651162792,False
2,tags,music,1,20,0.05,0.02752,1.8168604651162792,1.8168604651162792,False
2,tags,oscar (best supporting actor),1,20,0.05,0.02784,1.795977011494253,1.795977011494253,False
2,tags,oscar (best cinematography),1,20,0.05,0.02816,1.7755681818181819,1.7755681818181819,False
2,tags,story,1,20,0.05,0.02848,1.75561797752809,1.75561797752809,False
2,tags,unlikely friendships,1,20,0.05,0.02976,1.6801075268817205,1.6801075268817205,False
2,tags,childhood,1,20,0.05,0.0304,1.6447368421052633,1.6447368421052633,False
2,tags,children,1,20,0.05,0.03104,1.6108247422680413,1.6108247422680413,False
2,tags,based on book,1,20,0.05,0.03872,1.2913223140495869,1.2913223140495869,False
2,genres,War,1,20,0.05,0.0432,1.1574074074074074,1.1574074074074074,False
2,tags,great movie,1,20,0.05,0.04352,1.1488970588235294,1.1488970588235294,False
2,tags,funny,1,20,0.05,0.04832,1.03476821192053,1.03476821192053,False
2,tags,chase,1,20,0.05,0.0528,0.946969696969697,0.946969696969697,False
2,tags,special effects,1,20,0.05,0.05408,0.9245562130177515,0.9245562130177515,False
2,tags,suspense,1,20,0.05,0.05568,0.8979885057471265,0.8979885057471265,False
2,tags,comedy,2,20,0.1,0.11168,0.8954154727793696,0.8954154727793696,False
2,genres,Drama,7,20,0.35,0.39584,0.8841956345998382,0.8841956345998382,False
2,tags,dramatic,1,20,0.05,0.06464,0.7735148514851485,0.7735148514851485,False
2,tags,imdb top 250,1,20,0.05,0.09824,0.508957654723127,0.508957654723127,False
2,genres,Thriller,1,20,0.05,0.14016,0.3567351598173516,0.3567351598173516,False
2,tags,original,1,20,0.05,0.25024,0.19980818414322252,0.19980818414322252,False
3,tags,perfect,1,20,0.05,0.00032,156.25,156.25,False
3,tags,love triangles,2,20,0.1,0.00128,78.125,78.125,True
3,tags,boat,1,20,0.05,0.00096,52.083333333333336,52.083333333333336,False
3,tags,hollywood,1,20,0.05,0.00096,52.083333333333336,52.083333333333336,False
3,tags,private detective,3,20,0.15,0.0032,46.87499999999999,46.87499999999999,True
3,tags,afi 100 (movie quotes),5,20,0.25,0.00672,37.20238095238095,37.20238095238095,True
3,tags,screwball,4,20,0.2,0.00544,36.76470588235294,36.76470588235294,False
3,tags,screwball comedy,4,20,0.2,0.00576,34.72222222222222,34.72222222222222,False
3,genres,Film-Noir,8,20,0.4,0.01248,32.05128205128205,32.05128205128205,False
3,tags,entirely dialogue,1,20,0.05,0.0016,31.25,31.25,False
3,tags,afi 100,6,20,0.3,0.01024,29.296874999999996,29.296874999999996,False
3,tags,cynical,5,20,0.25,0.00896,27.901785714285715,27.901785714285715,False
3,tags,witty,6,20,0.3,0.0112,26.785714285714285,26.785714285714285,False
3,tags,wistful,1,20,0.05,0.00192,26.041666666666668,26.041666666666668,False
3,tags,film noir,6,20,0.3,0.01152,26.041666666666664,26.041666666666664,False
3,tags,noir,6,20,0.3,0.01216,24.671052631578945,24.671052631578945,False
3,tags,farce,2,20,0.1,0.00448,22.321428571428573,22.321428571428573,False
3,tags,oscar (best writing - screenplay written directly for the screen),1,20,0.05,0.00224,22.321428571428573,22.321428571428573,False
3,tags,train,1,20,0.05,0.00224,22.321428571428573,22.321428571428573,False
3,tags,complicated,5,20,0.25,0.01152,21.70138888888889,21.70138888888889,False
3,tags,noir thriller,6,20,0.3,0.01408,21.30681818181818,21.30681818181818,False
3,tags,black and white,10,20,0.5,0.02656,18.825301204819276,18.825301204819276,False
3,tags,intellectual,2,20,0.1,0.00608,16.44736842105263,16.44736842105263,False
3,tags,political corruption,2,20,0.1,0.00608,16.44736842105263,16.44736842105263,False
3,tags,neo-noir,4,20,0.2,0.01248,16.025641025641026,16.025641025641026,False
3,tags,quotable,8,20,0.4,0.02688,14.880952380952381,14.880952380952381,False
3,tags,new york,2,20,0.1,0.00672,14.880952380952381,14.880952380952381,False
3,tags,great dialogue,2,20,0.1,0.00672,14.880952380952381,14.880952380952381,False
3,tags,crime gone awry,2,20,0.1,0.00704,14.204545454545455,14.204545454545455,False
3,tags,silent,2,20,0.1,0.00704,14.204545454545455,14.204545454545455,False
3,tags,sarcasm,2,20,0.1,0.00704,14.204545454545455,14.204545454545455,False
3,tags,hotel,1,20,0.05,0.00352,14.204545454545455,14.204545454545455,False
3,tags,photography,1,20,0.05,0.00352,14.204545454545455,14.204545454545455,False
3,tags,talky,15,20,0.75,0.05312,14.118975903614457,14.118975903614457,False
3,tags,paranoid,1,20,0.05,0.00384,13.020833333333334,13.020833333333334,False
3,tags,nazi,2,20,0.1,0.00832,12.019230769230772,12.019230769230772,False
3,tags,mistaken identity,1,20,0.05,0.00416,12.019230769230772,12.019230769230772,False
3,tags,atmospheric,3,20,0.15,0.01248,12.019230769230768,12.019230769230768,False
3,tags,classic,18,20,0.9,0.0752,11.96808510638298,11.96808510638298,False
3,tags,mystery,4,20,0.2,0.01728,11.574074074074074,11.574074074074074,False
3,tags,broadway,1,20,0.05,0.00448,11.160714285714286,11.160714285714286,False
3,tags,adultery,2,20,0.1,0.00928,10.775862068965518,10.775862068965518,False
3,tags,detective,3,20,0.15,0.01408,10.65340909090909,10.65340909090909,False
3,tags,nazis,3,20,0.15,0.01472,10.190217391304348,10.190217391304348,False
3,tags,greed,5,20,0.25,0.02464,10.146103896103897,10.146103896103897,False
3,tags,africa,1,20,0.05,0.00512,9.765625,9.765625,False
3,tags,life philosophy,1,20,0.05,0.00512,9.765625,9.765625,False
3,tags,imdb top 250,19,20,0.95,0.09824,9.670195439739414,9.670195439739414,False
3,tags,oscar (best directing),14,20,0.7,0.07264,9.636563876651982,9.636563876651982,False
3,tags,oscar winner,3,20,0.15,0.01568,9.566326530612244,9.566326530612244,False
3,tags,investigation,3,20,0.15,0.016,9.375,9.375,False
3,tags,complicated plot,1,20,0.05,0.00544,9.191176470588236,9.191176470588236,False
3,tags,oscar (best actress),10,20,0.5,0.05504,9.084302325581396,9.084302325581396,False
3,tags,dialogue,5,20,0.25,0.02752,9.084302325581396,9.084302325581396,False
3,tags,interesting,4,20,0.2,0.02208,9.057971014492754,9.057971014492754,False
3,tags,hitchcock,3,20,0.15,0.01664,9.014423076923077,9.014423076923077,False
3,tags,manipulation,2,20,0.1,0.0112,8.928571428571429,8.928571428571429,False
3,tags,highly quotable,2,20,0.1,0.01184,8.445945945945947,8.445945945945947,False
3,tags,gangster,2,20,0.1,0.01216,8.223684210526315,8.223684210526315,False
3,tags,cross dressing,1,20,0.05,0.00608,8.223684210526315,8.223684210526315,False
3,tags,oscar (best supporting actress),3,20,0.15,0.01856,8.081896551724137,8.081896551724137,False
3,tags,bittersweet,3,20,0.15,0.01888,7.944915254237287,7.944915254237287,False
3,tags,sacrifice,1,20,0.05,0.0064,7.8125,7.8125,False
3,tags,los angeles,1,20,0.05,0.0064,7.8125,7.8125,False
3,tags,oscar (best picture),5,20,0.25,0.03296,7.584951456310679,7.584951456310679,False
3,tags,masterpiece,10,20,0.5,0.0672,7.440476190476191,7.440476190476191,False
3,tags,runaway,2,20,0.1,0.01408,7.1022727272727275,7.1022727272727275,False
3,tags,dark,3,20,0.15,0.02144,6.996268656716418,6.996268656716418,False
3,tags,murder,7,20,0.35,0.05024,6.96656050955414,6.96656050955414,False
3,tags,spy,2,20,0.1,0.0144,6.944444444444445,6.944444444444445,False
3,tags,twists & turns,5,20,0.25,0.03648,6.853070175438597,6.853070175438597,False
3,tags,eerie,1,20,0.05,0.00736,6.793478260869565,6.793478260869565,False
3,tags,amazing photography,1,20,0.05,0.00736,6.793478260869565,6.793478260869565,False
3,tags,police investigation,4,20,0.2,0.03008,6.6489361702127665,6.6489361702127665,False
3,tags,1930s,2,20,0.1,0.01504,6.6489361702127665,6.6489361702127665,False
3,tags,great ending,5,20,0.25,0.03776,6.620762711864407,6.620762711864407,False
3,tags,oscar (best actor),3,20,0.15,0.02304,6.510416666666666,6.510416666666666,False
3,tags,complex,3,20,0.15,0.02304,6.510416666666666,6.510416666666666,False
3,tags,obsession,4,20,0.2,0.03104,6.443298969072165,6.443298969072165,False
3,tags,courage,2,20,0.1,0.01568,6.377551020408164,6.377551020408164,False
3,tags,espionage,2,20,0.1,0.01568,6.377551020408164,6.377551020408164,False
3,tags,murder mystery,3,20,0.15,0.02368,6.33445945945946,6.33445945945946,False
3,tags,enigmatic,5,20,0.25,0.04064,6.151574803149606,6.151574803149606,False
3,tags,satirical,2,20,0.1,0.01632,6.127450980392156,6.127450980392156,False
3,tags,german,1,20,0.05,0.00832,6.009615384615386,6.009615384615386,False
3,tags,literary adaptation,1,20,0.05,0.00832,6.009615384615386,6.009615384615386,False
3,tags,sexy,3,20,0.15,0.02528,5.9335443037974684,5.9335443037974684,False
3,tags,great acting,10,20,0.5,0.08448,5.918560606060606,5.918560606060606,False
3,tags,downbeat,2,20,0.1,0.01696,5.89622641509434,5.89622641509434,False
3,tags,secrets,3,20,0.15,0.0256,5.859374999999999,5.859374999999999,False
3,tags,new york city,1,20,0.05,0.00864,5.787037037037037,5.787037037037037,False
3,tags,san francisco,1,20,0.05,0.00896,5.580357142857143,5.580357142857143,False
3,tags,oscar,3,20,0.15,0.0272,5.514705882352941,5.514705882352941,False
3,tags,assassination,1,20,0.05,0.00928,5.387931034482759,5.387931034482759,False
3,tags,criterion,8,20,0.4,0.07456,5.36480686695279,5.36480686695279,False
3,tags,oscar (best cinematography),3,20,0.15,0.02816,5.326704545454545,5.326704545454545,False
3,tags,spying,2,20,0.1,0.01888,5.296610169491525,5.296610169491525,False
3,tags,indians,1,20,0.05,0.0096,5.208333333333334,5.208333333333334,False
3,tags,exceptional acting,1,20,0.05,0.0096,5.208333333333334,5.208333333333334,False
3,tags,romance,4,20,0.2,0.03904,5.122950819672131,5.122950819672131,False
3,tags,suspenseful,4,20,0.2,0.03968,5.040322580645162,5.040322580645162,False
3,tags,affectionate,1,20,0.05,0.00992,5.040322580645162,5.040322580645162,False
3,tags,claustrophobic,1,20,0.05,0.00992,5.040322580645162,5.040322580645162,False
3,genres,Mystery,3,20,0.15,0.03072,4.8828125,4.8828125,False
3,tags,dance,1,20,0.05,0.01024,4.8828125,4.8828125,False
3,tags,excellent script,4,20,0.2,0.04128,4.844961240310078,4.844961240310078,False
3,tags,narrated,2,20,0.1,0.0208,4.807692307692308,4.807692307692308,False
3,tags,jungle,1,20,0.05,0.01056,4.734848484848485,4.734848484848485,False
3,tags,dancing,1,20,0.05,0.01056,4.734848484848485,4.734848484848485,False
3,tags,character study,2,20,0.1,0.02144,4.664179104477612,4.664179104477612,False
3,tags,gangsters,2,20,0.1,0.02176,4.595588235294118,4.595588235294118,False
3,tags,tense,5,20,0.25,0.05536,4.515895953757226,4.515895953757226,False
3,tags,romantic,5,20,0.25,0.05568,4.489942528735632,4.489942528735632,False
3,tags,suspense,5,20,0.25,0.05568,4.489942528735632,4.489942528735632,False
3,tags,good acting,1,20,0.05,0.0112,4.464285714285714,4.464285714285714,False
3,tags,crime,3,20,0.15,0.03456,4.340277777777778,4.340277777777778,False
3,tags,thriller,3,20,0.15,0.03488,4.30045871559633,4.30045871559633,False
3,tags,mafia,1,20,0.05,0.01184,4.222972972972974,4.222972972972974,False
3,tags,melancholic,3,20,0.15,0.0368,4.076086956521739,4.076086956521739,False
3,tags,great,2,20,0.1,0.02496,4.006410256410256,4.006410256410256,False
3,tags,good music,1,20,0.05,0.01248,4.006410256410256,4.006410256410256,False
3,tags,mob,1,20,0.05,0.01248,4.006410256410256,4.006410256410256,False
3,tags,plot twist,1,20,0.05,0.0128,3.90625,3.90625,False
3,tags,bleak,2,20,0.1,0.02624,3.810975609756098,3.810975609756098,False
3,tags,intimate,2,20,0.1,0.02624,3.810975609756098,3.810975609756098,False
3,tags,oscar (best supporting actor),2,20,0.1,0.02784,3.591954022988506,3.591954022988506,False
3,tags,funny as hell,1,20,0.05,0.01408,3.5511363636363638,3.5511363636363638,False
3,tags,loneliness,3,20,0.15,0.04288,3.498134328358209,3.498134328358209,False
3,tags,wwii,1,20,0.05,0.0144,3.4722222222222223,3.4722222222222223,False
3,tags,organized crime,1,20,0.05,0.0144,3.4722222222222223,3.4722222222222223,False
3,tags,betrayal,1,20,0.05,0.01472,3.3967391304347827,3.3967391304347827,False
3,tags,existentialism,1,20,0.05,0.01504,3.3244680851063833,3.3244680851063833,False
3,tags,love story,4,20,0.2,0.06368,3.14070351758794,3.14070351758794,False
3,genres,Musical,2,20,0.1,0.03392,2.94811320754717,2.94811320754717,False
3,tags,world war ii,1,20,0.05,0.01696,2.94811320754717,2.94811320754717,False
3,tags,insanity,1,20,0.05,0.01696,2.94811320754717,2.94811320754717,False
3,tags,social commentary,1,20,0.05,0.01696,2.94811320754717,2.94811320754717,False
3,tags,romantic comedy,2,20,0.1,0.03424,2.9205607476635516,2.9205607476635516,False
3,tags,musical,1,20,0.05,0.0176,2.840909090909091,2.840909090909091,False
3,tags,original,14,20,0.7,0.25024,2.7973145780051145,2.7973145780051145,False
3,tags,stylized,1,20,0.05,0.01856,2.6939655172413794,2.6939655172413794,False
3,tags,satire,1,20,0.05,0.01856,2.6939655172413794,2.6939655172413794,False
3,tags,powerful ending,1,20,0.05,0.01888,2.6483050847457625,2.6483050847457625,False
3,genres,Crime,3,20,0.15,0.05696,2.633426966292135,2.633426966292135,False
3,genres,Romance,7,20,0.35,0.13312,2.629206730769231,2.629206730769231,False
3,tags,wartime,1,20,0.05,0.0192,2.604166666666667,2.604166666666667,False
3,tags,adventure,2,20,0.1,0.04,2.5,2.5,False
3,tags,based on a play,1,20,0.05,0.0208,2.403846153846154,2.403846153846154,False
3,tags,funniest movies,1,20,0.05,0.0208,2.403846153846154,2.403846153846154,False
3,tags,amazing cinematography,1,20,0.05,0.02112,2.3674242424242427,2.3674242424242427,False
3,tags,adapted from:book,3,20,0.15,0.06336,2.367424242424242,2.367424242424242,False
3,tags,dramatic,3,20,0.15,0.06464,2.3205445544554455,2.3205445544554455,False
3,genres,War,2,20,0.1,0.0432,2.314814814814815,2.314814814814815,False
3,tags,cinematography,2,20,0.1,0.04448,2.248201438848921,2.248201438848921,False
3,tags,fast paced,1,20,0.05,0.02368,2.111486486486487,2.111486486486487,False
3,tags,stylish,1,20,0.05,0.02368,2.111486486486487,2.111486486486487,False
3,tags,reflective,1,20,0.05,0.02592,1.9290123456790125,1.9290123456790125,False
3,tags,relationships,2,20,0.1,0.05376,1.8601190476190477,1.8601190476190477,False
3,tags,corruption,1,20,0.05,0.0272,1.8382352941176472,1.8382352941176472,False
3,tags,music,1,20,0.05,0.02752,1.8168604651162792,1.8168604651162792,False
3,genres,Thriller,5,20,0.25,0.14016,1.783675799086758,1.783675799086758,False
3,tags,pornography,1,20,0.05,0.03296,1.5169902912621358,1.5169902912621358,False
3,tags,drama,2,20,0.1,0.06656,1.5024038461538465,1.5024038461538465,False
3,tags,hilarious,1,20,0.05,0.03584,1.3950892857142858,1.3950892857142858,False
3,tags,love,1,20,0.05,0.03616,1.3827433628318586,1.3827433628318586,False
3,tags,comedy,3,20,0.15,0.11168,1.3431232091690544,1.3431232091690544,False
3,tags,great movie,1,20,0.05,0.04352,1.1488970588235294,1.1488970588235294,False
3,genres,Comedy,7,20,0.35,0.32224,1.0861469712015888,1.0861469712015888,False
3,tags,chase,1,20,0.05,0.0528,0.946969696969697,0.946969696969697,False
3,tags,storytelling,1,20,0.05,0.05536,0.9031791907514451,0.9031791907514451,False
3,tags,based on a book,1,20,0.05,0.06656,0.7512019230769232,0.7512019230769232,False
3,genres,Drama,5,20,0.25,0.39584,0.6315683104284558,0.6315683104284558,False
3,genres,Adventure,1,20,0.05,0.08256,0.6056201550387598,0.6056201550387598,False
3,genres,Action,1,20,0.05,0.14528,0.3441629955947137,0.3441629955947137,False
4,tags,shopping,3,20,0.15,0.00096,156.25,156.25,True
4,tags,good romantic comedies,9,20,0.45,0.00704,63.92045454545455,63.92045454545455,True
4,tags,sappy,1,20,0.05,0.00096,52.083333333333336,52.083333333333336,False
4,tags,wedding,2,20,0.1,0.00224,44.642857142857146,44.642857142857146,True
4,tags,spelling bee,1,20,0.05,0.00128,39.0625,39.0625,False
4,tags,girlie movie,16,20,0.8,0.02272,35.2112676056338,35.2112676056338,False
4,tags,very good,1,20,0.05,0.0016,31.25,31.25,False
4,tags,family bonds,1,20,0.05,0.0016,31.25,31.25,False
4,tags,happy ending,9,20,0.45,0.016,28.125,28.125,False
4,tags,chick flick,16,20,0.8,0.03136,25.510204081632654,25.510204081632654,False
4,tags,feel good movie,7,20,0.35,0.0144,24.305555555555554,24.305555555555554,False
4,tags,internet,1,20,0.05,0.00224,22.321428571428573,22.321428571428573,False
4,tags,ghosts/afterlife,1,20,0.05,0.00224,22.321428571428573,22.321428571428573,False
4,tags,sweet,8,20,0.4,0.01856,21.551724137931036,21.551724137931036,False
4,tags,feel-good,12,20,0.6,0.02784,21.551724137931032,21.551724137931032,False
4,tags,romantic comedy,14,20,0.7,0.03424,20.44392523364486,20.44392523364486,False
4,tags,cute!,2,20,0.1,0.00512,19.53125,19.53125,False
4,tags,afterlife,1,20,0.05,0.00256,19.53125,19.53125,False
4,tags,catastrophe,1,20,0.05,0.00256,19.53125,19.53125,False
4,tags,romance,15,20,0.75,0.03904,19.211065573770494,19.211065573770494,False
4,tags,destiny,9,20,0.45,0.024,18.75,18.75,False
4,tags,cute,3,20,0.15,0.00864,17.36111111111111,17.36111111111111,False
4,tags,classical music,1,20,0.05,0.00288,17.36111111111111,17.36111111111111,False
4,tags,oscar winner,5,20,0.25,0.01568,15.943877551020408,15.943877551020408,False
4,tags,inspirational,2,20,0.1,0.0064,15.625,15.625,False
4,tags,sentimental,5,20,0.25,0.01664,15.024038461538463,15.024038461538463,False
4,tags,predictable,2,20,0.1,0.00672,14.880952380952381,14.880952380952381,False
4,tags,tear jerker,2,20,0.1,0.00704,14.204545454545455,14.204545454545455,False
4,tags,baseball,1,20,0.05,0.00352,14.204545454545455,14.204545454545455,False
4,tags,romantic,15,20,0.75,0.05568,13.469827586206897,13.469827586206897,False
4,tags,football,1,20,0.05,0.00384,13.020833333333334,13.020833333333334,False
4,tags,teacher,1,20,0.05,0.00384,13.020833333333334,13.020833333333334,False
4,tags,divorce,1,20,0.05,0.00416,12.019230769230772,12.019230769230772,False
4,tags,love story,15,20,0.75,0.06368,11.777638190954773,11.777638190954773,False
4,tags,prostitution,1,20,0.05,0.00448,11.160714285714286,11.160714285714286,False
4,tags,life,1,20,0.05,0.00448,11.160714285714286,11.160714285714286,False
4,tags,single father,1,20,0.05,0.0048,10.416666666666668,10.416666666666668,False
4,tags,earnest,1,20,0.05,0.0048,10.416666666666668,10.416666666666668,False
4,tags,fairy tales,1,20,0.05,0.0048,10.416666666666668,10.416666666666668,False
4,tags,inspiring,1,20,0.05,0.0048,10.416666666666668,10.416666666666668,False
4,tags,women,3,20,0.15,0.01568,9.566326530612244,9.566326530612244,False
4,tags,disability,1,20,0.05,0.00544,9.191176470588236,9.191176470588236,False
4,tags,rags to riches,1,20,0.05,0.00576,8.680555555555555,8.680555555555555,False
4,tags,london,1,20,0.05,0.00576,8.680555555555555,8.680555555555555,False
4,tags,president,1,20,0.05,0.00576,8.680555555555555,8.680555555555555,False
4,tags,heartwarming,2,20,0.1,0.01184,8.445945945945947,8.445945945945947,False
4,tags,nostalgic,2,20,0.1,0.01216,8.223684210526315,8.223684210526315,False
4,tags,cross dressing,1,20,0.05,0.00608,8.223684210526315,8.223684210526315,False
4,tags,fighting the system,1,20,0.05,0.0064,7.8125,7.8125,False
4,tags,oscar,4,20,0.2,0.0272,7.352941176470589,7.352941176470589,False
4,tags,british,2,20,0.1,0.01408,7.1022727272727275,7.1022727272727275,False
4,tags,pg-13,1,20,0.05,0.00704,7.1022727272727275,7.1022727272727275,False
4,tags,shakespeare,1,20,0.05,0.00704,7.1022727272727275,7.1022727272727275,False
4,tags,love,5,20,0.25,0.03616,6.913716814159293,6.913716814159293,False
4,tags,good,5,20,0.25,0.0368,6.793478260869565,6.793478260869565,False
4,tags,fairy tale,2,20,0.1,0.01504,6.6489361702127665,6.6489361702127665,False
4,genres,Romance,16,20,0.8,0.13312,6.009615384615386,6.009615384615386,False
4,tags,drama,8,20,0.4,0.06656,6.009615384615386,6.009615384615386,False
4,tags,world politics,1,20,0.05,0.00832,6.009615384615386,6.009615384615386,False
4,tags,sports,2,20,0.1,0.01792,5.580357142857143,5.580357142857143,False
4,tags,ghosts,1,20,0.05,0.00896,5.580357142857143,5.580357142857143,False
4,tags,literature,1,20,0.05,0.00896,5.580357142857143,5.580357142857143,False
4,tags,oscar (best supporting actress),2,20,0.1,0.01856,5.387931034482759,5.387931034482759,False
4,tags,natural disaster,1,20,0.05,0.00928,5.387931034482759,5.387931034482759,False
4,tags,remake,1,20,0.05,0.00928,5.387931034482759,5.387931034482759,False
4,tags,touching,3,20,0.15,0.02816,5.326704545454545,5.326704545454545,False
4,tags,bittersweet,2,20,0.1,0.01888,5.296610169491525,5.296610169491525,False
4,tags,dog,1,20,0.05,0.0096,5.208333333333334,5.208333333333334,False
4,tags,courtroom,1,20,0.05,0.00992,5.040322580645162,5.040322580645162,False
4,tags,costume drama,1,20,0.05,0.01024,4.8828125,4.8828125,False
4,tags,passionate,1,20,0.05,0.01024,4.8828125,4.8828125,False
4,tags,artistic,1,20,0.05,0.01056,4.734848484848485,4.734848484848485,False
4,tags,relationships,5,20,0.25,0.05376,4.650297619047619,4.650297619047619,False
4,tags,oscar (best picture),3,20,0.15,0.03296,4.550970873786407,4.550970873786407,False
4,tags,magic,1,20,0.05,0.0112,4.464285714285714,4.464285714285714,False
4,tags,epic,1,20,0.05,0.0112,4.464285714285714,4.464285714285714,False
4,tags,witty,1,20,0.05,0.0112,4.464285714285714,4.464285714285714,False
4,tags,historical,2,20,0.1,0.02272,4.401408450704225,4.401408450704225,False
4,tags,us history,1,20,0.05,0.01152,4.340277777777778,4.340277777777778,False
4,tags,england,1,20,0.05,0.01152,4.340277777777778,4.340277777777778,False
4,tags,based on a true story,1,20,0.05,0.01184,4.222972972972974,4.222972972972974,False
4,tags,lawyers,1,20,0.05,0.01216,4.1118421052631575,4.1118421052631575,False
4,tags,death,1,20,0.05,0.01248,4.006410256410256,4.006410256410256,False
4,tags,good music,1,20,0.05,0.01248,4.006410256410256,4.006410256410256,False
4,tags,quotable,2,20,0.1,0.02688,3.7202380952380953,3.7202380952380953,False
4,tags,excellent script,3,20,0.15,0.04128,3.6337209302325584,3.6337209302325584,False
4,tags,beautiful scenery,1,20,0.05,0.01408,3.5511363636363638,3.5511363636363638,False
4,tags,musicians,1,20,0.05,0.0144,3.4722222222222223,3.4722222222222223,False
4,tags,oscar (best directing),5,20,0.25,0.07264,3.441629955947137,3.441629955947137,False
4,tags,politics,1,20,0.05,0.01472,3.3967391304347827,3.3967391304347827,False
4,tags,lawyer,1,20,0.05,0.01504,3.3244680851063833,3.3244680851063833,False
4,tags,period piece,1,20,0.05,0.01536,3.2552083333333335,3.2552083333333335,False
4,tags,gay character,1,20,0.05,0.01568,3.188775510204082,3.188775510204082,False
4,tags,political,1,20,0.05,0.01568,3.188775510204082,3.188775510204082,False
4,tags,rock and roll,1,20,0.05,0.016,3.125,3.125,False
4,tags,biographical,1,20,0.05,0.01664,3.004807692307693,3.004807692307693,False
4,tags,world war ii,1,20,0.05,0.01696,2.94811320754717,2.94811320754717,False
4,tags,supernatural,1,20,0.05,0.01728,2.8935185185185186,2.8935185185185186,False
4,tags,history,1,20,0.05,0.01728,2.8935185185185186,2.8935185185185186,False
4,tags,life & death,1,20,0.05,0.0176,2.840909090909091,2.840909090909091,False
4,tags,mentor,4,20,0.2,0.07168,2.7901785714285716,2.7901785714285716,False
4,tags,wartime,1,20,0.05,0.0192,2.604166666666667,2.604166666666667,False
4,tags,based on true story,1,20,0.05,0.01984,2.520161290322581,2.520161290322581,False
4,tags,gay,1,20,0.05,0.0208,2.403846153846154,2.403846153846154,False
4,tags,narrated,1,20,0.05,0.0208,2.403846153846154,2.403846153846154,False
4,tags,true story,1,20,0.05,0.0208,2.403846153846154,2.403846153846154,False
4,tags,based on a play,1,20,0.05,0.0208,2.403846153846154,2.403846153846154,False
4,tags,great acting,4,20,0.2,0.08448,2.3674242424242427,2.3674242424242427,False
4,genres,Comedy,15,20,0.75,0.32224,2.327457795431976,2.327457795431976,False
4,tags,fantasy,1,20,0.05,0.02176,2.297794117647059,2.297794117647059,False
4,tags,high school,1,20,0.05,0.0224,2.232142857142857,2.232142857142857,False
4,tags,oscar (best actor),1,20,0.05,0.02304,2.170138888888889,2.170138888888889,False
4,tags,small town,1,20,0.05,0.02368,2.111486486486487,2.111486486486487,False
4,tags,greed,1,20,0.05,0.02464,2.0292207792207795,2.0292207792207795,False
4,tags,family,2,20,0.1,0.05152,1.9409937888198758,1.9409937888198758,False
4,tags,big budget,1,20,0.05,0.02592,1.9290123456790125,1.9290123456790125,False
4,tags,oscar (best actress),2,20,0.1,0.05504,1.8168604651162792,1.8168604651162792,False
4,tags,music,1,20,0.05,0.02752,1.8168604651162792,1.8168604651162792,False
4,tags,oscar (best supporting actor),1,20,0.05,0.02784,1.795977011494253,1.795977011494253,False
4,tags,oscar (best cinematography),1,20,0.05,0.02816,1.7755681818181819,1.7755681818181819,False
4,tags,story,1,20,0.05,0.02848,1.75561797752809,1.75561797752809,False
4,tags,unlikely friendships,1,20,0.05,0.02976,1.6801075268817205,1.6801075268817205,False
4,tags,childhood,1,20,0.05,0.0304,1.6447368421052633,1.6447368421052633,False
4,tags,children,1,20,0.05,0.03104,1.6108247422680413,1.6108247422680413,False
4,tags,based on book,1,20,0.05,0.03872,1.2913223140495869,1.2913223140495869,False
4,genres,War,1,20,0.05,0.0432,1.1574074074074074,1.1574074074074074,False
4,tags,great movie,1,20,0.05,0.04352,1.1488970588235294,1.1488970588235294,False
4,tags,funny,1,20,0.05,0.04832,1.03476821192053,1.03476821192053,False
4,tags,chase,1,20,0.05,0.0528,0.946969696969697,0.946969696969697,False
4,tags,special effects,1,20,0.05,0.05408,0.9245562130177515,0.9245562130177515,False
4,tags,suspense,1,20,0.05,0.05568,0.8979885057471265,0.8979885057471265,False
4,tags,comedy,2,20,0.1,0.11168,0.8954154727793696,0.8954154727793696,False
4,genres,Drama,7,20,0.35,0.39584,0.8841956345998382,0.8841956345998382,False
4,tags,dramatic,1,20,0.05,0.06464,0.7735148514851485,0.7735148514851485,False
4,tags,imdb top 250,1,20,0.05,0.09824,0.508957654723127,0.508957654723127,False
4,genres,Thriller,1,20,0.05,0.14016,0.3567351598173516,0.3567351598173516,False
4,tags,original,1,20,0.05,0.25024,0.19980818414322252,0.19980818414322252,False
5,tags,shopping,3,20,0.15,0.00096,156.25,156.25,True
5,tags,good romantic comedies,9,20,0.45,0.00704,63.92045454545455,63.92045454545455,True
5,tags,sappy,1,20,0.05,0.00096,52.083333333333336,52.083333333333336,False
5,tags,wedding,2,20,0.1,0.00224,44.642857142857146,44.642857142857146,True
5,tags,spelling bee,1,20,0.05,0.00128,39.0625,39.0625,False
5,tags,girlie movie,16,20,0.8,0.02272,35.2112676056338,35.2112676056338,False
5,tags,very good,1,20,0.05,0.0016,31.25,31.25,False
5,tags,family bonds,1,20,0.05,0.0016,31.25,31.25,False
5,tags,happy ending,9,20,0.45,0.016,28.125,28.125,False
5,tags,chick flick,16,20,0.8,0.03136,25.510204081632654,25.510204081632654,False
5,tags,feel good movie,7,20,0.35,0.0144,24.305555555555554,24.305555555555554,False
5,tags,internet,1,20,0.05,0.00224,22.321428571428573,22.321428571428573,False
5,tags,ghosts/afterlife,1,20,0.05,0.00224,22.321428571428573,22.321428571428573,False
5,tags,sweet,8,20,0.4,0.01856,21.551724137931036,21.551724137931036,False
5,tags,feel-good,12,20,0.6,0.02784,21.551724137931032,21.551724137931032,False
5,tags,romantic comedy,14,20,0.7,0.03424,20.44392523364486,20.44392523364486,False
5,tags,cute!,2,20,0.1,0.00512,19.53125,19.53125,False
5,tags,afterlife,1,20,0.05,0.00256,19.53125,19.53125,False
5,tags,catastrophe,1,20,0.05,0.00256,19.53125,19.53125,False
5,tags,romance,15,20,0.75,0.03904,19.211065573770494,19.211065573770494,False
5,tags,destiny,9,20,0.45,0.024,18.75,18.75,False
5,tags,cute,3,20,0.15,0.00864,17.36111111111111,17.36111111111111,False
5,tags,classical music,1,20,0.05,0.00288,17.36111111111111,17.36111111111111,False
5,tags,oscar winner,5,20,0.25,0.01568,15.943877551020408,15.943877551020408,False
5,tags,inspirational,2,20,0.1,0.0064,15.625,15.625,False
5,tags,sentimental,5,20,0.25,0.01664,15.024038461538463,15.024038461538463,False
5,tags,predictable,2,20,0.1,0.00672,14.880952380952381,14.880952380952381,False
5,tags,tear jerker,2,20,0.1,0.00704,14.204545454545455,14.204545454545455,False
5,tags,baseball,1,20,0.05,0.00352,14.204545454545455,14.204545454545455,False
5,tags,romantic,15,20,0.75,0.05568,13.469827586206897,13.469827586206897,False
5,tags,football,1,20,0.05,0.00384,13.020833333333334,13.020833333333334,False
5,tags,teacher,1,20,0.05,0.00384,13.020833333333334,13.020833333333334,False
5,tags,divorce,1,20,0.05,0.00416,12.019230769230772,12.019230769230772,False
5,tags,love story,15,20,0.75,0.06368,11.777638190954773,11.777638190954773,False
5,tags,prostitution,1,20,0.05,0.00448,11.160714285714286,11.160714285714286,False
5,tags,life,1,20,0.05,0.00448,11.160714285714286,11.160714285714286,False
5,tags,single father,1,20,0.05,0.0048,10.416666666666668,10.416666666666668,False
5,tags,earnest,1,20,0.05,0.0048,10.416666666666668,10.416666666666668,False
5,tags,fairy tales,1,20,0.05,0.0048,10.416666666666668,10.416666666666668,False
5,tags,inspiring,1,20,0.05,0.0048,10.416666666666668,10.416666666666668,False
5,tags,women,3,20,0.15,0.01568,9.566326530612244,9.566326530612244,False
5,tags,disability,1,20,0.05,0.00544,9.191176470588236,9.191176470588236,False
5,tags,rags to riches,1,20,0.05,0.00576,8.680555555555555,8.680555555555555,False
5,tags,london,1,20,0.05,0.00576,8.680555555555555,8.680555555555555,False
5,tags,president,1,20,0.05,0.00576,8.680555555555555,8.680555555555555,False
5,tags,heartwarming,2,20,0.1,0.01184,8.445945945945947,8.445945945945947,False
5,tags,nostalgic,2,20,0.1,0.01216,8.223684210526315,8.223684210526315,False
5,tags,cross dressing,1,20,0.05,0.00608,8.223684210526315,8.223684210526315,False
5,tags,fighting the system,1,20,0.05,0.0064,7.8125,7.8125,False
5,tags,oscar,4,20,0.2,0.0272,7.352941176470589,7.352941176470589,False
5,tags,british,2,20,0.1,0.01408,7.1022727272727275,7.1022727272727275,False
5,tags,pg-13,1,20,0.05,0.00704,7.1022727272727275,7.1022727272727275,False
5,tags,shakespeare,1,20,0.05,0.00704,7.1022727272727275,7.1022727272727275,False
5,tags,love,5,20,0.25,0.03616,6.913716814159293,6.913716814159293,False
5,tags,good,5,20,0.25,0.0368,6.793478260869565,6.793478260869565,False
5,tags,fairy tale,2,20,0.1,0.01504,6.6489361702127665,6.6489361702127665,False
5,genres,Romance,16,20,0.8,0.13312,6.009615384615386,6.009615384615386,False
5,tags,drama,8,20,0.4,0.06656,6.009615384615386,6.009615384615386,False
5,tags,world politics,1,20,0.05,0.00832,6.009615384615386,6.009615384615386,False
5,tags,sports,2,20,0.1,0.01792,5.580357142857143,5.580357142857143,False
5,tags,ghosts,1,20,0.05,0.00896,5.580357142857143,5.580357142857143,False
5,tags,literature,1,20,0.05,0.00896,5.580357142857143,5.580357142857143,False
5,tags,oscar (best supporting actress),2,20,0.1,0.01856,5.387931034482759,5.387931034482759,False
5,tags,natural disaster,1,20,0.05,0.00928,5.387931034482759,5.387931034482759,False
5,tags,remake,1,20,0.05,0.00928,5.387931034482759,5.387931034482759,False
5,tags,touching,3,20,0.15,0.02816,5.326704545454545,5.326704545454545,False
5,tags,bittersweet,2,20,0.1,0.01888,5.296610169491525,5.296610169491525,False
5,tags,dog,1,20,0.05,0.0096,5.208333333333334,5.208333333333334,False
5,tags,courtroom,1,20,0.05,0.00992,5.040322580645162,5.040322580645162,False
5,tags,costume drama,1,20,0.05,0.01024,4.8828125,4.8828125,False
5,tags,passionate,1,20,0.05,0.01024,4.8828125,4.8828125,False
5,tags,artistic,1,20,0.05,0.01056,4.734848484848485,4.734848484848485,False
5,tags,relationships,5,20,0.25,0.05376,4.650297619047619,4.650297619047619,False
5,tags,oscar (best picture),3,20,0.15,0.03296,4.550970873786407,4.550970873786407,False
5,tags,magic,1,20,0.05,0.0112,4.464285714285714,4.464285714285714,False
5,tags,epic,1,20,0.05,0.0112,4.464285714285714,4.464285714285714,False
5,tags,witty,1,20,0.05,0.0112,4.464285714285714,4.464285714285714,False
5,tags,historical,2,20,0.1,0.02272,4.401408450704225,4.401408450704225,False
5,tags,us history,1,20,0.05,0.01152,4.340277777777778,4.340277777777778,False
5,tags,england,1,20,0.05,0.01152,4.340277777777778,4.340277777777778,False
5,tags,based on a true story,1,20,0.05,0.01184,4.222972972972974,4.222972972972974,False
5,tags,lawyers,1,20,0.05,0.01216,4.1118421052631575,4.1118421052631575,False
5,tags,death,1,20,0.05,0.01248,4.006410256410256,4.006410256410256,False
5,tags,good music,1,20,0.05,0.01248,4.006410256410256,4.006410256410256,False
5,tags,quotable,2,20,0.1,0.02688,3.7202380952380953,3.7202380952380953,False
5,tags,excellent script,3,20,0.15,0.04128,3.6337209302325584,3.6337209302325584,False
5,tags,beautiful scenery,1,20,0.05,0.01408,3.5511363636363638,3.5511363636363638,False
5,tags,musicians,1,20,0.05,0.0144,3.4722222222222223,3.4722222222222223,False
5,tags,oscar (best directing),5,20,0.25,0.07264,3.441629955947137,3.441629955947137,False
5,tags,politics,1,20,0.05,0.01472,3.3967391304347827,3.3967391304347827,False
5,tags,lawyer,1,20,0.05,0.01504,3.3244680851063833,3.3244680851063833,False
5,tags,period piece,1,20,0.05,0.01536,3.2552083333333335,3.2552083333333335,False
5,tags,gay character,1,20,0.05,0.01568,3.188775510204082,3.188775510204082,False
5,tags,political,1,20,0.05,0.01568,3.188775510204082,3.188775510204082,False
5,tags,rock and roll,1,20,0.05,0.016,3.125,3.125,False
5,tags,biographical,1,20,0.05,0.01664,3.004807692307693,3.004807692307693,False
5,tags,world war ii,1,20,0.05,0.01696,2.94811320754717,2.94811320754717,False
5,tags,supernatural,1,20,0.05,0.01728,2.8935185185185186,2.8935185185185186,False
5,tags,history,1,20,0.05,0.01728,2.8935185185185186,2.8935185185185186,False
5,tags,life & death,1,20,0.05,0.0176,2.840909090909091,2.840909090909091,False
5,tags,mentor,4,20,0.2,0.07168,2.7901785714285716,2.7901785714285716,False
5,tags,wartime,1,20,0.05,0.0192,2.604166666666667,2.604166666666667,False
5,tags,based on true story,1,20,0.05,0.01984,2.520161290322581,2.520161290322581,False
5,tags,gay,1,20,0.05,0.0208,2.403846153846154,2.403846153846154,False
5,tags,narrated,1,20,0.05,0.0208,2.403846153846154,2.403846153846154,False
5,tags,true story,1,20,0.05,0.0208,2.403846153846154,2.403846153846154,False
5,tags,based on a play,1,20,0.05,0.0208,2.403846153846154,2.403846153846154,False
5,tags,great acting,4,20,0.2,0.08448,2.3674242424242427,2.3674242424242427,False
5,genres,Comedy,15,20,0.75,0.32224,2.327457795431976,2.327457795431976,False
5,tags,fantasy,1,20,0.05,0.02176,2.297794117647059,2.297794117647059,False
5,tags,high school,1,20,0.05,0.0224,2.232142857142857,2.232142857142857,False
5,tags,oscar (best actor),1,20,0.05,0.02304,2.170138888888889,2.170138888888889,False
5,tags,small town,1,20,0.05,0.02368,2.111486486486487,2.111486486486487,False
5,tags,greed,1,20,0.05,0.02464,2.0292207792207795,2.0292207792207795,False
5,tags,family,2,20,0.1,0.05152,1.9409937888198758,1.9409937888198758,False
5,tags,big budget,1,20,0.05,0.02592,1.9290123456790125,1.9290123456790125,False
5,tags,oscar (best actress),2,20,0.1,0.05504,1.8168604651162792,1.8168604651162792,False
5,tags,music,1,20,0.05,0.02752,1.8168604651162792,1.8168604651162792,False
5,tags,oscar (best supporting actor),1,20,0.05,0.02784,1.795977011494253,1.795977011494253,False
5,tags,oscar (best cinematography),1,20,0.05,0.02816,1.7755681818181819,1.7755681818181819,False
5,tags,story,1,20,0.05,0.02848,1.75561797752809,1.75561797752809,False
5,tags,unlikely friendships,1,20,0.05,0.02976,1.6801075268817205,1.6801075268817205,False
5,tags,childhood,1,20,0.05,0.0304,1.6447368421052633,1.6447368421052633,False
5,tags,children,1,20,0.05,0.03104,1.6108247422680413,1.6108247422680413,False
5,tags,based on book,1,20,0.05,0.03872,1.2913223140495869,1.2913223140495869,False
5,genres,War,1,20,0.05,0.0432,1.1574074074074074,1.1574074074074074,False
5,tags,great movie,1,20,0.05,0.04352,1.1488970588235294,1.1488970588235294,False
5,tags,funny,1,20,0.05,0.04832,1.03476821192053,1.03476821192053,False
5,tags,chase,1,20,0.05,0.0528,0.946969696969697,0.946969696969697,False
5,tags,special effects,1,20,0.05,0.05408,0.9245562130177515,0.9245562130177515,False
5,tags,suspense,1,20,0.05,0.05568,0.8979885057471265,0.8979885057471265,False
5,tags,comedy,2,20,0.1,0.11168,0.8954154727793696,0.8954154727793696,False
5,genres,Drama,7,20,0.35,0.39584,0.8841956345998382,0.8841956345998382,False
5,tags,dramatic,1,20,0.05,0.06464,0.7735148514851485,0.7735148514851485,False
5,tags,imdb top 250,1,20,0.05,0.09824,0.508957654723127,0.508957654723127,False
5,genres,Thriller,1,20,0.05,0.14016,0.3567351598173516,0.3567351598173516,False
5,tags,original,1,20,0.05,0.25024,0.19980818414322252,0.19980818414322252,False
6,tags,shopping,3,20,0.15,0.00096,156.25,156.25,True
6,tags,good romantic comedies,9,20,0.45,0.00704,63.92045454545455,63.92045454545455,True
6,tags,sappy,1,20,0.05,0.00096,52.083333333333336,52.083333333333336,False
6,tags,wedding,2,20,0.1,0.00224,44.642857142857146,44.642857142857146,True
6,tags,spelling bee,1,20,0.05,0.00128,39.0625,39.0625,False
6,tags,girlie movie,16,20,0.8,0.02272,35.2112676056338,35.2112676056338,False
6,tags,happy ending,10,20,0.5,0.016,31.25,31.25,False
6,tags,very good,1,20,0.05,0.0016,31.25,31.25,False
6,tags,family bonds,1,20,0.05,0.0016,31.25,31.25,False
6,tags,chick flick,16,20,0.8,0.03136,25.510204081632654,25.510204081632654,False
6,tags,feel good movie,7,20,0.35,0.0144,24.305555555555554,24.305555555555554,False
6,tags,internet,1,20,0.05,0.00224,22.321428571428573,22.321428571428573,False
6,tags,ghosts/afterlife,1,20,0.05,0.00224,22.321428571428573,22.321428571428573,False
6,tags,sweet,8,20,0.4,0.01856,21.551724137931036,21.551724137931036,False
6,tags,feel-good,12,20,0.6,0.02784,21.551724137931032,21.551724137931032,False
6,tags,tear jerker,3,20,0.15,0.00704,21.30681818181818,21.30681818181818,False
6,tags,cute!,2,20,0.1,0.00512,19.53125,19.53125,False
6,tags,afterlife,1,20,0.05,0.00256,19.53125,19.53125,False
6,tags,catastrophe,1,20,0.05,0.00256,19.53125,19.53125,False
6,tags,romantic comedy,13,20,0.65,0.03424,18.983644859813086,18.983644859813086,False
6,tags,destiny,9,20,0.45,0.024,18.75,18.75,False
6,tags,sentimental,6,20,0.3,0.01664,18.028846153846153,18.028846153846153,False
6,tags,romance,14,20,0.7,0.03904,17.93032786885246,17.93032786885246,False
6,tags,cute,3,20,0.15,0.00864,17.36111111111111,17.36111111111111,False
6,tags,classical music,1,20,0.05,0.00288,17.36111111111111,17.36111111111111,False
6,tags,inspirational,2,20,0.1,0.0064,15.625,15.625,False
6,tags,predictable,2,20,0.1,0.00672,14.880952380952381,14.880952380952381,False
6,tags,baseball,1,20,0.05,0.00352,14.204545454545455,14.204545454545455,False
6,tags,romantic,15,20,0.75,0.05568,13.469827586206897,13.469827586206897,False
6,tags,football,1,20,0.05,0.00384,13.020833333333334,13.020833333333334,False
6,tags,teacher,1,20,0.05,0.00384,13.020833333333334,13.020833333333334,False
6,tags,oscar winner,4,20,0.2,0.01568,12.755102040816327,12.755102040816327,False
6,tags,divorce,1,20,0.05,0.00416,12.019230769230772,12.019230769230772,False
6,tags,love story,15,20,0.75,0.06368,11.777638190954773,11.777638190954773,False
6,tags,prostitution,1,20,0.05,0.00448,11.160714285714286,11.160714285714286,False
6,tags,life,1,20,0.05,0.00448,11.160714285714286,11.160714285714286,False
6,tags,earnest,1,20,0.05,0.0048,10.416666666666668,10.416666666666668,False
6,tags,single father,1,20,0.05,0.0048,10.416666666666668,10.416666666666668,False
6,tags,fairy tales,1,20,0.05,0.0048,10.416666666666668,10.416666666666668,False
6,tags,inspiring,1,20,0.05,0.0048,10.416666666666668,10.416666666666668,False
6,tags,women,3,20,0.15,0.01568,9.566326530612244,9.566326530612244,False
6,tags,disability,1,20,0.05,0.00544,9.191176470588236,9.191176470588236,False
6,tags,rags to riches,1,20,0.05,0.00576,8.680555555555555,8.680555555555555,False
6,tags,london,1,20,0.05,0.00576,8.680555555555555,8.680555555555555,False
6,tags,president,1,20,0.05,0.00576,8.680555555555555,8.680555555555555,False
6,tags,heartwarming,2,20,0.1,0.01184,8.445945945945947,8.445945945945947,False
6,tags,nostalgic,2,20,0.1,0.01216,8.223684210526315,8.223684210526315,False
6,tags,cross dressing,1,20,0.05,0.00608,8.223684210526315,8.223684210526315,False
6,tags,fighting the system,1,20,0.05,0.0064,7.8125,7.8125,False
6,tags,pg-13,1,20,0.05,0.00704,7.1022727272727275,7.1022727272727275,False
6,tags,love,5,20,0.25,0.03616,6.913716814159293,6.913716814159293,False
6,tags,good,5,20,0.25,0.0368,6.793478260869565,6.793478260869565,False
6,tags,fairy tale,2,20,0.1,0.01504,6.6489361702127665,6.6489361702127665,False
6,genres,Romance,16,20,0.8,0.13312,6.009615384615386,6.009615384615386,False
6,tags,world politics,1,20,0.05,0.00832,6.009615384615386,6.009615384615386,False
6,tags,sports,2,20,0.1,0.01792,5.580357142857143,5.580357142857143,False
6,tags,ghosts,1,20,0.05,0.00896,5.580357142857143,5.580357142857143,False
6,tags,oscar,3,20,0.15,0.0272,5.514705882352941,5.514705882352941,False
6,tags,natural disaster,1,20,0.05,0.00928,5.387931034482759,5.387931034482759,False
6,tags,remake,1,20,0.05,0.00928,5.387931034482759,5.387931034482759,False
6,tags,touching,3,20,0.15,0.02816,5.326704545454545,5.326704545454545,False
6,tags,bittersweet,2,20,0.1,0.01888,5.296610169491525,5.296610169491525,False
6,tags,drama,7,20,0.35,0.06656,5.258413461538462,5.258413461538462,False
6,tags,dog,1,20,0.05,0.0096,5.208333333333334,5.208333333333334,False
6,tags,courtroom,1,20,0.05,0.00992,5.040322580645162,5.040322580645162,False
6,tags,artistic,1,20,0.05,0.01056,4.734848484848485,4.734848484848485,False
6,tags,relationships,5,20,0.25,0.05376,4.650297619047619,4.650297619047619,False
6,tags,magic,1,20,0.05,0.0112,4.464285714285714,4.464285714285714,False
6,tags,epic,1,20,0.05,0.0112,4.464285714285714,4.464285714285714,False
6,tags,historical,2,20,0.1,0.02272,4.401408450704225,4.401408450704225,False
6,tags,us history,1,20,0.05,0.01152,4.340277777777778,4.340277777777778,False
6,tags,based on a true story,1,20,0.05,0.01184,4.222972972972974,4.222972972972974,False
6,tags,lawyers,1,20,0.05,0.01216,4.1118421052631575,4.1118421052631575,False
6,tags,death,1,20,0.05,0.01248,4.006410256410256,4.006410256410256,False
6,tags,good music,1,20,0.05,0.01248,4.006410256410256,4.006410256410256,False
6,tags,quotable,2,20,0.1,0.02688,3.7202380952380953,3.7202380952380953,False
6,tags,british,1,20,0.05,0.01408,3.5511363636363638,3.5511363636363638,False
6,tags,beautiful scenery,1,20,0.05,0.01408,3.5511363636363638,3.5511363636363638,False
6,tags,musicians,1,20,0.05,0.0144,3.4722222222222223,3.4722222222222223,False
6,tags,politics,1,20,0.05,0.01472,3.3967391304347827,3.3967391304347827,False
6,tags,lawyer,1,20,0.05,0.01504,3.3244680851063833,3.3244680851063833,False
6,tags,gay character,1,20,0.05,0.01568,3.188775510204082,3.188775510204082,False
6,tags,political,1,20,0.05,0.01568,3.188775510204082,3.188775510204082,False
6,tags,rock and roll,1,20,0.05,0.016,3.125,3.125,False
6,tags,oscar (best picture),2,20,0.1,0.03296,3.0339805825242716,3.0339805825242716,False
6,tags,biographical,1,20,0.05,0.01664,3.004807692307693,3.004807692307693,False
6,tags,world war ii,1,20,0.05,0.01696,2.94811320754717,2.94811320754717,False
6,tags,supernatural,1,20,0.05,0.01728,2.8935185185185186,2.8935185185185186,False
6,tags,history,1,20,0.05,0.01728,2.8935185185185186,2.8935185185185186,False
6,tags,life & death,1,20,0.05,0.0176,2.840909090909091,2.840909090909091,False
6,tags,mentor,4,20,0.2,0.07168,2.7901785714285716,2.7901785714285716,False
6,tags,oscar (best directing),4,20,0.2,0.07264,2.7533039647577096,2.7533039647577096,False
6,tags,oscar (best supporting actress),1,20,0.05,0.01856,2.6939655172413794,2.6939655172413794,False
6,tags,wartime,1,20,0.05,0.0192,2.604166666666667,2.604166666666667,False
6,tags,based on true story,1,20,0.05,0.01984,2.520161290322581,2.520161290322581,False
6,tags,excellent script,2,20,0.1,0.04128,2.422480620155039,2.422480620155039,False
6,tags,gay,1,20,0.05,0.0208,2.403846153846154,2.403846153846154,False
6,tags,narrated,1,20,0.05,0.0208,2.403846153846154,2.403846153846154,False
6,tags,true story,1,20,0.05,0.0208,2.403846153846154,2.403846153846154,False
6,tags,based on a play,1,20,0.05,0.0208,2.403846153846154,2.403846153846154,False
6,genres,Comedy,15,20,0.75,0.32224,2.327457795431976,2.327457795431976,False
6,tags,fantasy,1,20,0.05,0.02176,2.297794117647059,2.297794117647059,False
6,tags,high school,1,20,0.05,0.0224,2.232142857142857,2.232142857142857,False
6,tags,oscar (best actor),1,20,0.05,0.02304,2.170138888888889,2.170138888888889,False
6,tags,small town,1,20,0.05,0.02368,2.111486486486487,2.111486486486487,False
6,tags,greed,1,20,0.05,0.02464,2.0292207792207795,2.0292207792207795,False
6,tags,family,2,20,0.1,0.05152,1.9409937888198758,1.9409937888198758,False
6,tags,big budget,1,20,0.05,0.02592,1.9290123456790125,1.9290123456790125,False
6,tags,music,1,20,0.05,0.02752,1.8168604651162792,1.8168604651162792,False
6,tags,oscar (best supporting actor),1,20,0.05,0.02784,1.795977011494253,1.795977011494253,False
6,tags,oscar (best cinematography),1,20,0.05,0.02816,1.7755681818181819,1.7755681818181819,False
6,tags,great acting,3,20,0.15,0.08448,1.7755681818181817,1.7755681818181817,False
6,tags,story,1,20,0.05,0.02848,1.75561797752809,1.75561797752809,False
6,tags,unlikely friendships,1,20,0.05,0.02976,1.6801075268817205,1.6801075268817205,False
6,tags,childhood,1,20,0.05,0.0304,1.6447368421052633,1.6447368421052633,False
6,tags,children,1,20,0.05,0.03104,1.6108247422680413,1.6108247422680413,False
6,tags,based on book,1,20,0.05,0.03872,1.2913223140495869,1.2913223140495869,False
6,genres,War,1,20,0.05,0.0432,1.1574074074074074,1.1574074074074074,False
6,tags,great movie,1,20,0.05,0.04352,1.1488970588235294,1.1488970588235294,False
6,tags,funny,1,20,0.05,0.04832,1.03476821192053,1.03476821192053,False
6,genres,Drama,8,20,0.4,0.39584,1.0105092966855296,1.0105092966855296,False
6,tags,chase,1,20,0.05,0.0528,0.946969696969697,0.946969696969697,False
6,tags,special effects,1,20,0.05,0.05408,0.9245562130177515,0.9245562130177515,False
6,tags,oscar (best actress),1,20,0.05,0.05504,0.9084302325581396,0.9084302325581396,False
6,tags,suspense,1,20,0.05,0.05568,0.8979885057471265,0.8979885057471265,False
6,tags,comedy,2,20,0.1,0.11168,0.8954154727793696,0.8954154727793696,False
6,tags,dramatic,1,20,0.05,0.06464,0.7735148514851485,0.7735148514851485,False
6,tags,imdb top 250,1,20,0.05,0.09824,0.508957654723127,0.508957654723127,False
6,genres,Thriller,1,20,0.05,0.14016,0.3567351598173516,0.3567351598173516,False
6,tags,original,1,20,0.05,0.25024,0.19980818414322252,0.19980818414322252,False
7,tags,perfect,1,20,0.05,0.00032,156.25,156.25,False
7,tags,boat,1,20,0.05,0.00096,52.083333333333336,52.083333333333336,False
7,tags,hollywood,1,20,0.05,0.00096,52.083333333333336,52.083333333333336,False
7,tags,private detective,3,20,0.15,0.0032,46.87499999999999,46.87499999999999,True
7,tags,love triangles,1,20,0.05,0.00128,39.0625,39.0625,False
7,tags,afi 100 (movie quotes),5,20,0.25,0.00672,37.20238095238095,37.20238095238095,True
7,tags,screwball,4,20,0.2,0.00544,36.76470588235294,36.76470588235294,True
7,tags,screwball comedy,4,20,0.2,0.00576,34.72222222222222,34.72222222222222,False
7,tags,afi 100,7,20,0.35,0.01024,34.17968749999999,34.17968749999999,False
7,genres,Film-Noir,8,20,0.4,0.01248,32.05128205128205,32.05128205128205,False
7,tags,entirely dialogue,1,20,0.05,0.0016,31.25,31.25,False
7,tags,cynical,5,20,0.25,0.00896,27.901785714285715,27.901785714285715,False
7,tags,witty,6,20,0.3,0.0112,26.785714285714285,26.785714285714285,False
7,tags,film noir,6,20,0.3,0.01152,26.041666666666664,26.041666666666664,False
7,tags,noir,6,20,0.3,0.01216,24.671052631578945,24.671052631578945,False
7,tags,farce,2,20,0.1,0.00448,22.321428571428573,22.321428571428573,False
7,tags,oscar (best writing - screenplay written directly for the screen),1,20,0.05,0.00224,22.321428571428573,22.321428571428573,False
7,tags,train,1,20,0.05,0.00224,22.321428571428573,22.321428571428573,False
7,tags,complicated,5,20,0.25,0.01152,21.70138888888889,21.70138888888889,False
7,tags,noir thriller,6,20,0.3,0.01408,21.30681818181818,21.30681818181818,False
7,tags,black and white,9,20,0.45,0.02656,16.94277108433735,16.94277108433735,False
7,tags,political corruption,2,20,0.1,0.00608,16.44736842105263,16.44736842105263,False
7,tags,neo-noir,4,20,0.2,0.01248,16.025641025641026,16.025641025641026,False
7,tags,quotable,8,20,0.4,0.02688,14.880952380952381,14.880952380952381,False
7,tags,great dialogue,2,20,0.1,0.00672,14.880952380952381,14.880952380952381,False
7,tags,mystery,5,20,0.25,0.01728,14.467592592592592,14.467592592592592,False
7,tags,crime gone awry,2,20,0.1,0.00704,14.204545454545455,14.204545454545455,False
7,tags,silent,2,20,0.1,0.00704,14.204545454545455,14.204545454545455,False
7,tags,hotel,1,20,0.05,0.00352,14.204545454545455,14.204545454545455,False
7,tags,talky,15,20,0.75,0.05312,14.118975903614457,14.118975903614457,False
7,tags,paranoid,1,20,0.05,0.00384,13.020833333333334,13.020833333333334,False
7,tags,voyeurism,1,20,0.05,0.00384,13.020833333333334,13.020833333333334,False
7,tags,classic,19,20,0.95,0.0752,12.632978723404253,12.632978723404253,False
7,tags,hitchcock,4,20,0.2,0.01664,12.019230769230772,12.019230769230772,False
7,tags,nazi,2,20,0.1,0.00832,12.019230769230772,12.019230769230772,False
7,tags,mistaken identity,1,20,0.05,0.00416,12.019230769230772,12.019230769230772,False
7,tags,atmospheric,3,20,0.15,0.01248,12.019230769230768,12.019230769230768,False
7,tags,interesting,5,20,0.25,0.02208,11.322463768115943,11.322463768115943,False
7,tags,broadway,1,20,0.05,0.00448,11.160714285714286,11.160714285714286,False
7,tags,adultery,2,20,0.1,0.00928,10.775862068965518,10.775862068965518,False
7,tags,detective,3,20,0.15,0.01408,10.65340909090909,10.65340909090909,False
7,tags,oscar (best directing),15,20,0.75,0.07264,10.32488986784141,10.32488986784141,False
7,tags,nazis,3,20,0.15,0.01472,10.190217391304348,10.190217391304348,False
7,tags,greed,5,20,0.25,0.02464,10.146103896103897,10.146103896103897,False
7,tags,claustrophobic,2,20,0.1,0.00992,10.080645161290324,10.080645161290324,False
7,tags,africa,1,20,0.05,0.00512,9.765625,9.765625,False
7,tags,imdb top 250,19,20,0.95,0.09824,9.670195439739414,9.670195439739414,False
7,tags,oscar winner,3,20,0.15,0.01568,9.566326530612244,9.566326530612244,False
7,tags,investigation,3,20,0.15,0.016,9.375,9.375,False
7,tags,complicated plot,1,20,0.05,0.00544,9.191176470588236,9.191176470588236,False
7,tags,oscar (best actress),10,20,0.5,0.05504,9.084302325581396,9.084302325581396,False
7,tags,dialogue,5,20,0.25,0.02752,9.084302325581396,9.084302325581396,False
7,tags,manipulation,2,20,0.1,0.0112,8.928571428571429,8.928571428571429,False
7,tags,complex,4,20,0.2,0.02304,8.680555555555555,8.680555555555555,False
7,tags,murder mystery,4,20,0.2,0.02368,8.445945945945947,8.445945945945947,False
7,tags,highly quotable,2,20,0.1,0.01184,8.445945945945947,8.445945945945947,False
7,tags,gangster,2,20,0.1,0.01216,8.223684210526315,8.223684210526315,False
7,tags,cross dressing,1,20,0.05,0.00608,8.223684210526315,8.223684210526315,False
7,tags,intellectual,1,20,0.05,0.00608,8.223684210526315,8.223684210526315,False
7,tags,oscar (best supporting actress),3,20,0.15,0.01856,8.081896551724137,8.081896551724137,False
7,tags,obsession,5,20,0.25,0.03104,8.054123711340205,8.054123711340205,False
7,tags,murder,8,20,0.4,0.05024,7.961783439490446,7.961783439490446,False
7,tags,great ending,6,20,0.3,0.03776,7.944915254237287,7.944915254237287,False
7,tags,spying,3,20,0.15,0.01888,7.944915254237287,7.944915254237287,False
7,tags,sacrifice,1,20,0.05,0.0064,7.8125,7.8125,False
7,tags,los angeles,1,20,0.05,0.0064,7.8125,7.8125,False
7,tags,oscar (best picture),5,20,0.25,0.03296,7.584951456310679,7.584951456310679,False
7,tags,masterpiece,10,20,0.5,0.0672,7.440476190476191,7.440476190476191,False
7,tags,new york,1,20,0.05,0.00672,7.440476190476191,7.440476190476191,False
7,tags,oscar (best cinematography),4,20,0.2,0.02816,7.1022727272727275,7.1022727272727275,False
7,tags,runaway,2,20,0.1,0.01408,7.1022727272727275,7.1022727272727275,False
7,tags,sarcasm,1,20,0.05,0.00704,7.1022727272727275,7.1022727272727275,False
7,tags,dark,3,20,0.15,0.02144,6.996268656716418,6.996268656716418,False
7,tags,spy,2,20,0.1,0.0144,6.944444444444445,6.944444444444445,False
7,tags,twists & turns,5,20,0.25,0.03648,6.853070175438597,6.853070175438597,False
7,tags,eerie,1,20,0.05,0.00736,6.793478260869565,6.793478260869565,False
7,tags,police investigation,4,20,0.2,0.03008,6.6489361702127665,6.6489361702127665,False
7,tags,1930s,2,20,0.1,0.01504,6.6489361702127665,6.6489361702127665,False
7,genres,Mystery,4,20,0.2,0.03072,6.510416666666667,6.510416666666667,False
7,tags,oscar (best actor),3,20,0.15,0.02304,6.510416666666666,6.510416666666666,False
7,tags,courage,2,20,0.1,0.01568,6.377551020408164,6.377551020408164,False
7,tags,espionage,2,20,0.1,0.01568,6.377551020408164,6.377551020408164,False
7,tags,suspenseful,5,20,0.25,0.03968,6.300403225806452,6.300403225806452,False
7,tags,enigmatic,5,20,0.25,0.04064,6.151574803149606,6.151574803149606,False
7,tags,satirical,2,20,0.1,0.01632,6.127450980392156,6.127450980392156,False
7,tags,excellent script,5,20,0.25,0.04128,6.056201550387597,6.056201550387597,False
7,tags,german,1,20,0.05,0.00832,6.009615384615386,6.009615384615386,False
7,tags,literary adaptation,1,20,0.05,0.00832,6.009615384615386,6.009615384615386,False
7,tags,sexy,3,20,0.15,0.02528,5.9335443037974684,5.9335443037974684,False
7,tags,great acting,10,20,0.5,0.08448,5.918560606060606,5.918560606060606,False
7,tags,downbeat,2,20,0.1,0.01696,5.89622641509434,5.89622641509434,False
7,tags,secrets,3,20,0.15,0.0256,5.859374999999999,5.859374999999999,False
7,tags,san francisco,1,20,0.05,0.00896,5.580357142857143,5.580357142857143,False
7,tags,oscar,3,20,0.15,0.0272,5.514705882352941,5.514705882352941,False
7,tags,tense,6,20,0.3,0.05536,5.41907514450867,5.41907514450867,False
7,tags,assassination,1,20,0.05,0.00928,5.387931034482759,5.387931034482759,False
7,tags,suspense,6,20,0.3,0.05568,5.387931034482758,5.387931034482758,False
7,tags,criterion,8,20,0.4,0.07456,5.36480686695279,5.36480686695279,False
7,tags,bittersweet,2,20,0.1,0.01888,5.296610169491525,5.296610169491525,False
7,tags,powerful ending,2,20,0.1,0.01888,5.296610169491525,5.296610169491525,False
7,tags,indians,1,20,0.05,0.0096,5.208333333333334,5.208333333333334,False
7,tags,exceptional acting,1,20,0.05,0.0096,5.208333333333334,5.208333333333334,False
7,tags,romance,4,20,0.2,0.03904,5.122950819672131,5.122950819672131,False
7,tags,affectionate,1,20,0.05,0.00992,5.040322580645162,5.040322580645162,False
7,tags,dance,1,20,0.05,0.01024,4.8828125,4.8828125,False
7,tags,narrated,2,20,0.1,0.0208,4.807692307692308,4.807692307692308,False
7,tags,jungle,1,20,0.05,0.01056,4.734848484848485,4.734848484848485,False
7,tags,dancing,1,20,0.05,0.01056,4.734848484848485,4.734848484848485,False
7,tags,character study,2,20,0.1,0.02144,4.664179104477612,4.664179104477612,False
7,tags,gangsters,2,20,0.1,0.02176,4.595588235294118,4.595588235294118,False
7,tags,good acting,1,20,0.05,0.0112,4.464285714285714,4.464285714285714,False
7,tags,crime,3,20,0.15,0.03456,4.340277777777778,4.340277777777778,False
7,tags,thriller,3,20,0.15,0.03488,4.30045871559633,4.30045871559633,False
7,tags,mafia,1,20,0.05,0.01184,4.222972972972974,4.222972972972974,False
7,tags,great,2,20,0.1,0.02496,4.006410256410256,4.006410256410256,False
7,tags,good music,1,20,0.05,0.01248,4.006410256410256,4.006410256410256,False
7,tags,mob,1,20,0.05,0.01248,4.006410256410256,4.006410256410256,False
7,tags,plot twist,1,20,0.05,0.0128,3.90625,3.90625,False
7,tags,bleak,2,20,0.1,0.02624,3.810975609756098,3.810975609756098,False
7,tags,romantic,4,20,0.2,0.05568,3.591954022988506,3.591954022988506,False
7,tags,oscar (best supporting actor),2,20,0.1,0.02784,3.591954022988506,3.591954022988506,False
7,tags,funny as hell,1,20,0.05,0.01408,3.5511363636363638,3.5511363636363638,False
7,tags,wwii,1,20,0.05,0.0144,3.4722222222222223,3.4722222222222223,False
7,tags,organized crime,1,20,0.05,0.0144,3.4722222222222223,3.4722222222222223,False
7,tags,betrayal,1,20,0.05,0.01472,3.3967391304347827,3.3967391304347827,False
7,tags,love story,4,20,0.2,0.06368,3.14070351758794,3.14070351758794,False
7,genres,Musical,2,20,0.1,0.03392,2.94811320754717,2.94811320754717,False
7,tags,world war ii,1,20,0.05,0.01696,2.94811320754717,2.94811320754717,False
7,tags,insanity,1,20,0.05,0.01696,2.94811320754717,2.94811320754717,False
7,tags,social commentary,1,20,0.05,0.01696,2.94811320754717,2.94811320754717,False
7,tags,romantic comedy,2,20,0.1,0.03424,2.9205607476635516,2.9205607476635516,False
7,tags,musical,1,20,0.05,0.0176,2.840909090909091,2.840909090909091,False
7,tags,original,14,20,0.7,0.25024,2.7973145780051145,2.7973145780051145,False
7,tags,melancholic,2,20,0.1,0.0368,2.717391304347826,2.717391304347826,False
7,tags,stylized,1,20,0.05,0.01856,2.6939655172413794,2.6939655172413794,False
7,tags,satire,1,20,0.05,0.01856,2.6939655172413794,2.6939655172413794,False
7,genres,Crime,3,20,0.15,0.05696,2.633426966292135,2.633426966292135,False
7,tags,wartime,1,20,0.05,0.0192,2.604166666666667,2.604166666666667,False
7,tags,adventure,2,20,0.1,0.04,2.5,2.5,False
7,tags,funniest movies,1,20,0.05,0.0208,2.403846153846154,2.403846153846154,False
7,tags,based on a play,1,20,0.05,0.0208,2.403846153846154,2.403846153846154,False
7,tags,amazing cinematography,1,20,0.05,0.02112,2.3674242424242427,2.3674242424242427,False
7,tags,adapted from:book,3,20,0.15,0.06336,2.367424242424242,2.367424242424242,False
7,tags,loneliness,2,20,0.1,0.04288,2.332089552238806,2.332089552238806,False
7,tags,dramatic,3,20,0.15,0.06464,2.3205445544554455,2.3205445544554455,False
7,genres,War,2,20,0.1,0.0432,2.314814814814815,2.314814814814815,False
7,genres,Romance,6,20,0.3,0.13312,2.253605769230769,2.253605769230769,False
7,tags,cinematography,2,20,0.1,0.04448,2.248201438848921,2.248201438848921,False
7,genres,Thriller,6,20,0.3,0.14016,2.1404109589041096,2.1404109589041096,False
7,tags,fast paced,1,20,0.05,0.02368,2.111486486486487,2.111486486486487,False
7,tags,stylish,1,20,0.05,0.02368,2.111486486486487,2.111486486486487,False
7,tags,intimate,1,20,0.05,0.02624,1.905487804878049,1.905487804878049,False
7,tags,corruption,1,20,0.05,0.0272,1.8382352941176472,1.8382352941176472,False
7,tags,music,1,20,0.05,0.02752,1.8168604651162792,1.8168604651162792,False
7,tags,pornography,1,20,0.05,0.03296,1.5169902912621358,1.5169902912621358,False
7,tags,drama,2,20,0.1,0.06656,1.5024038461538465,1.5024038461538465,False
7,tags,hilarious,1,20,0.05,0.03584,1.3950892857142858,1.3950892857142858,False
7,tags,comedy,3,20,0.15,0.11168,1.3431232091690544,1.3431232091690544,False
7,tags,great movie,1,20,0.05,0.04352,1.1488970588235294,1.1488970588235294,False
7,tags,visually appealing,1,20,0.05,0.04416,1.1322463768115942,1.1322463768115942,False
7,tags,chase,1,20,0.05,0.0528,0.946969696969697,0.946969696969697,False
7,genres,Comedy,6,20,0.3,0.32224,0.9309831181727903,0.9309831181727903,False
7,tags,relationships,1,20,0.05,0.05376,0.9300595238095238,0.9300595238095238,False
7,tags,storytelling,1,20,0.05,0.05536,0.9031791907514451,0.9031791907514451,False
7,tags,based on a book,1,20,0.05,0.06656,0.7512019230769232,0.7512019230769232,False
7,genres,Adventure,1,20,0.05,0.08256,0.6056201550387598,0.6056201550387598,False
7,genres,Drama,4,20,0.2,0.39584,0.5052546483427648,0.5052546483427648,False
7,genres,Action,1,20,0.05,0.14528,0.3441629955947137,0.3441629955947137,False
8,tags,carrie-anne moss,1,20,0.05,0.00032,156.25,156.25,False
8,tags,man versus machine,3,20,0.15,0.00128,117.18749999999999,117.18749999999999,True
8,tags,star wars,3,20,0.15,0.00128,117.18749999999999,117.18749999999999,True
8,tags,original plot,7,20,0.35,0.0032,109.37499999999999,109.37499999999999,True
8,tags,artificial intelligence,2,20,0.1,0.00096,104.16666666666667,104.16666666666667,False
8,tags,oscar (best sound),2,20,0.1,0.00096,104.16666666666667,104.16666666666667,False
8,tags,saturn award (best special effects),6,20,0.3,0.0032,93.74999999999999,93.74999999999999,False
8,tags,oscar (best effects - visual effects),8,20,0.4,0.0048,83.33333333333334,83.33333333333334,False
8,tags,cgi,1,20,0.05,0.00064,78.125,78.125,False
8,tags,isolation,1,20,0.05,0.00064,78.125,78.125,False
8,tags,dynamic cgi action,4,20,0.2,0.0032,62.5,62.5,False
8,tags,androids,5,20,0.25,0.00416,60.096153846153854,60.096153846153854,False
8,tags,philip k. dick,1,20,0.05,0.00096,52.083333333333336,52.083333333333336,False
8,tags,antarctica,1,20,0.05,0.00096,52.083333333333336,52.083333333333336,False
8,tags,motorcycle,3,20,0.15,0.0032,46.87499999999999,46.87499999999999,False
8,tags,arnold,4,20,0.2,0.00448,44.642857142857146,44.642857142857146,False
8,tags,cloning,2,20,0.1,0.00224,44.642857142857146,44.642857142857146,False
8,tags,robots,5,20,0.25,0.0064,39.0625,39.0625,False
8,tags,android(s)/cyborg(s),1,20,0.05,0.00128,39.0625,39.0625,False
8,tags,spock,1,20,0.05,0.00128,39.0625,39.0625,False
8,tags,hacking,1,20,0.05,0.00128,39.0625,39.0625,False
8,tags,apocalypse,4,20,0.2,0.00544,36.76470588235294,36.76470588235294,False
8,tags,lone hero,5,20,0.25,0.00704,35.51136363636363,35.51136363636363,False
8,tags,star trek,2,20,0.1,0.00288,34.72222222222222,34.72222222222222,False
8,tags,space opera,7,20,0.35,0.0112,31.25,31.25,False
8,tags,cyborgs,3,20,0.15,0.0048,31.25,31.25,False
8,tags,memory,1,20,0.05,0.0016,31.25,31.25,False
8,tags,genetics,1,20,0.05,0.0016,31.25,31.25,False
8,tags,confusing,1,20,0.05,0.0016,31.25,31.25,False
8,tags,computers,1,20,0.05,0.0016,31.25,31.25,False
8,tags,dystopia,6,20,0.3,0.00992,30.241935483870968,30.241935483870968,False
8,tags,space travel,6,20,0.3,0.01024,29.296874999999996,29.296874999999996,False
8,tags,time travel,3,20,0.15,0.00512,29.296874999999996,29.296874999999996,False
8,tags,dystopic future,4,20,0.2,0.00704,28.40909090909091,28.40909090909091,False
8,tags,car chase,2,20,0.1,0.00352,28.40909090909091,28.40909090909091,False
8,tags,post-apocalyptic,3,20,0.15,0.00544,27.573529411764703,27.573529411764703,False
8,tags,aliens,11,20,0.55,0.0208,26.442307692307697,26.442307692307697,False
8,tags,virtual reality,2,20,0.1,0.00384,26.041666666666668,26.041666666666668,False
8,tags,nuclear war,1,20,0.05,0.00192,26.041666666666668,26.041666666666668,False
8,tags,australian,1,20,0.05,0.00192,26.041666666666668,26.041666666666668,False
8,tags,gore,1,20,0.05,0.00192,26.041666666666668,26.041666666666668,False
8,tags,desert,3,20,0.15,0.00576,26.041666666666664,26.041666666666664,False
8,tags,futuristic,14,20,0.7,0.0272,25.735294117647058,25.735294117647058,False
8,tags,trilogy,3,20,0.15,0.00608,24.671052631578945,24.671052631578945,False
8,tags,mythology,5,20,0.25,0.01024,24.414062499999996,24.414062499999996,False
8,tags,effects,4,20,0.2,0.00832,24.038461538461544,24.038461538461544,False
8,tags,post apocalyptic,2,20,0.1,0.00448,22.321428571428573,22.321428571428573,False
8,tags,hunting,1,20,0.05,0.00224,22.321428571428573,22.321428571428573,False
8,tags,dinosaurs,1,20,0.05,0.00224,22.321428571428573,22.321428571428573,False
8,tags,archaeology,1,20,0.05,0.00224,22.321428571428573,22.321428571428573,False
8,tags,teleportation,1,20,0.05,0.00224,22.321428571428573,22.321428571428573,False
8,tags,distopia,1,20,0.05,0.00224,22.321428571428573,22.321428571428573,False
8,tags,technology,8,20,0.4,0.01984,20.161290322580648,20.161290322580648,False
8,tags,visceral,8,20,0.4,0.01984,20.161290322580648,20.161290322580648,False
8,tags,scifi,17,20,0.85,0.04288,19.822761194029848,19.822761194029848,False
8,tags,future,8,20,0.4,0.02048,19.53125,19.53125,False
8,tags,alien invasion,3,20,0.15,0.00768,19.53125,19.53125,False
8,tags,cyberpunk,2,20,0.1,0.00512,19.53125,19.53125,False
8,tags,midlife crisis,1,20,0.05,0.00256,19.53125,19.53125,False
8,tags,alternate universe,1,20,0.05,0.00256,19.53125,19.53125,False
8,tags,story,11,20,0.55,0.02848,19.311797752808992,19.311797752808992,False
8,tags,sci fi,16,20,0.8,0.04288,18.65671641791045,18.65671641791045,False
8,tags,space,8,20,0.4,0.02176,18.38235294117647,18.38235294117647,False
8,tags,cars,2,20,0.1,0.00544,18.38235294117647,18.38235294117647,False
8,tags,alternate reality,2,20,0.1,0.00544,18.38235294117647,18.38235294117647,False
8,tags,sword fight,3,20,0.15,0.00832,18.028846153846153,18.028846153846153,False
8,tags,good versus evil,3,20,0.15,0.00832,18.028846153846153,18.028846153846153,False
8,tags,alien,7,20,0.35,0.01952,17.93032786885246,17.93032786885246,False
8,tags,sci-fi,16,20,0.8,0.04512,17.73049645390071,17.73049645390071,False
8,tags,science fiction,17,20,0.85,0.04832,17.591059602649004,17.591059602649004,False
8,tags,robot,2,20,0.1,0.00576,17.36111111111111,17.36111111111111,False
8,tags,road movie,2,20,0.1,0.00576,17.36111111111111,17.36111111111111,False
8,tags,high fantasy,1,20,0.05,0.00288,17.36111111111111,17.36111111111111,False
8,tags,snakes,1,20,0.05,0.00288,17.36111111111111,17.36111111111111,False
8,tags,highly quotable,4,20,0.2,0.01184,16.891891891891895,16.891891891891895,False
8,tags,realistic action,2,20,0.1,0.00608,16.44736842105263,16.44736842105263,False
8,tags,dialogue,9,20,0.45,0.02752,16.351744186046513,16.351744186046513,False
8,tags,first contact,4,20,0.2,0.0128,15.625,15.625,False
8,tags,gangs,2,20,0.1,0.0064,15.625,15.625,False
8,tags,australia,2,20,0.1,0.0064,15.625,15.625,False
8,tags,clones,1,20,0.05,0.0032,15.625,15.625,False
8,tags,mutants,1,20,0.05,0.0032,15.625,15.625,False
8,tags,philosophy,1,20,0.05,0.0032,15.625,15.625,False
8,tags,claustrophobic,3,20,0.15,0.00992,15.120967741935484,15.120967741935484,False
8,tags,special effects,16,20,0.8,0.05408,14.792899408284024,14.792899408284024,False
8,tags,pg-13,2,20,0.1,0.00704,14.204545454545455,14.204545454545455,False
8,tags,survival,1,20,0.05,0.00352,14.204545454545455,14.204545454545455,False
8,tags,modern fantasy,1,20,0.05,0.00352,14.204545454545455,14.204545454545455,False
8,tags,egypt,1,20,0.05,0.00352,14.204545454545455,14.204545454545455,False
8,tags,awesome soundtrack,5,20,0.25,0.0176,14.204545454545453,14.204545454545453,False
8,tags,fighting,3,20,0.15,0.01056,14.204545454545453,14.204545454545453,False
8,tags,series,6,20,0.3,0.0224,13.392857142857142,13.392857142857142,False
8,tags,epic,3,20,0.15,0.0112,13.392857142857142,13.392857142857142,False
8,tags,action packed,8,20,0.4,0.03136,12.755102040816327,12.755102040816327,False
8,tags,end of the world,2,20,0.1,0.008,12.5,12.5,False
8,genres,Sci-Fi,19,20,0.95,0.08032,11.827689243027887,11.827689243027887,False
8,tags,monster,3,20,0.15,0.0128,11.718749999999998,11.718749999999998,False
8,tags,big budget,6,20,0.3,0.02592,11.574074074074074,11.574074074074074,False
8,tags,frightening,2,20,0.1,0.00896,11.160714285714286,11.160714285714286,False
8,tags,wizards,1,20,0.05,0.00448,11.160714285714286,11.160714285714286,False
8,tags,exciting,1,20,0.05,0.00448,11.160714285714286,11.160714285714286,False
8,tags,quotable,6,20,0.3,0.02688,11.160714285714285,11.160714285714285,False
8,tags,good action,11,20,0.55,0.05056,10.878164556962027,10.878164556962027,False
8,tags,natural disaster,2,20,0.1,0.00928,10.775862068965518,10.775862068965518,False
8,tags,intense,6,20,0.3,0.02784,10.775862068965516,10.775862068965516,False
8,tags,action,17,20,0.85,0.07968,10.667670682730924,10.667670682730924,False
8,tags,chase,11,20,0.55,0.0528,10.416666666666668,10.416666666666668,False
8,tags,visual,7,20,0.35,0.03456,10.127314814814815,10.127314814814815,False
8,tags,adventure,8,20,0.4,0.04,10.0,10.0,False
8,tags,spielberg,1,20,0.05,0.00512,9.765625,9.765625,False
8,tags,dark hero,1,20,0.05,0.00512,9.765625,9.765625,False
8,tags,violent,7,20,0.35,0.03744,9.348290598290598,9.348290598290598,False
8,tags,mother-son relationship,1,20,0.05,0.00544,9.191176470588236,9.191176470588236,False
8,tags,foul language,1,20,0.05,0.00544,9.191176470588236,9.191176470588236,False
8,tags,anti-hero,1,20,0.05,0.00544,9.191176470588236,9.191176470588236,False
8,tags,franchise,9,20,0.45,0.04928,9.131493506493507,9.131493506493507,False
8,tags,weapons,3,20,0.15,0.01664,9.014423076923077,9.014423076923077,False
8,tags,oscar (best editing),1,20,0.05,0.00576,8.680555555555555,8.680555555555555,False
8,tags,revenge,2,20,0.1,0.01184,8.445945945945947,8.445945945945947,False
8,tags,violence,8,20,0.4,0.04832,8.27814569536424,8.27814569536424,False
8,tags,007 (series),1,20,0.05,0.00608,8.223684210526315,8.223684210526315,False
8,tags,atmospheric,2,20,0.1,0.01248,8.012820512820513,8.012820512820513,False
8,tags,great ending,6,20,0.3,0.03776,7.944915254237287,7.944915254237287,False
8,tags,war,3,20,0.15,0.01888,7.944915254237287,7.944915254237287,False
8,tags,sacrifice,1,20,0.05,0.0064,7.8125,7.8125,False
8,tags,prison,1,20,0.05,0.0064,7.8125,7.8125,False
8,tags,nocturnal,1,20,0.05,0.0064,7.8125,7.8125,False
8,tags,philosophical,1,20,0.05,0.0064,7.8125,7.8125,False
8,tags,fighting the system,1,20,0.05,0.0064,7.8125,7.8125,False
8,tags,thought-provoking,1,20,0.05,0.0064,7.8125,7.8125,False
8,tags,new york,1,20,0.05,0.00672,7.440476190476191,7.440476190476191,False
8,tags,kung fu,1,20,0.05,0.00672,7.440476190476191,7.440476190476191,False
8,tags,scary,3,20,0.15,0.02048,7.324218749999999,7.324218749999999,False
8,tags,tense,8,20,0.4,0.05536,7.225433526011561,7.225433526011561,False
8,tags,suspense,8,20,0.4,0.05568,7.183908045977012,7.183908045977012,False
8,tags,sequel,4,20,0.2,0.02784,7.183908045977012,7.183908045977012,False
8,tags,cool,2,20,0.1,0.01408,7.1022727272727275,7.1022727272727275,False
8,tags,great movie,6,20,0.3,0.04352,6.893382352941176,6.893382352941176,False
8,tags,fantasy,3,20,0.15,0.02176,6.893382352941176,6.893382352941176,False
8,genres,Action,20,20,1.0,0.14528,6.883259911894274,6.883259911894274,False
8,tags,vengeance,3,20,0.15,0.02208,6.793478260869565,6.793478260869565,False
8,tags,rebellion,1,20,0.05,0.00736,6.793478260869565,6.793478260869565,False
8,tags,destiny,3,20,0.15,0.024,6.25,6.25,False
8,tags,explosions,1,20,0.05,0.008,6.25,6.25,False
8,tags,vigilante,1,20,0.05,0.008,6.25,6.25,False
8,tags,great,3,20,0.15,0.02496,6.009615384615384,6.009615384615384,False
8,tags,gunfight,3,20,0.15,0.0256,5.859374999999999,5.859374999999999,False
8,tags,mars,1,20,0.05,0.00864,5.787037037037037,5.787037037037037,False
8,tags,new york city,1,20,0.05,0.00864,5.787037037037037,5.787037037037037,False
8,tags,san francisco,1,20,0.05,0.00896,5.580357142857143,5.580357142857143,False
8,genres,Adventure,9,20,0.45,0.08256,5.450581395348838,5.450581395348838,False
8,tags,cult classic,5,20,0.25,0.04608,5.425347222222222,5.425347222222222,False
8,tags,classic,8,20,0.4,0.0752,5.319148936170213,5.319148936170213,False
8,tags,fight scenes,2,20,0.1,0.01952,5.122950819672131,5.122950819672131,False
8,tags,imdb top 250,10,20,0.5,0.09824,5.089576547231271,5.089576547231271,False
8,tags,paranoia,1,20,0.05,0.00992,5.040322580645162,5.040322580645162,False
8,tags,martial arts,1,20,0.05,0.00992,5.040322580645162,5.040322580645162,False
8,tags,jungle,1,20,0.05,0.01056,4.734848484848485,4.734848484848485,False
8,tags,dark,2,20,0.1,0.02144,4.664179104477612,4.664179104477612,False
8,genres,War,4,20,0.2,0.0432,4.62962962962963,4.62962962962963,False
8,tags,forceful,1,20,0.05,0.01088,4.595588235294118,4.595588235294118,False
8,tags,computer animation,1,20,0.05,0.01088,4.595588235294118,4.595588235294118,False
8,tags,military,1,20,0.05,0.01088,4.595588235294118,4.595588235294118,False
8,tags,visually appealing,4,20,0.2,0.04416,4.528985507246377,4.528985507246377,False
8,tags,good acting,1,20,0.05,0.0112,4.464285714285714,4.464285714285714,False
8,tags,fantasy world,1,20,0.05,0.01152,4.340277777777778,4.340277777777778,False
8,tags,complicated,1,20,0.05,0.01152,4.340277777777778,4.340277777777778,False
8,tags,fast paced,2,20,0.1,0.02368,4.222972972972974,4.222972972972974,False
8,tags,ominous,1,20,0.05,0.01216,4.1118421052631575,4.1118421052631575,False
8,tags,good,3,20,0.15,0.0368,4.076086956521739,4.076086956521739,False
8,tags,death,1,20,0.05,0.01248,4.006410256410256,4.006410256410256,False
8,tags,70mm,1,20,0.05,0.01312,3.810975609756098,3.810975609756098,False
8,tags,redemption,1,20,0.05,0.01312,3.810975609756098,3.810975609756098,False
8,tags,suspenseful,3,20,0.15,0.03968,3.780241935483871,3.780241935483871,False
8,tags,excellent script,3,20,0.15,0.04128,3.6337209302325584,3.6337209302325584,False
8,tags,storytelling,4,20,0.2,0.05536,3.6127167630057806,3.6127167630057806,False
8,genres,Thriller,10,20,0.5,0.14016,3.567351598173516,3.567351598173516,False
8,tags,imagination,1,20,0.05,0.01408,3.5511363636363638,3.5511363636363638,False
8,tags,mentor,5,20,0.25,0.07168,3.4877232142857144,3.4877232142857144,False
8,tags,80s,1,20,0.05,0.01472,3.3967391304347827,3.3967391304347827,False
8,tags,assassin,1,20,0.05,0.01472,3.3967391304347827,3.3967391304347827,False
8,tags,gory,1,20,0.05,0.01504,3.3244680851063833,3.3244680851063833,False
8,tags,existentialism,1,20,0.05,0.01504,3.3244680851063833,3.3244680851063833,False
8,tags,oscar winner,1,20,0.05,0.01568,3.188775510204082,3.188775510204082,False
8,tags,original,15,20,0.75,0.25024,2.9971227621483374,2.9971227621483374,False
8,tags,masterpiece,4,20,0.2,0.0672,2.9761904761904767,2.9761904761904767,False
8,tags,creepy,2,20,0.1,0.03488,2.86697247706422,2.86697247706422,False
8,tags,stylized,1,20,0.05,0.01856,2.6939655172413794,2.6939655172413794,False
8,tags,powerful ending,1,20,0.05,0.01888,2.6483050847457625,2.6483050847457625,False
8,genres,Fantasy,1,20,0.05,0.0208,2.403846153846154,2.403846153846154,False
8,tags,horror,3,20,0.15,0.064,2.34375,2.34375,False
8,tags,conspiracy,1,20,0.05,0.02176,2.297794117647059,2.297794117647059,False
8,tags,interesting,1,20,0.05,0.02208,2.2644927536231885,2.2644927536231885,False
8,tags,complex,1,20,0.05,0.02304,2.170138888888889,2.170138888888889,False
8,tags,visually stunning,1,20,0.05,0.02528,1.9778481012658229,1.9778481012658229,False
8,tags,good sequel,1,20,0.05,0.02656,1.8825301204819278,1.8825301204819278,False
8,tags,cult film,1,20,0.05,0.02688,1.8601190476190477,1.8601190476190477,False
8,tags,cerebral,1,20,0.05,0.02752,1.8168604651162792,1.8168604651162792,False
8,tags,oscar (best supporting actor),1,20,0.05,0.02784,1.795977011494253,1.795977011494253,False
8,tags,splatter,1,20,0.05,0.02976,1.6801075268817205,1.6801075268817205,False
8,tags,children,1,20,0.05,0.03104,1.6108247422680413,1.6108247422680413,False
8,tags,thriller,1,20,0.05,0.03488,1.43348623853211,1.43348623853211,False
8,tags,fun movie,1,20,0.05,0.03872,1.2913223140495869,1.2913223140495869,False
8,tags,based on book,1,20,0.05,0.03872,1.2913223140495869,1.2913223140495869,False
8,tags,great acting,2,20,0.1,0.08448,1.1837121212121213,1.1837121212121213,False
8,genres,Horror,2,20,0.1,0.08512,1.174812030075188,1.174812030075188,False
8,tags,weird,1,20,0.05,0.0448,1.1160714285714286,1.1160714285714286,False
8,tags,adapted from:book,1,20,0.05,0.06336,0.7891414141414141,0.7891414141414141,False
8,tags,based on a book,1,20,0.05,0.06656,0.7512019230769232,0.7512019230769232,False
8,tags,oscar (best directing),1,20,0.05,0.07264,0.6883259911894274,0.6883259911894274,False
8,genres,Romance,1,20,0.05,0.13312,0.3756009615384616,0.3756009615384616,False
8,genres,Drama,1,20,0.05,0.39584,0.1263136620856912,0.1263136620856912,False
9,tags,shopping,3,20,0.15,0.00096,156.25,156.25,True
9,tags,good romantic comedies,9,20,0.45,0.00704,63.92045454545455,63.92045454545455,True
9,tags,sappy,1,20,0.05,0.00096,52.083333333333336,52.083333333333336,False
9,tags,wedding,2,20,0.1,0.00224,44.642857142857146,44.642857142857146,True
9,tags,spelling bee,1,20,0.05,0.00128,39.0625,39.0625,False
9,tags,girlie movie,16,20,0.8,0.02272,35.2112676056338,35.2112676056338,False
9,tags,happy ending,10,20,0.5,0.016,31.25,31.25,False
9,tags,very good,1,20,0.05,0.0016,31.25,31.25,False
9,tags,family bonds,1,20,0.05,0.0016,31.25,31.25,False
9,tags,chick flick,16,20,0.8,0.03136,25.510204081632654,25.510204081632654,False
9,tags,feel good movie,7,20,0.35,0.0144,24.305555555555554,24.305555555555554,False
9,tags,internet,1,20,0.05,0.00224,22.321428571428573,22.321428571428573,False
9,tags,ghosts/afterlife,1,20,0.05,0.00224,22.321428571428573,22.321428571428573,False
9,tags,sweet,8,20,0.4,0.01856,21.551724137931036,21.551724137931036,False
9,tags,feel-good,12,20,0.6,0.02784,21.551724137931032,21.551724137931032,False
9,tags,tear jerker,3,20,0.15,0.00704,21.30681818181818,21.30681818181818,False
9,tags,cute!,2,20,0.1,0.00512,19.53125,19.53125,False
9,tags,afterlife,1,20,0.05,0.00256,19.53125,19.53125,False
9,tags,catastrophe,1,20,0.05,0.00256,19.53125,19.53125,False
9,tags,romantic comedy,13,20,0.65,0.03424,18.983644859813086,18.983644859813086,False
9,tags,destiny,9,20,0.45,0.024,18.75,18.75,False
9,tags,sentimental,6,20,0.3,0.01664,18.028846153846153,18.028846153846153,False
9,tags,romance,14,20,0.7,0.03904,17.93032786885246,17.93032786885246,False
9,tags,cute,3,20,0.15,0.00864,17.36111111111111,17.36111111111111,False
9,tags,classical music,1,20,0.05,0.00288,17.36111111111111,17.36111111111111,False
9,tags,inspirational,2,20,0.1,0.0064,15.625,15.625,False
9,tags,predictable,2,20,0.1,0.00672,14.880952380952381,14.880952380952381,False
9,tags,baseball,1,20,0.05,0.00352,14.204545454545455,14.204545454545455,False
9,tags,romantic,15,20,0.75,0.05568,13.469827586206897,13.469827586206897,False
9,tags,football,1,20,0.05,0.00384,13.020833333333334,13.020833333333334,False
9,tags,teacher,1,20,0.05,0.00384,13.020833333333334,13.020833333333334,False
9,tags,oscar winner,4,20,0.2,0.01568,12.755102040816327,12.755102040816327,False
9,tags,divorce,1,20,0.05,0.00416,12.019230769230772,12.019230769230772,False
9,tags,love story,15,20,0.75,0.06368,11.777638190954773,11.777638190954773,False
9,tags,prostitution,1,20,0.05,0.00448,11.160714285714286,11.160714285714286,False
9,tags,life,1,20,0.05,0.00448,11.160714285714286,11.160714285714286,False
9,tags,earnest,1,20,0.05,0.0048,10.416666666666668,10.416666666666668,False
9,tags,single father,1,20,0.05,0.0048,10.416666666666668,10.416666666666668,False
9,tags,fairy tales,1,20,0.05,0.0048,10.416666666666668,10.416666666666668,False
9,tags,inspiring,1,20,0.05,0.0048,10.416666666666668,10.416666666666668,False
9,tags,women,3,20,0.15,0.01568,9.566326530612244,9.566326530612244,False
9,tags,disability,1,20,0.05,0.00544,9.191176470588236,9.191176470588236,False
9,tags,rags to riches,1,20,0.05,0.00576,8.680555555555555,8.680555555555555,False
9,tags,london,1,20,0.05,0.00576,8.680555555555555,8.680555555555555,False
9,tags,president,1,20,0.05,0.00576,8.680555555555555,8.680555555555555,False
9,tags,heartwarming,2,20,0.1,0.01184,8.445945945945947,8.445945945945947,False
9,tags,nostalgic,2,20,0.1,0.01216,8.223684210526315,8.223684210526315,False
9,tags,cross dressing,1,20,0.05,0.00608,8.223684210526315,8.223684210526315,False
9,tags,fighting the system,1,20,0.05,0.0064,7.8125,7.8125,False
9,tags,pg-13,1,20,0.05,0.00704,7.1022727272727275,7.1022727272727275,False
9,tags,love,5,20,0.25,0.03616,6.913716814159293,6.913716814159293,False
9,tags,good,5,20,0.25,0.0368,6.793478260869565,6.793478260869565,False
9,tags,fairy tale,2,20,0.1,0.01504,6.6489361702127665,6.6489361702127665,False
9,genres,Romance,16,20,0.8,0.13312,6.009615384615386,6.009615384615386,False
9,tags,world politics,1,20,0.05,0.00832,6.009615384615386,6.009615384615386,False
9,tags,sports,2,20,0.1,0.01792,5.580357142857143,5.580357142857143,False
9,tags,ghosts,1,20,0.05,0.00896,5.580357142857143,5.580357142857143,False
9,tags,oscar,3,20,0.15,0.0272,5.514705882352941,5.514705882352941,False
9,tags,natural disaster,1,20,0.05,0.00928,5.387931034482759,5.387931034482759,False
9,tags,remake,1,20,0.05,0.00928,5.387931034482759,5.387931034482759,False
9,tags,touching,3,20,0.15,0.02816,5.326704545454545,5.326704545454545,False
9,tags,bittersweet,2,20,0.1,0.01888,5.296610169491525,5.296610169491525,False
9,tags,drama,7,20,0.35,0.06656,5.258413461538462,5.258413461538462,False
9,tags,dog,1,20,0.05,0.0096,5.208333333333334,5.208333333333334,False
9,tags,courtroom,1,20,0.05,0.00992,5.040322580645162,5.040322580645162,False
9,tags,artistic,1,20,0.05,0.01056,4.734848484848485,4.734848484848485,False
9,tags,relationships,5,20,0.25,0.05376,4.650297619047619,4.650297619047619,False
9,tags,magic,1,20,0.05,0.0112,4.464285714285714,4.464285714285714,False
9,tags,epic,1,20,0.05,0.0112,4.464285714285714,4.464285714285714,False
9,tags,historical,2,20,0.1,0.02272,4.401408450704225,4.401408450704225,False
9,tags,us history,1,20,0.05,0.01152,4.340277777777778,4.340277777777778,False
9,tags,based on a true story,1,20,0.05,0.01184,4.222972972972974,4.222972972972974,False
9,tags,lawyers,1,20,0.05,0.01216,4.1118421052631575,4.1118421052631575,False
9,tags,death,1,20,0.05,0.01248,4.006410256410256,4.006410256410256,False
9,tags,good music,1,20,0.05,0.01248,4.006410256410256,4.006410256410256,False
9,tags,quotable,2,20,0.1,0.02688,3.7202380952380953,3.7202380952380953,False
9,tags,british,1,20,0.05,0.01408,3.5511363636363638,3.5511363636363638,False
9,tags,beautiful scenery,1,20,0.05,0.01408,3.5511363636363638,3.5511363636363638,False
9,tags,musicians,1,20,0.05,0.0144,3.4722222222222223,3.4722222222222223,False
9,tags,politics,1,20,0.05,0.01472,3.3967391304347827,3.3967391304347827,False
9,tags,lawyer,1,20,0.05,0.01504,3.3244680851063833,3.3244680851063833,False
9,tags,gay character,1,20,0.05,0.01568,3.188775510204082,3.188775510204082,False
9,tags,political,1,20,0.05,0.01568,3.188775510204082,3.188775510204082,False
9,tags,rock and roll,1,20,0.05,0.016,3.125,3.125,False
9,tags,oscar (best picture),2,20,0.1,0.03296,3.0339805825242716,3.0339805825242716,False
9,tags,biographical,1,20,0.05,0.01664,3.004807692307693,3.004807692307693,False
9,tags,world war ii,1,20,0.05,0.01696,2.94811320754717,2.94811320754717,False
9,tags,supernatural,1,20,0.05,0.01728,2.8935185185185186,2.8935185185185186,False
9,tags,history,1,20,0.05,0.01728,2.8935185185185186,2.8935185185185186,False
9,tags,life & death,1,20,0.05,0.0176,2.840909090909091,2.840909090909091,False
9,tags,mentor,4,20,0.2,0.07168,2.7901785714285716,2.7901785714285716,False
9,tags,oscar (best directing),4,20,0.2,0.07264,2.7533039647577096,2.7533039647577096,False
9,tags,oscar (best supporting actress),1,20,0.05,0.01856,2.6939655172413794,2.6939655172413794,False
9,tags,wartime,1,20,0.05,0.0192,2.604166666666667,2.604166666666667,False
9,tags,based on true story,1,20,0.05,0.01984,2.520161290322581,2.520161290322581,False
9,tags,excellent script,2,20,0.1,0.04128,2.422480620155039,2.422480620155039,False
9,tags,gay,1,20,0.05,0.0208,2.403846153846154,2.403846153846154,False
9,tags,narrated,1,20,0.05,0.0208,2.403846153846154,2.403846153846154,False
9,tags,true story,1,20,0.05,0.0208,2.403846153846154,2.403846153846154,False
9,tags,based on a play,1,20,0.05,0.0208,2.403846153846154,2.403846153846154,False
9,genres,Comedy,15,20,0.75,0.32224,2.327457795431976,2.327457795431976,False
9,tags,fantasy,1,20,0.05,0.02176,2.297794117647059,2.297794117647059,False
9,tags,high school,1,20,0.05,0.0224,2.232142857142857,2.232142857142857,False
9,tags,oscar (best actor),1,20,0.05,0.02304,2.170138888888889,2.170138888888889,False
9,tags,small town,1,20,0.05,0.02368,2.111486486486487,2.111486486486487,False
9,tags,greed,1,20,0.05,0.02464,2.0292207792207795,2.0292207792207795,False
9,tags,family,2,20,0.1,0.05152,1.9409937888198758,1.9409937888198758,False
9,tags,big budget,1,20,0.05,0.02592,1.9290123456790125,1.9290123456790125,False
9,tags,music,1,20,0.05,0.02752,1.8168604651162792,1.8168604651162792,False
9,tags,oscar (best supporting actor),1,20,0.05,0.02784,1.795977011494253,1.795977011494253,False
9,tags,oscar (best cinematography),1,20,0.05,0.02816,1.7755681818181819,1.7755681818181819,False
9,tags,great acting,3,20,0.15,0.08448,1.7755681818181817,1.7755681818181817,False
9,tags,story,1,20,0.05,0.02848,1.75561797752809,1.75561797752809,False
9,tags,unlikely friendships,1,20,0.05,0.02976,1.6801075268817205,1.6801075268817205,False
9,tags,childhood,1,20,0.05,0.0304,1.6447368421052633,1.6447368421052633,False
9,tags,children,1,20,0.05,0.03104,1.6108247422680413,1.6108247422680413,False
9,tags,based on book,1,20,0.05,0.03872,1.2913223140495869,1.2913223140495869,False
9,genres,War,1,20,0.05,0.0432,1.1574074074074074,1.1574074074074074,False
9,tags,great movie,1,20,0.05,0.04352,1.1488970588235294,1.1488970588235294,False
9,tags,funny,1,20,0.05,0.04832,1.03476821192053,1.03476821192053,False
9,genres,Drama,8,20,0.4,0.39584,1.0105092966855296,1.0105092966855296,False
9,tags,chase,1,20,0.05,0.0528,0.946969696969697,0.946969696969697,False
9,tags,special effects,1,20,0.05,0.05408,0.9245562130177515,0.9245562130177515,False
9,tags,oscar (best actress),1,20,0.05,0.05504,0.9084302325581396,0.9084302325581396,False
9,tags,suspense,1,20,0.05,0.05568,0.8979885057471265,0.8979885057471265,False
9,tags,comedy,2,20,0.1,0.11168,0.8954154727793696,0.8954154727793696,False
9,tags,dramatic,1,20,0.05,0.06464,0.7735148514851485,0.7735148514851485,False
9,tags,imdb top 250,1,20,0.05,0.09824,0.508957654723127,0.508957654723127,False
9,genres,Thriller,1,20,0.05,0.14016,0.3567351598173516,0.3567351598173516,False
9,tags,original,1,20,0.05,0.25024,0.19980818414322252,0.19980818414322252,False
10,tags,shopping,3,20,0.15,0.00096,156.25,156.25,True
10,tags,good romantic comedies,9,20,0.45,0.00704,63.92045454545455,63.92045454545455,True
10,tags,sappy,1,20,0.05,0.00096,52.083333333333336,52.083333333333336,False
10,tags,wedding,2,20,0.1,0.00224,44.642857142857146,44.642857142857146,True
10,tags,spelling bee,1,20,0.05,0.00128,39.0625,39.0625,False
10,tags,girlie movie,16,20,0.8,0.02272,35.2112676056338,35.2112676056338,False
10,tags,happy ending,10,20,0.5,0.016,31.25,31.25,False
10,tags,very good,1,20,0.05,0.0016,31.25,31.25,False
10,tags,family bonds,1,20,0.05,0.0016,31.25,31.25,False
10,tags,chick flick,16,20,0.8,0.03136,25.510204081632654,25.510204081632654,False
10,tags,feel good movie,7,20,0.35,0.0144,24.305555555555554,24.305555555555554,False
10,tags,internet,1,20,0.05,0.00224,22.321428571428573,22.321428571428573,False
10,tags,ghosts/afterlife,1,20,0.05,0.00224,22.321428571428573,22.321428571428573,False
10,tags,sweet,8,20,0.4,0.01856,21.551724137931036,21.551724137931036,False
10,tags,feel-good,12,20,0.6,0.02784,21.551724137931032,21.551724137931032,False
10,tags,tear jerker,3,20,0.15,0.00704,21.30681818181818,21.30681818181818,False
10,tags,cute!,2,20,0.1,0.00512,19.53125,19.53125,False
10,tags,afterlife,1,20,0.05,0.00256,19.53125,19.53125,False
10,tags,catastrophe,1,20,0.05,0.00256,19.53125,19.53125,False
10,tags,romantic comedy,13,20,0.65,0.03424,18.983644859813086,18.983644859813086,False
10,tags,destiny,9,20,0.45,0.024,18.75,18.75,False
10,tags,sentimental,6,20,0.3,0.01664,18.028846153846153,18.028846153846153,False
10,tags,romance,14,20,0.7,0.03904,17.93032786885246,17.93032786885246,False
10,tags,cute,3,20,0.15,0.00864,17.36111111111111,17.36111111111111,False
10,tags,classical music,1,20,0.05,0.00288,17.36111111111111,17.36111111111111,False
10,tags,inspirational,2,20,0.1,0.0064,15.625,15.625,False
10,tags,predictable,2,20,0.1,0.00672,14.880952380952381,14.880952380952381,False
10,tags,baseball,1,20,0.05,0.00352,14.204545454545455,14.204545454545455,False
10,tags,romantic,15,20,0.75,0.05568,13.469827586206897,13.469827586206897,False
10,tags,football,1,20,0.05,0.00384,13.020833333333334,13.020833333333334,False
10,tags,teacher,1,20,0.05,0.00384,13.020833333333334,13.020833333333334,False
10,tags,oscar winner,4,20,0.2,0.01568,12.755102040816327,12.755102040816327,False
10,tags,divorce,1,20,0.05,0.00416,12.019230769230772,12.019230769230772,False
10,tags,love story,15,20,0.75,0.06368,11.777638190954773,11.777638190954773,False
10,tags,prostitution,1,20,0.05,0.00448,11.160714285714286,11.160714285714286,False
10,tags,life,1,20,0.05,0.00448,11.160714285714286,11.160714285714286,False
10,tags,single father,1,20,0.05,0.0048,10.416666666666668,10.416666666666668,False
10,tags,earnest,1,20,0.05,0.0048,10.416666666666668,10.416666666666668,False
10,tags,fairy tales,1,20,0.05,0.0048,10.416666666666668,10.416666666666668,False
10,tags,inspiring,1,20,0.05,0.0048,10.416666666666668,10.416666666666668,False
10,tags,women,3,20,0.15,0.01568,9.566326530612244,9.566326530612244,False
10,tags,disability,1,20,0.05,0.00544,9.191176470588236,9.191176470588236,False
10,tags,rags to riches,1,20,0.05,0.00576,8.680555555555555,8.680555555555555,False
10,tags,london,1,20,0.05,0.00576,8.680555555555555,8.680555555555555,False
10,tags,president,1,20,0.05,0.00576,8.680555555555555,8.680555555555555,False
10,tags,heartwarming,2,20,0.1,0.01184,8.445945945945947,8.445945945945947,False
10,tags,nostalgic,2,20,0.1,0.01216,8.223684210526315,8.223684210526315,False
10,tags,cross dressing,1,20,0.05,0.00608,8.223684210526315,8.223684210526315,False
10,tags,fighting the system,1,20,0.05,0.0064,7.8125,7.8125,False
10,tags,pg-13,1,20,0.05,0.00704,7.1022727272727275,7.1022727272727275,False
10,tags,love,5,20,0.25,0.03616,6.913716814159293,6.913716814159293,False
10,tags,good,5,20,0.25,0.0368,6.793478260869565,6.793478260869565,False
10,tags,fairy tale,2,20,0.1,0.01504,6.6489361702127665,6.6489361702127665,False
10,genres,Romance,16,20,0.8,0.13312,6.009615384615386,6.009615384615386,False
10,tags,world politics,1,20,0.05,0.00832,6.009615384615386,6.009615384615386,False
10,tags,sports,2,20,0.1,0.01792,5.580357142857143,5.580357142857143,False
10,tags,ghosts,1,20,0.05,0.00896,5.580357142857143,5.580357142857143,False
10,tags,oscar,3,20,0.15,0.0272,5.514705882352941,5.514705882352941,False
10,tags,natural disaster,1,20,0.05,0.00928,5.387931034482759,5.387931034482759,False
10,tags,remake,1,20,0.05,0.00928,5.387931034482759,5.387931034482759,False
10,tags,touching,3,20,0.15,0.02816,5.326704545454545,5.326704545454545,False
10,tags,bittersweet,2,20,0.1,0.01888,5.296610169491525,5.296610169491525,False
10,tags,drama,7,20,0.35,0.06656,5.258413461538462,5.258413461538462,False
10,tags,dog,1,20,0.05,0.0096,5.208333333333334,5.208333333333334,False
10,tags,courtroom,1,20,0.05,0.00992,5.040322580645162,5.040322580645162,False
10,tags,artistic,1,20,0.05,0.01056,4.734848484848485,4.734848484848485,False
10,tags,relationships,5,20,0.25,0.05376,4.650297619047619,4.650297619047619,False
10,tags,magic,1,20,0.05,0.0112,4.464285714285714,4.464285714285714,False
10,tags,epic,1,20,0.05,0.0112,4.464285714285714,4.464285714285714,False
10,tags,historical,2,20,0.1,0.02272,4.401408450704225,4.401408450704225,False
10,tags,us history,1,20,0.05,0.01152,4.340277777777778,4.340277777777778,False
10,tags,based on a true story,1,20,0.05,0.01184,4.222972972972974,4.222972972972974,False
10,tags,lawyers,1,20,0.05,0.01216,4.1118421052631575,4.1118421052631575,False
10,tags,death,1,20,0.05,0.01248,4.006410256410256,4.006410256410256,False
10,tags,good music,1,20,0.05,0.01248,4.006410256410256,4.006410256410256,False
10,tags,quotable,2,20,0.1,0.02688,3.7202380952380953,3.7202380952380953,False
10,tags,british,1,20,0.05,0.01408,3.5511363636363638,3.5511363636363638,False
10,tags,beautiful scenery,1,20,0.05,0.01408,3.5511363636363638,3.5511363636363638,False
10,tags,musicians,1,20,0.05,0.0144,3.4722222222222223,3.4722222222222223,False
10,tags,politics,1,20,0.05,0.01472,3.3967391304347827,3.3967391304347827,False
10,tags,lawyer,1,20,0.05,0.01504,3.3244680851063833,3.3244680851063833,False
10,tags,gay character,1,20,0.05,0.01568,3.188775510204082,3.188775510204082,False
10,tags,political,1,20,0.05,0.01568,3.188775510204082,3.188775510204082,False
10,tags,rock and roll,1,20,0.05,0.016,3.125,3.125,False
10,tags,oscar (best picture),2,20,0.1,0.03296,3.0339805825242716,3.0339805825242716,False
10,tags,biographical,1,20,0.05,0.01664,3.004807692307693,3.004807692307693,False
10,tags,world war ii,1,20,0.05,0.01696,2.94811320754717,2.94811320754717,False
10,tags,supernatural,1,20,0.05,0.01728,2.8935185185185186,2.8935185185185186,False
10,tags,history,1,20,0.05,0.01728,2.8935185185185186,2.8935185185185186,False
10,tags,life & death,1,20,0.05,0.0176,2.840909090909091,2.840909090909091,False
10,tags,mentor,4,20,0.2,0.07168,2.7901785714285716,2.7901785714285716,False
10,tags,oscar (best directing),4,20,0.2,0.07264,2.7533039647577096,2.7533039647577096,False
10,tags,oscar (best supporting actress),1,20,0.05,0.01856,2.6939655172413794,2.6939655172413794,False
10,tags,wartime,1,20,0.05,0.0192,2.604166666666667,2.604166666666667,False
10,tags,based on true story,1,20,0.05,0.01984,2.520161290322581,2.520161290322581,False
10,tags,excellent script,2,20,0.1,0.04128,2.422480620155039,2.422480620155039,False
10,tags,gay,1,20,0.05,0.0208,2.403846153846154,2.403846153846154,False
10,tags,narrated,1,20,0.05,0.0208,2.403846153846154,2.403846153846154,False
10,tags,true story,1,20,0.05,0.0208,2.403846153846154,2.403846153846154,False
10,tags,based on a play,1,20,0.05,0.0208,2.403846153846154,2.403846153846154,False
10,genres,Comedy,15,20,0.75,0.32224,2.327457795431976,2.327457795431976,False
10,tags,fantasy,1,20,0.05,0.02176,2.297794117647059,2.297794117647059,False
10,tags,high school,1,20,0.05,0.0224,2.232142857142857,2.232142857142857,False
10,tags,oscar (best actor),1,20,0.05,0.02304,2.170138888888889,2.170138888888889,False
10,tags,small town,1,20,0.05,0.02368,2.111486486486487,2.111486486486487,False
10,tags,greed,1,20,0.05,0.02464,2.0292207792207795,2.0292207792207795,False
10,tags,family,2,20,0.1,0.05152,1.9409937888198758,1.9409937888198758,False
10,tags,big budget,1,20,0.05,0.02592,1.9290123456790125,1.9290123456790125,False
10,tags,music,1,20,0.05,0.02752,1.8168604651162792,1.8168604651162792,False
10,tags,oscar (best supporting actor),1,20,0.05,0.02784,1.795977011494253,1.795977011494253,False
10,tags,oscar (best cinematography),1,20,0.05,0.02816,1.7755681818181819,1.7755681818181819,False
10,tags,great acting,3,20,0.15,0.08448,1.7755681818181817,1.7755681818181817,False
10,tags,story,1,20,0.05,0.02848,1.75561797752809,1.75561797752809,False
10,tags,unlikely friendships,1,20,0.05,0.02976,1.6801075268817205,1.6801075268817205,False
10,tags,childhood,1,20,0.05,0.0304,1.6447368421052633,1.6447368421052633,False
10,tags,children,1,20,0.05,0.03104,1.6108247422680413,1.6108247422680413,False
10,tags,based on book,1,20,0.05,0.03872,1.2913223140495869,1.2913223140495869,False
10,genres,War,1,20,0.05,0.0432,1.1574074074074074,1.1574074074074074,False
10,tags,great movie,1,20,0.05,0.04352,1.1488970588235294,1.1488970588235294,False
10,tags,funny,1,20,0.05,0.04832,1.03476821192053,1.03476821192053,False
10,genres,Drama,8,20,0.4,0.39584,1.0105092966855296,1.0105092966855296,False
10,tags,chase,1,20,0.05,0.0528,0.946969696969697,0.946969696969697,False
10,tags,special effects,1,20,0.05,0.05408,0.9245562130177515,0.9245562130177515,False
10,tags,oscar (best actress),1,20,0.05,0.05504,0.9084302325581396,0.9084302325581396,False
10,tags,suspense,1,20,0.05,0.05568,0.8979885057471265,0.8979885057471265,False
10,tags,comedy,2,20,0.1,0.11168,0.8954154727793696,0.8954154727793696,False
10,tags,dramatic,1,20,0.05,0.06464,0.7735148514851485,0.7735148514851485,False
10,tags,imdb top 250,1,20,0.05,0.09824,0.508957654723127,0.508957654723127,False
10,genres,Thriller,1,20,0.05,0.14016,0.3567351598173516,0.3567351598173516,False
10,tags,original,1,20,0.05,0.25024,0.19980818414322252,0.19980818414322252,False
11,tags,hannibal lecter,1,20,0.05,0.00032,156.25,156.25,False
11,tags,morality,1,20,0.05,0.00032,156.25,156.25,False
11,tags,suprisingly clever,3,20,0.15,0.00224,66.96428571428572,66.96428571428572,True
11,tags,oscar (best writing - screenplay written directly for the screen),3,20,0.15,0.00224,66.96428571428572,66.96428571428572,True
11,tags,good acting,14,20,0.7,0.0112,62.5,62.5,True
11,tags,nonlinear,2,20,0.1,0.0016,62.5,62.5,False
11,tags,complex characters,2,20,0.1,0.0016,62.5,62.5,False
11,tags,good dialogue,2,20,0.1,0.00192,52.083333333333336,52.083333333333336,False
11,tags,tarantino,2,20,0.1,0.00192,52.083333333333336,52.083333333333336,False
11,tags,minnesota,1,20,0.05,0.00096,52.083333333333336,52.083333333333336,False
11,tags,math,1,20,0.05,0.00096,52.083333333333336,52.083333333333336,False
11,tags,guns,5,20,0.25,0.00512,48.82812499999999,48.82812499999999,False
11,tags,francis ford copolla,4,20,0.2,0.00448,44.642857142857146,44.642857142857146,False
11,tags,anti-war,2,20,0.1,0.00224,44.642857142857146,44.642857142857146,False
11,tags,robbery,1,20,0.05,0.00128,39.0625,39.0625,False
11,tags,mathematics,1,20,0.05,0.00128,39.0625,39.0625,False
11,tags,money,1,20,0.05,0.00128,39.0625,39.0625,False
11,tags,foul language,4,20,0.2,0.00544,36.76470588235294,36.76470588235294,False
11,tags,interesting,16,20,0.8,0.02208,36.231884057971016,36.231884057971016,False
11,tags,crime gone awry,5,20,0.25,0.00704,35.51136363636363,35.51136363636363,False
11,tags,pulp,2,20,0.1,0.00288,34.72222222222222,34.72222222222222,False
11,tags,excellent,3,20,0.15,0.00448,33.48214285714286,33.48214285714286,False
11,tags,gratuitous violence,4,20,0.2,0.00608,32.89473684210526,32.89473684210526,False
11,tags,brutal,4,20,0.2,0.0064,31.25,31.25,False
11,tags,non-linear,2,20,0.1,0.0032,31.25,31.25,False
11,tags,vietnam,2,20,0.1,0.0032,31.25,31.25,False
11,tags,entirely dialogue,1,20,0.05,0.0016,31.25,31.25,False
11,tags,plot,1,20,0.05,0.0016,31.25,31.25,False
11,tags,very good,1,20,0.05,0.0016,31.25,31.25,False
11,tags,genius,1,20,0.05,0.0016,31.25,31.25,False
11,tags,corporate america,1,20,0.05,0.0016,31.25,31.25,False
11,tags,great dialogue,4,20,0.2,0.00672,29.761904761904763,29.761904761904763,False
11,tags,visceral,11,20,0.55,0.01984,27.721774193548388,27.721774193548388,False
11,tags,anti-hero,3,20,0.15,0.00544,27.573529411764703,27.573529411764703,False
11,tags,exceptional acting,5,20,0.25,0.0096,26.041666666666668,26.041666666666668,False
11,tags,vietnam war,2,20,0.1,0.00384,26.041666666666668,26.041666666666668,False
11,tags,coen brothers,1,20,0.05,0.00192,26.041666666666668,26.041666666666668,False
11,tags,tricky,1,20,0.05,0.00192,26.041666666666668,26.041666666666668,False
11,tags,psychiatrist,1,20,0.05,0.00192,26.041666666666668,26.041666666666668,False
11,tags,coen bros,3,20,0.15,0.00608,24.671052631578945,24.671052631578945,False
11,tags,organized crime,7,20,0.35,0.0144,24.305555555555554,24.305555555555554,False
11,tags,excellent script,19,20,0.95,0.04128,23.01356589147287,23.01356589147287,False
11,tags,highly quotable,5,20,0.25,0.01184,21.114864864864867,21.114864864864867,False
11,tags,mindfuck,2,20,0.1,0.0048,20.833333333333336,20.833333333333336,False
11,tags,earnest,2,20,0.1,0.0048,20.833333333333336,20.833333333333336,False
11,tags,gangster,5,20,0.25,0.01216,20.559210526315788,20.559210526315788,False
11,tags,twist,3,20,0.15,0.00736,20.380434782608695,20.380434782608695,False
11,tags,mob,5,20,0.25,0.01248,20.03205128205128,20.03205128205128,False
11,tags,gruesome,2,20,0.1,0.00512,19.53125,19.53125,False
11,tags,realistic,2,20,0.1,0.00512,19.53125,19.53125,False
11,tags,cannibalism,1,20,0.05,0.00256,19.53125,19.53125,False
11,tags,boston,1,20,0.05,0.00256,19.53125,19.53125,False
11,tags,journalism,1,20,0.05,0.00256,19.53125,19.53125,False
11,tags,business,1,20,0.05,0.00256,19.53125,19.53125,False
11,tags,surprise ending,3,20,0.15,0.008,18.75,18.75,False
11,tags,war movie,3,20,0.15,0.008,18.75,18.75,False
11,tags,great ending,14,20,0.7,0.03776,18.538135593220336,18.538135593220336,False
11,tags,powerful ending,7,20,0.35,0.01888,18.538135593220336,18.538135593220336,False
11,tags,complicated plot,2,20,0.1,0.00544,18.38235294117647,18.38235294117647,False
11,tags,hit men,5,20,0.25,0.01376,18.16860465116279,18.16860465116279,False
11,tags,oscar (best supporting actor),10,20,0.5,0.02784,17.95977011494253,17.95977011494253,False
11,tags,violent,13,20,0.65,0.03744,17.36111111111111,17.36111111111111,False
11,tags,crime,12,20,0.6,0.03456,17.36111111111111,17.36111111111111,False
11,tags,oscar (best actor),8,20,0.4,0.02304,17.36111111111111,17.36111111111111,False
11,tags,complicated,4,20,0.2,0.01152,17.36111111111111,17.36111111111111,False
11,tags,rags to riches,2,20,0.1,0.00576,17.36111111111111,17.36111111111111,False
11,tags,oscar (best editing),2,20,0.1,0.00576,17.36111111111111,17.36111111111111,False
11,tags,blood,1,20,0.05,0.00288,17.36111111111111,17.36111111111111,False
11,tags,con men,1,20,0.05,0.00288,17.36111111111111,17.36111111111111,False
11,tags,freedom,1,20,0.05,0.00288,17.36111111111111,17.36111111111111,False
11,tags,bank robbery,1,20,0.05,0.00288,17.36111111111111,17.36111111111111,False
11,tags,great movie,15,20,0.75,0.04352,17.23345588235294,17.23345588235294,False
11,tags,heist,4,20,0.2,0.01184,16.891891891891895,16.891891891891895,False
11,tags,dialogue driven,3,20,0.15,0.00928,16.163793103448274,16.163793103448274,False
11,tags,neo-noir,4,20,0.2,0.01248,16.025641025641026,16.025641025641026,False
11,tags,plot twist,4,20,0.2,0.0128,15.625,15.625,False
11,tags,inspirational,2,20,0.1,0.0064,15.625,15.625,False
11,tags,los angeles,2,20,0.1,0.0064,15.625,15.625,False
11,tags,grim,2,20,0.1,0.0064,15.625,15.625,False
11,tags,multiple storylines,1,20,0.05,0.0032,15.625,15.625,False
11,tags,philosophy,1,20,0.05,0.0032,15.625,15.625,False
11,tags,psychiatry,2,20,0.1,0.00672,14.880952380952381,14.880952380952381,False
11,tags,afi 100 (movie quotes),2,20,0.1,0.00672,14.880952380952381,14.880952380952381,False
11,tags,bloody,3,20,0.15,0.01024,14.648437499999998,14.648437499999998,False
11,tags,narrated,6,20,0.3,0.0208,14.423076923076923,14.423076923076923,False
11,tags,brutality,8,20,0.4,0.02784,14.367816091954024,14.367816091954024,False
11,tags,mental illness,2,20,0.1,0.00704,14.204545454545455,14.204545454545455,False
11,tags,gangsters,6,20,0.3,0.02176,13.786764705882351,13.786764705882351,False
11,tags,oscar (best picture),9,20,0.45,0.03296,13.652912621359222,13.652912621359222,False
11,tags,manipulation,3,20,0.15,0.0112,13.392857142857142,13.392857142857142,False
11,tags,paranoid,1,20,0.05,0.00384,13.020833333333334,13.020833333333334,False
11,tags,complex,6,20,0.3,0.02304,13.020833333333332,13.020833333333332,False
11,tags,stylish,6,20,0.3,0.02368,12.66891891891892,12.66891891891892,False
11,tags,mafia,3,20,0.15,0.01184,12.66891891891892,12.66891891891892,False
11,tags,intense,7,20,0.35,0.02784,12.57183908045977,12.57183908045977,False
11,tags,psychology,4,20,0.2,0.016,12.5,12.5,False
11,tags,caper,2,20,0.1,0.008,12.5,12.5,False
11,tags,violence,12,20,0.6,0.04832,12.417218543046356,12.417218543046356,False
11,tags,golden palm,4,20,0.2,0.01632,12.254901960784313,12.254901960784313,False
11,tags,cult,1,20,0.05,0.00416,12.019230769230772,12.019230769230772,False
11,tags,great soundtrack,1,20,0.05,0.00416,12.019230769230772,12.019230769230772,False
11,tags,great acting,20,20,1.0,0.08448,11.837121212121213,11.837121212121213,False
11,tags,insanity,4,20,0.2,0.01696,11.79245283018868,11.79245283018868,False
11,tags,storytelling,13,20,0.65,0.05536,11.741329479768787,11.741329479768787,False
11,tags,ensemble cast,3,20,0.15,0.01312,11.432926829268293,11.432926829268293,False
11,tags,clever,3,20,0.15,0.01312,11.432926829268293,11.432926829268293,False
11,tags,1950s,1,20,0.05,0.00448,11.160714285714286,11.160714285714286,False
11,tags,prostitution,1,20,0.05,0.00448,11.160714285714286,11.160714285714286,False
11,tags,twists & turns,8,20,0.4,0.03648,10.964912280701755,10.964912280701755,False
11,tags,best war films,3,20,0.15,0.01376,10.901162790697674,10.901162790697674,False
11,tags,good,8,20,0.4,0.0368,10.869565217391305,10.869565217391305,False
11,tags,twist ending,2,20,0.1,0.00928,10.775862068965518,10.775862068965518,False
11,tags,compassionate,2,20,0.1,0.00928,10.775862068965518,10.775862068965518,False
11,tags,justice,2,20,0.1,0.00928,10.775862068965518,10.775862068965518,False
11,tags,moral ambiguity,2,20,0.1,0.00928,10.775862068965518,10.775862068965518,False
11,tags,noir thriller,3,20,0.15,0.01408,10.65340909090909,10.65340909090909,False
11,tags,gritty,1,20,0.05,0.0048,10.416666666666668,10.416666666666668,False
11,tags,great music,1,20,0.05,0.0048,10.416666666666668,10.416666666666668,False
11,tags,vigilantism,1,20,0.05,0.0048,10.416666666666668,10.416666666666668,False
11,tags,masterpiece,14,20,0.7,0.0672,10.416666666666666,10.416666666666666,False
11,tags,dark humor,5,20,0.25,0.024,10.416666666666666,10.416666666666666,False
11,tags,oscar (best directing),15,20,0.75,0.07264,10.32488986784141,10.32488986784141,False
11,tags,greed,5,20,0.25,0.02464,10.146103896103897,10.146103896103897,False
11,tags,psychological,5,20,0.25,0.02464,10.146103896103897,10.146103896103897,False
11,tags,police investigation,6,20,0.3,0.03008,9.97340425531915,9.97340425531915,False
11,tags,good soundtrack,10,20,0.5,0.05056,9.889240506329113,9.889240506329113,False
11,tags,disturbing,3,20,0.15,0.01536,9.765625,9.765625,False
11,tags,spielberg,1,20,0.05,0.00512,9.765625,9.765625,False
11,tags,imdb top 250,19,20,0.95,0.09824,9.670195439739414,9.670195439739414,False
11,genres,Crime,11,20,0.55,0.05696,9.655898876404496,9.655898876404496,False
11,tags,oscar winner,3,20,0.15,0.01568,9.566326530612244,9.566326530612244,False
11,tags,amazing cinematography,4,20,0.2,0.02112,9.46969696969697,9.46969696969697,False
11,tags,investigation,3,20,0.15,0.016,9.375,9.375,False
11,tags,disability,1,20,0.05,0.00544,9.191176470588236,9.191176470588236,False
11,tags,drama,12,20,0.6,0.06656,9.014423076923077,9.014423076923077,False
11,tags,story,5,20,0.25,0.02848,8.77808988764045,8.77808988764045,False
11,tags,us history,2,20,0.1,0.01152,8.680555555555555,8.680555555555555,False
11,tags,police corruption,1,20,0.05,0.00576,8.680555555555555,8.680555555555555,False
11,tags,heartwarming,2,20,0.1,0.01184,8.445945945945947,8.445945945945947,False
11,tags,political corruption,1,20,0.05,0.00608,8.223684210526315,8.223684210526315,False
11,tags,realistic action,1,20,0.05,0.00608,8.223684210526315,8.223684210526315,False
11,tags,intellectual,1,20,0.05,0.00608,8.223684210526315,8.223684210526315,False
11,tags,oscar (best actress),9,20,0.45,0.05504,8.175872093023257,8.175872093023257,False
11,tags,stylized,3,20,0.15,0.01856,8.081896551724137,8.081896551724137,False
11,tags,war,3,20,0.15,0.01888,7.944915254237287,7.944915254237287,False
11,tags,prison,1,20,0.05,0.0064,7.8125,7.8125,False
11,tags,sacrifice,1,20,0.05,0.0064,7.8125,7.8125,False
11,tags,nocturnal,1,20,0.05,0.0064,7.8125,7.8125,False
11,tags,based on true story,3,20,0.15,0.01984,7.560483870967742,7.560483870967742,False
11,tags,quotable,4,20,0.2,0.02688,7.440476190476191,7.440476190476191,False
11,tags,new york,1,20,0.05,0.00672,7.440476190476191,7.440476190476191,False
11,tags,oscar,4,20,0.2,0.0272,7.352941176470589,7.352941176470589,False
11,tags,corruption,4,20,0.2,0.0272,7.352941176470589,7.352941176470589,False
11,tags,dialogue,4,20,0.2,0.02752,7.267441860465117,7.267441860465117,False
11,tags,cool,2,20,0.1,0.01408,7.1022727272727275,7.1022727272727275,False
11,tags,detective,2,20,0.1,0.01408,7.1022727272727275,7.1022727272727275,False
11,tags,absurd,1,20,0.05,0.00704,7.1022727272727275,7.1022727272727275,False
11,tags,dark comedy,1,20,0.05,0.00704,7.1022727272727275,7.1022727272727275,False
11,tags,kidnapping,1,20,0.05,0.00704,7.1022727272727275,7.1022727272727275,False
11,tags,dark,3,20,0.15,0.02144,6.996268656716418,6.996268656716418,False
11,tags,conspiracy,3,20,0.15,0.02176,6.893382352941176,6.893382352941176,False
11,tags,betrayal,2,20,0.1,0.01472,6.793478260869565,6.793478260869565,False
11,tags,undercover cop,1,20,0.05,0.00736,6.793478260869565,6.793478260869565,False
11,tags,amazing photography,1,20,0.05,0.00736,6.793478260869565,6.793478260869565,False
11,tags,gory,2,20,0.1,0.01504,6.6489361702127665,6.6489361702127665,False
11,tags,tense,7,20,0.35,0.05536,6.322254335260115,6.322254335260115,False
11,tags,suspense,7,20,0.35,0.05568,6.285919540229885,6.285919540229885,False
11,tags,sexualized violence,1,20,0.05,0.008,6.25,6.25,False
11,tags,black comedy,1,20,0.05,0.008,6.25,6.25,False
11,tags,prison escape,1,20,0.05,0.008,6.25,6.25,False
11,tags,vigilante,1,20,0.05,0.008,6.25,6.25,False
11,tags,sentimental,2,20,0.1,0.01664,6.009615384615386,6.009615384615386,False
11,tags,innocence lost,1,20,0.05,0.00832,6.009615384615386,6.009615384615386,False
11,tags,great,3,20,0.15,0.02496,6.009615384615384,6.009615384615384,False
11,tags,downbeat,2,20,0.1,0.01696,5.89622641509434,5.89622641509434,False
11,tags,mystery,2,20,0.1,0.01728,5.787037037037037,5.787037037037037,False
11,tags,new york city,1,20,0.05,0.00864,5.787037037037037,5.787037037037037,False
11,tags,cinematography,5,20,0.25,0.04448,5.620503597122302,5.620503597122302,False
11,tags,literature,1,20,0.05,0.00896,5.580357142857143,5.580357142857143,False
11,tags,frightening,1,20,0.05,0.00896,5.580357142857143,5.580357142857143,False
11,tags,oscar (best supporting actress),2,20,0.1,0.01856,5.387931034482759,5.387931034482759,False
11,tags,long,1,20,0.05,0.00928,5.387931034482759,5.387931034482759,False
11,tags,wartime,2,20,0.1,0.0192,5.208333333333334,5.208333333333334,False
11,tags,based on book,4,20,0.2,0.03872,5.1652892561983474,5.1652892561983474,False
11,tags,suspenseful,4,20,0.2,0.03968,5.040322580645162,5.040322580645162,False
11,tags,unlikely friendships,3,20,0.15,0.02976,5.040322580645161,5.040322580645161,False
11,tags,mentor,7,20,0.35,0.07168,4.8828125,4.8828125,False
11,tags,friendship,3,20,0.15,0.03072,4.8828125,4.8828125,False
11,tags,adapted from:book,6,20,0.3,0.06336,4.734848484848484,4.734848484848484,False
11,tags,character study,2,20,0.1,0.02144,4.664179104477612,4.664179104477612,False
11,tags,dramatic,6,20,0.3,0.06464,4.641089108910891,4.641089108910891,False
11,tags,serial killer,2,20,0.1,0.02176,4.595588235294118,4.595588235294118,False
11,tags,vengeance,2,20,0.1,0.02208,4.528985507246377,4.528985507246377,False
11,tags,police,1,20,0.05,0.0112,4.464285714285714,4.464285714285714,False
11,tags,quirky,1,20,0.05,0.01152,4.340277777777778,4.340277777777778,False
11,tags,film noir,1,20,0.05,0.01152,4.340277777777778,4.340277777777778,False
11,tags,thriller,3,20,0.15,0.03488,4.30045871559633,4.30045871559633,False
11,tags,fast paced,2,20,0.1,0.02368,4.222972972972974,4.222972972972974,False
11,tags,small town,2,20,0.1,0.02368,4.222972972972974,4.222972972972974,False
11,tags,based on a true story,1,20,0.05,0.01184,4.222972972972974,4.222972972972974,False
11,tags,noir,1,20,0.05,0.01216,4.1118421052631575,4.1118421052631575,False
11,tags,ominous,1,20,0.05,0.01216,4.1118421052631575,4.1118421052631575,False
11,genres,Film-Noir,1,20,0.05,0.01248,4.006410256410256,4.006410256410256,False
11,tags,atmospheric,1,20,0.05,0.01248,4.006410256410256,4.006410256410256,False
11,tags,murder,4,20,0.2,0.05024,3.980891719745223,3.980891719745223,False
11,tags,redemption,1,20,0.05,0.01312,3.810975609756098,3.810975609756098,False
11,tags,cult film,2,20,0.1,0.02688,3.7202380952380953,3.7202380952380953,False
11,tags,original,18,20,0.9,0.25024,3.596547314578005,3.596547314578005,False
11,genres,Thriller,10,20,0.5,0.14016,3.567351598173516,3.567351598173516,False
11,tags,touching,2,20,0.1,0.02816,3.5511363636363638,3.5511363636363638,False
11,tags,oscar (best cinematography),2,20,0.1,0.02816,3.5511363636363638,3.5511363636363638,False
11,tags,wwii,1,20,0.05,0.0144,3.4722222222222223,3.4722222222222223,False
11,genres,War,3,20,0.15,0.0432,3.472222222222222,3.472222222222222,False
11,tags,visually appealing,3,20,0.15,0.04416,3.3967391304347827,3.3967391304347827,False
11,tags,classic,5,20,0.25,0.0752,3.324468085106383,3.324468085106383,False
11,tags,courage,1,20,0.05,0.01568,3.188775510204082,3.188775510204082,False
11,tags,happy ending,1,20,0.05,0.016,3.125,3.125,False
11,tags,world war ii,1,20,0.05,0.01696,2.94811320754717,2.94811320754717,False
11,tags,social commentary,1,20,0.05,0.01696,2.94811320754717,2.94811320754717,False
11,tags,drugs,1,20,0.05,0.01728,2.8935185185185186,2.8935185185185186,False
11,tags,history,1,20,0.05,0.01728,2.8935185185185186,2.8935185185185186,False
11,tags,creepy,2,20,0.1,0.03488,2.86697247706422,2.86697247706422,False
11,tags,independent film,1,20,0.05,0.0192,2.604166666666667,2.604166666666667,False
11,tags,enigmatic,2,20,0.1,0.04064,2.4606299212598426,2.4606299212598426,False
11,tags,true story,1,20,0.05,0.0208,2.403846153846154,2.403846153846154,False
11,tags,loneliness,2,20,0.1,0.04288,2.332089552238806,2.332089552238806,False
11,tags,weird,2,20,0.1,0.0448,2.232142857142857,2.232142857142857,False
11,tags,historical,1,20,0.05,0.02272,2.2007042253521125,2.2007042253521125,False
11,tags,cult classic,2,20,0.1,0.04608,2.170138888888889,2.170138888888889,False
11,tags,murder mystery,1,20,0.05,0.02368,2.111486486486487,2.111486486486487,False
11,tags,surreal,1,20,0.05,0.02528,1.9778481012658229,1.9778481012658229,False
11,tags,gunfight,1,20,0.05,0.0256,1.953125,1.953125,False
11,tags,secrets,1,20,0.05,0.0256,1.953125,1.953125,False
11,tags,bleak,1,20,0.05,0.02624,1.905487804878049,1.905487804878049,False
11,tags,talky,2,20,0.1,0.05312,1.8825301204819278,1.8825301204819278,False
11,tags,good sequel,1,20,0.05,0.02656,1.8825301204819278,1.8825301204819278,False
11,tags,sequel,1,20,0.05,0.02784,1.795977011494253,1.795977011494253,False
11,tags,feel-good,1,20,0.05,0.02784,1.795977011494253,1.795977011494253,False
11,genres,Drama,14,20,0.7,0.39584,1.7683912691996764,1.7683912691996764,False
11,tags,sequels,1,20,0.05,0.0288,1.7361111111111112,1.7361111111111112,False
11,tags,childhood,1,20,0.05,0.0304,1.6447368421052633,1.6447368421052633,False
11,genres,Mystery,1,20,0.05,0.03072,1.6276041666666667,1.6276041666666667,False
11,tags,obsession,1,20,0.05,0.03104,1.6108247422680413,1.6108247422680413,False
11,tags,based on a book,2,20,0.1,0.06656,1.5024038461538465,1.5024038461538465,False
11,tags,visual,1,20,0.05,0.03456,1.4467592592592593,1.4467592592592593,False
11,genres,Action,4,20,0.2,0.14528,1.3766519823788548,1.3766519823788548,False
11,tags,melancholic,1,20,0.05,0.0368,1.358695652173913,1.358695652173913,False
11,tags,action,2,20,0.1,0.07968,1.2550200803212852,1.2550200803212852,False
11,tags,family,1,20,0.05,0.05152,0.9704968944099379,0.9704968944099379,False
11,tags,relationships,1,20,0.05,0.05376,0.9300595238095238,0.9300595238095238,False
11,tags,horror,1,20,0.05,0.064,0.78125,0.78125,False
11,tags,criterion,1,20,0.05,0.07456,0.6706008583690988,0.6706008583690988,False
12,tags,shopping,3,20,0.15,0.00096,156.25,156.25,True
12,tags,good romantic comedies,9,20,0.45,0.00704,63.92045454545455,63.92045454545455,True
12,tags,sappy,1,20,0.05,0.00096,52.083333333333336,52.083333333333336,False
12,tags,wedding,2,20,0.1,0.00224,44.642857142857146,44.642857142857146,True
12,tags,spelling bee,1,20,0.05,0.00128,39.0625,39.0625,False
12,tags,girlie movie,16,20,0.8,0.02272,35.2112676056338,35.2112676056338,False
12,tags,very good,1,20,0.05,0.0016,31.25,31.25,False
12,tags,family bonds,1,20,0.05,0.0016,31.25,31.25,False
12,tags,happy ending,9,20,0.45,0.016,28.125,28.125,False
12,tags,chick flick,16,20,0.8,0.03136,25.510204081632654,25.510204081632654,False
12,tags,feel good movie,7,20,0.35,0.0144,24.305555555555554,24.305555555555554,False
12,tags,internet,1,20,0.05,0.00224,22.321428571428573,22.321428571428573,False
12,tags,ghosts/afterlife,1,20,0.05,0.00224,22.321428571428573,22.321428571428573,False
12,tags,sweet,8,20,0.4,0.01856,21.551724137931036,21.551724137931036,False
12,tags,feel-good,12,20,0.6,0.02784,21.551724137931032,21.551724137931032,False
12,tags,romantic comedy,14,20,0.7,0.03424,20.44392523364486,20.44392523364486,False
12,tags,cute!,2,20,0.1,0.00512,19.53125,19.53125,False
12,tags,afterlife,1,20,0.05,0.00256,19.53125,19.53125,False
12,tags,catastrophe,1,20,0.05,0.00256,19.53125,19.53125,False
12,tags,romance,15,20,0.75,0.03904,19.211065573770494,19.211065573770494,False
12,tags,destiny,9,20,0.45,0.024,18.75,18.75,False
12,tags,cute,3,20,0.15,0.00864,17.36111111111111,17.36111111111111,False
12,tags,classical music,1,20,0.05,0.00288,17.36111111111111,17.36111111111111,False
12,tags,oscar winner,5,20,0.25,0.01568,15.943877551020408,15.943877551020408,False
12,tags,inspirational,2,20,0.1,0.0064,15.625,15.625,False
12,tags,sentimental,5,20,0.25,0.01664,15.024038461538463,15.024038461538463,False
12,tags,predictable,2,20,0.1,0.00672,14.880952380952381,14.880952380952381,False
12,tags,tear jerker,2,20,0.1,0.00704,14.204545454545455,14.204545454545455,False
12,tags,baseball,1,20,0.05,0.00352,14.204545454545455,14.204545454545455,False
12,tags,romantic,15,20,0.75,0.05568,13.469827586206897,13.469827586206897,False
12,tags,football,1,20,0.05,0.00384,13.020833333333334,13.020833333333334,False
12,tags,teacher,1,20,0.05,0.00384,13.020833333333334,13.020833333333334,False
12,tags,divorce,1,20,0.05,0.00416,12.019230769230772,12.019230769230772,False
12,tags,love story,15,20,0.75,0.06368,11.777638190954773,11.777638190954773,False
12,tags,prostitution,1,20,0.05,0.00448,11.160714285714286,11.160714285714286,False
12,tags,life,1,20,0.05,0.00448,11.160714285714286,11.160714285714286,False
12,tags,earnest,1,20,0.05,0.0048,10.416666666666668,10.416666666666668,False
12,tags,single father,1,20,0.05,0.0048,10.416666666666668,10.416666666666668,False
12,tags,fairy tales,1,20,0.05,0.0048,10.416666666666668,10.416666666666668,False
12,tags,inspiring,1,20,0.05,0.0048,10.416666666666668,10.416666666666668,False
12,tags,women,3,20,0.15,0.01568,9.566326530612244,9.566326530612244,False
12,tags,disability,1,20,0.05,0.00544,9.191176470588236,9.191176470588236,False
12,tags,rags to riches,1,20,0.05,0.00576,8.680555555555555,8.680555555555555,False
12,tags,london,1,20,0.05,0.00576,8.680555555555555,8.680555555555555,False
12,tags,president,1,20,0.05,0.00576,8.680555555555555,8.680555555555555,False
12,tags,heartwarming,2,20,0.1,0.01184,8.445945945945947,8.445945945945947,False
12,tags,nostalgic,2,20,0.1,0.01216,8.223684210526315,8.223684210526315,False
12,tags,cross dressing,1,20,0.05,0.00608,8.223684210526315,8.223684210526315,False
12,tags,fighting the system,1,20,0.05,0.0064,7.8125,7.8125,False
12,tags,oscar,4,20,0.2,0.0272,7.352941176470589,7.352941176470589,False
12,tags,british,2,20,0.1,0.01408,7.1022727272727275,7.1022727272727275,False
12,tags,pg-13,1,20,0.05,0.00704,7.1022727272727275,7.1022727272727275,False
12,tags,shakespeare,1,20,0.05,0.00704,7.1022727272727275,7.1022727272727275,False
12,tags,love,5,20,0.25,0.03616,6.913716814159293,6.913716814159293,False
12,tags,good,5,20,0.25,0.0368,6.793478260869565,6.793478260869565,False
12,tags,fairy tale,2,20,0.1,0.01504,6.6489361702127665,6.6489361702127665,False
12,genres,Romance,16,20,0.8,0.13312,6.009615384615386,6.009615384615386,False
12,tags,drama,8,20,0.4,0.06656,6.009615384615386,6.009615384615386,False
12,tags,world politics,1,20,0.05,0.00832,6.009615384615386,6.009615384615386,False
12,tags,sports,2,20,0.1,0.01792,5.580357142857143,5.580357142857143,False
12,tags,ghosts,1,20,0.05,0.00896,5.580357142857143,5.580357142857143,False
12,tags,literature,1,20,0.05,0.00896,5.580357142857143,5.580357142857143,False
12,tags,oscar (best supporting actress),2,20,0.1,0.01856,5.387931034482759,5.387931034482759,False
12,tags,natural disaster,1,20,0.05,0.00928,5.387931034482759,5.387931034482759,False
12,tags,remake,1,20,0.05,0.00928,5.387931034482759,5.387931034482759,False
12,tags,touching,3,20,0.15,0.02816,5.326704545454545,5.326704545454545,False
12,tags,bittersweet,2,20,0.1,0.01888,5.296610169491525,5.296610169491525,False
12,tags,dog,1,20,0.05,0.0096,5.208333333333334,5.208333333333334,False
12,tags,courtroom,1,20,0.05,0.00992,5.040322580645162,5.040322580645162,False
12,tags,costume drama,1,20,0.05,0.01024,4.8828125,4.8828125,False
12,tags,passionate,1,20,0.05,0.01024,4.8828125,4.8828125,False
12,tags,artistic,1,20,0.05,0.01056,4.734848484848485,4.734848484848485,False
12,tags,relationships,5,20,0.25,0.05376,4.650297619047619,4.650297619047619,False
12,tags,oscar (best picture),3,20,0.15,0.03296,4.550970873786407,4.550970873786407,False
12,tags,magic,1,20,0.05,0.0112,4.464285714285714,4.464285714285714,False
12,tags,epic,1,20,0.05,0.0112,4.464285714285714,4.464285714285714,False
12,tags,witty,1,20,0.05,0.0112,4.464285714285714,4.464285714285714,False
12,tags,historical,2,20,0.1,0.02272,4.401408450704225,4.401408450704225,False
12,tags,us history,1,20,0.05,0.01152,4.340277777777778,4.340277777777778,False
12,tags,england,1,20,0.05,0.01152,4.340277777777778,4.340277777777778,False
12,tags,based on a true story,1,20,0.05,0.01184,4.222972972972974,4.222972972972974,False
12,tags,lawyers,1,20,0.05,0.01216,4.1118421052631575,4.1118421052631575,False
12,tags,death,1,20,0.05,0.01248,4.006410256410256,4.006410256410256,False
12,tags,good music,1,20,0.05,0.01248,4.006410256410256,4.006410256410256,False
12,tags,quotable,2,20,0.1,0.02688,3.7202380952380953,3.7202380952380953,False
12,tags,excellent script,3,20,0.15,0.04128,3.6337209302325584,3.6337209302325584,False
12,tags,beautiful scenery,1,20,0.05,0.01408,3.5511363636363638,3.5511363636363638,False
12,tags,musicians,1,20,0.05,0.0144,3.4722222222222223,3.4722222222222223,False
12,tags,oscar (best directing),5,20,0.25,0.07264,3.441629955947137,3.441629955947137,False
12,tags,politics,1,20,0.05,0.01472,3.3967391304347827,3.3967391304347827,False
12,tags,lawyer,1,20,0.05,0.01504,3.3244680851063833,3.3244680851063833,False
12,tags,period piece,1,20,0.05,0.01536,3.2552083333333335,3.2552083333333335,False
12,tags,gay character,1,20,0.05,0.01568,3.188775510204082,3.188775510204082,False
12,tags,political,1,20,0.05,0.01568,3.188775510204082,3.188775510204082,False
12,tags,rock and roll,1,20,0.05,0.016,3.125,3.125,False
12,tags,biographical,1,20,0.05,0.01664,3.004807692307693,3.004807692307693,False
12,tags,world war ii,1,20,0.05,0.01696,2.94811320754717,2.94811320754717,False
12,tags,supernatural,1,20,0.05,0.01728,2.8935185185185186,2.8935185185185186,False
12,tags,history,1,20,0.05,0.01728,2.8935185185185186,2.8935185185185186,False
12,tags,life & death,1,20,0.05,0.0176,2.840909090909091,2.840909090909091,False
12,tags,mentor,4,20,0.2,0.07168,2.7901785714285716,2.7901785714285716,False
12,tags,wartime,1,20,0.05,0.0192,2.604166666666667,2.604166666666667,False
12,tags,based on true story,1,20,0.05,0.01984,2.520161290322581,2.520161290322581,False
12,tags,gay,1,20,0.05,0.0208,2.403846153846154,2.403846153846154,False
12,tags,narrated,1,20,0.05,0.0208,2.403846153846154,2.403846153846154,False
12,tags,true story,1,20,0.05,0.0208,2.403846153846154,2.403846153846154,False
12,tags,based on a play,1,20,0.05,0.0208,2.403846153846154,2.403846153846154,False
12,tags,great acting,4,20,0.2,0.08448,2.3674242424242427,2.3674242424242427,False
12,genres,Comedy,15,20,0.75,0.32224,2.327457795431976,2.327457795431976,False
12,tags,fantasy,1,20,0.05,0.02176,2.297794117647059,2.297794117647059,False
12,tags,high school,1,20,0.05,0.0224,2.232142857142857,2.232142857142857,False
12,tags,oscar (best actor),1,20,0.05,0.02304,2.170138888888889,2.170138888888889,False
12,tags,small town,1,20,0.05,0.02368,2.111486486486487,2.111486486486487,False
12,tags,greed,1,20,0.05,0.02464,2.0292207792207795,2.0292207792207795,False
12,tags,family,2,20,0.1,0.05152,1.9409937888198758,1.9409937888198758,False
12,tags,big budget,1,20,0.05,0.02592,1.9290123456790125,1.9290123456790125,False
12,tags,oscar (best actress),2,20,0.1,0.05504,1.8168604651162792,1.8168604651162792,False
12,tags,music,1,20,0.05,0.02752,1.8168604651162792,1.8168604651162792,False
12,tags,oscar (best supporting actor),1,20,0.05,0.02784,1.795977011494253,1.795977011494253,False
12,tags,oscar (best cinematography),1,20,0.05,0.02816,1.7755681818181819,1.7755681818181819,False
12,tags,story,1,20,0.05,0.02848,1.75561797752809,1.75561797752809,False
12,tags,unlikely friendships,1,20,0.05,0.02976,1.6801075268817205,1.6801075268817205,False
12,tags,childhood,1,20,0.05,0.0304,1.6447368421052633,1.6447368421052633,False
12,tags,children,1,20,0.05,0.03104,1.6108247422680413,1.6108247422680413,False
12,tags,based on book,1,20,0.05,0.03872,1.2913223140495869,1.2913223140495869,False
12,genres,War,1,20,0.05,0.0432,1.1574074074074074,1.1574074074074074,False
12,tags,great movie,1,20,0.05,0.04352,1.1488970588235294,1.1488970588235294,False
12,tags,funny,1,20,0.05,0.04832,1.03476821192053,1.03476821192053,False
12,tags,chase,1,20,0.05,0.0528,0.946969696969697,0.946969696969697,False
12,tags,special effects,1,20,0.05,0.05408,0.9245562130177515,0.9245562130177515,False
12,tags,suspense,1,20,0.05,0.05568,0.8979885057471265,0.8979885057471265,False
12,tags,comedy,2,20,0.1,0.11168,0.8954154727793696,0.8954154727793696,False
12,genres,Drama,7,20,0.35,0.39584,0.8841956345998382,0.8841956345998382,False
12,tags,dramatic,1,20,0.05,0.06464,0.7735148514851485,0.7735148514851485,False
12,tags,imdb top 250,1,20,0.05,0.09824,0.508957654723127,0.508957654723127,False
12,genres,Thriller,1,20,0.05,0.14016,0.3567351598173516,0.3567351598173516,False
12,tags,original,1,20,0.05,0.25024,0.19980818414322252,0.19980818414322252,False
13,tags,shopping,3,20,0.15,0.00096,156.25,156.25,True
13,tags,good romantic comedies,9,20,0.45,0.00704,63.92045454545455,63.92045454545455,True
13,tags,sappy,1,20,0.05,0.00096,52.083333333333336,52.083333333333336,False
13,tags,wedding,2,20,0.1,0.00224,44.642857142857146,44.642857142857146,True
13,tags,spelling bee,1,20,0.05,0.00128,39.0625,39.0625,False
13,tags,girlie movie,15,20,0.75,0.02272,33.01056338028169,33.01056338028169,False
13,tags,very good,1,20,0.05,0.0016,31.25,31.25,False
13,tags,family bonds,1,20,0.05,0.0016,31.25,31.25,False
13,tags,happy ending,9,20,0.45,0.016,28.125,28.125,False
13,tags,feel good movie,8,20,0.4,0.0144,27.77777777777778,27.77777777777778,False
13,tags,chick flick,15,20,0.75,0.03136,23.915816326530614,23.915816326530614,False
13,tags,feel-good,13,20,0.65,0.02784,23.347701149425287,23.347701149425287,False
13,tags,internet,1,20,0.05,0.00224,22.321428571428573,22.321428571428573,False
13,tags,ghosts/afterlife,1,20,0.05,0.00224,22.321428571428573,22.321428571428573,False
13,tags,writer's life,1,20,0.05,0.00224,22.321428571428573,22.321428571428573,False
13,tags,sweet,8,20,0.4,0.01856,21.551724137931036,21.551724137931036,False
13,tags,romantic comedy,14,20,0.7,0.03424,20.44392523364486,20.44392523364486,False
13,tags,cute!,2,20,0.1,0.00512,19.53125,19.53125,False
13,tags,afterlife,1,20,0.05,0.00256,19.53125,19.53125,False
13,tags,catastrophe,1,20,0.05,0.00256,19.53125,19.53125,False
13,tags,romance,15,20,0.75,0.03904,19.211065573770494,19.211065573770494,False
13,tags,destiny,9,20,0.45,0.024,18.75,18.75,False
13,tags,cute,3,20,0.15,0.00864,17.36111111111111,17.36111111111111,False
13,tags,classical music,1,20,0.05,0.00288,17.36111111111111,17.36111111111111,False
13,tags,oscar winner,5,20,0.25,0.01568,15.943877551020408,15.943877551020408,False
13,tags,inspirational,2,20,0.1,0.0064,15.625,15.625,False
13,tags,sentimental,5,20,0.25,0.01664,15.024038461538463,15.024038461538463,False
13,tags,predictable,2,20,0.1,0.00672,14.880952380952381,14.880952380952381,False
13,tags,tear jerker,2,20,0.1,0.00704,14.204545454545455,14.204545454545455,False
13,tags,baseball,1,20,0.05,0.00352,14.204545454545455,14.204545454545455,False
13,tags,romantic,15,20,0.75,0.05568,13.469827586206897,13.469827586206897,False
13,tags,football,1,20,0.05,0.00384,13.020833333333334,13.020833333333334,False
13,tags,teacher,1,20,0.05,0.00384,13.020833333333334,13.020833333333334,False
13,tags,divorce,1,20,0.05,0.00416,12.019230769230772,12.019230769230772,False
13,tags,love story,15,20,0.75,0.06368,11.777638190954773,11.777638190954773,False
13,tags,prostitution,1,20,0.05,0.00448,11.160714285714286,11.160714285714286,False
13,tags,life,1,20,0.05,0.00448,11.160714285714286,11.160714285714286,False
13,tags,earnest,1,20,0.05,0.0048,10.416666666666668,10.416666666666668,False
13,tags,single father,1,20,0.05,0.0048,10.416666666666668,10.416666666666668,False
13,tags,fairy tales,1,20,0.05,0.0048,10.416666666666668,10.416666666666668,False
13,tags,inspiring,1,20,0.05,0.0048,10.416666666666668,10.416666666666668,False
13,tags,women,3,20,0.15,0.01568,9.566326530612244,9.566326530612244,False
13,tags,disability,1,20,0.05,0.00544,9.191176470588236,9.191176470588236,False
13,tags,rags to riches,1,20,0.05,0.00576,8.680555555555555,8.680555555555555,False
13,tags,london,1,20,0.05,0.00576,8.680555555555555,8.680555555555555,False
13,tags,president,1,20,0.05,0.00576,8.680555555555555,8.680555555555555,False
13,tags,heartwarming,2,20,0.1,0.01184,8.445945945945947,8.445945945945947,False
13,tags,nostalgic,2,20,0.1,0.01216,8.223684210526315,8.223684210526315,False
13,tags,cross dressing,1,20,0.05,0.00608,8.223684210526315,8.223684210526315,False
13,tags,good,6,20,0.3,0.0368,8.152173913043478,8.152173913043478,False
13,tags,fighting the system,1,20,0.05,0.0064,7.8125,7.8125,False
13,tags,oscar,4,20,0.2,0.0272,7.352941176470589,7.352941176470589,False
13,tags,pg-13,1,20,0.05,0.00704,7.1022727272727275,7.1022727272727275,False
13,tags,love,5,20,0.25,0.03616,6.913716814159293,6.913716814159293,False
13,tags,fairy tale,2,20,0.1,0.01504,6.6489361702127665,6.6489361702127665,False
13,tags,gay character,2,20,0.1,0.01568,6.377551020408164,6.377551020408164,False
13,tags,drama,8,20,0.4,0.06656,6.009615384615386,6.009615384615386,False
13,tags,world politics,1,20,0.05,0.00832,6.009615384615386,6.009615384615386,False
13,genres,Romance,15,20,0.75,0.13312,5.634014423076923,5.634014423076923,False
13,tags,sports,2,20,0.1,0.01792,5.580357142857143,5.580357142857143,False
13,tags,ghosts,1,20,0.05,0.00896,5.580357142857143,5.580357142857143,False
13,tags,relationships,6,20,0.3,0.05376,5.580357142857142,5.580357142857142,False
13,tags,oscar (best supporting actress),2,20,0.1,0.01856,5.387931034482759,5.387931034482759,False
13,tags,natural disaster,1,20,0.05,0.00928,5.387931034482759,5.387931034482759,False
13,tags,remake,1,20,0.05,0.00928,5.387931034482759,5.387931034482759,False
13,tags,touching,3,20,0.15,0.02816,5.326704545454545,5.326704545454545,False
13,tags,bittersweet,2,20,0.1,0.01888,5.296610169491525,5.296610169491525,False
13,tags,dog,1,20,0.05,0.0096,5.208333333333334,5.208333333333334,False
13,tags,courtroom,1,20,0.05,0.00992,5.040322580645162,5.040322580645162,False
13,tags,gay,2,20,0.1,0.0208,4.807692307692308,4.807692307692308,False
13,tags,artistic,1,20,0.05,0.01056,4.734848484848485,4.734848484848485,False
13,tags,oscar (best picture),3,20,0.15,0.03296,4.550970873786407,4.550970873786407,False
13,tags,magic,1,20,0.05,0.0112,4.464285714285714,4.464285714285714,False
13,tags,epic,1,20,0.05,0.0112,4.464285714285714,4.464285714285714,False
13,tags,good acting,1,20,0.05,0.0112,4.464285714285714,4.464285714285714,False
13,tags,historical,2,20,0.1,0.02272,4.401408450704225,4.401408450704225,False
13,tags,oscar (best actor),2,20,0.1,0.02304,4.340277777777778,4.340277777777778,False
13,tags,us history,1,20,0.05,0.01152,4.340277777777778,4.340277777777778,False
13,tags,based on a true story,1,20,0.05,0.01184,4.222972972972974,4.222972972972974,False
13,tags,lawyers,1,20,0.05,0.01216,4.1118421052631575,4.1118421052631575,False
13,tags,death,1,20,0.05,0.01248,4.006410256410256,4.006410256410256,False
13,tags,good music,1,20,0.05,0.01248,4.006410256410256,4.006410256410256,False
13,tags,quotable,2,20,0.1,0.02688,3.7202380952380953,3.7202380952380953,False
13,tags,excellent script,3,20,0.15,0.04128,3.6337209302325584,3.6337209302325584,False
13,tags,oscar (best supporting actor),2,20,0.1,0.02784,3.591954022988506,3.591954022988506,False
13,tags,british,1,20,0.05,0.01408,3.5511363636363638,3.5511363636363638,False
13,tags,beautiful scenery,1,20,0.05,0.01408,3.5511363636363638,3.5511363636363638,False
13,tags,mentor,5,20,0.25,0.07168,3.4877232142857144,3.4877232142857144,False
13,tags,musicians,1,20,0.05,0.0144,3.4722222222222223,3.4722222222222223,False
13,tags,oscar (best directing),5,20,0.25,0.07264,3.441629955947137,3.441629955947137,False
13,tags,politics,1,20,0.05,0.01472,3.3967391304347827,3.3967391304347827,False
13,tags,lawyer,1,20,0.05,0.01504,3.3244680851063833,3.3244680851063833,False
13,tags,political,1,20,0.05,0.01568,3.188775510204082,3.188775510204082,False
13,tags,rock and roll,1,20,0.05,0.016,3.125,3.125,False
13,tags,biographical,1,20,0.05,0.01664,3.004807692307693,3.004807692307693,False
13,tags,world war ii,1,20,0.05,0.01696,2.94811320754717,2.94811320754717,False
13,tags,supernatural,1,20,0.05,0.01728,2.8935185185185186,2.8935185185185186,False
13,tags,history,1,20,0.05,0.01728,2.8935185185185186,2.8935185185185186,False
13,tags,life & death,1,20,0.05,0.0176,2.840909090909091,2.840909090909091,False
13,tags,wartime,1,20,0.05,0.0192,2.604166666666667,2.604166666666667,False
13,tags,based on true story,1,20,0.05,0.01984,2.520161290322581,2.520161290322581,False
13,tags,narrated,1,20,0.05,0.0208,2.403846153846154,2.403846153846154,False
13,tags,true story,1,20,0.05,0.0208,2.403846153846154,2.403846153846154,False
13,tags,based on a play,1,20,0.05,0.0208,2.403846153846154,2.403846153846154,False
13,tags,great acting,4,20,0.2,0.08448,2.3674242424242427,2.3674242424242427,False
13,genres,Comedy,15,20,0.75,0.32224,2.327457795431976,2.327457795431976,False
13,tags,great movie,2,20,0.1,0.04352,2.297794117647059,2.297794117647059,False
13,tags,fantasy,1,20,0.05,0.02176,2.297794117647059,2.297794117647059,False
13,tags,high school,1,20,0.05,0.0224,2.232142857142857,2.232142857142857,False
13,tags,small town,1,20,0.05,0.02368,2.111486486486487,2.111486486486487,False
13,tags,greed,1,20,0.05,0.02464,2.0292207792207795,2.0292207792207795,False
13,tags,family,2,20,0.1,0.05152,1.9409937888198758,1.9409937888198758,False
13,tags,big budget,1,20,0.05,0.02592,1.9290123456790125,1.9290123456790125,False
13,tags,oscar (best actress),2,20,0.1,0.05504,1.8168604651162792,1.8168604651162792,False
13,tags,music,1,20,0.05,0.02752,1.8168604651162792,1.8168604651162792,False
13,tags,oscar (best cinematography),1,20,0.05,0.02816,1.7755681818181819,1.7755681818181819,False
13,tags,story,1,20,0.05,0.02848,1.75561797752809,1.75561797752809,False
13,tags,unlikely friendships,1,20,0.05,0.02976,1.6801075268817205,1.6801075268817205,False
13,tags,childhood,1,20,0.05,0.0304,1.6447368421052633,1.6447368421052633,False
13,tags,children,1,20,0.05,0.03104,1.6108247422680413,1.6108247422680413,False
13,tags,comedy,3,20,0.15,0.11168,1.3431232091690544,1.3431232091690544,False
13,tags,based on book,1,20,0.05,0.03872,1.2913223140495869,1.2913223140495869,False
13,genres,War,1,20,0.05,0.0432,1.1574074074074074,1.1574074074074074,False
13,tags,funny,1,20,0.05,0.04832,1.03476821192053,1.03476821192053,False
13,genres,Drama,8,20,0.4,0.39584,1.0105092966855296,1.0105092966855296,False
13,tags,chase,1,20,0.05,0.0528,0.946969696969697,0.946969696969697,False
13,tags,special effects,1,20,0.05,0.05408,0.9245562130177515,0.9245562130177515,False
13,tags,suspense,1,20,0.05,0.05568,0.8979885057471265,0.8979885057471265,False
13,tags,dramatic,1,20,0.05,0.06464,0.7735148514851485,0.7735148514851485,False
13,tags,imdb top 250,1,20,0.05,0.09824,0.508957654723127,0.508957654723127,False
13,genres,Thriller,1,20,0.05,0.14016,0.3567351598173516,0.3567351598173516,False
13,tags,original,1,20,0.05,0.25024,0.19980818414322252,0.19980818414322252,False
14,tags,shopping,3,20,0.15,0.00096,156.25,156.25,True
14,tags,good romantic comedies,9,20,0.45,0.00704,63.92045454545455,63.92045454545455,True
14,tags,sappy,1,20,0.05,0.00096,52.083333333333336,52.083333333333336,False
14,tags,wedding,2,20,0.1,0.00224,44.642857142857146,44.642857142857146,True
14,tags,spelling bee,1,20,0.05,0.00128,39.0625,39.0625,False
14,tags,girlie movie,16,20,0.8,0.02272,35.2112676056338,35.2112676056338,False
14,tags,happy ending,10,20,0.5,0.016,31.25,31.25,False
14,tags,very good,1,20,0.05,0.0016,31.25,31.25,False
14,tags,family bonds,1,20,0.05,0.0016,31.25,31.25,False
14,tags,chick flick,16,20,0.8,0.03136,25.510204081632654,25.510204081632654,False
14,tags,feel good movie,7,20,0.35,0.0144,24.305555555555554,24.305555555555554,False
14,tags,internet,1,20,0.05,0.00224,22.321428571428573,22.321428571428573,False
14,tags,ghosts/afterlife,1,20,0.05,0.00224,22.321428571428573,22.321428571428573,False
14,tags,sweet,8,20,0.4,0.01856,21.551724137931036,21.551724137931036,False
14,tags,feel-good,12,20,0.6,0.02784,21.551724137931032,21.551724137931032,False
14,tags,tear jerker,3,20,0.15,0.00704,21.30681818181818,21.30681818181818,False
14,tags,cute!,2,20,0.1,0.00512,19.53125,19.53125,False
14,tags,afterlife,1,20,0.05,0.00256,19.53125,19.53125,False
14,tags,catastrophe,1,20,0.05,0.00256,19.53125,19.53125,False
14,tags,romantic comedy,13,20,0.65,0.03424,18.983644859813086,18.983644859813086,False
14,tags,destiny,9,20,0.45,0.024,18.75,18.75,False
14,tags,sentimental,6,20,0.3,0.01664,18.028846153846153,18.028846153846153,False
14,tags,romance,14,20,0.7,0.03904,17.93032786885246,17.93032786885246,False
14,tags,cute,3,20,0.15,0.00864,17.36111111111111,17.36111111111111,False
14,tags,classical music,1,20,0.05,0.00288,17.36111111111111,17.36111111111111,False
14,tags,inspirational,2,20,0.1,0.0064,15.625,15.625,False
14,tags,predictable,2,20,0.1,0.00672,14.880952380952381,14.880952380952381,False
14,tags,baseball,1,20,0.05,0.00352,14.204545454545455,14.204545454545455,False
14,tags,romantic,15,20,0.75,0.05568,13.469827586206897,13.469827586206897,False
14,tags,football,1,20,0.05,0.00384,13.020833333333334,13.020833333333334,False
14,tags,teacher,1,20,0.05,0.00384,13.020833333333334,13.020833333333334,False
14,tags,oscar winner,4,20,0.2,0.01568,12.755102040816327,12.755102040816327,False
14,tags,divorce,1,20,0.05,0.00416,12.019230769230772,12.019230769230772,False
14,tags,love story,15,20,0.75,0.06368,11.777638190954773,11.777638190954773,False
14,tags,prostitution,1,20,0.05,0.00448,11.160714285714286,11.160714285714286,False
14,tags,life,1,20,0.05,0.00448,11.160714285714286,11.160714285714286,False
14,tags,single father,1,20,0.05,0.0048,10.416666666666668,10.416666666666668,False
14,tags,earnest,1,20,0.05,0.0048,10.416666666666668,10.416666666666668,False
14,tags,fairy tales,1,20,0.05,0.0048,10.416666666666668,10.416666666666668,False
14,tags,inspiring,1,20,0.05,0.0048,10.416666666666668,10.416666666666668,False
14,tags,women,3,20,0.15,0.01568,9.566326530612244,9.566326530612244,False
14,tags,disability,1,20,0.05,0.00544,9.191176470588236,9.191176470588236,False
14,tags,rags to riches,1,20,0.05,0.00576,8.680555555555555,8.680555555555555,False
14,tags,london,1,20,0.05,0.00576,8.680555555555555,8.680555555555555,False
14,tags,president,1,20,0.05,0.00576,8.680555555555555,8.680555555555555,False
14,tags,heartwarming,2,20,0.1,0.01184,8.445945945945947,8.445945945945947,False
14,tags,nostalgic,2,20,0.1,0.01216,8.223684210526315,8.223684210526315,False
14,tags,cross dressing,1,20,0.05,0.00608,8.223684210526315,8.223684210526315,False
14,tags,fighting the system,1,20,0.05,0.0064,7.8125,7.8125,False
14,tags,pg-13,1,20,0.05,0.00704,7.1022727272727275,7.1022727272727275,False
14,tags,love,5,20,0.25,0.03616,6.913716814159293,6.913716814159293,False
14,tags,good,5,20,0.25,0.0368,6.793478260869565,6.793478260869565,False
14,tags,fairy tale,2,20,0.1,0.01504,6.6489361702127665,6.6489361702127665,False
14,genres,Romance,16,20,0.8,0.13312,6.009615384615386,6.009615384615386,False
14,tags,world politics,1,20,0.05,0.00832,6.009615384615386,6.009615384615386,False
14,tags,sports,2,20,0.1,0.01792,5.580357142857143,5.580357142857143,False
14,tags,ghosts,1,20,0.05,0.00896,5.580357142857143,5.580357142857143,False
14,tags,oscar,3,20,0.15,0.0272,5.514705882352941,5.514705882352941,False
14,tags,natural disaster,1,20,0.05,0.00928,5.387931034482759,5.387931034482759,False
14,tags,remake,1,20,0.05,0.00928,5.387931034482759,5.387931034482759,False
14,tags,touching,3,20,0.15,0.02816,5.326704545454545,5.326704545454545,False
14,tags,bittersweet,2,20,0.1,0.01888,5.296610169491525,5.296610169491525,False
14,tags,drama,7,20,0.35,0.06656,5.258413461538462,5.258413461538462,False
14,tags,dog,1,20,0.05,0.0096,5.208333333333334,5.208333333333334,False
14,tags,courtroom,1,20,0.05,0.00992,5.040322580645162,5.040322580645162,False
14,tags,artistic,1,20,0.05,0.01056,4.734848484848485,4.734848484848485,False
14,tags,relationships,5,20,0.25,0.05376,4.650297619047619,4.650297619047619,False
14,tags,magic,1,20,0.05,0.0112,4.464285714285714,4.464285714285714,False
14,tags,epic,1,20,0.05,0.0112,4.464285714285714,4.464285714285714,False
14,tags,historical,2,20,0.1,0.02272,4.401408450704225,4.401408450704225,False
14,tags,us history,1,20,0.05,0.01152,4.340277777777778,4.340277777777778,False
14,tags,based on a true story,1,20,0.05,0.01184,4.222972972972974,4.222972972972974,False
14,tags,lawyers,1,20,0.05,0.01216,4.1118421052631575,4.1118421052631575,False
14,tags,death,1,20,0.05,0.01248,4.006410256410256,4.006410256410256,False
14,tags,good music,1,20,0.05,0.01248,4.006410256410256,4.006410256410256,False
14,tags,quotable,2,20,0.1,0.02688,3.7202380952380953,3.7202380952380953,False
14,tags,british,1,20,0.05,0.01408,3.5511363636363638,3.5511363636363638,False
14,tags,beautiful scenery,1,20,0.05,0.01408,3.5511363636363638,3.5511363636363638,False
14,tags,musicians,1,20,0.05,0.0144,3.4722222222222223,3.4722222222222223,False
14,tags,politics,1,20,0.05,0.01472,3.3967391304347827,3.3967391304347827,False
14,tags,lawyer,1,20,0.05,0.01504,3.3244680851063833,3.3244680851063833,False
14,tags,gay character,1,20,0.05,0.01568,3.188775510204082,3.188775510204082,False
14,tags,political,1,20,0.05,0.01568,3.188775510204082,3.188775510204082,False
14,tags,rock and roll,1,20,0.05,0.016,3.125,3.125,False
14,tags,oscar (best picture),2,20,0.1,0.03296,3.0339805825242716,3.0339805825242716,False
14,tags,biographical,1,20,0.05,0.01664,3.004807692307693,3.004807692307693,False
14,tags,world war ii,1,20,0.05,0.01696,2.94811320754717,2.94811320754717,False
14,tags,supernatural,1,20,0.05,0.01728,2.8935185185185186,2.8935185185185186,False
14,tags,history,1,20,0.05,0.01728,2.8935185185185186,2.8935185185185186,False
14,tags,life & death,1,20,0.05,0.0176,2.840909090909091,2.840909090909091,False
14,tags,mentor,4,20,0.2,0.07168,2.7901785714285716,2.7901785714285716,False
14,tags,oscar (best directing),4,20,0.2,0.07264,2.7533039647577096,2.7533039647577096,False
14,tags,oscar (best supporting actress),1,20,0.05,0.01856,2.6939655172413794,2.6939655172413794,False
14,tags,wartime,1,20,0.05,0.0192,2.604166666666667,2.604166666666667,False
14,tags,based on true story,1,20,0.05,0.01984,2.520161290322581,2.520161290322581,False
14,tags,excellent script,2,20,0.1,0.04128,2.422480620155039,2.422480620155039,False
14,tags,gay,1,20,0.05,0.0208,2.403846153846154,2.403846153846154,False
14,tags,narrated,1,20,0.05,0.0208,2.403846153846154,2.403846153846154,False
14,tags,true story,1,20,0.05,0.0208,2.403846153846154,2.403846153846154,False
14,tags,based on a play,1,20,0.05,0.0208,2.403846153846154,2.403846153846154,False
14,genres,Comedy,15,20,0.75,0.32224,2.327457795431976,2.327457795431976,False
14,tags,fantasy,1,20,0.05,0.02176,2.297794117647059,2.297794117647059,False
14,tags,high school,1,20,0.05,0.0224,2.232142857142857,2.232142857142857,False
14,tags,oscar (best actor),1,20,0.05,0.02304,2.170138888888889,2.170138888888889,False
14,tags,small town,1,20,0.05,0.02368,2.111486486486487,2.111486486486487,False
14,tags,greed,1,20,0.05,0.02464,2.0292207792207795,2.0292207792207795,False
14,tags,family,2,20,0.1,0.05152,1.9409937888198758,1.9409937888198758,False
14,tags,big budget,1,20,0.05,0.02592,1.9290123456790125,1.9290123456790125,False
14,tags,music,1,20,0.05,0.02752,1.8168604651162792,1.8168604651162792,False
14,tags,oscar (best supporting actor),1,20,0.05,0.02784,1.795977011494253,1.795977011494253,False
14,tags,oscar (best cinematography),1,20,0.05,0.02816,1.7755681818181819,1.7755681818181819,False
14,tags,great acting,3,20,0.15,0.08448,1.7755681818181817,1.7755681818181817,False
14,tags,story,1,20,0.05,0.02848,1.75561797752809,1.75561797752809,False
14,tags,unlikely friendships,1,20,0.05,0.02976,1.6801075268817205,1.6801075268817205,False
14,tags,childhood,1,20,0.05,0.0304,1.6447368421052633,1.6447368421052633,False
14,tags,children,1,20,0.05,0.03104,1.6108247422680413,1.6108247422680413,False
14,tags,based on book,1,20,0.05,0.03872,1.2913223140495869,1.2913223140495869,False
14,genres,War,1,20,0.05,0.0432,1.1574074074074074,1.1574074074074074,False
14,tags,great movie,1,20,0.05,0.04352,1.1488970588235294,1.1488970588235294,False
14,tags,funny,1,20,0.05,0.04832,1.03476821192053,1.03476821192053,False
14,genres,Drama,8,20,0.4,0.39584,1.0105092966855296,1.0105092966855296,False
14,tags,chase,1,20,0.05,0.0528,0.946969696969697,0.946969696969697,False
14,tags,special effects,1,20,0.05,0.05408,0.9245562130177515,0.9245562130177515,False
14,tags,oscar (best actress),1,20,0.05,0.05504,0.9084302325581396,0.9084302325581396,False
14,tags,suspense,1,20,0.05,0.05568,0.8979885057471265,0.8979885057471265,False
14,tags,comedy,2,20,0.1,0.11168,0.8954154727793696,0.8954154727793696,False
14,tags,dramatic,1,20,0.05,0.06464,0.7735148514851485,0.7735148514851485,False
14,tags,imdb top 250,1,20,0.05,0.09824,0.508957654723127,0.508957654723127,False
14,genres,Thriller,1,20,0.05,0.14016,0.3567351598173516,0.3567351598173516,False
14,tags,original,1,20,0.05,0.25024,0.19980818414322252,0.19980818414322252,False
15,tags,unique,1,20,0.05,0.00032,156.25,156.25,False
15,tags,visuals,2,20,0.1,0.00128,78.125,78.125,True
15,tags,special,1,20,0.05,0.00064,78.125,78.125,False
15,tags,identity,1,20,0.05,0.00064,78.125,78.125,False
15,tags,marvel,1,20,0.05,0.00064,78.125,78.125,False
15,tags,nonlinear,2,20,0.1,0.0016,62.5,62.5,True
15,tags,thought-provoking,7,20,0.35,0.0064,54.68749999999999,54.68749999999999,True
15,tags,mindfuck,5,20,0.25,0.0048,52.083333333333336,52.083333333333336,False
15,tags,honest,1,20,0.05,0.00096,52.083333333333336,52.083333333333336,False
15,tags,schizophrenia,1,20,0.05,0.00096,52.083333333333336,52.083333333333336,False
15,tags,depp & burton,1,20,0.05,0.00096,52.083333333333336,52.083333333333336,False
15,tags,cathartic,1,20,0.05,0.00096,52.083333333333336,52.083333333333336,False
15,tags,math,1,20,0.05,0.00096,52.083333333333336,52.083333333333336,False
15,tags,comic book adaption,1,20,0.05,0.00096,52.083333333333336,52.083333333333336,False
15,tags,metaphysics,2,20,0.1,0.00224,44.642857142857146,44.642857142857146,False
15,tags,gilliam,2,20,0.1,0.00224,44.642857142857146,44.642857142857146,False
15,tags,midlife crisis,2,20,0.1,0.00256,39.0625,39.0625,False
15,tags,view askew,1,20,0.05,0.00128,39.0625,39.0625,False
15,tags,jay and silent bob,1,20,0.05,0.00128,39.0625,39.0625,False
15,tags,love triangles,1,20,0.05,0.00128,39.0625,39.0625,False
15,tags,maze,1,20,0.05,0.00128,39.0625,39.0625,False
15,tags,mathematics,1,20,0.05,0.00128,39.0625,39.0625,False
15,tags,alternate reality,4,20,0.2,0.00544,36.76470588235294,36.76470588235294,False
15,tags,strange,3,20,0.15,0.00448,33.48214285714286,33.48214285714286,False
15,tags,philosophical,4,20,0.2,0.0064,31.25,31.25,False
15,tags,philosophy,2,20,0.1,0.0032,31.25,31.25,False
15,tags,memory,1,20,0.05,0.0016,31.25,31.25,False
15,tags,alternate endings,1,20,0.05,0.0016,31.25,31.25,False
15,tags,aardman,1,20,0.05,0.0016,31.25,31.25,False
15,tags,short,1,20,0.05,0.0016,31.25,31.25,False
15,tags,scifi cult,1,20,0.05,0.0016,31.25,31.25,False
15,tags,bizarre,1,20,0.05,0.0016,31.25,31.25,False
15,tags,confusing,1,20,0.05,0.0016,31.25,31.25,False
15,tags,genius,1,20,0.05,0.0016,31.25,31.25,False
15,tags,time loop,2,20,0.1,0.00352,28.40909090909091,28.40909090909091,False
15,tags,dark fantasy,6,20,0.3,0.01056,28.409090909090907,28.409090909090907,False
15,tags,complicated plot,3,20,0.15,0.00544,27.573529411764703,27.573529411764703,False
15,tags,paranoid,2,20,0.1,0.00384,26.041666666666668,26.041666666666668,False
15,tags,beautiful,1,20,0.05,0.00192,26.041666666666668,26.041666666666668,False
15,tags,good dialogue,1,20,0.05,0.00192,26.041666666666668,26.041666666666668,False
15,tags,slackers,1,20,0.05,0.00192,26.041666666666668,26.041666666666668,False
15,tags,aardman studios,1,20,0.05,0.00192,26.041666666666668,26.041666666666668,False
15,tags,claymation,1,20,0.05,0.00192,26.041666666666668,26.041666666666668,False
15,tags,complicated,6,20,0.3,0.01152,26.041666666666664,26.041666666666664,False
15,tags,imagination,7,20,0.35,0.01408,24.857954545454543,24.857954545454543,False
15,tags,hallucinatory,2,20,0.1,0.00416,24.038461538461544,24.038461538461544,False
15,tags,dreamlike,3,20,0.15,0.0064,23.437499999999996,23.437499999999996,False
15,tags,clever,6,20,0.3,0.01312,22.865853658536587,22.865853658536587,False
15,tags,plot holes,1,20,0.05,0.00224,22.321428571428573,22.321428571428573,False
15,tags,time,1,20,0.05,0.00224,22.321428571428573,22.321428571428573,False
15,tags,distopia,1,20,0.05,0.00224,22.321428571428573,22.321428571428573,False
15,tags,complex,10,20,0.5,0.02304,21.70138888888889,21.70138888888889,False
15,tags,sarcasm,3,20,0.15,0.00704,21.30681818181818,21.30681818181818,False
15,tags,workplace,2,20,0.1,0.0048,20.833333333333336,20.833333333333336,False
15,tags,stop-motion,2,20,0.1,0.0048,20.833333333333336,20.833333333333336,False
15,tags,surrealism,3,20,0.15,0.00736,20.380434782608695,20.380434782608695,False
15,tags,atmospheric,5,20,0.25,0.01248,20.03205128205128,20.03205128205128,False
15,tags,existentialism,6,20,0.3,0.01504,19.9468085106383,19.9468085106383,False
15,tags,visually stunning,10,20,0.5,0.02528,19.778481012658226,19.778481012658226,False
15,tags,crude humor,1,20,0.05,0.00256,19.53125,19.53125,False
15,tags,stylized,7,20,0.35,0.01856,18.857758620689655,18.857758620689655,False
15,tags,dark,8,20,0.4,0.02144,18.65671641791045,18.65671641791045,False
15,tags,foul language,2,20,0.1,0.00544,18.38235294117647,18.38235294117647,False
15,tags,surreal,9,20,0.45,0.02528,17.800632911392405,17.800632911392405,False
15,tags,low budget,2,20,0.1,0.00576,17.36111111111111,17.36111111111111,False
15,tags,puppets,1,20,0.05,0.00288,17.36111111111111,17.36111111111111,False
15,tags,irreverent,1,20,0.05,0.00288,17.36111111111111,17.36111111111111,False
15,tags,blood,1,20,0.05,0.00288,17.36111111111111,17.36111111111111,False
15,tags,intellectual,2,20,0.1,0.00608,16.44736842105263,16.44736842105263,False
15,tags,coen bros,2,20,0.1,0.00608,16.44736842105263,16.44736842105263,False
15,tags,cerebral,9,20,0.45,0.02752,16.351744186046513,16.351744186046513,False
15,tags,fighting the system,2,20,0.1,0.0064,15.625,15.625,False
15,tags,nocturnal,2,20,0.1,0.0064,15.625,15.625,False
15,tags,multiple storylines,1,20,0.05,0.0032,15.625,15.625,False
15,tags,clones,1,20,0.05,0.0032,15.625,15.625,False
15,tags,non-linear,1,20,0.05,0.0032,15.625,15.625,False
15,tags,dynamic cgi action,1,20,0.05,0.0032,15.625,15.625,False
15,tags,mutants,1,20,0.05,0.0032,15.625,15.625,False
15,tags,affectionate,3,20,0.15,0.00992,15.120967741935484,15.120967741935484,False
15,tags,dystopia,3,20,0.15,0.00992,15.120967741935484,15.120967741935484,False
15,tags,goth,2,20,0.1,0.00672,14.880952380952381,14.880952380952381,False
15,tags,insanity,5,20,0.25,0.01696,14.74056603773585,14.74056603773585,False
15,tags,absurd,2,20,0.1,0.00704,14.204545454545455,14.204545454545455,False
15,tags,dystopic future,2,20,0.1,0.00704,14.204545454545455,14.204545454545455,False
15,tags,modern fantasy,1,20,0.05,0.00352,14.204545454545455,14.204545454545455,False
15,tags,suburbia,1,20,0.05,0.00352,14.204545454545455,14.204545454545455,False
15,tags,intelligent sci-fi,1,20,0.05,0.00352,14.204545454545455,14.204545454545455,False
15,tags,interesting,6,20,0.3,0.02208,13.58695652173913,13.58695652173913,False
15,tags,depression,2,20,0.1,0.00736,13.58695652173913,13.58695652173913,False
15,tags,twist,2,20,0.1,0.00736,13.58695652173913,13.58695652173913,False
15,tags,eerie,2,20,0.1,0.00736,13.58695652173913,13.58695652173913,False
15,tags,witty,3,20,0.15,0.0112,13.392857142857142,13.392857142857142,False
15,tags,stunning,2,20,0.1,0.00768,13.020833333333334,13.020833333333334,False
15,tags,teacher,1,20,0.05,0.00384,13.020833333333334,13.020833333333334,False
15,tags,zombie,1,20,0.05,0.00384,13.020833333333334,13.020833333333334,False
15,tags,alter ego,1,20,0.05,0.00384,13.020833333333334,13.020833333333334,False
15,tags,fantasy world,3,20,0.15,0.01152,13.020833333333332,13.020833333333332,False
15,tags,dark humor,6,20,0.3,0.024,12.5,12.5,False
15,tags,stop motion,2,20,0.1,0.008,12.5,12.5,False
15,tags,visually appealing,11,20,0.55,0.04416,12.454710144927537,12.454710144927537,False
15,tags,weird,11,20,0.55,0.0448,12.276785714285715,12.276785714285715,False
15,tags,deadpan,1,20,0.05,0.00416,12.019230769230772,12.019230769230772,False
15,tags,based on comic,1,20,0.05,0.00416,12.019230769230772,12.019230769230772,False
15,tags,storytelling,13,20,0.65,0.05536,11.741329479768787,11.741329479768787,False
15,tags,visual,8,20,0.4,0.03456,11.574074074074074,11.574074074074074,False
15,tags,off-beat comedy,2,20,0.1,0.00896,11.160714285714286,11.160714285714286,False
15,tags,cynical,2,20,0.1,0.00896,11.160714285714286,11.160714285714286,False
15,tags,dreams,2,20,0.1,0.00896,11.160714285714286,11.160714285714286,False
15,tags,life,1,20,0.05,0.00448,11.160714285714286,11.160714285714286,False
15,tags,halloween,1,20,0.05,0.00448,11.160714285714286,11.160714285714286,False
15,tags,post apocalyptic,1,20,0.05,0.00448,11.160714285714286,11.160714285714286,False
15,tags,cult film,6,20,0.3,0.02688,11.160714285714285,11.160714285714285,False
15,tags,fairy tales,1,20,0.05,0.0048,10.416666666666668,10.416666666666668,False
15,tags,comics,1,20,0.05,0.0048,10.416666666666668,10.416666666666668,False
15,tags,based on a tv show,2,20,0.1,0.00992,10.080645161290324,10.080645161290324,False
15,tags,parenthood,1,20,0.05,0.00512,9.765625,9.765625,False
15,tags,time travel,1,20,0.05,0.00512,9.765625,9.765625,False
15,tags,artistic,2,20,0.1,0.01056,9.46969696969697,9.46969696969697,False
15,tags,psychology,3,20,0.15,0.016,9.375,9.375,False
15,tags,medieval,1,20,0.05,0.00544,9.191176470588236,9.191176470588236,False
15,tags,post-apocalyptic,1,20,0.05,0.00544,9.191176470588236,9.191176470588236,False
15,tags,apocalypse,1,20,0.05,0.00544,9.191176470588236,9.191176470588236,False
15,tags,satirical,3,20,0.15,0.01632,9.191176470588234,9.191176470588234,False
15,tags,good acting,2,20,0.1,0.0112,8.928571428571429,8.928571428571429,False
15,tags,social commentary,3,20,0.15,0.01696,8.84433962264151,8.84433962264151,False
15,tags,quirky,2,20,0.1,0.01152,8.680555555555555,8.680555555555555,False
15,tags,censorship,1,20,0.05,0.00576,8.680555555555555,8.680555555555555,False
15,tags,new jersey,1,20,0.05,0.00576,8.680555555555555,8.680555555555555,False
15,tags,god,1,20,0.05,0.00576,8.680555555555555,8.680555555555555,False
15,tags,stupidity,1,20,0.05,0.00608,8.223684210526315,8.223684210526315,False
15,tags,gratuitous violence,1,20,0.05,0.00608,8.223684210526315,8.223684210526315,False
15,tags,drug addiction,1,20,0.05,0.00608,8.223684210526315,8.223684210526315,False
15,tags,satire,3,20,0.15,0.01856,8.081896551724137,8.081896551724137,False
15,tags,good music,2,20,0.1,0.01248,8.012820512820513,8.012820512820513,False
15,tags,great ending,6,20,0.3,0.03776,7.944915254237287,7.944915254237287,False
15,tags,powerful ending,3,20,0.15,0.01888,7.944915254237287,7.944915254237287,False
15,tags,plot twist,2,20,0.1,0.0128,7.8125,7.8125,False
15,tags,grim,1,20,0.05,0.0064,7.8125,7.8125,False
15,tags,brutal,1,20,0.05,0.0064,7.8125,7.8125,False
15,tags,very interesting,2,20,0.1,0.01344,7.440476190476191,7.440476190476191,False
15,tags,great dialogue,1,20,0.05,0.00672,7.440476190476191,7.440476190476191,False
15,tags,psychiatry,1,20,0.05,0.00672,7.440476190476191,7.440476190476191,False
15,tags,super-hero,1,20,0.05,0.00672,7.440476190476191,7.440476190476191,False
15,tags,futuristic,4,20,0.2,0.0272,7.352941176470589,7.352941176470589,False
15,tags,future,3,20,0.15,0.02048,7.324218749999999,7.324218749999999,False
15,tags,dark comedy,1,20,0.05,0.00704,7.1022727272727275,7.1022727272727275,False
15,tags,gothic,1,20,0.05,0.00704,7.1022727272727275,7.1022727272727275,False
15,tags,british comedy,1,20,0.05,0.00704,7.1022727272727275,7.1022727272727275,False
15,tags,pg-13,1,20,0.05,0.00704,7.1022727272727275,7.1022727272727275,False
15,tags,comic book,1,20,0.05,0.00704,7.1022727272727275,7.1022727272727275,False
15,tags,fantasy,3,20,0.15,0.02176,6.893382352941176,6.893382352941176,False
15,tags,rebellion,1,20,0.05,0.00736,6.793478260869565,6.793478260869565,False
15,tags,amazing photography,1,20,0.05,0.00736,6.793478260869565,6.793478260869565,False
15,tags,surveillance,1,20,0.05,0.00736,6.793478260869565,6.793478260869565,False
15,tags,fairy tale,2,20,0.1,0.01504,6.6489361702127665,6.6489361702127665,False
15,tags,gory,2,20,0.1,0.01504,6.6489361702127665,6.6489361702127665,False
15,tags,adapted from:comic,1,20,0.05,0.00768,6.510416666666667,6.510416666666667,False
15,tags,superheroes,1,20,0.05,0.00768,6.510416666666667,6.510416666666667,False
15,tags,cult classic,6,20,0.3,0.04608,6.510416666666666,6.510416666666666,False
15,tags,obsession,4,20,0.2,0.03104,6.443298969072165,6.443298969072165,False
15,tags,stylish,3,20,0.15,0.02368,6.33445945945946,6.33445945945946,False
15,tags,parody,2,20,0.1,0.016,6.25,6.25,False
15,tags,humorous,2,20,0.1,0.016,6.25,6.25,False
15,tags,black comedy,1,20,0.05,0.008,6.25,6.25,False
15,tags,christmas,1,20,0.05,0.008,6.25,6.25,False
15,tags,surprise ending,1,20,0.05,0.008,6.25,6.25,False
15,tags,demons,1,20,0.05,0.008,6.25,6.25,False
15,tags,end of the world,1,20,0.05,0.008,6.25,6.25,False
15,tags,super hero,1,20,0.05,0.008,6.25,6.25,False
15,tags,enigmatic,5,20,0.25,0.04064,6.151574803149606,6.151574803149606,False
15,tags,psychological,3,20,0.15,0.02464,6.087662337662338,6.087662337662338,False
15,tags,excellent script,5,20,0.25,0.04128,6.056201550387597,6.056201550387597,False
15,tags,german,1,20,0.05,0.00832,6.009615384615386,6.009615384615386,False
15,tags,superhero,1,20,0.05,0.00832,6.009615384615386,6.009615384615386,False
15,tags,great,3,20,0.15,0.02496,6.009615384615384,6.009615384615384,False
15,tags,good soundtrack,6,20,0.3,0.05056,5.9335443037974684,5.9335443037974684,False
15,tags,allegory,2,20,0.1,0.01696,5.89622641509434,5.89622641509434,False
15,tags,mystery,2,20,0.1,0.01728,5.787037037037037,5.787037037037037,False
15,tags,holiday,1,20,0.05,0.00864,5.787037037037037,5.787037037037037,False
15,tags,cute,1,20,0.05,0.00864,5.787037037037037,5.787037037037037,False
15,tags,great movie,5,20,0.25,0.04352,5.744485294117647,5.744485294117647,False
15,tags,cinematography,5,20,0.25,0.04448,5.620503597122302,5.620503597122302,False
15,tags,imdb top 250,11,20,0.55,0.09824,5.598534201954398,5.598534201954398,False
15,tags,eccentricity,1,20,0.05,0.00896,5.580357142857143,5.580357142857143,False
15,tags,ghosts,1,20,0.05,0.00896,5.580357142857143,5.580357142857143,False
15,tags,quotable,3,20,0.15,0.02688,5.580357142857142,5.580357142857142,False
15,tags,twists & turns,4,20,0.2,0.03648,5.482456140350878,5.482456140350878,False
15,tags,dialogue driven,1,20,0.05,0.00928,5.387931034482759,5.387931034482759,False
15,tags,twist ending,1,20,0.05,0.00928,5.387931034482759,5.387931034482759,False
15,tags,long,1,20,0.05,0.00928,5.387931034482759,5.387931034482759,False
15,tags,art house,1,20,0.05,0.00928,5.387931034482759,5.387931034482759,False
15,tags,based on a comic,1,20,0.05,0.00928,5.387931034482759,5.387931034482759,False
15,tags,bittersweet,2,20,0.1,0.01888,5.296610169491525,5.296610169491525,False
15,tags,independent film,2,20,0.1,0.0192,5.208333333333334,5.208333333333334,False
15,tags,sexuality,1,20,0.05,0.0096,5.208333333333334,5.208333333333334,False
15,tags,masterpiece,7,20,0.35,0.0672,5.208333333333333,5.208333333333333,False
15,tags,technology,2,20,0.1,0.01984,5.040322580645162,5.040322580645162,False
15,tags,fun,1,20,0.05,0.00992,5.040322580645162,5.040322580645162,False
15,tags,emotional,1,20,0.05,0.00992,5.040322580645162,5.040322580645162,False
15,tags,paranoia,1,20,0.05,0.00992,5.040322580645162,5.040322580645162,False
15,genres,Sci-Fi,8,20,0.4,0.08032,4.9800796812749,4.9800796812749,False
15,tags,bloody,1,20,0.05,0.01024,4.8828125,4.8828125,False
15,tags,narrated,2,20,0.1,0.0208,4.807692307692308,4.807692307692308,False
15,tags,fighting,1,20,0.05,0.01056,4.734848484848485,4.734848484848485,False
15,tags,loneliness,4,20,0.2,0.04288,4.664179104477612,4.664179104477612,False
15,tags,scifi,4,20,0.2,0.04288,4.664179104477612,4.664179104477612,False
15,tags,melancholy,1,20,0.05,0.01088,4.595588235294118,4.595588235294118,False
15,tags,manipulation,1,20,0.05,0.0112,4.464285714285714,4.464285714285714,False
15,tags,macabre,1,20,0.05,0.0112,4.464285714285714,4.464285714285714,False
15,tags,space opera,1,20,0.05,0.0112,4.464285714285714,4.464285714285714,False
15,tags,sci-fi,4,20,0.2,0.04512,4.432624113475177,4.432624113475177,False
15,tags,film noir,1,20,0.05,0.01152,4.340277777777778,4.340277777777778,False
15,tags,hilarious,3,20,0.15,0.03584,4.185267857142858,4.185267857142858,False
15,tags,animated,2,20,0.1,0.024,4.166666666666667,4.166666666666667,False
15,tags,science fiction,4,20,0.2,0.04832,4.13907284768212,4.13907284768212,False
15,tags,ominous,1,20,0.05,0.01216,4.1118421052631575,4.1118421052631575,False
15,tags,melancholic,3,20,0.15,0.0368,4.076086956521739,4.076086956521739,False
15,genres,Film-Noir,1,20,0.05,0.01248,4.006410256410256,4.006410256410256,False
15,tags,reflective,2,20,0.1,0.02592,3.858024691358025,3.858024691358025,False
15,tags,bleak,2,20,0.1,0.02624,3.810975609756098,3.810975609756098,False
15,tags,redemption,1,20,0.05,0.01312,3.810975609756098,3.810975609756098,False
15,tags,ensemble cast,1,20,0.05,0.01312,3.810975609756098,3.810975609756098,False
15,tags,original,19,20,0.95,0.25024,3.796355498721227,3.796355498721227,False
15,tags,dialogue,2,20,0.1,0.02752,3.6337209302325584,3.6337209302325584,False
15,tags,oscar (best supporting actor),2,20,0.1,0.02784,3.591954022988506,3.591954022988506,False
15,tags,intense,2,20,0.1,0.02784,3.591954022988506,3.591954022988506,False
15,tags,funny as hell,1,20,0.05,0.01408,3.5511363636363638,3.5511363636363638,False
15,tags,british,1,20,0.05,0.01408,3.5511363636363638,3.5511363636363638,False
15,tags,spoof,1,20,0.05,0.01408,3.5511363636363638,3.5511363636363638,False
15,tags,cool,1,20,0.05,0.01408,3.5511363636363638,3.5511363636363638,False
15,tags,story,2,20,0.1,0.02848,3.51123595505618,3.51123595505618,False
15,tags,sci fi,3,20,0.15,0.04288,3.498134328358209,3.498134328358209,False
15,tags,goofy,2,20,0.1,0.02912,3.4340659340659343,3.4340659340659343,False
15,tags,animation,2,20,0.1,0.03136,3.188775510204082,3.188775510204082,False
15,tags,beautifully filmed,2,20,0.1,0.032,3.125,3.125,False
15,genres,Animation,2,20,0.1,0.03264,3.063725490196078,3.063725490196078,False
15,tags,foreign,1,20,0.05,0.01664,3.004807692307693,3.004807692307693,False
15,tags,great acting,5,20,0.25,0.08448,2.959280303030303,2.959280303030303,False
15,tags,supernatural,1,20,0.05,0.01728,2.8935185185185186,2.8935185185185186,False
15,tags,creepy,2,20,0.1,0.03488,2.86697247706422,2.86697247706422,False
15,tags,musical,1,20,0.05,0.0176,2.840909090909091,2.840909090909091,False
15,tags,life & death,1,20,0.05,0.0176,2.840909090909091,2.840909090909091,False
15,tags,talky,3,20,0.15,0.05312,2.8237951807228914,2.8237951807228914,False
15,tags,special effects,3,20,0.15,0.05408,2.773668639053254,2.773668639053254,False
15,tags,fun movie,2,20,0.1,0.03872,2.5826446280991737,2.5826446280991737,False
15,tags,alien,1,20,0.05,0.01952,2.5614754098360657,2.5614754098360657,False
15,tags,fight scenes,1,20,0.05,0.01952,2.5614754098360657,2.5614754098360657,False
15,tags,visceral,1,20,0.05,0.01984,2.520161290322581,2.520161290322581,False
15,tags,scary,1,20,0.05,0.02048,2.44140625,2.44140625,False
15,tags,funniest movies,1,20,0.05,0.0208,2.403846153846154,2.403846153846154,False
15,tags,aliens,1,20,0.05,0.0208,2.403846153846154,2.403846153846154,False
15,tags,space,1,20,0.05,0.02176,2.297794117647059,2.297794117647059,False
15,tags,comedy,5,20,0.25,0.11168,2.238538681948424,2.238538681948424,False
15,tags,high school,1,20,0.05,0.0224,2.232142857142857,2.232142857142857,False
15,tags,coming of age,1,20,0.05,0.0224,2.232142857142857,2.232142857142857,False
15,tags,oscar (best actor),1,20,0.05,0.02304,2.170138888888889,2.170138888888889,False
15,tags,small town,1,20,0.05,0.02368,2.111486486486487,2.111486486486487,False
15,tags,fast paced,1,20,0.05,0.02368,2.111486486486487,2.111486486486487,False
15,tags,mentor,3,20,0.15,0.07168,2.092633928571429,2.092633928571429,False
15,tags,destiny,1,20,0.05,0.024,2.0833333333333335,2.0833333333333335,False
15,tags,funny,2,20,0.1,0.04832,2.06953642384106,2.06953642384106,False
15,tags,violence,2,20,0.1,0.04832,2.06953642384106,2.06953642384106,False
15,tags,silly fun,1,20,0.05,0.02528,1.9778481012658229,1.9778481012658229,False
15,tags,big budget,1,20,0.05,0.02592,1.9290123456790125,1.9290123456790125,False
15,tags,intimate,1,20,0.05,0.02624,1.905487804878049,1.905487804878049,False
15,tags,cartoon,1,20,0.05,0.02656,1.8825301204819278,1.8825301204819278,False
15,tags,black and white,1,20,0.05,0.02656,1.8825301204819278,1.8825301204819278,False
15,tags,oscar,1,20,0.05,0.0272,1.8382352941176472,1.8382352941176472,False
15,genres,Adventure,3,20,0.15,0.08256,1.8168604651162792,1.8168604651162792,False
15,tags,music,1,20,0.05,0.02752,1.8168604651162792,1.8168604651162792,False
15,tags,brutality,1,20,0.05,0.02784,1.795977011494253,1.795977011494253,False
15,tags,sequels,1,20,0.05,0.0288,1.7361111111111112,1.7361111111111112,False
15,tags,teen,1,20,0.05,0.02944,1.6983695652173914,1.6983695652173914,False
15,tags,unlikely friendships,1,20,0.05,0.02976,1.6801075268817205,1.6801075268817205,False
15,tags,splatter,1,20,0.05,0.02976,1.6801075268817205,1.6801075268817205,False
15,tags,teen movie,1,20,0.05,0.03072,1.6276041666666667,1.6276041666666667,False
15,tags,children,1,20,0.05,0.03104,1.6108247422680413,1.6108247422680413,False
15,tags,horror,2,20,0.1,0.064,1.5625,1.5625,False
15,genres,Comedy,10,20,0.5,0.32224,1.551638530287984,1.551638530287984,False
15,tags,oscar (best picture),1,20,0.05,0.03296,1.5169902912621358,1.5169902912621358,False
15,genres,Musical,1,20,0.05,0.03392,1.474056603773585,1.474056603773585,False
15,tags,love,1,20,0.05,0.03616,1.3827433628318586,1.3827433628318586,False
15,tags,good,1,20,0.05,0.0368,1.358695652173913,1.358695652173913,False
15,tags,criterion,2,20,0.1,0.07456,1.3412017167381975,1.3412017167381975,False
15,tags,violent,1,20,0.05,0.03744,1.3354700854700856,1.3354700854700856,False
15,tags,based on book,1,20,0.05,0.03872,1.2913223140495869,1.2913223140495869,False
15,tags,adventure,1,20,0.05,0.04,1.25,1.25,False
15,genres,Horror,2,20,0.1,0.08512,1.174812030075188,1.174812030075188,False
15,genres,Action,3,20,0.15,0.14528,1.032488986784141,1.032488986784141,False
15,tags,franchise,1,20,0.05,0.04928,1.0146103896103897,1.0146103896103897,False
15,tags,good action,1,20,0.05,0.05056,0.9889240506329114,0.9889240506329114,False
15,tags,chase,1,20,0.05,0.0528,0.946969696969697,0.946969696969697,False
15,tags,relationships,1,20,0.05,0.05376,0.9300595238095238,0.9300595238095238,False
15,tags,oscar (best actress),1,20,0.05,0.05504,0.9084302325581396,0.9084302325581396,False
15,tags,suspense,1,20,0.05,0.05568,0.8979885057471265,0.8979885057471265,False
15,genres,Crime,1,20,0.05,0.05696,0.877808988764045,0.877808988764045,False
15,tags,adapted from:book,1,20,0.05,0.06336,0.7891414141414141,0.7891414141414141,False
15,genres,Romance,2,20,0.1,0.13312,0.7512019230769232,0.7512019230769232,False
15,tags,drama,1,20,0.05,0.06656,0.7512019230769232,0.7512019230769232,False
15,genres,Thriller,2,20,0.1,0.14016,0.7134703196347032,0.7134703196347032,False
15,tags,oscar (best directing),1,20,0.05,0.07264,0.6883259911894274,0.6883259911894274,False
15,genres,Children's,1,20,0.05,0.07488,0.6677350427350428,0.6677350427350428,False
15,tags,action,1,20,0.05,0.07968,0.6275100401606426,0.6275100401606426,False
15,genres,Drama,4,20,0.2,0.39584,0.5052546483427648,0.5052546483427648,False
16,tags,perfect,1,20,0.05,0.00032,156.25,156.25,False
16,tags,boat,1,20,0.05,0.00096,52.083333333333336,52.083333333333336,False
16,tags,hollywood,1,20,0.05,0.00096,52.083333333333336,52.083333333333336,False
16,tags,private detective,3,20,0.15,0.0032,46.87499999999999,46.87499999999999,True
16,tags,love triangles,1,20,0.05,0.00128,39.0625,39.0625,False
16,tags,afi 100 (movie quotes),5,20,0.25,0.00672,37.20238095238095,37.20238095238095,True
16,tags,screwball,4,20,0.2,0.00544,36.76470588235294,36.76470588235294,True
16,tags,screwball comedy,4,20,0.2,0.00576,34.72222222222222,34.72222222222222,False
16,tags,afi 100,7,20,0.35,0.01024,34.17968749999999,34.17968749999999,False
16,genres,Film-Noir,8,20,0.4,0.01248,32.05128205128205,32.05128205128205,False
16,tags,entirely dialogue,1,20,0.05,0.0016,31.25,31.25,False
16,tags,cynical,5,20,0.25,0.00896,27.901785714285715,27.901785714285715,False
16,tags,witty,6,20,0.3,0.0112,26.785714285714285,26.785714285714285,False
16,tags,film noir,6,20,0.3,0.01152,26.041666666666664,26.041666666666664,False
16,tags,noir,6,20,0.3,0.01216,24.671052631578945,24.671052631578945,False
16,tags,farce,2,20,0.1,0.00448,22.321428571428573,22.321428571428573,False
16,tags,oscar (best writing - screenplay written directly for the screen),1,20,0.05,0.00224,22.321428571428573,22.321428571428573,False
16,tags,train,1,20,0.05,0.00224,22.321428571428573,22.321428571428573,False
16,tags,complicated,5,20,0.25,0.01152,21.70138888888889,21.70138888888889,False
16,tags,noir thriller,6,20,0.3,0.01408,21.30681818181818,21.30681818181818,False
16,tags,black and white,9,20,0.45,0.02656,16.94277108433735,16.94277108433735,False
16,tags,political corruption,2,20,0.1,0.00608,16.44736842105263,16.44736842105263,False
16,tags,neo-noir,4,20,0.2,0.01248,16.025641025641026,16.025641025641026,False
16,tags,quotable,8,20,0.4,0.02688,14.880952380952381,14.880952380952381,False
16,tags,great dialogue,2,20,0.1,0.00672,14.880952380952381,14.880952380952381,False
16,tags,mystery,5,20,0.25,0.01728,14.467592592592592,14.467592592592592,False
16,tags,crime gone awry,2,20,0.1,0.00704,14.204545454545455,14.204545454545455,False
16,tags,silent,2,20,0.1,0.00704,14.204545454545455,14.204545454545455,False
16,tags,hotel,1,20,0.05,0.00352,14.204545454545455,14.204545454545455,False
16,tags,talky,15,20,0.75,0.05312,14.118975903614457,14.118975903614457,False
16,tags,paranoid,1,20,0.05,0.00384,13.020833333333334,13.020833333333334,False
16,tags,voyeurism,1,20,0.05,0.00384,13.020833333333334,13.020833333333334,False
16,tags,classic,19,20,0.95,0.0752,12.632978723404253,12.632978723404253,False
16,tags,hitchcock,4,20,0.2,0.01664,12.019230769230772,12.019230769230772,False
16,tags,nazi,2,20,0.1,0.00832,12.019230769230772,12.019230769230772,False
16,tags,mistaken identity,1,20,0.05,0.00416,12.019230769230772,12.019230769230772,False
16,tags,atmospheric,3,20,0.15,0.01248,12.019230769230768,12.019230769230768,False
16,tags,interesting,5,20,0.25,0.02208,11.322463768115943,11.322463768115943,False
16,tags,broadway,1,20,0.05,0.00448,11.160714285714286,11.160714285714286,False
16,tags,adultery,2,20,0.1,0.00928,10.775862068965518,10.775862068965518,False
16,tags,detective,3,20,0.15,0.01408,10.65340909090909,10.65340909090909,False
16,tags,oscar (best directing),15,20,0.75,0.07264,10.32488986784141,10.32488986784141,False
16,tags,nazis,3,20,0.15,0.01472,10.190217391304348,10.190217391304348,False
16,tags,greed,5,20,0.25,0.02464,10.146103896103897,10.146103896103897,False
16,tags,claustrophobic,2,20,0.1,0.00992,10.080645161290324,10.080645161290324,False
16,tags,africa,1,20,0.05,0.00512,9.765625,9.765625,False
16,tags,imdb top 250,19,20,0.95,0.09824,9.670195439739414,9.670195439739414,False
16,tags,oscar winner,3,20,0.15,0.01568,9.566326530612244,9.566326530612244,False
16,tags,investigation,3,20,0.15,0.016,9.375,9.375,False
16,tags,complicated plot,1,20,0.05,0.00544,9.191176470588236,9.191176470588236,False
16,tags,oscar (best actress),10,20,0.5,0.05504,9.084302325581396,9.084302325581396,False
16,tags,dialogue,5,20,0.25,0.02752,9.084302325581396,9.084302325581396,False
16,tags,manipulation,2,20,0.1,0.0112,8.928571428571429,8.928571428571429,False
16,tags,complex,4,20,0.2,0.02304,8.680555555555555,8.680555555555555,False
16,tags,murder mystery,4,20,0.2,0.02368,8.445945945945947,8.445945945945947,False
16,tags,highly quotable,2,20,0.1,0.01184,8.445945945945947,8.445945945945947,False
16,tags,gangster,2,20,0.1,0.01216,8.223684210526315,8.223684210526315,False
16,tags,cross dressing,1,20,0.05,0.00608,8.223684210526315,8.223684210526315,False
16,tags,intellectual,1,20,0.05,0.00608,8.223684210526315,8.223684210526315,False
16,tags,oscar (best supporting actress),3,20,0.15,0.01856,8.081896551724137,8.081896551724137,False
16,tags,obsession,5,20,0.25,0.03104,8.054123711340205,8.054123711340205,False
16,tags,murder,8,20,0.4,0.05024,7.961783439490446,7.961783439490446,False
16,tags,great ending,6,20,0.3,0.03776,7.944915254237287,7.944915254237287,False
16,tags,spying,3,20,0.15,0.01888,7.944915254237287,7.944915254237287,False
16,tags,sacrifice,1,20,0.05,0.0064,7.8125,7.8125,False
16,tags,los angeles,1,20,0.05,0.0064,7.8125,7.8125,False
16,tags,oscar (best picture),5,20,0.25,0.03296,7.584951456310679,7.584951456310679,False
16,tags,masterpiece,10,20,0.5,0.0672,7.440476190476191,7.440476190476191,False
16,tags,new york,1,20,0.05,0.00672,7.440476190476191,7.440476190476191,False
16,tags,oscar (best cinematography),4,20,0.2,0.02816,7.1022727272727275,7.1022727272727275,False
16,tags,runaway,2,20,0.1,0.01408,7.1022727272727275,7.1022727272727275,False
16,tags,sarcasm,1,20,0.05,0.00704,7.1022727272727275,7.1022727272727275,False
16,tags,dark,3,20,0.15,0.02144,6.996268656716418,6.996268656716418,False
16,tags,spy,2,20,0.1,0.0144,6.944444444444445,6.944444444444445,False
16,tags,twists & turns,5,20,0.25,0.03648,6.853070175438597,6.853070175438597,False
16,tags,eerie,1,20,0.05,0.00736,6.793478260869565,6.793478260869565,False
16,tags,police investigation,4,20,0.2,0.03008,6.6489361702127665,6.6489361702127665,False
16,tags,1930s,2,20,0.1,0.01504,6.6489361702127665,6.6489361702127665,False
16,genres,Mystery,4,20,0.2,0.03072,6.510416666666667,6.510416666666667,False
16,tags,oscar (best actor),3,20,0.15,0.02304,6.510416666666666,6.510416666666666,False
16,tags,courage,2,20,0.1,0.01568,6.377551020408164,6.377551020408164,False
16,tags,espionage,2,20,0.1,0.01568,6.377551020408164,6.377551020408164,False
16,tags,suspenseful,5,20,0.25,0.03968,6.300403225806452,6.300403225806452,False
16,tags,enigmatic,5,20,0.25,0.04064,6.151574803149606,6.151574803149606,False
16,tags,satirical,2,20,0.1,0.01632,6.127450980392156,6.127450980392156,False
16,tags,excellent script,5,20,0.25,0.04128,6.056201550387597,6.056201550387597,False
16,tags,german,1,20,0.05,0.00832,6.009615384615386,6.009615384615386,False
16,tags,literary adaptation,1,20,0.05,0.00832,6.009615384615386,6.009615384615386,False
16,tags,sexy,3,20,0.15,0.02528,5.9335443037974684,5.9335443037974684,False
16,tags,great acting,10,20,0.5,0.08448,5.918560606060606,5.918560606060606,False
16,tags,downbeat,2,20,0.1,0.01696,5.89622641509434,5.89622641509434,False
16,tags,secrets,3,20,0.15,0.0256,5.859374999999999,5.859374999999999,False
16,tags,san francisco,1,20,0.05,0.00896,5.580357142857143,5.580357142857143,False
16,tags,oscar,3,20,0.15,0.0272,5.514705882352941,5.514705882352941,False
16,tags,tense,6,20,0.3,0.05536,5.41907514450867,5.41907514450867,False
16,tags,assassination,1,20,0.05,0.00928,5.387931034482759,5.387931034482759,False
16,tags,suspense,6,20,0.3,0.05568,5.387931034482758,5.387931034482758,False
16,tags,criterion,8,20,0.4,0.07456,5.36480686695279,5.36480686695279,False
16,tags,bittersweet,2,20,0.1,0.01888,5.296610169491525,5.296610169491525,False
16,tags,powerful ending,2,20,0.1,0.01888,5.296610169491525,5.296610169491525,False
16,tags,indians,1,20,0.05,0.0096,5.208333333333334,5.208333333333334,False
16,tags,exceptional acting,1,20,0.05,0.0096,5.208333333333334,5.208333333333334,False
16,tags,romance,4,20,0.2,0.03904,5.122950819672131,5.122950819672131,False
16,tags,affectionate,1,20,0.05,0.00992,5.040322580645162,5.040322580645162,False
16,tags,dance,1,20,0.05,0.01024,4.8828125,4.8828125,False
16,tags,narrated,2,20,0.1,0.0208,4.807692307692308,4.807692307692308,False
16,tags,jungle,1,20,0.05,0.01056,4.734848484848485,4.734848484848485,False
16,tags,dancing,1,20,0.05,0.01056,4.734848484848485,4.734848484848485,False
16,tags,character study,2,20,0.1,0.02144,4.664179104477612,4.664179104477612,False
16,tags,gangsters,2,20,0.1,0.02176,4.595588235294118,4.595588235294118,False
16,tags,good acting,1,20,0.05,0.0112,4.464285714285714,4.464285714285714,False
16,tags,crime,3,20,0.15,0.03456,4.340277777777778,4.340277777777778,False
16,tags,thriller,3,20,0.15,0.03488,4.30045871559633,4.30045871559633,False
16,tags,mafia,1,20,0.05,0.01184,4.222972972972974,4.222972972972974,False
16,tags,great,2,20,0.1,0.02496,4.006410256410256,4.006410256410256,False
16,tags,good music,1,20,0.05,0.01248,4.006410256410256,4.006410256410256,False
16,tags,mob,1,20,0.05,0.01248,4.006410256410256,4.006410256410256,False
16,tags,plot twist,1,20,0.05,0.0128,3.90625,3.90625,False
16,tags,bleak,2,20,0.1,0.02624,3.810975609756098,3.810975609756098,False
16,tags,romantic,4,20,0.2,0.05568,3.591954022988506,3.591954022988506,False
16,tags,oscar (best supporting actor),2,20,0.1,0.02784,3.591954022988506,3.591954022988506,False
16,tags,funny as hell,1,20,0.05,0.01408,3.5511363636363638,3.5511363636363638,False
16,tags,wwii,1,20,0.05,0.0144,3.4722222222222223,3.4722222222222223,False
16,tags,organized crime,1,20,0.05,0.0144,3.4722222222222223,3.4722222222222223,False
16,tags,betrayal,1,20,0.05,0.01472,3.3967391304347827,3.3967391304347827,False
16,tags,love story,4,20,0.2,0.06368,3.14070351758794,3.14070351758794,False
16,genres,Musical,2,20,0.1,0.03392,2.94811320754717,2.94811320754717,False
16,tags,world war ii,1,20,0.05,0.01696,2.94811320754717,2.94811320754717,False
16,tags,insanity,1,20,0.05,0.01696,2.94811320754717,2.94811320754717,False
16,tags,social commentary,1,20,0.05,0.01696,2.94811320754717,2.94811320754717,False
16,tags,romantic comedy,2,20,0.1,0.03424,2.9205607476635516,2.9205607476635516,False
16,tags,musical,1,20,0.05,0.0176,2.840909090909091,2.840909090909091,False
16,tags,original,14,20,0.7,0.25024,2.7973145780051145,2.7973145780051145,False
16,tags,melancholic,2,20,0.1,0.0368,2.717391304347826,2.717391304347826,False
16,tags,stylized,1,20,0.05,0.01856,2.6939655172413794,2.6939655172413794,False
16,tags,satire,1,20,0.05,0.01856,2.6939655172413794,2.6939655172413794,False
16,genres,Crime,3,20,0.15,0.05696,2.633426966292135,2.633426966292135,False
16,tags,wartime,1,20,0.05,0.0192,2.604166666666667,2.604166666666667,False
16,tags,adventure,2,20,0.1,0.04,2.5,2.5,False
16,tags,based on a play,1,20,0.05,0.0208,2.403846153846154,2.403846153846154,False
16,tags,funniest movies,1,20,0.05,0.0208,2.403846153846154,2.403846153846154,False
16,tags,amazing cinematography,1,20,0.05,0.02112,2.3674242424242427,2.3674242424242427,False
16,tags,adapted from:book,3,20,0.15,0.06336,2.367424242424242,2.367424242424242,False
16,tags,loneliness,2,20,0.1,0.04288,2.332089552238806,2.332089552238806,False
16,tags,dramatic,3,20,0.15,0.06464,2.3205445544554455,2.3205445544554455,False
16,genres,War,2,20,0.1,0.0432,2.314814814814815,2.314814814814815,False
16,genres,Romance,6,20,0.3,0.13312,2.253605769230769,2.253605769230769,False
16,tags,cinematography,2,20,0.1,0.04448,2.248201438848921,2.248201438848921,False
16,genres,Thriller,6,20,0.3,0.14016,2.1404109589041096,2.1404109589041096,False
16,tags,fast paced,1,20,0.05,0.02368,2.111486486486487,2.111486486486487,False
16,tags,stylish,1,20,0.05,0.02368,2.111486486486487,2.111486486486487,False
16,tags,intimate,1,20,0.05,0.02624,1.905487804878049,1.905487804878049,False
16,tags,corruption,1,20,0.05,0.0272,1.8382352941176472,1.8382352941176472,False
16,tags,music,1,20,0.05,0.02752,1.8168604651162792,1.8168604651162792,False
16,tags,pornography,1,20,0.05,0.03296,1.5169902912621358,1.5169902912621358,False
16,tags,drama,2,20,0.1,0.06656,1.5024038461538465,1.5024038461538465,False
16,tags,hilarious,1,20,0.05,0.03584,1.3950892857142858,1.3950892857142858,False
16,tags,comedy,3,20,0.15,0.11168,1.3431232091690544,1.3431232091690544,False
16,tags,great movie,1,20,0.05,0.04352,1.1488970588235294,1.1488970588235294,False
16,tags,visually appealing,1,20,0.05,0.04416,1.1322463768115942,1.1322463768115942,False
16,tags,chase,1,20,0.05,0.0528,0.946969696969697,0.946969696969697,False
16,genres,Comedy,6,20,0.3,0.32224,0.9309831181727903,0.9309831181727903,False
16,tags,relationships,1,20,0.05,0.05376,0.9300595238095238,0.9300595238095238,False
16,tags,storytelling,1,20,0.05,0.05536,0.9031791907514451,0.9031791907514451,False
16,tags,based on a book,1,20,0.05,0.06656,0.7512019230769232,0.7512019230769232,False
16,genres,Adventure,1,20,0.05,0.08256,0.6056201550387598,0.6056201550387598,False
16,genres,Drama,4,20,0.2,0.39584,0.5052546483427648,0.5052546483427648,False
16,genres,Action,1,20,0.05,0.14528,0.3441629955947137,0.3441629955947137,False
17,tags,shopping,3,20,0.15,0.00096,156.25,156.25,True
17,tags,good romantic comedies,9,20,0.45,0.00704,63.92045454545455,63.92045454545455,True
17,tags,sappy,1,20,0.05,0.00096,52.083333333333336,52.083333333333336,False
17,tags,wedding,2,20,0.1,0.00224,44.642857142857146,44.642857142857146,True
17,tags,spelling bee,1,20,0.05,0.00128,39.0625,39.0625,False
17,tags,girlie movie,16,20,0.8,0.02272,35.2112676056338,35.2112676056338,False
17,tags,very good,1,20,0.05,0.0016,31.25,31.25,False
17,tags,family bonds,1,20,0.05,0.0016,31.25,31.25,False
17,tags,happy ending,9,20,0.45,0.016,28.125,28.125,False
17,tags,chick flick,16,20,0.8,0.03136,25.510204081632654,25.510204081632654,False
17,tags,feel good movie,7,20,0.35,0.0144,24.305555555555554,24.305555555555554,False
17,tags,internet,1,20,0.05,0.00224,22.321428571428573,22.321428571428573,False
17,tags,ghosts/afterlife,1,20,0.05,0.00224,22.321428571428573,22.321428571428573,False
17,tags,sweet,8,20,0.4,0.01856,21.551724137931036,21.551724137931036,False
17,tags,feel-good,12,20,0.6,0.02784,21.551724137931032,21.551724137931032,False
17,tags,romantic comedy,14,20,0.7,0.03424,20.44392523364486,20.44392523364486,False
17,tags,cute!,2,20,0.1,0.00512,19.53125,19.53125,False
17,tags,afterlife,1,20,0.05,0.00256,19.53125,19.53125,False
17,tags,catastrophe,1,20,0.05,0.00256,19.53125,19.53125,False
17,tags,romance,15,20,0.75,0.03904,19.211065573770494,19.211065573770494,False
17,tags,destiny,9,20,0.45,0.024,18.75,18.75,False
17,tags,cute,3,20,0.15,0.00864,17.36111111111111,17.36111111111111,False
17,tags,classical music,1,20,0.05,0.00288,17.36111111111111,17.36111111111111,False
17,tags,oscar winner,5,20,0.25,0.01568,15.943877551020408,15.943877551020408,False
17,tags,inspirational,2,20,0.1,0.0064,15.625,15.625,False
17,tags,sentimental,5,20,0.25,0.01664,15.024038461538463,15.024038461538463,False
17,tags,predictable,2,20,0.1,0.00672,14.880952380952381,14.880952380952381,False
17,tags,tear jerker,2,20,0.1,0.00704,14.204545454545455,14.204545454545455,False
17,tags,baseball,1,20,0.05,0.00352,14.204545454545455,14.204545454545455,False
17,tags,romantic,15,20,0.75,0.05568,13.469827586206897,13.469827586206897,False
17,tags,football,1,20,0.05,0.00384,13.020833333333334,13.020833333333334,False
17,tags,teacher,1,20,0.05,0.00384,13.020833333333334,13.020833333333334,False
17,tags,divorce,1,20,0.05,0.00416,12.019230769230772,12.019230769230772,False
17,tags,love story,15,20,0.75,0.06368,11.777638190954773,11.777638190954773,False
17,tags,prostitution,1,20,0.05,0.00448,11.160714285714286,11.160714285714286,False
17,tags,life,1,20,0.05,0.00448,11.160714285714286,11.160714285714286,False
17,tags,single father,1,20,0.05,0.0048,10.416666666666668,10.416666666666668,False
17,tags,earnest,1,20,0.05,0.0048,10.416666666666668,10.416666666666668,False
17,tags,fairy tales,1,20,0.05,0.0048,10.416666666666668,10.416666666666668,False
17,tags,inspiring,1,20,0.05,0.0048,10.416666666666668,10.416666666666668,False
17,tags,women,3,20,0.15,0.01568,9.566326530612244,9.566326530612244,False
17,tags,disability,1,20,0.05,0.00544,9.191176470588236,9.191176470588236,False
17,tags,rags to riches,1,20,0.05,0.00576,8.680555555555555,8.680555555555555,False
17,tags,london,1,20,0.05,0.00576,8.680555555555555,8.680555555555555,False
17,tags,president,1,20,0.05,0.00576,8.680555555555555,8.680555555555555,False
17,tags,heartwarming,2,20,0.1,0.01184,8.445945945945947,8.445945945945947,False
17,tags,nostalgic,2,20,0.1,0.01216,8.223684210526315,8.223684210526315,False
17,tags,cross dressing,1,20,0.05,0.00608,8.223684210526315,8.223684210526315,False
17,tags,fighting the system,1,20,0.05,0.0064,7.8125,7.8125,False
17,tags,oscar,4,20,0.2,0.0272,7.352941176470589,7.352941176470589,False
17,tags,british,2,20,0.1,0.01408,7.1022727272727275,7.1022727272727275,False
17,tags,pg-13,1,20,0.05,0.00704,7.1022727272727275,7.1022727272727275,False
17,tags,shakespeare,1,20,0.05,0.00704,7.1022727272727275,7.1022727272727275,False
17,tags,love,5,20,0.25,0.03616,6.913716814159293,6.913716814159293,False
17,tags,good,5,20,0.25,0.0368,6.793478260869565,6.793478260869565,False
17,tags,fairy tale,2,20,0.1,0.01504,6.6489361702127665,6.6489361702127665,False
17,genres,Romance,16,20,0.8,0.13312,6.009615384615386,6.009615384615386,False
17,tags,drama,8,20,0.4,0.06656,6.009615384615386,6.009615384615386,False
17,tags,world politics,1,20,0.05,0.00832,6.009615384615386,6.009615384615386,False
17,tags,sports,2,20,0.1,0.01792,5.580357142857143,5.580357142857143,False
17,tags,ghosts,1,20,0.05,0.00896,5.580357142857143,5.580357142857143,False
17,tags,literature,1,20,0.05,0.00896,5.580357142857143,5.580357142857143,False
17,tags,oscar (best supporting actress),2,20,0.1,0.01856,5.387931034482759,5.387931034482759,False
17,tags,natural disaster,1,20,0.05,0.00928,5.387931034482759,5.387931034482759,False
17,tags,remake,1,20,0.05,0.00928,5.387931034482759,5.387931034482759,False
17,tags,touching,3,20,0.15,0.02816,5.326704545454545,5.326704545454545,False
17,tags,bittersweet,2,20,0.1,0.01888,5.296610169491525,5.296610169491525,False
17,tags,dog,1,20,0.05,0.0096,5.208333333333334,5.208333333333334,False
17,tags,courtroom,1,20,0.05,0.00992,5.040322580645162,5.040322580645162,False
17,tags,costume drama,1,20,0.05,0.01024,4.8828125,4.8828125,False
17,tags,passionate,1,20,0.05,0.01024,4.8828125,4.8828125,False
17,tags,artistic,1,20,0.05,0.01056,4.734848484848485,4.734848484848485,False
17,tags,relationships,5,20,0.25,0.05376,4.650297619047619,4.650297619047619,False
17,tags,oscar (best picture),3,20,0.15,0.03296,4.550970873786407,4.550970873786407,False
17,tags,magic,1,20,0.05,0.0112,4.464285714285714,4.464285714285714,False
17,tags,epic,1,20,0.05,0.0112,4.464285714285714,4.464285714285714,False
17,tags,witty,1,20,0.05,0.0112,4.464285714285714,4.464285714285714,False
17,tags,historical,2,20,0.1,0.02272,4.401408450704225,4.401408450704225,False
17,tags,us history,1,20,0.05,0.01152,4.340277777777778,4.340277777777778,False
17,tags,england,1,20,0.05,0.01152,4.340277777777778,4.340277777777778,False
17,tags,based on a true story,1,20,0.05,0.01184,4.222972972972974,4.222972972972974,False
17,tags,lawyers,1,20,0.05,0.01216,4.1118421052631575,4.1118421052631575,False
17,tags,death,1,20,0.05,0.01248,4.006410256410256,4.006410256410256,False
17,tags,good music,1,20,0.05,0.01248,4.006410256410256,4.006410256410256,False
17,tags,quotable,2,20,0.1,0.02688,3.7202380952380953,3.7202380952380953,False
17,tags,excellent script,3,20,0.15,0.04128,3.6337209302325584,3.6337209302325584,False
17,tags,beautiful scenery,1,20,0.05,0.01408,3.5511363636363638,3.5511363636363638,False
17,tags,musicians,1,20,0.05,0.0144,3.4722222222222223,3.4722222222222223,False
17,tags,oscar (best directing),5,20,0.25,0.07264,3.441629955947137,3.441629955947137,False
17,tags,politics,1,20,0.05,0.01472,3.3967391304347827,3.3967391304347827,False
17,tags,lawyer,1,20,0.05,0.01504,3.3244680851063833,3.3244680851063833,False
17,tags,period piece,1,20,0.05,0.01536,3.2552083333333335,3.2552083333333335,False
17,tags,gay character,1,20,0.05,0.01568,3.188775510204082,3.188775510204082,False
17,tags,political,1,20,0.05,0.01568,3.188775510204082,3.188775510204082,False
17,tags,rock and roll,1,20,0.05,0.016,3.125,3.125,False
17,tags,biographical,1,20,0.05,0.01664,3.004807692307693,3.004807692307693,False
17,tags,world war ii,1,20,0.05,0.01696,2.94811320754717,2.94811320754717,False
17,tags,supernatural,1,20,0.05,0.01728,2.8935185185185186,2.8935185185185186,False
17,tags,history,1,20,0.05,0.01728,2.8935185185185186,2.8935185185185186,False
17,tags,life & death,1,20,0.05,0.0176,2.840909090909091,2.840909090909091,False
17,tags,mentor,4,20,0.2,0.07168,2.7901785714285716,2.7901785714285716,False
17,tags,wartime,1,20,0.05,0.0192,2.604166666666667,2.604166666666667,False
17,tags,based on true story,1,20,0.05,0.01984,2.520161290322581,2.520161290322581,False
17,tags,gay,1,20,0.05,0.0208,2.403846153846154,2.403846153846154,False
17,tags,narrated,1,20,0.05,0.0208,2.403846153846154,2.403846153846154,False
17,tags,true story,1,20,0.05,0.0208,2.403846153846154,2.403846153846154,False
17,tags,based on a play,1,20,0.05,0.0208,2.403846153846154,2.403846153846154,False
17,tags,great acting,4,20,0.2,0.08448,2.3674242424242427,2.3674242424242427,False
17,genres,Comedy,15,20,0.75,0.32224,2.327457795431976,2.327457795431976,False
17,tags,fantasy,1,20,0.05,0.02176,2.297794117647059,2.297794117647059,False
17,tags,high school,1,20,0.05,0.0224,2.232142857142857,2.232142857142857,False
17,tags,oscar (best actor),1,20,0.05,0.02304,2.170138888888889,2.170138888888889,False
17,tags,small town,1,20,0.05,0.02368,2.111486486486487,2.111486486486487,False
17,tags,greed,1,20,0.05,0.02464,2.0292207792207795,2.0292207792207795,False
17,tags,family,2,20,0.1,0.05152,1.9409937888198758,1.9409937888198758,False
17,tags,big budget,1,20,0.05,0.02592,1.9290123456790125,1.9290123456790125,False
17,tags,oscar (best actress),2,20,0.1,0.05504,1.8168604651162792,1.8168604651162792,False
17,tags,music,1,20,0.05,0.02752,1.8168604651162792,1.8168604651162792,False
17,tags,oscar (best supporting actor),1,20,0.05,0.02784,1.795977011494253,1.795977011494253,False
17,tags,oscar (best cinematography),1,20,0.05,0.02816,1.7755681818181819,1.7755681818181819,False
17,tags,story,1,20,0.05,0.02848,1.75561797752809,1.75561797752809,False
17,tags,unlikely friendships,1,20,0.05,0.02976,1.6801075268817205,1.6801075268817205,False
17,tags,childhood,1,20,0.05,0.0304,1.6447368421052633,1.6447368421052633,False
17,tags,children,1,20,0.05,0.03104,1.6108247422680413,1.6108247422680413,False
17,tags,based on book,1,20,0.05,0.03872,1.2913223140495869,1.2913223140495869,False
17,genres,War,1,20,0.05,0.0432,1.1574074074074074,1.1574074074074074,False
17,tags,great movie,1,20,0.05,0.04352,1.1488970588235294,1.1488970588235294,False
17,tags,funny,1,20,0.05,0.04832,1.03476821192053,1.03476821192053,False
17,tags,chase,1,20,0.05,0.0528,0.946969696969697,0.946969696969697,False
17,tags,special effects,1,20,0.05,0.05408,0.9245562130177515,0.9245562130177515,False
17,tags,suspense,1,20,0.05,0.05568,0.8979885057471265,0.8979885057471265,False
17,tags,comedy,2,20,0.1,0.11168,0.8954154727793696,0.8954154727793696,False
17,genres,Drama,7,20,0.35,0.39584,0.8841956345998382,0.8841956345998382,False
17,tags,dramatic,1,20,0.05,0.06464,0.7735148514851485,0.7735148514851485,False
17,tags,imdb top 250,1,20,0.05,0.09824,0.508957654723127,0.508957654723127,False
17,genres,Thriller,1,20,0.05,0.14016,0.3567351598173516,0.3567351598173516,False
17,tags,original,1,20,0.05,0.25024,0.19980818414322252,0.19980818414322252,False
18,tags,perfect,1,20,0.05,0.00032,156.25,156.25,False
18,tags,boat,1,20,0.05,0.00096,52.083333333333336,52.083333333333336,False
18,tags,hollywood,1,20,0.05,0.00096,52.083333333333336,52.083333333333336,False
18,tags,private detective,3,20,0.15,0.0032,46.87499999999999,46.87499999999999,True
18,tags,love triangles,1,20,0.05,0.00128,39.0625,39.0625,False
18,tags,afi 100 (movie quotes),5,20,0.25,0.00672,37.20238095238095,37.20238095238095,True
18,tags,screwball,4,20,0.2,0.00544,36.76470588235294,36.76470588235294,True
18,tags,screwball comedy,4,20,0.2,0.00576,34.72222222222222,34.72222222222222,False
18,tags,afi 100,7,20,0.35,0.01024,34.17968749999999,34.17968749999999,False
18,genres,Film-Noir,8,20,0.4,0.01248,32.05128205128205,32.05128205128205,False
18,tags,entirely dialogue,1,20,0.05,0.0016,31.25,31.25,False
18,tags,cynical,5,20,0.25,0.00896,27.901785714285715,27.901785714285715,False
18,tags,witty,6,20,0.3,0.0112,26.785714285714285,26.785714285714285,False
18,tags,film noir,6,20,0.3,0.01152,26.041666666666664,26.041666666666664,False
18,tags,noir,6,20,0.3,0.01216,24.671052631578945,24.671052631578945,False
18,tags,farce,2,20,0.1,0.00448,22.321428571428573,22.321428571428573,False
18,tags,oscar (best writing - screenplay written directly for the screen),1,20,0.05,0.00224,22.321428571428573,22.321428571428573,False
18,tags,train,1,20,0.05,0.00224,22.321428571428573,22.321428571428573,False
18,tags,complicated,5,20,0.25,0.01152,21.70138888888889,21.70138888888889,False
18,tags,noir thriller,6,20,0.3,0.01408,21.30681818181818,21.30681818181818,False
18,tags,black and white,9,20,0.45,0.02656,16.94277108433735,16.94277108433735,False
18,tags,political corruption,2,20,0.1,0.00608,16.44736842105263,16.44736842105263,False
18,tags,neo-noir,4,20,0.2,0.01248,16.025641025641026,16.025641025641026,False
18,tags,quotable,8,20,0.4,0.02688,14.880952380952381,14.880952380952381,False
18,tags,great dialogue,2,20,0.1,0.00672,14.880952380952381,14.880952380952381,False
18,tags,mystery,5,20,0.25,0.01728,14.467592592592592,14.467592592592592,False
18,tags,crime gone awry,2,20,0.1,0.00704,14.204545454545455,14.204545454545455,False
18,tags,silent,2,20,0.1,0.00704,14.204545454545455,14.204545454545455,False
18,tags,hotel,1,20,0.05,0.00352,14.204545454545455,14.204545454545455,False
18,tags,talky,15,20,0.75,0.05312,14.118975903614457,14.118975903614457,False
18,tags,paranoid,1,20,0.05,0.00384,13.020833333333334,13.020833333333334,False
18,tags,voyeurism,1,20,0.05,0.00384,13.020833333333334,13.020833333333334,False
18,tags,classic,19,20,0.95,0.0752,12.632978723404253,12.632978723404253,False
18,tags,hitchcock,4,20,0.2,0.01664,12.019230769230772,12.019230769230772,False
18,tags,nazi,2,20,0.1,0.00832,12.019230769230772,12.019230769230772,False
18,tags,mistaken identity,1,20,0.05,0.00416,12.019230769230772,12.019230769230772,False
18,tags,atmospheric,3,20,0.15,0.01248,12.019230769230768,12.019230769230768,False
18,tags,interesting,5,20,0.25,0.02208,11.322463768115943,11.322463768115943,False
18,tags,broadway,1,20,0.05,0.00448,11.160714285714286,11.160714285714286,False
18,tags,adultery,2,20,0.1,0.00928,10.775862068965518,10.775862068965518,False
18,tags,detective,3,20,0.15,0.01408,10.65340909090909,10.65340909090909,False
18,tags,oscar (best directing),15,20,0.75,0.07264,10.32488986784141,10.32488986784141,False
18,tags,nazis,3,20,0.15,0.01472,10.190217391304348,10.190217391304348,False
18,tags,greed,5,20,0.25,0.02464,10.146103896103897,10.146103896103897,False
18,tags,claustrophobic,2,20,0.1,0.00992,10.080645161290324,10.080645161290324,False
18,tags,africa,1,20,0.05,0.00512,9.765625,9.765625,False
18,tags,imdb top 250,19,20,0.95,0.09824,9.670195439739414,9.670195439739414,False
18,tags,oscar winner,3,20,0.15,0.01568,9.566326530612244,9.566326530612244,False
18,tags,investigation,3,20,0.15,0.016,9.375,9.375,False
18,tags,complicated plot,1,20,0.05,0.00544,9.191176470588236,9.191176470588236,False
18,tags,oscar (best actress),10,20,0.5,0.05504,9.084302325581396,9.084302325581396,False
18,tags,dialogue,5,20,0.25,0.02752,9.084302325581396,9.084302325581396,False
18,tags,manipulation,2,20,0.1,0.0112,8.928571428571429,8.928571428571429,False
18,tags,complex,4,20,0.2,0.02304,8.680555555555555,8.680555555555555,False
18,tags,murder mystery,4,20,0.2,0.02368,8.445945945945947,8.445945945945947,False
18,tags,highly quotable,2,20,0.1,0.01184,8.445945945945947,8.445945945945947,False
18,tags,gangster,2,20,0.1,0.01216,8.223684210526315,8.223684210526315,False
18,tags,cross dressing,1,20,0.05,0.00608,8.223684210526315,8.223684210526315,False
18,tags,intellectual,1,20,0.05,0.00608,8.223684210526315,8.223684210526315,False
18,tags,oscar (best supporting actress),3,20,0.15,0.01856,8.081896551724137,8.081896551724137,False
18,tags,obsession,5,20,0.25,0.03104,8.054123711340205,8.054123711340205,False
18,tags,murder,8,20,0.4,0.05024,7.961783439490446,7.961783439490446,False
18,tags,great ending,6,20,0.3,0.03776,7.944915254237287,7.944915254237287,False
18,tags,spying,3,20,0.15,0.01888,7.944915254237287,7.944915254237287,False
18,tags,sacrifice,1,20,0.05,0.0064,7.8125,7.8125,False
18,tags,los angeles,1,20,0.05,0.0064,7.8125,7.8125,False
18,tags,oscar (best picture),5,20,0.25,0.03296,7.584951456310679,7.584951456310679,False
18,tags,masterpiece,10,20,0.5,0.0672,7.440476190476191,7.440476190476191,False
18,tags,new york,1,20,0.05,0.00672,7.440476190476191,7.440476190476191,False
18,tags,oscar (best cinematography),4,20,0.2,0.02816,7.1022727272727275,7.1022727272727275,False
18,tags,runaway,2,20,0.1,0.01408,7.1022727272727275,7.1022727272727275,False
18,tags,sarcasm,1,20,0.05,0.00704,7.1022727272727275,7.1022727272727275,False
18,tags,dark,3,20,0.15,0.02144,6.996268656716418,6.996268656716418,False
18,tags,spy,2,20,0.1,0.0144,6.944444444444445,6.944444444444445,False
18,tags,twists & turns,5,20,0.25,0.03648,6.853070175438597,6.853070175438597,False
18,tags,eerie,1,20,0.05,0.00736,6.793478260869565,6.793478260869565,False
18,tags,police investigation,4,20,0.2,0.03008,6.6489361702127665,6.6489361702127665,False
18,tags,1930s,2,20,0.1,0.01504,6.6489361702127665,6.6489361702127665,False
18,genres,Mystery,4,20,0.2,0.03072,6.510416666666667,6.510416666666667,False
18,tags,oscar (best actor),3,20,0.15,0.02304,6.510416666666666,6.510416666666666,False
18,tags,courage,2,20,0.1,0.01568,6.377551020408164,6.377551020408164,False
18,tags,espionage,2,20,0.1,0.01568,6.377551020408164,6.377551020408164,False
18,tags,suspenseful,5,20,0.25,0.03968,6.300403225806452,6.300403225806452,False
18,tags,enigmatic,5,20,0.25,0.04064,6.151574803149606,6.151574803149606,False
18,tags,satirical,2,20,0.1,0.01632,6.127450980392156,6.127450980392156,False
18,tags,excellent script,5,20,0.25,0.04128,6.056201550387597,6.056201550387597,False
18,tags,german,1,20,0.05,0.00832,6.009615384615386,6.009615384615386,False
18,tags,literary adaptation,1,20,0.05,0.00832,6.009615384615386,6.009615384615386,False
18,tags,sexy,3,20,0.15,0.02528,5.9335443037974684,5.9335443037974684,False
18,tags,great acting,10,20,0.5,0.08448,5.918560606060606,5.918560606060606,False
18,tags,downbeat,2,20,0.1,0.01696,5.89622641509434,5.89622641509434,False
18,tags,secrets,3,20,0.15,0.0256,5.859374999999999,5.859374999999999,False
18,tags,san francisco,1,20,0.05,0.00896,5.580357142857143,5.580357142857143,False
18,tags,oscar,3,20,0.15,0.0272,5.514705882352941,5.514705882352941,False
18,tags,tense,6,20,0.3,0.05536,5.41907514450867,5.41907514450867,False
18,tags,assassination,1,20,0.05,0.00928,5.387931034482759,5.387931034482759,False
18,tags,suspense,6,20,0.3,0.05568,5.387931034482758,5.387931034482758,False
18,tags,criterion,8,20,0.4,0.07456,5.36480686695279,5.36480686695279,False
18,tags,bittersweet,2,20,0.1,0.01888,5.296610169491525,5.296610169491525,False
18,tags,powerful ending,2,20,0.1,0.01888,5.296610169491525,5.296610169491525,False
18,tags,indians,1,20,0.05,0.0096,5.208333333333334,5.208333333333334,False
18,tags,exceptional acting,1,20,0.05,0.0096,5.208333333333334,5.208333333333334,False
18,tags,romance,4,20,0.2,0.03904,5.122950819672131,5.122950819672131,False
18,tags,affectionate,1,20,0.05,0.00992,5.040322580645162,5.040322580645162,False
18,tags,dance,1,20,0.05,0.01024,4.8828125,4.8828125,False
18,tags,narrated,2,20,0.1,0.0208,4.807692307692308,4.807692307692308,False
18,tags,jungle,1,20,0.05,0.01056,4.734848484848485,4.734848484848485,False
18,tags,dancing,1,20,0.05,0.01056,4.734848484848485,4.734848484848485,False
18,tags,character study,2,20,0.1,0.02144,4.664179104477612,4.664179104477612,False
18,tags,gangsters,2,20,0.1,0.02176,4.595588235294118,4.595588235294118,False
18,tags,good acting,1,20,0.05,0.0112,4.464285714285714,4.464285714285714,False
18,tags,crime,3,20,0.15,0.03456,4.340277777777778,4.340277777777778,False
18,tags,thriller,3,20,0.15,0.03488,4.30045871559633,4.30045871559633,False
18,tags,mafia,1,20,0.05,0.01184,4.222972972972974,4.222972972972974,False
18,tags,great,2,20,0.1,0.02496,4.006410256410256,4.006410256410256,False
18,tags,good music,1,20,0.05,0.01248,4.006410256410256,4.006410256410256,False
18,tags,mob,1,20,0.05,0.01248,4.006410256410256,4.006410256410256,False
18,tags,plot twist,1,20,0.05,0.0128,3.90625,3.90625,False
18,tags,bleak,2,20,0.1,0.02624,3.810975609756098,3.810975609756098,False
18,tags,romantic,4,20,0.2,0.05568,3.591954022988506,3.591954022988506,False
18,tags,oscar (best supporting actor),2,20,0.1,0.02784,3.591954022988506,3.591954022988506,False
18,tags,funny as hell,1,20,0.05,0.01408,3.5511363636363638,3.5511363636363638,False
18,tags,wwii,1,20,0.05,0.0144,3.4722222222222223,3.4722222222222223,False
18,tags,organized crime,1,20,0.05,0.0144,3.4722222222222223,3.4722222222222223,False
18,tags,betrayal,1,20,0.05,0.01472,3.3967391304347827,3.3967391304347827,False
18,tags,love story,4,20,0.2,0.06368,3.14070351758794,3.14070351758794,False
18,genres,Musical,2,20,0.1,0.03392,2.94811320754717,2.94811320754717,False
18,tags,world war ii,1,20,0.05,0.01696,2.94811320754717,2.94811320754717,False
18,tags,insanity,1,20,0.05,0.01696,2.94811320754717,2.94811320754717,False
18,tags,social commentary,1,20,0.05,0.01696,2.94811320754717,2.94811320754717,False
18,tags,romantic comedy,2,20,0.1,0.03424,2.9205607476635516,2.9205607476635516,False
18,tags,musical,1,20,0.05,0.0176,2.840909090909091,2.840909090909091,False
18,tags,original,14,20,0.7,0.25024,2.7973145780051145,2.7973145780051145,False
18,tags,melancholic,2,20,0.1,0.0368,2.717391304347826,2.717391304347826,False
18,tags,stylized,1,20,0.05,0.01856,2.6939655172413794,2.6939655172413794,False
18,tags,satire,1,20,0.05,0.01856,2.6939655172413794,2.6939655172413794,False
18,genres,Crime,3,20,0.15,0.05696,2.633426966292135,2.633426966292135,False
18,tags,wartime,1,20,0.05,0.0192,2.604166666666667,2.604166666666667,False
18,tags,adventure,2,20,0.1,0.04,2.5,2.5,False
18,tags,based on a play,1,20,0.05,0.0208,2.403846153846154,2.403846153846154,False
18,tags,funniest movies,1,20,0.05,0.0208,2.403846153846154,2.403846153846154,False
18,tags,amazing cinematography,1,20,0.05,0.02112,2.3674242424242427,2.3674242424242427,False
18,tags,adapted from:book,3,20,0.15,0.06336,2.367424242424242,2.367424242424242,False
18,tags,loneliness,2,20,0.1,0.04288,2.332089552238806,2.332089552238806,False
18,tags,dramatic,3,20,0.15,0.06464,2.3205445544554455,2.3205445544554455,False
18,genres,War,2,20,0.1,0.0432,2.314814814814815,2.314814814814815,False
18,genres,Romance,6,20,0.3,0.13312,2.253605769230769,2.253605769230769,False
18,tags,cinematography,2,20,0.1,0.04448,2.248201438848921,2.248201438848921,False
18,genres,Thriller,6,20,0.3,0.14016,2.1404109589041096,2.1404109589041096,False
18,tags,fast paced,1,20,0.05,0.02368,2.111486486486487,2.111486486486487,False
18,tags,stylish,1,20,0.05,0.02368,2.111486486486487,2.111486486486487,False
18,tags,intimate,1,20,0.05,0.02624,1.905487804878049,1.905487804878049,False
18,tags,corruption,1,20,0.05,0.0272,1.8382352941176472,1.8382352941176472,False
18,tags,music,1,20,0.05,0.02752,1.8168604651162792,1.8168604651162792,False
18,tags,pornography,1,20,0.05,0.03296,1.5169902912621358,1.5169902912621358,False
18,tags,drama,2,20,0.1,0.06656,1.5024038461538465,1.5024038461538465,False
18,tags,hilarious,1,20,0.05,0.03584,1.3950892857142858,1.3950892857142858,False
18,tags,comedy,3,20,0.15,0.11168,1.3431232091690544,1.3431232091690544,False
18,tags,great movie,1,20,0.05,0.04352,1.1488970588235294,1.1488970588235294,False
18,tags,visually appealing,1,20,0.05,0.04416,1.1322463768115942,1.1322463768115942,False
18,tags,chase,1,20,0.05,0.0528,0.946969696969697,0.946969696969697,False
18,genres,Comedy,6,20,0.3,0.32224,0.9309831181727903,0.9309831181727903,False
18,tags,relationships,1,20,0.05,0.05376,0.9300595238095238,0.9300595238095238,False
18,tags,storytelling,1,20,0.05,0.05536,0.9031791907514451,0.9031791907514451,False
18,tags,based on a book,1,20,0.05,0.06656,0.7512019230769232,0.7512019230769232,False
18,genres,Adventure,1,20,0.05,0.08256,0.6056201550387598,0.6056201550387598,False
18,genres,Drama,4,20,0.2,0.39584,0.5052546483427648,0.5052546483427648,False
18,genres,Action,1,20,0.05,0.14528,0.3441629955947137,0.3441629955947137,False
19,tags,shopping,3,20,0.15,0.00096,156.25,156.25,True
19,tags,good romantic comedies,9,20,0.45,0.00704,63.92045454545455,63.92045454545455,True
19,tags,sappy,1,20,0.05,0.00096,52.083333333333336,52.083333333333336,False
19,tags,wedding,2,20,0.1,0.00224,44.642857142857146,44.642857142857146,True
19,tags,spelling bee,1,20,0.05,0.00128,39.0625,39.0625,False
19,tags,girlie movie,16,20,0.8,0.02272,35.2112676056338,35.2112676056338,False
19,tags,very good,1,20,0.05,0.0016,31.25,31.25,False
19,tags,family bonds,1,20,0.05,0.0016,31.25,31.25,False
19,tags,happy ending,9,20,0.45,0.016,28.125,28.125,False
19,tags,chick flick,16,20,0.8,0.03136,25.510204081632654,25.510204081632654,False
19,tags,feel good movie,7,20,0.35,0.0144,24.305555555555554,24.305555555555554,False
19,tags,internet,1,20,0.05,0.00224,22.321428571428573,22.321428571428573,False
19,tags,ghosts/afterlife,1,20,0.05,0.00224,22.321428571428573,22.321428571428573,False
19,tags,sweet,8,20,0.4,0.01856,21.551724137931036,21.551724137931036,False
19,tags,feel-good,12,20,0.6,0.02784,21.551724137931032,21.551724137931032,False
19,tags,romantic comedy,14,20,0.7,0.03424,20.44392523364486,20.44392523364486,False
19,tags,cute!,2,20,0.1,0.00512,19.53125,19.53125,False
19,tags,afterlife,1,20,0.05,0.00256,19.53125,19.53125,False
19,tags,catastrophe,1,20,0.05,0.00256,19.53125,19.53125,False
19,tags,romance,15,20,0.75,0.03904,19.211065573770494,19.211065573770494,False
19,tags,destiny,9,20,0.45,0.024,18.75,18.75,False
19,tags,cute,3,20,0.15,0.00864,17.36111111111111,17.36111111111111,False
19,tags,classical music,1,20,0.05,0.00288,17.36111111111111,17.36111111111111,False
19,tags,oscar winner,5,20,0.25,0.01568,15.943877551020408,15.943877551020408,False
19,tags,inspirational,2,20,0.1,0.0064,15.625,15.625,False
19,tags,sentimental,5,20,0.25,0.01664,15.024038461538463,15.024038461538463,False
19,tags,predictable,2,20,0.1,0.00672,14.880952380952381,14.880952380952381,False
19,tags,tear jerker,2,20,0.1,0.00704,14.204545454545455,14.204545454545455,False
19,tags,baseball,1,20,0.05,0.00352,14.204545454545455,14.204545454545455,False
19,tags,romantic,15,20,0.75,0.05568,13.469827586206897,13.469827586206897,False
19,tags,football,1,20,0.05,0.00384,13.020833333333334,13.020833333333334,False
19,tags,teacher,1,20,0.05,0.00384,13.020833333333334,13.020833333333334,False
19,tags,divorce,1,20,0.05,0.00416,12.019230769230772,12.019230769230772,False
19,tags,love story,15,20,0.75,0.06368,11.777638190954773,11.777638190954773,False
19,tags,prostitution,1,20,0.05,0.00448,11.160714285714286,11.160714285714286,False
19,tags,life,1,20,0.05,0.00448,11.160714285714286,11.160714285714286,False
19,tags,earnest,1,20,0.05,0.0048,10.416666666666668,10.416666666666668,False
19,tags,single father,1,20,0.05,0.0048,10.416666666666668,10.416666666666668,False
19,tags,fairy tales,1,20,0.05,0.0048,10.416666666666668,10.416666666666668,False
19,tags,inspiring,1,20,0.05,0.0048,10.416666666666668,10.416666666666668,False
19,tags,women,3,20,0.15,0.01568,9.566326530612244,9.566326530612244,False
19,tags,disability,1,20,0.05,0.00544,9.191176470588236,9.191176470588236,False
19,tags,rags to riches,1,20,0.05,0.00576,8.680555555555555,8.680555555555555,False
19,tags,london,1,20,0.05,0.00576,8.680555555555555,8.680555555555555,False
19,tags,president,1,20,0.05,0.00576,8.680555555555555,8.680555555555555,False
19,tags,heartwarming,2,20,0.1,0.01184,8.445945945945947,8.445945945945947,False
19,tags,nostalgic,2,20,0.1,0.01216,8.223684210526315,8.223684210526315,False
19,tags,cross dressing,1,20,0.05,0.00608,8.223684210526315,8.223684210526315,False
19,tags,fighting the system,1,20,0.05,0.0064,7.8125,7.8125,False
19,tags,oscar,4,20,0.2,0.0272,7.352941176470589,7.352941176470589,False
19,tags,british,2,20,0.1,0.01408,7.1022727272727275,7.1022727272727275,False
19,tags,pg-13,1,20,0.05,0.00704,7.1022727272727275,7.1022727272727275,False
19,tags,shakespeare,1,20,0.05,0.00704,7.1022727272727275,7.1022727272727275,False
19,tags,love,5,20,0.25,0.03616,6.913716814159293,6.913716814159293,False
19,tags,good,5,20,0.25,0.0368,6.793478260869565,6.793478260869565,False
19,tags,fairy tale,2,20,0.1,0.01504,6.6489361702127665,6.6489361702127665,False
19,genres,Romance,16,20,0.8,0.13312,6.009615384615386,6.009615384615386,False
19,tags,drama,8,20,0.4,0.06656,6.009615384615386,6.009615384615386,False
19,tags,world politics,1,20,0.05,0.00832,6.009615384615386,6.009615384615386,False
19,tags,sports,2,20,0.1,0.01792,5.580357142857143,5.580357142857143,False
19,tags,ghosts,1,20,0.05,0.00896,5.580357142857143,5.580357142857143,False
19,tags,literature,1,20,0.05,0.00896,5.580357142857143,5.580357142857143,False
19,tags,oscar (best supporting actress),2,20,0.1,0.01856,5.387931034482759,5.387931034482759,False
19,tags,natural disaster,1,20,0.05,0.00928,5.387931034482759,5.387931034482759,False
19,tags,remake,1,20,0.05,0.00928,5.387931034482759,5.387931034482759,False
19,tags,touching,3,20,0.15,0.02816,5.326704545454545,5.326704545454545,False
19,tags,bittersweet,2,20,0.1,0.01888,5.296610169491525,5.296610169491525,False
19,tags,dog,1,20,0.05,0.0096,5.208333333333334,5.208333333333334,False
19,tags,courtroom,1,20,0.05,0.00992,5.040322580645162,5.040322580645162,False
19,tags,costume drama,1,20,0.05,0.01024,4.8828125,4.8828125,False
19,tags,passionate,1,20,0.05,0.01024,4.8828125,4.8828125,False
19,tags,artistic,1,20,0.05,0.01056,4.734848484848485,4.734848484848485,False
19,tags,relationships,5,20,0.25,0.05376,4.650297619047619,4.650297619047619,False
19,tags,oscar (best picture),3,20,0.15,0.03296,4.550970873786407,4.550970873786407,False
19,tags,magic,1,20,0.05,0.0112,4.464285714285714,4.464285714285714,False
19,tags,epic,1,20,0.05,0.0112,4.464285714285714,4.464285714285714,False
19,tags,witty,1,20,0.05,0.0112,4.464285714285714,4.464285714285714,False
19,tags,historical,2,20,0.1,0.02272,4.401408450704225,4.401408450704225,False
19,tags,us history,1,20,0.05,0.01152,4.340277777777778,4.340277777777778,False
19,tags,england,1,20,0.05,0.01152,4.340277777777778,4.340277777777778,False
19,tags,based on a true story,1,20,0.05,0.01184,4.222972972972974,4.222972972972974,False
19,tags,lawyers,1,20,0.05,0.01216,4.1118421052631575,4.1118421052631575,False
19,tags,death,1,20,0.05,0.01248,4.006410256410256,4.006410256410256,False
19,tags,good music,1,20,0.05,0.01248,4.006410256410256,4.006410256410256,False
19,tags,quotable,2,20,0.1,0.02688,3.7202380952380953,3.7202380952380953,False
19,tags,excellent script,3,20,0.15,0.04128,3.6337209302325584,3.6337209302325584,False
19,tags,beautiful scenery,1,20,0.05,0.01408,3.5511363636363638,3.5511363636363638,False
19,tags,musicians,1,20,0.05,0.0144,3.4722222222222223,3.4722222222222223,False
19,tags,oscar (best directing),5,20,0.25,0.07264,3.441629955947137,3.441629955947137,False
19,tags,politics,1,20,0.05,0.01472,3.3967391304347827,3.3967391304347827,False
19,tags,lawyer,1,20,0.05,0.01504,3.3244680851063833,3.3244680851063833,False
19,tags,period piece,1,20,0.05,0.01536,3.2552083333333335,3.2552083333333335,False
19,tags,gay character,1,20,0.05,0.01568,3.188775510204082,3.188775510204082,False
19,tags,political,1,20,0.05,0.01568,3.188775510204082,3.188775510204082,False
19,tags,rock and roll,1,20,0.05,0.016,3.125,3.125,False
19,tags,biographical,1,20,0.05,0.01664,3.004807692307693,3.004807692307693,False
19,tags,world war ii,1,20,0.05,0.01696,2.94811320754717,2.94811320754717,False
19,tags,supernatural,1,20,0.05,0.01728,2.8935185185185186,2.8935185185185186,False
19,tags,history,1,20,0.05,0.01728,2.8935185185185186,2.8935185185185186,False
19,tags,life & death,1,20,0.05,0.0176,2.840909090909091,2.840909090909091,False
19,tags,mentor,4,20,0.2,0.07168,2.7901785714285716,2.7901785714285716,False
19,tags,wartime,1,20,0.05,0.0192,2.604166666666667,2.604166666666667,False
19,tags,based on true story,1,20,0.05,0.01984,2.520161290322581,2.520161290322581,False
19,tags,gay,1,20,0.05,0.0208,2.403846153846154,2.403846153846154,False
19,tags,narrated,1,20,0.05,0.0208,2.403846153846154,2.403846153846154,False
19,tags,true story,1,20,0.05,0.0208,2.403846153846154,2.403846153846154,False
19,tags,based on a play,1,20,0.05,0.0208,2.403846153846154,2.403846153846154,False
19,tags,great acting,4,20,0.2,0.08448,2.3674242424242427,2.3674242424242427,False
19,genres,Comedy,15,20,0.75,0.32224,2.327457795431976,2.327457795431976,False
19,tags,fantasy,1,20,0.05,0.02176,2.297794117647059,2.297794117647059,False
19,tags,high school,1,20,0.05,0.0224,2.232142857142857,2.232142857142857,False
19,tags,oscar (best actor),1,20,0.05,0.02304,2.170138888888889,2.170138888888889,False
19,tags,small town,1,20,0.05,0.02368,2.111486486486487,2.111486486486487,False
19,tags,greed,1,20,0.05,0.02464,2.0292207792207795,2.0292207792207795,False
19,tags,family,2,20,0.1,0.05152,1.9409937888198758,1.9409937888198758,False
19,tags,big budget,1,20,0.05,0.02592,1.9290123456790125,1.9290123456790125,False
19,tags,oscar (best actress),2,20,0.1,0.05504,1.8168604651162792,1.8168604651162792,False
19,tags,music,1,20,0.05,0.02752,1.8168604651162792,1.8168604651162792,False
19,tags,oscar (best supporting actor),1,20,0.05,0.02784,1.795977011494253,1.795977011494253,False
19,tags,oscar (best cinematography),1,20,0.05,0.02816,1.7755681818181819,1.7755681818181819,False
19,tags,story,1,20,0.05,0.02848,1.75561797752809,1.75561797752809,False
19,tags,unlikely friendships,1,20,0.05,0.02976,1.6801075268817205,1.6801075268817205,False
19,tags,childhood,1,20,0.05,0.0304,1.6447368421052633,1.6447368421052633,False
19,tags,children,1,20,0.05,0.03104,1.6108247422680413,1.6108247422680413,False
19,tags,based on book,1,20,0.05,0.03872,1.2913223140495869,1.2913223140495869,False
19,genres,War,1,20,0.05,0.0432,1.1574074074074074,1.1574074074074074,False
19,tags,great movie,1,20,0.05,0.04352,1.1488970588235294,1.1488970588235294,False
19,tags,funny,1,20,0.05,0.04832,1.03476821192053,1.03476821192053,False
19,tags,chase,1,20,0.05,0.0528,0.946969696969697,0.946969696969697,False
19,tags,special effects,1,20,0.05,0.05408,0.9245562130177515,0.9245562130177515,False
19,tags,suspense,1,20,0.05,0.05568,0.8979885057471265,0.8979885057471265,False
19,tags,comedy,2,20,0.1,0.11168,0.8954154727793696,0.8954154727793696,False
19,genres,Drama,7,20,0.35,0.39584,0.8841956345998382,0.8841956345998382,False
19,tags,dramatic,1,20,0.05,0.06464,0.7735148514851485,0.7735148514851485,False
19,tags,imdb top 250,1,20,0.05,0.09824,0.508957654723127,0.508957654723127,False
19,genres,Thriller,1,20,0.05,0.14016,0.3567351598173516,0.3567351598173516,False
19,tags,original,1,20,0.05,0.25024,0.19980818414322252,0.19980818414322252,False
20,tags,shopping,3,20,0.15,0.00096,156.25,156.25,True
20,tags,good romantic comedies,9,20,0.45,0.00704,63.92045454545455,63.92045454545455,True
20,tags,sappy,1,20,0.05,0.00096,52.083333333333336,52.083333333333336,False
20,tags,wedding,2,20,0.1,0.00224,44.642857142857146,44.642857142857146,True
20,tags,spelling bee,1,20,0.05,0.00128,39.0625,39.0625,False
20,tags,girlie movie,15,20,0.75,0.02272,33.01056338028169,33.01056338028169,False
20,tags,very good,1,20,0.05,0.0016,31.25,31.25,False
20,tags,family bonds,1,20,0.05,0.0016,31.25,31.25,False
20,tags,happy ending,9,20,0.45,0.016,28.125,28.125,False
20,tags,feel good movie,8,20,0.4,0.0144,27.77777777777778,27.77777777777778,False
20,tags,chick flick,15,20,0.75,0.03136,23.915816326530614,23.915816326530614,False
20,tags,feel-good,13,20,0.65,0.02784,23.347701149425287,23.347701149425287,False
20,tags,internet,1,20,0.05,0.00224,22.321428571428573,22.321428571428573,False
20,tags,ghosts/afterlife,1,20,0.05,0.00224,22.321428571428573,22.321428571428573,False
20,tags,writer's life,1,20,0.05,0.00224,22.321428571428573,22.321428571428573,False
20,tags,sweet,8,20,0.4,0.01856,21.551724137931036,21.551724137931036,False
20,tags,romantic comedy,14,20,0.7,0.03424,20.44392523364486,20.44392523364486,False
20,tags,cute!,2,20,0.1,0.00512,19.53125,19.53125,False
20,tags,afterlife,1,20,0.05,0.00256,19.53125,19.53125,False
20,tags,catastrophe,1,20,0.05,0.00256,19.53125,19.53125,False
20,tags,romance,15,20,0.75,0.03904,19.211065573770494,19.211065573770494,False
20,tags,destiny,9,20,0.45,0.024,18.75,18.75,False
20,tags,cute,3,20,0.15,0.00864,17.36111111111111,17.36111111111111,False
20,tags,classical music,1,20,0.05,0.00288,17.36111111111111,17.36111111111111,False
20,tags,oscar winner,5,20,0.25,0.01568,15.943877551020408,15.943877551020408,False
20,tags,inspirational,2,20,0.1,0.0064,15.625,15.625,False
20,tags,sentimental,5,20,0.25,0.01664,15.024038461538463,15.024038461538463,False
20,tags,predictable,2,20,0.1,0.00672,14.880952380952381,14.880952380952381,False
20,tags,tear jerker,2,20,0.1,0.00704,14.204545454545455,14.204545454545455,False
20,tags,baseball,1,20,0.05,0.00352,14.204545454545455,14.204545454545455,False
20,tags,romantic,15,20,0.75,0.05568,13.469827586206897,13.469827586206897,False
20,tags,football,1,20,0.05,0.00384,13.020833333333334,13.020833333333334,False
20,tags,teacher,1,20,0.05,0.00384,13.020833333333334,13.020833333333334,False
20,tags,divorce,1,20,0.05,0.00416,12.019230769230772,12.019230769230772,False
20,tags,love story,15,20,0.75,0.06368,11.777638190954773,11.777638190954773,False
20,tags,prostitution,1,20,0.05,0.00448,11.160714285714286,11.160714285714286,False
20,tags,life,1,20,0.05,0.00448,11.160714285714286,11.160714285714286,False
20,tags,earnest,1,20,0.05,0.0048,10.416666666666668,10.416666666666668,False
20,tags,single father,1,20,0.05,0.0048,10.416666666666668,10.416666666666668,False
20,tags,fairy tales,1,20,0.05,0.0048,10.416666666666668,10.416666666666668,False
20,tags,inspiring,1,20,0.05,0.0048,10.416666666666668,10.416666666666668,False
20,tags,women,3,20,0.15,0.01568,9.566326530612244,9.566326530612244,False
20,tags,disability,1,20,0.05,0.00544,9.191176470588236,9.191176470588236,False
20,tags,rags to riches,1,20,0.05,0.00576,8.680555555555555,8.680555555555555,False
20,tags,london,1,20,0.05,0.00576,8.680555555555555,8.680555555555555,False
20,tags,president,1,20,0.05,0.00576,8.680555555555555,8.680555555555555,False
20,tags,heartwarming,2,20,0.1,0.01184,8.445945945945947,8.445945945945947,False
20,tags,nostalgic,2,20,0.1,0.01216,8.223684210526315,8.223684210526315,False
20,tags,cross dressing,1,20,0.05,0.00608,8.223684210526315,8.223684210526315,False
20,tags,good,6,20,0.3,0.0368,8.152173913043478,8.152173913043478,False
20,tags,fighting the system,1,20,0.05,0.0064,7.8125,7.8125,False
20,tags,oscar,4,20,0.2,0.0272,7.352941176470589,7.352941176470589,False
20,tags,pg-13,1,20,0.05,0.00704,7.1022727272727275,7.1022727272727275,False
20,tags,love,5,20,0.25,0.03616,6.913716814159293,6.913716814159293,False
20,tags,fairy tale,2,20,0.1,0.01504,6.6489361702127665,6.6489361702127665,False
20,tags,gay character,2,20,0.1,0.01568,6.377551020408164,6.377551020408164,False
20,tags,drama,8,20,0.4,0.06656,6.009615384615386,6.009615384615386,False
20,tags,world politics,1,20,0.05,0.00832,6.009615384615386,6.009615384615386,False
20,genres,Romance,15,20,0.75,0.13312,5.634014423076923,5.634014423076923,False
20,tags,sports,2,20,0.1,0.01792,5.580357142857143,5.580357142857143,False
20,tags,ghosts,1,20,0.05,0.00896,5.580357142857143,5.580357142857143,False
20,tags,relationships,6,20,0.3,0.05376,5.580357142857142,5.580357142857142,False
20,tags,oscar (best supporting actress),2,20,0.1,0.01856,5.387931034482759,5.387931034482759,False
20,tags,natural disaster,1,20,0.05,0.00928,5.387931034482759,5.387931034482759,False
20,tags,remake,1,20,0.05,0.00928,5.387931034482759,5.387931034482759,False
20,tags,touching,3,20,0.15,0.02816,5.326704545454545,5.326704545454545,False
20,tags,bittersweet,2,20,0.1,0.01888,5.296610169491525,5.296610169491525,False
20,tags,dog,1,20,0.05,0.0096,5.208333333333334,5.208333333333334,False
20,tags,courtroom,1,20,0.05,0.00992,5.040322580645162,5.040322580645162,False
20,tags,gay,2,20,0.1,0.0208,4.807692307692308,4.807692307692308,False
20,tags,artistic,1,20,0.05,0.01056,4.734848484848485,4.734848484848485,False
20,tags,oscar (best picture),3,20,0.15,0.03296,4.550970873786407,4.550970873786407,False
20,tags,magic,1,20,0.05,0.0112,4.464285714285714,4.464285714285714,False
20,tags,epic,1,20,0.05,0.0112,4.464285714285714,4.464285714285714,False
20,tags,good acting,1,20,0.05,0.0112,4.464285714285714,4.464285714285714,False
20,tags,historical,2,20,0.1,0.02272,4.401408450704225,4.401408450704225,False
20,tags,oscar (best actor),2,20,0.1,0.02304,4.340277777777778,4.340277777777778,False
20,tags,us history,1,20,0.05,0.01152,4.340277777777778,4.340277777777778,False
20,tags,based on a true story,1,20,0.05,0.01184,4.222972972972974,4.222972972972974,False
20,tags,lawyers,1,20,0.05,0.01216,4.1118421052631575,4.1118421052631575,False
20,tags,death,1,20,0.05,0.01248,4.006410256410256,4.006410256410256,False
20,tags,good music,1,20,0.05,0.01248,4.006410256410256,4.006410256410256,False
20,tags,quotable,2,20,0.1,0.02688,3.7202380952380953,3.7202380952380953,False
20,tags,excellent script,3,20,0.15,0.04128,3.6337209302325584,3.6337209302325584,False
20,tags,oscar (best supporting actor),2,20,0.1,0.02784,3.591954022988506,3.591954022988506,False
20,tags,british,1,20,0.05,0.01408,3.5511363636363638,3.5511363636363638,False
20,tags,beautiful scenery,1,20,0.05,0.01408,3.5511363636363638,3.5511363636363638,False
20,tags,mentor,5,20,0.25,0.07168,3.4877232142857144,3.4877232142857144,False
20,tags,musicians,1,20,0.05,0.0144,3.4722222222222223,3.4722222222222223,False
20,tags,oscar (best directing),5,20,0.25,0.07264,3.441629955947137,3.441629955947137,False
20,tags,politics,1,20,0.05,0.01472,3.3967391304347827,3.3967391304347827,False
20,tags,lawyer,1,20,0.05,0.01504,3.3244680851063833,3.3244680851063833,False
20,tags,political,1,20,0.05,0.01568,3.188775510204082,3.188775510204082,False
20,tags,rock and roll,1,20,0.05,0.016,3.125,3.125,False
20,tags,biographical,1,20,0.05,0.01664,3.004807692307693,3.004807692307693,False
20,tags,world war ii,1,20,0.05,0.01696,2.94811320754717,2.94811320754717,False
20,tags,supernatural,1,20,0.05,0.01728,2.8935185185185186,2.8935185185185186,False
20,tags,history,1,20,0.05,0.01728,2.8935185185185186,2.8935185185185186,False
20,tags,life & death,1,20,0.05,0.0176,2.840909090909091,2.840909090909091,False
20,tags,wartime,1,20,0.05,0.0192,2.604166666666667,2.604166666666667,False
20,tags,based on true story,1,20,0.05,0.01984,2.520161290322581,2.520161290322581,False
20,tags,narrated,1,20,0.05,0.0208,2.403846153846154,2.403846153846154,False
20,tags,true story,1,20,0.05,0.0208,2.403846153846154,2.403846153846154,False
20,tags,based on a play,1,20,0.05,0.0208,2.403846153846154,2.403846153846154,False
20,tags,great acting,4,20,0.2,0.08448,2.3674242424242427,2.3674242424242427,False
20,genres,Comedy,15,20,0.75,0.32224,2.327457795431976,2.327457795431976,False
20,tags,great movie,2,20,0.1,0.04352,2.297794117647059,2.297794117647059,False
20,tags,fantasy,1,20,0.05,0.02176,2.297794117647059,2.297794117647059,False
20,tags,high school,1,20,0.05,0.0224,2.232142857142857,2.232142857142857,False
20,tags,small town,1,20,0.05,0.02368,2.111486486486487,2.111486486486487,False
20,tags,greed,1,20,0.05,0.02464,2.0292207792207795,2.0292207792207795,False
20,tags,family,2,20,0.1,0.05152,1.9409937888198758,1.9409937888198758,False
20,tags,big budget,1,20,0.05,0.02592,1.9290123456790125,1.9290123456790125,False
20,tags,oscar (best actress),2,20,0.1,0.05504,1.8168604651162792,1.8168604651162792,False
20,tags,music,1,20,0.05,0.02752,1.8168604651162792,1.8168604651162792,False
20,tags,oscar (best cinematography),1,20,0.05,0.02816,1.7755681818181819,1.7755681818181819,False
20,tags,story,1,20,0.05,0.02848,1.75561797752809,1.75561797752809,False
20,tags,unlikely friendships,1,20,0.05,0.02976,1.6801075268817205,1.6801075268817205,False
20,tags,childhood,1,20,0.05,0.0304,1.6447368421052633,1.6447368421052633,False
20,tags,children,1,20,0.05,0.03104,1.6108247422680413,1.6108247422680413,False
20,tags,comedy,3,20,0.15,0.11168,1.3431232091690544,1.3431232091690544,False
20,tags,based on book,1,20,0.05,0.03872,1.2913223140495869,1.2913223140495869,False
20,genres,War,1,20,0.05,0.0432,1.1574074074074074,1.1574074074074074,False
20,tags,funny,1,20,0.05,0.04832,1.03476821192053,1.03476821192053,False
20,genres,Drama,8,20,0.4,0.39584,1.0105092966855296,1.0105092966855296,False
20,tags,chase,1,20,0.05,0.0528,0.946969696969697,0.946969696969697,False
20,tags,special effects,1,20,0.05,0.05408,0.9245562130177515,0.9245562130177515,False
20,tags,suspense,1,20,0.05,0.05568,0.8979885057471265,0.8979885057471265,False
20,tags,dramatic,1,20,0.05,0.06464,0.7735148514851485,0.7735148514851485,False
20,tags,imdb top 250,1,20,0.05,0.09824,0.508957654723127,0.508957654723127,False
20,genres,Thriller,1,20,0.05,0.14016,0.3567351598173516,0.3567351598173516,False
20,tags,original,1,20,0.05,0.25024,0.19980818414322252,0.19980818414322252,False
21,tags,star wars,3,20,0.15,0.00128,117.18749999999999,117.18749999999999,True
21,tags,saturn award (best special effects),7,20,0.35,0.0032,109.37499999999999,109.37499999999999,True
21,tags,oscar (best sound),2,20,0.1,0.00096,104.16666666666667,104.16666666666667,True
21,tags,oscar (best effects - visual effects),9,20,0.45,0.0048,93.75000000000001,93.75000000000001,False
21,tags,original plot,6,20,0.3,0.0032,93.74999999999999,93.74999999999999,False
21,tags,man versus machine,2,20,0.1,0.00128,78.125,78.125,False
21,tags,android(s)/cyborg(s),2,20,0.1,0.00128,78.125,78.125,False
21,tags,isolation,1,20,0.05,0.00064,78.125,78.125,False
21,tags,cgi,1,20,0.05,0.00064,78.125,78.125,False
21,tags,androids,5,20,0.25,0.00416,60.096153846153854,60.096153846153854,False
21,tags,artificial intelligence,1,20,0.05,0.00096,52.083333333333336,52.083333333333336,False
21,tags,philip k. dick,1,20,0.05,0.00096,52.083333333333336,52.083333333333336,False
21,tags,antarctica,1,20,0.05,0.00096,52.083333333333336,52.083333333333336,False
21,tags,robots,6,20,0.3,0.0064,46.87499999999999,46.87499999999999,False
21,tags,motorcycle,3,20,0.15,0.0032,46.87499999999999,46.87499999999999,False
21,tags,dynamic cgi action,3,20,0.15,0.0032,46.87499999999999,46.87499999999999,False
21,tags,arnold,4,20,0.2,0.00448,44.642857142857146,44.642857142857146,False
21,tags,cloning,2,20,0.1,0.00224,44.642857142857146,44.642857142857146,False
21,tags,cyborgs,4,20,0.2,0.0048,41.66666666666667,41.66666666666667,False
21,tags,spock,1,20,0.05,0.00128,39.0625,39.0625,False
21,tags,apocalypse,4,20,0.2,0.00544,36.76470588235294,36.76470588235294,False
21,tags,lone hero,5,20,0.25,0.00704,35.51136363636363,35.51136363636363,False
21,tags,star trek,2,20,0.1,0.00288,34.72222222222222,34.72222222222222,False
21,tags,snakes,2,20,0.1,0.00288,34.72222222222222,34.72222222222222,False
21,tags,memory,1,20,0.05,0.0016,31.25,31.25,False
21,tags,genetics,1,20,0.05,0.0016,31.25,31.25,False
21,tags,indiana jones,1,20,0.05,0.0016,31.25,31.25,False
21,tags,dystopia,6,20,0.3,0.00992,30.241935483870968,30.241935483870968,False
21,tags,time travel,3,20,0.15,0.00512,29.296874999999996,29.296874999999996,False
21,tags,dystopic future,4,20,0.2,0.00704,28.40909090909091,28.40909090909091,False
21,tags,car chase,2,20,0.1,0.00352,28.40909090909091,28.40909090909091,False
21,tags,space opera,6,20,0.3,0.0112,26.785714285714285,26.785714285714285,False
21,tags,nuclear war,1,20,0.05,0.00192,26.041666666666668,26.041666666666668,False
21,tags,australian,1,20,0.05,0.00192,26.041666666666668,26.041666666666668,False
21,tags,gore,1,20,0.05,0.00192,26.041666666666668,26.041666666666668,False
21,tags,robot,3,20,0.15,0.00576,26.041666666666664,26.041666666666664,False
21,tags,desert,3,20,0.15,0.00576,26.041666666666664,26.041666666666664,False
21,tags,trilogy,3,20,0.15,0.00608,24.671052631578945,24.671052631578945,False
21,tags,space travel,5,20,0.25,0.01024,24.414062499999996,24.414062499999996,False
21,tags,sword fight,4,20,0.2,0.00832,24.038461538461544,24.038461538461544,False
21,tags,good versus evil,4,20,0.2,0.00832,24.038461538461544,24.038461538461544,False
21,tags,aliens,10,20,0.5,0.0208,24.03846153846154,24.03846153846154,False
21,tags,futuristic,13,20,0.65,0.0272,23.897058823529413,23.897058823529413,False
21,tags,post apocalyptic,2,20,0.1,0.00448,22.321428571428573,22.321428571428573,False
21,tags,exciting,2,20,0.1,0.00448,22.321428571428573,22.321428571428573,False
21,tags,hunting,1,20,0.05,0.00224,22.321428571428573,22.321428571428573,False
21,tags,dinosaurs,1,20,0.05,0.00224,22.321428571428573,22.321428571428573,False
21,tags,archaeology,1,20,0.05,0.00224,22.321428571428573,22.321428571428573,False
21,tags,highly quotable,5,20,0.25,0.01184,21.114864864864867,21.114864864864867,False
21,tags,story,12,20,0.6,0.02848,21.06741573033708,21.06741573033708,False
21,tags,visceral,8,20,0.4,0.01984,20.161290322580648,20.161290322580648,False
21,tags,future,8,20,0.4,0.02048,19.53125,19.53125,False
21,tags,alien invasion,3,20,0.15,0.00768,19.53125,19.53125,False
21,tags,spielberg,2,20,0.1,0.00512,19.53125,19.53125,False
21,tags,midlife crisis,1,20,0.05,0.00256,19.53125,19.53125,False
21,tags,scifi,16,20,0.8,0.04288,18.65671641791045,18.65671641791045,False
21,tags,foul language,2,20,0.1,0.00544,18.38235294117647,18.38235294117647,False
21,tags,post-apocalyptic,2,20,0.1,0.00544,18.38235294117647,18.38235294117647,False
21,tags,cars,2,20,0.1,0.00544,18.38235294117647,18.38235294117647,False
21,tags,dialogue,10,20,0.5,0.02752,18.16860465116279,18.16860465116279,False
21,tags,effects,3,20,0.15,0.00832,18.028846153846153,18.028846153846153,False
21,tags,epic,4,20,0.2,0.0112,17.857142857142858,17.857142857142858,False
21,tags,sci fi,15,20,0.75,0.04288,17.490671641791046,17.490671641791046,False
21,tags,road movie,2,20,0.1,0.00576,17.36111111111111,17.36111111111111,False
21,tags,high fantasy,1,20,0.05,0.00288,17.36111111111111,17.36111111111111,False
21,tags,sci-fi,15,20,0.75,0.04512,16.622340425531913,16.622340425531913,False
21,tags,science fiction,16,20,0.8,0.04832,16.55629139072848,16.55629139072848,False
21,tags,realistic action,2,20,0.1,0.00608,16.44736842105263,16.44736842105263,False
21,tags,space,7,20,0.35,0.02176,16.08455882352941,16.08455882352941,False
21,tags,gangs,2,20,0.1,0.0064,15.625,15.625,False
21,tags,australia,2,20,0.1,0.0064,15.625,15.625,False
21,tags,clones,1,20,0.05,0.0032,15.625,15.625,False
21,tags,mutants,1,20,0.05,0.0032,15.625,15.625,False
21,tags,treasure,1,20,0.05,0.0032,15.625,15.625,False
21,tags,alien,6,20,0.3,0.01952,15.368852459016393,15.368852459016393,False
21,tags,technology,6,20,0.3,0.01984,15.120967741935484,15.120967741935484,False
21,tags,claustrophobic,3,20,0.15,0.00992,15.120967741935484,15.120967741935484,False
21,tags,special effects,16,20,0.8,0.05408,14.792899408284024,14.792899408284024,False
21,tags,mythology,3,20,0.15,0.01024,14.648437499999998,14.648437499999998,False
21,tags,pg-13,2,20,0.1,0.00704,14.204545454545455,14.204545454545455,False
21,tags,survival,1,20,0.05,0.00352,14.204545454545455,14.204545454545455,False
21,tags,modern fantasy,1,20,0.05,0.00352,14.204545454545455,14.204545454545455,False
21,tags,egypt,1,20,0.05,0.00352,14.204545454545455,14.204545454545455,False
21,tags,light,1,20,0.05,0.00352,14.204545454545455,14.204545454545455,False
21,tags,fighting,3,20,0.15,0.01056,14.204545454545453,14.204545454545453,False
21,tags,series,6,20,0.3,0.0224,13.392857142857142,13.392857142857142,False
21,tags,virtual reality,1,20,0.05,0.00384,13.020833333333334,13.020833333333334,False
21,tags,quotable,7,20,0.35,0.02688,13.020833333333332,13.020833333333332,False
21,tags,action packed,8,20,0.4,0.03136,12.755102040816327,12.755102040816327,False
21,tags,end of the world,2,20,0.1,0.008,12.5,12.5,False
21,tags,chase,13,20,0.65,0.0528,12.31060606060606,12.31060606060606,False
21,tags,weapons,4,20,0.2,0.01664,12.019230769230772,12.019230769230772,False
21,tags,biblical,1,20,0.05,0.00416,12.019230769230772,12.019230769230772,False
21,tags,good action,12,20,0.6,0.05056,11.867088607594937,11.867088607594937,False
21,tags,first contact,3,20,0.15,0.0128,11.718749999999998,11.718749999999998,False
21,tags,monster,3,20,0.15,0.0128,11.718749999999998,11.718749999999998,False
21,tags,awesome soundtrack,4,20,0.2,0.0176,11.363636363636363,11.363636363636363,False
21,genres,Sci-Fi,18,20,0.9,0.08032,11.205179282868526,11.205179282868526,False
21,tags,frightening,2,20,0.1,0.00896,11.160714285714286,11.160714285714286,False
21,tags,wizards,1,20,0.05,0.00448,11.160714285714286,11.160714285714286,False
21,tags,natural disaster,2,20,0.1,0.00928,10.775862068965518,10.775862068965518,False
21,tags,violent,8,20,0.4,0.03744,10.683760683760685,10.683760683760685,False
21,tags,action,17,20,0.85,0.07968,10.667670682730924,10.667670682730924,False
21,tags,franchise,10,20,0.5,0.04928,10.146103896103897,10.146103896103897,False
21,tags,adventure,8,20,0.4,0.04,10.0,10.0,False
21,tags,cyberpunk,1,20,0.05,0.00512,9.765625,9.765625,False
21,tags,treasure hunt,1,20,0.05,0.00512,9.765625,9.765625,False
21,tags,big budget,5,20,0.25,0.02592,9.645061728395062,9.645061728395062,False
21,tags,mother-son relationship,1,20,0.05,0.00544,9.191176470588236,9.191176470588236,False
21,tags,alternate reality,1,20,0.05,0.00544,9.191176470588236,9.191176470588236,False
21,tags,anti-hero,1,20,0.05,0.00544,9.191176470588236,9.191176470588236,False
21,tags,vengeance,4,20,0.2,0.02208,9.057971014492754,9.057971014492754,False
21,tags,intense,5,20,0.25,0.02784,8.979885057471265,8.979885057471265,False
21,tags,visual,6,20,0.3,0.03456,8.680555555555555,8.680555555555555,False
21,tags,revenge,2,20,0.1,0.01184,8.445945945945947,8.445945945945947,False
21,tags,violence,8,20,0.4,0.04832,8.27814569536424,8.27814569536424,False
21,tags,007 (series),1,20,0.05,0.00608,8.223684210526315,8.223684210526315,False
21,tags,suspense,9,20,0.45,0.05568,8.081896551724139,8.081896551724139,False
21,tags,atmospheric,2,20,0.1,0.01248,8.012820512820513,8.012820512820513,False
21,tags,great ending,6,20,0.3,0.03776,7.944915254237287,7.944915254237287,False
21,tags,war,3,20,0.15,0.01888,7.944915254237287,7.944915254237287,False
21,tags,sacrifice,1,20,0.05,0.0064,7.8125,7.8125,False
21,tags,prison,1,20,0.05,0.0064,7.8125,7.8125,False
21,tags,nocturnal,1,20,0.05,0.0064,7.8125,7.8125,False
21,tags,new york,1,20,0.05,0.00672,7.440476190476191,7.440476190476191,False
21,tags,scary,3,20,0.15,0.02048,7.324218749999999,7.324218749999999,False
21,tags,tense,8,20,0.4,0.05536,7.225433526011561,7.225433526011561,False
21,tags,sequel,4,20,0.2,0.02784,7.183908045977012,7.183908045977012,False
21,tags,great movie,6,20,0.3,0.04352,6.893382352941176,6.893382352941176,False
21,tags,fantasy,3,20,0.15,0.02176,6.893382352941176,6.893382352941176,False
21,genres,Action,20,20,1.0,0.14528,6.883259911894274,6.883259911894274,False
21,tags,80s,2,20,0.1,0.01472,6.793478260869565,6.793478260869565,False
21,tags,rebellion,1,20,0.05,0.00736,6.793478260869565,6.793478260869565,False
21,tags,destiny,3,20,0.15,0.024,6.25,6.25,False
21,tags,explosions,1,20,0.05,0.008,6.25,6.25,False
21,tags,vigilante,1,20,0.05,0.008,6.25,6.25,False
21,tags,stop motion,1,20,0.05,0.008,6.25,6.25,False
21,tags,nazi,1,20,0.05,0.00832,6.009615384615386,6.009615384615386,False
21,tags,great,3,20,0.15,0.02496,6.009615384615384,6.009615384615384,False
21,tags,classic,9,20,0.45,0.0752,5.98404255319149,5.98404255319149,False
21,tags,gunfight,3,20,0.15,0.0256,5.859374999999999,5.859374999999999,False
21,tags,mars,1,20,0.05,0.00864,5.787037037037037,5.787037037037037,False
21,tags,new york city,1,20,0.05,0.00864,5.787037037037037,5.787037037037037,False
21,tags,san francisco,1,20,0.05,0.00896,5.580357142857143,5.580357142857143,False
21,genres,Adventure,9,20,0.45,0.08256,5.450581395348838,5.450581395348838,False
21,tags,good,4,20,0.2,0.0368,5.434782608695652,5.434782608695652,False
21,tags,cult classic,5,20,0.25,0.04608,5.425347222222222,5.425347222222222,False
21,tags,imdb top 250,10,20,0.5,0.09824,5.089576547231271,5.089576547231271,False
21,tags,paranoia,1,20,0.05,0.00992,5.040322580645162,5.040322580645162,False
21,tags,jungle,1,20,0.05,0.01056,4.734848484848485,4.734848484848485,False
21,tags,dark,2,20,0.1,0.02144,4.664179104477612,4.664179104477612,False
21,genres,War,4,20,0.2,0.0432,4.62962962962963,4.62962962962963,False
21,tags,forceful,1,20,0.05,0.01088,4.595588235294118,4.595588235294118,False
21,tags,computer animation,1,20,0.05,0.01088,4.595588235294118,4.595588235294118,False
21,tags,police,1,20,0.05,0.0112,4.464285714285714,4.464285714285714,False
21,tags,fantasy world,1,20,0.05,0.01152,4.340277777777778,4.340277777777778,False
21,tags,fast paced,2,20,0.1,0.02368,4.222972972972974,4.222972972972974,False
21,tags,ominous,1,20,0.05,0.01216,4.1118421052631575,4.1118421052631575,False
21,tags,death,1,20,0.05,0.01248,4.006410256410256,4.006410256410256,False
21,tags,70mm,1,20,0.05,0.01312,3.810975609756098,3.810975609756098,False
21,tags,redemption,1,20,0.05,0.01312,3.810975609756098,3.810975609756098,False
21,tags,suspenseful,3,20,0.15,0.03968,3.780241935483871,3.780241935483871,False
21,tags,masterpiece,5,20,0.25,0.0672,3.7202380952380953,3.7202380952380953,False
21,tags,excellent script,3,20,0.15,0.04128,3.6337209302325584,3.6337209302325584,False
21,tags,storytelling,4,20,0.2,0.05536,3.6127167630057806,3.6127167630057806,False
21,tags,imagination,1,20,0.05,0.01408,3.5511363636363638,3.5511363636363638,False
21,tags,cool,1,20,0.05,0.01408,3.5511363636363638,3.5511363636363638,False
21,tags,mentor,5,20,0.25,0.07168,3.4877232142857144,3.4877232142857144,False
21,tags,visually appealing,3,20,0.15,0.04416,3.3967391304347827,3.3967391304347827,False
21,tags,assassin,1,20,0.05,0.01472,3.3967391304347827,3.3967391304347827,False
21,tags,nazis,1,20,0.05,0.01472,3.3967391304347827,3.3967391304347827,False
21,tags,splatter,2,20,0.1,0.02976,3.360215053763441,3.360215053763441,False
21,tags,gory,1,20,0.05,0.01504,3.3244680851063833,3.3244680851063833,False
21,genres,Thriller,9,20,0.45,0.14016,3.210616438356164,3.210616438356164,False
21,tags,original,16,20,0.8,0.25024,3.1969309462915603,3.1969309462915603,False
21,tags,oscar winner,1,20,0.05,0.01568,3.188775510204082,3.188775510204082,False
21,tags,creepy,2,20,0.1,0.03488,2.86697247706422,2.86697247706422,False
21,tags,powerful ending,1,20,0.05,0.01888,2.6483050847457625,2.6483050847457625,False
21,tags,fun movie,2,20,0.1,0.03872,2.5826446280991737,2.5826446280991737,False
21,tags,fight scenes,1,20,0.05,0.01952,2.5614754098360657,2.5614754098360657,False
21,genres,Fantasy,1,20,0.05,0.0208,2.403846153846154,2.403846153846154,False
21,tags,horror,3,20,0.15,0.064,2.34375,2.34375,False
21,tags,conspiracy,1,20,0.05,0.02176,2.297794117647059,2.297794117647059,False
21,tags,good sequel,1,20,0.05,0.02656,1.8825301204819278,1.8825301204819278,False
21,tags,cult film,1,20,0.05,0.02688,1.8601190476190477,1.8601190476190477,False
21,tags,oscar (best supporting actor),1,20,0.05,0.02784,1.795977011494253,1.795977011494253,False
21,tags,brutality,1,20,0.05,0.02784,1.795977011494253,1.795977011494253,False
21,tags,children,1,20,0.05,0.03104,1.6108247422680413,1.6108247422680413,False
21,tags,oscar (best picture),1,20,0.05,0.03296,1.5169902912621358,1.5169902912621358,False
21,tags,thriller,1,20,0.05,0.03488,1.43348623853211,1.43348623853211,False
21,tags,oscar (best directing),2,20,0.1,0.07264,1.3766519823788548,1.3766519823788548,False
21,tags,based on book,1,20,0.05,0.03872,1.2913223140495869,1.2913223140495869,False
21,genres,Horror,2,20,0.1,0.08512,1.174812030075188,1.174812030075188,False
21,tags,weird,1,20,0.05,0.0448,1.1160714285714286,1.1160714285714286,False
21,genres,Crime,1,20,0.05,0.05696,0.877808988764045,0.877808988764045,False
21,tags,adapted from:book,1,20,0.05,0.06336,0.7891414141414141,0.7891414141414141,False
21,tags,based on a book,1,20,0.05,0.06656,0.7512019230769232,0.7512019230769232,False
21,tags,criterion,1,20,0.05,0.07456,0.6706008583690988,0.6706008583690988,False
21,tags,great acting,1,20,0.05,0.08448,0.5918560606060607,0.5918560606060607,False
21,genres,Romance,1,20,0.05,0.13312,0.3756009615384616,0.3756009615384616,False
21,genres,Drama,1,20,0.05,0.39584,0.1263136620856912,0.1263136620856912,False
22,tags,shopping,3,20,0.15,0.00096,156.25,156.25,True
22,tags,good romantic comedies,9,20,0.45,0.00704,63.92045454545455,63.92045454545455,True
22,tags,sappy,1,20,0.05,0.00096,52.083333333333336,52.083333333333336,False
22,tags,wedding,2,20,0.1,0.00224,44.642857142857146,44.642857142857146,True
22,tags,spelling bee,1,20,0.05,0.00128,39.0625,39.0625,False
22,tags,girlie movie,16,20,0.8,0.02272,35.2112676056338,35.2112676056338,False
22,tags,very good,1,20,0.05,0.0016,31.25,31.25,False
22,tags,family bonds,1,20,0.05,0.0016,31.25,31.25,False
22,tags,happy ending,9,20,0.45,0.016,28.125,28.125,False
22,tags,chick flick,16,20,0.8,0.03136,25.510204081632654,25.510204081632654,False
22,tags,feel good movie,7,20,0.35,0.0144,24.305555555555554,24.305555555555554,False
22,tags,internet,1,20,0.05,0.00224,22.321428571428573,22.321428571428573,False
22,tags,ghosts/afterlife,1,20,0.05,0.00224,22.321428571428573,22.321428571428573,False
22,tags,sweet,8,20,0.4,0.01856,21.551724137931036,21.551724137931036,False
22,tags,feel-good,12,20,0.6,0.02784,21.551724137931032,21.551724137931032,False
22,tags,romantic comedy,14,20,0.7,0.03424,20.44392523364486,20.44392523364486,False
22,tags,cute!,2,20,0.1,0.00512,19.53125,19.53125,False
22,tags,afterlife,1,20,0.05,0.00256,19.53125,19.53125,False
22,tags,catastrophe,1,20,0.05,0.00256,19.53125,19.53125,False
22,tags,romance,15,20,0.75,0.03904,19.211065573770494,19.211065573770494,False
22,tags,destiny,9,20,0.45,0.024,18.75,18.75,False
22,tags,cute,3,20,0.15,0.00864,17.36111111111111,17.36111111111111,False
22,tags,classical music,1,20,0.05,0.00288,17.36111111111111,17.36111111111111,False
22,tags,oscar winner,5,20,0.25,0.01568,15.943877551020408,15.943877551020408,False
22,tags,inspirational,2,20,0.1,0.0064,15.625,15.625,False
22,tags,sentimental,5,20,0.25,0.01664,15.024038461538463,15.024038461538463,False
22,tags,predictable,2,20,0.1,0.00672,14.880952380952381,14.880952380952381,False
22,tags,tear jerker,2,20,0.1,0.00704,14.204545454545455,14.204545454545455,False
22,tags,baseball,1,20,0.05,0.00352,14.204545454545455,14.204545454545455,False
22,tags,romantic,15,20,0.75,0.05568,13.469827586206897,13.469827586206897,False
22,tags,football,1,20,0.05,0.00384,13.020833333333334,13.020833333333334,False
22,tags,teacher,1,20,0.05,0.00384,13.020833333333334,13.020833333333334,False
22,tags,divorce,1,20,0.05,0.00416,12.019230769230772,12.019230769230772,False
22,tags,love story,15,20,0.75,0.06368,11.777638190954773,11.777638190954773,False
22,tags,prostitution,1,20,0.05,0.00448,11.160714285714286,11.160714285714286,False
22,tags,life,1,20,0.05,0.00448,11.160714285714286,11.160714285714286,False
22,tags,earnest,1,20,0.05,0.0048,10.416666666666668,10.416666666666668,False
22,tags,single father,1,20,0.05,0.0048,10.416666666666668,10.416666666666668,False
22,tags,fairy tales,1,20,0.05,0.0048,10.416666666666668,10.416666666666668,False
22,tags,inspiring,1,20,0.05,0.0048,10.416666666666668,10.416666666666668,False
22,tags,women,3,20,0.15,0.01568,9.566326530612244,9.566326530612244,False
22,tags,disability,1,20,0.05,0.00544,9.191176470588236,9.191176470588236,False
22,tags,rags to riches,1,20,0.05,0.00576,8.680555555555555,8.680555555555555,False
22,tags,london,1,20,0.05,0.00576,8.680555555555555,8.680555555555555,False
22,tags,president,1,20,0.05,0.00576,8.680555555555555,8.680555555555555,False
22,tags,heartwarming,2,20,0.1,0.01184,8.445945945945947,8.445945945945947,False
22,tags,nostalgic,2,20,0.1,0.01216,8.223684210526315,8.223684210526315,False
22,tags,cross dressing,1,20,0.05,0.00608,8.223684210526315,8.223684210526315,False
22,tags,fighting the system,1,20,0.05,0.0064,7.8125,7.8125,False
22,tags,oscar,4,20,0.2,0.0272,7.352941176470589,7.352941176470589,False
22,tags,british,2,20,0.1,0.01408,7.1022727272727275,7.1022727272727275,False
22,tags,pg-13,1,20,0.05,0.00704,7.1022727272727275,7.1022727272727275,False
22,tags,shakespeare,1,20,0.05,0.00704,7.1022727272727275,7.1022727272727275,False
22,tags,love,5,20,0.25,0.03616,6.913716814159293,6.913716814159293,False
22,tags,good,5,20,0.25,0.0368,6.793478260869565,6.793478260869565,False
22,tags,fairy tale,2,20,0.1,0.01504,6.6489361702127665,6.6489361702127665,False
22,genres,Romance,16,20,0.8,0.13312,6.009615384615386,6.009615384615386,False
22,tags,drama,8,20,0.4,0.06656,6.009615384615386,6.009615384615386,False
22,tags,world politics,1,20,0.05,0.00832,6.009615384615386,6.009615384615386,False
22,tags,sports,2,20,0.1,0.01792,5.580357142857143,5.580357142857143,False
22,tags,ghosts,1,20,0.05,0.00896,5.580357142857143,5.580357142857143,False
22,tags,literature,1,20,0.05,0.00896,5.580357142857143,5.580357142857143,False
22,tags,oscar (best supporting actress),2,20,0.1,0.01856,5.387931034482759,5.387931034482759,False
22,tags,natural disaster,1,20,0.05,0.00928,5.387931034482759,5.387931034482759,False
22,tags,remake,1,20,0.05,0.00928,5.387931034482759,5.387931034482759,False
22,tags,touching,3,20,0.15,0.02816,5.326704545454545,5.326704545454545,False
22,tags,bittersweet,2,20,0.1,0.01888,5.296610169491525,5.296610169491525,False
22,tags,dog,1,20,0.05,0.0096,5.208333333333334,5.208333333333334,False
22,tags,courtroom,1,20,0.05,0.00992,5.040322580645162,5.040322580645162,False
22,tags,costume drama,1,20,0.05,0.01024,4.8828125,4.8828125,False
22,tags,passionate,1,20,0.05,0.01024,4.8828125,4.8828125,False
22,tags,artistic,1,20,0.05,0.01056,4.734848484848485,4.734848484848485,False
22,tags,relationships,5,20,0.25,0.05376,4.650297619047619,4.650297619047619,False
22,tags,oscar (best picture),3,20,0.15,0.03296,4.550970873786407,4.550970873786407,False
22,tags,magic,1,20,0.05,0.0112,4.464285714285714,4.464285714285714,False
22,tags,epic,1,20,0.05,0.0112,4.464285714285714,4.464285714285714,False
22,tags,witty,1,20,0.05,0.0112,4.464285714285714,4.464285714285714,False
22,tags,historical,2,20,0.1,0.02272,4.401408450704225,4.401408450704225,False
22,tags,us history,1,20,0.05,0.01152,4.340277777777778,4.340277777777778,False
22,tags,england,1,20,0.05,0.01152,4.340277777777778,4.340277777777778,False
22,tags,based on a true story,1,20,0.05,0.01184,4.222972972972974,4.222972972972974,False
22,tags,lawyers,1,20,0.05,0.01216,4.1118421052631575,4.1118421052631575,False
22,tags,death,1,20,0.05,0.01248,4.006410256410256,4.006410256410256,False
22,tags,good music,1,20,0.05,0.01248,4.006410256410256,4.006410256410256,False
22,tags,quotable,2,20,0.1,0.02688,3.7202380952380953,3.7202380952380953,False
22,tags,excellent script,3,20,0.15,0.04128,3.6337209302325584,3.6337209302325584,False
22,tags,beautiful scenery,1,20,0.05,0.01408,3.5511363636363638,3.5511363636363638,False
22,tags,musicians,1,20,0.05,0.0144,3.4722222222222223,3.4722222222222223,False
22,tags,oscar (best directing),5,20,0.25,0.07264,3.441629955947137,3.441629955947137,False
22,tags,politics,1,20,0.05,0.01472,3.3967391304347827,3.3967391304347827,False
22,tags,lawyer,1,20,0.05,0.01504,3.3244680851063833,3.3244680851063833,False
22,tags,period piece,1,20,0.05,0.01536,3.2552083333333335,3.2552083333333335,False
22,tags,gay character,1,20,0.05,0.01568,3.188775510204082,3.188775510204082,False
22,tags,political,1,20,0.05,0.01568,3.188775510204082,3.188775510204082,False
22,tags,rock and roll,1,20,0.05,0.016,3.125,3.125,False
22,tags,biographical,1,20,0.05,0.01664,3.004807692307693,3.004807692307693,False
22,tags,world war ii,1,20,0.05,0.01696,2.94811320754717,2.94811320754717,False
22,tags,history,1,20,0.05,0.01728,2.8935185185185186,2.8935185185185186,False
22,tags,supernatural,1,20,0.05,0.01728,2.8935185185185186,2.8935185185185186,False
22,tags,life & death,1,20,0.05,0.0176,2.840909090909091,2.840909090909091,False
22,tags,mentor,4,20,0.2,0.07168,2.7901785714285716,2.7901785714285716,False
22,tags,wartime,1,20,0.05,0.0192,2.604166666666667,2.604166666666667,False
22,tags,based on true story,1,20,0.05,0.01984,2.520161290322581,2.520161290322581,False
22,tags,gay,1,20,0.05,0.0208,2.403846153846154,2.403846153846154,False
22,tags,narrated,1,20,0.05,0.0208,2.403846153846154,2.403846153846154,False
22,tags,true story,1,20,0.05,0.0208,2.403846153846154,2.403846153846154,False
22,tags,based on a play,1,20,0.05,0.0208,2.403846153846154,2.403846153846154,False
22,tags,great acting,4,20,0.2,0.08448,2.3674242424242427,2.3674242424242427,False
22,genres,Comedy,15,20,0.75,0.32224,2.327457795431976,2.327457795431976,False
22,tags,fantasy,1,20,0.05,0.02176,2.297794117647059,2.297794117647059,False
22,tags,high school,1,20,0.05,0.0224,2.232142857142857,2.232142857142857,False
22,tags,oscar (best actor),1,20,0.05,0.02304,2.170138888888889,2.170138888888889,False
22,tags,small town,1,20,0.05,0.02368,2.111486486486487,2.111486486486487,False
22,tags,greed,1,20,0.05,0.02464,2.0292207792207795,2.0292207792207795,False
22,tags,family,2,20,0.1,0.05152,1.9409937888198758,1.9409937888198758,False
22,tags,big budget,1,20,0.05,0.02592,1.9290123456790125,1.9290123456790125,False
22,tags,oscar (best actress),2,20,0.1,0.05504,1.8168604651162792,1.8168604651162792,False
22,tags,music,1,20,0.05,0.02752,1.8168604651162792,1.8168604651162792,False
22,tags,oscar (best supporting actor),1,20,0.05,0.02784,1.795977011494253,1.795977011494253,False
22,tags,oscar (best cinematography),1,20,0.05,0.02816,1.7755681818181819,1.7755681818181819,False
22,tags,story,1,20,0.05,0.02848,1.75561797752809,1.75561797752809,False
22,tags,unlikely friendships,1,20,0.05,0.02976,1.6801075268817205,1.6801075268817205,False
22,tags,childhood,1,20,0.05,0.0304,1.6447368421052633,1.6447368421052633,False
22,tags,children,1,20,0.05,0.03104,1.6108247422680413,1.6108247422680413,False
22,tags,based on book,1,20,0.05,0.03872,1.2913223140495869,1.2913223140495869,False
22,genres,War,1,20,0.05,0.0432,1.1574074074074074,1.1574074074074074,False
22,tags,great movie,1,20,0.05,0.04352,1.1488970588235294,1.1488970588235294,False
22,tags,funny,1,20,0.05,0.04832,1.03476821192053,1.03476821192053,False
22,tags,chase,1,20,0.05,0.0528,0.946969696969697,0.946969696969697,False
22,tags,special effects,1,20,0.05,0.05408,0.9245562130177515,0.9245562130177515,False
22,tags,suspense,1,20,0.05,0.05568,0.8979885057471265,0.8979885057471265,False
22,tags,comedy,2,20,0.1,0.11168,0.8954154727793696,0.8954154727793696,False
22,genres,Drama,7,20,0.35,0.39584,0.8841956345998382,0.8841956345998382,False
22,tags,dramatic,1,20,0.05,0.06464,0.7735148514851485,0.7735148514851485,False
22,tags,imdb top 250,1,20,0.05,0.09824,0.508957654723127,0.508957654723127,False
22,genres,Thriller,1,20,0.05,0.14016,0.3567351598173516,0.3567351598173516,False
22,tags,original,1,20,0.05,0.25024,0.19980818414322252,0.19980818414322252,False
23,tags,star wars,3,20,0.15,0.00128,117.18749999999999,117.18749999999999,True
23,tags,saturn award (best special effects),7,20,0.35,0.0032,109.37499999999999,109.37499999999999,True
23,tags,oscar (best effects - visual effects),10,20,0.5,0.0048,104.16666666666667,104.16666666666667,True
23,tags,oscar (best sound),2,20,0.1,0.00096,104.16666666666667,104.16666666666667,False
23,tags,original plot,6,20,0.3,0.0032,93.74999999999999,93.74999999999999,False
23,tags,man versus machine,2,20,0.1,0.00128,78.125,78.125,False
23,tags,isolation,1,20,0.05,0.00064,78.125,78.125,False
23,tags,cgi,1,20,0.05,0.00064,78.125,78.125,False
23,tags,indiana jones,2,20,0.1,0.0016,62.5,62.5,False
23,tags,androids,5,20,0.25,0.00416,60.096153846153854,60.096153846153854,False
23,tags,artificial intelligence,1,20,0.05,0.00096,52.083333333333336,52.083333333333336,False
23,tags,philip k. dick,1,20,0.05,0.00096,52.083333333333336,52.083333333333336,False
23,tags,antarctica,1,20,0.05,0.00096,52.083333333333336,52.083333333333336,False
23,tags,snakes,3,20,0.15,0.00288,52.08333333333333,52.08333333333333,False
23,tags,motorcycle,3,20,0.15,0.0032,46.87499999999999,46.87499999999999,False
23,tags,dynamic cgi action,3,20,0.15,0.0032,46.87499999999999,46.87499999999999,False
23,tags,arnold,4,20,0.2,0.00448,44.642857142857146,44.642857142857146,False
23,tags,cloning,2,20,0.1,0.00224,44.642857142857146,44.642857142857146,False
23,tags,archaeology,2,20,0.1,0.00224,44.642857142857146,44.642857142857146,False
23,tags,robots,5,20,0.25,0.0064,39.0625,39.0625,False
23,tags,android(s)/cyborg(s),1,20,0.05,0.00128,39.0625,39.0625,False
23,tags,spock,1,20,0.05,0.00128,39.0625,39.0625,False
23,tags,apocalypse,4,20,0.2,0.00544,36.76470588235294,36.76470588235294,False
23,tags,lone hero,5,20,0.25,0.00704,35.51136363636363,35.51136363636363,False
23,tags,star trek,2,20,0.1,0.00288,34.72222222222222,34.72222222222222,False
23,tags,trilogy,4,20,0.2,0.00608,32.89473684210526,32.89473684210526,False
23,tags,cyborgs,3,20,0.15,0.0048,31.25,31.25,False
23,tags,treasure,2,20,0.1,0.0032,31.25,31.25,False
23,tags,memory,1,20,0.05,0.0016,31.25,31.25,False
23,tags,genetics,1,20,0.05,0.0016,31.25,31.25,False
23,tags,father-son relationship,1,20,0.05,0.0016,31.25,31.25,False
23,tags,time travel,3,20,0.15,0.00512,29.296874999999996,29.296874999999996,False
23,tags,spielberg,3,20,0.15,0.00512,29.296874999999996,29.296874999999996,False
23,tags,car chase,2,20,0.1,0.00352,28.40909090909091,28.40909090909091,False
23,tags,space opera,6,20,0.3,0.0112,26.785714285714285,26.785714285714285,False
23,tags,nuclear war,1,20,0.05,0.00192,26.041666666666668,26.041666666666668,False
23,tags,australian,1,20,0.05,0.00192,26.041666666666668,26.041666666666668,False
23,tags,gore,1,20,0.05,0.00192,26.041666666666668,26.041666666666668,False
23,tags,desert,3,20,0.15,0.00576,26.041666666666664,26.041666666666664,False
23,tags,dystopia,5,20,0.25,0.00992,25.201612903225808,25.201612903225808,False
23,tags,space travel,5,20,0.25,0.01024,24.414062499999996,24.414062499999996,False
23,tags,sword fight,4,20,0.2,0.00832,24.038461538461544,24.038461538461544,False
23,tags,good versus evil,4,20,0.2,0.00832,24.038461538461544,24.038461538461544,False
23,tags,aliens,10,20,0.5,0.0208,24.03846153846154,24.03846153846154,False
23,tags,post apocalyptic,2,20,0.1,0.00448,22.321428571428573,22.321428571428573,False
23,tags,exciting,2,20,0.1,0.00448,22.321428571428573,22.321428571428573,False
23,tags,hunting,1,20,0.05,0.00224,22.321428571428573,22.321428571428573,False
23,tags,dinosaurs,1,20,0.05,0.00224,22.321428571428573,22.321428571428573,False
23,tags,futuristic,12,20,0.6,0.0272,22.058823529411764,22.058823529411764,False
23,tags,dystopic future,3,20,0.15,0.00704,21.30681818181818,21.30681818181818,False
23,tags,highly quotable,5,20,0.25,0.01184,21.114864864864867,21.114864864864867,False
23,tags,alien invasion,3,20,0.15,0.00768,19.53125,19.53125,False
23,tags,treasure hunt,2,20,0.1,0.00512,19.53125,19.53125,False
23,tags,midlife crisis,1,20,0.05,0.00256,19.53125,19.53125,False
23,tags,story,11,20,0.55,0.02848,19.311797752808992,19.311797752808992,False
23,tags,post-apocalyptic,2,20,0.1,0.00544,18.38235294117647,18.38235294117647,False
23,tags,cars,2,20,0.1,0.00544,18.38235294117647,18.38235294117647,False
23,tags,effects,3,20,0.15,0.00832,18.028846153846153,18.028846153846153,False
23,tags,epic,4,20,0.2,0.0112,17.857142857142858,17.857142857142858,False
23,tags,visceral,7,20,0.35,0.01984,17.641129032258064,17.641129032258064,False
23,tags,scifi,15,20,0.75,0.04288,17.490671641791046,17.490671641791046,False
23,tags,robot,2,20,0.1,0.00576,17.36111111111111,17.36111111111111,False
23,tags,road movie,2,20,0.1,0.00576,17.36111111111111,17.36111111111111,False
23,tags,high fantasy,1,20,0.05,0.00288,17.36111111111111,17.36111111111111,False
23,tags,future,7,20,0.35,0.02048,17.089843749999996,17.089843749999996,False
23,tags,realistic action,2,20,0.1,0.00608,16.44736842105263,16.44736842105263,False
23,tags,dialogue,9,20,0.45,0.02752,16.351744186046513,16.351744186046513,False
23,tags,sci fi,14,20,0.7,0.04288,16.32462686567164,16.32462686567164,False
23,tags,space,7,20,0.35,0.02176,16.08455882352941,16.08455882352941,False
23,tags,series,7,20,0.35,0.0224,15.625,15.625,False
23,tags,gangs,2,20,0.1,0.0064,15.625,15.625,False
23,tags,australia,2,20,0.1,0.0064,15.625,15.625,False
23,tags,clones,1,20,0.05,0.0032,15.625,15.625,False
23,tags,mutants,1,20,0.05,0.0032,15.625,15.625,False
23,tags,science fiction,15,20,0.75,0.04832,15.521523178807946,15.521523178807946,False
23,tags,sci-fi,14,20,0.7,0.04512,15.514184397163119,15.514184397163119,False
23,tags,alien,6,20,0.3,0.01952,15.368852459016393,15.368852459016393,False
23,tags,technology,6,20,0.3,0.01984,15.120967741935484,15.120967741935484,False
23,tags,claustrophobic,3,20,0.15,0.00992,15.120967741935484,15.120967741935484,False
23,tags,mythology,3,20,0.15,0.01024,14.648437499999998,14.648437499999998,False
23,tags,action packed,9,20,0.45,0.03136,14.349489795918368,14.349489795918368,False
23,tags,pg-13,2,20,0.1,0.00704,14.204545454545455,14.204545454545455,False
23,tags,survival,1,20,0.05,0.00352,14.204545454545455,14.204545454545455,False
23,tags,modern fantasy,1,20,0.05,0.00352,14.204545454545455,14.204545454545455,False
23,tags,egypt,1,20,0.05,0.00352,14.204545454545455,14.204545454545455,False
23,tags,light,1,20,0.05,0.00352,14.204545454545455,14.204545454545455,False
23,tags,fighting,3,20,0.15,0.01056,14.204545454545453,14.204545454545453,False
23,tags,special effects,15,20,0.75,0.05408,13.868343195266272,13.868343195266272,False
23,tags,virtual reality,1,20,0.05,0.00384,13.020833333333334,13.020833333333334,False
23,tags,quotable,7,20,0.35,0.02688,13.020833333333332,13.020833333333332,False
23,tags,end of the world,2,20,0.1,0.008,12.5,12.5,False
23,tags,chase,13,20,0.65,0.0528,12.31060606060606,12.31060606060606,False
23,tags,nazi,2,20,0.1,0.00832,12.019230769230772,12.019230769230772,False
23,tags,biblical,1,20,0.05,0.00416,12.019230769230772,12.019230769230772,False
23,tags,good action,12,20,0.6,0.05056,11.867088607594937,11.867088607594937,False
23,tags,first contact,3,20,0.15,0.0128,11.718749999999998,11.718749999999998,False
23,tags,monster,3,20,0.15,0.0128,11.718749999999998,11.718749999999998,False
23,tags,awesome soundtrack,4,20,0.2,0.0176,11.363636363636363,11.363636363636363,False
23,tags,adventure,9,20,0.45,0.04,11.25,11.25,False
23,tags,franchise,11,20,0.55,0.04928,11.160714285714286,11.160714285714286,False
23,tags,frightening,2,20,0.1,0.00896,11.160714285714286,11.160714285714286,False
23,tags,wizards,1,20,0.05,0.00448,11.160714285714286,11.160714285714286,False
23,tags,natural disaster,2,20,0.1,0.00928,10.775862068965518,10.775862068965518,False
23,tags,action,17,20,0.85,0.07968,10.667670682730924,10.667670682730924,False
23,genres,Sci-Fi,17,20,0.85,0.08032,10.582669322709163,10.582669322709163,False
23,tags,cyberpunk,1,20,0.05,0.00512,9.765625,9.765625,False
23,tags,big budget,5,20,0.25,0.02592,9.645061728395062,9.645061728395062,False
23,tags,violent,7,20,0.35,0.03744,9.348290598290598,9.348290598290598,False
23,tags,great ending,7,20,0.35,0.03776,9.269067796610168,9.269067796610168,False
23,tags,mother-son relationship,1,20,0.05,0.00544,9.191176470588236,9.191176470588236,False
23,tags,foul language,1,20,0.05,0.00544,9.191176470588236,9.191176470588236,False
23,tags,alternate reality,1,20,0.05,0.00544,9.191176470588236,9.191176470588236,False
23,tags,anti-hero,1,20,0.05,0.00544,9.191176470588236,9.191176470588236,False
23,tags,weapons,3,20,0.15,0.01664,9.014423076923077,9.014423076923077,False
23,tags,suspense,10,20,0.5,0.05568,8.979885057471265,8.979885057471265,False
23,tags,sequel,5,20,0.25,0.02784,8.979885057471265,8.979885057471265,False
23,tags,intense,5,20,0.25,0.02784,8.979885057471265,8.979885057471265,False
23,tags,visual,6,20,0.3,0.03456,8.680555555555555,8.680555555555555,False
23,tags,oscar (best editing),1,20,0.05,0.00576,8.680555555555555,8.680555555555555,False
23,tags,revenge,2,20,0.1,0.01184,8.445945945945947,8.445945945945947,False
23,tags,007 (series),1,20,0.05,0.00608,8.223684210526315,8.223684210526315,False
23,tags,great movie,7,20,0.35,0.04352,8.042279411764705,8.042279411764705,False
23,tags,great,4,20,0.2,0.02496,8.012820512820513,8.012820512820513,False
23,tags,atmospheric,2,20,0.1,0.01248,8.012820512820513,8.012820512820513,False
23,tags,war,3,20,0.15,0.01888,7.944915254237287,7.944915254237287,False
23,tags,sacrifice,1,20,0.05,0.0064,7.8125,7.8125,False
23,tags,prison,1,20,0.05,0.0064,7.8125,7.8125,False
23,tags,nocturnal,1,20,0.05,0.0064,7.8125,7.8125,False
23,tags,new york,1,20,0.05,0.00672,7.440476190476191,7.440476190476191,False
23,tags,father son relationship,1,20,0.05,0.00672,7.440476190476191,7.440476190476191,False
23,tags,scary,3,20,0.15,0.02048,7.324218749999999,7.324218749999999,False
23,tags,violence,7,20,0.35,0.04832,7.243377483443708,7.243377483443708,False
23,tags,tense,8,20,0.4,0.05536,7.225433526011561,7.225433526011561,False
23,tags,fantasy,3,20,0.15,0.02176,6.893382352941176,6.893382352941176,False
23,genres,Action,20,20,1.0,0.14528,6.883259911894274,6.883259911894274,False
23,tags,good,5,20,0.25,0.0368,6.793478260869565,6.793478260869565,False
23,tags,vengeance,3,20,0.15,0.02208,6.793478260869565,6.793478260869565,False
23,tags,nazis,2,20,0.1,0.01472,6.793478260869565,6.793478260869565,False
23,tags,rebellion,1,20,0.05,0.00736,6.793478260869565,6.793478260869565,False
23,tags,fast paced,3,20,0.15,0.02368,6.33445945945946,6.33445945945946,False
23,tags,destiny,3,20,0.15,0.024,6.25,6.25,False
23,tags,explosions,1,20,0.05,0.008,6.25,6.25,False
23,tags,vigilante,1,20,0.05,0.008,6.25,6.25,False
23,genres,Adventure,10,20,0.5,0.08256,6.056201550387597,6.056201550387597,False
23,tags,classic,9,20,0.45,0.0752,5.98404255319149,5.98404255319149,False
23,tags,gunfight,3,20,0.15,0.0256,5.859374999999999,5.859374999999999,False
23,tags,mars,1,20,0.05,0.00864,5.787037037037037,5.787037037037037,False
23,tags,new york city,1,20,0.05,0.00864,5.787037037037037,5.787037037037037,False
23,tags,imdb top 250,11,20,0.55,0.09824,5.598534201954398,5.598534201954398,False
23,tags,san francisco,1,20,0.05,0.00896,5.580357142857143,5.580357142857143,False
23,tags,paranoia,1,20,0.05,0.00992,5.040322580645162,5.040322580645162,False
23,tags,jungle,1,20,0.05,0.01056,4.734848484848485,4.734848484848485,False
23,tags,dark,2,20,0.1,0.02144,4.664179104477612,4.664179104477612,False
23,genres,War,4,20,0.2,0.0432,4.62962962962963,4.62962962962963,False
23,tags,forceful,1,20,0.05,0.01088,4.595588235294118,4.595588235294118,False
23,tags,computer animation,1,20,0.05,0.01088,4.595588235294118,4.595588235294118,False
23,tags,cult classic,4,20,0.2,0.04608,4.340277777777778,4.340277777777778,False
23,tags,fantasy world,1,20,0.05,0.01152,4.340277777777778,4.340277777777778,False
23,tags,mentor,6,20,0.3,0.07168,4.185267857142858,4.185267857142858,False
23,tags,ominous,1,20,0.05,0.01216,4.1118421052631575,4.1118421052631575,False
23,tags,death,1,20,0.05,0.01248,4.006410256410256,4.006410256410256,False
23,tags,fun movie,3,20,0.15,0.03872,3.8739669421487606,3.8739669421487606,False
23,tags,redemption,1,20,0.05,0.01312,3.810975609756098,3.810975609756098,False
23,tags,70mm,1,20,0.05,0.01312,3.810975609756098,3.810975609756098,False
23,tags,suspenseful,3,20,0.15,0.03968,3.780241935483871,3.780241935483871,False
23,tags,masterpiece,5,20,0.25,0.0672,3.7202380952380953,3.7202380952380953,False
23,tags,excellent script,3,20,0.15,0.04128,3.6337209302325584,3.6337209302325584,False
23,tags,storytelling,4,20,0.2,0.05536,3.6127167630057806,3.6127167630057806,False
23,tags,imagination,1,20,0.05,0.01408,3.5511363636363638,3.5511363636363638,False
23,tags,cool,1,20,0.05,0.01408,3.5511363636363638,3.5511363636363638,False
23,tags,visually appealing,3,20,0.15,0.04416,3.3967391304347827,3.3967391304347827,False
23,tags,80s,1,20,0.05,0.01472,3.3967391304347827,3.3967391304347827,False
23,tags,assassin,1,20,0.05,0.01472,3.3967391304347827,3.3967391304347827,False
23,tags,gory,1,20,0.05,0.01504,3.3244680851063833,3.3244680851063833,False
23,genres,Thriller,9,20,0.45,0.14016,3.210616438356164,3.210616438356164,False
23,tags,original,16,20,0.8,0.25024,3.1969309462915603,3.1969309462915603,False
23,tags,oscar winner,1,20,0.05,0.01568,3.188775510204082,3.188775510204082,False
23,tags,humorous,1,20,0.05,0.016,3.125,3.125,False
23,tags,creepy,2,20,0.1,0.03488,2.86697247706422,2.86697247706422,False
23,tags,powerful ending,1,20,0.05,0.01888,2.6483050847457625,2.6483050847457625,False
23,tags,fight scenes,1,20,0.05,0.01952,2.5614754098360657,2.5614754098360657,False
23,genres,Fantasy,1,20,0.05,0.0208,2.403846153846154,2.403846153846154,False
23,tags,horror,3,20,0.15,0.064,2.34375,2.34375,False
23,tags,conspiracy,1,20,0.05,0.02176,2.297794117647059,2.297794117647059,False
23,tags,good sequel,1,20,0.05,0.02656,1.8825301204819278,1.8825301204819278,False
23,tags,cult film,1,20,0.05,0.02688,1.8601190476190477,1.8601190476190477,False
23,tags,oscar (best supporting actor),1,20,0.05,0.02784,1.795977011494253,1.795977011494253,False
23,tags,splatter,1,20,0.05,0.02976,1.6801075268817205,1.6801075268817205,False
23,tags,children,1,20,0.05,0.03104,1.6108247422680413,1.6108247422680413,False
23,tags,oscar (best picture),1,20,0.05,0.03296,1.5169902912621358,1.5169902912621358,False
23,tags,thriller,1,20,0.05,0.03488,1.43348623853211,1.43348623853211,False
23,tags,oscar (best directing),2,20,0.1,0.07264,1.3766519823788548,1.3766519823788548,False
23,tags,based on book,1,20,0.05,0.03872,1.2913223140495869,1.2913223140495869,False
23,genres,Horror,2,20,0.1,0.08512,1.174812030075188,1.174812030075188,False
23,tags,weird,1,20,0.05,0.0448,1.1160714285714286,1.1160714285714286,False
23,tags,adapted from:book,1,20,0.05,0.06336,0.7891414141414141,0.7891414141414141,False
23,tags,based on a book,1,20,0.05,0.06656,0.7512019230769232,0.7512019230769232,False
23,tags,great acting,1,20,0.05,0.08448,0.5918560606060607,0.5918560606060607,False
23,tags,comedy,1,20,0.05,0.11168,0.4477077363896848,0.4477077363896848,False
23,genres,Romance,1,20,0.05,0.13312,0.3756009615384616,0.3756009615384616,False
23,genres,Drama,1,20,0.05,0.39584,0.1263136620856912,0.1263136620856912,False
24,tags,shopping,3,20,0.15,0.00096,156.25,156.25,True
24,tags,good romantic comedies,9,20,0.45,0.00704,63.92045454545455,63.92045454545455,True
24,tags,sappy,1,20,0.05,0.00096,52.083333333333336,52.083333333333336,False
24,tags,wedding,2,20,0.1,0.00224,44.642857142857146,44.642857142857146,True
24,tags,spelling bee,1,20,0.05,0.00128,39.0625,39.0625,False
24,tags,girlie movie,16,20,0.8,0.02272,35.2112676056338,35.2112676056338,False
24,tags,happy ending,10,20,0.5,0.016,31.25,31.25,False
24,tags,very good,1,20,0.05,0.0016,31.25,31.25,False
24,tags,family bonds,1,20,0.05,0.0016,31.25,31.25,False
24,tags,chick flick,16,20,0.8,0.03136,25.510204081632654,25.510204081632654,False
24,tags,feel good movie,7,20,0.35,0.0144,24.305555555555554,24.305555555555554,False
24,tags,internet,1,20,0.05,0.00224,22.321428571428573,22.321428571428573,False
24,tags,ghosts/afterlife,1,20,0.05,0.00224,22.321428571428573,22.321428571428573,False
24,tags,sweet,8,20,0.4,0.01856,21.551724137931036,21.551724137931036,False
24,tags,feel-good,12,20,0.6,0.02784,21.551724137931032,21.551724137931032,False
24,tags,tear jerker,3,20,0.15,0.00704,21.30681818181818,21.30681818181818,False
24,tags,cute!,2,20,0.1,0.00512,19.53125,19.53125,False
24,tags,afterlife,1,20,0.05,0.00256,19.53125,19.53125,False
24,tags,catastrophe,1,20,0.05,0.00256,19.53125,19.53125,False
24,tags,romantic comedy,13,20,0.65,0.03424,18.983644859813086,18.983644859813086,False
24,tags,destiny,9,20,0.45,0.024,18.75,18.75,False
24,tags,sentimental,6,20,0.3,0.01664,18.028846153846153,18.028846153846153,False
24,tags,romance,14,20,0.7,0.03904,17.93032786885246,17.93032786885246,False
24,tags,cute,3,20,0.15,0.00864,17.36111111111111,17.36111111111111,False
24,tags,classical music,1,20,0.05,0.00288,17.36111111111111,17.36111111111111,False
24,tags,inspirational,2,20,0.1,0.0064,15.625,15.625,False
24,tags,predictable,2,20,0.1,0.00672,14.880952380952381,14.880952380952381,False
24,tags,baseball,1,20,0.05,0.00352,14.204545454545455,14.204545454545455,False
24,tags,romantic,15,20,0.75,0.05568,13.469827586206897,13.469827586206897,False
24,tags,football,1,20,0.05,0.00384,13.020833333333334,13.020833333333334,False
24,tags,teacher,1,20,0.05,0.00384,13.020833333333334,13.020833333333334,False
24,tags,oscar winner,4,20,0.2,0.01568,12.755102040816327,12.755102040816327,False
24,tags,divorce,1,20,0.05,0.00416,12.019230769230772,12.019230769230772,False
24,tags,love story,15,20,0.75,0.06368,11.777638190954773,11.777638190954773,False
24,tags,prostitution,1,20,0.05,0.00448,11.160714285714286,11.160714285714286,False
24,tags,life,1,20,0.05,0.00448,11.160714285714286,11.160714285714286,False
24,tags,single father,1,20,0.05,0.0048,10.416666666666668,10.416666666666668,False
24,tags,earnest,1,20,0.05,0.0048,10.416666666666668,10.416666666666668,False
24,tags,fairy tales,1,20,0.05,0.0048,10.416666666666668,10.416666666666668,False
24,tags,inspiring,1,20,0.05,0.0048,10.416666666666668,10.416666666666668,False
24,tags,women,3,20,0.15,0.01568,9.566326530612244,9.566326530612244,False
24,tags,disability,1,20,0.05,0.00544,9.191176470588236,9.191176470588236,False
24,tags,rags to riches,1,20,0.05,0.00576,8.680555555555555,8.680555555555555,False
24,tags,london,1,20,0.05,0.00576,8.680555555555555,8.680555555555555,False
24,tags,president,1,20,0.05,0.00576,8.680555555555555,8.680555555555555,False
24,tags,heartwarming,2,20,0.1,0.01184,8.445945945945947,8.445945945945947,False
24,tags,nostalgic,2,20,0.1,0.01216,8.223684210526315,8.223684210526315,False
24,tags,cross dressing,1,20,0.05,0.00608,8.223684210526315,8.223684210526315,False
24,tags,fighting the system,1,20,0.05,0.0064,7.8125,7.8125,False
24,tags,pg-13,1,20,0.05,0.00704,7.1022727272727275,7.1022727272727275,False
24,tags,love,5,20,0.25,0.03616,6.913716814159293,6.913716814159293,False
24,tags,good,5,20,0.25,0.0368,6.793478260869565,6.793478260869565,False
24,tags,fairy tale,2,20,0.1,0.01504,6.6489361702127665,6.6489361702127665,False
24,genres,Romance,16,20,0.8,0.13312,6.009615384615386,6.009615384615386,False
24,tags,world politics,1,20,0.05,0.00832,6.009615384615386,6.009615384615386,False
24,tags,sports,2,20,0.1,0.01792,5.580357142857143,5.580357142857143,False
24,tags,ghosts,1,20,0.05,0.00896,5.580357142857143,5.580357142857143,False
24,tags,oscar,3,20,0.15,0.0272,5.514705882352941,5.514705882352941,False
24,tags,natural disaster,1,20,0.05,0.00928,5.387931034482759,5.387931034482759,False
24,tags,remake,1,20,0.05,0.00928,5.387931034482759,5.387931034482759,False
24,tags,touching,3,20,0.15,0.02816,5.326704545454545,5.326704545454545,False
24,tags,bittersweet,2,20,0.1,0.01888,5.296610169491525,5.296610169491525,False
24,tags,drama,7,20,0.35,0.06656,5.258413461538462,5.258413461538462,False
24,tags,dog,1,20,0.05,0.0096,5.208333333333334,5.208333333333334,False
24,tags,courtroom,1,20,0.05,0.00992,5.040322580645162,5.040322580645162,False
24,tags,artistic,1,20,0.05,0.01056,4.734848484848485,4.734848484848485,False
24,tags,relationships,5,20,0.25,0.05376,4.650297619047619,4.650297619047619,False
24,tags,magic,1,20,0.05,0.0112,4.464285714285714,4.464285714285714,False
24,tags,epic,1,20,0.05,0.0112,4.464285714285714,4.464285714285714,False
24,tags,historical,2,20,0.1,0.02272,4.401408450704225,4.401408450704225,False
24,tags,us history,1,20,0.05,0.01152,4.340277777777778,4.340277777777778,False
24,tags,based on a true story,1,20,0.05,0.01184,4.222972972972974,4.222972972972974,False
24,tags,lawyers,1,20,0.05,0.01216,4.1118421052631575,4.1118421052631575,False
24,tags,death,1,20,0.05,0.01248,4.006410256410256,4.006410256410256,False
24,tags,good music,1,20,0.05,0.01248,4.006410256410256,4.006410256410256,False
24,tags,quotable,2,20,0.1,0.02688,3.7202380952380953,3.7202380952380953,False
24,tags,british,1,20,0.05,0.01408,3.5511363636363638,3.5511363636363638,False
24,tags,beautiful scenery,1,20,0.05,0.01408,3.5511363636363638,3.5511363636363638,False
24,tags,musicians,1,20,0.05,0.0144,3.4722222222222223,3.4722222222222223,False
24,tags,politics,1,20,0.05,0.01472,3.3967391304347827,3.3967391304347827,False
24,tags,lawyer,1,20,0.05,0.01504,3.3244680851063833,3.3244680851063833,False
24,tags,gay character,1,20,0.05,0.01568,3.188775510204082,3.188775510204082,False
24,tags,political,1,20,0.05,0.01568,3.188775510204082,3.188775510204082,False
24,tags,rock and roll,1,20,0.05,0.016,3.125,3.125,False
24,tags,oscar (best picture),2,20,0.1,0.03296,3.0339805825242716,3.0339805825242716,False
24,tags,biographical,1,20,0.05,0.01664,3.004807692307693,3.004807692307693,False
24,tags,world war ii,1,20,0.05,0.01696,2.94811320754717,2.94811320754717,False
24,tags,supernatural,1,20,0.05,0.01728,2.8935185185185186,2.8935185185185186,False
24,tags,history,1,20,0.05,0.01728,2.8935185185185186,2.8935185185185186,False
24,tags,life & death,1,20,0.05,0.0176,2.840909090909091,2.840909090909091,False
24,tags,mentor,4,20,0.2,0.07168,2.7901785714285716,2.7901785714285716,False
24,tags,oscar (best directing),4,20,0.2,0.07264,2.7533039647577096,2.7533039647577096,False
24,tags,oscar (best supporting actress),1,20,0.05,0.01856,2.6939655172413794,2.6939655172413794,False
24,tags,wartime,1,20,0.05,0.0192,2.604166666666667,2.604166666666667,False
24,tags,based on true story,1,20,0.05,0.01984,2.520161290322581,2.520161290322581,False
24,tags,excellent script,2,20,0.1,0.04128,2.422480620155039,2.422480620155039,False
24,tags,gay,1,20,0.05,0.0208,2.403846153846154,2.403846153846154,False
24,tags,narrated,1,20,0.05,0.0208,2.403846153846154,2.403846153846154,False
24,tags,true story,1,20,0.05,0.0208,2.403846153846154,2.403846153846154,False
24,tags,based on a play,1,20,0.05,0.0208,2.403846153846154,2.403846153846154,False
24,genres,Comedy,15,20,0.75,0.32224,2.327457795431976,2.327457795431976,False
24,tags,fantasy,1,20,0.05,0.02176,2.297794117647059,2.297794117647059,False
24,tags,high school,1,20,0.05,0.0224,2.232142857142857,2.232142857142857,False
24,tags,oscar (best actor),1,20,0.05,0.02304,2.170138888888889,2.170138888888889,False
24,tags,small town,1,20,0.05,0.02368,2.111486486486487,2.111486486486487,False
24,tags,greed,1,20,0.05,0.02464,2.0292207792207795,2.0292207792207795,False
24,tags,family,2,20,0.1,0.05152,1.9409937888198758,1.9409937888198758,False
24,tags,big budget,1,20,0.05,0.02592,1.9290123456790125,1.9290123456790125,False
24,tags,music,1,20,0.05,0.02752,1.8168604651162792,1.8168604651162792,False
24,tags,oscar (best supporting actor),1,20,0.05,0.02784,1.795977011494253,1.795977011494253,False
24,tags,oscar (best cinematography),1,20,0.05,0.02816,1.7755681818181819,1.7755681818181819,False
24,tags,great acting,3,20,0.15,0.08448,1.7755681818181817,1.7755681818181817,False
24,tags,story,1,20,0.05,0.02848,1.75561797752809,1.75561797752809,False
24,tags,unlikely friendships,1,20,0.05,0.02976,1.6801075268817205,1.6801075268817205,False
24,tags,childhood,1,20,0.05,0.0304,1.6447368421052633,1.6447368421052633,False
24,tags,children,1,20,0.05,0.03104,1.6108247422680413,1.6108247422680413,False
24,tags,based on book,1,20,0.05,0.03872,1.2913223140495869,1.2913223140495869,False
24,genres,War,1,20,0.05,0.0432,1.1574074074074074,1.1574074074074074,False
24,tags,great movie,1,20,0.05,0.04352,1.1488970588235294,1.1488970588235294,False
24,tags,funny,1,20,0.05,0.04832,1.03476821192053,1.03476821192053,False
24,genres,Drama,8,20,0.4,0.39584,1.0105092966855296,1.0105092966855296,False
24,tags,chase,1,20,0.05,0.0528,0.946969696969697,0.946969696969697,False
24,tags,special effects,1,20,0.05,0.05408,0.9245562130177515,0.9245562130177515,False
24,tags,oscar (best actress),1,20,0.05,0.05504,0.9084302325581396,0.9084302325581396,False
24,tags,suspense,1,20,0.05,0.05568,0.8979885057471265,0.8979885057471265,False
24,tags,comedy,2,20,0.1,0.11168,0.8954154727793696,0.8954154727793696,False
24,tags,dramatic,1,20,0.05,0.06464,0.7735148514851485,0.7735148514851485,False
24,tags,imdb top 250,1,20,0.05,0.09824,0.508957654723127,0.508957654723127,False
24,genres,Thriller,1,20,0.05,0.14016,0.3567351598173516,0.3567351598173516,False
24,tags,original,1,20,0.05,0.25024,0.19980818414322252,0.19980818414322252,False
25,tags,star wars,3,20,0.15,0.00128,117.18749999999999,117.18749999999999,True
25,tags,saturn award (best special effects),7,20,0.35,0.0032,109.37499999999999,109.37499999999999,True
25,tags,oscar (best sound),2,20,0.1,0.00096,104.16666666666667,104.16666666666667,True
25,tags,oscar (best effects - visual effects),9,20,0.45,0.0048,93.75000000000001,93.75000000000001,False
25,tags,original plot,6,20,0.3,0.0032,93.74999999999999,93.74999999999999,False
25,tags,man versus machine,2,20,0.1,0.00128,78.125,78.125,False
25,tags,cgi,1,20,0.05,0.00064,78.125,78.125,False
25,tags,isolation,1,20,0.05,0.00064,78.125,78.125,False
25,tags,androids,5,20,0.25,0.00416,60.096153846153854,60.096153846153854,False
25,tags,artificial intelligence,1,20,0.05,0.00096,52.083333333333336,52.083333333333336,False
25,tags,antarctica,1,20,0.05,0.00096,52.083333333333336,52.083333333333336,False
25,tags,philip k. dick,1,20,0.05,0.00096,52.083333333333336,52.083333333333336,False
25,tags,motorcycle,3,20,0.15,0.0032,46.87499999999999,46.87499999999999,False
25,tags,dynamic cgi action,3,20,0.15,0.0032,46.87499999999999,46.87499999999999,False
25,tags,arnold,4,20,0.2,0.00448,44.642857142857146,44.642857142857146,False
25,tags,cloning,2,20,0.1,0.00224,44.642857142857146,44.642857142857146,False
25,tags,archaeology,2,20,0.1,0.00224,44.642857142857146,44.642857142857146,False
25,tags,robots,5,20,0.25,0.0064,39.0625,39.0625,False
25,tags,android(s)/cyborg(s),1,20,0.05,0.00128,39.0625,39.0625,False
25,tags,spock,1,20,0.05,0.00128,39.0625,39.0625,False
25,tags,apocalypse,4,20,0.2,0.00544,36.76470588235294,36.76470588235294,False
25,tags,lone hero,5,20,0.25,0.00704,35.51136363636363,35.51136363636363,False
25,tags,star trek,2,20,0.1,0.00288,34.72222222222222,34.72222222222222,False
25,tags,snakes,2,20,0.1,0.00288,34.72222222222222,34.72222222222222,False
25,tags,space opera,7,20,0.35,0.0112,31.25,31.25,False
25,tags,cyborgs,3,20,0.15,0.0048,31.25,31.25,False
25,tags,genetics,1,20,0.05,0.0016,31.25,31.25,False
25,tags,memory,1,20,0.05,0.0016,31.25,31.25,False
25,tags,indiana jones,1,20,0.05,0.0016,31.25,31.25,False
25,tags,space travel,6,20,0.3,0.01024,29.296874999999996,29.296874999999996,False
25,tags,time travel,3,20,0.15,0.00512,29.296874999999996,29.296874999999996,False
25,tags,car chase,2,20,0.1,0.00352,28.40909090909091,28.40909090909091,False
25,tags,egypt,2,20,0.1,0.00352,28.40909090909091,28.40909090909091,False
25,tags,aliens,11,20,0.55,0.0208,26.442307692307697,26.442307692307697,False
25,tags,nuclear war,1,20,0.05,0.00192,26.041666666666668,26.041666666666668,False
25,tags,australian,1,20,0.05,0.00192,26.041666666666668,26.041666666666668,False
25,tags,gore,1,20,0.05,0.00192,26.041666666666668,26.041666666666668,False
25,tags,desert,3,20,0.15,0.00576,26.041666666666664,26.041666666666664,False
25,tags,dystopia,5,20,0.25,0.00992,25.201612903225808,25.201612903225808,False
25,tags,trilogy,3,20,0.15,0.00608,24.671052631578945,24.671052631578945,False
25,tags,sword fight,4,20,0.2,0.00832,24.038461538461544,24.038461538461544,False
25,tags,good versus evil,4,20,0.2,0.00832,24.038461538461544,24.038461538461544,False
25,tags,futuristic,13,20,0.65,0.0272,23.897058823529413,23.897058823529413,False
25,tags,post apocalyptic,2,20,0.1,0.00448,22.321428571428573,22.321428571428573,False
25,tags,exciting,2,20,0.1,0.00448,22.321428571428573,22.321428571428573,False
25,tags,hunting,1,20,0.05,0.00224,22.321428571428573,22.321428571428573,False
25,tags,dinosaurs,1,20,0.05,0.00224,22.321428571428573,22.321428571428573,False
25,tags,teleportation,1,20,0.05,0.00224,22.321428571428573,22.321428571428573,False
25,tags,dystopic future,3,20,0.15,0.00704,21.30681818181818,21.30681818181818,False
25,tags,highly quotable,5,20,0.25,0.01184,21.114864864864867,21.114864864864867,False
25,tags,mythology,4,20,0.2,0.01024,19.53125,19.53125,False
25,tags,alien invasion,3,20,0.15,0.00768,19.53125,19.53125,False
25,tags,spielberg,2,20,0.1,0.00512,19.53125,19.53125,False
25,tags,midlife crisis,1,20,0.05,0.00256,19.53125,19.53125,False
25,tags,story,11,20,0.55,0.02848,19.311797752808992,19.311797752808992,False
25,tags,scifi,16,20,0.8,0.04288,18.65671641791045,18.65671641791045,False
25,tags,space,8,20,0.4,0.02176,18.38235294117647,18.38235294117647,False
25,tags,post-apocalyptic,2,20,0.1,0.00544,18.38235294117647,18.38235294117647,False
25,tags,cars,2,20,0.1,0.00544,18.38235294117647,18.38235294117647,False
25,tags,effects,3,20,0.15,0.00832,18.028846153846153,18.028846153846153,False
25,tags,alien,7,20,0.35,0.01952,17.93032786885246,17.93032786885246,False
25,tags,epic,4,20,0.2,0.0112,17.857142857142858,17.857142857142858,False
25,tags,technology,7,20,0.35,0.01984,17.641129032258064,17.641129032258064,False
25,tags,visceral,7,20,0.35,0.01984,17.641129032258064,17.641129032258064,False
25,tags,sci fi,15,20,0.75,0.04288,17.490671641791046,17.490671641791046,False
25,tags,robot,2,20,0.1,0.00576,17.36111111111111,17.36111111111111,False
25,tags,road movie,2,20,0.1,0.00576,17.36111111111111,17.36111111111111,False
25,tags,high fantasy,1,20,0.05,0.00288,17.36111111111111,17.36111111111111,False
25,tags,future,7,20,0.35,0.02048,17.089843749999996,17.089843749999996,False
25,tags,sci-fi,15,20,0.75,0.04512,16.622340425531913,16.622340425531913,False
25,tags,science fiction,16,20,0.8,0.04832,16.55629139072848,16.55629139072848,False
25,tags,realistic action,2,20,0.1,0.00608,16.44736842105263,16.44736842105263,False
25,tags,dialogue,9,20,0.45,0.02752,16.351744186046513,16.351744186046513,False
25,tags,series,7,20,0.35,0.0224,15.625,15.625,False
25,tags,first contact,4,20,0.2,0.0128,15.625,15.625,False
25,tags,gangs,2,20,0.1,0.0064,15.625,15.625,False
25,tags,australia,2,20,0.1,0.0064,15.625,15.625,False
25,tags,clones,1,20,0.05,0.0032,15.625,15.625,False
25,tags,mutants,1,20,0.05,0.0032,15.625,15.625,False
25,tags,treasure,1,20,0.05,0.0032,15.625,15.625,False
25,tags,claustrophobic,3,20,0.15,0.00992,15.120967741935484,15.120967741935484,False
25,tags,special effects,16,20,0.8,0.05408,14.792899408284024,14.792899408284024,False
25,tags,pg-13,2,20,0.1,0.00704,14.204545454545455,14.204545454545455,False
25,tags,survival,1,20,0.05,0.00352,14.204545454545455,14.204545454545455,False
25,tags,modern fantasy,1,20,0.05,0.00352,14.204545454545455,14.204545454545455,False
25,tags,light,1,20,0.05,0.00352,14.204545454545455,14.204545454545455,False
25,tags,fighting,3,20,0.15,0.01056,14.204545454545453,14.204545454545453,False
25,tags,virtual reality,1,20,0.05,0.00384,13.020833333333334,13.020833333333334,False
25,tags,quotable,7,20,0.35,0.02688,13.020833333333332,13.020833333333332,False
25,tags,action packed,8,20,0.4,0.03136,12.755102040816327,12.755102040816327,False
25,tags,end of the world,2,20,0.1,0.008,12.5,12.5,False
25,tags,biblical,1,20,0.05,0.00416,12.019230769230772,12.019230769230772,False
25,tags,monster,3,20,0.15,0.0128,11.718749999999998,11.718749999999998,False
25,tags,big budget,6,20,0.3,0.02592,11.574074074074074,11.574074074074074,False
25,tags,chase,12,20,0.6,0.0528,11.363636363636363,11.363636363636363,False
25,tags,awesome soundtrack,4,20,0.2,0.0176,11.363636363636363,11.363636363636363,False
25,tags,adventure,9,20,0.45,0.04,11.25,11.25,False
25,genres,Sci-Fi,18,20,0.9,0.08032,11.205179282868526,11.205179282868526,False
25,tags,frightening,2,20,0.1,0.00896,11.160714285714286,11.160714285714286,False
25,tags,wizards,1,20,0.05,0.00448,11.160714285714286,11.160714285714286,False
25,tags,good action,11,20,0.55,0.05056,10.878164556962027,10.878164556962027,False
25,tags,natural disaster,2,20,0.1,0.00928,10.775862068965518,10.775862068965518,False
25,tags,action,17,20,0.85,0.07968,10.667670682730924,10.667670682730924,False
25,tags,franchise,10,20,0.5,0.04928,10.146103896103897,10.146103896103897,False
25,tags,cyberpunk,1,20,0.05,0.00512,9.765625,9.765625,False
25,tags,treasure hunt,1,20,0.05,0.00512,9.765625,9.765625,False
25,tags,violent,7,20,0.35,0.03744,9.348290598290598,9.348290598290598,False
25,tags,mother-son relationship,1,20,0.05,0.00544,9.191176470588236,9.191176470588236,False
25,tags,foul language,1,20,0.05,0.00544,9.191176470588236,9.191176470588236,False
25,tags,alternate reality,1,20,0.05,0.00544,9.191176470588236,9.191176470588236,False
25,tags,anti-hero,1,20,0.05,0.00544,9.191176470588236,9.191176470588236,False
25,tags,weapons,3,20,0.15,0.01664,9.014423076923077,9.014423076923077,False
25,tags,intense,5,20,0.25,0.02784,8.979885057471265,8.979885057471265,False
25,tags,visual,6,20,0.3,0.03456,8.680555555555555,8.680555555555555,False
25,tags,revenge,2,20,0.1,0.01184,8.445945945945947,8.445945945945947,False
25,tags,007 (series),1,20,0.05,0.00608,8.223684210526315,8.223684210526315,False
25,tags,suspense,9,20,0.45,0.05568,8.081896551724139,8.081896551724139,False
25,tags,atmospheric,2,20,0.1,0.01248,8.012820512820513,8.012820512820513,False
25,tags,great ending,6,20,0.3,0.03776,7.944915254237287,7.944915254237287,False
25,tags,war,3,20,0.15,0.01888,7.944915254237287,7.944915254237287,False
25,tags,sacrifice,1,20,0.05,0.0064,7.8125,7.8125,False
25,tags,prison,1,20,0.05,0.0064,7.8125,7.8125,False
25,tags,nocturnal,1,20,0.05,0.0064,7.8125,7.8125,False
25,tags,new york,1,20,0.05,0.00672,7.440476190476191,7.440476190476191,False
25,tags,scary,3,20,0.15,0.02048,7.324218749999999,7.324218749999999,False
25,tags,violence,7,20,0.35,0.04832,7.243377483443708,7.243377483443708,False
25,tags,tense,8,20,0.4,0.05536,7.225433526011561,7.225433526011561,False
25,tags,sequel,4,20,0.2,0.02784,7.183908045977012,7.183908045977012,False
25,tags,great movie,6,20,0.3,0.04352,6.893382352941176,6.893382352941176,False
25,tags,fantasy,3,20,0.15,0.02176,6.893382352941176,6.893382352941176,False
25,genres,Action,20,20,1.0,0.14528,6.883259911894274,6.883259911894274,False
25,tags,vengeance,3,20,0.15,0.02208,6.793478260869565,6.793478260869565,False
25,tags,rebellion,1,20,0.05,0.00736,6.793478260869565,6.793478260869565,False
25,tags,destiny,3,20,0.15,0.024,6.25,6.25,False
25,tags,explosions,1,20,0.05,0.008,6.25,6.25,False
25,tags,vigilante,1,20,0.05,0.008,6.25,6.25,False
25,genres,Adventure,10,20,0.5,0.08256,6.056201550387597,6.056201550387597,False
25,tags,nazi,1,20,0.05,0.00832,6.009615384615386,6.009615384615386,False
25,tags,great,3,20,0.15,0.02496,6.009615384615384,6.009615384615384,False
25,tags,classic,9,20,0.45,0.0752,5.98404255319149,5.98404255319149,False
25,tags,gunfight,3,20,0.15,0.0256,5.859374999999999,5.859374999999999,False
25,tags,mars,1,20,0.05,0.00864,5.787037037037037,5.787037037037037,False
25,tags,new york city,1,20,0.05,0.00864,5.787037037037037,5.787037037037037,False
25,tags,san francisco,1,20,0.05,0.00896,5.580357142857143,5.580357142857143,False
25,tags,good,4,20,0.2,0.0368,5.434782608695652,5.434782608695652,False
25,tags,imdb top 250,10,20,0.5,0.09824,5.089576547231271,5.089576547231271,False
25,tags,paranoia,1,20,0.05,0.00992,5.040322580645162,5.040322580645162,False
25,tags,jungle,1,20,0.05,0.01056,4.734848484848485,4.734848484848485,False
25,tags,dark,2,20,0.1,0.02144,4.664179104477612,4.664179104477612,False
25,genres,War,4,20,0.2,0.0432,4.62962962962963,4.62962962962963,False
25,tags,forceful,1,20,0.05,0.01088,4.595588235294118,4.595588235294118,False
25,tags,computer animation,1,20,0.05,0.01088,4.595588235294118,4.595588235294118,False
25,tags,military,1,20,0.05,0.01088,4.595588235294118,4.595588235294118,False
25,tags,cult classic,4,20,0.2,0.04608,4.340277777777778,4.340277777777778,False
25,tags,fantasy world,1,20,0.05,0.01152,4.340277777777778,4.340277777777778,False
25,tags,fast paced,2,20,0.1,0.02368,4.222972972972974,4.222972972972974,False
25,tags,ominous,1,20,0.05,0.01216,4.1118421052631575,4.1118421052631575,False
25,tags,death,1,20,0.05,0.01248,4.006410256410256,4.006410256410256,False
25,tags,70mm,1,20,0.05,0.01312,3.810975609756098,3.810975609756098,False
25,tags,redemption,1,20,0.05,0.01312,3.810975609756098,3.810975609756098,False
25,tags,suspenseful,3,20,0.15,0.03968,3.780241935483871,3.780241935483871,False
25,tags,masterpiece,5,20,0.25,0.0672,3.7202380952380953,3.7202380952380953,False
25,tags,excellent script,3,20,0.15,0.04128,3.6337209302325584,3.6337209302325584,False
25,tags,storytelling,4,20,0.2,0.05536,3.6127167630057806,3.6127167630057806,False
25,tags,imagination,1,20,0.05,0.01408,3.5511363636363638,3.5511363636363638,False
25,tags,cool,1,20,0.05,0.01408,3.5511363636363638,3.5511363636363638,False
25,tags,mentor,5,20,0.25,0.07168,3.4877232142857144,3.4877232142857144,False
25,tags,visually appealing,3,20,0.15,0.04416,3.3967391304347827,3.3967391304347827,False
25,tags,80s,1,20,0.05,0.01472,3.3967391304347827,3.3967391304347827,False
25,tags,assassin,1,20,0.05,0.01472,3.3967391304347827,3.3967391304347827,False
25,tags,nazis,1,20,0.05,0.01472,3.3967391304347827,3.3967391304347827,False
25,tags,gory,1,20,0.05,0.01504,3.3244680851063833,3.3244680851063833,False
25,genres,Thriller,9,20,0.45,0.14016,3.210616438356164,3.210616438356164,False
25,tags,oscar winner,1,20,0.05,0.01568,3.188775510204082,3.188775510204082,False
25,tags,original,15,20,0.75,0.25024,2.9971227621483374,2.9971227621483374,False
25,tags,creepy,2,20,0.1,0.03488,2.86697247706422,2.86697247706422,False
25,tags,powerful ending,1,20,0.05,0.01888,2.6483050847457625,2.6483050847457625,False
25,tags,fun movie,2,20,0.1,0.03872,2.5826446280991737,2.5826446280991737,False
25,tags,fight scenes,1,20,0.05,0.01952,2.5614754098360657,2.5614754098360657,False
25,genres,Fantasy,1,20,0.05,0.0208,2.403846153846154,2.403846153846154,False
25,tags,horror,3,20,0.15,0.064,2.34375,2.34375,False
25,tags,conspiracy,1,20,0.05,0.02176,2.297794117647059,2.297794117647059,False
25,tags,good sequel,1,20,0.05,0.02656,1.8825301204819278,1.8825301204819278,False
25,tags,cult film,1,20,0.05,0.02688,1.8601190476190477,1.8601190476190477,False
25,tags,oscar (best supporting actor),1,20,0.05,0.02784,1.795977011494253,1.795977011494253,False
25,tags,splatter,1,20,0.05,0.02976,1.6801075268817205,1.6801075268817205,False
25,tags,children,1,20,0.05,0.03104,1.6108247422680413,1.6108247422680413,False
25,tags,oscar (best picture),1,20,0.05,0.03296,1.5169902912621358,1.5169902912621358,False
25,tags,thriller,1,20,0.05,0.03488,1.43348623853211,1.43348623853211,False
25,tags,oscar (best directing),2,20,0.1,0.07264,1.3766519823788548,1.3766519823788548,False
25,tags,based on book,1,20,0.05,0.03872,1.2913223140495869,1.2913223140495869,False
25,genres,Horror,2,20,0.1,0.08512,1.174812030075188,1.174812030075188,False
25,tags,weird,1,20,0.05,0.0448,1.1160714285714286,1.1160714285714286,False
25,tags,adapted from:book,1,20,0.05,0.06336,0.7891414141414141,0.7891414141414141,False
25,tags,based on a book,1,20,0.05,0.06656,0.7512019230769232,0.7512019230769232,False
25,tags,great acting,1,20,0.05,0.08448,0.5918560606060607,0.5918560606060607,False
25,genres,Romance,1,20,0.05,0.13312,0.3756009615384616,0.3756009615384616,False
25,genres,Drama,1,20,0.05,0.39584,0.1263136620856912,0.1263136620856912,False
26,tags,star wars,3,20,0.15,0.00128,117.18749999999999,117.18749999999999,True
26,tags,oscar (best sound),2,20,0.1,0.00096,104.16666666666667,104.16666666666667,True
26,tags,oscar (best effects - visual effects),9,20,0.45,0.0048,93.75000000000001,93.75000000000001,True
26,tags,original plot,6,20,0.3,0.0032,93.74999999999999,93.74999999999999,False
26,tags,saturn award (best special effects),6,20,0.3,0.0032,93.74999999999999,93.74999999999999,False
26,tags,man versus machine,2,20,0.1,0.00128,78.125,78.125,False
26,tags,cgi,1,20,0.05,0.00064,78.125,78.125,False
26,tags,isolation,1,20,0.05,0.00064,78.125,78.125,False
26,tags,androids,5,20,0.25,0.00416,60.096153846153854,60.096153846153854,False
26,tags,artificial intelligence,1,20,0.05,0.00096,52.083333333333336,52.083333333333336,False
26,tags,philip k. dick,1,20,0.05,0.00096,52.083333333333336,52.083333333333336,False
26,tags,antarctica,1,20,0.05,0.00096,52.083333333333336,52.083333333333336,False
26,tags,motorcycle,3,20,0.15,0.0032,46.87499999999999,46.87499999999999,False
26,tags,dynamic cgi action,3,20,0.15,0.0032,46.87499999999999,46.87499999999999,False
26,tags,arnold,4,20,0.2,0.00448,44.642857142857146,44.642857142857146,False
26,tags,cloning,2,20,0.1,0.00224,44.642857142857146,44.642857142857146,False
26,tags,robots,5,20,0.25,0.0064,39.0625,39.0625,False
26,tags,android(s)/cyborg(s),1,20,0.05,0.00128,39.0625,39.0625,False
26,tags,spock,1,20,0.05,0.00128,39.0625,39.0625,False
26,tags,apocalypse,4,20,0.2,0.00544,36.76470588235294,36.76470588235294,False
26,tags,lone hero,5,20,0.25,0.00704,35.51136363636363,35.51136363636363,False
26,tags,star trek,2,20,0.1,0.00288,34.72222222222222,34.72222222222222,False
26,tags,snakes,2,20,0.1,0.00288,34.72222222222222,34.72222222222222,False
26,tags,trilogy,4,20,0.2,0.00608,32.89473684210526,32.89473684210526,False
26,tags,cyborgs,3,20,0.15,0.0048,31.25,31.25,False
26,tags,genetics,1,20,0.05,0.0016,31.25,31.25,False
26,tags,memory,1,20,0.05,0.0016,31.25,31.25,False
26,tags,indiana jones,1,20,0.05,0.0016,31.25,31.25,False
26,tags,father-son relationship,1,20,0.05,0.0016,31.25,31.25,False
26,tags,time travel,3,20,0.15,0.00512,29.296874999999996,29.296874999999996,False
26,tags,car chase,2,20,0.1,0.00352,28.40909090909091,28.40909090909091,False
26,tags,space opera,6,20,0.3,0.0112,26.785714285714285,26.785714285714285,False
26,tags,nuclear war,1,20,0.05,0.00192,26.041666666666668,26.041666666666668,False
26,tags,australian,1,20,0.05,0.00192,26.041666666666668,26.041666666666668,False
26,tags,gore,1,20,0.05,0.00192,26.041666666666668,26.041666666666668,False
26,tags,desert,3,20,0.15,0.00576,26.041666666666664,26.041666666666664,False
26,tags,dystopia,5,20,0.25,0.00992,25.201612903225808,25.201612903225808,False
26,tags,space travel,5,20,0.25,0.01024,24.414062499999996,24.414062499999996,False
26,tags,aliens,10,20,0.5,0.0208,24.03846153846154,24.03846153846154,False
26,tags,futuristic,13,20,0.65,0.0272,23.897058823529413,23.897058823529413,False
26,tags,post apocalyptic,2,20,0.1,0.00448,22.321428571428573,22.321428571428573,False
26,tags,hunting,1,20,0.05,0.00224,22.321428571428573,22.321428571428573,False
26,tags,dinosaurs,1,20,0.05,0.00224,22.321428571428573,22.321428571428573,False
26,tags,archaeology,1,20,0.05,0.00224,22.321428571428573,22.321428571428573,False
26,tags,dystopic future,3,20,0.15,0.00704,21.30681818181818,21.30681818181818,False
26,tags,alien invasion,3,20,0.15,0.00768,19.53125,19.53125,False
26,tags,spielberg,2,20,0.1,0.00512,19.53125,19.53125,False
26,tags,midlife crisis,1,20,0.05,0.00256,19.53125,19.53125,False
26,tags,post-apocalyptic,2,20,0.1,0.00544,18.38235294117647,18.38235294117647,False
26,tags,cars,2,20,0.1,0.00544,18.38235294117647,18.38235294117647,False
26,tags,sword fight,3,20,0.15,0.00832,18.028846153846153,18.028846153846153,False
26,tags,good versus evil,3,20,0.15,0.00832,18.028846153846153,18.028846153846153,False
26,tags,effects,3,20,0.15,0.00832,18.028846153846153,18.028846153846153,False
26,tags,visceral,7,20,0.35,0.01984,17.641129032258064,17.641129032258064,False
26,tags,story,10,20,0.5,0.02848,17.5561797752809,17.5561797752809,False
26,tags,scifi,15,20,0.75,0.04288,17.490671641791046,17.490671641791046,False
26,tags,robot,2,20,0.1,0.00576,17.36111111111111,17.36111111111111,False
26,tags,road movie,2,20,0.1,0.00576,17.36111111111111,17.36111111111111,False
26,tags,high fantasy,1,20,0.05,0.00288,17.36111111111111,17.36111111111111,False
26,tags,future,7,20,0.35,0.02048,17.089843749999996,17.089843749999996,False
26,tags,highly quotable,4,20,0.2,0.01184,16.891891891891895,16.891891891891895,False
26,tags,sci-fi,15,20,0.75,0.04512,16.622340425531913,16.622340425531913,False
26,tags,realistic action,2,20,0.1,0.00608,16.44736842105263,16.44736842105263,False
26,tags,sci fi,14,20,0.7,0.04288,16.32462686567164,16.32462686567164,False
26,tags,space,7,20,0.35,0.02176,16.08455882352941,16.08455882352941,False
26,tags,gangs,2,20,0.1,0.0064,15.625,15.625,False
26,tags,australia,2,20,0.1,0.0064,15.625,15.625,False
26,tags,clones,1,20,0.05,0.0032,15.625,15.625,False
26,tags,mutants,1,20,0.05,0.0032,15.625,15.625,False
26,tags,treasure,1,20,0.05,0.0032,15.625,15.625,False
26,tags,science fiction,15,20,0.75,0.04832,15.521523178807946,15.521523178807946,False
26,tags,alien,6,20,0.3,0.01952,15.368852459016393,15.368852459016393,False
26,tags,technology,6,20,0.3,0.01984,15.120967741935484,15.120967741935484,False
26,tags,claustrophobic,3,20,0.15,0.00992,15.120967741935484,15.120967741935484,False
26,tags,mythology,3,20,0.15,0.01024,14.648437499999998,14.648437499999998,False
26,tags,dialogue,8,20,0.4,0.02752,14.534883720930234,14.534883720930234,False
26,tags,pg-13,2,20,0.1,0.00704,14.204545454545455,14.204545454545455,False
26,tags,survival,1,20,0.05,0.00352,14.204545454545455,14.204545454545455,False
26,tags,modern fantasy,1,20,0.05,0.00352,14.204545454545455,14.204545454545455,False
26,tags,awesome soundtrack,5,20,0.25,0.0176,14.204545454545453,14.204545454545453,False
26,tags,series,6,20,0.3,0.0224,13.392857142857142,13.392857142857142,False
26,tags,epic,3,20,0.15,0.0112,13.392857142857142,13.392857142857142,False
26,tags,virtual reality,1,20,0.05,0.00384,13.020833333333334,13.020833333333334,False
26,tags,special effects,14,20,0.7,0.05408,12.943786982248518,12.943786982248518,False
26,tags,action packed,8,20,0.4,0.03136,12.755102040816327,12.755102040816327,False
26,tags,end of the world,2,20,0.1,0.008,12.5,12.5,False
26,tags,first contact,3,20,0.15,0.0128,11.718749999999998,11.718749999999998,False
26,tags,monster,3,20,0.15,0.0128,11.718749999999998,11.718749999999998,False
26,tags,chase,12,20,0.6,0.0528,11.363636363636363,11.363636363636363,False
26,genres,Sci-Fi,18,20,0.9,0.08032,11.205179282868526,11.205179282868526,False
26,tags,frightening,2,20,0.1,0.00896,11.160714285714286,11.160714285714286,False
26,tags,wizards,1,20,0.05,0.00448,11.160714285714286,11.160714285714286,False
26,tags,exciting,1,20,0.05,0.00448,11.160714285714286,11.160714285714286,False
26,tags,quotable,6,20,0.3,0.02688,11.160714285714285,11.160714285714285,False
26,tags,good action,11,20,0.55,0.05056,10.878164556962027,10.878164556962027,False
26,tags,natural disaster,2,20,0.1,0.00928,10.775862068965518,10.775862068965518,False
26,tags,franchise,10,20,0.5,0.04928,10.146103896103897,10.146103896103897,False
26,tags,visual,7,20,0.35,0.03456,10.127314814814815,10.127314814814815,False
26,tags,action,16,20,0.8,0.07968,10.040160642570282,10.040160642570282,False
26,tags,adventure,8,20,0.4,0.04,10.0,10.0,False
26,tags,cyberpunk,1,20,0.05,0.00512,9.765625,9.765625,False
26,tags,treasure hunt,1,20,0.05,0.00512,9.765625,9.765625,False
26,tags,fighting,2,20,0.1,0.01056,9.46969696969697,9.46969696969697,False
26,tags,violent,7,20,0.35,0.03744,9.348290598290598,9.348290598290598,False
26,tags,mother-son relationship,1,20,0.05,0.00544,9.191176470588236,9.191176470588236,False
26,tags,foul language,1,20,0.05,0.00544,9.191176470588236,9.191176470588236,False
26,tags,alternate reality,1,20,0.05,0.00544,9.191176470588236,9.191176470588236,False
26,tags,anti-hero,1,20,0.05,0.00544,9.191176470588236,9.191176470588236,False
26,tags,weapons,3,20,0.15,0.01664,9.014423076923077,9.014423076923077,False
26,tags,sequel,5,20,0.25,0.02784,8.979885057471265,8.979885057471265,False
26,tags,intense,5,20,0.25,0.02784,8.979885057471265,8.979885057471265,False
26,tags,oscar (best editing),1,20,0.05,0.00576,8.680555555555555,8.680555555555555,False
26,tags,revenge,2,20,0.1,0.01184,8.445945945945947,8.445945945945947,False
26,tags,violence,8,20,0.4,0.04832,8.27814569536424,8.27814569536424,False
26,tags,007 (series),1,20,0.05,0.00608,8.223684210526315,8.223684210526315,False
26,tags,suspense,9,20,0.45,0.05568,8.081896551724139,8.081896551724139,False
26,tags,atmospheric,2,20,0.1,0.01248,8.012820512820513,8.012820512820513,False
26,tags,great ending,6,20,0.3,0.03776,7.944915254237287,7.944915254237287,False
26,tags,war,3,20,0.15,0.01888,7.944915254237287,7.944915254237287,False
26,tags,sacrifice,1,20,0.05,0.0064,7.8125,7.8125,False
26,tags,prison,1,20,0.05,0.0064,7.8125,7.8125,False
26,tags,nocturnal,1,20,0.05,0.0064,7.8125,7.8125,False
26,tags,big budget,4,20,0.2,0.02592,7.71604938271605,7.71604938271605,False
26,tags,new york,1,20,0.05,0.00672,7.440476190476191,7.440476190476191,False
26,tags,father son relationship,1,20,0.05,0.00672,7.440476190476191,7.440476190476191,False
26,tags,scary,3,20,0.15,0.02048,7.324218749999999,7.324218749999999,False
26,tags,tense,8,20,0.4,0.05536,7.225433526011561,7.225433526011561,False
26,tags,great movie,6,20,0.3,0.04352,6.893382352941176,6.893382352941176,False
26,tags,fantasy,3,20,0.15,0.02176,6.893382352941176,6.893382352941176,False
26,genres,Action,20,20,1.0,0.14528,6.883259911894274,6.883259911894274,False
26,tags,vengeance,3,20,0.15,0.02208,6.793478260869565,6.793478260869565,False
26,tags,rebellion,1,20,0.05,0.00736,6.793478260869565,6.793478260869565,False
26,tags,adapted from:comic,1,20,0.05,0.00768,6.510416666666667,6.510416666666667,False
26,tags,destiny,3,20,0.15,0.024,6.25,6.25,False
26,tags,explosions,1,20,0.05,0.008,6.25,6.25,False
26,tags,vigilante,1,20,0.05,0.008,6.25,6.25,False
26,genres,Adventure,10,20,0.5,0.08256,6.056201550387597,6.056201550387597,False
26,tags,nazi,1,20,0.05,0.00832,6.009615384615386,6.009615384615386,False
26,tags,great,3,20,0.15,0.02496,6.009615384615384,6.009615384615384,False
26,tags,mars,1,20,0.05,0.00864,5.787037037037037,5.787037037037037,False
26,tags,new york city,1,20,0.05,0.00864,5.787037037037037,5.787037037037037,False
26,tags,san francisco,1,20,0.05,0.00896,5.580357142857143,5.580357142857143,False
26,tags,good,4,20,0.2,0.0368,5.434782608695652,5.434782608695652,False
26,tags,cult classic,5,20,0.25,0.04608,5.425347222222222,5.425347222222222,False
26,tags,classic,8,20,0.4,0.0752,5.319148936170213,5.319148936170213,False
26,tags,imdb top 250,10,20,0.5,0.09824,5.089576547231271,5.089576547231271,False
26,tags,paranoia,1,20,0.05,0.00992,5.040322580645162,5.040322580645162,False
26,tags,jungle,1,20,0.05,0.01056,4.734848484848485,4.734848484848485,False
26,tags,dark fantasy,1,20,0.05,0.01056,4.734848484848485,4.734848484848485,False
26,tags,dark,2,20,0.1,0.02144,4.664179104477612,4.664179104477612,False
26,genres,War,4,20,0.2,0.0432,4.62962962962963,4.62962962962963,False
26,tags,forceful,1,20,0.05,0.01088,4.595588235294118,4.595588235294118,False
26,tags,computer animation,1,20,0.05,0.01088,4.595588235294118,4.595588235294118,False
26,tags,fantasy world,1,20,0.05,0.01152,4.340277777777778,4.340277777777778,False
26,tags,fast paced,2,20,0.1,0.02368,4.222972972972974,4.222972972972974,False
26,tags,ominous,1,20,0.05,0.01216,4.1118421052631575,4.1118421052631575,False
26,tags,death,1,20,0.05,0.01248,4.006410256410256,4.006410256410256,False
26,tags,gunfight,2,20,0.1,0.0256,3.90625,3.90625,False
26,tags,70mm,1,20,0.05,0.01312,3.810975609756098,3.810975609756098,False
26,tags,redemption,1,20,0.05,0.01312,3.810975609756098,3.810975609756098,False
26,tags,suspenseful,3,20,0.15,0.03968,3.780241935483871,3.780241935483871,False
26,tags,storytelling,4,20,0.2,0.05536,3.6127167630057806,3.6127167630057806,False
26,tags,imagination,1,20,0.05,0.01408,3.5511363636363638,3.5511363636363638,False
26,tags,cool,1,20,0.05,0.01408,3.5511363636363638,3.5511363636363638,False
26,tags,mentor,5,20,0.25,0.07168,3.4877232142857144,3.4877232142857144,False
26,tags,visually appealing,3,20,0.15,0.04416,3.3967391304347827,3.3967391304347827,False
26,tags,80s,1,20,0.05,0.01472,3.3967391304347827,3.3967391304347827,False
26,tags,assassin,1,20,0.05,0.01472,3.3967391304347827,3.3967391304347827,False
26,tags,nazis,1,20,0.05,0.01472,3.3967391304347827,3.3967391304347827,False
26,tags,gory,1,20,0.05,0.01504,3.3244680851063833,3.3244680851063833,False
26,genres,Thriller,9,20,0.45,0.14016,3.210616438356164,3.210616438356164,False
26,tags,oscar winner,1,20,0.05,0.01568,3.188775510204082,3.188775510204082,False
26,tags,humorous,1,20,0.05,0.016,3.125,3.125,False
26,tags,original,15,20,0.75,0.25024,2.9971227621483374,2.9971227621483374,False
26,tags,masterpiece,4,20,0.2,0.0672,2.9761904761904767,2.9761904761904767,False
26,tags,creepy,2,20,0.1,0.03488,2.86697247706422,2.86697247706422,False
26,tags,powerful ending,1,20,0.05,0.01888,2.6483050847457625,2.6483050847457625,False
26,tags,fun movie,2,20,0.1,0.03872,2.5826446280991737,2.5826446280991737,False
26,tags,fight scenes,1,20,0.05,0.01952,2.5614754098360657,2.5614754098360657,False
26,tags,excellent script,2,20,0.1,0.04128,2.422480620155039,2.422480620155039,False
26,genres,Fantasy,1,20,0.05,0.0208,2.403846153846154,2.403846153846154,False
26,tags,horror,3,20,0.15,0.064,2.34375,2.34375,False
26,tags,conspiracy,1,20,0.05,0.02176,2.297794117647059,2.297794117647059,False
26,tags,animated,1,20,0.05,0.024,2.0833333333333335,2.0833333333333335,False
26,tags,surreal,1,20,0.05,0.02528,1.9778481012658229,1.9778481012658229,False
26,tags,good sequel,1,20,0.05,0.02656,1.8825301204819278,1.8825301204819278,False
26,tags,cartoon,1,20,0.05,0.02656,1.8825301204819278,1.8825301204819278,False
26,tags,cult film,1,20,0.05,0.02688,1.8601190476190477,1.8601190476190477,False
26,tags,oscar (best supporting actor),1,20,0.05,0.02784,1.795977011494253,1.795977011494253,False
26,genres,Horror,3,20,0.15,0.08512,1.7622180451127818,1.7622180451127818,False
26,tags,splatter,1,20,0.05,0.02976,1.6801075268817205,1.6801075268817205,False
26,tags,children,1,20,0.05,0.03104,1.6108247422680413,1.6108247422680413,False
26,tags,animation,1,20,0.05,0.03136,1.594387755102041,1.594387755102041,False
26,genres,Animation,1,20,0.05,0.03264,1.531862745098039,1.531862745098039,False
26,tags,thriller,1,20,0.05,0.03488,1.43348623853211,1.43348623853211,False
26,tags,based on book,1,20,0.05,0.03872,1.2913223140495869,1.2913223140495869,False
26,tags,weird,1,20,0.05,0.0448,1.1160714285714286,1.1160714285714286,False
26,tags,adapted from:book,1,20,0.05,0.06336,0.7891414141414141,0.7891414141414141,False
26,tags,based on a book,1,20,0.05,0.06656,0.7512019230769232,0.7512019230769232,False
26,tags,oscar (best directing),1,20,0.05,0.07264,0.6883259911894274,0.6883259911894274,False
26,tags,great acting,1,20,0.05,0.08448,0.5918560606060607,0.5918560606060607,False
26,tags,comedy,1,20,0.05,0.11168,0.4477077363896848,0.4477077363896848,False
26,genres,Romance,1,20,0.05,0.13312,0.3756009615384616,0.3756009615384616,False
26,genres,Drama,1,20,0.05,0.39584,0.1263136620856912,0.1263136620856912,False
27,tags,shopping,3,20,0.15,0.00096,156.25,156.25,True
27,tags,good romantic comedies,9,20,0.45,0.00704,63.92045454545455,63.92045454545455,True
27,tags,sappy,1,20,0.05,0.00096,52.083333333333336,52.083333333333336,False
27,tags,wedding,2,20,0.1,0.00224,44.642857142857146,44.642857142857146,True
27,tags,spelling bee,1,20,0.05,0.00128,39.0625,39.0625,False
27,tags,girlie movie,15,20,0.75,0.02272,33.01056338028169,33.01056338028169,False
27,tags,very good,1,20,0.05,0.0016,31.25,31.25,False
27,tags,family bonds,1,20,0.05,0.0016,31.25,31.25,False
27,tags,happy ending,9,20,0.45,0.016,28.125,28.125,False
27,tags,feel good movie,8,20,0.4,0.0144,27.77777777777778,27.77777777777778,False
27,tags,chick flick,15,20,0.75,0.03136,23.915816326530614,23.915816326530614,False
27,tags,feel-good,13,20,0.65,0.02784,23.347701149425287,23.347701149425287,False
27,tags,internet,1,20,0.05,0.00224,22.321428571428573,22.321428571428573,False
27,tags,ghosts/afterlife,1,20,0.05,0.00224,22.321428571428573,22.321428571428573,False
27,tags,writer's life,1,20,0.05,0.00224,22.321428571428573,22.321428571428573,False
27,tags,sweet,8,20,0.4,0.01856,21.551724137931036,21.551724137931036,False
27,tags,romantic comedy,14,20,0.7,0.03424,20.44392523364486,20.44392523364486,False
27,tags,cute!,2,20,0.1,0.00512,19.53125,19.53125,False
27,tags,afterlife,1,20,0.05,0.00256,19.53125,19.53125,False
27,tags,catastrophe,1,20,0.05,0.00256,19.53125,19.53125,False
27,tags,romance,15,20,0.75,0.03904,19.211065573770494,19.211065573770494,False
27,tags,destiny,9,20,0.45,0.024,18.75,18.75,False
27,tags,cute,3,20,0.15,0.00864,17.36111111111111,17.36111111111111,False
27,tags,classical music,1,20,0.05,0.00288,17.36111111111111,17.36111111111111,False
27,tags,oscar winner,5,20,0.25,0.01568,15.943877551020408,15.943877551020408,False
27,tags,inspirational,2,20,0.1,0.0064,15.625,15.625,False
27,tags,sentimental,5,20,0.25,0.01664,15.024038461538463,15.024038461538463,False
27,tags,predictable,2,20,0.1,0.00672,14.880952380952381,14.880952380952381,False
27,tags,tear jerker,2,20,0.1,0.00704,14.204545454545455,14.204545454545455,False
27,tags,baseball,1,20,0.05,0.00352,14.204545454545455,14.204545454545455,False
27,tags,romantic,15,20,0.75,0.05568,13.469827586206897,13.469827586206897,False
27,tags,football,1,20,0.05,0.00384,13.020833333333334,13.020833333333334,False
27,tags,teacher,1,20,0.05,0.00384,13.020833333333334,13.020833333333334,False
27,tags,divorce,1,20,0.05,0.00416,12.019230769230772,12.019230769230772,False
27,tags,love story,15,20,0.75,0.06368,11.777638190954773,11.777638190954773,False
27,tags,prostitution,1,20,0.05,0.00448,11.160714285714286,11.160714285714286,False
27,tags,life,1,20,0.05,0.00448,11.160714285714286,11.160714285714286,False
27,tags,earnest,1,20,0.05,0.0048,10.416666666666668,10.416666666666668,False
27,tags,single father,1,20,0.05,0.0048,10.416666666666668,10.416666666666668,False
27,tags,fairy tales,1,20,0.05,0.0048,10.416666666666668,10.416666666666668,False
27,tags,inspiring,1,20,0.05,0.0048,10.416666666666668,10.416666666666668,False
27,tags,women,3,20,0.15,0.01568,9.566326530612244,9.566326530612244,False
27,tags,disability,1,20,0.05,0.00544,9.191176470588236,9.191176470588236,False
27,tags,rags to riches,1,20,0.05,0.00576,8.680555555555555,8.680555555555555,False
27,tags,london,1,20,0.05,0.00576,8.680555555555555,8.680555555555555,False
27,tags,president,1,20,0.05,0.00576,8.680555555555555,8.680555555555555,False
27,tags,heartwarming,2,20,0.1,0.01184,8.445945945945947,8.445945945945947,False
27,tags,nostalgic,2,20,0.1,0.01216,8.223684210526315,8.223684210526315,False
27,tags,cross dressing,1,20,0.05,0.00608,8.223684210526315,8.223684210526315,False
27,tags,good,6,20,0.3,0.0368,8.152173913043478,8.152173913043478,False
27,tags,fighting the system,1,20,0.05,0.0064,7.8125,7.8125,False
27,tags,oscar,4,20,0.2,0.0272,7.352941176470589,7.352941176470589,False
27,tags,pg-13,1,20,0.05,0.00704,7.1022727272727275,7.1022727272727275,False
27,tags,love,5,20,0.25,0.03616,6.913716814159293,6.913716814159293,False
27,tags,fairy tale,2,20,0.1,0.01504,6.6489361702127665,6.6489361702127665,False
27,tags,gay character,2,20,0.1,0.01568,6.377551020408164,6.377551020408164,False
27,tags,drama,8,20,0.4,0.06656,6.009615384615386,6.009615384615386,False
27,tags,world politics,1,20,0.05,0.00832,6.009615384615386,6.009615384615386,False
27,genres,Romance,15,20,0.75,0.13312,5.634014423076923,5.634014423076923,False
27,tags,sports,2,20,0.1,0.01792,5.580357142857143,5.580357142857143,False
27,tags,ghosts,1,20,0.05,0.00896,5.580357142857143,5.580357142857143,False
27,tags,relationships,6,20,0.3,0.05376,5.580357142857142,5.580357142857142,False
27,tags,oscar (best supporting actress),2,20,0.1,0.01856,5.387931034482759,5.387931034482759,False
27,tags,natural disaster,1,20,0.05,0.00928,5.387931034482759,5.387931034482759,False
27,tags,remake,1,20,0.05,0.00928,5.387931034482759,5.387931034482759,False
27,tags,touching,3,20,0.15,0.02816,5.326704545454545,5.326704545454545,False
27,tags,bittersweet,2,20,0.1,0.01888,5.296610169491525,5.296610169491525,False
27,tags,dog,1,20,0.05,0.0096,5.208333333333334,5.208333333333334,False
27,tags,courtroom,1,20,0.05,0.00992,5.040322580645162,5.040322580645162,False
27,tags,gay,2,20,0.1,0.0208,4.807692307692308,4.807692307692308,False
27,tags,artistic,1,20,0.05,0.01056,4.734848484848485,4.734848484848485,False
27,tags,oscar (best picture),3,20,0.15,0.03296,4.550970873786407,4.550970873786407,False
27,tags,magic,1,20,0.05,0.0112,4.464285714285714,4.464285714285714,False
27,tags,epic,1,20,0.05,0.0112,4.464285714285714,4.464285714285714,False
27,tags,good acting,1,20,0.05,0.0112,4.464285714285714,4.464285714285714,False
27,tags,historical,2,20,0.1,0.02272,4.401408450704225,4.401408450704225,False
27,tags,oscar (best actor),2,20,0.1,0.02304,4.340277777777778,4.340277777777778,False
27,tags,us history,1,20,0.05,0.01152,4.340277777777778,4.340277777777778,False
27,tags,based on a true story,1,20,0.05,0.01184,4.222972972972974,4.222972972972974,False
27,tags,lawyers,1,20,0.05,0.01216,4.1118421052631575,4.1118421052631575,False
27,tags,death,1,20,0.05,0.01248,4.006410256410256,4.006410256410256,False
27,tags,good music,1,20,0.05,0.01248,4.006410256410256,4.006410256410256,False
27,tags,quotable,2,20,0.1,0.02688,3.7202380952380953,3.7202380952380953,False
27,tags,excellent script,3,20,0.15,0.04128,3.6337209302325584,3.6337209302325584,False
27,tags,oscar (best supporting actor),2,20,0.1,0.02784,3.591954022988506,3.591954022988506,False
27,tags,british,1,20,0.05,0.01408,3.5511363636363638,3.5511363636363638,False
27,tags,beautiful scenery,1,20,0.05,0.01408,3.5511363636363638,3.5511363636363638,False
27,tags,mentor,5,20,0.25,0.07168,3.4877232142857144,3.4877232142857144,False
27,tags,musicians,1,20,0.05,0.0144,3.4722222222222223,3.4722222222222223,False
27,tags,oscar (best directing),5,20,0.25,0.07264,3.441629955947137,3.441629955947137,False
27,tags,politics,1,20,0.05,0.01472,3.3967391304347827,3.3967391304347827,False
27,tags,lawyer,1,20,0.05,0.01504,3.3244680851063833,3.3244680851063833,False
27,tags,political,1,20,0.05,0.01568,3.188775510204082,3.188775510204082,False
27,tags,rock and roll,1,20,0.05,0.016,3.125,3.125,False
27,tags,biographical,1,20,0.05,0.01664,3.004807692307693,3.004807692307693,False
27,tags,world war ii,1,20,0.05,0.01696,2.94811320754717,2.94811320754717,False
27,tags,supernatural,1,20,0.05,0.01728,2.8935185185185186,2.8935185185185186,False
27,tags,history,1,20,0.05,0.01728,2.8935185185185186,2.8935185185185186,False
27,tags,life & death,1,20,0.05,0.0176,2.840909090909091,2.840909090909091,False
27,tags,wartime,1,20,0.05,0.0192,2.604166666666667,2.604166666666667,False
27,tags,based on true story,1,20,0.05,0.01984,2.520161290322581,2.520161290322581,False
27,tags,narrated,1,20,0.05,0.0208,2.403846153846154,2.403846153846154,False
27,tags,true story,1,20,0.05,0.0208,2.403846153846154,2.403846153846154,False
27,tags,based on a play,1,20,0.05,0.0208,2.403846153846154,2.403846153846154,False
27,tags,great acting,4,20,0.2,0.08448,2.3674242424242427,2.3674242424242427,False
27,genres,Comedy,15,20,0.75,0.32224,2.327457795431976,2.327457795431976,False
27,tags,great movie,2,20,0.1,0.04352,2.297794117647059,2.297794117647059,False
27,tags,fantasy,1,20,0.05,0.02176,2.297794117647059,2.297794117647059,False
27,tags,high school,1,20,0.05,0.0224,2.232142857142857,2.232142857142857,False
27,tags,small town,1,20,0.05,0.02368,2.111486486486487,2.111486486486487,False
27,tags,greed,1,20,0.05,0.02464,2.0292207792207795,2.0292207792207795,False
27,tags,family,2,20,0.1,0.05152,1.9409937888198758,1.9409937888198758,False
27,tags,big budget,1,20,0.05,0.02592,1.9290123456790125,1.9290123456790125,False
27,tags,oscar (best actress),2,20,0.1,0.05504,1.8168604651162792,1.8168604651162792,False
27,tags,music,1,20,0.05,0.02752,1.8168604651162792,1.8168604651162792,False
27,tags,oscar (best cinematography),1,20,0.05,0.02816,1.7755681818181819,1.7755681818181819,False
27,tags,story,1,20,0.05,0.02848,1.75561797752809,1.75561797752809,False
27,tags,unlikely friendships,1,20,0.05,0.02976,1.6801075268817205,1.6801075268817205,False
27,tags,childhood,1,20,0.05,0.0304,1.6447368421052633,1.6447368421052633,False
27,tags,children,1,20,0.05,0.03104,1.6108247422680413,1.6108247422680413,False
27,tags,comedy,3,20,0.15,0.11168,1.3431232091690544,1.3431232091690544,False
27,tags,based on book,1,20,0.05,0.03872,1.2913223140495869,1.2913223140495869,False
27,genres,War,1,20,0.05,0.0432,1.1574074074074074,1.1574074074074074,False
27,tags,funny,1,20,0.05,0.04832,1.03476821192053,1.03476821192053,False
27,genres,Drama,8,20,0.4,0.39584,1.0105092966855296,1.0105092966855296,False
27,tags,chase,1,20,0.05,0.0528,0.946969696969697,0.946969696969697,False
27,tags,special effects,1,20,0.05,0.05408,0.9245562130177515,0.9245562130177515,False
27,tags,suspense,1,20,0.05,0.05568,0.8979885057471265,0.8979885057471265,False
27,tags,dramatic,1,20,0.05,0.06464,0.7735148514851485,0.7735148514851485,False
27,tags,imdb top 250,1,20,0.05,0.09824,0.508957654723127,0.508957654723127,False
27,genres,Thriller,1,20,0.05,0.14016,0.3567351598173516,0.3567351598173516,False
27,tags,original,1,20,0.05,0.25024,0.19980818414322252,0.19980818414322252,False
28,tags,shopping,3,20,0.15,0.00096,156.25,156.25,True
28,tags,good romantic comedies,9,20,0.45,0.00704,63.92045454545455,63.92045454545455,True
28,tags,sappy,1,20,0.05,0.00096,52.083333333333336,52.083333333333336,False
28,tags,wedding,2,20,0.1,0.00224,44.642857142857146,44.642857142857146,True
28,tags,spelling bee,1,20,0.05,0.00128,39.0625,39.0625,False
28,tags,girlie movie,16,20,0.8,0.02272,35.2112676056338,35.2112676056338,False
28,tags,very good,1,20,0.05,0.0016,31.25,31.25,False
28,tags,family bonds,1,20,0.05,0.0016,31.25,31.25,False
28,tags,happy ending,9,20,0.45,0.016,28.125,28.125,False
28,tags,chick flick,16,20,0.8,0.03136,25.510204081632654,25.510204081632654,False
28,tags,feel good movie,7,20,0.35,0.0144,24.305555555555554,24.305555555555554,False
28,tags,internet,1,20,0.05,0.00224,22.321428571428573,22.321428571428573,False
28,tags,ghosts/afterlife,1,20,0.05,0.00224,22.321428571428573,22.321428571428573,False
28,tags,sweet,8,20,0.4,0.01856,21.551724137931036,21.551724137931036,False
28,tags,feel-good,12,20,0.6,0.02784,21.551724137931032,21.551724137931032,False
28,tags,romantic comedy,14,20,0.7,0.03424,20.44392523364486,20.44392523364486,False
28,tags,cute!,2,20,0.1,0.00512,19.53125,19.53125,False
28,tags,afterlife,1,20,0.05,0.00256,19.53125,19.53125,False
28,tags,catastrophe,1,20,0.05,0.00256,19.53125,19.53125,False
28,tags,romance,15,20,0.75,0.03904,19.211065573770494,19.211065573770494,False
28,tags,destiny,9,20,0.45,0.024,18.75,18.75,False
28,tags,cute,3,20,0.15,0.00864,17.36111111111111,17.36111111111111,False
28,tags,classical music,1,20,0.05,0.00288,17.36111111111111,17.36111111111111,False
28,tags,oscar winner,5,20,0.25,0.01568,15.943877551020408,15.943877551020408,False
28,tags,inspirational,2,20,0.1,0.0064,15.625,15.625,False
28,tags,sentimental,5,20,0.25,0.01664,15.024038461538463,15.024038461538463,False
28,tags,predictable,2,20,0.1,0.00672,14.880952380952381,14.880952380952381,False
28,tags,tear jerker,2,20,0.1,0.00704,14.204545454545455,14.204545454545455,False
28,tags,baseball,1,20,0.05,0.00352,14.204545454545455,14.204545454545455,False
28,tags,romantic,15,20,0.75,0.05568,13.469827586206897,13.469827586206897,False
28,tags,football,1,20,0.05,0.00384,13.020833333333334,13.020833333333334,False
28,tags,teacher,1,20,0.05,0.00384,13.020833333333334,13.020833333333334,False
28,tags,divorce,1,20,0.05,0.00416,12.019230769230772,12.019230769230772,False
28,tags,love story,15,20,0.75,0.06368,11.777638190954773,11.777638190954773,False
28,tags,prostitution,1,20,0.05,0.00448,11.160714285714286,11.160714285714286,False
28,tags,life,1,20,0.05,0.00448,11.160714285714286,11.160714285714286,False
28,tags,single father,1,20,0.05,0.0048,10.416666666666668,10.416666666666668,False
28,tags,fairy tales,1,20,0.05,0.0048,10.416666666666668,10.416666666666668,False
28,tags,earnest,1,20,0.05,0.0048,10.416666666666668,10.416666666666668,False
28,tags,inspiring,1,20,0.05,0.0048,10.416666666666668,10.416666666666668,False
28,tags,women,3,20,0.15,0.01568,9.566326530612244,9.566326530612244,False
28,tags,disability,1,20,0.05,0.00544,9.191176470588236,9.191176470588236,False
28,tags,rags to riches,1,20,0.05,0.00576,8.680555555555555,8.680555555555555,False
28,tags,london,1,20,0.05,0.00576,8.680555555555555,8.680555555555555,False
28,tags,president,1,20,0.05,0.00576,8.680555555555555,8.680555555555555,False
28,tags,heartwarming,2,20,0.1,0.01184,8.445945945945947,8.445945945945947,False
28,tags,nostalgic,2,20,0.1,0.01216,8.223684210526315,8.223684210526315,False
28,tags,cross dressing,1,20,0.05,0.00608,8.223684210526315,8.223684210526315,False
28,tags,fighting the system,1,20,0.05,0.0064,7.8125,7.8125,False
28,tags,oscar,4,20,0.2,0.0272,7.352941176470589,7.352941176470589,False
28,tags,british,2,20,0.1,0.01408,7.1022727272727275,7.1022727272727275,False
28,tags,pg-13,1,20,0.05,0.00704,7.1022727272727275,7.1022727272727275,False
28,tags,shakespeare,1,20,0.05,0.00704,7.1022727272727275,7.1022727272727275,False
28,tags,love,5,20,0.25,0.03616,6.913716814159293,6.913716814159293,False
28,tags,good,5,20,0.25,0.0368,6.793478260869565,6.793478260869565,False
28,tags,fairy tale,2,20,0.1,0.01504,6.6489361702127665,6.6489361702127665,False
28,genres,Romance,16,20,0.8,0.13312,6.009615384615386,6.009615384615386,False
28,tags,drama,8,20,0.4,0.06656,6.009615384615386,6.009615384615386,False
28,tags,world politics,1,20,0.05,0.00832,6.009615384615386,6.009615384615386,False
28,tags,sports,2,20,0.1,0.01792,5.580357142857143,5.580357142857143,False
28,tags,ghosts,1,20,0.05,0.00896,5.580357142857143,5.580357142857143,False
28,tags,literature,1,20,0.05,0.00896,5.580357142857143,5.580357142857143,False
28,tags,oscar (best supporting actress),2,20,0.1,0.01856,5.387931034482759,5.387931034482759,False
28,tags,natural disaster,1,20,0.05,0.00928,5.387931034482759,5.387931034482759,False
28,tags,remake,1,20,0.05,0.00928,5.387931034482759,5.387931034482759,False
28,tags,touching,3,20,0.15,0.02816,5.326704545454545,5.326704545454545,False
28,tags,bittersweet,2,20,0.1,0.01888,5.296610169491525,5.296610169491525,False
28,tags,dog,1,20,0.05,0.0096,5.208333333333334,5.208333333333334,False
28,tags,courtroom,1,20,0.05,0.00992,5.040322580645162,5.040322580645162,False
28,tags,costume drama,1,20,0.05,0.01024,4.8828125,4.8828125,False
28,tags,passionate,1,20,0.05,0.01024,4.8828125,4.8828125,False
28,tags,artistic,1,20,0.05,0.01056,4.734848484848485,4.734848484848485,False
28,tags,relationships,5,20,0.25,0.05376,4.650297619047619,4.650297619047619,False
28,tags,oscar (best picture),3,20,0.15,0.03296,4.550970873786407,4.550970873786407,False
28,tags,magic,1,20,0.05,0.0112,4.464285714285714,4.464285714285714,False
28,tags,epic,1,20,0.05,0.0112,4.464285714285714,4.464285714285714,False
28,tags,witty,1,20,0.05,0.0112,4.464285714285714,4.464285714285714,False
28,tags,historical,2,20,0.1,0.02272,4.401408450704225,4.401408450704225,False
28,tags,us history,1,20,0.05,0.01152,4.340277777777778,4.340277777777778,False
28,tags,england,1,20,0.05,0.01152,4.340277777777778,4.340277777777778,False
28,tags,based on a true story,1,20,0.05,0.01184,4.222972972972974,4.222972972972974,False
28,tags,lawyers,1,20,0.05,0.01216,4.1118421052631575,4.1118421052631575,False
28,tags,death,1,20,0.05,0.01248,4.006410256410256,4.006410256410256,False
28,tags,good music,1,20,0.05,0.01248,4.006410256410256,4.006410256410256,False
28,tags,quotable,2,20,0.1,0.02688,3.7202380952380953,3.7202380952380953,False
28,tags,excellent script,3,20,0.15,0.04128,3.6337209302325584,3.6337209302325584,False
28,tags,beautiful scenery,1,20,0.05,0.01408,3.5511363636363638,3.5511363636363638,False
28,tags,musicians,1,20,0.05,0.0144,3.4722222222222223,3.4722222222222223,False
28,tags,oscar (best directing),5,20,0.25,0.07264,3.441629955947137,3.441629955947137,False
28,tags,politics,1,20,0.05,0.01472,3.3967391304347827,3.3967391304347827,False
28,tags,lawyer,1,20,0.05,0.01504,3.3244680851063833,3.3244680851063833,False
28,tags,period piece,1,20,0.05,0.01536,3.2552083333333335,3.2552083333333335,False
28,tags,gay character,1,20,0.05,0.01568,3.188775510204082,3.188775510204082,False
28,tags,political,1,20,0.05,0.01568,3.188775510204082,3.188775510204082,False
28,tags,rock and roll,1,20,0.05,0.016,3.125,3.125,False
28,tags,biographical,1,20,0.05,0.01664,3.004807692307693,3.004807692307693,False
28,tags,world war ii,1,20,0.05,0.01696,2.94811320754717,2.94811320754717,False
28,tags,supernatural,1,20,0.05,0.01728,2.8935185185185186,2.8935185185185186,False
28,tags,history,1,20,0.05,0.01728,2.8935185185185186,2.8935185185185186,False
28,tags,life & death,1,20,0.05,0.0176,2.840909090909091,2.840909090909091,False
28,tags,mentor,4,20,0.2,0.07168,2.7901785714285716,2.7901785714285716,False
28,tags,wartime,1,20,0.05,0.0192,2.604166666666667,2.604166666666667,False
28,tags,based on true story,1,20,0.05,0.01984,2.520161290322581,2.520161290322581,False
28,tags,gay,1,20,0.05,0.0208,2.403846153846154,2.403846153846154,False
28,tags,narrated,1,20,0.05,0.0208,2.403846153846154,2.403846153846154,False
28,tags,true story,1,20,0.05,0.0208,2.403846153846154,2.403846153846154,False
28,tags,based on a play,1,20,0.05,0.0208,2.403846153846154,2.403846153846154,False
28,tags,great acting,4,20,0.2,0.08448,2.3674242424242427,2.3674242424242427,False
28,genres,Comedy,15,20,0.75,0.32224,2.327457795431976,2.327457795431976,False
28,tags,fantasy,1,20,0.05,0.02176,2.297794117647059,2.297794117647059,False
28,tags,high school,1,20,0.05,0.0224,2.232142857142857,2.232142857142857,False
28,tags,oscar (best actor),1,20,0.05,0.02304,2.170138888888889,2.170138888888889,False
28,tags,small town,1,20,0.05,0.02368,2.111486486486487,2.111486486486487,False
28,tags,greed,1,20,0.05,0.02464,2.0292207792207795,2.0292207792207795,False
28,tags,family,2,20,0.1,0.05152,1.9409937888198758,1.9409937888198758,False
28,tags,big budget,1,20,0.05,0.02592,1.9290123456790125,1.9290123456790125,False
28,tags,oscar (best actress),2,20,0.1,0.05504,1.8168604651162792,1.8168604651162792,False
28,tags,music,1,20,0.05,0.02752,1.8168604651162792,1.8168604651162792,False
28,tags,oscar (best supporting actor),1,20,0.05,0.02784,1.795977011494253,1.795977011494253,False
28,tags,oscar (best cinematography),1,20,0.05,0.02816,1.7755681818181819,1.7755681818181819,False
28,tags,story,1,20,0.05,0.02848,1.75561797752809,1.75561797752809,False
28,tags,unlikely friendships,1,20,0.05,0.02976,1.6801075268817205,1.6801075268817205,False
28,tags,childhood,1,20,0.05,0.0304,1.6447368421052633,1.6447368421052633,False
28,tags,children,1,20,0.05,0.03104,1.6108247422680413,1.6108247422680413,False
28,tags,based on book,1,20,0.05,0.03872,1.2913223140495869,1.2913223140495869,False
28,genres,War,1,20,0.05,0.0432,1.1574074074074074,1.1574074074074074,False
28,tags,great movie,1,20,0.05,0.04352,1.1488970588235294,1.1488970588235294,False
28,tags,funny,1,20,0.05,0.04832,1.03476821192053,1.03476821192053,False
28,tags,chase,1,20,0.05,0.0528,0.946969696969697,0.946969696969697,False
28,tags,special effects,1,20,0.05,0.05408,0.9245562130177515,0.9245562130177515,False
28,tags,suspense,1,20,0.05,0.05568,0.8979885057471265,0.8979885057471265,False
28,tags,comedy,2,20,0.1,0.11168,0.8954154727793696,0.8954154727793696,False
28,genres,Drama,7,20,0.35,0.39584,0.8841956345998382,0.8841956345998382,False
28,tags,dramatic,1,20,0.05,0.06464,0.7735148514851485,0.7735148514851485,False
28,tags,imdb top 250,1,20,0.05,0.09824,0.508957654723127,0.508957654723127,False
28,genres,Thriller,1,20,0.05,0.14016,0.3567351598173516,0.3567351598173516,False
28,tags,original,1,20,0.05,0.25024,0.19980818414322252,0.19980818414322252,False
29,tags,shopping,3,20,0.15,0.00096,156.25,156.25,True
29,tags,good romantic comedies,9,20,0.45,0.00704,63.92045454545455,63.92045454545455,True
29,tags,sappy,1,20,0.05,0.00096,52.083333333333336,52.083333333333336,False
29,tags,wedding,2,20,0.1,0.00224,44.642857142857146,44.642857142857146,True
29,tags,spelling bee,1,20,0.05,0.00128,39.0625,39.0625,False
29,tags,girlie movie,16,20,0.8,0.02272,35.2112676056338,35.2112676056338,False
29,tags,happy ending,10,20,0.5,0.016,31.25,31.25,False
29,tags,very good,1,20,0.05,0.0016,31.25,31.25,False
29,tags,family bonds,1,20,0.05,0.0016,31.25,31.25,False
29,tags,chick flick,16,20,0.8,0.03136,25.510204081632654,25.510204081632654,False
29,tags,feel good movie,7,20,0.35,0.0144,24.305555555555554,24.305555555555554,False
29,tags,internet,1,20,0.05,0.00224,22.321428571428573,22.321428571428573,False
29,tags,ghosts/afterlife,1,20,0.05,0.00224,22.321428571428573,22.321428571428573,False
29,tags,sweet,8,20,0.4,0.01856,21.551724137931036,21.551724137931036,False
29,tags,feel-good,12,20,0.6,0.02784,21.551724137931032,21.551724137931032,False
29,tags,tear jerker,3,20,0.15,0.00704,21.30681818181818,21.30681818181818,False
29,tags,cute!,2,20,0.1,0.00512,19.53125,19.53125,False
29,tags,afterlife,1,20,0.05,0.00256,19.53125,19.53125,False
29,tags,catastrophe,1,20,0.05,0.00256,19.53125,19.53125,False
29,tags,romantic comedy,13,20,0.65,0.03424,18.983644859813086,18.983644859813086,False
29,tags,destiny,9,20,0.45,0.024,18.75,18.75,False
29,tags,sentimental,6,20,0.3,0.01664,18.028846153846153,18.028846153846153,False
29,tags,romance,14,20,0.7,0.03904,17.93032786885246,17.93032786885246,False
29,tags,cute,3,20,0.15,0.00864,17.36111111111111,17.36111111111111,False
29,tags,classical music,1,20,0.05,0.00288,17.36111111111111,17.36111111111111,False
29,tags,inspirational,2,20,0.1,0.0064,15.625,15.625,False
29,tags,predictable,2,20,0.1,0.00672,14.880952380952381,14.880952380952381,False
29,tags,baseball,1,20,0.05,0.00352,14.204545454545455,14.204545454545455,False
29,tags,romantic,15,20,0.75,0.05568,13.469827586206897,13.469827586206897,False
29,tags,football,1,20,0.05,0.00384,13.020833333333334,13.020833333333334,False
29,tags,teacher,1,20,0.05,0.00384,13.020833333333334,13.020833333333334,False
29,tags,oscar winner,4,20,0.2,0.01568,12.755102040816327,12.755102040816327,False
29,tags,divorce,1,20,0.05,0.00416,12.019230769230772,12.019230769230772,False
29,tags,love story,15,20,0.75,0.06368,11.777638190954773,11.777638190954773,False
29,tags,prostitution,1,20,0.05,0.00448,11.160714285714286,11.160714285714286,False
29,tags,life,1,20,0.05,0.00448,11.160714285714286,11.160714285714286,False
29,tags,earnest,1,20,0.05,0.0048,10.416666666666668,10.416666666666668,False
29,tags,single father,1,20,0.05,0.0048,10.416666666666668,10.416666666666668,False
29,tags,fairy tales,1,20,0.05,0.0048,10.416666666666668,10.416666666666668,False
29,tags,inspiring,1,20,0.05,0.0048,10.416666666666668,10.416666666666668,False
29,tags,women,3,20,0.15,0.01568,9.566326530612244,9.566326530612244,False
29,tags,disability,1,20,0.05,0.00544,9.191176470588236,9.191176470588236,False
29,tags,rags to riches,1,20,0.05,0.00576,8.680555555555555,8.680555555555555,False
29,tags,london,1,20,0.05,0.00576,8.680555555555555,8.680555555555555,False
29,tags,president,1,20,0.05,0.00576,8.680555555555555,8.680555555555555,False
29,tags,heartwarming,2,20,0.1,0.01184,8.445945945945947,8.445945945945947,False
29,tags,nostalgic,2,20,0.1,0.01216,8.223684210526315,8.223684210526315,False
29,tags,cross dressing,1,20,0.05,0.00608,8.223684210526315,8.223684210526315,False
29,tags,fighting the system,1,20,0.05,0.0064,7.8125,7.8125,False
29,tags,pg-13,1,20,0.05,0.00704,7.1022727272727275,7.1022727272727275,False
29,tags,love,5,20,0.25,0.03616,6.913716814159293,6.913716814159293,False
29,tags,good,5,20,0.25,0.0368,6.793478260869565,6.793478260869565,False
29,tags,fairy tale,2,20,0.1,0.01504,6.6489361702127665,6.6489361702127665,False
29,genres,Romance,16,20,0.8,0.13312,6.009615384615386,6.009615384615386,False
29,tags,world politics,1,20,0.05,0.00832,6.009615384615386,6.009615384615386,False
29,tags,sports,2,20,0.1,0.01792,5.580357142857143,5.580357142857143,False
29,tags,ghosts,1,20,0.05,0.00896,5.580357142857143,5.580357142857143,False
29,tags,oscar,3,20,0.15,0.0272,5.514705882352941,5.514705882352941,False
29,tags,natural disaster,1,20,0.05,0.00928,5.387931034482759,5.387931034482759,False
29,tags,remake,1,20,0.05,0.00928,5.387931034482759,5.387931034482759,False
29,tags,touching,3,20,0.15,0.02816,5.326704545454545,5.326704545454545,False
29,tags,bittersweet,2,20,0.1,0.01888,5.296610169491525,5.296610169491525,False
29,tags,drama,7,20,0.35,0.06656,5.258413461538462,5.258413461538462,False
29,tags,dog,1,20,0.05,0.0096,5.208333333333334,5.208333333333334,False
29,tags,courtroom,1,20,0.05,0.00992,5.040322580645162,5.040322580645162,False
29,tags,artistic,1,20,0.05,0.01056,4.734848484848485,4.734848484848485,False
29,tags,relationships,5,20,0.25,0.05376,4.650297619047619,4.650297619047619,False
29,tags,magic,1,20,0.05,0.0112,4.464285714285714,4.464285714285714,False
29,tags,epic,1,20,0.05,0.0112,4.464285714285714,4.464285714285714,False
29,tags,historical,2,20,0.1,0.02272,4.401408450704225,4.401408450704225,False
29,tags,us history,1,20,0.05,0.01152,4.340277777777778,4.340277777777778,False
29,tags,based on a true story,1,20,0.05,0.01184,4.222972972972974,4.222972972972974,False
29,tags,lawyers,1,20,0.05,0.01216,4.1118421052631575,4.1118421052631575,False
29,tags,death,1,20,0.05,0.01248,4.006410256410256,4.006410256410256,False
29,tags,good music,1,20,0.05,0.01248,4.006410256410256,4.006410256410256,False
29,tags,quotable,2,20,0.1,0.02688,3.7202380952380953,3.7202380952380953,False
29,tags,british,1,20,0.05,0.01408,3.5511363636363638,3.5511363636363638,False
29,tags,beautiful scenery,1,20,0.05,0.01408,3.5511363636363638,3.5511363636363638,False
29,tags,musicians,1,20,0.05,0.0144,3.4722222222222223,3.4722222222222223,False
29,tags,politics,1,20,0.05,0.01472,3.3967391304347827,3.3967391304347827,False
29,tags,lawyer,1,20,0.05,0.01504,3.3244680851063833,3.3244680851063833,False
29,tags,gay character,1,20,0.05,0.01568,3.188775510204082,3.188775510204082,False
29,tags,political,1,20,0.05,0.01568,3.188775510204082,3.188775510204082,False
29,tags,rock and roll,1,20,0.05,0.016,3.125,3.125,False
29,tags,oscar (best picture),2,20,0.1,0.03296,3.0339805825242716,3.0339805825242716,False
29,tags,biographical,1,20,0.05,0.01664,3.004807692307693,3.004807692307693,False
29,tags,world war ii,1,20,0.05,0.01696,2.94811320754717,2.94811320754717,False
29,tags,supernatural,1,20,0.05,0.01728,2.8935185185185186,2.8935185185185186,False
29,tags,history,1,20,0.05,0.01728,2.8935185185185186,2.8935185185185186,False
29,tags,life & death,1,20,0.05,0.0176,2.840909090909091,2.840909090909091,False
29,tags,mentor,4,20,0.2,0.07168,2.7901785714285716,2.7901785714285716,False
29,tags,oscar (best directing),4,20,0.2,0.07264,2.7533039647577096,2.7533039647577096,False
29,tags,oscar (best supporting actress),1,20,0.05,0.01856,2.6939655172413794,2.6939655172413794,False
29,tags,wartime,1,20,0.05,0.0192,2.604166666666667,2.604166666666667,False
29,tags,based on true story,1,20,0.05,0.01984,2.520161290322581,2.520161290322581,False
29,tags,excellent script,2,20,0.1,0.04128,2.422480620155039,2.422480620155039,False
29,tags,gay,1,20,0.05,0.0208,2.403846153846154,2.403846153846154,False
29,tags,narrated,1,20,0.05,0.0208,2.403846153846154,2.403846153846154,False
29,tags,true story,1,20,0.05,0.0208,2.403846153846154,2.403846153846154,False
29,tags,based on a play,1,20,0.05,0.0208,2.403846153846154,2.403846153846154,False
29,genres,Comedy,15,20,0.75,0.32224,2.327457795431976,2.327457795431976,False
29,tags,fantasy,1,20,0.05,0.02176,2.297794117647059,2.297794117647059,False
29,tags,high school,1,20,0.05,0.0224,2.232142857142857,2.232142857142857,False
29,tags,oscar (best actor),1,20,0.05,0.02304,2.170138888888889,2.170138888888889,False
29,tags,small town,1,20,0.05,0.02368,2.111486486486487,2.111486486486487,False
29,tags,greed,1,20,0.05,0.02464,2.0292207792207795,2.0292207792207795,False
29,tags,family,2,20,0.1,0.05152,1.9409937888198758,1.9409937888198758,False
29,tags,big budget,1,20,0.05,0.02592,1.9290123456790125,1.9290123456790125,False
29,tags,music,1,20,0.05,0.02752,1.8168604651162792,1.8168604651162792,False
29,tags,oscar (best supporting actor),1,20,0.05,0.02784,1.795977011494253,1.795977011494253,False
29,tags,oscar (best cinematography),1,20,0.05,0.02816,1.7755681818181819,1.7755681818181819,False
29,tags,great acting,3,20,0.15,0.08448,1.7755681818181817,1.7755681818181817,False
29,tags,story,1,20,0.05,0.02848,1.75561797752809,1.75561797752809,False
29,tags,unlikely friendships,1,20,0.05,0.02976,1.6801075268817205,1.6801075268817205,False
29,tags,childhood,1,20,0.05,0.0304,1.6447368421052633,1.6447368421052633,False
29,tags,children,1,20,0.05,0.03104,1.6108247422680413,1.6108247422680413,False
29,tags,based on book,1,20,0.05,0.03872,1.2913223140495869,1.2913223140495869,False
29,genres,War,1,20,0.05,0.0432,1.1574074074074074,1.1574074074074074,False
29,tags,great movie,1,20,0.05,0.04352,1.1488970588235294,1.1488970588235294,False
29,tags,funny,1,20,0.05,0.04832,1.03476821192053,1.03476821192053,False
29,genres,Drama,8,20,0.4,0.39584,1.0105092966855296,1.0105092966855296,False
29,tags,chase,1,20,0.05,0.0528,0.946969696969697,0.946969696969697,False
29,tags,special effects,1,20,0.05,0.05408,0.9245562130177515,0.9245562130177515,False
29,tags,oscar (best actress),1,20,0.05,0.05504,0.9084302325581396,0.9084302325581396,False
29,tags,suspense,1,20,0.05,0.05568,0.8979885057471265,0.8979885057471265,False
29,tags,comedy,2,20,0.1,0.11168,0.8954154727793696,0.8954154727793696,False
29,tags,dramatic,1,20,0.05,0.06464,0.7735148514851485,0.7735148514851485,False
29,tags,imdb top 250,1,20,0.05,0.09824,0.508957654723127,0.508957654723127,False
29,genres,Thriller,1,20,0.05,0.14016,0.3567351598173516,0.3567351598173516,False
29,tags,original,1,20,0.05,0.25024,0.19980818414322252,0.19980818414322252,False
30,tags,shopping,3,20,0.15,0.00096,156.25,156.25,True
30,tags,good romantic comedies,9,20,0.45,0.00704,63.92045454545455,63.92045454545455,True
30,tags,sappy,1,20,0.05,0.00096,52.083333333333336,52.083333333333336,False
30,tags,wedding,2,20,0.1,0.00224,44.642857142857146,44.642857142857146,True
30,tags,spelling bee,1,20,0.05,0.00128,39.0625,39.0625,False
30,tags,girlie movie,15,20,0.75,0.02272,33.01056338028169,33.01056338028169,False
30,tags,very good,1,20,0.05,0.0016,31.25,31.25,False
30,tags,family bonds,1,20,0.05,0.0016,31.25,31.25,False
30,tags,happy ending,9,20,0.45,0.016,28.125,28.125,False
30,tags,feel good movie,8,20,0.4,0.0144,27.77777777777778,27.77777777777778,False
30,tags,chick flick,15,20,0.75,0.03136,23.915816326530614,23.915816326530614,False
30,tags,feel-good,13,20,0.65,0.02784,23.347701149425287,23.347701149425287,False
30,tags,internet,1,20,0.05,0.00224,22.321428571428573,22.321428571428573,False
30,tags,ghosts/afterlife,1,20,0.05,0.00224,22.321428571428573,22.321428571428573,False
30,tags,writer's life,1,20,0.05,0.00224,22.321428571428573,22.321428571428573,False
30,tags,sweet,8,20,0.4,0.01856,21.551724137931036,21.551724137931036,False
30,tags,romantic comedy,14,20,0.7,0.03424,20.44392523364486,20.44392523364486,False
30,tags,cute!,2,20,0.1,0.00512,19.53125,19.53125,False
30,tags,afterlife,1,20,0.05,0.00256,19.53125,19.53125,False
30,tags,catastrophe,1,20,0.05,0.00256,19.53125,19.53125,False
30,tags,romance,15,20,0.75,0.03904,19.211065573770494,19.211065573770494,False
30,tags,destiny,9,20,0.45,0.024,18.75,18.75,False
30,tags,cute,3,20,0.15,0.00864,17.36111111111111,17.36111111111111,False
30,tags,classical music,1,20,0.05,0.00288,17.36111111111111,17.36111111111111,False
30,tags,oscar winner,5,20,0.25,0.01568,15.943877551020408,15.943877551020408,False
30,tags,inspirational,2,20,0.1,0.0064,15.625,15.625,False
30,tags,sentimental,5,20,0.25,0.01664,15.024038461538463,15.024038461538463,False
30,tags,predictable,2,20,0.1,0.00672,14.880952380952381,14.880952380952381,False
30,tags,tear jerker,2,20,0.1,0.00704,14.204545454545455,14.204545454545455,False
30,tags,baseball,1,20,0.05,0.00352,14.204545454545455,14.204545454545455,False
30,tags,romantic,15,20,0.75,0.05568,13.469827586206897,13.469827586206897,False
30,tags,football,1,20,0.05,0.00384,13.020833333333334,13.020833333333334,False
30,tags,teacher,1,20,0.05,0.00384,13.020833333333334,13.020833333333334,False
30,tags,divorce,1,20,0.05,0.00416,12.019230769230772,12.019230769230772,False
30,tags,love story,15,20,0.75,0.06368,11.777638190954773,11.777638190954773,False
30,tags,prostitution,1,20,0.05,0.00448,11.160714285714286,11.160714285714286,False
30,tags,life,1,20,0.05,0.00448,11.160714285714286,11.160714285714286,False
30,tags,single father,1,20,0.05,0.0048,10.416666666666668,10.416666666666668,False
30,tags,fairy tales,1,20,0.05,0.0048,10.416666666666668,10.416666666666668,False
30,tags,earnest,1,20,0.05,0.0048,10.416666666666668,10.416666666666668,False
30,tags,inspiring,1,20,0.05,0.0048,10.416666666666668,10.416666666666668,False
30,tags,women,3,20,0.15,0.01568,9.566326530612244,9.566326530612244,False
30,tags,disability,1,20,0.05,0.00544,9.191176470588236,9.191176470588236,False
30,tags,rags to riches,1,20,0.05,0.00576,8.680555555555555,8.680555555555555,False
30,tags,london,1,20,0.05,0.00576,8.680555555555555,8.680555555555555,False
30,tags,president,1,20,0.05,0.00576,8.680555555555555,8.680555555555555,False
30,tags,heartwarming,2,20,0.1,0.01184,8.445945945945947,8.445945945945947,False
30,tags,nostalgic,2,20,0.1,0.01216,8.223684210526315,8.223684210526315,False
30,tags,cross dressing,1,20,0.05,0.00608,8.223684210526315,8.223684210526315,False
30,tags,good,6,20,0.3,0.0368,8.152173913043478,8.152173913043478,False
30,tags,fighting the system,1,20,0.05,0.0064,7.8125,7.8125,False
30,tags,oscar,4,20,0.2,0.0272,7.352941176470589,7.352941176470589,False
30,tags,pg-13,1,20,0.05,0.00704,7.1022727272727275,7.1022727272727275,False
30,tags,love,5,20,0.25,0.03616,6.913716814159293,6.913716814159293,False
30,tags,fairy tale,2,20,0.1,0.01504,6.6489361702127665,6.6489361702127665,False
30,tags,gay character,2,20,0.1,0.01568,6.377551020408164,6.377551020408164,False
30,tags,drama,8,20,0.4,0.06656,6.009615384615386,6.009615384615386,False
30,tags,world politics,1,20,0.05,0.00832,6.009615384615386,6.009615384615386,False
30,genres,Romance,15,20,0.75,0.13312,5.634014423076923,5.634014423076923,False
30,tags,sports,2,20,0.1,0.01792,5.580357142857143,5.580357142857143,False
30,tags,ghosts,1,20,0.05,0.00896,5.580357142857143,5.580357142857143,False
30,tags,relationships,6,20,0.3,0.05376,5.580357142857142,5.580357142857142,False
30,tags,oscar (best supporting actress),2,20,0.1,0.01856,5.387931034482759,5.387931034482759,False
30,tags,natural disaster,1,20,0.05,0.00928,5.387931034482759,5.387931034482759,False
30,tags,remake,1,20,0.05,0.00928,5.387931034482759,5.387931034482759,False
30,tags,touching,3,20,0.15,0.02816,5.326704545454545,5.326704545454545,False
30,tags,bittersweet,2,20,0.1,0.01888,5.296610169491525,5.296610169491525,False
30,tags,dog,1,20,0.05,0.0096,5.208333333333334,5.208333333333334,False
30,tags,courtroom,1,20,0.05,0.00992,5.040322580645162,5.040322580645162,False
30,tags,gay,2,20,0.1,0.0208,4.807692307692308,4.807692307692308,False
30,tags,artistic,1,20,0.05,0.01056,4.734848484848485,4.734848484848485,False
30,tags,oscar (best picture),3,20,0.15,0.03296,4.550970873786407,4.550970873786407,False
30,tags,magic,1,20,0.05,0.0112,4.464285714285714,4.464285714285714,False
30,tags,epic,1,20,0.05,0.0112,4.464285714285714,4.464285714285714,False
30,tags,good acting,1,20,0.05,0.0112,4.464285714285714,4.464285714285714,False
30,tags,historical,2,20,0.1,0.02272,4.401408450704225,4.401408450704225,False
30,tags,oscar (best actor),2,20,0.1,0.02304,4.340277777777778,4.340277777777778,False
30,tags,us history,1,20,0.05,0.01152,4.340277777777778,4.340277777777778,False
30,tags,based on a true story,1,20,0.05,0.01184,4.222972972972974,4.222972972972974,False
30,tags,lawyers,1,20,0.05,0.01216,4.1118421052631575,4.1118421052631575,False
30,tags,death,1,20,0.05,0.01248,4.006410256410256,4.006410256410256,False
30,tags,good music,1,20,0.05,0.01248,4.006410256410256,4.006410256410256,False
30,tags,quotable,2,20,0.1,0.02688,3.7202380952380953,3.7202380952380953,False
30,tags,excellent script,3,20,0.15,0.04128,3.6337209302325584,3.6337209302325584,False
30,tags,oscar (best supporting actor),2,20,0.1,0.02784,3.591954022988506,3.591954022988506,False
30,tags,british,1,20,0.05,0.01408,3.5511363636363638,3.5511363636363638,False
30,tags,beautiful scenery,1,20,0.05,0.01408,3.5511363636363638,3.5511363636363638,False
30,tags,mentor,5,20,0.25,0.07168,3.4877232142857144,3.4877232142857144,False
30,tags,musicians,1,20,0.05,0.0144,3.4722222222222223,3.4722222222222223,False
30,tags,oscar (best directing),5,20,0.25,0.07264,3.441629955947137,3.441629955947137,False
30,tags,politics,1,20,0.05,0.01472,3.3967391304347827,3.3967391304347827,False
30,tags,lawyer,1,20,0.05,0.01504,3.3244680851063833,3.3244680851063833,False
30,tags,political,1,20,0.05,0.01568,3.188775510204082,3.188775510204082,False
30,tags,rock and roll,1,20,0.05,0.016,3.125,3.125,False
30,tags,biographical,1,20,0.05,0.01664,3.004807692307693,3.004807692307693,False
30,tags,world war ii,1,20,0.05,0.01696,2.94811320754717,2.94811320754717,False
30,tags,supernatural,1,20,0.05,0.01728,2.8935185185185186,2.8935185185185186,False
30,tags,history,1,20,0.05,0.01728,2.8935185185185186,2.8935185185185186,False
30,tags,life & death,1,20,0.05,0.0176,2.840909090909091,2.840909090909091,False
30,tags,wartime,1,20,0.05,0.0192,2.604166666666667,2.604166666666667,False
30,tags,based on true story,1,20,0.05,0.01984,2.520161290322581,2.520161290322581,False
30,tags,narrated,1,20,0.05,0.0208,2.403846153846154,2.403846153846154,False
30,tags,true story,1,20,0.05,0.0208,2.403846153846154,2.403846153846154,False
30,tags,based on a play,1,20,0.05,0.0208,2.403846153846154,2.403846153846154,False
30,tags,great acting,4,20,0.2,0.08448,2.3674242424242427,2.3674242424242427,False
30,genres,Comedy,15,20,0.75,0.32224,2.327457795431976,2.327457795431976,False
30,tags,great movie,2,20,0.1,0.04352,2.297794117647059,2.297794117647059,False
30,tags,fantasy,1,20,0.05,0.02176,2.297794117647059,2.297794117647059,False
30,tags,high school,1,20,0.05,0.0224,2.232142857142857,2.232142857142857,False
30,tags,small town,1,20,0.05,0.02368,2.111486486486487,2.111486486486487,False
30,tags,greed,1,20,0.05,0.02464,2.0292207792207795,2.0292207792207795,False
30,tags,family,2,20,0.1,0.05152,1.9409937888198758,1.9409937888198758,False
30,tags,big budget,1,20,0.05,0.02592,1.9290123456790125,1.9290123456790125,False
30,tags,oscar (best actress),2,20,0.1,0.05504,1.8168604651162792,1.8168604651162792,False
30,tags,music,1,20,0.05,0.02752,1.8168604651162792,1.8168604651162792,False
30,tags,oscar (best cinematography),1,20,0.05,0.02816,1.7755681818181819,1.7755681818181819,False
30,tags,story,1,20,0.05,0.02848,1.75561797752809,1.75561797752809,False
30,tags,unlikely friendships,1,20,0.05,0.02976,1.6801075268817205,1.6801075268817205,False
30,tags,childhood,1,20,0.05,0.0304,1.6447368421052633,1.6447368421052633,False
30,tags,children,1,20,0.05,0.03104,1.6108247422680413,1.6108247422680413,False
30,tags,comedy,3,20,0.15,0.11168,1.3431232091690544,1.3431232091690544,False
30,tags,based on book,1,20,0.05,0.03872,1.2913223140495869,1.2913223140495869,False
30,genres,War,1,20,0.05,0.0432,1.1574074074074074,1.1574074074074074,False
30,tags,funny,1,20,0.05,0.04832,1.03476821192053,1.03476821192053,False
30,genres,Drama,8,20,0.4,0.39584,1.0105092966855296,1.0105092966855296,False
30,tags,chase,1,20,0.05,0.0528,0.946969696969697,0.946969696969697,False
30,tags,special effects,1,20,0.05,0.05408,0.9245562130177515,0.9245562130177515,False
30,tags,suspense,1,20,0.05,0.05568,0.8979885057471265,0.8979885057471265,False
30,tags,dramatic,1,20,0.05,0.06464,0.7735148514851485,0.7735148514851485,False
30,tags,imdb top 250,1,20,0.05,0.09824,0.508957654723127,0.508957654723127,False
30,genres,Thriller,1,20,0.05,0.14016,0.3567351598173516,0.3567351598173516,False
30,tags,original,1,20,0.05,0.25024,0.19980818414322252,0.19980818414322252,False
31,tags,hannibal lecter,1,20,0.05,0.00032,156.25,156.25,False
31,tags,morality,1,20,0.05,0.00032,156.25,156.25,False
31,tags,suprisingly clever,3,20,0.15,0.00224,66.96428571428572,66.96428571428572,True
31,tags,oscar (best writing - screenplay written directly for the screen),3,20,0.15,0.00224,66.96428571428572,66.96428571428572,True
31,tags,good acting,14,20,0.7,0.0112,62.5,62.5,True
31,tags,nonlinear,2,20,0.1,0.0016,62.5,62.5,False
31,tags,complex characters,2,20,0.1,0.0016,62.5,62.5,False
31,tags,good dialogue,2,20,0.1,0.00192,52.083333333333336,52.083333333333336,False
31,tags,tarantino,2,20,0.1,0.00192,52.083333333333336,52.083333333333336,False
31,tags,minnesota,1,20,0.05,0.00096,52.083333333333336,52.083333333333336,False
31,tags,math,1,20,0.05,0.00096,52.083333333333336,52.083333333333336,False
31,tags,guns,5,20,0.25,0.00512,48.82812499999999,48.82812499999999,False
31,tags,robbery,1,20,0.05,0.00128,39.0625,39.0625,False
31,tags,mathematics,1,20,0.05,0.00128,39.0625,39.0625,False
31,tags,money,1,20,0.05,0.00128,39.0625,39.0625,False
31,tags,foul language,4,20,0.2,0.00544,36.76470588235294,36.76470588235294,False
31,tags,interesting,16,20,0.8,0.02208,36.231884057971016,36.231884057971016,False
31,tags,crime gone awry,5,20,0.25,0.00704,35.51136363636363,35.51136363636363,False
31,tags,pulp,2,20,0.1,0.00288,34.72222222222222,34.72222222222222,False
31,tags,excellent,3,20,0.15,0.00448,33.48214285714286,33.48214285714286,False
31,tags,francis ford copolla,3,20,0.15,0.00448,33.48214285714286,33.48214285714286,False
31,tags,gratuitous violence,4,20,0.2,0.00608,32.89473684210526,32.89473684210526,False
31,tags,brutal,4,20,0.2,0.0064,31.25,31.25,False
31,tags,non-linear,2,20,0.1,0.0032,31.25,31.25,False
31,tags,entirely dialogue,1,20,0.05,0.0016,31.25,31.25,False
31,tags,plot,1,20,0.05,0.0016,31.25,31.25,False
31,tags,very good,1,20,0.05,0.0016,31.25,31.25,False
31,tags,genius,1,20,0.05,0.0016,31.25,31.25,False
31,tags,great dialogue,4,20,0.2,0.00672,29.761904761904763,29.761904761904763,False
31,tags,realistic,3,20,0.15,0.00512,29.296874999999996,29.296874999999996,False
31,tags,organized crime,8,20,0.4,0.0144,27.77777777777778,27.77777777777778,False
31,tags,visceral,11,20,0.55,0.01984,27.721774193548388,27.721774193548388,False
31,tags,anti-hero,3,20,0.15,0.00544,27.573529411764703,27.573529411764703,False
31,tags,coen brothers,1,20,0.05,0.00192,26.041666666666668,26.041666666666668,False
31,tags,tricky,1,20,0.05,0.00192,26.041666666666668,26.041666666666668,False
31,tags,psychiatrist,1,20,0.05,0.00192,26.041666666666668,26.041666666666668,False
31,tags,beautiful,1,20,0.05,0.00192,26.041666666666668,26.041666666666668,False
31,tags,oscar (best editing),3,20,0.15,0.00576,26.041666666666664,26.041666666666664,False
31,tags,coen bros,3,20,0.15,0.00608,24.671052631578945,24.671052631578945,False
31,tags,excellent script,19,20,0.95,0.04128,23.01356589147287,23.01356589147287,False
31,tags,anti-war,1,20,0.05,0.00224,22.321428571428573,22.321428571428573,False
31,tags,oscar (best actor),10,20,0.5,0.02304,21.70138888888889,21.70138888888889,False
31,tags,highly quotable,5,20,0.25,0.01184,21.114864864864867,21.114864864864867,False
31,tags,exceptional acting,4,20,0.2,0.0096,20.833333333333336,20.833333333333336,False
31,tags,earnest,2,20,0.1,0.0048,20.833333333333336,20.833333333333336,False
31,tags,gangster,5,20,0.25,0.01216,20.559210526315788,20.559210526315788,False
31,tags,twist,3,20,0.15,0.00736,20.380434782608695,20.380434782608695,False
31,tags,mob,5,20,0.25,0.01248,20.03205128205128,20.03205128205128,False
31,tags,great ending,15,20,0.75,0.03776,19.862288135593218,19.862288135593218,False
31,tags,gruesome,2,20,0.1,0.00512,19.53125,19.53125,False
31,tags,cannibalism,1,20,0.05,0.00256,19.53125,19.53125,False
31,tags,boston,1,20,0.05,0.00256,19.53125,19.53125,False
31,tags,midlife crisis,1,20,0.05,0.00256,19.53125,19.53125,False
31,tags,surprise ending,3,20,0.15,0.008,18.75,18.75,False
31,tags,powerful ending,7,20,0.35,0.01888,18.538135593220336,18.538135593220336,False
31,tags,complicated plot,2,20,0.1,0.00544,18.38235294117647,18.38235294117647,False
31,tags,hit men,5,20,0.25,0.01376,18.16860465116279,18.16860465116279,False
31,tags,oscar (best supporting actor),10,20,0.5,0.02784,17.95977011494253,17.95977011494253,False
31,tags,violent,13,20,0.65,0.03744,17.36111111111111,17.36111111111111,False
31,tags,crime,12,20,0.6,0.03456,17.36111111111111,17.36111111111111,False
31,tags,complicated,4,20,0.2,0.01152,17.36111111111111,17.36111111111111,False
31,tags,rags to riches,2,20,0.1,0.00576,17.36111111111111,17.36111111111111,False
31,tags,blood,1,20,0.05,0.00288,17.36111111111111,17.36111111111111,False
31,tags,con men,1,20,0.05,0.00288,17.36111111111111,17.36111111111111,False
31,tags,freedom,1,20,0.05,0.00288,17.36111111111111,17.36111111111111,False
31,tags,bank robbery,1,20,0.05,0.00288,17.36111111111111,17.36111111111111,False
31,tags,boxing,1,20,0.05,0.00288,17.36111111111111,17.36111111111111,False
31,tags,great movie,15,20,0.75,0.04352,17.23345588235294,17.23345588235294,False
31,tags,heist,4,20,0.2,0.01184,16.891891891891895,16.891891891891895,False
31,tags,oscar (best picture),11,20,0.55,0.03296,16.686893203883496,16.686893203883496,False
31,tags,dialogue driven,3,20,0.15,0.00928,16.163793103448274,16.163793103448274,False
31,tags,neo-noir,4,20,0.2,0.01248,16.025641025641026,16.025641025641026,False
31,tags,plot twist,4,20,0.2,0.0128,15.625,15.625,False
31,tags,inspirational,2,20,0.1,0.0064,15.625,15.625,False
31,tags,los angeles,2,20,0.1,0.0064,15.625,15.625,False
31,tags,grim,2,20,0.1,0.0064,15.625,15.625,False
31,tags,multiple storylines,1,20,0.05,0.0032,15.625,15.625,False
31,tags,philosophy,1,20,0.05,0.0032,15.625,15.625,False
31,tags,vietnam,1,20,0.05,0.0032,15.625,15.625,False
31,tags,psychiatry,2,20,0.1,0.00672,14.880952380952381,14.880952380952381,False
31,tags,afi 100 (movie quotes),2,20,0.1,0.00672,14.880952380952381,14.880952380952381,False
31,tags,bloody,3,20,0.15,0.01024,14.648437499999998,14.648437499999998,False
31,tags,narrated,6,20,0.3,0.0208,14.423076923076923,14.423076923076923,False
31,tags,brutality,8,20,0.4,0.02784,14.367816091954024,14.367816091954024,False
31,tags,mental illness,2,20,0.1,0.00704,14.204545454545455,14.204545454545455,False
31,tags,suburbia,1,20,0.05,0.00352,14.204545454545455,14.204545454545455,False
31,tags,photography,1,20,0.05,0.00352,14.204545454545455,14.204545454545455,False
31,tags,gangsters,6,20,0.3,0.02176,13.786764705882351,13.786764705882351,False
31,tags,violence,13,20,0.65,0.04832,13.451986754966887,13.451986754966887,False
31,tags,manipulation,3,20,0.15,0.0112,13.392857142857142,13.392857142857142,False
31,tags,paranoid,1,20,0.05,0.00384,13.020833333333334,13.020833333333334,False
31,tags,vietnam war,1,20,0.05,0.00384,13.020833333333334,13.020833333333334,False
31,tags,complex,6,20,0.3,0.02304,13.020833333333332,13.020833333333332,False
31,tags,stylish,6,20,0.3,0.02368,12.66891891891892,12.66891891891892,False
31,tags,mafia,3,20,0.15,0.01184,12.66891891891892,12.66891891891892,False
31,tags,dark humor,6,20,0.3,0.024,12.5,12.5,False
31,tags,psychology,4,20,0.2,0.016,12.5,12.5,False
31,tags,caper,2,20,0.1,0.008,12.5,12.5,False
31,tags,war movie,2,20,0.1,0.008,12.5,12.5,False
31,tags,cult,1,20,0.05,0.00416,12.019230769230772,12.019230769230772,False
31,tags,great soundtrack,1,20,0.05,0.00416,12.019230769230772,12.019230769230772,False
31,tags,great acting,20,20,1.0,0.08448,11.837121212121213,11.837121212121213,False
31,tags,storytelling,13,20,0.65,0.05536,11.741329479768787,11.741329479768787,False
31,tags,clever,3,20,0.15,0.01312,11.432926829268293,11.432926829268293,False
31,tags,ensemble cast,3,20,0.15,0.01312,11.432926829268293,11.432926829268293,False
31,tags,masterpiece,15,20,0.75,0.0672,11.160714285714286,11.160714285714286,False
31,tags,1950s,1,20,0.05,0.00448,11.160714285714286,11.160714285714286,False
31,tags,prostitution,1,20,0.05,0.00448,11.160714285714286,11.160714285714286,False
31,tags,life,1,20,0.05,0.00448,11.160714285714286,11.160714285714286,False
31,tags,twists & turns,8,20,0.4,0.03648,10.964912280701755,10.964912280701755,False
31,tags,good soundtrack,11,20,0.55,0.05056,10.878164556962027,10.878164556962027,False
31,tags,good,8,20,0.4,0.0368,10.869565217391305,10.869565217391305,False
31,tags,stylized,4,20,0.2,0.01856,10.775862068965518,10.775862068965518,False
31,tags,twist ending,2,20,0.1,0.00928,10.775862068965518,10.775862068965518,False
31,tags,compassionate,2,20,0.1,0.00928,10.775862068965518,10.775862068965518,False
31,tags,justice,2,20,0.1,0.00928,10.775862068965518,10.775862068965518,False
31,tags,moral ambiguity,2,20,0.1,0.00928,10.775862068965518,10.775862068965518,False
31,tags,intense,6,20,0.3,0.02784,10.775862068965516,10.775862068965516,False
31,tags,noir thriller,3,20,0.15,0.01408,10.65340909090909,10.65340909090909,False
31,tags,gritty,1,20,0.05,0.0048,10.416666666666668,10.416666666666668,False
31,tags,great music,1,20,0.05,0.0048,10.416666666666668,10.416666666666668,False
31,tags,mindfuck,1,20,0.05,0.0048,10.416666666666668,10.416666666666668,False
31,tags,vigilantism,1,20,0.05,0.0048,10.416666666666668,10.416666666666668,False
31,tags,oscar (best directing),15,20,0.75,0.07264,10.32488986784141,10.32488986784141,False
31,tags,police investigation,6,20,0.3,0.03008,9.97340425531915,9.97340425531915,False
31,tags,disturbing,3,20,0.15,0.01536,9.765625,9.765625,False
31,tags,spielberg,1,20,0.05,0.00512,9.765625,9.765625,False
31,tags,parenthood,1,20,0.05,0.00512,9.765625,9.765625,False
31,tags,imdb top 250,19,20,0.95,0.09824,9.670195439739414,9.670195439739414,False
31,genres,Crime,11,20,0.55,0.05696,9.655898876404496,9.655898876404496,False
31,tags,oscar winner,3,20,0.15,0.01568,9.566326530612244,9.566326530612244,False
31,tags,amazing cinematography,4,20,0.2,0.02112,9.46969696969697,9.46969696969697,False
31,tags,investigation,3,20,0.15,0.016,9.375,9.375,False
31,tags,disability,1,20,0.05,0.00544,9.191176470588236,9.191176470588236,False
31,tags,golden palm,3,20,0.15,0.01632,9.191176470588234,9.191176470588234,False
31,tags,oscar (best actress),10,20,0.5,0.05504,9.084302325581396,9.084302325581396,False
31,tags,drama,12,20,0.6,0.06656,9.014423076923077,9.014423076923077,False
31,tags,insanity,3,20,0.15,0.01696,8.84433962264151,8.84433962264151,False
31,tags,us history,2,20,0.1,0.01152,8.680555555555555,8.680555555555555,False
31,tags,police corruption,1,20,0.05,0.00576,8.680555555555555,8.680555555555555,False
31,tags,heartwarming,2,20,0.1,0.01184,8.445945945945947,8.445945945945947,False
31,tags,political corruption,1,20,0.05,0.00608,8.223684210526315,8.223684210526315,False
31,tags,realistic action,1,20,0.05,0.00608,8.223684210526315,8.223684210526315,False
31,tags,intellectual,1,20,0.05,0.00608,8.223684210526315,8.223684210526315,False
31,tags,greed,4,20,0.2,0.02464,8.116883116883118,8.116883116883118,False
31,tags,psychological,4,20,0.2,0.02464,8.116883116883118,8.116883116883118,False
31,tags,prison,1,20,0.05,0.0064,7.8125,7.8125,False
31,tags,sacrifice,1,20,0.05,0.0064,7.8125,7.8125,False
31,tags,nocturnal,1,20,0.05,0.0064,7.8125,7.8125,False
31,tags,thought-provoking,1,20,0.05,0.0064,7.8125,7.8125,False
31,tags,quotable,4,20,0.2,0.02688,7.440476190476191,7.440476190476191,False
31,tags,new york,1,20,0.05,0.00672,7.440476190476191,7.440476190476191,False
31,tags,oscar,4,20,0.2,0.0272,7.352941176470589,7.352941176470589,False
31,tags,dialogue,4,20,0.2,0.02752,7.267441860465117,7.267441860465117,False
31,tags,best war films,2,20,0.1,0.01376,7.267441860465117,7.267441860465117,False
31,tags,cool,2,20,0.1,0.01408,7.1022727272727275,7.1022727272727275,False
31,tags,detective,2,20,0.1,0.01408,7.1022727272727275,7.1022727272727275,False
31,tags,absurd,1,20,0.05,0.00704,7.1022727272727275,7.1022727272727275,False
31,tags,dark comedy,1,20,0.05,0.00704,7.1022727272727275,7.1022727272727275,False
31,tags,kidnapping,1,20,0.05,0.00704,7.1022727272727275,7.1022727272727275,False
31,tags,story,4,20,0.2,0.02848,7.02247191011236,7.02247191011236,False
31,tags,character study,3,20,0.15,0.02144,6.996268656716418,6.996268656716418,False
31,tags,betrayal,2,20,0.1,0.01472,6.793478260869565,6.793478260869565,False
31,tags,undercover cop,1,20,0.05,0.00736,6.793478260869565,6.793478260869565,False
31,tags,depression,1,20,0.05,0.00736,6.793478260869565,6.793478260869565,False
31,tags,gory,2,20,0.1,0.01504,6.6489361702127665,6.6489361702127665,False
31,tags,sexualized violence,1,20,0.05,0.008,6.25,6.25,False
31,tags,black comedy,1,20,0.05,0.008,6.25,6.25,False
31,tags,prison escape,1,20,0.05,0.008,6.25,6.25,False
31,tags,vigilante,1,20,0.05,0.008,6.25,6.25,False
31,tags,sentimental,2,20,0.1,0.01664,6.009615384615386,6.009615384615386,False
31,tags,innocence lost,1,20,0.05,0.00832,6.009615384615386,6.009615384615386,False
31,tags,great,3,20,0.15,0.02496,6.009615384615384,6.009615384615384,False
31,tags,social commentary,2,20,0.1,0.01696,5.89622641509434,5.89622641509434,False
31,tags,downbeat,2,20,0.1,0.01696,5.89622641509434,5.89622641509434,False
31,tags,mystery,2,20,0.1,0.01728,5.787037037037037,5.787037037037037,False
31,tags,new york city,1,20,0.05,0.00864,5.787037037037037,5.787037037037037,False
31,tags,cinematography,5,20,0.25,0.04448,5.620503597122302,5.620503597122302,False
31,tags,literature,1,20,0.05,0.00896,5.580357142857143,5.580357142857143,False
31,tags,frightening,1,20,0.05,0.00896,5.580357142857143,5.580357142857143,False
31,tags,cynical,1,20,0.05,0.00896,5.580357142857143,5.580357142857143,False
31,tags,corruption,3,20,0.15,0.0272,5.514705882352941,5.514705882352941,False
31,tags,tense,6,20,0.3,0.05536,5.41907514450867,5.41907514450867,False
31,tags,oscar (best supporting actress),2,20,0.1,0.01856,5.387931034482759,5.387931034482759,False
31,tags,long,1,20,0.05,0.00928,5.387931034482759,5.387931034482759,False
31,tags,suspense,6,20,0.3,0.05568,5.387931034482758,5.387931034482758,False
31,tags,war,2,20,0.1,0.01888,5.296610169491525,5.296610169491525,False
31,tags,wartime,2,20,0.1,0.0192,5.208333333333334,5.208333333333334,False
31,tags,sexuality,1,20,0.05,0.0096,5.208333333333334,5.208333333333334,False
31,tags,based on book,4,20,0.2,0.03872,5.1652892561983474,5.1652892561983474,False
31,tags,suspenseful,4,20,0.2,0.03968,5.040322580645162,5.040322580645162,False
31,tags,based on true story,2,20,0.1,0.01984,5.040322580645162,5.040322580645162,False
31,tags,unlikely friendships,3,20,0.15,0.02976,5.040322580645161,5.040322580645161,False
31,tags,mentor,7,20,0.35,0.07168,4.8828125,4.8828125,False
31,tags,friendship,3,20,0.15,0.03072,4.8828125,4.8828125,False
31,tags,afi 100,1,20,0.05,0.01024,4.8828125,4.8828125,False
31,tags,dark,2,20,0.1,0.02144,4.664179104477612,4.664179104477612,False
31,tags,conspiracy,2,20,0.1,0.02176,4.595588235294118,4.595588235294118,False
31,tags,serial killer,2,20,0.1,0.02176,4.595588235294118,4.595588235294118,False
31,tags,visually appealing,4,20,0.2,0.04416,4.528985507246377,4.528985507246377,False
31,tags,vengeance,2,20,0.1,0.02208,4.528985507246377,4.528985507246377,False
31,tags,police,1,20,0.05,0.0112,4.464285714285714,4.464285714285714,False
31,tags,quirky,1,20,0.05,0.01152,4.340277777777778,4.340277777777778,False
31,tags,film noir,1,20,0.05,0.01152,4.340277777777778,4.340277777777778,False
31,tags,thriller,3,20,0.15,0.03488,4.30045871559633,4.30045871559633,False
31,tags,fast paced,2,20,0.1,0.02368,4.222972972972974,4.222972972972974,False
31,tags,small town,2,20,0.1,0.02368,4.222972972972974,4.222972972972974,False
31,tags,noir,1,20,0.05,0.01216,4.1118421052631575,4.1118421052631575,False
31,tags,ominous,1,20,0.05,0.01216,4.1118421052631575,4.1118421052631575,False
31,genres,Film-Noir,1,20,0.05,0.01248,4.006410256410256,4.006410256410256,False
31,tags,atmospheric,1,20,0.05,0.01248,4.006410256410256,4.006410256410256,False
31,tags,classic,6,20,0.3,0.0752,3.9893617021276593,3.9893617021276593,False
31,tags,murder,4,20,0.2,0.05024,3.980891719745223,3.980891719745223,False
31,tags,adapted from:book,5,20,0.25,0.06336,3.945707070707071,3.945707070707071,False
31,tags,dramatic,5,20,0.25,0.06464,3.8675742574257423,3.8675742574257423,False
31,tags,redemption,1,20,0.05,0.01312,3.810975609756098,3.810975609756098,False
31,tags,cult film,2,20,0.1,0.02688,3.7202380952380953,3.7202380952380953,False
31,tags,biography,1,20,0.05,0.01376,3.6337209302325584,3.6337209302325584,False
31,tags,original,18,20,0.9,0.25024,3.596547314578005,3.596547314578005,False
31,genres,Thriller,10,20,0.5,0.14016,3.567351598173516,3.567351598173516,False
31,tags,touching,2,20,0.1,0.02816,3.5511363636363638,3.5511363636363638,False
31,tags,oscar (best cinematography),2,20,0.1,0.02816,3.5511363636363638,3.5511363636363638,False
31,tags,loneliness,3,20,0.15,0.04288,3.498134328358209,3.498134328358209,False
31,tags,wwii,1,20,0.05,0.0144,3.4722222222222223,3.4722222222222223,False
31,tags,obsession,2,20,0.1,0.03104,3.2216494845360826,3.2216494845360826,False
31,tags,courage,1,20,0.05,0.01568,3.188775510204082,3.188775510204082,False
31,tags,happy ending,1,20,0.05,0.016,3.125,3.125,False
31,tags,biopic,1,20,0.05,0.01664,3.004807692307693,3.004807692307693,False
31,tags,biographical,1,20,0.05,0.01664,3.004807692307693,3.004807692307693,False
31,tags,world war ii,1,20,0.05,0.01696,2.94811320754717,2.94811320754717,False
31,tags,drugs,1,20,0.05,0.01728,2.8935185185185186,2.8935185185185186,False
31,tags,history,1,20,0.05,0.01728,2.8935185185185186,2.8935185185185186,False
31,tags,creepy,2,20,0.1,0.03488,2.86697247706422,2.86697247706422,False
31,tags,sports,1,20,0.05,0.01792,2.7901785714285716,2.7901785714285716,False
31,tags,melancholic,2,20,0.1,0.0368,2.717391304347826,2.717391304347826,False
31,tags,bittersweet,1,20,0.05,0.01888,2.6483050847457625,2.6483050847457625,False
31,tags,independent film,1,20,0.05,0.0192,2.604166666666667,2.604166666666667,False
31,tags,enigmatic,2,20,0.1,0.04064,2.4606299212598426,2.4606299212598426,False
31,genres,War,2,20,0.1,0.0432,2.314814814814815,2.314814814814815,False
31,tags,weird,2,20,0.1,0.0448,2.232142857142857,2.232142857142857,False
31,tags,historical,1,20,0.05,0.02272,2.2007042253521125,2.2007042253521125,False
31,tags,cult classic,2,20,0.1,0.04608,2.170138888888889,2.170138888888889,False
31,tags,murder mystery,1,20,0.05,0.02368,2.111486486486487,2.111486486486487,False
31,tags,visually stunning,1,20,0.05,0.02528,1.9778481012658229,1.9778481012658229,False
31,tags,gunfight,1,20,0.05,0.0256,1.953125,1.953125,False
31,tags,reflective,1,20,0.05,0.02592,1.9290123456790125,1.9290123456790125,False
31,tags,bleak,1,20,0.05,0.02624,1.905487804878049,1.905487804878049,False
31,tags,talky,2,20,0.1,0.05312,1.8825301204819278,1.8825301204819278,False
31,tags,good sequel,1,20,0.05,0.02656,1.8825301204819278,1.8825301204819278,False
31,tags,black and white,1,20,0.05,0.02656,1.8825301204819278,1.8825301204819278,False
31,tags,relationships,2,20,0.1,0.05376,1.8601190476190477,1.8601190476190477,False
31,tags,sequel,1,20,0.05,0.02784,1.795977011494253,1.795977011494253,False
31,tags,feel-good,1,20,0.05,0.02784,1.795977011494253,1.795977011494253,False
31,genres,Drama,14,20,0.7,0.39584,1.7683912691996764,1.7683912691996764,False
31,tags,sequels,1,20,0.05,0.0288,1.7361111111111112,1.7361111111111112,False
31,tags,childhood,1,20,0.05,0.0304,1.6447368421052633,1.6447368421052633,False
31,genres,Mystery,1,20,0.05,0.03072,1.6276041666666667,1.6276041666666667,False
31,tags,beautifully filmed,1,20,0.05,0.032,1.5625,1.5625,False
31,tags,based on a book,2,20,0.1,0.06656,1.5024038461538465,1.5024038461538465,False
31,genres,Action,4,20,0.2,0.14528,1.3766519823788548,1.3766519823788548,False
31,tags,criterion,2,20,0.1,0.07456,1.3412017167381975,1.3412017167381975,False
31,tags,action,2,20,0.1,0.07968,1.2550200803212852,1.2550200803212852,False
31,tags,family,1,20,0.05,0.05152,0.9704968944099379,0.9704968944099379,False
31,tags,horror,1,20,0.05,0.064,0.78125,0.78125,False
31,genres,Comedy,1,20,0.05,0.32224,0.1551638530287984,0.1551638530287984,False
32,tags,perfect,1,20,0.05,0.00032,156.25,156.25,False
32,tags,love triangles,2,20,0.1,0.00128,78.125,78.125,True
32,tags,boat,1,20,0.05,0.00096,52.083333333333336,52.083333333333336,False
32,tags,hollywood,1,20,0.05,0.00096,52.083333333333336,52.083333333333336,False
32,tags,private detective,3,20,0.15,0.0032,46.87499999999999,46.87499999999999,True
32,tags,afi 100 (movie quotes),5,20,0.25,0.00672,37.20238095238095,37.20238095238095,True
32,tags,screwball,4,20,0.2,0.00544,36.76470588235294,36.76470588235294,False
32,tags,screwball comedy,4,20,0.2,0.00576,34.72222222222222,34.72222222222222,False
32,genres,Film-Noir,8,20,0.4,0.01248,32.05128205128205,32.05128205128205,False
32,tags,entirely dialogue,1,20,0.05,0.0016,31.25,31.25,False
32,tags,afi 100,6,20,0.3,0.01024,29.296874999999996,29.296874999999996,False
32,tags,cynical,5,20,0.25,0.00896,27.901785714285715,27.901785714285715,False
32,tags,witty,6,20,0.3,0.0112,26.785714285714285,26.785714285714285,False
32,tags,wistful,1,20,0.05,0.00192,26.041666666666668,26.041666666666668,False
32,tags,film noir,6,20,0.3,0.01152,26.041666666666664,26.041666666666664,False
32,tags,noir,6,20,0.3,0.01216,24.671052631578945,24.671052631578945,False
32,tags,farce,2,20,0.1,0.00448,22.321428571428573,22.321428571428573,False
32,tags,oscar (best writing - screenplay written directly for the screen),1,20,0.05,0.00224,22.321428571428573,22.321428571428573,False
32,tags,train,1,20,0.05,0.00224,22.321428571428573,22.321428571428573,False
32,tags,complicated,5,20,0.25,0.01152,21.70138888888889,21.70138888888889,False
32,tags,noir thriller,6,20,0.3,0.01408,21.30681818181818,21.30681818181818,False
32,tags,black and white,10,20,0.5,0.02656,18.825301204819276,18.825301204819276,False
32,tags,intellectual,2,20,0.1,0.00608,16.44736842105263,16.44736842105263,False
32,tags,political corruption,2,20,0.1,0.00608,16.44736842105263,16.44736842105263,False
32,tags,neo-noir,4,20,0.2,0.01248,16.025641025641026,16.025641025641026,False
32,tags,quotable,8,20,0.4,0.02688,14.880952380952381,14.880952380952381,False
32,tags,new york,2,20,0.1,0.00672,14.880952380952381,14.880952380952381,False
32,tags,great dialogue,2,20,0.1,0.00672,14.880952380952381,14.880952380952381,False
32,tags,crime gone awry,2,20,0.1,0.00704,14.204545454545455,14.204545454545455,False
32,tags,silent,2,20,0.1,0.00704,14.204545454545455,14.204545454545455,False
32,tags,sarcasm,2,20,0.1,0.00704,14.204545454545455,14.204545454545455,False
32,tags,hotel,1,20,0.05,0.00352,14.204545454545455,14.204545454545455,False
32,tags,photography,1,20,0.05,0.00352,14.204545454545455,14.204545454545455,False
32,tags,talky,15,20,0.75,0.05312,14.118975903614457,14.118975903614457,False
32,tags,paranoid,1,20,0.05,0.00384,13.020833333333334,13.020833333333334,False
32,tags,nazi,2,20,0.1,0.00832,12.019230769230772,12.019230769230772,False
32,tags,mistaken identity,1,20,0.05,0.00416,12.019230769230772,12.019230769230772,False
32,tags,atmospheric,3,20,0.15,0.01248,12.019230769230768,12.019230769230768,False
32,tags,classic,18,20,0.9,0.0752,11.96808510638298,11.96808510638298,False
32,tags,mystery,4,20,0.2,0.01728,11.574074074074074,11.574074074074074,False
32,tags,broadway,1,20,0.05,0.00448,11.160714285714286,11.160714285714286,False
32,tags,adultery,2,20,0.1,0.00928,10.775862068965518,10.775862068965518,False
32,tags,detective,3,20,0.15,0.01408,10.65340909090909,10.65340909090909,False
32,tags,nazis,3,20,0.15,0.01472,10.190217391304348,10.190217391304348,False
32,tags,greed,5,20,0.25,0.02464,10.146103896103897,10.146103896103897,False
32,tags,africa,1,20,0.05,0.00512,9.765625,9.765625,False
32,tags,life philosophy,1,20,0.05,0.00512,9.765625,9.765625,False
32,tags,imdb top 250,19,20,0.95,0.09824,9.670195439739414,9.670195439739414,False
32,tags,oscar (best directing),14,20,0.7,0.07264,9.636563876651982,9.636563876651982,False
32,tags,oscar winner,3,20,0.15,0.01568,9.566326530612244,9.566326530612244,False
32,tags,investigation,3,20,0.15,0.016,9.375,9.375,False
32,tags,complicated plot,1,20,0.05,0.00544,9.191176470588236,9.191176470588236,False
32,tags,oscar (best actress),10,20,0.5,0.05504,9.084302325581396,9.084302325581396,False
32,tags,dialogue,5,20,0.25,0.02752,9.084302325581396,9.084302325581396,False
32,tags,interesting,4,20,0.2,0.02208,9.057971014492754,9.057971014492754,False
32,tags,hitchcock,3,20,0.15,0.01664,9.014423076923077,9.014423076923077,False
32,tags,manipulation,2,20,0.1,0.0112,8.928571428571429,8.928571428571429,False
32,tags,highly quotable,2,20,0.1,0.01184,8.445945945945947,8.445945945945947,False
32,tags,gangster,2,20,0.1,0.01216,8.223684210526315,8.223684210526315,False
32,tags,cross dressing,1,20,0.05,0.00608,8.223684210526315,8.223684210526315,False
32,tags,oscar (best supporting actress),3,20,0.15,0.01856,8.081896551724137,8.081896551724137,False
32,tags,bittersweet,3,20,0.15,0.01888,7.944915254237287,7.944915254237287,False
32,tags,sacrifice,1,20,0.05,0.0064,7.8125,7.8125,False
32,tags,los angeles,1,20,0.05,0.0064,7.8125,7.8125,False
32,tags,oscar (best picture),5,20,0.25,0.03296,7.584951456310679,7.584951456310679,False
32,tags,masterpiece,10,20,0.5,0.0672,7.440476190476191,7.440476190476191,False
32,tags,runaway,2,20,0.1,0.01408,7.1022727272727275,7.1022727272727275,False
32,tags,dark,3,20,0.15,0.02144,6.996268656716418,6.996268656716418,False
32,tags,murder,7,20,0.35,0.05024,6.96656050955414,6.96656050955414,False
32,tags,spy,2,20,0.1,0.0144,6.944444444444445,6.944444444444445,False
32,tags,twists & turns,5,20,0.25,0.03648,6.853070175438597,6.853070175438597,False
32,tags,eerie,1,20,0.05,0.00736,6.793478260869565,6.793478260869565,False
32,tags,amazing photography,1,20,0.05,0.00736,6.793478260869565,6.793478260869565,False
32,tags,police investigation,4,20,0.2,0.03008,6.6489361702127665,6.6489361702127665,False
32,tags,1930s,2,20,0.1,0.01504,6.6489361702127665,6.6489361702127665,False
32,tags,great ending,5,20,0.25,0.03776,6.620762711864407,6.620762711864407,False
32,tags,oscar (best actor),3,20,0.15,0.02304,6.510416666666666,6.510416666666666,False
32,tags,complex,3,20,0.15,0.02304,6.510416666666666,6.510416666666666,False
32,tags,obsession,4,20,0.2,0.03104,6.443298969072165,6.443298969072165,False
32,tags,courage,2,20,0.1,0.01568,6.377551020408164,6.377551020408164,False
32,tags,espionage,2,20,0.1,0.01568,6.377551020408164,6.377551020408164,False
32,tags,murder mystery,3,20,0.15,0.02368,6.33445945945946,6.33445945945946,False
32,tags,enigmatic,5,20,0.25,0.04064,6.151574803149606,6.151574803149606,False
32,tags,satirical,2,20,0.1,0.01632,6.127450980392156,6.127450980392156,False
32,tags,german,1,20,0.05,0.00832,6.009615384615386,6.009615384615386,False
32,tags,literary adaptation,1,20,0.05,0.00832,6.009615384615386,6.009615384615386,False
32,tags,sexy,3,20,0.15,0.02528,5.9335443037974684,5.9335443037974684,False
32,tags,great acting,10,20,0.5,0.08448,5.918560606060606,5.918560606060606,False
32,tags,downbeat,2,20,0.1,0.01696,5.89622641509434,5.89622641509434,False
32,tags,secrets,3,20,0.15,0.0256,5.859374999999999,5.859374999999999,False
32,tags,new york city,1,20,0.05,0.00864,5.787037037037037,5.787037037037037,False
32,tags,san francisco,1,20,0.05,0.00896,5.580357142857143,5.580357142857143,False
32,tags,oscar,3,20,0.15,0.0272,5.514705882352941,5.514705882352941,False
32,tags,assassination,1,20,0.05,0.00928,5.387931034482759,5.387931034482759,False
32,tags,criterion,8,20,0.4,0.07456,5.36480686695279,5.36480686695279,False
32,tags,oscar (best cinematography),3,20,0.15,0.02816,5.326704545454545,5.326704545454545,False
32,tags,spying,2,20,0.1,0.01888,5.296610169491525,5.296610169491525,False
32,tags,indians,1,20,0.05,0.0096,5.208333333333334,5.208333333333334,False
32,tags,exceptional acting,1,20,0.05,0.0096,5.208333333333334,5.208333333333334,False
32,tags,romance,4,20,0.2,0.03904,5.122950819672131,5.122950819672131,False
32,tags,suspenseful,4,20,0.2,0.03968,5.040322580645162,5.040322580645162,False
32,tags,affectionate,1,20,0.05,0.00992,5.040322580645162,5.040322580645162,False
32,tags,claustrophobic,1,20,0.05,0.00992,5.040322580645162,5.040322580645162,False
32,genres,Mystery,3,20,0.15,0.03072,4.8828125,4.8828125,False
32,tags,dance,1,20,0.05,0.01024,4.8828125,4.8828125,False
32,tags,excellent script,4,20,0.2,0.04128,4.844961240310078,4.844961240310078,False
32,tags,narrated,2,20,0.1,0.0208,4.807692307692308,4.807692307692308,False
32,tags,jungle,1,20,0.05,0.01056,4.734848484848485,4.734848484848485,False
32,tags,dancing,1,20,0.05,0.01056,4.734848484848485,4.734848484848485,False
32,tags,character study,2,20,0.1,0.02144,4.664179104477612,4.664179104477612,False
32,tags,gangsters,2,20,0.1,0.02176,4.595588235294118,4.595588235294118,False
32,tags,tense,5,20,0.25,0.05536,4.515895953757226,4.515895953757226,False
32,tags,romantic,5,20,0.25,0.05568,4.489942528735632,4.489942528735632,False
32,tags,suspense,5,20,0.25,0.05568,4.489942528735632,4.489942528735632,False
32,tags,good acting,1,20,0.05,0.0112,4.464285714285714,4.464285714285714,False
32,tags,crime,3,20,0.15,0.03456,4.340277777777778,4.340277777777778,False
32,tags,thriller,3,20,0.15,0.03488,4.30045871559633,4.30045871559633,False
32,tags,mafia,1,20,0.05,0.01184,4.222972972972974,4.222972972972974,False
32,tags,melancholic,3,20,0.15,0.0368,4.076086956521739,4.076086956521739,False
32,tags,great,2,20,0.1,0.02496,4.006410256410256,4.006410256410256,False
32,tags,good music,1,20,0.05,0.01248,4.006410256410256,4.006410256410256,False
32,tags,mob,1,20,0.05,0.01248,4.006410256410256,4.006410256410256,False
32,tags,plot twist,1,20,0.05,0.0128,3.90625,3.90625,False
32,tags,bleak,2,20,0.1,0.02624,3.810975609756098,3.810975609756098,False
32,tags,intimate,2,20,0.1,0.02624,3.810975609756098,3.810975609756098,False
32,tags,oscar (best supporting actor),2,20,0.1,0.02784,3.591954022988506,3.591954022988506,False
32,tags,funny as hell,1,20,0.05,0.01408,3.5511363636363638,3.5511363636363638,False
32,tags,loneliness,3,20,0.15,0.04288,3.498134328358209,3.498134328358209,False
32,tags,wwii,1,20,0.05,0.0144,3.4722222222222223,3.4722222222222223,False
32,tags,organized crime,1,20,0.05,0.0144,3.4722222222222223,3.4722222222222223,False
32,tags,betrayal,1,20,0.05,0.01472,3.3967391304347827,3.3967391304347827,False
32,tags,existentialism,1,20,0.05,0.01504,3.3244680851063833,3.3244680851063833,False
32,tags,love story,4,20,0.2,0.06368,3.14070351758794,3.14070351758794,False
32,genres,Musical,2,20,0.1,0.03392,2.94811320754717,2.94811320754717,False
32,tags,world war ii,1,20,0.05,0.01696,2.94811320754717,2.94811320754717,False
32,tags,insanity,1,20,0.05,0.01696,2.94811320754717,2.94811320754717,False
32,tags,social commentary,1,20,0.05,0.01696,2.94811320754717,2.94811320754717,False
32,tags,romantic comedy,2,20,0.1,0.03424,2.9205607476635516,2.9205607476635516,False
32,tags,musical,1,20,0.05,0.0176,2.840909090909091,2.840909090909091,False
32,tags,original,14,20,0.7,0.25024,2.7973145780051145,2.7973145780051145,False
32,tags,stylized,1,20,0.05,0.01856,2.6939655172413794,2.6939655172413794,False
32,tags,satire,1,20,0.05,0.01856,2.6939655172413794,2.6939655172413794,False
32,tags,powerful ending,1,20,0.05,0.01888,2.6483050847457625,2.6483050847457625,False
32,genres,Crime,3,20,0.15,0.05696,2.633426966292135,2.633426966292135,False
32,genres,Romance,7,20,0.35,0.13312,2.629206730769231,2.629206730769231,False
32,tags,wartime,1,20,0.05,0.0192,2.604166666666667,2.604166666666667,False
32,tags,adventure,2,20,0.1,0.04,2.5,2.5,False
32,tags,based on a play,1,20,0.05,0.0208,2.403846153846154,2.403846153846154,False
32,tags,funniest movies,1,20,0.05,0.0208,2.403846153846154,2.403846153846154,False
32,tags,amazing cinematography,1,20,0.05,0.02112,2.3674242424242427,2.3674242424242427,False
32,tags,adapted from:book,3,20,0.15,0.06336,2.367424242424242,2.367424242424242,False
32,tags,dramatic,3,20,0.15,0.06464,2.3205445544554455,2.3205445544554455,False
32,genres,War,2,20,0.1,0.0432,2.314814814814815,2.314814814814815,False
32,tags,cinematography,2,20,0.1,0.04448,2.248201438848921,2.248201438848921,False
32,tags,fast paced,1,20,0.05,0.02368,2.111486486486487,2.111486486486487,False
32,tags,stylish,1,20,0.05,0.02368,2.111486486486487,2.111486486486487,False
32,tags,reflective,1,20,0.05,0.02592,1.9290123456790125,1.9290123456790125,False
32,tags,relationships,2,20,0.1,0.05376,1.8601190476190477,1.8601190476190477,False
32,tags,corruption,1,20,0.05,0.0272,1.8382352941176472,1.8382352941176472,False
32,tags,music,1,20,0.05,0.02752,1.8168604651162792,1.8168604651162792,False
32,genres,Thriller,5,20,0.25,0.14016,1.783675799086758,1.783675799086758,False
32,tags,pornography,1,20,0.05,0.03296,1.5169902912621358,1.5169902912621358,False
32,tags,drama,2,20,0.1,0.06656,1.5024038461538465,1.5024038461538465,False
32,tags,hilarious,1,20,0.05,0.03584,1.3950892857142858,1.3950892857142858,False
32,tags,love,1,20,0.05,0.03616,1.3827433628318586,1.3827433628318586,False
32,tags,comedy,3,20,0.15,0.11168,1.3431232091690544,1.3431232091690544,False
32,tags,great movie,1,20,0.05,0.04352,1.1488970588235294,1.1488970588235294,False
32,genres,Comedy,7,20,0.35,0.32224,1.0861469712015888,1.0861469712015888,False
32,tags,chase,1,20,0.05,0.0528,0.946969696969697,0.946969696969697,False
32,tags,storytelling,1,20,0.05,0.05536,0.9031791907514451,0.9031791907514451,False
32,tags,based on a book,1,20,0.05,0.06656,0.7512019230769232,0.7512019230769232,False
32,genres,Drama,5,20,0.25,0.39584,0.6315683104284558,0.6315683104284558,False
32,genres,Adventure,1,20,0.05,0.08256,0.6056201550387598,0.6056201550387598,False
32,genres,Action,1,20,0.05,0.14528,0.3441629955947137,0.3441629955947137,False
33,tags,shopping,3,20,0.15,0.00096,156.25,156.25,True
33,tags,good romantic comedies,9,20,0.45,0.00704,63.92045454545455,63.92045454545455,True
33,tags,sappy,1,20,0.05,0.00096,52.083333333333336,52.083333333333336,False
33,tags,wedding,2,20,0.1,0.00224,44.642857142857146,44.642857142857146,True
33,tags,spelling bee,1,20,0.05,0.00128,39.0625,39.0625,False
33,tags,girlie movie,16,20,0.8,0.02272,35.2112676056338,35.2112676056338,False
33,tags,very good,1,20,0.05,0.0016,31.25,31.25,False
33,tags,family bonds,1,20,0.05,0.0016,31.25,31.25,False
33,tags,happy ending,9,20,0.45,0.016,28.125,28.125,False
33,tags,chick flick,16,20,0.8,0.03136,25.510204081632654,25.510204081632654,False
33,tags,feel good movie,7,20,0.35,0.0144,24.305555555555554,24.305555555555554,False
33,tags,internet,1,20,0.05,0.00224,22.321428571428573,22.321428571428573,False
33,tags,ghosts/afterlife,1,20,0.05,0.00224,22.321428571428573,22.321428571428573,False
33,tags,sweet,8,20,0.4,0.01856,21.551724137931036,21.551724137931036,False
33,tags,feel-good,12,20,0.6,0.02784,21.551724137931032,21.551724137931032,False
33,tags,romantic comedy,14,20,0.7,0.03424,20.44392523364486,20.44392523364486,False
33,tags,cute!,2,20,0.1,0.00512,19.53125,19.53125,False
33,tags,afterlife,1,20,0.05,0.00256,19.53125,19.53125,False
33,tags,catastrophe,1,20,0.05,0.00256,19.53125,19.53125,False
33,tags,romance,15,20,0.75,0.03904,19.211065573770494,19.211065573770494,False
33,tags,destiny,9,20,0.45,0.024,18.75,18.75,False
33,tags,cute,3,20,0.15,0.00864,17.36111111111111,17.36111111111111,False
33,tags,classical music,1,20,0.05,0.00288,17.36111111111111,17.36111111111111,False
33,tags,oscar winner,5,20,0.25,0.01568,15.943877551020408,15.943877551020408,False
33,tags,inspirational,2,20,0.1,0.0064,15.625,15.625,False
33,tags,sentimental,5,20,0.25,0.01664,15.024038461538463,15.024038461538463,False
33,tags,predictable,2,20,0.1,0.00672,14.880952380952381,14.880952380952381,False
33,tags,tear jerker,2,20,0.1,0.00704,14.204545454545455,14.204545454545455,False
33,tags,baseball,1,20,0.05,0.00352,14.204545454545455,14.204545454545455,False
33,tags,romantic,15,20,0.75,0.05568,13.469827586206897,13.469827586206897,False
33,tags,football,1,20,0.05,0.00384,13.020833333333334,13.020833333333334,False
33,tags,teacher,1,20,0.05,0.00384,13.020833333333334,13.020833333333334,False
33,tags,divorce,1,20,0.05,0.00416,12.019230769230772,12.019230769230772,False
33,tags,love story,15,20,0.75,0.06368,11.777638190954773,11.777638190954773,False
33,tags,prostitution,1,20,0.05,0.00448,11.160714285714286,11.160714285714286,False
33,tags,life,1,20,0.05,0.00448,11.160714285714286,11.160714285714286,False
33,tags,earnest,1,20,0.05,0.0048,10.416666666666668,10.416666666666668,False
33,tags,single father,1,20,0.05,0.0048,10.416666666666668,10.416666666666668,False
33,tags,fairy tales,1,20,0.05,0.0048,10.416666666666668,10.416666666666668,False
33,tags,inspiring,1,20,0.05,0.0048,10.416666666666668,10.416666666666668,False
33,tags,women,3,20,0.15,0.01568,9.566326530612244,9.566326530612244,False
33,tags,disability,1,20,0.05,0.00544,9.191176470588236,9.191176470588236,False
33,tags,rags to riches,1,20,0.05,0.00576,8.680555555555555,8.680555555555555,False
33,tags,london,1,20,0.05,0.00576,8.680555555555555,8.680555555555555,False
33,tags,president,1,20,0.05,0.00576,8.680555555555555,8.680555555555555,False
33,tags,heartwarming,2,20,0.1,0.01184,8.445945945945947,8.445945945945947,False
33,tags,nostalgic,2,20,0.1,0.01216,8.223684210526315,8.223684210526315,False
33,tags,cross dressing,1,20,0.05,0.00608,8.223684210526315,8.223684210526315,False
33,tags,fighting the system,1,20,0.05,0.0064,7.8125,7.8125,False
33,tags,oscar,4,20,0.2,0.0272,7.352941176470589,7.352941176470589,False
33,tags,british,2,20,0.1,0.01408,7.1022727272727275,7.1022727272727275,False
33,tags,pg-13,1,20,0.05,0.00704,7.1022727272727275,7.1022727272727275,False
33,tags,shakespeare,1,20,0.05,0.00704,7.1022727272727275,7.1022727272727275,False
33,tags,love,5,20,0.25,0.03616,6.913716814159293,6.913716814159293,False
33,tags,good,5,20,0.25,0.0368,6.793478260869565,6.793478260869565,False
33,tags,fairy tale,2,20,0.1,0.01504,6.6489361702127665,6.6489361702127665,False
33,genres,Romance,16,20,0.8,0.13312,6.009615384615386,6.009615384615386,False
33,tags,drama,8,20,0.4,0.06656,6.009615384615386,6.009615384615386,False
33,tags,world politics,1,20,0.05,0.00832,6.009615384615386,6.009615384615386,False
33,tags,sports,2,20,0.1,0.01792,5.580357142857143,5.580357142857143,False
33,tags,ghosts,1,20,0.05,0.00896,5.580357142857143,5.580357142857143,False
33,tags,literature,1,20,0.05,0.00896,5.580357142857143,5.580357142857143,False
33,tags,oscar (best supporting actress),2,20,0.1,0.01856,5.387931034482759,5.387931034482759,False
33,tags,natural disaster,1,20,0.05,0.00928,5.387931034482759,5.387931034482759,False
33,tags,remake,1,20,0.05,0.00928,5.387931034482759,5.387931034482759,False
33,tags,touching,3,20,0.15,0.02816,5.326704545454545,5.326704545454545,False
33,tags,bittersweet,2,20,0.1,0.01888,5.296610169491525,5.296610169491525,False
33,tags,dog,1,20,0.05,0.0096,5.208333333333334,5.208333333333334,False
33,tags,courtroom,1,20,0.05,0.00992,5.040322580645162,5.040322580645162,False
33,tags,costume drama,1,20,0.05,0.01024,4.8828125,4.8828125,False
33,tags,passionate,1,20,0.05,0.01024,4.8828125,4.8828125,False
33,tags,artistic,1,20,0.05,0.01056,4.734848484848485,4.734848484848485,False
33,tags,relationships,5,20,0.25,0.05376,4.650297619047619,4.650297619047619,False
33,tags,oscar (best picture),3,20,0.15,0.03296,4.550970873786407,4.550970873786407,False
33,tags,magic,1,20,0.05,0.0112,4.464285714285714,4.464285714285714,False
33,tags,epic,1,20,0.05,0.0112,4.464285714285714,4.464285714285714,False
33,tags,witty,1,20,0.05,0.0112,4.464285714285714,4.464285714285714,False
33,tags,historical,2,20,0.1,0.02272,4.401408450704225,4.401408450704225,False
33,tags,us history,1,20,0.05,0.01152,4.340277777777778,4.340277777777778,False
33,tags,england,1,20,0.05,0.01152,4.340277777777778,4.340277777777778,False
33,tags,based on a true story,1,20,0.05,0.01184,4.222972972972974,4.222972972972974,False
33,tags,lawyers,1,20,0.05,0.01216,4.1118421052631575,4.1118421052631575,False
33,tags,death,1,20,0.05,0.01248,4.006410256410256,4.006410256410256,False
33,tags,good music,1,20,0.05,0.01248,4.006410256410256,4.006410256410256,False
33,tags,quotable,2,20,0.1,0.02688,3.7202380952380953,3.7202380952380953,False
33,tags,excellent script,3,20,0.15,0.04128,3.6337209302325584,3.6337209302325584,False
33,tags,beautiful scenery,1,20,0.05,0.01408,3.5511363636363638,3.5511363636363638,False
33,tags,musicians,1,20,0.05,0.0144,3.4722222222222223,3.4722222222222223,False
33,tags,oscar (best directing),5,20,0.25,0.07264,3.441629955947137,3.441629955947137,False
33,tags,politics,1,20,0.05,0.01472,3.3967391304347827,3.3967391304347827,False
33,tags,lawyer,1,20,0.05,0.01504,3.3244680851063833,3.3244680851063833,False
33,tags,period piece,1,20,0.05,0.01536,3.2552083333333335,3.2552083333333335,False
33,tags,gay character,1,20,0.05,0.01568,3.188775510204082,3.188775510204082,False
33,tags,political,1,20,0.05,0.01568,3.188775510204082,3.188775510204082,False
33,tags,rock and roll,1,20,0.05,0.016,3.125,3.125,False
33,tags,biographical,1,20,0.05,0.01664,3.004807692307693,3.004807692307693,False
33,tags,world war ii,1,20,0.05,0.01696,2.94811320754717,2.94811320754717,False
33,tags,history,1,20,0.05,0.01728,2.8935185185185186,2.8935185185185186,False
33,tags,supernatural,1,20,0.05,0.01728,2.8935185185185186,2.8935185185185186,False
33,tags,life & death,1,20,0.05,0.0176,2.840909090909091,2.840909090909091,False
33,tags,mentor,4,20,0.2,0.07168,2.7901785714285716,2.7901785714285716,False
33,tags,wartime,1,20,0.05,0.0192,2.604166666666667,2.604166666666667,False
33,tags,based on true story,1,20,0.05,0.01984,2.520161290322581,2.520161290322581,False
33,tags,gay,1,20,0.05,0.0208,2.403846153846154,2.403846153846154,False
33,tags,narrated,1,20,0.05,0.0208,2.403846153846154,2.403846153846154,False
33,tags,true story,1,20,0.05,0.0208,2.403846153846154,2.403846153846154,False
33,tags,based on a play,1,20,0.05,0.0208,2.403846153846154,2.403846153846154,False
33,tags,great acting,4,20,0.2,0.08448,2.3674242424242427,2.3674242424242427,False
33,genres,Comedy,15,20,0.75,0.32224,2.327457795431976,2.327457795431976,False
33,tags,fantasy,1,20,0.05,0.02176,2.297794117647059,2.297794117647059,False
33,tags,high school,1,20,0.05,0.0224,2.232142857142857,2.232142857142857,False
33,tags,oscar (best actor),1,20,0.05,0.02304,2.170138888888889,2.170138888888889,False
33,tags,small town,1,20,0.05,0.02368,2.111486486486487,2.111486486486487,False
33,tags,greed,1,20,0.05,0.02464,2.0292207792207795,2.0292207792207795,False
33,tags,family,2,20,0.1,0.05152,1.9409937888198758,1.9409937888198758,False
33,tags,big budget,1,20,0.05,0.02592,1.9290123456790125,1.9290123456790125,False
33,tags,oscar (best actress),2,20,0.1,0.05504,1.8168604651162792,1.8168604651162792,False
33,tags,music,1,20,0.05,0.02752,1.8168604651162792,1.8168604651162792,False
33,tags,oscar (best supporting actor),1,20,0.05,0.02784,1.795977011494253,1.795977011494253,False
33,tags,oscar (best cinematography),1,20,0.05,0.02816,1.7755681818181819,1.7755681818181819,False
33,tags,story,1,20,0.05,0.02848,1.75561797752809,1.75561797752809,False
33,tags,unlikely friendships,1,20,0.05,0.02976,1.6801075268817205,1.6801075268817205,False
33,tags,childhood,1,20,0.05,0.0304,1.6447368421052633,1.6447368421052633,False
33,tags,children,1,20,0.05,0.03104,1.6108247422680413,1.6108247422680413,False
33,tags,based on book,1,20,0.05,0.03872,1.2913223140495869,1.2913223140495869,False
33,genres,War,1,20,0.05,0.0432,1.1574074074074074,1.1574074074074074,False
33,tags,great movie,1,20,0.05,0.04352,1.1488970588235294,1.1488970588235294,False
33,tags,funny,1,20,0.05,0.04832,1.03476821192053,1.03476821192053,False
33,tags,chase,1,20,0.05,0.0528,0.946969696969697,0.946969696969697,False
33,tags,special effects,1,20,0.05,0.05408,0.9245562130177515,0.9245562130177515,False
33,tags,suspense,1,20,0.05,0.05568,0.8979885057471265,0.8979885057471265,False
33,tags,comedy,2,20,0.1,0.11168,0.8954154727793696,0.8954154727793696,False
33,genres,Drama,7,20,0.35,0.39584,0.8841956345998382,0.8841956345998382,False
33,tags,dramatic,1,20,0.05,0.06464,0.7735148514851485,0.7735148514851485,False
33,tags,imdb top 250,1,20,0.05,0.09824,0.508957654723127,0.508957654723127,False
33,genres,Thriller,1,20,0.05,0.14016,0.3567351598173516,0.3567351598173516,False
33,tags,original,1,20,0.05,0.25024,0.19980818414322252,0.19980818414322252,False
34,tags,star wars,3,20,0.15,0.00128,117.18749999999999,117.18749999999999,True
34,tags,saturn award (best special effects),7,20,0.35,0.0032,109.37499999999999,109.37499999999999,True
34,tags,oscar (best effects - visual effects),10,20,0.5,0.0048,104.16666666666667,104.16666666666667,True
34,tags,oscar (best sound),2,20,0.1,0.00096,104.16666666666667,104.16666666666667,False
34,tags,original plot,6,20,0.3,0.0032,93.74999999999999,93.74999999999999,False
34,tags,man versus machine,2,20,0.1,0.00128,78.125,78.125,False
34,tags,isolation,1,20,0.05,0.00064,78.125,78.125,False
34,tags,cgi,1,20,0.05,0.00064,78.125,78.125,False
34,tags,indiana jones,2,20,0.1,0.0016,62.5,62.5,False
34,tags,androids,5,20,0.25,0.00416,60.096153846153854,60.096153846153854,False
34,tags,artificial intelligence,1,20,0.05,0.00096,52.083333333333336,52.083333333333336,False
34,tags,philip k. dick,1,20,0.05,0.00096,52.083333333333336,52.083333333333336,False
34,tags,antarctica,1,20,0.05,0.00096,52.083333333333336,52.083333333333336,False
34,tags,snakes,3,20,0.15,0.00288,52.08333333333333,52.08333333333333,False
34,tags,motorcycle,3,20,0.15,0.0032,46.87499999999999,46.87499999999999,False
34,tags,dynamic cgi action,3,20,0.15,0.0032,46.87499999999999,46.87499999999999,False
34,tags,arnold,4,20,0.2,0.00448,44.642857142857146,44.642857142857146,False
34,tags,cloning,2,20,0.1,0.00224,44.642857142857146,44.642857142857146,False
34,tags,archaeology,2,20,0.1,0.00224,44.642857142857146,44.642857142857146,False
34,tags,robots,5,20,0.25,0.0064,39.0625,39.0625,False
34,tags,android(s)/cyborg(s),1,20,0.05,0.00128,39.0625,39.0625,False
34,tags,spock,1,20,0.05,0.00128,39.0625,39.0625,False
34,tags,apocalypse,4,20,0.2,0.00544,36.76470588235294,36.76470588235294,False
34,tags,lone hero,5,20,0.25,0.00704,35.51136363636363,35.51136363636363,False
34,tags,star trek,2,20,0.1,0.00288,34.72222222222222,34.72222222222222,False
34,tags,trilogy,4,20,0.2,0.00608,32.89473684210526,32.89473684210526,False
34,tags,cyborgs,3,20,0.15,0.0048,31.25,31.25,False
34,tags,treasure,2,20,0.1,0.0032,31.25,31.25,False
34,tags,memory,1,20,0.05,0.0016,31.25,31.25,False
34,tags,genetics,1,20,0.05,0.0016,31.25,31.25,False
34,tags,father-son relationship,1,20,0.05,0.0016,31.25,31.25,False
34,tags,time travel,3,20,0.15,0.00512,29.296874999999996,29.296874999999996,False
34,tags,spielberg,3,20,0.15,0.00512,29.296874999999996,29.296874999999996,False
34,tags,car chase,2,20,0.1,0.00352,28.40909090909091,28.40909090909091,False
34,tags,space opera,6,20,0.3,0.0112,26.785714285714285,26.785714285714285,False
34,tags,nuclear war,1,20,0.05,0.00192,26.041666666666668,26.041666666666668,False
34,tags,australian,1,20,0.05,0.00192,26.041666666666668,26.041666666666668,False
34,tags,gore,1,20,0.05,0.00192,26.041666666666668,26.041666666666668,False
34,tags,desert,3,20,0.15,0.00576,26.041666666666664,26.041666666666664,False
34,tags,dystopia,5,20,0.25,0.00992,25.201612903225808,25.201612903225808,False
34,tags,space travel,5,20,0.25,0.01024,24.414062499999996,24.414062499999996,False
34,tags,sword fight,4,20,0.2,0.00832,24.038461538461544,24.038461538461544,False
34,tags,good versus evil,4,20,0.2,0.00832,24.038461538461544,24.038461538461544,False
34,tags,aliens,10,20,0.5,0.0208,24.03846153846154,24.03846153846154,False
34,tags,post apocalyptic,2,20,0.1,0.00448,22.321428571428573,22.321428571428573,False
34,tags,exciting,2,20,0.1,0.00448,22.321428571428573,22.321428571428573,False
34,tags,hunting,1,20,0.05,0.00224,22.321428571428573,22.321428571428573,False
34,tags,dinosaurs,1,20,0.05,0.00224,22.321428571428573,22.321428571428573,False
34,tags,futuristic,12,20,0.6,0.0272,22.058823529411764,22.058823529411764,False
34,tags,dystopic future,3,20,0.15,0.00704,21.30681818181818,21.30681818181818,False
34,tags,highly quotable,5,20,0.25,0.01184,21.114864864864867,21.114864864864867,False
34,tags,alien invasion,3,20,0.15,0.00768,19.53125,19.53125,False
34,tags,treasure hunt,2,20,0.1,0.00512,19.53125,19.53125,False
34,tags,midlife crisis,1,20,0.05,0.00256,19.53125,19.53125,False
34,tags,story,11,20,0.55,0.02848,19.311797752808992,19.311797752808992,False
34,tags,post-apocalyptic,2,20,0.1,0.00544,18.38235294117647,18.38235294117647,False
34,tags,cars,2,20,0.1,0.00544,18.38235294117647,18.38235294117647,False
34,tags,effects,3,20,0.15,0.00832,18.028846153846153,18.028846153846153,False
34,tags,epic,4,20,0.2,0.0112,17.857142857142858,17.857142857142858,False
34,tags,visceral,7,20,0.35,0.01984,17.641129032258064,17.641129032258064,False
34,tags,scifi,15,20,0.75,0.04288,17.490671641791046,17.490671641791046,False
34,tags,robot,2,20,0.1,0.00576,17.36111111111111,17.36111111111111,False
34,tags,road movie,2,20,0.1,0.00576,17.36111111111111,17.36111111111111,False
34,tags,high fantasy,1,20,0.05,0.00288,17.36111111111111,17.36111111111111,False
34,tags,future,7,20,0.35,0.02048,17.089843749999996,17.089843749999996,False
34,tags,realistic action,2,20,0.1,0.00608,16.44736842105263,16.44736842105263,False
34,tags,dialogue,9,20,0.45,0.02752,16.351744186046513,16.351744186046513,False
34,tags,sci fi,14,20,0.7,0.04288,16.32462686567164,16.32462686567164,False
34,tags,space,7,20,0.35,0.02176,16.08455882352941,16.08455882352941,False
34,tags,series,7,20,0.35,0.0224,15.625,15.625,False
34,tags,gangs,2,20,0.1,0.0064,15.625,15.625,False
34,tags,australia,2,20,0.1,0.0064,15.625,15.625,False
34,tags,clones,1,20,0.05,0.0032,15.625,15.625,False
34,tags,mutants,1,20,0.05,0.0032,15.625,15.625,False
34,tags,science fiction,15,20,0.75,0.04832,15.521523178807946,15.521523178807946,False
34,tags,sci-fi,14,20,0.7,0.04512,15.514184397163119,15.514184397163119,False
34,tags,alien,6,20,0.3,0.01952,15.368852459016393,15.368852459016393,False
34,tags,technology,6,20,0.3,0.01984,15.120967741935484,15.120967741935484,False
34,tags,claustrophobic,3,20,0.15,0.00992,15.120967741935484,15.120967741935484,False
34,tags,mythology,3,20,0.15,0.01024,14.648437499999998,14.648437499999998,False
34,tags,action packed,9,20,0.45,0.03136,14.349489795918368,14.349489795918368,False
34,tags,pg-13,2,20,0.1,0.00704,14.204545454545455,14.204545454545455,False
34,tags,survival,1,20,0.05,0.00352,14.204545454545455,14.204545454545455,False
34,tags,modern fantasy,1,20,0.05,0.00352,14.204545454545455,14.204545454545455,False
34,tags,egypt,1,20,0.05,0.00352,14.204545454545455,14.204545454545455,False
34,tags,light,1,20,0.05,0.00352,14.204545454545455,14.204545454545455,False
34,tags,fighting,3,20,0.15,0.01056,14.204545454545453,14.204545454545453,False
34,tags,special effects,15,20,0.75,0.05408,13.868343195266272,13.868343195266272,False
34,tags,virtual reality,1,20,0.05,0.00384,13.020833333333334,13.020833333333334,False
34,tags,quotable,7,20,0.35,0.02688,13.020833333333332,13.020833333333332,False
34,tags,end of the world,2,20,0.1,0.008,12.5,12.5,False
34,tags,chase,13,20,0.65,0.0528,12.31060606060606,12.31060606060606,False
34,tags,nazi,2,20,0.1,0.00832,12.019230769230772,12.019230769230772,False
34,tags,biblical,1,20,0.05,0.00416,12.019230769230772,12.019230769230772,False
34,tags,good action,12,20,0.6,0.05056,11.867088607594937,11.867088607594937,False
34,tags,first contact,3,20,0.15,0.0128,11.718749999999998,11.718749999999998,False
34,tags,monster,3,20,0.15,0.0128,11.718749999999998,11.718749999999998,False
34,tags,awesome soundtrack,4,20,0.2,0.0176,11.363636363636363,11.363636363636363,False
34,tags,adventure,9,20,0.45,0.04,11.25,11.25,False
34,tags,franchise,11,20,0.55,0.04928,11.160714285714286,11.160714285714286,False
34,tags,frightening,2,20,0.1,0.00896,11.160714285714286,11.160714285714286,False
34,tags,wizards,1,20,0.05,0.00448,11.160714285714286,11.160714285714286,False
34,tags,natural disaster,2,20,0.1,0.00928,10.775862068965518,10.775862068965518,False
34,tags,action,17,20,0.85,0.07968,10.667670682730924,10.667670682730924,False
34,genres,Sci-Fi,17,20,0.85,0.08032,10.582669322709163,10.582669322709163,False
34,tags,cyberpunk,1,20,0.05,0.00512,9.765625,9.765625,False
34,tags,big budget,5,20,0.25,0.02592,9.645061728395062,9.645061728395062,False
34,tags,violent,7,20,0.35,0.03744,9.348290598290598,9.348290598290598,False
34,tags,great ending,7,20,0.35,0.03776,9.269067796610168,9.269067796610168,False
34,tags,foul language,1,20,0.05,0.00544,9.191176470588236,9.191176470588236,False
34,tags,mother-son relationship,1,20,0.05,0.00544,9.191176470588236,9.191176470588236,False
34,tags,alternate reality,1,20,0.05,0.00544,9.191176470588236,9.191176470588236,False
34,tags,anti-hero,1,20,0.05,0.00544,9.191176470588236,9.191176470588236,False
34,tags,weapons,3,20,0.15,0.01664,9.014423076923077,9.014423076923077,False
34,tags,suspense,10,20,0.5,0.05568,8.979885057471265,8.979885057471265,False
34,tags,sequel,5,20,0.25,0.02784,8.979885057471265,8.979885057471265,False
34,tags,intense,5,20,0.25,0.02784,8.979885057471265,8.979885057471265,False
34,tags,visual,6,20,0.3,0.03456,8.680555555555555,8.680555555555555,False
34,tags,oscar (best editing),1,20,0.05,0.00576,8.680555555555555,8.680555555555555,False
34,tags,revenge,2,20,0.1,0.01184,8.445945945945947,8.445945945945947,False
34,tags,007 (series),1,20,0.05,0.00608,8.223684210526315,8.223684210526315,False
34,tags,great movie,7,20,0.35,0.04352,8.042279411764705,8.042279411764705,False
34,tags,great,4,20,0.2,0.02496,8.012820512820513,8.012820512820513,False
34,tags,atmospheric,2,20,0.1,0.01248,8.012820512820513,8.012820512820513,False
34,tags,war,3,20,0.15,0.01888,7.944915254237287,7.944915254237287,False
34,tags,sacrifice,1,20,0.05,0.0064,7.8125,7.8125,False
34,tags,prison,1,20,0.05,0.0064,7.8125,7.8125,False
34,tags,nocturnal,1,20,0.05,0.0064,7.8125,7.8125,False
34,tags,new york,1,20,0.05,0.00672,7.440476190476191,7.440476190476191,False
34,tags,father son relationship,1,20,0.05,0.00672,7.440476190476191,7.440476190476191,False
34,tags,scary,3,20,0.15,0.02048,7.324218749999999,7.324218749999999,False
34,tags,violence,7,20,0.35,0.04832,7.243377483443708,7.243377483443708,False
34,tags,tense,8,20,0.4,0.05536,7.225433526011561,7.225433526011561,False
34,tags,fantasy,3,20,0.15,0.02176,6.893382352941176,6.893382352941176,False
34,genres,Action,20,20,1.0,0.14528,6.883259911894274,6.883259911894274,False
34,tags,good,5,20,0.25,0.0368,6.793478260869565,6.793478260869565,False
34,tags,vengeance,3,20,0.15,0.02208,6.793478260869565,6.793478260869565,False
34,tags,nazis,2,20,0.1,0.01472,6.793478260869565,6.793478260869565,False
34,tags,rebellion,1,20,0.05,0.00736,6.793478260869565,6.793478260869565,False
34,tags,fast paced,3,20,0.15,0.02368,6.33445945945946,6.33445945945946,False
34,tags,destiny,3,20,0.15,0.024,6.25,6.25,False
34,tags,explosions,1,20,0.05,0.008,6.25,6.25,False
34,tags,vigilante,1,20,0.05,0.008,6.25,6.25,False
34,genres,Adventure,10,20,0.5,0.08256,6.056201550387597,6.056201550387597,False
34,tags,classic,9,20,0.45,0.0752,5.98404255319149,5.98404255319149,False
34,tags,gunfight,3,20,0.15,0.0256,5.859374999999999,5.859374999999999,False
34,tags,mars,1,20,0.05,0.00864,5.787037037037037,5.787037037037037,False
34,tags,new york city,1,20,0.05,0.00864,5.787037037037037,5.787037037037037,False
34,tags,imdb top 250,11,20,0.55,0.09824,5.598534201954398,5.598534201954398,False
34,tags,san francisco,1,20,0.05,0.00896,5.580357142857143,5.580357142857143,False
34,tags,paranoia,1,20,0.05,0.00992,5.040322580645162,5.040322580645162,False
34,tags,jungle,1,20,0.05,0.01056,4.734848484848485,4.734848484848485,False
34,tags,dark,2,20,0.1,0.02144,4.664179104477612,4.664179104477612,False
34,genres,War,4,20,0.2,0.0432,4.62962962962963,4.62962962962963,False
34,tags,forceful,1,20,0.05,0.01088,4.595588235294118,4.595588235294118,False
34,tags,computer animation,1,20,0.05,0.01088,4.595588235294118,4.595588235294118,False
34,tags,cult classic,4,20,0.2,0.04608,4.340277777777778,4.340277777777778,False
34,tags,fantasy world,1,20,0.05,0.01152,4.340277777777778,4.340277777777778,False
34,tags,mentor,6,20,0.3,0.07168,4.185267857142858,4.185267857142858,False
34,tags,ominous,1,20,0.05,0.01216,4.1118421052631575,4.1118421052631575,False
34,tags,death,1,20,0.05,0.01248,4.006410256410256,4.006410256410256,False
34,tags,fun movie,3,20,0.15,0.03872,3.8739669421487606,3.8739669421487606,False
34,tags,70mm,1,20,0.05,0.01312,3.810975609756098,3.810975609756098,False
34,tags,redemption,1,20,0.05,0.01312,3.810975609756098,3.810975609756098,False
34,tags,suspenseful,3,20,0.15,0.03968,3.780241935483871,3.780241935483871,False
34,tags,masterpiece,5,20,0.25,0.0672,3.7202380952380953,3.7202380952380953,False
34,tags,excellent script,3,20,0.15,0.04128,3.6337209302325584,3.6337209302325584,False
34,tags,storytelling,4,20,0.2,0.05536,3.6127167630057806,3.6127167630057806,False
34,tags,imagination,1,20,0.05,0.01408,3.5511363636363638,3.5511363636363638,False
34,tags,cool,1,20,0.05,0.01408,3.5511363636363638,3.5511363636363638,False
34,tags,visually appealing,3,20,0.15,0.04416,3.3967391304347827,3.3967391304347827,False
34,tags,80s,1,20,0.05,0.01472,3.3967391304347827,3.3967391304347827,False
34,tags,assassin,1,20,0.05,0.01472,3.3967391304347827,3.3967391304347827,False
34,tags,gory,1,20,0.05,0.01504,3.3244680851063833,3.3244680851063833,False
34,genres,Thriller,9,20,0.45,0.14016,3.210616438356164,3.210616438356164,False
34,tags,original,16,20,0.8,0.25024,3.1969309462915603,3.1969309462915603,False
34,tags,oscar winner,1,20,0.05,0.01568,3.188775510204082,3.188775510204082,False
34,tags,humorous,1,20,0.05,0.016,3.125,3.125,False
34,tags,creepy,2,20,0.1,0.03488,2.86697247706422,2.86697247706422,False
34,tags,powerful ending,1,20,0.05,0.01888,2.6483050847457625,2.6483050847457625,False
34,tags,fight scenes,1,20,0.05,0.01952,2.5614754098360657,2.5614754098360657,False
34,genres,Fantasy,1,20,0.05,0.0208,2.403846153846154,2.403846153846154,False
34,tags,horror,3,20,0.15,0.064,2.34375,2.34375,False
34,tags,conspiracy,1,20,0.05,0.02176,2.297794117647059,2.297794117647059,False
34,tags,good sequel,1,20,0.05,0.02656,1.8825301204819278,1.8825301204819278,False
34,tags,cult film,1,20,0.05,0.02688,1.8601190476190477,1.8601190476190477,False
34,tags,oscar (best supporting actor),1,20,0.05,0.02784,1.795977011494253,1.795977011494253,False
34,tags,splatter,1,20,0.05,0.02976,1.6801075268817205,1.6801075268817205,False
34,tags,children,1,20,0.05,0.03104,1.6108247422680413,1.6108247422680413,False
34,tags,oscar (best picture),1,20,0.05,0.03296,1.5169902912621358,1.5169902912621358,False
34,tags,thriller,1,20,0.05,0.03488,1.43348623853211,1.43348623853211,False
34,tags,oscar (best directing),2,20,0.1,0.07264,1.3766519823788548,1.3766519823788548,False
34,tags,based on book,1,20,0.05,0.03872,1.2913223140495869,1.2913223140495869,False
34,genres,Horror,2,20,0.1,0.08512,1.174812030075188,1.174812030075188,False
34,tags,weird,1,20,0.05,0.0448,1.1160714285714286,1.1160714285714286,False
34,tags,adapted from:book,1,20,0.05,0.06336,0.7891414141414141,0.7891414141414141,False
34,tags,based on a book,1,20,0.05,0.06656,0.7512019230769232,0.7512019230769232,False
34,tags,great acting,1,20,0.05,0.08448,0.5918560606060607,0.5918560606060607,False
34,tags,comedy,1,20,0.05,0.11168,0.4477077363896848,0.4477077363896848,False
34,genres,Romance,1,20,0.05,0.13312,0.3756009615384616,0.3756009615384616,False
34,genres,Drama,1,20,0.05,0.39584,0.1263136620856912,0.1263136620856912,False
35,tags,shopping,3,20,0.15,0.00096,156.25,156.25,True
35,tags,good romantic comedies,9,20,0.45,0.00704,63.92045454545455,63.92045454545455,True
35,tags,sappy,1,20,0.05,0.00096,52.083333333333336,52.083333333333336,False
35,tags,wedding,2,20,0.1,0.00224,44.642857142857146,44.642857142857146,True
35,tags,spelling bee,1,20,0.05,0.00128,39.0625,39.0625,False
35,tags,girlie movie,16,20,0.8,0.02272,35.2112676056338,35.2112676056338,False
35,tags,very good,1,20,0.05,0.0016,31.25,31.25,False
35,tags,family bonds,1,20,0.05,0.0016,31.25,31.25,False
35,tags,happy ending,9,20,0.45,0.016,28.125,28.125,False
35,tags,chick flick,16,20,0.8,0.03136,25.510204081632654,25.510204081632654,False
35,tags,feel good movie,7,20,0.35,0.0144,24.305555555555554,24.305555555555554,False
35,tags,internet,1,20,0.05,0.00224,22.321428571428573,22.321428571428573,False
35,tags,ghosts/afterlife,1,20,0.05,0.00224,22.321428571428573,22.321428571428573,False
35,tags,sweet,8,20,0.4,0.01856,21.551724137931036,21.551724137931036,False
35,tags,feel-good,12,20,0.6,0.02784,21.551724137931032,21.551724137931032,False
35,tags,romantic comedy,14,20,0.7,0.03424,20.44392523364486,20.44392523364486,False
35,tags,cute!,2,20,0.1,0.00512,19.53125,19.53125,False
35,tags,afterlife,1,20,0.05,0.00256,19.53125,19.53125,False
35,tags,catastrophe,1,20,0.05,0.00256,19.53125,19.53125,False
35,tags,romance,15,20,0.75,0.03904,19.211065573770494,19.211065573770494,False
35,tags,destiny,9,20,0.45,0.024,18.75,18.75,False
35,tags,cute,3,20,0.15,0.00864,17.36111111111111,17.36111111111111,False
35,tags,classical music,1,20,0.05,0.00288,17.36111111111111,17.36111111111111,False
35,tags,oscar winner,5,20,0.25,0.01568,15.943877551020408,15.943877551020408,False
35,tags,inspirational,2,20,0.1,0.0064,15.625,15.625,False
35,tags,sentimental,5,20,0.25,0.01664,15.024038461538463,15.024038461538463,False
35,tags,predictable,2,20,0.1,0.00672,14.880952380952381,14.880952380952381,False
35,tags,tear jerker,2,20,0.1,0.00704,14.204545454545455,14.204545454545455,False
35,tags,baseball,1,20,0.05,0.00352,14.204545454545455,14.204545454545455,False
35,tags,romantic,15,20,0.75,0.05568,13.469827586206897,13.469827586206897,False
35,tags,football,1,20,0.05,0.00384,13.020833333333334,13.020833333333334,False
35,tags,teacher,1,20,0.05,0.00384,13.020833333333334,13.020833333333334,False
35,tags,divorce,1,20,0.05,0.00416,12.019230769230772,12.019230769230772,False
35,tags,love story,15,20,0.75,0.06368,11.777638190954773,11.777638190954773,False
35,tags,prostitution,1,20,0.05,0.00448,11.160714285714286,11.160714285714286,False
35,tags,life,1,20,0.05,0.00448,11.160714285714286,11.160714285714286,False
35,tags,single father,1,20,0.05,0.0048,10.416666666666668,10.416666666666668,False
35,tags,earnest,1,20,0.05,0.0048,10.416666666666668,10.416666666666668,False
35,tags,fairy tales,1,20,0.05,0.0048,10.416666666666668,10.416666666666668,False
35,tags,inspiring,1,20,0.05,0.0048,10.416666666666668,10.416666666666668,False
35,tags,women,3,20,0.15,0.01568,9.566326530612244,9.566326530612244,False
35,tags,disability,1,20,0.05,0.00544,9.191176470588236,9.191176470588236,False
35,tags,rags to riches,1,20,0.05,0.00576,8.680555555555555,8.680555555555555,False
35,tags,london,1,20,0.05,0.00576,8.680555555555555,8.680555555555555,False
35,tags,president,1,20,0.05,0.00576,8.680555555555555,8.680555555555555,False
35,tags,heartwarming,2,20,0.1,0.01184,8.445945945945947,8.445945945945947,False
35,tags,nostalgic,2,20,0.1,0.01216,8.223684210526315,8.223684210526315,False
35,tags,cross dressing,1,20,0.05,0.00608,8.223684210526315,8.223684210526315,False
35,tags,fighting the system,1,20,0.05,0.0064,7.8125,7.8125,False
35,tags,oscar,4,20,0.2,0.0272,7.352941176470589,7.352941176470589,False
35,tags,british,2,20,0.1,0.01408,7.1022727272727275,7.1022727272727275,False
35,tags,pg-13,1,20,0.05,0.00704,7.1022727272727275,7.1022727272727275,False
35,tags,shakespeare,1,20,0.05,0.00704,7.1022727272727275,7.1022727272727275,False
35,tags,love,5,20,0.25,0.03616,6.913716814159293,6.913716814159293,False
35,tags,good,5,20,0.25,0.0368,6.793478260869565,6.793478260869565,False
35,tags,fairy tale,2,20,0.1,0.01504,6.6489361702127665,6.6489361702127665,False
35,genres,Romance,16,20,0.8,0.13312,6.009615384615386,6.009615384615386,False
35,tags,drama,8,20,0.4,0.06656,6.009615384615386,6.009615384615386,False
35,tags,world politics,1,20,0.05,0.00832,6.009615384615386,6.009615384615386,False
35,tags,sports,2,20,0.1,0.01792,5.580357142857143,5.580357142857143,False
35,tags,ghosts,1,20,0.05,0.00896,5.580357142857143,5.580357142857143,False
35,tags,literature,1,20,0.05,0.00896,5.580357142857143,5.580357142857143,False
35,tags,oscar (best supporting actress),2,20,0.1,0.01856,5.387931034482759,5.387931034482759,False
35,tags,natural disaster,1,20,0.05,0.00928,5.387931034482759,5.387931034482759,False
35,tags,remake,1,20,0.05,0.00928,5.387931034482759,5.387931034482759,False
35,tags,touching,3,20,0.15,0.02816,5.326704545454545,5.326704545454545,False
35,tags,bittersweet,2,20,0.1,0.01888,5.296610169491525,5.296610169491525,False
35,tags,dog,1,20,0.05,0.0096,5.208333333333334,5.208333333333334,False
35,tags,courtroom,1,20,0.05,0.00992,5.040322580645162,5.040322580645162,False
35,tags,costume drama,1,20,0.05,0.01024,4.8828125,4.8828125,False
35,tags,passionate,1,20,0.05,0.01024,4.8828125,4.8828125,False
35,tags,artistic,1,20,0.05,0.01056,4.734848484848485,4.734848484848485,False
35,tags,relationships,5,20,0.25,0.05376,4.650297619047619,4.650297619047619,False
35,tags,oscar (best picture),3,20,0.15,0.03296,4.550970873786407,4.550970873786407,False
35,tags,magic,1,20,0.05,0.0112,4.464285714285714,4.464285714285714,False
35,tags,epic,1,20,0.05,0.0112,4.464285714285714,4.464285714285714,False
35,tags,witty,1,20,0.05,0.0112,4.464285714285714,4.464285714285714,False
35,tags,historical,2,20,0.1,0.02272,4.401408450704225,4.401408450704225,False
35,tags,us history,1,20,0.05,0.01152,4.340277777777778,4.340277777777778,False
35,tags,england,1,20,0.05,0.01152,4.340277777777778,4.340277777777778,False
35,tags,based on a true story,1,20,0.05,0.01184,4.222972972972974,4.222972972972974,False
35,tags,lawyers,1,20,0.05,0.01216,4.1118421052631575,4.1118421052631575,False
35,tags,death,1,20,0.05,0.01248,4.006410256410256,4.006410256410256,False
35,tags,good music,1,20,0.05,0.01248,4.006410256410256,4.006410256410256,False
35,tags,quotable,2,20,0.1,0.02688,3.7202380952380953,3.7202380952380953,False
35,tags,excellent script,3,20,0.15,0.04128,3.6337209302325584,3.6337209302325584,False
35,tags,beautiful scenery,1,20,0.05,0.01408,3.5511363636363638,3.5511363636363638,False
35,tags,musicians,1,20,0.05,0.0144,3.4722222222222223,3.4722222222222223,False
35,tags,oscar (best directing),5,20,0.25,0.07264,3.441629955947137,3.441629955947137,False
35,tags,politics,1,20,0.05,0.01472,3.3967391304347827,3.3967391304347827,False
35,tags,lawyer,1,20,0.05,0.01504,3.3244680851063833,3.3244680851063833,False
35,tags,period piece,1,20,0.05,0.01536,3.2552083333333335,3.2552083333333335,False
35,tags,gay character,1,20,0.05,0.01568,3.188775510204082,3.188775510204082,False
35,tags,political,1,20,0.05,0.01568,3.188775510204082,3.188775510204082,False
35,tags,rock and roll,1,20,0.05,0.016,3.125,3.125,False
35,tags,biographical,1,20,0.05,0.01664,3.004807692307693,3.004807692307693,False
35,tags,world war ii,1,20,0.05,0.01696,2.94811320754717,2.94811320754717,False
35,tags,supernatural,1,20,0.05,0.01728,2.8935185185185186,2.8935185185185186,False
35,tags,history,1,20,0.05,0.01728,2.8935185185185186,2.8935185185185186,False
35,tags,life & death,1,20,0.05,0.0176,2.840909090909091,2.840909090909091,False
35,tags,mentor,4,20,0.2,0.07168,2.7901785714285716,2.7901785714285716,False
35,tags,wartime,1,20,0.05,0.0192,2.604166666666667,2.604166666666667,False
35,tags,based on true story,1,20,0.05,0.01984,2.520161290322581,2.520161290322581,False
35,tags,gay,1,20,0.05,0.0208,2.403846153846154,2.403846153846154,False
35,tags,narrated,1,20,0.05,0.0208,2.403846153846154,2.403846153846154,False
35,tags,true story,1,20,0.05,0.0208,2.403846153846154,2.403846153846154,False
35,tags,based on a play,1,20,0.05,0.0208,2.403846153846154,2.403846153846154,False
35,tags,great acting,4,20,0.2,0.08448,2.3674242424242427,2.3674242424242427,False
35,genres,Comedy,15,20,0.75,0.32224,2.327457795431976,2.327457795431976,False
35,tags,fantasy,1,20,0.05,0.02176,2.297794117647059,2.297794117647059,False
35,tags,high school,1,20,0.05,0.0224,2.232142857142857,2.232142857142857,False
35,tags,oscar (best actor),1,20,0.05,0.02304,2.170138888888889,2.170138888888889,False
35,tags,small town,1,20,0.05,0.02368,2.111486486486487,2.111486486486487,False
35,tags,greed,1,20,0.05,0.02464,2.0292207792207795,2.0292207792207795,False
35,tags,family,2,20,0.1,0.05152,1.9409937888198758,1.9409937888198758,False
35,tags,big budget,1,20,0.05,0.02592,1.9290123456790125,1.9290123456790125,False
35,tags,oscar (best actress),2,20,0.1,0.05504,1.8168604651162792,1.8168604651162792,False
35,tags,music,1,20,0.05,0.02752,1.8168604651162792,1.8168604651162792,False
35,tags,oscar (best supporting actor),1,20,0.05,0.02784,1.795977011494253,1.795977011494253,False
35,tags,oscar (best cinematography),1,20,0.05,0.02816,1.7755681818181819,1.7755681818181819,False
35,tags,story,1,20,0.05,0.02848,1.75561797752809,1.75561797752809,False
35,tags,unlikely friendships,1,20,0.05,0.02976,1.6801075268817205,1.6801075268817205,False
35,tags,childhood,1,20,0.05,0.0304,1.6447368421052633,1.6447368421052633,False
35,tags,children,1,20,0.05,0.03104,1.6108247422680413,1.6108247422680413,False
35,tags,based on book,1,20,0.05,0.03872,1.2913223140495869,1.2913223140495869,False
35,genres,War,1,20,0.05,0.0432,1.1574074074074074,1.1574074074074074,False
35,tags,great movie,1,20,0.05,0.04352,1.1488970588235294,1.1488970588235294,False
35,tags,funny,1,20,0.05,0.04832,1.03476821192053,1.03476821192053,False
35,tags,chase,1,20,0.05,0.0528,0.946969696969697,0.946969696969697,False
35,tags,special effects,1,20,0.05,0.05408,0.9245562130177515,0.9245562130177515,False
35,tags,suspense,1,20,0.05,0.05568,0.8979885057471265,0.8979885057471265,False
35,tags,comedy,2,20,0.1,0.11168,0.8954154727793696,0.8954154727793696,False
35,genres,Drama,7,20,0.35,0.39584,0.8841956345998382,0.8841956345998382,False
35,tags,dramatic,1,20,0.05,0.06464,0.7735148514851485,0.7735148514851485,False
35,tags,imdb top 250,1,20,0.05,0.09824,0.508957654723127,0.508957654723127,False
35,genres,Thriller,1,20,0.05,0.14016,0.3567351598173516,0.3567351598173516,False
35,tags,original,1,20,0.05,0.25024,0.19980818414322252,0.19980818414322252,False
36,tags,perfect,1,20,0.05,0.00032,156.25,156.25,False
36,tags,boat,1,20,0.05,0.00096,52.083333333333336,52.083333333333336,False
36,tags,hollywood,1,20,0.05,0.00096,52.083333333333336,52.083333333333336,False
36,tags,private detective,3,20,0.15,0.0032,46.87499999999999,46.87499999999999,True
36,tags,love triangles,1,20,0.05,0.00128,39.0625,39.0625,False
36,tags,afi 100 (movie quotes),5,20,0.25,0.00672,37.20238095238095,37.20238095238095,True
36,tags,screwball,4,20,0.2,0.00544,36.76470588235294,36.76470588235294,True
36,tags,screwball comedy,4,20,0.2,0.00576,34.72222222222222,34.72222222222222,False
36,tags,afi 100,7,20,0.35,0.01024,34.17968749999999,34.17968749999999,False
36,genres,Film-Noir,8,20,0.4,0.01248,32.05128205128205,32.05128205128205,False
36,tags,entirely dialogue,1,20,0.05,0.0016,31.25,31.25,False
36,tags,cynical,5,20,0.25,0.00896,27.901785714285715,27.901785714285715,False
36,tags,witty,6,20,0.3,0.0112,26.785714285714285,26.785714285714285,False
36,tags,film noir,6,20,0.3,0.01152,26.041666666666664,26.041666666666664,False
36,tags,noir,6,20,0.3,0.01216,24.671052631578945,24.671052631578945,False
36,tags,farce,2,20,0.1,0.00448,22.321428571428573,22.321428571428573,False
36,tags,oscar (best writing - screenplay written directly for the screen),1,20,0.05,0.00224,22.321428571428573,22.321428571428573,False
36,tags,train,1,20,0.05,0.00224,22.321428571428573,22.321428571428573,False
36,tags,complicated,5,20,0.25,0.01152,21.70138888888889,21.70138888888889,False
36,tags,noir thriller,6,20,0.3,0.01408,21.30681818181818,21.30681818181818,False
36,tags,black and white,9,20,0.45,0.02656,16.94277108433735,16.94277108433735,False
36,tags,political corruption,2,20,0.1,0.00608,16.44736842105263,16.44736842105263,False
36,tags,neo-noir,4,20,0.2,0.01248,16.025641025641026,16.025641025641026,False
36,tags,quotable,8,20,0.4,0.02688,14.880952380952381,14.880952380952381,False
36,tags,great dialogue,2,20,0.1,0.00672,14.880952380952381,14.880952380952381,False
36,tags,mystery,5,20,0.25,0.01728,14.467592592592592,14.467592592592592,False
36,tags,crime gone awry,2,20,0.1,0.00704,14.204545454545455,14.204545454545455,False
36,tags,silent,2,20,0.1,0.00704,14.204545454545455,14.204545454545455,False
36,tags,hotel,1,20,0.05,0.00352,14.204545454545455,14.204545454545455,False
36,tags,talky,15,20,0.75,0.05312,14.118975903614457,14.118975903614457,False
36,tags,paranoid,1,20,0.05,0.00384,13.020833333333334,13.020833333333334,False
36,tags,voyeurism,1,20,0.05,0.00384,13.020833333333334,13.020833333333334,False
36,tags,classic,19,20,0.95,0.0752,12.632978723404253,12.632978723404253,False
36,tags,hitchcock,4,20,0.2,0.01664,12.019230769230772,12.019230769230772,False
36,tags,nazi,2,20,0.1,0.00832,12.019230769230772,12.019230769230772,False
36,tags,mistaken identity,1,20,0.05,0.00416,12.019230769230772,12.019230769230772,False
36,tags,atmospheric,3,20,0.15,0.01248,12.019230769230768,12.019230769230768,False
36,tags,interesting,5,20,0.25,0.02208,11.322463768115943,11.322463768115943,False
36,tags,broadway,1,20,0.05,0.00448,11.160714285714286,11.160714285714286,False
36,tags,adultery,2,20,0.1,0.00928,10.775862068965518,10.775862068965518,False
36,tags,detective,3,20,0.15,0.01408,10.65340909090909,10.65340909090909,False
36,tags,oscar (best directing),15,20,0.75,0.07264,10.32488986784141,10.32488986784141,False
36,tags,nazis,3,20,0.15,0.01472,10.190217391304348,10.190217391304348,False
36,tags,greed,5,20,0.25,0.02464,10.146103896103897,10.146103896103897,False
36,tags,claustrophobic,2,20,0.1,0.00992,10.080645161290324,10.080645161290324,False
36,tags,africa,1,20,0.05,0.00512,9.765625,9.765625,False
36,tags,imdb top 250,19,20,0.95,0.09824,9.670195439739414,9.670195439739414,False
36,tags,oscar winner,3,20,0.15,0.01568,9.566326530612244,9.566326530612244,False
36,tags,investigation,3,20,0.15,0.016,9.375,9.375,False
36,tags,complicated plot,1,20,0.05,0.00544,9.191176470588236,9.191176470588236,False
36,tags,oscar (best actress),10,20,0.5,0.05504,9.084302325581396,9.084302325581396,False
36,tags,dialogue,5,20,0.25,0.02752,9.084302325581396,9.084302325581396,False
36,tags,manipulation,2,20,0.1,0.0112,8.928571428571429,8.928571428571429,False
36,tags,complex,4,20,0.2,0.02304,8.680555555555555,8.680555555555555,False
36,tags,murder mystery,4,20,0.2,0.02368,8.445945945945947,8.445945945945947,False
36,tags,highly quotable,2,20,0.1,0.01184,8.445945945945947,8.445945945945947,False
36,tags,gangster,2,20,0.1,0.01216,8.223684210526315,8.223684210526315,False
36,tags,cross dressing,1,20,0.05,0.00608,8.223684210526315,8.223684210526315,False
36,tags,intellectual,1,20,0.05,0.00608,8.223684210526315,8.223684210526315,False
36,tags,oscar (best supporting actress),3,20,0.15,0.01856,8.081896551724137,8.081896551724137,False
36,tags,obsession,5,20,0.25,0.03104,8.054123711340205,8.054123711340205,False
36,tags,murder,8,20,0.4,0.05024,7.961783439490446,7.961783439490446,False
36,tags,great ending,6,20,0.3,0.03776,7.944915254237287,7.944915254237287,False
36,tags,spying,3,20,0.15,0.01888,7.944915254237287,7.944915254237287,False
36,tags,sacrifice,1,20,0.05,0.0064,7.8125,7.8125,False
36,tags,los angeles,1,20,0.05,0.0064,7.8125,7.8125,False
36,tags,oscar (best picture),5,20,0.25,0.03296,7.584951456310679,7.584951456310679,False
36,tags,masterpiece,10,20,0.5,0.0672,7.440476190476191,7.440476190476191,False
36,tags,new york,1,20,0.05,0.00672,7.440476190476191,7.440476190476191,False
36,tags,oscar (best cinematography),4,20,0.2,0.02816,7.1022727272727275,7.1022727272727275,False
36,tags,runaway,2,20,0.1,0.01408,7.1022727272727275,7.1022727272727275,False
36,tags,sarcasm,1,20,0.05,0.00704,7.1022727272727275,7.1022727272727275,False
36,tags,dark,3,20,0.15,0.02144,6.996268656716418,6.996268656716418,False
36,tags,spy,2,20,0.1,0.0144,6.944444444444445,6.944444444444445,False
36,tags,twists & turns,5,20,0.25,0.03648,6.853070175438597,6.853070175438597,False
36,tags,eerie,1,20,0.05,0.00736,6.793478260869565,6.793478260869565,False
36,tags,police investigation,4,20,0.2,0.03008,6.6489361702127665,6.6489361702127665,False
36,tags,1930s,2,20,0.1,0.01504,6.6489361702127665,6.6489361702127665,False
36,genres,Mystery,4,20,0.2,0.03072,6.510416666666667,6.510416666666667,False
36,tags,oscar (best actor),3,20,0.15,0.02304,6.510416666666666,6.510416666666666,False
36,tags,courage,2,20,0.1,0.01568,6.377551020408164,6.377551020408164,False
36,tags,espionage,2,20,0.1,0.01568,6.377551020408164,6.377551020408164,False
36,tags,suspenseful,5,20,0.25,0.03968,6.300403225806452,6.300403225806452,False
36,tags,enigmatic,5,20,0.25,0.04064,6.151574803149606,6.151574803149606,False
36,tags,satirical,2,20,0.1,0.01632,6.127450980392156,6.127450980392156,False
36,tags,excellent script,5,20,0.25,0.04128,6.056201550387597,6.056201550387597,False
36,tags,german,1,20,0.05,0.00832,6.009615384615386,6.009615384615386,False
36,tags,literary adaptation,1,20,0.05,0.00832,6.009615384615386,6.009615384615386,False
36,tags,sexy,3,20,0.15,0.02528,5.9335443037974684,5.9335443037974684,False
36,tags,great acting,10,20,0.5,0.08448,5.918560606060606,5.918560606060606,False
36,tags,downbeat,2,20,0.1,0.01696,5.89622641509434,5.89622641509434,False
36,tags,secrets,3,20,0.15,0.0256,5.859374999999999,5.859374999999999,False
36,tags,san francisco,1,20,0.05,0.00896,5.580357142857143,5.580357142857143,False
36,tags,oscar,3,20,0.15,0.0272,5.514705882352941,5.514705882352941,False
36,tags,tense,6,20,0.3,0.05536,5.41907514450867,5.41907514450867,False
36,tags,assassination,1,20,0.05,0.00928,5.387931034482759,5.387931034482759,False
36,tags,suspense,6,20,0.3,0.05568,5.387931034482758,5.387931034482758,False
36,tags,criterion,8,20,0.4,0.07456,5.36480686695279,5.36480686695279,False
36,tags,bittersweet,2,20,0.1,0.01888,5.296610169491525,5.296610169491525,False
36,tags,powerful ending,2,20,0.1,0.01888,5.296610169491525,5.296610169491525,False
36,tags,indians,1,20,0.05,0.0096,5.208333333333334,5.208333333333334,False
36,tags,exceptional acting,1,20,0.05,0.0096,5.208333333333334,5.208333333333334,False
36,tags,romance,4,20,0.2,0.03904,5.122950819672131,5.122950819672131,False
36,tags,affectionate,1,20,0.05,0.00992,5.040322580645162,5.040322580645162,False
36,tags,dance,1,20,0.05,0.01024,4.8828125,4.8828125,False
36,tags,narrated,2,20,0.1,0.0208,4.807692307692308,4.807692307692308,False
36,tags,jungle,1,20,0.05,0.01056,4.734848484848485,4.734848484848485,False
36,tags,dancing,1,20,0.05,0.01056,4.734848484848485,4.734848484848485,False
36,tags,character study,2,20,0.1,0.02144,4.664179104477612,4.664179104477612,False
36,tags,gangsters,2,20,0.1,0.02176,4.595588235294118,4.595588235294118,False
36,tags,good acting,1,20,0.05,0.0112,4.464285714285714,4.464285714285714,False
36,tags,crime,3,20,0.15,0.03456,4.340277777777778,4.340277777777778,False
36,tags,thriller,3,20,0.15,0.03488,4.30045871559633,4.30045871559633,False
36,tags,mafia,1,20,0.05,0.01184,4.222972972972974,4.222972972972974,False
36,tags,great,2,20,0.1,0.02496,4.006410256410256,4.006410256410256,False
36,tags,good music,1,20,0.05,0.01248,4.006410256410256,4.006410256410256,False
36,tags,mob,1,20,0.05,0.01248,4.006410256410256,4.006410256410256,False
36,tags,plot twist,1,20,0.05,0.0128,3.90625,3.90625,False
36,tags,bleak,2,20,0.1,0.02624,3.810975609756098,3.810975609756098,False
36,tags,romantic,4,20,0.2,0.05568,3.591954022988506,3.591954022988506,False
36,tags,oscar (best supporting actor),2,20,0.1,0.02784,3.591954022988506,3.591954022988506,False
36,tags,funny as hell,1,20,0.05,0.01408,3.5511363636363638,3.5511363636363638,False
36,tags,wwii,1,20,0.05,0.0144,3.4722222222222223,3.4722222222222223,False
36,tags,organized crime,1,20,0.05,0.0144,3.4722222222222223,3.4722222222222223,False
36,tags,betrayal,1,20,0.05,0.01472,3.3967391304347827,3.3967391304347827,False
36,tags,love story,4,20,0.2,0.06368,3.14070351758794,3.14070351758794,False
36,genres,Musical,2,20,0.1,0.03392,2.94811320754717,2.94811320754717,False
36,tags,world war ii,1,20,0.05,0.01696,2.94811320754717,2.94811320754717,False
36,tags,insanity,1,20,0.05,0.01696,2.94811320754717,2.94811320754717,False
36,tags,social commentary,1,20,0.05,0.01696,2.94811320754717,2.94811320754717,False
36,tags,romantic comedy,2,20,0.1,0.03424,2.9205607476635516,2.9205607476635516,False
36,tags,musical,1,20,0.05,0.0176,2.840909090909091,2.840909090909091,False
36,tags,original,14,20,0.7,0.25024,2.7973145780051145,2.7973145780051145,False
36,tags,melancholic,2,20,0.1,0.0368,2.717391304347826,2.717391304347826,False
36,tags,stylized,1,20,0.05,0.01856,2.6939655172413794,2.6939655172413794,False
36,tags,satire,1,20,0.05,0.01856,2.6939655172413794,2.6939655172413794,False
36,genres,Crime,3,20,0.15,0.05696,2.633426966292135,2.633426966292135,False
36,tags,wartime,1,20,0.05,0.0192,2.604166666666667,2.604166666666667,False
36,tags,adventure,2,20,0.1,0.04,2.5,2.5,False
36,tags,based on a play,1,20,0.05,0.0208,2.403846153846154,2.403846153846154,False
36,tags,funniest movies,1,20,0.05,0.0208,2.403846153846154,2.403846153846154,False
36,tags,amazing cinematography,1,20,0.05,0.02112,2.3674242424242427,2.3674242424242427,False
36,tags,adapted from:book,3,20,0.15,0.06336,2.367424242424242,2.367424242424242,False
36,tags,loneliness,2,20,0.1,0.04288,2.332089552238806,2.332089552238806,False
36,tags,dramatic,3,20,0.15,0.06464,2.3205445544554455,2.3205445544554455,False
36,genres,War,2,20,0.1,0.0432,2.314814814814815,2.314814814814815,False
36,genres,Romance,6,20,0.3,0.13312,2.253605769230769,2.253605769230769,False
36,tags,cinematography,2,20,0.1,0.04448,2.248201438848921,2.248201438848921,False
36,genres,Thriller,6,20,0.3,0.14016,2.1404109589041096,2.1404109589041096,False
36,tags,fast paced,1,20,0.05,0.02368,2.111486486486487,2.111486486486487,False
36,tags,stylish,1,20,0.05,0.02368,2.111486486486487,2.111486486486487,False
36,tags,intimate,1,20,0.05,0.02624,1.905487804878049,1.905487804878049,False
36,tags,corruption,1,20,0.05,0.0272,1.8382352941176472,1.8382352941176472,False
36,tags,music,1,20,0.05,0.02752,1.8168604651162792,1.8168604651162792,False
36,tags,pornography,1,20,0.05,0.03296,1.5169902912621358,1.5169902912621358,False
36,tags,drama,2,20,0.1,0.06656,1.5024038461538465,1.5024038461538465,False
36,tags,hilarious,1,20,0.05,0.03584,1.3950892857142858,1.3950892857142858,False
36,tags,comedy,3,20,0.15,0.11168,1.3431232091690544,1.3431232091690544,False
36,tags,great movie,1,20,0.05,0.04352,1.1488970588235294,1.1488970588235294,False
36,tags,visually appealing,1,20,0.05,0.04416,1.1322463768115942,1.1322463768115942,False
36,tags,chase,1,20,0.05,0.0528,0.946969696969697,0.946969696969697,False
36,genres,Comedy,6,20,0.3,0.32224,0.9309831181727903,0.9309831181727903,False
36,tags,relationships,1,20,0.05,0.05376,0.9300595238095238,0.9300595238095238,False
36,tags,storytelling,1,20,0.05,0.05536,0.9031791907514451,0.9031791907514451,False
36,tags,based on a book,1,20,0.05,0.06656,0.7512019230769232,0.7512019230769232,False
36,genres,Adventure,1,20,0.05,0.08256,0.6056201550387598,0.6056201550387598,False
36,genres,Drama,4,20,0.2,0.39584,0.5052546483427648,0.5052546483427648,False
36,genres,Action,1,20,0.05,0.14528,0.3441629955947137,0.3441629955947137,False
37,tags,shopping,3,20,0.15,0.00096,156.25,156.25,True
37,tags,good romantic comedies,9,20,0.45,0.00704,63.92045454545455,63.92045454545455,True
37,tags,sappy,1,20,0.05,0.00096,52.083333333333336,52.083333333333336,False
37,tags,wedding,2,20,0.1,0.00224,44.642857142857146,44.642857142857146,True
37,tags,spelling bee,1,20,0.05,0.00128,39.0625,39.0625,False
37,tags,girlie movie,15,20,0.75,0.02272,33.01056338028169,33.01056338028169,False
37,tags,very good,1,20,0.05,0.0016,31.25,31.25,False
37,tags,family bonds,1,20,0.05,0.0016,31.25,31.25,False
37,tags,happy ending,9,20,0.45,0.016,28.125,28.125,False
37,tags,feel good movie,8,20,0.4,0.0144,27.77777777777778,27.77777777777778,False
37,tags,chick flick,15,20,0.75,0.03136,23.915816326530614,23.915816326530614,False
37,tags,feel-good,13,20,0.65,0.02784,23.347701149425287,23.347701149425287,False
37,tags,internet,1,20,0.05,0.00224,22.321428571428573,22.321428571428573,False
37,tags,ghosts/afterlife,1,20,0.05,0.00224,22.321428571428573,22.321428571428573,False
37,tags,writer's life,1,20,0.05,0.00224,22.321428571428573,22.321428571428573,False
37,tags,sweet,8,20,0.4,0.01856,21.551724137931036,21.551724137931036,False
37,tags,romantic comedy,14,20,0.7,0.03424,20.44392523364486,20.44392523364486,False
37,tags,cute!,2,20,0.1,0.00512,19.53125,19.53125,False
37,tags,afterlife,1,20,0.05,0.00256,19.53125,19.53125,False
37,tags,catastrophe,1,20,0.05,0.00256,19.53125,19.53125,False
37,tags,romance,15,20,0.75,0.03904,19.211065573770494,19.211065573770494,False
37,tags,destiny,9,20,0.45,0.024,18.75,18.75,False
37,tags,cute,3,20,0.15,0.00864,17.36111111111111,17.36111111111111,False
37,tags,classical music,1,20,0.05,0.00288,17.36111111111111,17.36111111111111,False
37,tags,oscar winner,5,20,0.25,0.01568,15.943877551020408,15.943877551020408,False
37,tags,inspirational,2,20,0.1,0.0064,15.625,15.625,False
37,tags,sentimental,5,20,0.25,0.01664,15.024038461538463,15.024038461538463,False
37,tags,predictable,2,20,0.1,0.00672,14.880952380952381,14.880952380952381,False
37,tags,tear jerker,2,20,0.1,0.00704,14.204545454545455,14.204545454545455,False
37,tags,baseball,1,20,0.05,0.00352,14.204545454545455,14.204545454545455,False
37,tags,romantic,15,20,0.75,0.05568,13.469827586206897,13.469827586206897,False
37,tags,football,1,20,0.05,0.00384,13.020833333333334,13.020833333333334,False
37,tags,teacher,1,20,0.05,0.00384,13.020833333333334,13.020833333333334,False
37,tags,divorce,1,20,0.05,0.00416,12.019230769230772,12.019230769230772,False
37,tags,love story,15,20,0.75,0.06368,11.777638190954773,11.777638190954773,False
37,tags,prostitution,1,20,0.05,0.00448,11.160714285714286,11.160714285714286,False
37,tags,life,1,20,0.05,0.00448,11.160714285714286,11.160714285714286,False
37,tags,earnest,1,20,0.05,0.0048,10.416666666666668,10.416666666666668,False
37,tags,single father,1,20,0.05,0.0048,10.416666666666668,10.416666666666668,False
37,tags,fairy tales,1,20,0.05,0.0048,10.416666666666668,10.416666666666668,False
37,tags,inspiring,1,20,0.05,0.0048,10.416666666666668,10.416666666666668,False
37,tags,women,3,20,0.15,0.01568,9.566326530612244,9.566326530612244,False
37,tags,disability,1,20,0.05,0.00544,9.191176470588236,9.191176470588236,False
37,tags,rags to riches,1,20,0.05,0.00576,8.680555555555555,8.680555555555555,False
37,tags,london,1,20,0.05,0.00576,8.680555555555555,8.680555555555555,False
37,tags,president,1,20,0.05,0.00576,8.680555555555555,8.680555555555555,False
37,tags,heartwarming,2,20,0.1,0.01184,8.445945945945947,8.445945945945947,False
37,tags,nostalgic,2,20,0.1,0.01216,8.223684210526315,8.223684210526315,False
37,tags,cross dressing,1,20,0.05,0.00608,8.223684210526315,8.223684210526315,False
37,tags,good,6,20,0.3,0.0368,8.152173913043478,8.152173913043478,False
37,tags,fighting the system,1,20,0.05,0.0064,7.8125,7.8125,False
37,tags,oscar,4,20,0.2,0.0272,7.352941176470589,7.352941176470589,False
37,tags,pg-13,1,20,0.05,0.00704,7.1022727272727275,7.1022727272727275,False
37,tags,love,5,20,0.25,0.03616,6.913716814159293,6.913716814159293,False
37,tags,fairy tale,2,20,0.1,0.01504,6.6489361702127665,6.6489361702127665,False
37,tags,gay character,2,20,0.1,0.01568,6.377551020408164,6.377551020408164,False
37,tags,drama,8,20,0.4,0.06656,6.009615384615386,6.009615384615386,False
37,tags,world politics,1,20,0.05,0.00832,6.009615384615386,6.009615384615386,False
37,genres,Romance,15,20,0.75,0.13312,5.634014423076923,5.634014423076923,False
37,tags,sports,2,20,0.1,0.01792,5.580357142857143,5.580357142857143,False
37,tags,ghosts,1,20,0.05,0.00896,5.580357142857143,5.580357142857143,False
37,tags,relationships,6,20,0.3,0.05376,5.580357142857142,5.580357142857142,False
37,tags,oscar (best supporting actress),2,20,0.1,0.01856,5.387931034482759,5.387931034482759,False
37,tags,natural disaster,1,20,0.05,0.00928,5.387931034482759,5.387931034482759,False
37,tags,remake,1,20,0.05,0.00928,5.387931034482759,5.387931034482759,False
37,tags,touching,3,20,0.15,0.02816,5.326704545454545,5.326704545454545,False
37,tags,bittersweet,2,20,0.1,0.01888,5.296610169491525,5.296610169491525,False
37,tags,dog,1,20,0.05,0.0096,5.208333333333334,5.208333333333334,False
37,tags,courtroom,1,20,0.05,0.00992,5.040322580645162,5.040322580645162,False
37,tags,gay,2,20,0.1,0.0208,4.807692307692308,4.807692307692308,False
37,tags,artistic,1,20,0.05,0.01056,4.734848484848485,4.734848484848485,False
37,tags,oscar (best picture),3,20,0.15,0.03296,4.550970873786407,4.550970873786407,False
37,tags,magic,1,20,0.05,0.0112,4.464285714285714,4.464285714285714,False
37,tags,epic,1,20,0.05,0.0112,4.464285714285714,4.464285714285714,False
37,tags,good acting,1,20,0.05,0.0112,4.464285714285714,4.464285714285714,False
37,tags,historical,2,20,0.1,0.02272,4.401408450704225,4.401408450704225,False
37,tags,oscar (best actor),2,20,0.1,0.02304,4.340277777777778,4.340277777777778,False
37,tags,us history,1,20,0.05,0.01152,4.340277777777778,4.340277777777778,False
37,tags,based on a true story,1,20,0.05,0.01184,4.222972972972974,4.222972972972974,False
37,tags,lawyers,1,20,0.05,0.01216,4.1118421052631575,4.1118421052631575,False
37,tags,death,1,20,0.05,0.01248,4.006410256410256,4.006410256410256,False
37,tags,good music,1,20,0.05,0.01248,4.006410256410256,4.006410256410256,False
37,tags,quotable,2,20,0.1,0.02688,3.7202380952380953,3.7202380952380953,False
37,tags,excellent script,3,20,0.15,0.04128,3.6337209302325584,3.6337209302325584,False
37,tags,oscar (best supporting actor),2,20,0.1,0.02784,3.591954022988506,3.591954022988506,False
37,tags,british,1,20,0.05,0.01408,3.5511363636363638,3.5511363636363638,False
37,tags,beautiful scenery,1,20,0.05,0.01408,3.5511363636363638,3.5511363636363638,False
37,tags,mentor,5,20,0.25,0.07168,3.4877232142857144,3.4877232142857144,False
37,tags,musicians,1,20,0.05,0.0144,3.4722222222222223,3.4722222222222223,False
37,tags,oscar (best directing),5,20,0.25,0.07264,3.441629955947137,3.441629955947137,False
37,tags,politics,1,20,0.05,0.01472,3.3967391304347827,3.3967391304347827,False
37,tags,lawyer,1,20,0.05,0.01504,3.3244680851063833,3.3244680851063833,False
37,tags,political,1,20,0.05,0.01568,3.188775510204082,3.188775510204082,False
37,tags,rock and roll,1,20,0.05,0.016,3.125,3.125,False
37,tags,biographical,1,20,0.05,0.01664,3.004807692307693,3.004807692307693,False
37,tags,world war ii,1,20,0.05,0.01696,2.94811320754717,2.94811320754717,False
37,tags,supernatural,1,20,0.05,0.01728,2.8935185185185186,2.8935185185185186,False
37,tags,history,1,20,0.05,0.01728,2.8935185185185186,2.8935185185185186,False
37,tags,life & death,1,20,0.05,0.0176,2.840909090909091,2.840909090909091,False
37,tags,wartime,1,20,0.05,0.0192,2.604166666666667,2.604166666666667,False
37,tags,based on true story,1,20,0.05,0.01984,2.520161290322581,2.520161290322581,False
37,tags,narrated,1,20,0.05,0.0208,2.403846153846154,2.403846153846154,False
37,tags,true story,1,20,0.05,0.0208,2.403846153846154,2.403846153846154,False
37,tags,based on a play,1,20,0.05,0.0208,2.403846153846154,2.403846153846154,False
37,tags,great acting,4,20,0.2,0.08448,2.3674242424242427,2.3674242424242427,False
37,genres,Comedy,15,20,0.75,0.32224,2.327457795431976,2.327457795431976,False
37,tags,great movie,2,20,0.1,0.04352,2.297794117647059,2.297794117647059,False
37,tags,fantasy,1,20,0.05,0.02176,2.297794117647059,2.297794117647059,False
37,tags,high school,1,20,0.05,0.0224,2.232142857142857,2.232142857142857,False
37,tags,small town,1,20,0.05,0.02368,2.111486486486487,2.111486486486487,False
37,tags,greed,1,20,0.05,0.02464,2.0292207792207795,2.0292207792207795,False
37,tags,family,2,20,0.1,0.05152,1.9409937888198758,1.9409937888198758,False
37,tags,big budget,1,20,0.05,0.02592,1.9290123456790125,1.9290123456790125,False
37,tags,oscar (best actress),2,20,0.1,0.05504,1.8168604651162792,1.8168604651162792,False
37,tags,music,1,20,0.05,0.02752,1.8168604651162792,1.8168604651162792,False
37,tags,oscar (best cinematography),1,20,0.05,0.02816,1.7755681818181819,1.7755681818181819,False
37,tags,story,1,20,0.05,0.02848,1.75561797752809,1.75561797752809,False
37,tags,unlikely friendships,1,20,0.05,0.02976,1.6801075268817205,1.6801075268817205,False
37,tags,childhood,1,20,0.05,0.0304,1.6447368421052633,1.6447368421052633,False
37,tags,children,1,20,0.05,0.03104,1.6108247422680413,1.6108247422680413,False
37,tags,comedy,3,20,0.15,0.11168,1.3431232091690544,1.3431232091690544,False
37,tags,based on book,1,20,0.05,0.03872,1.2913223140495869,1.2913223140495869,False
37,genres,War,1,20,0.05,0.0432,1.1574074074074074,1.1574074074074074,False
37,tags,funny,1,20,0.05,0.04832,1.03476821192053,1.03476821192053,False
37,genres,Drama,8,20,0.4,0.39584,1.0105092966855296,1.0105092966855296,False
37,tags,chase,1,20,0.05,0.0528,0.946969696969697,0.946969696969697,False
37,tags,special effects,1,20,0.05,0.05408,0.9245562130177515,0.9245562130177515,False
37,tags,suspense,1,20,0.05,0.05568,0.8979885057471265,0.8979885057471265,False
37,tags,dramatic,1,20,0.05,0.06464,0.7735148514851485,0.7735148514851485,False
37,tags,imdb top 250,1,20,0.05,0.09824,0.508957654723127,0.508957654723127,False
37,genres,Thriller,1,20,0.05,0.14016,0.3567351598173516,0.3567351598173516,False
37,tags,original,1,20,0.05,0.25024,0.19980818414322252,0.19980818414322252,False
38,tags,shopping,3,20,0.15,0.00096,156.25,156.25,True
38,tags,good romantic comedies,9,20,0.45,0.00704,63.92045454545455,63.92045454545455,True
38,tags,sappy,1,20,0.05,0.00096,52.083333333333336,52.083333333333336,False
38,tags,wedding,2,20,0.1,0.00224,44.642857142857146,44.642857142857146,True
38,tags,spelling bee,1,20,0.05,0.00128,39.0625,39.0625,False
38,tags,girlie movie,15,20,0.75,0.02272,33.01056338028169,33.01056338028169,False
38,tags,very good,1,20,0.05,0.0016,31.25,31.25,False
38,tags,family bonds,1,20,0.05,0.0016,31.25,31.25,False
38,tags,happy ending,9,20,0.45,0.016,28.125,28.125,False
38,tags,feel good movie,8,20,0.4,0.0144,27.77777777777778,27.77777777777778,False
38,tags,chick flick,15,20,0.75,0.03136,23.915816326530614,23.915816326530614,False
38,tags,feel-good,13,20,0.65,0.02784,23.347701149425287,23.347701149425287,False
38,tags,internet,1,20,0.05,0.00224,22.321428571428573,22.321428571428573,False
38,tags,ghosts/afterlife,1,20,0.05,0.00224,22.321428571428573,22.321428571428573,False
38,tags,writer's life,1,20,0.05,0.00224,22.321428571428573,22.321428571428573,False
38,tags,sweet,8,20,0.4,0.01856,21.551724137931036,21.551724137931036,False
38,tags,romantic comedy,14,20,0.7,0.03424,20.44392523364486,20.44392523364486,False
38,tags,cute!,2,20,0.1,0.00512,19.53125,19.53125,False
38,tags,afterlife,1,20,0.05,0.00256,19.53125,19.53125,False
38,tags,catastrophe,1,20,0.05,0.00256,19.53125,19.53125,False
38,tags,romance,15,20,0.75,0.03904,19.211065573770494,19.211065573770494,False
38,tags,destiny,9,20,0.45,0.024,18.75,18.75,False
38,tags,cute,3,20,0.15,0.00864,17.36111111111111,17.36111111111111,False
38,tags,classical music,1,20,0.05,0.00288,17.36111111111111,17.36111111111111,False
38,tags,oscar winner,5,20,0.25,0.01568,15.943877551020408,15.943877551020408,False
38,tags,inspirational,2,20,0.1,0.0064,15.625,15.625,False
38,tags,sentimental,5,20,0.25,0.01664,15.024038461538463,15.024038461538463,False
38,tags,predictable,2,20,0.1,0.00672,14.880952380952381,14.880952380952381,False
38,tags,tear jerker,2,20,0.1,0.00704,14.204545454545455,14.204545454545455,False
38,tags,baseball,1,20,0.05,0.00352,14.204545454545455,14.204545454545455,False
38,tags,romantic,15,20,0.75,0.05568,13.469827586206897,13.469827586206897,False
38,tags,football,1,20,0.05,0.00384,13.020833333333334,13.020833333333334,False
38,tags,teacher,1,20,0.05,0.00384,13.020833333333334,13.020833333333334,False
38,tags,divorce,1,20,0.05,0.00416,12.019230769230772,12.019230769230772,False
38,tags,love story,15,20,0.75,0.06368,11.777638190954773,11.777638190954773,False
38,tags,prostitution,1,20,0.05,0.00448,11.160714285714286,11.160714285714286,False
38,tags,life,1,20,0.05,0.00448,11.160714285714286,11.160714285714286,False
38,tags,earnest,1,20,0.05,0.0048,10.416666666666668,10.416666666666668,False
38,tags,single father,1,20,0.05,0.0048,10.416666666666668,10.416666666666668,False
38,tags,fairy tales,1,20,0.05,0.0048,10.416666666666668,10.416666666666668,False
38,tags,inspiring,1,20,0.05,0.0048,10.416666666666668,10.416666666666668,False
38,tags,women,3,20,0.15,0.01568,9.566326530612244,9.566326530612244,False
38,tags,disability,1,20,0.05,0.00544,9.191176470588236,9.191176470588236,False
38,tags,rags to riches,1,20,0.05,0.00576,8.680555555555555,8.680555555555555,False
38,tags,london,1,20,0.05,0.00576,8.680555555555555,8.680555555555555,False
38,tags,president,1,20,0.05,0.00576,8.680555555555555,8.680555555555555,False
38,tags,heartwarming,2,20,0.1,0.01184,8.445945945945947,8.445945945945947,False
38,tags,nostalgic,2,20,0.1,0.01216,8.223684210526315,8.223684210526315,False
38,tags,cross dressing,1,20,0.05,0.00608,8.223684210526315,8.223684210526315,False
38,tags,good,6,20,0.3,0.0368,8.152173913043478,8.152173913043478,False
38,tags,fighting the system,1,20,0.05,0.0064,7.8125,7.8125,False
38,tags,oscar,4,20,0.2,0.0272,7.352941176470589,7.352941176470589,False
38,tags,pg-13,1,20,0.05,0.00704,7.1022727272727275,7.1022727272727275,False
38,tags,love,5,20,0.25,0.03616,6.913716814159293,6.913716814159293,False
38,tags,fairy tale,2,20,0.1,0.01504,6.6489361702127665,6.6489361702127665,False
38,tags,gay character,2,20,0.1,0.01568,6.377551020408164,6.377551020408164,False
38,tags,drama,8,20,0.4,0.06656,6.009615384615386,6.009615384615386,False
38,tags,world politics,1,20,0.05,0.00832,6.009615384615386,6.009615384615386,False
38,genres,Romance,15,20,0.75,0.13312,5.634014423076923,5.634014423076923,False
38,tags,sports,2,20,0.1,0.01792,5.580357142857143,5.580357142857143,False
38,tags,ghosts,1,20,0.05,0.00896,5.580357142857143,5.580357142857143,False
38,tags,relationships,6,20,0.3,0.05376,5.580357142857142,5.580357142857142,False
38,tags,oscar (best supporting actress),2,20,0.1,0.01856,5.387931034482759,5.387931034482759,False
38,tags,natural disaster,1,20,0.05,0.00928,5.387931034482759,5.387931034482759,False
38,tags,remake,1,20,0.05,0.00928,5.387931034482759,5.387931034482759,False
38,tags,touching,3,20,0.15,0.02816,5.326704545454545,5.326704545454545,False
38,tags,bittersweet,2,20,0.1,0.01888,5.296610169491525,5.296610169491525,False
38,tags,dog,1,20,0.05,0.0096,5.208333333333334,5.208333333333334,False
38,tags,courtroom,1,20,0.05,0.00992,5.040322580645162,5.040322580645162,False
38,tags,gay,2,20,0.1,0.0208,4.807692307692308,4.807692307692308,False
38,tags,artistic,1,20,0.05,0.01056,4.734848484848485,4.734848484848485,False
38,tags,oscar (best picture),3,20,0.15,0.03296,4.550970873786407,4.550970873786407,False
38,tags,magic,1,20,0.05,0.0112,4.464285714285714,4.464285714285714,False
38,tags,epic,1,20,0.05,0.0112,4.464285714285714,4.464285714285714,False
38,tags,good acting,1,20,0.05,0.0112,4.464285714285714,4.464285714285714,False
38,tags,historical,2,20,0.1,0.02272,4.401408450704225,4.401408450704225,False
38,tags,oscar (best actor),2,20,0.1,0.02304,4.340277777777778,4.340277777777778,False
38,tags,us history,1,20,0.05,0.01152,4.340277777777778,4.340277777777778,False
38,tags,based on a true story,1,20,0.05,0.01184,4.222972972972974,4.222972972972974,False
38,tags,lawyers,1,20,0.05,0.01216,4.1118421052631575,4.1118421052631575,False
38,tags,death,1,20,0.05,0.01248,4.006410256410256,4.006410256410256,False
38,tags,good music,1,20,0.05,0.01248,4.006410256410256,4.006410256410256,False
38,tags,quotable,2,20,0.1,0.02688,3.7202380952380953,3.7202380952380953,False
38,tags,excellent script,3,20,0.15,0.04128,3.6337209302325584,3.6337209302325584,False
38,tags,oscar (best supporting actor),2,20,0.1,0.02784,3.591954022988506,3.591954022988506,False
38,tags,british,1,20,0.05,0.01408,3.5511363636363638,3.5511363636363638,False
38,tags,beautiful scenery,1,20,0.05,0.01408,3.5511363636363638,3.5511363636363638,False
38,tags,mentor,5,20,0.25,0.07168,3.4877232142857144,3.4877232142857144,False
38,tags,musicians,1,20,0.05,0.0144,3.4722222222222223,3.4722222222222223,False
38,tags,oscar (best directing),5,20,0.25,0.07264,3.441629955947137,3.441629955947137,False
38,tags,politics,1,20,0.05,0.01472,3.3967391304347827,3.3967391304347827,False
38,tags,lawyer,1,20,0.05,0.01504,3.3244680851063833,3.3244680851063833,False
38,tags,political,1,20,0.05,0.01568,3.188775510204082,3.188775510204082,False
38,tags,rock and roll,1,20,0.05,0.016,3.125,3.125,False
38,tags,biographical,1,20,0.05,0.01664,3.004807692307693,3.004807692307693,False
38,tags,world war ii,1,20,0.05,0.01696,2.94811320754717,2.94811320754717,False
38,tags,supernatural,1,20,0.05,0.01728,2.8935185185185186,2.8935185185185186,False
38,tags,history,1,20,0.05,0.01728,2.8935185185185186,2.8935185185185186,False
38,tags,life & death,1,20,0.05,0.0176,2.840909090909091,2.840909090909091,False
38,tags,wartime,1,20,0.05,0.0192,2.604166666666667,2.604166666666667,False
38,tags,based on true story,1,20,0.05,0.01984,2.520161290322581,2.520161290322581,False
38,tags,narrated,1,20,0.05,0.0208,2.403846153846154,2.403846153846154,False
38,tags,true story,1,20,0.05,0.0208,2.403846153846154,2.403846153846154,False
38,tags,based on a play,1,20,0.05,0.0208,2.403846153846154,2.403846153846154,False
38,tags,great acting,4,20,0.2,0.08448,2.3674242424242427,2.3674242424242427,False
38,genres,Comedy,15,20,0.75,0.32224,2.327457795431976,2.327457795431976,False
38,tags,great movie,2,20,0.1,0.04352,2.297794117647059,2.297794117647059,False
38,tags,fantasy,1,20,0.05,0.02176,2.297794117647059,2.297794117647059,False
38,tags,high school,1,20,0.05,0.0224,2.232142857142857,2.232142857142857,False
38,tags,small town,1,20,0.05,0.02368,2.111486486486487,2.111486486486487,False
38,tags,greed,1,20,0.05,0.02464,2.0292207792207795,2.0292207792207795,False
38,tags,family,2,20,0.1,0.05152,1.9409937888198758,1.9409937888198758,False
38,tags,big budget,1,20,0.05,0.02592,1.9290123456790125,1.9290123456790125,False
38,tags,oscar (best actress),2,20,0.1,0.05504,1.8168604651162792,1.8168604651162792,False
38,tags,music,1,20,0.05,0.02752,1.8168604651162792,1.8168604651162792,False
38,tags,oscar (best cinematography),1,20,0.05,0.02816,1.7755681818181819,1.7755681818181819,False
38,tags,story,1,20,0.05,0.02848,1.75561797752809,1.75561797752809,False
38,tags,unlikely friendships,1,20,0.05,0.02976,1.6801075268817205,1.6801075268817205,False
38,tags,childhood,1,20,0.05,0.0304,1.6447368421052633,1.6447368421052633,False
38,tags,children,1,20,0.05,0.03104,1.6108247422680413,1.6108247422680413,False
38,tags,comedy,3,20,0.15,0.11168,1.3431232091690544,1.3431232091690544,False
38,tags,based on book,1,20,0.05,0.03872,1.2913223140495869,1.2913223140495869,False
38,genres,War,1,20,0.05,0.0432,1.1574074074074074,1.1574074074074074,False
38,tags,funny,1,20,0.05,0.04832,1.03476821192053,1.03476821192053,False
38,genres,Drama,8,20,0.4,0.39584,1.0105092966855296,1.0105092966855296,False
38,tags,chase,1,20,0.05,0.0528,0.946969696969697,0.946969696969697,False
38,tags,special effects,1,20,0.05,0.05408,0.9245562130177515,0.9245562130177515,False
38,tags,suspense,1,20,0.05,0.05568,0.8979885057471265,0.8979885057471265,False
38,tags,dramatic,1,20,0.05,0.06464,0.7735148514851485,0.7735148514851485,False
38,tags,imdb top 250,1,20,0.05,0.09824,0.508957654723127,0.508957654723127,False
38,genres,Thriller,1,20,0.05,0.14016,0.3567351598173516,0.3567351598173516,False
38,tags,original,1,20,0.05,0.25024,0.19980818414322252,0.19980818414322252,False
39,tags,shopping,3,20,0.15,0.00096,156.25,156.25,True
39,tags,good romantic comedies,9,20,0.45,0.00704,63.92045454545455,63.92045454545455,True
39,tags,sappy,1,20,0.05,0.00096,52.083333333333336,52.083333333333336,False
39,tags,wedding,2,20,0.1,0.00224,44.642857142857146,44.642857142857146,True
39,tags,spelling bee,1,20,0.05,0.00128,39.0625,39.0625,False
39,tags,girlie movie,16,20,0.8,0.02272,35.2112676056338,35.2112676056338,False
39,tags,happy ending,10,20,0.5,0.016,31.25,31.25,False
39,tags,very good,1,20,0.05,0.0016,31.25,31.25,False
39,tags,family bonds,1,20,0.05,0.0016,31.25,31.25,False
39,tags,chick flick,16,20,0.8,0.03136,25.510204081632654,25.510204081632654,False
39,tags,feel good movie,7,20,0.35,0.0144,24.305555555555554,24.305555555555554,False
39,tags,internet,1,20,0.05,0.00224,22.321428571428573,22.321428571428573,False
39,tags,ghosts/afterlife,1,20,0.05,0.00224,22.321428571428573,22.321428571428573,False
39,tags,sweet,8,20,0.4,0.01856,21.551724137931036,21.551724137931036,False
39,tags,feel-good,12,20,0.6,0.02784,21.551724137931032,21.551724137931032,False
39,tags,tear jerker,3,20,0.15,0.00704,21.30681818181818,21.30681818181818,False
39,tags,cute!,2,20,0.1,0.00512,19.53125,19.53125,False
39,tags,afterlife,1,20,0.05,0.00256,19.53125,19.53125,False
39,tags,catastrophe,1,20,0.05,0.00256,19.53125,19.53125,False
39,tags,romantic comedy,13,20,0.65,0.03424,18.983644859813086,18.983644859813086,False
39,tags,destiny,9,20,0.45,0.024,18.75,18.75,False
39,tags,sentimental,6,20,0.3,0.01664,18.028846153846153,18.028846153846153,False
39,tags,romance,14,20,0.7,0.03904,17.93032786885246,17.93032786885246,False
39,tags,cute,3,20,0.15,0.00864,17.36111111111111,17.36111111111111,False
39,tags,classical music,1,20,0.05,0.00288,17.36111111111111,17.36111111111111,False
39,tags,inspirational,2,20,0.1,0.0064,15.625,15.625,False
39,tags,predictable,2,20,0.1,0.00672,14.880952380952381,14.880952380952381,False
39,tags,baseball,1,20,0.05,0.00352,14.204545454545455,14.204545454545455,False
39,tags,romantic,15,20,0.75,0.05568,13.469827586206897,13.469827586206897,False
39,tags,football,1,20,0.05,0.00384,13.020833333333334,13.020833333333334,False
39,tags,teacher,1,20,0.05,0.00384,13.020833333333334,13.020833333333334,False
39,tags,oscar winner,4,20,0.2,0.01568,12.755102040816327,12.755102040816327,False
39,tags,divorce,1,20,0.05,0.00416,12.019230769230772,12.019230769230772,False
39,tags,love story,15,20,0.75,0.06368,11.777638190954773,11.777638190954773,False
39,tags,prostitution,1,20,0.05,0.00448,11.160714285714286,11.160714285714286,False
39,tags,life,1,20,0.05,0.00448,11.160714285714286,11.160714285714286,False
39,tags,earnest,1,20,0.05,0.0048,10.416666666666668,10.416666666666668,False
39,tags,single father,1,20,0.05,0.0048,10.416666666666668,10.416666666666668,False
39,tags,fairy tales,1,20,0.05,0.0048,10.416666666666668,10.416666666666668,False
39,tags,inspiring,1,20,0.05,0.0048,10.416666666666668,10.416666666666668,False
39,tags,women,3,20,0.15,0.01568,9.566326530612244,9.566326530612244,False
39,tags,disability,1,20,0.05,0.00544,9.191176470588236,9.191176470588236,False
39,tags,rags to riches,1,20,0.05,0.00576,8.680555555555555,8.680555555555555,False
39,tags,london,1,20,0.05,0.00576,8.680555555555555,8.680555555555555,False
39,tags,president,1,20,0.05,0.00576,8.680555555555555,8.680555555555555,False
39,tags,heartwarming,2,20,0.1,0.01184,8.445945945945947,8.445945945945947,False
39,tags,nostalgic,2,20,0.1,0.01216,8.223684210526315,8.223684210526315,False
39,tags,cross dressing,1,20,0.05,0.00608,8.223684210526315,8.223684210526315,False
39,tags,fighting the system,1,20,0.05,0.0064,7.8125,7.8125,False
39,tags,pg-13,1,20,0.05,0.00704,7.1022727272727275,7.1022727272727275,False
39,tags,love,5,20,0.25,0.03616,6.913716814159293,6.913716814159293,False
39,tags,good,5,20,0.25,0.0368,6.793478260869565,6.793478260869565,False
39,tags,fairy tale,2,20,0.1,0.01504,6.6489361702127665,6.6489361702127665,False
39,genres,Romance,16,20,0.8,0.13312,6.009615384615386,6.009615384615386,False
39,tags,world politics,1,20,0.05,0.00832,6.009615384615386,6.009615384615386,False
39,tags,sports,2,20,0.1,0.01792,5.580357142857143,5.580357142857143,False
39,tags,ghosts,1,20,0.05,0.00896,5.580357142857143,5.580357142857143,False
39,tags,oscar,3,20,0.15,0.0272,5.514705882352941,5.514705882352941,False
39,tags,natural disaster,1,20,0.05,0.00928,5.387931034482759,5.387931034482759,False
39,tags,remake,1,20,0.05,0.00928,5.387931034482759,5.387931034482759,False
39,tags,touching,3,20,0.15,0.02816,5.326704545454545,5.326704545454545,False
39,tags,bittersweet,2,20,0.1,0.01888,5.296610169491525,5.296610169491525,False
39,tags,drama,7,20,0.35,0.06656,5.258413461538462,5.258413461538462,False
39,tags,dog,1,20,0.05,0.0096,5.208333333333334,5.208333333333334,False
39,tags,courtroom,1,20,0.05,0.00992,5.040322580645162,5.040322580645162,False
39,tags,artistic,1,20,0.05,0.01056,4.734848484848485,4.734848484848485,False
39,tags,relationships,5,20,0.25,0.05376,4.650297619047619,4.650297619047619,False
39,tags,magic,1,20,0.05,0.0112,4.464285714285714,4.464285714285714,False
39,tags,epic,1,20,0.05,0.0112,4.464285714285714,4.464285714285714,False
39,tags,historical,2,20,0.1,0.02272,4.401408450704225,4.401408450704225,False
39,tags,us history,1,20,0.05,0.01152,4.340277777777778,4.340277777777778,False
39,tags,based on a true story,1,20,0.05,0.01184,4.222972972972974,4.222972972972974,False
39,tags,lawyers,1,20,0.05,0.01216,4.1118421052631575,4.1118421052631575,False
39,tags,death,1,20,0.05,0.01248,4.006410256410256,4.006410256410256,False
39,tags,good music,1,20,0.05,0.01248,4.006410256410256,4.006410256410256,False
39,tags,quotable,2,20,0.1,0.02688,3.7202380952380953,3.7202380952380953,False
39,tags,british,1,20,0.05,0.01408,3.5511363636363638,3.5511363636363638,False
39,tags,beautiful scenery,1,20,0.05,0.01408,3.5511363636363638,3.5511363636363638,False
39,tags,musicians,1,20,0.05,0.0144,3.4722222222222223,3.4722222222222223,False
39,tags,politics,1,20,0.05,0.01472,3.3967391304347827,3.3967391304347827,False
39,tags,lawyer,1,20,0.05,0.01504,3.3244680851063833,3.3244680851063833,False
39,tags,gay character,1,20,0.05,0.01568,3.188775510204082,3.188775510204082,False
39,tags,political,1,20,0.05,0.01568,3.188775510204082,3.188775510204082,False
39,tags,rock and roll,1,20,0.05,0.016,3.125,3.125,False
39,tags,oscar (best picture),2,20,0.1,0.03296,3.0339805825242716,3.0339805825242716,False
39,tags,biographical,1,20,0.05,0.01664,3.004807692307693,3.004807692307693,False
39,tags,world war ii,1,20,0.05,0.01696,2.94811320754717,2.94811320754717,False
39,tags,supernatural,1,20,0.05,0.01728,2.8935185185185186,2.8935185185185186,False
39,tags,history,1,20,0.05,0.01728,2.8935185185185186,2.8935185185185186,False
39,tags,life & death,1,20,0.05,0.0176,2.840909090909091,2.840909090909091,False
39,tags,mentor,4,20,0.2,0.07168,2.7901785714285716,2.7901785714285716,False
39,tags,oscar (best directing),4,20,0.2,0.07264,2.7533039647577096,2.7533039647577096,False
39,tags,oscar (best supporting actress),1,20,0.05,0.01856,2.6939655172413794,2.6939655172413794,False
39,tags,wartime,1,20,0.05,0.0192,2.604166666666667,2.604166666666667,False
39,tags,based on true story,1,20,0.05,0.01984,2.520161290322581,2.520161290322581,False
39,tags,excellent script,2,20,0.1,0.04128,2.422480620155039,2.422480620155039,False
39,tags,gay,1,20,0.05,0.0208,2.403846153846154,2.403846153846154,False
39,tags,narrated,1,20,0.05,0.0208,2.403846153846154,2.403846153846154,False
39,tags,true story,1,20,0.05,0.0208,2.403846153846154,2.403846153846154,False
39,tags,based on a play,1,20,0.05,0.0208,2.403846153846154,2.403846153846154,False
39,genres,Comedy,15,20,0.75,0.32224,2.327457795431976,2.327457795431976,False
39,tags,fantasy,1,20,0.05,0.02176,2.297794117647059,2.297794117647059,False
39,tags,high school,1,20,0.05,0.0224,2.232142857142857,2.232142857142857,False
39,tags,oscar (best actor),1,20,0.05,0.02304,2.170138888888889,2.170138888888889,False
39,tags,small town,1,20,0.05,0.02368,2.111486486486487,2.111486486486487,False
39,tags,greed,1,20,0.05,0.02464,2.0292207792207795,2.0292207792207795,False
39,tags,family,2,20,0.1,0.05152,1.9409937888198758,1.9409937888198758,False
39,tags,big budget,1,20,0.05,0.02592,1.9290123456790125,1.9290123456790125,False
39,tags,music,1,20,0.05,0.02752,1.8168604651162792,1.8168604651162792,False
39,tags,oscar (best supporting actor),1,20,0.05,0.02784,1.795977011494253,1.795977011494253,False
39,tags,oscar (best cinematography),1,20,0.05,0.02816,1.7755681818181819,1.7755681818181819,False
39,tags,great acting,3,20,0.15,0.08448,1.7755681818181817,1.7755681818181817,False
39,tags,story,1,20,0.05,0.02848,1.75561797752809,1.75561797752809,False
39,tags,unlikely friendships,1,20,0.05,0.02976,1.6801075268817205,1.6801075268817205,False
39,tags,childhood,1,20,0.05,0.0304,1.6447368421052633,1.6447368421052633,False
39,tags,children,1,20,0.05,0.03104,1.6108247422680413,1.6108247422680413,False
39,tags,based on book,1,20,0.05,0.03872,1.2913223140495869,1.2913223140495869,False
39,genres,War,1,20,0.05,0.0432,1.1574074074074074,1.1574074074074074,False
39,tags,great movie,1,20,0.05,0.04352,1.1488970588235294,1.1488970588235294,False
39,tags,funny,1,20,0.05,0.04832,1.03476821192053,1.03476821192053,False
39,genres,Drama,8,20,0.4,0.39584,1.0105092966855296,1.0105092966855296,False
39,tags,chase,1,20,0.05,0.0528,0.946969696969697,0.946969696969697,False
39,tags,special effects,1,20,0.05,0.05408,0.9245562130177515,0.9245562130177515,False
39,tags,oscar (best actress),1,20,0.05,0.05504,0.9084302325581396,0.9084302325581396,False
39,tags,suspense,1,20,0.05,0.05568,0.8979885057471265,0.8979885057471265,False
39,tags,comedy,2,20,0.1,0.11168,0.8954154727793696,0.8954154727793696,False
39,tags,dramatic,1,20,0.05,0.06464,0.7735148514851485,0.7735148514851485,False
39,tags,imdb top 250,1,20,0.05,0.09824,0.508957654723127,0.508957654723127,False
39,genres,Thriller,1,20,0.05,0.14016,0.3567351598173516,0.3567351598173516,False
39,tags,original,1,20,0.05,0.25024,0.19980818414322252,0.19980818414322252,False
40,tags,star wars,3,20,0.15,0.00128,117.18749999999999,117.18749999999999,True
40,tags,saturn award (best special effects),7,20,0.35,0.0032,109.37499999999999,109.37499999999999,True
40,tags,oscar (best effects - visual effects),10,20,0.5,0.0048,104.16666666666667,104.16666666666667,True
40,tags,oscar (best sound),2,20,0.1,0.00096,104.16666666666667,104.16666666666667,False
40,tags,original plot,6,20,0.3,0.0032,93.74999999999999,93.74999999999999,False
40,tags,man versus machine,2,20,0.1,0.00128,78.125,78.125,False
40,tags,cgi,1,20,0.05,0.00064,78.125,78.125,False
40,tags,isolation,1,20,0.05,0.00064,78.125,78.125,False
40,tags,indiana jones,2,20,0.1,0.0016,62.5,62.5,False
40,tags,androids,5,20,0.25,0.00416,60.096153846153854,60.096153846153854,False
40,tags,artificial intelligence,1,20,0.05,0.00096,52.083333333333336,52.083333333333336,False
40,tags,philip k. dick,1,20,0.05,0.00096,52.083333333333336,52.083333333333336,False
40,tags,antarctica,1,20,0.05,0.00096,52.083333333333336,52.083333333333336,False
40,tags,snakes,3,20,0.15,0.00288,52.08333333333333,52.08333333333333,False
40,tags,motorcycle,3,20,0.15,0.0032,46.87499999999999,46.87499999999999,False
40,tags,dynamic cgi action,3,20,0.15,0.0032,46.87499999999999,46.87499999999999,False
40,tags,arnold,4,20,0.2,0.00448,44.642857142857146,44.642857142857146,False
40,tags,cloning,2,20,0.1,0.00224,44.642857142857146,44.642857142857146,False
40,tags,archaeology,2,20,0.1,0.00224,44.642857142857146,44.642857142857146,False
40,tags,robots,5,20,0.25,0.0064,39.0625,39.0625,False
40,tags,android(s)/cyborg(s),1,20,0.05,0.00128,39.0625,39.0625,False
40,tags,spock,1,20,0.05,0.00128,39.0625,39.0625,False
40,tags,apocalypse,4,20,0.2,0.00544,36.76470588235294,36.76470588235294,False
40,tags,lone hero,5,20,0.25,0.00704,35.51136363636363,35.51136363636363,False
40,tags,star trek,2,20,0.1,0.00288,34.72222222222222,34.72222222222222,False
40,tags,trilogy,4,20,0.2,0.00608,32.89473684210526,32.89473684210526,False
40,tags,cyborgs,3,20,0.15,0.0048,31.25,31.25,False
40,tags,treasure,2,20,0.1,0.0032,31.25,31.25,False
40,tags,genetics,1,20,0.05,0.0016,31.25,31.25,False
40,tags,memory,1,20,0.05,0.0016,31.25,31.25,False
40,tags,father-son relationship,1,20,0.05,0.0016,31.25,31.25,False
40,tags,time travel,3,20,0.15,0.00512,29.296874999999996,29.296874999999996,False
40,tags,spielberg,3,20,0.15,0.00512,29.296874999999996,29.296874999999996,False
40,tags,car chase,2,20,0.1,0.00352,28.40909090909091,28.40909090909091,False
40,tags,space opera,6,20,0.3,0.0112,26.785714285714285,26.785714285714285,False
40,tags,nuclear war,1,20,0.05,0.00192,26.041666666666668,26.041666666666668,False
40,tags,australian,1,20,0.05,0.00192,26.041666666666668,26.041666666666668,False
40,tags,gore,1,20,0.05,0.00192,26.041666666666668,26.041666666666668,False
40,tags,desert,3,20,0.15,0.00576,26.041666666666664,26.041666666666664,False
40,tags,dystopia,5,20,0.25,0.00992,25.201612903225808,25.201612903225808,False
40,tags,space travel,5,20,0.25,0.01024,24.414062499999996,24.414062499999996,False
40,tags,sword fight,4,20,0.2,0.00832,24.038461538461544,24.038461538461544,False
40,tags,good versus evil,4,20,0.2,0.00832,24.038461538461544,24.038461538461544,False
40,tags,aliens,10,20,0.5,0.0208,24.03846153846154,24.03846153846154,False
40,tags,post apocalyptic,2,20,0.1,0.00448,22.321428571428573,22.321428571428573,False
40,tags,exciting,2,20,0.1,0.00448,22.321428571428573,22.321428571428573,False
40,tags,hunting,1,20,0.05,0.00224,22.321428571428573,22.321428571428573,False
40,tags,dinosaurs,1,20,0.05,0.00224,22.321428571428573,22.321428571428573,False
40,tags,futuristic,12,20,0.6,0.0272,22.058823529411764,22.058823529411764,False
40,tags,dystopic future,3,20,0.15,0.00704,21.30681818181818,21.30681818181818,False
40,tags,highly quotable,5,20,0.25,0.01184,21.114864864864867,21.114864864864867,False
40,tags,alien invasion,3,20,0.15,0.00768,19.53125,19.53125,False
40,tags,treasure hunt,2,20,0.1,0.00512,19.53125,19.53125,False
40,tags,midlife crisis,1,20,0.05,0.00256,19.53125,19.53125,False
40,tags,story,11,20,0.55,0.02848,19.311797752808992,19.311797752808992,False
40,tags,post-apocalyptic,2,20,0.1,0.00544,18.38235294117647,18.38235294117647,False
40,tags,cars,2,20,0.1,0.00544,18.38235294117647,18.38235294117647,False
40,tags,effects,3,20,0.15,0.00832,18.028846153846153,18.028846153846153,False
40,tags,epic,4,20,0.2,0.0112,17.857142857142858,17.857142857142858,False
40,tags,visceral,7,20,0.35,0.01984,17.641129032258064,17.641129032258064,False
40,tags,scifi,15,20,0.75,0.04288,17.490671641791046,17.490671641791046,False
40,tags,robot,2,20,0.1,0.00576,17.36111111111111,17.36111111111111,False
40,tags,road movie,2,20,0.1,0.00576,17.36111111111111,17.36111111111111,False
40,tags,high fantasy,1,20,0.05,0.00288,17.36111111111111,17.36111111111111,False
40,tags,future,7,20,0.35,0.02048,17.089843749999996,17.089843749999996,False
40,tags,realistic action,2,20,0.1,0.00608,16.44736842105263,16.44736842105263,False
40,tags,dialogue,9,20,0.45,0.02752,16.351744186046513,16.351744186046513,False
40,tags,sci fi,14,20,0.7,0.04288,16.32462686567164,16.32462686567164,False
40,tags,space,7,20,0.35,0.02176,16.08455882352941,16.08455882352941,False
40,tags,series,7,20,0.35,0.0224,15.625,15.625,False
40,tags,gangs,2,20,0.1,0.0064,15.625,15.625,False
40,tags,australia,2,20,0.1,0.0064,15.625,15.625,False
40,tags,clones,1,20,0.05,0.0032,15.625,15.625,False
40,tags,mutants,1,20,0.05,0.0032,15.625,15.625,False
40,tags,science fiction,15,20,0.75,0.04832,15.521523178807946,15.521523178807946,False
40,tags,sci-fi,14,20,0.7,0.04512,15.514184397163119,15.514184397163119,False
40,tags,alien,6,20,0.3,0.01952,15.368852459016393,15.368852459016393,False
40,tags,technology,6,20,0.3,0.01984,15.120967741935484,15.120967741935484,False
40,tags,claustrophobic,3,20,0.15,0.00992,15.120967741935484,15.120967741935484,False
40,tags,mythology,3,20,0.15,0.01024,14.648437499999998,14.648437499999998,False
40,tags,action packed,9,20,0.45,0.03136,14.349489795918368,14.349489795918368,False
40,tags,pg-13,2,20,0.1,0.00704,14.204545454545455,14.204545454545455,False
40,tags,survival,1,20,0.05,0.00352,14.204545454545455,14.204545454545455,False
40,tags,modern fantasy,1,20,0.05,0.00352,14.204545454545455,14.204545454545455,False
40,tags,egypt,1,20,0.05,0.00352,14.204545454545455,14.204545454545455,False
40,tags,light,1,20,0.05,0.00352,14.204545454545455,14.204545454545455,False
40,tags,fighting,3,20,0.15,0.01056,14.204545454545453,14.204545454545453,False
40,tags,special effects,15,20,0.75,0.05408,13.868343195266272,13.868343195266272,False
40,tags,virtual reality,1,20,0.05,0.00384,13.020833333333334,13.020833333333334,False
40,tags,quotable,7,20,0.35,0.02688,13.020833333333332,13.020833333333332,False
40,tags,end of the world,2,20,0.1,0.008,12.5,12.5,False
40,tags,chase,13,20,0.65,0.0528,12.31060606060606,12.31060606060606,False
40,tags,nazi,2,20,0.1,0.00832,12.019230769230772,12.019230769230772,False
40,tags,biblical,1,20,0.05,0.00416,12.019230769230772,12.019230769230772,False
40,tags,good action,12,20,0.6,0.05056,11.867088607594937,11.867088607594937,False
40,tags,first contact,3,20,0.15,0.0128,11.718749999999998,11.718749999999998,False
40,tags,monster,3,20,0.15,0.0128,11.718749999999998,11.718749999999998,False
40,tags,awesome soundtrack,4,20,0.2,0.0176,11.363636363636363,11.363636363636363,False
40,tags,adventure,9,20,0.45,0.04,11.25,11.25,False
40,tags,franchise,11,20,0.55,0.04928,11.160714285714286,11.160714285714286,False
40,tags,frightening,2,20,0.1,0.00896,11.160714285714286,11.160714285714286,False
40,tags,wizards,1,20,0.05,0.00448,11.160714285714286,11.160714285714286,False
40,tags,natural disaster,2,20,0.1,0.00928,10.775862068965518,10.775862068965518,False
40,tags,action,17,20,0.85,0.07968,10.667670682730924,10.667670682730924,False
40,genres,Sci-Fi,17,20,0.85,0.08032,10.582669322709163,10.582669322709163,False
40,tags,cyberpunk,1,20,0.05,0.00512,9.765625,9.765625,False
40,tags,big budget,5,20,0.25,0.02592,9.645061728395062,9.645061728395062,False
40,tags,violent,7,20,0.35,0.03744,9.348290598290598,9.348290598290598,False
40,tags,great ending,7,20,0.35,0.03776,9.269067796610168,9.269067796610168,False
40,tags,mother-son relationship,1,20,0.05,0.00544,9.191176470588236,9.191176470588236,False
40,tags,foul language,1,20,0.05,0.00544,9.191176470588236,9.191176470588236,False
40,tags,alternate reality,1,20,0.05,0.00544,9.191176470588236,9.191176470588236,False
40,tags,anti-hero,1,20,0.05,0.00544,9.191176470588236,9.191176470588236,False
40,tags,weapons,3,20,0.15,0.01664,9.014423076923077,9.014423076923077,False
40,tags,suspense,10,20,0.5,0.05568,8.979885057471265,8.979885057471265,False
40,tags,sequel,5,20,0.25,0.02784,8.979885057471265,8.979885057471265,False
40,tags,intense,5,20,0.25,0.02784,8.979885057471265,8.979885057471265,False
40,tags,visual,6,20,0.3,0.03456,8.680555555555555,8.680555555555555,False
40,tags,oscar (best editing),1,20,0.05,0.00576,8.680555555555555,8.680555555555555,False
40,tags,revenge,2,20,0.1,0.01184,8.445945945945947,8.445945945945947,False
40,tags,007 (series),1,20,0.05,0.00608,8.223684210526315,8.223684210526315,False
40,tags,great movie,7,20,0.35,0.04352,8.042279411764705,8.042279411764705,False
40,tags,great,4,20,0.2,0.02496,8.012820512820513,8.012820512820513,False
40,tags,atmospheric,2,20,0.1,0.01248,8.012820512820513,8.012820512820513,False
40,tags,war,3,20,0.15,0.01888,7.944915254237287,7.944915254237287,False
40,tags,sacrifice,1,20,0.05,0.0064,7.8125,7.8125,False
40,tags,prison,1,20,0.05,0.0064,7.8125,7.8125,False
40,tags,nocturnal,1,20,0.05,0.0064,7.8125,7.8125,False
40,tags,new york,1,20,0.05,0.00672,7.440476190476191,7.440476190476191,False
40,tags,father son relationship,1,20,0.05,0.00672,7.440476190476191,7.440476190476191,False
40,tags,scary,3,20,0.15,0.02048,7.324218749999999,7.324218749999999,False
40,tags,violence,7,20,0.35,0.04832,7.243377483443708,7.243377483443708,False
40,tags,tense,8,20,0.4,0.05536,7.225433526011561,7.225433526011561,False
40,tags,fantasy,3,20,0.15,0.02176,6.893382352941176,6.893382352941176,False
40,genres,Action,20,20,1.0,0.14528,6.883259911894274,6.883259911894274,False
40,tags,good,5,20,0.25,0.0368,6.793478260869565,6.793478260869565,False
40,tags,vengeance,3,20,0.15,0.02208,6.793478260869565,6.793478260869565,False
40,tags,nazis,2,20,0.1,0.01472,6.793478260869565,6.793478260869565,False
40,tags,rebellion,1,20,0.05,0.00736,6.793478260869565,6.793478260869565,False
40,tags,fast paced,3,20,0.15,0.02368,6.33445945945946,6.33445945945946,False
40,tags,destiny,3,20,0.15,0.024,6.25,6.25,False
40,tags,explosions,1,20,0.05,0.008,6.25,6.25,False
40,tags,vigilante,1,20,0.05,0.008,6.25,6.25,False
40,genres,Adventure,10,20,0.5,0.08256,6.056201550387597,6.056201550387597,False
40,tags,classic,9,20,0.45,0.0752,5.98404255319149,5.98404255319149,False
40,tags,gunfight,3,20,0.15,0.0256,5.859374999999999,5.859374999999999,False
40,tags,mars,1,20,0.05,0.00864,5.787037037037037,5.787037037037037,False
40,tags,new york city,1,20,0.05,0.00864,5.787037037037037,5.787037037037037,False
40,tags,imdb top 250,11,20,0.55,0.09824,5.598534201954398,5.598534201954398,False
40,tags,san francisco,1,20,0.05,0.00896,5.580357142857143,5.580357142857143,False
40,tags,paranoia,1,20,0.05,0.00992,5.040322580645162,5.040322580645162,False
40,tags,jungle,1,20,0.05,0.01056,4.734848484848485,4.734848484848485,False
40,tags,dark,2,20,0.1,0.02144,4.664179104477612,4.664179104477612,False
40,genres,War,4,20,0.2,0.0432,4.62962962962963,4.62962962962963,False
40,tags,forceful,1,20,0.05,0.01088,4.595588235294118,4.595588235294118,False
40,tags,computer animation,1,20,0.05,0.01088,4.595588235294118,4.595588235294118,False
40,tags,cult classic,4,20,0.2,0.04608,4.340277777777778,4.340277777777778,False
40,tags,fantasy world,1,20,0.05,0.01152,4.340277777777778,4.340277777777778,False
40,tags,mentor,6,20,0.3,0.07168,4.185267857142858,4.185267857142858,False
40,tags,ominous,1,20,0.05,0.01216,4.1118421052631575,4.1118421052631575,False
40,tags,death,1,20,0.05,0.01248,4.006410256410256,4.006410256410256,False
40,tags,fun movie,3,20,0.15,0.03872,3.8739669421487606,3.8739669421487606,False
40,tags,70mm,1,20,0.05,0.01312,3.810975609756098,3.810975609756098,False
40,tags,redemption,1,20,0.05,0.01312,3.810975609756098,3.810975609756098,False
40,tags,suspenseful,3,20,0.15,0.03968,3.780241935483871,3.780241935483871,False
40,tags,masterpiece,5,20,0.25,0.0672,3.7202380952380953,3.7202380952380953,False
40,tags,excellent script,3,20,0.15,0.04128,3.6337209302325584,3.6337209302325584,False
40,tags,storytelling,4,20,0.2,0.05536,3.6127167630057806,3.6127167630057806,False
40,tags,imagination,1,20,0.05,0.01408,3.5511363636363638,3.5511363636363638,False
40,tags,cool,1,20,0.05,0.01408,3.5511363636363638,3.5511363636363638,False
40,tags,visually appealing,3,20,0.15,0.04416,3.3967391304347827,3.3967391304347827,False
40,tags,80s,1,20,0.05,0.01472,3.3967391304347827,3.3967391304347827,False
40,tags,assassin,1,20,0.05,0.01472,3.3967391304347827,3.3967391304347827,False
40,tags,gory,1,20,0.05,0.01504,3.3244680851063833,3.3244680851063833,False
40,genres,Thriller,9,20,0.45,0.14016,3.210616438356164,3.210616438356164,False
40,tags,original,16,20,0.8,0.25024,3.1969309462915603,3.1969309462915603,False
40,tags,oscar winner,1,20,0.05,0.01568,3.188775510204082,3.188775510204082,False
40,tags,humorous,1,20,0.05,0.016,3.125,3.125,False
40,tags,creepy,2,20,0.1,0.03488,2.86697247706422,2.86697247706422,False
40,tags,powerful ending,1,20,0.05,0.01888,2.6483050847457625,2.6483050847457625,False
40,tags,fight scenes,1,20,0.05,0.01952,2.5614754098360657,2.5614754098360657,False
40,genres,Fantasy,1,20,0.05,0.0208,2.403846153846154,2.403846153846154,False
40,tags,horror,3,20,0.15,0.064,2.34375,2.34375,False
40,tags,conspiracy,1,20,0.05,0.02176,2.297794117647059,2.297794117647059,False
40,tags,good sequel,1,20,0.05,0.02656,1.8825301204819278,1.8825301204819278,False
40,tags,cult film,1,20,0.05,0.02688,1.8601190476190477,1.8601190476190477,False
40,tags,oscar (best supporting actor),1,20,0.05,0.02784,1.795977011494253,1.795977011494253,False
40,tags,splatter,1,20,0.05,0.02976,1.6801075268817205,1.6801075268817205,False
40,tags,children,1,20,0.05,0.03104,1.6108247422680413,1.6108247422680413,False
40,tags,oscar (best picture),1,20,0.05,0.03296,1.5169902912621358,1.5169902912621358,False
40,tags,thriller,1,20,0.05,0.03488,1.43348623853211,1.43348623853211,False
40,tags,oscar (best directing),2,20,0.1,0.07264,1.3766519823788548,1.3766519823788548,False
40,tags,based on book,1,20,0.05,0.03872,1.2913223140495869,1.2913223140495869,False
40,genres,Horror,2,20,0.1,0.08512,1.174812030075188,1.174812030075188,False
40,tags,weird,1,20,0.05,0.0448,1.1160714285714286,1.1160714285714286,False
40,tags,adapted from:book,1,20,0.05,0.06336,0.7891414141414141,0.7891414141414141,False
40,tags,based on a book,1,20,0.05,0.06656,0.7512019230769232,0.7512019230769232,False
40,tags,great acting,1,20,0.05,0.08448,0.5918560606060607,0.5918560606060607,False
40,tags,comedy,1,20,0.05,0.11168,0.4477077363896848,0.4477077363896848,False
40,genres,Romance,1,20,0.05,0.13312,0.3756009615384616,0.3756009615384616,False
40,genres,Drama,1,20,0.05,0.39584,0.1263136620856912,0.1263136620856912,False
41,tags,shopping,3,20,0.15,0.00096,156.25,156.25,True
41,tags,good romantic comedies,9,20,0.45,0.00704,63.92045454545455,63.92045454545455,True
41,tags,sappy,1,20,0.05,0.00096,52.083333333333336,52.083333333333336,False
41,tags,wedding,2,20,0.1,0.00224,44.642857142857146,44.642857142857146,True
41,tags,spelling bee,1,20,0.05,0.00128,39.0625,39.0625,False
41,tags,girlie movie,16,20,0.8,0.02272,35.2112676056338,35.2112676056338,False
41,tags,happy ending,10,20,0.5,0.016,31.25,31.25,False
41,tags,very good,1,20,0.05,0.0016,31.25,31.25,False
41,tags,family bonds,1,20,0.05,0.0016,31.25,31.25,False
41,tags,chick flick,16,20,0.8,0.03136,25.510204081632654,25.510204081632654,False
41,tags,feel good movie,7,20,0.35,0.0144,24.305555555555554,24.305555555555554,False
41,tags,internet,1,20,0.05,0.00224,22.321428571428573,22.321428571428573,False
41,tags,ghosts/afterlife,1,20,0.05,0.00224,22.321428571428573,22.321428571428573,False
41,tags,sweet,8,20,0.4,0.01856,21.551724137931036,21.551724137931036,False
41,tags,feel-good,12,20,0.6,0.02784,21.551724137931032,21.551724137931032,False
41,tags,tear jerker,3,20,0.15,0.00704,21.30681818181818,21.30681818181818,False
41,tags,cute!,2,20,0.1,0.00512,19.53125,19.53125,False
41,tags,afterlife,1,20,0.05,0.00256,19.53125,19.53125,False
41,tags,catastrophe,1,20,0.05,0.00256,19.53125,19.53125,False
41,tags,romantic comedy,13,20,0.65,0.03424,18.983644859813086,18.983644859813086,False
41,tags,destiny,9,20,0.45,0.024,18.75,18.75,False
41,tags,sentimental,6,20,0.3,0.01664,18.028846153846153,18.028846153846153,False
41,tags,romance,14,20,0.7,0.03904,17.93032786885246,17.93032786885246,False
41,tags,cute,3,20,0.15,0.00864,17.36111111111111,17.36111111111111,False
41,tags,classical music,1,20,0.05,0.00288,17.36111111111111,17.36111111111111,False
41,tags,inspirational,2,20,0.1,0.0064,15.625,15.625,False
41,tags,predictable,2,20,0.1,0.00672,14.880952380952381,14.880952380952381,False
41,tags,baseball,1,20,0.05,0.00352,14.204545454545455,14.204545454545455,False
41,tags,romantic,15,20,0.75,0.05568,13.469827586206897,13.469827586206897,False
41,tags,football,1,20,0.05,0.00384,13.020833333333334,13.020833333333334,False
41,tags,teacher,1,20,0.05,0.00384,13.020833333333334,13.020833333333334,False
41,tags,oscar winner,4,20,0.2,0.01568,12.755102040816327,12.755102040816327,False
41,tags,divorce,1,20,0.05,0.00416,12.019230769230772,12.019230769230772,False
41,tags,love story,15,20,0.75,0.06368,11.777638190954773,11.777638190954773,False
41,tags,prostitution,1,20,0.05,0.00448,11.160714285714286,11.160714285714286,False
41,tags,life,1,20,0.05,0.00448,11.160714285714286,11.160714285714286,False
41,tags,single father,1,20,0.05,0.0048,10.416666666666668,10.416666666666668,False
41,tags,earnest,1,20,0.05,0.0048,10.416666666666668,10.416666666666668,False
41,tags,fairy tales,1,20,0.05,0.0048,10.416666666666668,10.416666666666668,False
41,tags,inspiring,1,20,0.05,0.0048,10.416666666666668,10.416666666666668,False
41,tags,women,3,20,0.15,0.01568,9.566326530612244,9.566326530612244,False
41,tags,disability,1,20,0.05,0.00544,9.191176470588236,9.191176470588236,False
41,tags,rags to riches,1,20,0.05,0.00576,8.680555555555555,8.680555555555555,False
41,tags,london,1,20,0.05,0.00576,8.680555555555555,8.680555555555555,False
41,tags,president,1,20,0.05,0.00576,8.680555555555555,8.680555555555555,False
41,tags,heartwarming,2,20,0.1,0.01184,8.445945945945947,8.445945945945947,False
41,tags,nostalgic,2,20,0.1,0.01216,8.223684210526315,8.223684210526315,False
41,tags,cross dressing,1,20,0.05,0.00608,8.223684210526315,8.223684210526315,False
41,tags,fighting the system,1,20,0.05,0.0064,7.8125,7.8125,False
41,tags,pg-13,1,20,0.05,0.00704,7.1022727272727275,7.1022727272727275,False
41,tags,love,5,20,0.25,0.03616,6.913716814159293,6.913716814159293,False
41,tags,good,5,20,0.25,0.0368,6.793478260869565,6.793478260869565,False
41,tags,fairy tale,2,20,0.1,0.01504,6.6489361702127665,6.6489361702127665,False
41,genres,Romance,16,20,0.8,0.13312,6.009615384615386,6.009615384615386,False
41,tags,world politics,1,20,0.05,0.00832,6.009615384615386,6.009615384615386,False
41,tags,sports,2,20,0.1,0.01792,5.580357142857143,5.580357142857143,False
41,tags,ghosts,1,20,0.05,0.00896,5.580357142857143,5.580357142857143,False
41,tags,oscar,3,20,0.15,0.0272,5.514705882352941,5.514705882352941,False
41,tags,natural disaster,1,20,0.05,0.00928,5.387931034482759,5.387931034482759,False
41,tags,remake,1,20,0.05,0.00928,5.387931034482759,5.387931034482759,False
41,tags,touching,3,20,0.15,0.02816,5.326704545454545,5.326704545454545,False
41,tags,bittersweet,2,20,0.1,0.01888,5.296610169491525,5.296610169491525,False
41,tags,drama,7,20,0.35,0.06656,5.258413461538462,5.258413461538462,False
41,tags,dog,1,20,0.05,0.0096,5.208333333333334,5.208333333333334,False
41,tags,courtroom,1,20,0.05,0.00992,5.040322580645162,5.040322580645162,False
41,tags,artistic,1,20,0.05,0.01056,4.734848484848485,4.734848484848485,False
41,tags,relationships,5,20,0.25,0.05376,4.650297619047619,4.650297619047619,False
41,tags,magic,1,20,0.05,0.0112,4.464285714285714,4.464285714285714,False
41,tags,epic,1,20,0.05,0.0112,4.464285714285714,4.464285714285714,False
41,tags,historical,2,20,0.1,0.02272,4.401408450704225,4.401408450704225,False
41,tags,us history,1,20,0.05,0.01152,4.340277777777778,4.340277777777778,False
41,tags,based on a true story,1,20,0.05,0.01184,4.222972972972974,4.222972972972974,False
41,tags,lawyers,1,20,0.05,0.01216,4.1118421052631575,4.1118421052631575,False
41,tags,death,1,20,0.05,0.01248,4.006410256410256,4.006410256410256,False
41,tags,good music,1,20,0.05,0.01248,4.006410256410256,4.006410256410256,False
41,tags,quotable,2,20,0.1,0.02688,3.7202380952380953,3.7202380952380953,False
41,tags,british,1,20,0.05,0.01408,3.5511363636363638,3.5511363636363638,False
41,tags,beautiful scenery,1,20,0.05,0.01408,3.5511363636363638,3.5511363636363638,False
41,tags,musicians,1,20,0.05,0.0144,3.4722222222222223,3.4722222222222223,False
41,tags,politics,1,20,0.05,0.01472,3.3967391304347827,3.3967391304347827,False
41,tags,lawyer,1,20,0.05,0.01504,3.3244680851063833,3.3244680851063833,False
41,tags,gay character,1,20,0.05,0.01568,3.188775510204082,3.188775510204082,False
41,tags,political,1,20,0.05,0.01568,3.188775510204082,3.188775510204082,False
41,tags,rock and roll,1,20,0.05,0.016,3.125,3.125,False
41,tags,oscar (best picture),2,20,0.1,0.03296,3.0339805825242716,3.0339805825242716,False
41,tags,biographical,1,20,0.05,0.01664,3.004807692307693,3.004807692307693,False
41,tags,world war ii,1,20,0.05,0.01696,2.94811320754717,2.94811320754717,False
41,tags,supernatural,1,20,0.05,0.01728,2.8935185185185186,2.8935185185185186,False
41,tags,history,1,20,0.05,0.01728,2.8935185185185186,2.8935185185185186,False
41,tags,life & death,1,20,0.05,0.0176,2.840909090909091,2.840909090909091,False
41,tags,mentor,4,20,0.2,0.07168,2.7901785714285716,2.7901785714285716,False
41,tags,oscar (best directing),4,20,0.2,0.07264,2.7533039647577096,2.7533039647577096,False
41,tags,oscar (best supporting actress),1,20,0.05,0.01856,2.6939655172413794,2.6939655172413794,False
41,tags,wartime,1,20,0.05,0.0192,2.604166666666667,2.604166666666667,False
41,tags,based on true story,1,20,0.05,0.01984,2.520161290322581,2.520161290322581,False
41,tags,excellent script,2,20,0.1,0.04128,2.422480620155039,2.422480620155039,False
41,tags,gay,1,20,0.05,0.0208,2.403846153846154,2.403846153846154,False
41,tags,narrated,1,20,0.05,0.0208,2.403846153846154,2.403846153846154,False
41,tags,true story,1,20,0.05,0.0208,2.403846153846154,2.403846153846154,False
41,tags,based on a play,1,20,0.05,0.0208,2.403846153846154,2.403846153846154,False
41,genres,Comedy,15,20,0.75,0.32224,2.327457795431976,2.327457795431976,False
41,tags,fantasy,1,20,0.05,0.02176,2.297794117647059,2.297794117647059,False
41,tags,high school,1,20,0.05,0.0224,2.232142857142857,2.232142857142857,False
41,tags,oscar (best actor),1,20,0.05,0.02304,2.170138888888889,2.170138888888889,False
41,tags,small town,1,20,0.05,0.02368,2.111486486486487,2.111486486486487,False
41,tags,greed,1,20,0.05,0.02464,2.0292207792207795,2.0292207792207795,False
41,tags,family,2,20,0.1,0.05152,1.9409937888198758,1.9409937888198758,False
41,tags,big budget,1,20,0.05,0.02592,1.9290123456790125,1.9290123456790125,False
41,tags,music,1,20,0.05,0.02752,1.8168604651162792,1.8168604651162792,False
41,tags,oscar (best supporting actor),1,20,0.05,0.02784,1.795977011494253,1.795977011494253,False
41,tags,oscar (best cinematography),1,20,0.05,0.02816,1.7755681818181819,1.7755681818181819,False
41,tags,great acting,3,20,0.15,0.08448,1.7755681818181817,1.7755681818181817,False
41,tags,story,1,20,0.05,0.02848,1.75561797752809,1.75561797752809,False
41,tags,unlikely friendships,1,20,0.05,0.02976,1.6801075268817205,1.6801075268817205,False
41,tags,childhood,1,20,0.05,0.0304,1.6447368421052633,1.6447368421052633,False
41,tags,children,1,20,0.05,0.03104,1.6108247422680413,1.6108247422680413,False
41,tags,based on book,1,20,0.05,0.03872,1.2913223140495869,1.2913223140495869,False
41,genres,War,1,20,0.05,0.0432,1.1574074074074074,1.1574074074074074,False
41,tags,great movie,1,20,0.05,0.04352,1.1488970588235294,1.1488970588235294,False
41,tags,funny,1,20,0.05,0.04832,1.03476821192053,1.03476821192053,False
41,genres,Drama,8,20,0.4,0.39584,1.0105092966855296,1.0105092966855296,False
41,tags,chase,1,20,0.05,0.0528,0.946969696969697,0.946969696969697,False
41,tags,special effects,1,20,0.05,0.05408,0.9245562130177515,0.9245562130177515,False
41,tags,oscar (best actress),1,20,0.05,0.05504,0.9084302325581396,0.9084302325581396,False
41,tags,suspense,1,20,0.05,0.05568,0.8979885057471265,0.8979885057471265,False
41,tags,comedy,2,20,0.1,0.11168,0.8954154727793696,0.8954154727793696,False
41,tags,dramatic,1,20,0.05,0.06464,0.7735148514851485,0.7735148514851485,False
41,tags,imdb top 250,1,20,0.05,0.09824,0.508957654723127,0.508957654723127,False
41,genres,Thriller,1,20,0.05,0.14016,0.3567351598173516,0.3567351598173516,False
41,tags,original,1,20,0.05,0.25024,0.19980818414322252,0.19980818414322252,False
42,tags,shopping,3,20,0.15,0.00096,156.25,156.25,True
42,tags,good romantic comedies,9,20,0.45,0.00704,63.92045454545455,63.92045454545455,True
42,tags,sappy,1,20,0.05,0.00096,52.083333333333336,52.083333333333336,False
42,tags,wedding,2,20,0.1,0.00224,44.642857142857146,44.642857142857146,True
42,tags,spelling bee,1,20,0.05,0.00128,39.0625,39.0625,False
42,tags,girlie movie,15,20,0.75,0.02272,33.01056338028169,33.01056338028169,False
42,tags,very good,1,20,0.05,0.0016,31.25,31.25,False
42,tags,family bonds,1,20,0.05,0.0016,31.25,31.25,False
42,tags,happy ending,9,20,0.45,0.016,28.125,28.125,False
42,tags,feel good movie,8,20,0.4,0.0144,27.77777777777778,27.77777777777778,False
42,tags,chick flick,15,20,0.75,0.03136,23.915816326530614,23.915816326530614,False
42,tags,feel-good,13,20,0.65,0.02784,23.347701149425287,23.347701149425287,False
42,tags,internet,1,20,0.05,0.00224,22.321428571428573,22.321428571428573,False
42,tags,ghosts/afterlife,1,20,0.05,0.00224,22.321428571428573,22.321428571428573,False
42,tags,writer's life,1,20,0.05,0.00224,22.321428571428573,22.321428571428573,False
42,tags,sweet,8,20,0.4,0.01856,21.551724137931036,21.551724137931036,False
42,tags,romantic comedy,14,20,0.7,0.03424,20.44392523364486,20.44392523364486,False
42,tags,cute!,2,20,0.1,0.00512,19.53125,19.53125,False
42,tags,afterlife,1,20,0.05,0.00256,19.53125,19.53125,False
42,tags,catastrophe,1,20,0.05,0.00256,19.53125,19.53125,False
42,tags,romance,15,20,0.75,0.03904,19.211065573770494,19.211065573770494,False
42,tags,destiny,9,20,0.45,0.024,18.75,18.75,False
42,tags,cute,3,20,0.15,0.00864,17.36111111111111,17.36111111111111,False
42,tags,classical music,1,20,0.05,0.00288,17.36111111111111,17.36111111111111,False
42,tags,oscar winner,5,20,0.25,0.01568,15.943877551020408,15.943877551020408,False
42,tags,inspirational,2,20,0.1,0.0064,15.625,15.625,False
42,tags,sentimental,5,20,0.25,0.01664,15.024038461538463,15.024038461538463,False
42,tags,predictable,2,20,0.1,0.00672,14.880952380952381,14.880952380952381,False
42,tags,tear jerker,2,20,0.1,0.00704,14.204545454545455,14.204545454545455,False
42,tags,baseball,1,20,0.05,0.00352,14.204545454545455,14.204545454545455,False
42,tags,romantic,15,20,0.75,0.05568,13.469827586206897,13.469827586206897,False
42,tags,football,1,20,0.05,0.00384,13.020833333333334,13.020833333333334,False
42,tags,teacher,1,20,0.05,0.00384,13.020833333333334,13.020833333333334,False
42,tags,divorce,1,20,0.05,0.00416,12.019230769230772,12.019230769230772,False
42,tags,love story,15,20,0.75,0.06368,11.777638190954773,11.777638190954773,False
42,tags,prostitution,1,20,0.05,0.00448,11.160714285714286,11.160714285714286,False
42,tags,life,1,20,0.05,0.00448,11.160714285714286,11.160714285714286,False
42,tags,earnest,1,20,0.05,0.0048,10.416666666666668,10.416666666666668,False
42,tags,single father,1,20,0.05,0.0048,10.416666666666668,10.416666666666668,False
42,tags,fairy tales,1,20,0.05,0.0048,10.416666666666668,10.416666666666668,False
42,tags,inspiring,1,20,0.05,0.0048,10.416666666666668,10.416666666666668,False
42,tags,women,3,20,0.15,0.01568,9.566326530612244,9.566326530612244,False
42,tags,disability,1,20,0.05,0.00544,9.191176470588236,9.191176470588236,False
42,tags,rags to riches,1,20,0.05,0.00576,8.680555555555555,8.680555555555555,False
42,tags,london,1,20,0.05,0.00576,8.680555555555555,8.680555555555555,False
42,tags,president,1,20,0.05,0.00576,8.680555555555555,8.680555555555555,False
42,tags,heartwarming,2,20,0.1,0.01184,8.445945945945947,8.445945945945947,False
42,tags,nostalgic,2,20,0.1,0.01216,8.223684210526315,8.223684210526315,False
42,tags,cross dressing,1,20,0.05,0.00608,8.223684210526315,8.223684210526315,False
42,tags,good,6,20,0.3,0.0368,8.152173913043478,8.152173913043478,False
42,tags,fighting the system,1,20,0.05,0.0064,7.8125,7.8125,False
42,tags,oscar,4,20,0.2,0.0272,7.352941176470589,7.352941176470589,False
42,tags,pg-13,1,20,0.05,0.00704,7.1022727272727275,7.1022727272727275,False
42,tags,love,5,20,0.25,0.03616,6.913716814159293,6.913716814159293,False
42,tags,fairy tale,2,20,0.1,0.01504,6.6489361702127665,6.6489361702127665,False
42,tags,gay character,2,20,0.1,0.01568,6.377551020408164,6.377551020408164,False
42,tags,drama,8,20,0.4,0.06656,6.009615384615386,6.009615384615386,False
42,tags,world politics,1,20,0.05,0.00832,6.009615384615386,6.009615384615386,False
42,genres,Romance,15,20,0.75,0.13312,5.634014423076923,5.634014423076923,False
42,tags,sports,2,20,0.1,0.01792,5.580357142857143,5.580357142857143,False
42,tags,ghosts,1,20,0.05,0.00896,5.580357142857143,5.580357142857143,False
42,tags,relationships,6,20,0.3,0.05376,5.580357142857142,5.580357142857142,False
42,tags,oscar (best supporting actress),2,20,0.1,0.01856,5.387931034482759,5.387931034482759,False
42,tags,natural disaster,1,20,0.05,0.00928,5.387931034482759,5.387931034482759,False
42,tags,remake,1,20,0.05,0.00928,5.387931034482759,5.387931034482759,False
42,tags,touching,3,20,0.15,0.02816,5.326704545454545,5.326704545454545,False
42,tags,bittersweet,2,20,0.1,0.01888,5.296610169491525,5.296610169491525,False
42,tags,dog,1,20,0.05,0.0096,5.208333333333334,5.208333333333334,False
42,tags,courtroom,1,20,0.05,0.00992,5.040322580645162,5.040322580645162,False
42,tags,gay,2,20,0.1,0.0208,4.807692307692308,4.807692307692308,False
42,tags,artistic,1,20,0.05,0.01056,4.734848484848485,4.734848484848485,False
42,tags,oscar (best picture),3,20,0.15,0.03296,4.550970873786407,4.550970873786407,False
42,tags,magic,1,20,0.05,0.0112,4.464285714285714,4.464285714285714,False
42,tags,epic,1,20,0.05,0.0112,4.464285714285714,4.464285714285714,False
42,tags,good acting,1,20,0.05,0.0112,4.464285714285714,4.464285714285714,False
42,tags,historical,2,20,0.1,0.02272,4.401408450704225,4.401408450704225,False
42,tags,oscar (best actor),2,20,0.1,0.02304,4.340277777777778,4.340277777777778,False
42,tags,us history,1,20,0.05,0.01152,4.340277777777778,4.340277777777778,False
42,tags,based on a true story,1,20,0.05,0.01184,4.222972972972974,4.222972972972974,False
42,tags,lawyers,1,20,0.05,0.01216,4.1118421052631575,4.1118421052631575,False
42,tags,death,1,20,0.05,0.01248,4.006410256410256,4.006410256410256,False
42,tags,good music,1,20,0.05,0.01248,4.006410256410256,4.006410256410256,False
42,tags,quotable,2,20,0.1,0.02688,3.7202380952380953,3.7202380952380953,False
42,tags,excellent script,3,20,0.15,0.04128,3.6337209302325584,3.6337209302325584,False
42,tags,oscar (best supporting actor),2,20,0.1,0.02784,3.591954022988506,3.591954022988506,False
42,tags,british,1,20,0.05,0.01408,3.5511363636363638,3.5511363636363638,False
42,tags,beautiful scenery,1,20,0.05,0.01408,3.5511363636363638,3.5511363636363638,False
42,tags,mentor,5,20,0.25,0.07168,3.4877232142857144,3.4877232142857144,False
42,tags,musicians,1,20,0.05,0.0144,3.4722222222222223,3.4722222222222223,False
42,tags,oscar (best directing),5,20,0.25,0.07264,3.441629955947137,3.441629955947137,False
42,tags,politics,1,20,0.05,0.01472,3.3967391304347827,3.3967391304347827,False
42,tags,lawyer,1,20,0.05,0.01504,3.3244680851063833,3.3244680851063833,False
42,tags,political,1,20,0.05,0.01568,3.188775510204082,3.188775510204082,False
42,tags,rock and roll,1,20,0.05,0.016,3.125,3.125,False
42,tags,biographical,1,20,0.05,0.01664,3.004807692307693,3.004807692307693,False
42,tags,world war ii,1,20,0.05,0.01696,2.94811320754717,2.94811320754717,False
42,tags,supernatural,1,20,0.05,0.01728,2.8935185185185186,2.8935185185185186,False
42,tags,history,1,20,0.05,0.01728,2.8935185185185186,2.8935185185185186,False
42,tags,life & death,1,20,0.05,0.0176,2.840909090909091,2.840909090909091,False
42,tags,wartime,1,20,0.05,0.0192,2.604166666666667,2.604166666666667,False
42,tags,based on true story,1,20,0.05,0.01984,2.520161290322581,2.520161290322581,False
42,tags,narrated,1,20,0.05,0.0208,2.403846153846154,2.403846153846154,False
42,tags,true story,1,20,0.05,0.0208,2.403846153846154,2.403846153846154,False
42,tags,based on a play,1,20,0.05,0.0208,2.403846153846154,2.403846153846154,False
42,tags,great acting,4,20,0.2,0.08448,2.3674242424242427,2.3674242424242427,False
42,genres,Comedy,15,20,0.75,0.32224,2.327457795431976,2.327457795431976,False
42,tags,great movie,2,20,0.1,0.04352,2.297794117647059,2.297794117647059,False
42,tags,fantasy,1,20,0.05,0.02176,2.297794117647059,2.297794117647059,False
42,tags,high school,1,20,0.05,0.0224,2.232142857142857,2.232142857142857,False
42,tags,small town,1,20,0.05,0.02368,2.111486486486487,2.111486486486487,False
42,tags,greed,1,20,0.05,0.02464,2.0292207792207795,2.0292207792207795,False
42,tags,family,2,20,0.1,0.05152,1.9409937888198758,1.9409937888198758,False
42,tags,big budget,1,20,0.05,0.02592,1.9290123456790125,1.9290123456790125,False
42,tags,oscar (best actress),2,20,0.1,0.05504,1.8168604651162792,1.8168604651162792,False
42,tags,music,1,20,0.05,0.02752,1.8168604651162792,1.8168604651162792,False
42,tags,oscar (best cinematography),1,20,0.05,0.02816,1.7755681818181819,1.7755681818181819,False
42,tags,story,1,20,0.05,0.02848,1.75561797752809,1.75561797752809,False
42,tags,unlikely friendships,1,20,0.05,0.02976,1.6801075268817205,1.6801075268817205,False
42,tags,childhood,1,20,0.05,0.0304,1.6447368421052633,1.6447368421052633,False
42,tags,children,1,20,0.05,0.03104,1.6108247422680413,1.6108247422680413,False
42,tags,comedy,3,20,0.15,0.11168,1.3431232091690544,1.3431232091690544,False
42,tags,based on book,1,20,0.05,0.03872,1.2913223140495869,1.2913223140495869,False
42,genres,War,1,20,0.05,0.0432,1.1574074074074074,1.1574074074074074,False
42,tags,funny,1,20,0.05,0.04832,1.03476821192053,1.03476821192053,False
42,genres,Drama,8,20,0.4,0.39584,1.0105092966855296,1.0105092966855296,False
42,tags,chase,1,20,0.05,0.0528,0.946969696969697,0.946969696969697,False
42,tags,special effects,1,20,0.05,0.05408,0.9245562130177515,0.9245562130177515,False
42,tags,suspense,1,20,0.05,0.05568,0.8979885057471265,0.8979885057471265,False
42,tags,dramatic,1,20,0.05,0.06464,0.7735148514851485,0.7735148514851485,False
42,tags,imdb top 250,1,20,0.05,0.09824,0.508957654723127,0.508957654723127,False
42,genres,Thriller,1,20,0.05,0.14016,0.3567351598173516,0.3567351598173516,False
42,tags,original,1,20,0.05,0.25024,0.19980818414322252,0.19980818414322252,False
43,tags,perfect,1,20,0.05,0.00032,156.25,156.25,False
43,tags,boat,1,20,0.05,0.00096,52.083333333333336,52.083333333333336,False
43,tags,hollywood,1,20,0.05,0.00096,52.083333333333336,52.083333333333336,False
43,tags,private detective,3,20,0.15,0.0032,46.87499999999999,46.87499999999999,True
43,tags,love triangles,1,20,0.05,0.00128,39.0625,39.0625,False
43,tags,afi 100 (movie quotes),5,20,0.25,0.00672,37.20238095238095,37.20238095238095,True
43,tags,screwball,4,20,0.2,0.00544,36.76470588235294,36.76470588235294,True
43,tags,screwball comedy,4,20,0.2,0.00576,34.72222222222222,34.72222222222222,False
43,tags,afi 100,7,20,0.35,0.01024,34.17968749999999,34.17968749999999,False
43,genres,Film-Noir,8,20,0.4,0.01248,32.05128205128205,32.05128205128205,False
43,tags,entirely dialogue,1,20,0.05,0.0016,31.25,31.25,False
43,tags,cynical,5,20,0.25,0.00896,27.901785714285715,27.901785714285715,False
43,tags,witty,6,20,0.3,0.0112,26.785714285714285,26.785714285714285,False
43,tags,film noir,6,20,0.3,0.01152,26.041666666666664,26.041666666666664,False
43,tags,noir,6,20,0.3,0.01216,24.671052631578945,24.671052631578945,False
43,tags,farce,2,20,0.1,0.00448,22.321428571428573,22.321428571428573,False
43,tags,oscar (best writing - screenplay written directly for the screen),1,20,0.05,0.00224,22.321428571428573,22.321428571428573,False
43,tags,train,1,20,0.05,0.00224,22.321428571428573,22.321428571428573,False
43,tags,complicated,5,20,0.25,0.01152,21.70138888888889,21.70138888888889,False
43,tags,noir thriller,6,20,0.3,0.01408,21.30681818181818,21.30681818181818,False
43,tags,black and white,9,20,0.45,0.02656,16.94277108433735,16.94277108433735,False
43,tags,political corruption,2,20,0.1,0.00608,16.44736842105263,16.44736842105263,False
43,tags,neo-noir,4,20,0.2,0.01248,16.025641025641026,16.025641025641026,False
43,tags,quotable,8,20,0.4,0.02688,14.880952380952381,14.880952380952381,False
43,tags,great dialogue,2,20,0.1,0.00672,14.880952380952381,14.880952380952381,False
43,tags,mystery,5,20,0.25,0.01728,14.467592592592592,14.467592592592592,False
43,tags,crime gone awry,2,20,0.1,0.00704,14.204545454545455,14.204545454545455,False
43,tags,silent,2,20,0.1,0.00704,14.204545454545455,14.204545454545455,False
43,tags,hotel,1,20,0.05,0.00352,14.204545454545455,14.204545454545455,False
43,tags,talky,15,20,0.75,0.05312,14.118975903614457,14.118975903614457,False
43,tags,paranoid,1,20,0.05,0.00384,13.020833333333334,13.020833333333334,False
43,tags,voyeurism,1,20,0.05,0.00384,13.020833333333334,13.020833333333334,False
43,tags,classic,19,20,0.95,0.0752,12.632978723404253,12.632978723404253,False
43,tags,hitchcock,4,20,0.2,0.01664,12.019230769230772,12.019230769230772,False
43,tags,nazi,2,20,0.1,0.00832,12.019230769230772,12.019230769230772,False
43,tags,mistaken identity,1,20,0.05,0.00416,12.019230769230772,12.019230769230772,False
43,tags,atmospheric,3,20,0.15,0.01248,12.019230769230768,12.019230769230768,False
43,tags,interesting,5,20,0.25,0.02208,11.322463768115943,11.322463768115943,False
43,tags,broadway,1,20,0.05,0.00448,11.160714285714286,11.160714285714286,False
43,tags,adultery,2,20,0.1,0.00928,10.775862068965518,10.775862068965518,False
43,tags,detective,3,20,0.15,0.01408,10.65340909090909,10.65340909090909,False
43,tags,oscar (best directing),15,20,0.75,0.07264,10.32488986784141,10.32488986784141,False
43,tags,nazis,3,20,0.15,0.01472,10.190217391304348,10.190217391304348,False
43,tags,greed,5,20,0.25,0.02464,10.146103896103897,10.146103896103897,False
43,tags,claustrophobic,2,20,0.1,0.00992,10.080645161290324,10.080645161290324,False
43,tags,africa,1,20,0.05,0.00512,9.765625,9.765625,False
43,tags,imdb top 250,19,20,0.95,0.09824,9.670195439739414,9.670195439739414,False
43,tags,oscar winner,3,20,0.15,0.01568,9.566326530612244,9.566326530612244,False
43,tags,investigation,3,20,0.15,0.016,9.375,9.375,False
43,tags,complicated plot,1,20,0.05,0.00544,9.191176470588236,9.191176470588236,False
43,tags,oscar (best actress),10,20,0.5,0.05504,9.084302325581396,9.084302325581396,False
43,tags,dialogue,5,20,0.25,0.02752,9.084302325581396,9.084302325581396,False
43,tags,manipulation,2,20,0.1,0.0112,8.928571428571429,8.928571428571429,False
43,tags,complex,4,20,0.2,0.02304,8.680555555555555,8.680555555555555,False
43,tags,murder mystery,4,20,0.2,0.02368,8.445945945945947,8.445945945945947,False
43,tags,highly quotable,2,20,0.1,0.01184,8.445945945945947,8.445945945945947,False
43,tags,gangster,2,20,0.1,0.01216,8.223684210526315,8.223684210526315,False
43,tags,cross dressing,1,20,0.05,0.00608,8.223684210526315,8.223684210526315,False
43,tags,intellectual,1,20,0.05,0.00608,8.223684210526315,8.223684210526315,False
43,tags,oscar (best supporting actress),3,20,0.15,0.01856,8.081896551724137,8.081896551724137,False
43,tags,obsession,5,20,0.25,0.03104,8.054123711340205,8.054123711340205,False
43,tags,murder,8,20,0.4,0.05024,7.961783439490446,7.961783439490446,False
43,tags,great ending,6,20,0.3,0.03776,7.944915254237287,7.944915254237287,False
43,tags,spying,3,20,0.15,0.01888,7.944915254237287,7.944915254237287,False
43,tags,sacrifice,1,20,0.05,0.0064,7.8125,7.8125,False
43,tags,los angeles,1,20,0.05,0.0064,7.8125,7.8125,False
43,tags,oscar (best picture),5,20,0.25,0.03296,7.584951456310679,7.584951456310679,False
43,tags,masterpiece,10,20,0.5,0.0672,7.440476190476191,7.440476190476191,False
43,tags,new york,1,20,0.05,0.00672,7.440476190476191,7.440476190476191,False
43,tags,oscar (best cinematography),4,20,0.2,0.02816,7.1022727272727275,7.1022727272727275,False
43,tags,runaway,2,20,0.1,0.01408,7.1022727272727275,7.1022727272727275,False
43,tags,sarcasm,1,20,0.05,0.00704,7.1022727272727275,7.1022727272727275,False
43,tags,dark,3,20,0.15,0.02144,6.996268656716418,6.996268656716418,False
43,tags,spy,2,20,0.1,0.0144,6.944444444444445,6.944444444444445,False
43,tags,twists & turns,5,20,0.25,0.03648,6.853070175438597,6.853070175438597,False
43,tags,eerie,1,20,0.05,0.00736,6.793478260869565,6.793478260869565,False
43,tags,police investigation,4,20,0.2,0.03008,6.6489361702127665,6.6489361702127665,False
43,tags,1930s,2,20,0.1,0.01504,6.6489361702127665,6.6489361702127665,False
43,genres,Mystery,4,20,0.2,0.03072,6.510416666666667,6.510416666666667,False
43,tags,oscar (best actor),3,20,0.15,0.02304,6.510416666666666,6.510416666666666,False
43,tags,courage,2,20,0.1,0.01568,6.377551020408164,6.377551020408164,False
43,tags,espionage,2,20,0.1,0.01568,6.377551020408164,6.377551020408164,False
43,tags,suspenseful,5,20,0.25,0.03968,6.300403225806452,6.300403225806452,False
43,tags,enigmatic,5,20,0.25,0.04064,6.151574803149606,6.151574803149606,False
43,tags,satirical,2,20,0.1,0.01632,6.127450980392156,6.127450980392156,False
43,tags,excellent script,5,20,0.25,0.04128,6.056201550387597,6.056201550387597,False
43,tags,german,1,20,0.05,0.00832,6.009615384615386,6.009615384615386,False
43,tags,literary adaptation,1,20,0.05,0.00832,6.009615384615386,6.009615384615386,False
43,tags,sexy,3,20,0.15,0.02528,5.9335443037974684,5.9335443037974684,False
43,tags,great acting,10,20,0.5,0.08448,5.918560606060606,5.918560606060606,False
43,tags,downbeat,2,20,0.1,0.01696,5.89622641509434,5.89622641509434,False
43,tags,secrets,3,20,0.15,0.0256,5.859374999999999,5.859374999999999,False
43,tags,san francisco,1,20,0.05,0.00896,5.580357142857143,5.580357142857143,False
43,tags,oscar,3,20,0.15,0.0272,5.514705882352941,5.514705882352941,False
43,tags,tense,6,20,0.3,0.05536,5.41907514450867,5.41907514450867,False
43,tags,assassination,1,20,0.05,0.00928,5.387931034482759,5.387931034482759,False
43,tags,suspense,6,20,0.3,0.05568,5.387931034482758,5.387931034482758,False
43,tags,criterion,8,20,0.4,0.07456,5.36480686695279,5.36480686695279,False
43,tags,bittersweet,2,20,0.1,0.01888,5.296610169491525,5.296610169491525,False
43,tags,powerful ending,2,20,0.1,0.01888,5.296610169491525,5.296610169491525,False
43,tags,indians,1,20,0.05,0.0096,5.208333333333334,5.208333333333334,False
43,tags,exceptional acting,1,20,0.05,0.0096,5.208333333333334,5.208333333333334,False
43,tags,romance,4,20,0.2,0.03904,5.122950819672131,5.122950819672131,False
43,tags,affectionate,1,20,0.05,0.00992,5.040322580645162,5.040322580645162,False
43,tags,dance,1,20,0.05,0.01024,4.8828125,4.8828125,False
43,tags,narrated,2,20,0.1,0.0208,4.807692307692308,4.807692307692308,False
43,tags,jungle,1,20,0.05,0.01056,4.734848484848485,4.734848484848485,False
43,tags,dancing,1,20,0.05,0.01056,4.734848484848485,4.734848484848485,False
43,tags,character study,2,20,0.1,0.02144,4.664179104477612,4.664179104477612,False
43,tags,gangsters,2,20,0.1,0.02176,4.595588235294118,4.595588235294118,False
43,tags,good acting,1,20,0.05,0.0112,4.464285714285714,4.464285714285714,False
43,tags,crime,3,20,0.15,0.03456,4.340277777777778,4.340277777777778,False
43,tags,thriller,3,20,0.15,0.03488,4.30045871559633,4.30045871559633,False
43,tags,mafia,1,20,0.05,0.01184,4.222972972972974,4.222972972972974,False
43,tags,great,2,20,0.1,0.02496,4.006410256410256,4.006410256410256,False
43,tags,good music,1,20,0.05,0.01248,4.006410256410256,4.006410256410256,False
43,tags,mob,1,20,0.05,0.01248,4.006410256410256,4.006410256410256,False
43,tags,plot twist,1,20,0.05,0.0128,3.90625,3.90625,False
43,tags,bleak,2,20,0.1,0.02624,3.810975609756098,3.810975609756098,False
43,tags,romantic,4,20,0.2,0.05568,3.591954022988506,3.591954022988506,False
43,tags,oscar (best supporting actor),2,20,0.1,0.02784,3.591954022988506,3.591954022988506,False
43,tags,funny as hell,1,20,0.05,0.01408,3.5511363636363638,3.5511363636363638,False
43,tags,wwii,1,20,0.05,0.0144,3.4722222222222223,3.4722222222222223,False
43,tags,organized crime,1,20,0.05,0.0144,3.4722222222222223,3.4722222222222223,False
43,tags,betrayal,1,20,0.05,0.01472,3.3967391304347827,3.3967391304347827,False
43,tags,love story,4,20,0.2,0.06368,3.14070351758794,3.14070351758794,False
43,genres,Musical,2,20,0.1,0.03392,2.94811320754717,2.94811320754717,False
43,tags,world war ii,1,20,0.05,0.01696,2.94811320754717,2.94811320754717,False
43,tags,insanity,1,20,0.05,0.01696,2.94811320754717,2.94811320754717,False
43,tags,social commentary,1,20,0.05,0.01696,2.94811320754717,2.94811320754717,False
43,tags,romantic comedy,2,20,0.1,0.03424,2.9205607476635516,2.9205607476635516,False
43,tags,musical,1,20,0.05,0.0176,2.840909090909091,2.840909090909091,False
43,tags,original,14,20,0.7,0.25024,2.7973145780051145,2.7973145780051145,False
43,tags,melancholic,2,20,0.1,0.0368,2.717391304347826,2.717391304347826,False
43,tags,stylized,1,20,0.05,0.01856,2.6939655172413794,2.6939655172413794,False
43,tags,satire,1,20,0.05,0.01856,2.6939655172413794,2.6939655172413794,False
43,genres,Crime,3,20,0.15,0.05696,2.633426966292135,2.633426966292135,False
43,tags,wartime,1,20,0.05,0.0192,2.604166666666667,2.604166666666667,False
43,tags,adventure,2,20,0.1,0.04,2.5,2.5,False
43,tags,based on a play,1,20,0.05,0.0208,2.403846153846154,2.403846153846154,False
43,tags,funniest movies,1,20,0.05,0.0208,2.403846153846154,2.403846153846154,False
43,tags,amazing cinematography,1,20,0.05,0.02112,2.3674242424242427,2.3674242424242427,False
43,tags,adapted from:book,3,20,0.15,0.06336,2.367424242424242,2.367424242424242,False
43,tags,loneliness,2,20,0.1,0.04288,2.332089552238806,2.332089552238806,False
43,tags,dramatic,3,20,0.15,0.06464,2.3205445544554455,2.3205445544554455,False
43,genres,War,2,20,0.1,0.0432,2.314814814814815,2.314814814814815,False
43,genres,Romance,6,20,0.3,0.13312,2.253605769230769,2.253605769230769,False
43,tags,cinematography,2,20,0.1,0.04448,2.248201438848921,2.248201438848921,False
43,genres,Thriller,6,20,0.3,0.14016,2.1404109589041096,2.1404109589041096,False
43,tags,fast paced,1,20,0.05,0.02368,2.111486486486487,2.111486486486487,False
43,tags,stylish,1,20,0.05,0.02368,2.111486486486487,2.111486486486487,False
43,tags,intimate,1,20,0.05,0.02624,1.905487804878049,1.905487804878049,False
43,tags,corruption,1,20,0.05,0.0272,1.8382352941176472,1.8382352941176472,False
43,tags,music,1,20,0.05,0.02752,1.8168604651162792,1.8168604651162792,False
43,tags,pornography,1,20,0.05,0.03296,1.5169902912621358,1.5169902912621358,False
43,tags,drama,2,20,0.1,0.06656,1.5024038461538465,1.5024038461538465,False
43,tags,hilarious,1,20,0.05,0.03584,1.3950892857142858,1.3950892857142858,False
43,tags,comedy,3,20,0.15,0.11168,1.3431232091690544,1.3431232091690544,False
43,tags,great movie,1,20,0.05,0.04352,1.1488970588235294,1.1488970588235294,False
43,tags,visually appealing,1,20,0.05,0.04416,1.1322463768115942,1.1322463768115942,False
43,tags,chase,1,20,0.05,0.0528,0.946969696969697,0.946969696969697,False
43,genres,Comedy,6,20,0.3,0.32224,0.9309831181727903,0.9309831181727903,False
43,tags,relationships,1,20,0.05,0.05376,0.9300595238095238,0.9300595238095238,False
43,tags,storytelling,1,20,0.05,0.05536,0.9031791907514451,0.9031791907514451,False
43,tags,based on a book,1,20,0.05,0.06656,0.7512019230769232,0.7512019230769232,False
43,genres,Adventure,1,20,0.05,0.08256,0.6056201550387598,0.6056201550387598,False
43,genres,Drama,4,20,0.2,0.39584,0.5052546483427648,0.5052546483427648,False
43,genres,Action,1,20,0.05,0.14528,0.3441629955947137,0.3441629955947137,False
44,tags,hannibal lecter,1,20,0.05,0.00032,156.25,156.25,False
44,tags,morality,1,20,0.05,0.00032,156.25,156.25,False
44,tags,suprisingly clever,3,20,0.15,0.00224,66.96428571428572,66.96428571428572,True
44,tags,oscar (best writing - screenplay written directly for the screen),3,20,0.15,0.00224,66.96428571428572,66.96428571428572,True
44,tags,good acting,15,20,0.75,0.0112,66.96428571428571,66.96428571428571,True
44,tags,nonlinear,2,20,0.1,0.0016,62.5,62.5,False
44,tags,complex characters,2,20,0.1,0.0016,62.5,62.5,False
44,tags,good dialogue,2,20,0.1,0.00192,52.083333333333336,52.083333333333336,False
44,tags,tarantino,2,20,0.1,0.00192,52.083333333333336,52.083333333333336,False
44,tags,minnesota,1,20,0.05,0.00096,52.083333333333336,52.083333333333336,False
44,tags,math,1,20,0.05,0.00096,52.083333333333336,52.083333333333336,False
44,tags,honest,1,20,0.05,0.00096,52.083333333333336,52.083333333333336,False
44,tags,guns,5,20,0.25,0.00512,48.82812499999999,48.82812499999999,False
44,tags,robbery,1,20,0.05,0.00128,39.0625,39.0625,False
44,tags,mathematics,1,20,0.05,0.00128,39.0625,39.0625,False
44,tags,money,1,20,0.05,0.00128,39.0625,39.0625,False
44,tags,interesting,17,20,0.85,0.02208,38.4963768115942,38.4963768115942,False
44,tags,foul language,4,20,0.2,0.00544,36.76470588235294,36.76470588235294,False
44,tags,crime gone awry,5,20,0.25,0.00704,35.51136363636363,35.51136363636363,False
44,tags,pulp,2,20,0.1,0.00288,34.72222222222222,34.72222222222222,False
44,tags,excellent,3,20,0.15,0.00448,33.48214285714286,33.48214285714286,False
44,tags,francis ford copolla,3,20,0.15,0.00448,33.48214285714286,33.48214285714286,False
44,tags,gratuitous violence,4,20,0.2,0.00608,32.89473684210526,32.89473684210526,False
44,tags,earnest,3,20,0.15,0.0048,31.25,31.25,False
44,tags,non-linear,2,20,0.1,0.0032,31.25,31.25,False
44,tags,entirely dialogue,1,20,0.05,0.0016,31.25,31.25,False
44,tags,plot,1,20,0.05,0.0016,31.25,31.25,False
44,tags,very good,1,20,0.05,0.0016,31.25,31.25,False
44,tags,genius,1,20,0.05,0.0016,31.25,31.25,False
44,tags,great dialogue,4,20,0.2,0.00672,29.761904761904763,29.761904761904763,False
44,tags,organized crime,8,20,0.4,0.0144,27.77777777777778,27.77777777777778,False
44,tags,anti-hero,3,20,0.15,0.00544,27.573529411764703,27.573529411764703,False
44,tags,coen brothers,1,20,0.05,0.00192,26.041666666666668,26.041666666666668,False
44,tags,tricky,1,20,0.05,0.00192,26.041666666666668,26.041666666666668,False
44,tags,psychiatrist,1,20,0.05,0.00192,26.041666666666668,26.041666666666668,False
44,tags,beautiful,1,20,0.05,0.00192,26.041666666666668,26.041666666666668,False
44,tags,oscar (best editing),3,20,0.15,0.00576,26.041666666666664,26.041666666666664,False
44,tags,visceral,10,20,0.5,0.01984,25.201612903225808,25.201612903225808,False
44,tags,coen bros,3,20,0.15,0.00608,24.671052631578945,24.671052631578945,False
44,tags,oscar (best actor),11,20,0.55,0.02304,23.87152777777778,23.87152777777778,False
44,tags,brutal,3,20,0.15,0.0064,23.437499999999996,23.437499999999996,False
44,tags,excellent script,19,20,0.95,0.04128,23.01356589147287,23.01356589147287,False
44,tags,great ending,16,20,0.8,0.03776,21.1864406779661,21.1864406779661,False
44,tags,powerful ending,8,20,0.4,0.01888,21.1864406779661,21.1864406779661,False
44,tags,highly quotable,5,20,0.25,0.01184,21.114864864864867,21.114864864864867,False
44,tags,exceptional acting,4,20,0.2,0.0096,20.833333333333336,20.833333333333336,False
44,tags,gangster,5,20,0.25,0.01216,20.559210526315788,20.559210526315788,False
44,tags,twist,3,20,0.15,0.00736,20.380434782608695,20.380434782608695,False
44,tags,mob,5,20,0.25,0.01248,20.03205128205128,20.03205128205128,False
44,tags,gruesome,2,20,0.1,0.00512,19.53125,19.53125,False
44,tags,realistic,2,20,0.1,0.00512,19.53125,19.53125,False
44,tags,spielberg,2,20,0.1,0.00512,19.53125,19.53125,False
44,tags,cannibalism,1,20,0.05,0.00256,19.53125,19.53125,False
44,tags,boston,1,20,0.05,0.00256,19.53125,19.53125,False
44,tags,jewish,1,20,0.05,0.00256,19.53125,19.53125,False
44,tags,midlife crisis,1,20,0.05,0.00256,19.53125,19.53125,False
44,tags,surprise ending,3,20,0.15,0.008,18.75,18.75,False
44,tags,complicated plot,2,20,0.1,0.00544,18.38235294117647,18.38235294117647,False
44,tags,hit men,5,20,0.25,0.01376,18.16860465116279,18.16860465116279,False
44,tags,crime,12,20,0.6,0.03456,17.36111111111111,17.36111111111111,False
44,tags,complicated,4,20,0.2,0.01152,17.36111111111111,17.36111111111111,False
44,tags,rags to riches,2,20,0.1,0.00576,17.36111111111111,17.36111111111111,False
44,tags,blood,1,20,0.05,0.00288,17.36111111111111,17.36111111111111,False
44,tags,con men,1,20,0.05,0.00288,17.36111111111111,17.36111111111111,False
44,tags,freedom,1,20,0.05,0.00288,17.36111111111111,17.36111111111111,False
44,tags,bank robbery,1,20,0.05,0.00288,17.36111111111111,17.36111111111111,False
44,tags,genocide,1,20,0.05,0.00288,17.36111111111111,17.36111111111111,False
44,tags,boxing,1,20,0.05,0.00288,17.36111111111111,17.36111111111111,False
44,tags,heist,4,20,0.2,0.01184,16.891891891891895,16.891891891891895,False
44,tags,oscar (best picture),11,20,0.55,0.03296,16.686893203883496,16.686893203883496,False
44,tags,oscar (best supporting actor),9,20,0.45,0.02784,16.163793103448278,16.163793103448278,False
44,tags,dialogue driven,3,20,0.15,0.00928,16.163793103448274,16.163793103448274,False
44,tags,compassionate,3,20,0.15,0.00928,16.163793103448274,16.163793103448274,False
44,tags,great movie,14,20,0.7,0.04352,16.08455882352941,16.08455882352941,False
44,tags,violent,12,20,0.6,0.03744,16.025641025641026,16.025641025641026,False
44,tags,neo-noir,4,20,0.2,0.01248,16.025641025641026,16.025641025641026,False
44,tags,plot twist,4,20,0.2,0.0128,15.625,15.625,False
44,tags,inspirational,2,20,0.1,0.0064,15.625,15.625,False
44,tags,los angeles,2,20,0.1,0.0064,15.625,15.625,False
44,tags,grim,2,20,0.1,0.0064,15.625,15.625,False
44,tags,multiple storylines,1,20,0.05,0.0032,15.625,15.625,False
44,tags,philosophy,1,20,0.05,0.0032,15.625,15.625,False
44,tags,anti-semitism,1,20,0.05,0.0032,15.625,15.625,False
44,tags,psychiatry,2,20,0.1,0.00672,14.880952380952381,14.880952380952381,False
44,tags,afi 100 (movie quotes),2,20,0.1,0.00672,14.880952380952381,14.880952380952381,False
44,tags,bloody,3,20,0.15,0.01024,14.648437499999998,14.648437499999998,False
44,tags,mental illness,2,20,0.1,0.00704,14.204545454545455,14.204545454545455,False
44,tags,photography,1,20,0.05,0.00352,14.204545454545455,14.204545454545455,False
44,tags,suburbia,1,20,0.05,0.00352,14.204545454545455,14.204545454545455,False
44,tags,gangsters,6,20,0.3,0.02176,13.786764705882351,13.786764705882351,False
44,tags,manipulation,3,20,0.15,0.0112,13.392857142857142,13.392857142857142,False
44,tags,paranoid,1,20,0.05,0.00384,13.020833333333334,13.020833333333334,False
44,tags,poland,1,20,0.05,0.00384,13.020833333333334,13.020833333333334,False
44,tags,complex,6,20,0.3,0.02304,13.020833333333332,13.020833333333332,False
44,tags,oscar winner,4,20,0.2,0.01568,12.755102040816327,12.755102040816327,False
44,tags,stylish,6,20,0.3,0.02368,12.66891891891892,12.66891891891892,False
44,tags,mafia,3,20,0.15,0.01184,12.66891891891892,12.66891891891892,False
44,tags,brutality,7,20,0.35,0.02784,12.57183908045977,12.57183908045977,False
44,tags,dark humor,6,20,0.3,0.024,12.5,12.5,False
44,tags,psychology,4,20,0.2,0.016,12.5,12.5,False
44,tags,caper,2,20,0.1,0.008,12.5,12.5,False
44,tags,violence,12,20,0.6,0.04832,12.417218543046356,12.417218543046356,False
44,tags,cult,1,20,0.05,0.00416,12.019230769230772,12.019230769230772,False
44,tags,great soundtrack,1,20,0.05,0.00416,12.019230769230772,12.019230769230772,False
44,tags,narrated,5,20,0.25,0.0208,12.01923076923077,12.01923076923077,False
44,tags,great acting,20,20,1.0,0.08448,11.837121212121213,11.837121212121213,False
44,tags,storytelling,13,20,0.65,0.05536,11.741329479768787,11.741329479768787,False
44,tags,ensemble cast,3,20,0.15,0.01312,11.432926829268293,11.432926829268293,False
44,tags,clever,3,20,0.15,0.01312,11.432926829268293,11.432926829268293,False
44,tags,masterpiece,15,20,0.75,0.0672,11.160714285714286,11.160714285714286,False
44,tags,1950s,1,20,0.05,0.00448,11.160714285714286,11.160714285714286,False
44,tags,prostitution,1,20,0.05,0.00448,11.160714285714286,11.160714285714286,False
44,tags,life,1,20,0.05,0.00448,11.160714285714286,11.160714285714286,False
44,tags,twists & turns,8,20,0.4,0.03648,10.964912280701755,10.964912280701755,False
44,tags,good soundtrack,11,20,0.55,0.05056,10.878164556962027,10.878164556962027,False
44,tags,good,8,20,0.4,0.0368,10.869565217391305,10.869565217391305,False
44,tags,stylized,4,20,0.2,0.01856,10.775862068965518,10.775862068965518,False
44,tags,twist ending,2,20,0.1,0.00928,10.775862068965518,10.775862068965518,False
44,tags,justice,2,20,0.1,0.00928,10.775862068965518,10.775862068965518,False
44,tags,intense,6,20,0.3,0.02784,10.775862068965516,10.775862068965516,False
44,tags,noir thriller,3,20,0.15,0.01408,10.65340909090909,10.65340909090909,False
44,tags,gritty,1,20,0.05,0.0048,10.416666666666668,10.416666666666668,False
44,tags,great music,1,20,0.05,0.0048,10.416666666666668,10.416666666666668,False
44,tags,mindfuck,1,20,0.05,0.0048,10.416666666666668,10.416666666666668,False
44,tags,vigilantism,1,20,0.05,0.0048,10.416666666666668,10.416666666666668,False
44,tags,oscar (best directing),15,20,0.75,0.07264,10.32488986784141,10.32488986784141,False
44,tags,oscar (best actress),11,20,0.55,0.05504,9.992732558139537,9.992732558139537,False
44,tags,police investigation,6,20,0.3,0.03008,9.97340425531915,9.97340425531915,False
44,tags,disturbing,3,20,0.15,0.01536,9.765625,9.765625,False
44,tags,afi 100,2,20,0.1,0.01024,9.765625,9.765625,False
44,tags,parenthood,1,20,0.05,0.00512,9.765625,9.765625,False
44,tags,imdb top 250,19,20,0.95,0.09824,9.670195439739414,9.670195439739414,False
44,genres,Crime,11,20,0.55,0.05696,9.655898876404496,9.655898876404496,False
44,tags,amazing cinematography,4,20,0.2,0.02112,9.46969696969697,9.46969696969697,False
44,tags,investigation,3,20,0.15,0.016,9.375,9.375,False
44,tags,oscar,5,20,0.25,0.0272,9.191176470588236,9.191176470588236,False
44,tags,disability,1,20,0.05,0.00544,9.191176470588236,9.191176470588236,False
44,tags,golden palm,3,20,0.15,0.01632,9.191176470588234,9.191176470588234,False
44,tags,drama,12,20,0.6,0.06656,9.014423076923077,9.014423076923077,False
44,tags,sentimental,3,20,0.15,0.01664,9.014423076923077,9.014423076923077,False
44,tags,insanity,3,20,0.15,0.01696,8.84433962264151,8.84433962264151,False
44,tags,us history,2,20,0.1,0.01152,8.680555555555555,8.680555555555555,False
44,tags,police corruption,1,20,0.05,0.00576,8.680555555555555,8.680555555555555,False
44,tags,holocaust,1,20,0.05,0.00576,8.680555555555555,8.680555555555555,False
44,tags,heartwarming,2,20,0.1,0.01184,8.445945945945947,8.445945945945947,False
44,tags,political corruption,1,20,0.05,0.00608,8.223684210526315,8.223684210526315,False
44,tags,realistic action,1,20,0.05,0.00608,8.223684210526315,8.223684210526315,False
44,tags,intellectual,1,20,0.05,0.00608,8.223684210526315,8.223684210526315,False
44,tags,greed,4,20,0.2,0.02464,8.116883116883118,8.116883116883118,False
44,tags,prison,1,20,0.05,0.0064,7.8125,7.8125,False
44,tags,sacrifice,1,20,0.05,0.0064,7.8125,7.8125,False
44,tags,nocturnal,1,20,0.05,0.0064,7.8125,7.8125,False
44,tags,thought-provoking,1,20,0.05,0.0064,7.8125,7.8125,False
44,tags,based on true story,3,20,0.15,0.01984,7.560483870967742,7.560483870967742,False
44,tags,quotable,4,20,0.2,0.02688,7.440476190476191,7.440476190476191,False
44,tags,new york,1,20,0.05,0.00672,7.440476190476191,7.440476190476191,False
44,tags,dialogue,4,20,0.2,0.02752,7.267441860465117,7.267441860465117,False
44,tags,cool,2,20,0.1,0.01408,7.1022727272727275,7.1022727272727275,False
44,tags,detective,2,20,0.1,0.01408,7.1022727272727275,7.1022727272727275,False
44,tags,absurd,1,20,0.05,0.00704,7.1022727272727275,7.1022727272727275,False
44,tags,dark comedy,1,20,0.05,0.00704,7.1022727272727275,7.1022727272727275,False
44,tags,kidnapping,1,20,0.05,0.00704,7.1022727272727275,7.1022727272727275,False
44,tags,story,4,20,0.2,0.02848,7.02247191011236,7.02247191011236,False
44,tags,character study,3,20,0.15,0.02144,6.996268656716418,6.996268656716418,False
44,tags,wwii,2,20,0.1,0.0144,6.944444444444445,6.944444444444445,False
44,tags,betrayal,2,20,0.1,0.01472,6.793478260869565,6.793478260869565,False
44,tags,undercover cop,1,20,0.05,0.00736,6.793478260869565,6.793478260869565,False
44,tags,amazing photography,1,20,0.05,0.00736,6.793478260869565,6.793478260869565,False
44,tags,heartbreaking,1,20,0.05,0.00736,6.793478260869565,6.793478260869565,False
44,tags,depression,1,20,0.05,0.00736,6.793478260869565,6.793478260869565,False
44,tags,gory,2,20,0.1,0.01504,6.6489361702127665,6.6489361702127665,False
44,tags,based on book,5,20,0.25,0.03872,6.456611570247934,6.456611570247934,False
44,tags,courage,2,20,0.1,0.01568,6.377551020408164,6.377551020408164,False
44,tags,sexualized violence,1,20,0.05,0.008,6.25,6.25,False
44,tags,black comedy,1,20,0.05,0.008,6.25,6.25,False
44,tags,prison escape,1,20,0.05,0.008,6.25,6.25,False
44,tags,war movie,1,20,0.05,0.008,6.25,6.25,False
44,tags,vigilante,1,20,0.05,0.008,6.25,6.25,False
44,tags,jews,1,20,0.05,0.008,6.25,6.25,False
44,tags,psychological,3,20,0.15,0.02464,6.087662337662338,6.087662337662338,False
44,tags,nazi,1,20,0.05,0.00832,6.009615384615386,6.009615384615386,False
44,tags,great,3,20,0.15,0.02496,6.009615384615384,6.009615384615384,False
44,tags,world war ii,2,20,0.1,0.01696,5.89622641509434,5.89622641509434,False
44,tags,social commentary,2,20,0.1,0.01696,5.89622641509434,5.89622641509434,False
44,tags,downbeat,2,20,0.1,0.01696,5.89622641509434,5.89622641509434,False
44,tags,mystery,2,20,0.1,0.01728,5.787037037037037,5.787037037037037,False
44,tags,history,2,20,0.1,0.01728,5.787037037037037,5.787037037037037,False
44,tags,new york city,1,20,0.05,0.00864,5.787037037037037,5.787037037037037,False
44,tags,cinematography,5,20,0.25,0.04448,5.620503597122302,5.620503597122302,False
44,tags,frightening,1,20,0.05,0.00896,5.580357142857143,5.580357142857143,False
44,tags,literature,1,20,0.05,0.00896,5.580357142857143,5.580357142857143,False
44,tags,cynical,1,20,0.05,0.00896,5.580357142857143,5.580357142857143,False
44,tags,corruption,3,20,0.15,0.0272,5.514705882352941,5.514705882352941,False
44,tags,oscar (best supporting actress),2,20,0.1,0.01856,5.387931034482759,5.387931034482759,False
44,tags,moral ambiguity,1,20,0.05,0.00928,5.387931034482759,5.387931034482759,False
44,tags,long,1,20,0.05,0.00928,5.387931034482759,5.387931034482759,False
44,tags,suspense,6,20,0.3,0.05568,5.387931034482758,5.387931034482758,False
44,tags,touching,3,20,0.15,0.02816,5.326704545454545,5.326704545454545,False
44,tags,oscar (best cinematography),3,20,0.15,0.02816,5.326704545454545,5.326704545454545,False
44,tags,war,2,20,0.1,0.01888,5.296610169491525,5.296610169491525,False
44,tags,sexuality,1,20,0.05,0.0096,5.208333333333334,5.208333333333334,False
44,tags,suspenseful,4,20,0.2,0.03968,5.040322580645162,5.040322580645162,False
44,tags,tragedy,1,20,0.05,0.00992,5.040322580645162,5.040322580645162,False
44,tags,unlikely friendships,3,20,0.15,0.02976,5.040322580645161,5.040322580645161,False
44,tags,mentor,7,20,0.35,0.07168,4.8828125,4.8828125,False
44,tags,friendship,3,20,0.15,0.03072,4.8828125,4.8828125,False
44,tags,dark,2,20,0.1,0.02144,4.664179104477612,4.664179104477612,False
44,tags,conspiracy,2,20,0.1,0.02176,4.595588235294118,4.595588235294118,False
44,tags,serial killer,2,20,0.1,0.02176,4.595588235294118,4.595588235294118,False
44,tags,visually appealing,4,20,0.2,0.04416,4.528985507246377,4.528985507246377,False
44,tags,vengeance,2,20,0.1,0.02208,4.528985507246377,4.528985507246377,False
44,tags,tense,5,20,0.25,0.05536,4.515895953757226,4.515895953757226,False
44,tags,police,1,20,0.05,0.0112,4.464285714285714,4.464285714285714,False
44,tags,historical,2,20,0.1,0.02272,4.401408450704225,4.401408450704225,False
44,tags,quirky,1,20,0.05,0.01152,4.340277777777778,4.340277777777778,False
44,tags,film noir,1,20,0.05,0.01152,4.340277777777778,4.340277777777778,False
44,tags,thriller,3,20,0.15,0.03488,4.30045871559633,4.30045871559633,False
44,tags,fast paced,2,20,0.1,0.02368,4.222972972972974,4.222972972972974,False
44,tags,small town,2,20,0.1,0.02368,4.222972972972974,4.222972972972974,False
44,tags,based on a true story,1,20,0.05,0.01184,4.222972972972974,4.222972972972974,False
44,tags,noir,1,20,0.05,0.01216,4.1118421052631575,4.1118421052631575,False
44,tags,ominous,1,20,0.05,0.01216,4.1118421052631575,4.1118421052631575,False
44,genres,Film-Noir,1,20,0.05,0.01248,4.006410256410256,4.006410256410256,False
44,tags,atmospheric,1,20,0.05,0.01248,4.006410256410256,4.006410256410256,False
44,tags,classic,6,20,0.3,0.0752,3.9893617021276593,3.9893617021276593,False
44,tags,murder,4,20,0.2,0.05024,3.980891719745223,3.980891719745223,False
44,tags,adapted from:book,5,20,0.25,0.06336,3.945707070707071,3.945707070707071,False
44,tags,dramatic,5,20,0.25,0.06464,3.8675742574257423,3.8675742574257423,False
44,tags,redemption,1,20,0.05,0.01312,3.810975609756098,3.810975609756098,False
44,tags,black and white,2,20,0.1,0.02656,3.7650602409638556,3.7650602409638556,False
44,tags,cult film,2,20,0.1,0.02688,3.7202380952380953,3.7202380952380953,False
44,tags,best war films,1,20,0.05,0.01376,3.6337209302325584,3.6337209302325584,False
44,tags,biography,1,20,0.05,0.01376,3.6337209302325584,3.6337209302325584,False
44,genres,Thriller,10,20,0.5,0.14016,3.567351598173516,3.567351598173516,False
44,tags,loneliness,3,20,0.15,0.04288,3.498134328358209,3.498134328358209,False
44,tags,nazis,1,20,0.05,0.01472,3.3967391304347827,3.3967391304347827,False
44,tags,original,17,20,0.85,0.25024,3.3967391304347823,3.3967391304347823,False
44,tags,poignant,1,20,0.05,0.01504,3.3244680851063833,3.3244680851063833,False
44,tags,obsession,2,20,0.1,0.03104,3.2216494845360826,3.2216494845360826,False
44,tags,happy ending,1,20,0.05,0.016,3.125,3.125,False
44,tags,biopic,1,20,0.05,0.01664,3.004807692307693,3.004807692307693,False
44,tags,biographical,1,20,0.05,0.01664,3.004807692307693,3.004807692307693,False
44,tags,drugs,1,20,0.05,0.01728,2.8935185185185186,2.8935185185185186,False
44,tags,creepy,2,20,0.1,0.03488,2.86697247706422,2.86697247706422,False
44,tags,sports,1,20,0.05,0.01792,2.7901785714285716,2.7901785714285716,False
44,tags,melancholic,2,20,0.1,0.0368,2.717391304347826,2.717391304347826,False
44,tags,bittersweet,1,20,0.05,0.01888,2.6483050847457625,2.6483050847457625,False
44,tags,independent film,1,20,0.05,0.0192,2.604166666666667,2.604166666666667,False
44,tags,wartime,1,20,0.05,0.0192,2.604166666666667,2.604166666666667,False
44,tags,enigmatic,2,20,0.1,0.04064,2.4606299212598426,2.4606299212598426,False
44,tags,true story,1,20,0.05,0.0208,2.403846153846154,2.403846153846154,False
44,genres,War,2,20,0.1,0.0432,2.314814814814815,2.314814814814815,False
44,tags,weird,2,20,0.1,0.0448,2.232142857142857,2.232142857142857,False
44,tags,cult classic,2,20,0.1,0.04608,2.170138888888889,2.170138888888889,False
44,tags,murder mystery,1,20,0.05,0.02368,2.111486486486487,2.111486486486487,False
44,tags,visually stunning,1,20,0.05,0.02528,1.9778481012658229,1.9778481012658229,False
44,tags,gunfight,1,20,0.05,0.0256,1.953125,1.953125,False
44,tags,reflective,1,20,0.05,0.02592,1.9290123456790125,1.9290123456790125,False
44,tags,bleak,1,20,0.05,0.02624,1.905487804878049,1.905487804878049,False
44,tags,talky,2,20,0.1,0.05312,1.8825301204819278,1.8825301204819278,False
44,tags,good sequel,1,20,0.05,0.02656,1.8825301204819278,1.8825301204819278,False
44,tags,relationships,2,20,0.1,0.05376,1.8601190476190477,1.8601190476190477,False
44,tags,sequel,1,20,0.05,0.02784,1.795977011494253,1.795977011494253,False
44,tags,feel-good,1,20,0.05,0.02784,1.795977011494253,1.795977011494253,False
44,genres,Drama,14,20,0.7,0.39584,1.7683912691996764,1.7683912691996764,False
44,tags,sequels,1,20,0.05,0.0288,1.7361111111111112,1.7361111111111112,False
44,tags,childhood,1,20,0.05,0.0304,1.6447368421052633,1.6447368421052633,False
44,genres,Mystery,1,20,0.05,0.03072,1.6276041666666667,1.6276041666666667,False
44,tags,beautifully filmed,1,20,0.05,0.032,1.5625,1.5625,False
44,tags,based on a book,2,20,0.1,0.06656,1.5024038461538465,1.5024038461538465,False
44,genres,Action,4,20,0.2,0.14528,1.3766519823788548,1.3766519823788548,False
44,tags,criterion,2,20,0.1,0.07456,1.3412017167381975,1.3412017167381975,False
44,tags,action,2,20,0.1,0.07968,1.2550200803212852,1.2550200803212852,False
44,tags,family,1,20,0.05,0.05152,0.9704968944099379,0.9704968944099379,False
44,tags,horror,1,20,0.05,0.064,0.78125,0.78125,False
44,genres,Comedy,1,20,0.05,0.32224,0.1551638530287984,0.1551638530287984,False
45,tags,shopping,3,20,0.15,0.00096,156.25,156.25,True
45,tags,good romantic comedies,9,20,0.45,0.00704,63.92045454545455,63.92045454545455,True
45,tags,sappy,1,20,0.05,0.00096,52.083333333333336,52.083333333333336,False
45,tags,wedding,2,20,0.1,0.00224,44.642857142857146,44.642857142857146,True
45,tags,spelling bee,1,20,0.05,0.00128,39.0625,39.0625,False
45,tags,girlie movie,16,20,0.8,0.02272,35.2112676056338,35.2112676056338,False
45,tags,very good,1,20,0.05,0.0016,31.25,31.25,False
45,tags,family bonds,1,20,0.05,0.0016,31.25,31.25,False
45,tags,happy ending,9,20,0.45,0.016,28.125,28.125,False
45,tags,chick flick,16,20,0.8,0.03136,25.510204081632654,25.510204081632654,False
45,tags,feel good movie,7,20,0.35,0.0144,24.305555555555554,24.305555555555554,False
45,tags,internet,1,20,0.05,0.00224,22.321428571428573,22.321428571428573,False
45,tags,ghosts/afterlife,1,20,0.05,0.00224,22.321428571428573,22.321428571428573,False
45,tags,sweet,8,20,0.4,0.01856,21.551724137931036,21.551724137931036,False
45,tags,feel-good,12,20,0.6,0.02784,21.551724137931032,21.551724137931032,False
45,tags,romantic comedy,14,20,0.7,0.03424,20.44392523364486,20.44392523364486,False
45,tags,cute!,2,20,0.1,0.00512,19.53125,19.53125,False
45,tags,afterlife,1,20,0.05,0.00256,19.53125,19.53125,False
45,tags,catastrophe,1,20,0.05,0.00256,19.53125,19.53125,False
45,tags,romance,15,20,0.75,0.03904,19.211065573770494,19.211065573770494,False
45,tags,destiny,9,20,0.45,0.024,18.75,18.75,False
45,tags,cute,3,20,0.15,0.00864,17.36111111111111,17.36111111111111,False
45,tags,classical music,1,20,0.05,0.00288,17.36111111111111,17.36111111111111,False
45,tags,oscar winner,5,20,0.25,0.01568,15.943877551020408,15.943877551020408,False
45,tags,inspirational,2,20,0.1,0.0064,15.625,15.625,False
45,tags,sentimental,5,20,0.25,0.01664,15.024038461538463,15.024038461538463,False
45,tags,predictable,2,20,0.1,0.00672,14.880952380952381,14.880952380952381,False
45,tags,tear jerker,2,20,0.1,0.00704,14.204545454545455,14.204545454545455,False
45,tags,baseball,1,20,0.05,0.00352,14.204545454545455,14.204545454545455,False
45,tags,romantic,15,20,0.75,0.05568,13.469827586206897,13.469827586206897,False
45,tags,football,1,20,0.05,0.00384,13.020833333333334,13.020833333333334,False
45,tags,teacher,1,20,0.05,0.00384,13.020833333333334,13.020833333333334,False
45,tags,divorce,1,20,0.05,0.00416,12.019230769230772,12.019230769230772,False
45,tags,love story,15,20,0.75,0.06368,11.777638190954773,11.777638190954773,False
45,tags,prostitution,1,20,0.05,0.00448,11.160714285714286,11.160714285714286,False
45,tags,life,1,20,0.05,0.00448,11.160714285714286,11.160714285714286,False
45,tags,single father,1,20,0.05,0.0048,10.416666666666668,10.416666666666668,False
45,tags,earnest,1,20,0.05,0.0048,10.416666666666668,10.416666666666668,False
45,tags,fairy tales,1,20,0.05,0.0048,10.416666666666668,10.416666666666668,False
45,tags,inspiring,1,20,0.05,0.0048,10.416666666666668,10.416666666666668,False
45,tags,women,3,20,0.15,0.01568,9.566326530612244,9.566326530612244,False
45,tags,disability,1,20,0.05,0.00544,9.191176470588236,9.191176470588236,False
45,tags,rags to riches,1,20,0.05,0.00576,8.680555555555555,8.680555555555555,False
45,tags,london,1,20,0.05,0.00576,8.680555555555555,8.680555555555555,False
45,tags,president,1,20,0.05,0.00576,8.680555555555555,8.680555555555555,False
45,tags,heartwarming,2,20,0.1,0.01184,8.445945945945947,8.445945945945947,False
45,tags,nostalgic,2,20,0.1,0.01216,8.223684210526315,8.223684210526315,False
45,tags,cross dressing,1,20,0.05,0.00608,8.223684210526315,8.223684210526315,False
45,tags,fighting the system,1,20,0.05,0.0064,7.8125,7.8125,False
45,tags,oscar,4,20,0.2,0.0272,7.352941176470589,7.352941176470589,False
45,tags,british,2,20,0.1,0.01408,7.1022727272727275,7.1022727272727275,False
45,tags,pg-13,1,20,0.05,0.00704,7.1022727272727275,7.1022727272727275,False
45,tags,shakespeare,1,20,0.05,0.00704,7.1022727272727275,7.1022727272727275,False
45,tags,love,5,20,0.25,0.03616,6.913716814159293,6.913716814159293,False
45,tags,good,5,20,0.25,0.0368,6.793478260869565,6.793478260869565,False
45,tags,fairy tale,2,20,0.1,0.01504,6.6489361702127665,6.6489361702127665,False
45,genres,Romance,16,20,0.8,0.13312,6.009615384615386,6.009615384615386,False
45,tags,drama,8,20,0.4,0.06656,6.009615384615386,6.009615384615386,False
45,tags,world politics,1,20,0.05,0.00832,6.009615384615386,6.009615384615386,False
45,tags,sports,2,20,0.1,0.01792,5.580357142857143,5.580357142857143,False
45,tags,ghosts,1,20,0.05,0.00896,5.580357142857143,5.580357142857143,False
45,tags,literature,1,20,0.05,0.00896,5.580357142857143,5.580357142857143,False
45,tags,oscar (best supporting actress),2,20,0.1,0.01856,5.387931034482759,5.387931034482759,False
45,tags,natural disaster,1,20,0.05,0.00928,5.387931034482759,5.387931034482759,False
45,tags,remake,1,20,0.05,0.00928,5.387931034482759,5.387931034482759,False
45,tags,touching,3,20,0.15,0.02816,5.326704545454545,5.326704545454545,False
45,tags,bittersweet,2,20,0.1,0.01888,5.296610169491525,5.296610169491525,False
45,tags,dog,1,20,0.05,0.0096,5.208333333333334,5.208333333333334,False
45,tags,courtroom,1,20,0.05,0.00992,5.040322580645162,5.040322580645162,False
45,tags,costume drama,1,20,0.05,0.01024,4.8828125,4.8828125,False
45,tags,passionate,1,20,0.05,0.01024,4.8828125,4.8828125,False
45,tags,artistic,1,20,0.05,0.01056,4.734848484848485,4.734848484848485,False
45,tags,relationships,5,20,0.25,0.05376,4.650297619047619,4.650297619047619,False
45,tags,oscar (best picture),3,20,0.15,0.03296,4.550970873786407,4.550970873786407,False
45,tags,magic,1,20,0.05,0.0112,4.464285714285714,4.464285714285714,False
45,tags,epic,1,20,0.05,0.0112,4.464285714285714,4.464285714285714,False
45,tags,witty,1,20,0.05,0.0112,4.464285714285714,4.464285714285714,False
45,tags,historical,2,20,0.1,0.02272,4.401408450704225,4.401408450704225,False
45,tags,us history,1,20,0.05,0.01152,4.340277777777778,4.340277777777778,False
45,tags,england,1,20,0.05,0.01152,4.340277777777778,4.340277777777778,False
45,tags,based on a true story,1,20,0.05,0.01184,4.222972972972974,4.222972972972974,False
45,tags,lawyers,1,20,0.05,0.01216,4.1118421052631575,4.1118421052631575,False
45,tags,death,1,20,0.05,0.01248,4.006410256410256,4.006410256410256,False
45,tags,good music,1,20,0.05,0.01248,4.006410256410256,4.006410256410256,False
45,tags,quotable,2,20,0.1,0.02688,3.7202380952380953,3.7202380952380953,False
45,tags,excellent script,3,20,0.15,0.04128,3.6337209302325584,3.6337209302325584,False
45,tags,beautiful scenery,1,20,0.05,0.01408,3.5511363636363638,3.5511363636363638,False
45,tags,musicians,1,20,0.05,0.0144,3.4722222222222223,3.4722222222222223,False
45,tags,oscar (best directing),5,20,0.25,0.07264,3.441629955947137,3.441629955947137,False
45,tags,politics,1,20,0.05,0.01472,3.3967391304347827,3.3967391304347827,False
45,tags,lawyer,1,20,0.05,0.01504,3.3244680851063833,3.3244680851063833,False
45,tags,period piece,1,20,0.05,0.01536,3.2552083333333335,3.2552083333333335,False
45,tags,gay character,1,20,0.05,0.01568,3.188775510204082,3.188775510204082,False
45,tags,political,1,20,0.05,0.01568,3.188775510204082,3.188775510204082,False
45,tags,rock and roll,1,20,0.05,0.016,3.125,3.125,False
45,tags,biographical,1,20,0.05,0.01664,3.004807692307693,3.004807692307693,False
45,tags,world war ii,1,20,0.05,0.01696,2.94811320754717,2.94811320754717,False
45,tags,supernatural,1,20,0.05,0.01728,2.8935185185185186,2.8935185185185186,False
45,tags,history,1,20,0.05,0.01728,2.8935185185185186,2.8935185185185186,False
45,tags,life & death,1,20,0.05,0.0176,2.840909090909091,2.840909090909091,False
45,tags,mentor,4,20,0.2,0.07168,2.7901785714285716,2.7901785714285716,False
45,tags,wartime,1,20,0.05,0.0192,2.604166666666667,2.604166666666667,False
45,tags,based on true story,1,20,0.05,0.01984,2.520161290322581,2.520161290322581,False
45,tags,gay,1,20,0.05,0.0208,2.403846153846154,2.403846153846154,False
45,tags,narrated,1,20,0.05,0.0208,2.403846153846154,2.403846153846154,False
45,tags,true story,1,20,0.05,0.0208,2.403846153846154,2.403846153846154,False
45,tags,based on a play,1,20,0.05,0.0208,2.403846153846154,2.403846153846154,False
45,tags,great acting,4,20,0.2,0.08448,2.3674242424242427,2.3674242424242427,False
45,genres,Comedy,15,20,0.75,0.32224,2.327457795431976,2.327457795431976,False
45,tags,fantasy,1,20,0.05,0.02176,2.297794117647059,2.297794117647059,False
45,tags,high school,1,20,0.05,0.0224,2.232142857142857,2.232142857142857,False
45,tags,oscar (best actor),1,20,0.05,0.02304,2.170138888888889,2.170138888888889,False
45,tags,small town,1,20,0.05,0.02368,2.111486486486487,2.111486486486487,False
45,tags,greed,1,20,0.05,0.02464,2.0292207792207795,2.0292207792207795,False
45,tags,family,2,20,0.1,0.05152,1.9409937888198758,1.9409937888198758,False
45,tags,big budget,1,20,0.05,0.02592,1.9290123456790125,1.9290123456790125,False
45,tags,oscar (best actress),2,20,0.1,0.05504,1.8168604651162792,1.8168604651162792,False
45,tags,music,1,20,0.05,0.02752,1.8168604651162792,1.8168604651162792,False
45,tags,oscar (best supporting actor),1,20,0.05,0.02784,1.795977011494253,1.795977011494253,False
45,tags,oscar (best cinematography),1,20,0.05,0.02816,1.7755681818181819,1.7755681818181819,False
45,tags,story,1,20,0.05,0.02848,1.75561797752809,1.75561797752809,False
45,tags,unlikely friendships,1,20,0.05,0.02976,1.6801075268817205,1.6801075268817205,False
45,tags,childhood,1,20,0.05,0.0304,1.6447368421052633,1.6447368421052633,False
45,tags,children,1,20,0.05,0.03104,1.6108247422680413,1.6108247422680413,False
45,tags,based on book,1,20,0.05,0.03872,1.2913223140495869,1.2913223140495869,False
45,genres,War,1,20,0.05,0.0432,1.1574074074074074,1.1574074074074074,False
45,tags,great movie,1,20,0.05,0.04352,1.1488970588235294,1.1488970588235294,False
45,tags,funny,1,20,0.05,0.04832,1.03476821192053,1.03476821192053,False
45,tags,chase,1,20,0.05,0.0528,0.946969696969697,0.946969696969697,False
45,tags,special effects,1,20,0.05,0.05408,0.9245562130177515,0.9245562130177515,False
45,tags,suspense,1,20,0.05,0.05568,0.8979885057471265,0.8979885057471265,False
45,tags,comedy,2,20,0.1,0.11168,0.8954154727793696,0.8954154727793696,False
45,genres,Drama,7,20,0.35,0.39584,0.8841956345998382,0.8841956345998382,False
45,tags,dramatic,1,20,0.05,0.06464,0.7735148514851485,0.7735148514851485,False
45,tags,imdb top 250,1,20,0.05,0.09824,0.508957654723127,0.508957654723127,False
45,genres,Thriller,1,20,0.05,0.14016,0.3567351598173516,0.3567351598173516,False
45,tags,original,1,20,0.05,0.25024,0.19980818414322252,0.19980818414322252,False
46,tags,shopping,3,20,0.15,0.00096,156.25,156.25,True
46,tags,good romantic comedies,9,20,0.45,0.00704,63.92045454545455,63.92045454545455,True
46,tags,sappy,1,20,0.05,0.00096,52.083333333333336,52.083333333333336,False
46,tags,wedding,2,20,0.1,0.00224,44.642857142857146,44.642857142857146,True
46,tags,spelling bee,1,20,0.05,0.00128,39.0625,39.0625,False
46,tags,girlie movie,16,20,0.8,0.02272,35.2112676056338,35.2112676056338,False
46,tags,very good,1,20,0.05,0.0016,31.25,31.25,False
46,tags,family bonds,1,20,0.05,0.0016,31.25,31.25,False
46,tags,happy ending,9,20,0.45,0.016,28.125,28.125,False
46,tags,chick flick,16,20,0.8,0.03136,25.510204081632654,25.510204081632654,False
46,tags,feel good movie,7,20,0.35,0.0144,24.305555555555554,24.305555555555554,False
46,tags,internet,1,20,0.05,0.00224,22.321428571428573,22.321428571428573,False
46,tags,ghosts/afterlife,1,20,0.05,0.00224,22.321428571428573,22.321428571428573,False
46,tags,sweet,8,20,0.4,0.01856,21.551724137931036,21.551724137931036,False
46,tags,feel-good,12,20,0.6,0.02784,21.551724137931032,21.551724137931032,False
46,tags,romantic comedy,14,20,0.7,0.03424,20.44392523364486,20.44392523364486,False
46,tags,cute!,2,20,0.1,0.00512,19.53125,19.53125,False
46,tags,afterlife,1,20,0.05,0.00256,19.53125,19.53125,False
46,tags,catastrophe,1,20,0.05,0.00256,19.53125,19.53125,False
46,tags,romance,15,20,0.75,0.03904,19.211065573770494,19.211065573770494,False
46,tags,destiny,9,20,0.45,0.024,18.75,18.75,False
46,tags,cute,3,20,0.15,0.00864,17.36111111111111,17.36111111111111,False
46,tags,classical music,1,20,0.05,0.00288,17.36111111111111,17.36111111111111,False
46,tags,oscar winner,5,20,0.25,0.01568,15.943877551020408,15.943877551020408,False
46,tags,inspirational,2,20,0.1,0.0064,15.625,15.625,False
46,tags,sentimental,5,20,0.25,0.01664,15.024038461538463,15.024038461538463,False
46,tags,predictable,2,20,0.1,0.00672,14.880952380952381,14.880952380952381,False
46,tags,tear jerker,2,20,0.1,0.00704,14.204545454545455,14.204545454545455,False
46,tags,baseball,1,20,0.05,0.00352,14.204545454545455,14.204545454545455,False
46,tags,romantic,15,20,0.75,0.05568,13.469827586206897,13.469827586206897,False
46,tags,football,1,20,0.05,0.00384,13.020833333333334,13.020833333333334,False
46,tags,teacher,1,20,0.05,0.00384,13.020833333333334,13.020833333333334,False
46,tags,divorce,1,20,0.05,0.00416,12.019230769230772,12.019230769230772,False
46,tags,love story,15,20,0.75,0.06368,11.777638190954773,11.777638190954773,False
46,tags,prostitution,1,20,0.05,0.00448,11.160714285714286,11.160714285714286,False
46,tags,life,1,20,0.05,0.00448,11.160714285714286,11.160714285714286,False
46,tags,earnest,1,20,0.05,0.0048,10.416666666666668,10.416666666666668,False
46,tags,single father,1,20,0.05,0.0048,10.416666666666668,10.416666666666668,False
46,tags,fairy tales,1,20,0.05,0.0048,10.416666666666668,10.416666666666668,False
46,tags,inspiring,1,20,0.05,0.0048,10.416666666666668,10.416666666666668,False
46,tags,women,3,20,0.15,0.01568,9.566326530612244,9.566326530612244,False
46,tags,disability,1,20,0.05,0.00544,9.191176470588236,9.191176470588236,False
46,tags,rags to riches,1,20,0.05,0.00576,8.680555555555555,8.680555555555555,False
46,tags,london,1,20,0.05,0.00576,8.680555555555555,8.680555555555555,False
46,tags,president,1,20,0.05,0.00576,8.680555555555555,8.680555555555555,False
46,tags,heartwarming,2,20,0.1,0.01184,8.445945945945947,8.445945945945947,False
46,tags,nostalgic,2,20,0.1,0.01216,8.223684210526315,8.223684210526315,False
46,tags,cross dressing,1,20,0.05,0.00608,8.223684210526315,8.223684210526315,False
46,tags,fighting the system,1,20,0.05,0.0064,7.8125,7.8125,False
46,tags,oscar,4,20,0.2,0.0272,7.352941176470589,7.352941176470589,False
46,tags,british,2,20,0.1,0.01408,7.1022727272727275,7.1022727272727275,False
46,tags,pg-13,1,20,0.05,0.00704,7.1022727272727275,7.1022727272727275,False
46,tags,shakespeare,1,20,0.05,0.00704,7.1022727272727275,7.1022727272727275,False
46,tags,love,5,20,0.25,0.03616,6.913716814159293,6.913716814159293,False
46,tags,good,5,20,0.25,0.0368,6.793478260869565,6.793478260869565,False
46,tags,fairy tale,2,20,0.1,0.01504,6.6489361702127665,6.6489361702127665,False
46,genres,Romance,16,20,0.8,0.13312,6.009615384615386,6.009615384615386,False
46,tags,drama,8,20,0.4,0.06656,6.009615384615386,6.009615384615386,False
46,tags,world politics,1,20,0.05,0.00832,6.009615384615386,6.009615384615386,False
46,tags,sports,2,20,0.1,0.01792,5.580357142857143,5.580357142857143,False
46,tags,ghosts,1,20,0.05,0.00896,5.580357142857143,5.580357142857143,False
46,tags,literature,1,20,0.05,0.00896,5.580357142857143,5.580357142857143,False
46,tags,oscar (best supporting actress),2,20,0.1,0.01856,5.387931034482759,5.387931034482759,False
46,tags,natural disaster,1,20,0.05,0.00928,5.387931034482759,5.387931034482759,False
46,tags,remake,1,20,0.05,0.00928,5.387931034482759,5.387931034482759,False
46,tags,touching,3,20,0.15,0.02816,5.326704545454545,5.326704545454545,False
46,tags,bittersweet,2,20,0.1,0.01888,5.296610169491525,5.296610169491525,False
46,tags,dog,1,20,0.05,0.0096,5.208333333333334,5.208333333333334,False
46,tags,courtroom,1,20,0.05,0.00992,5.040322580645162,5.040322580645162,False
46,tags,costume drama,1,20,0.05,0.01024,4.8828125,4.8828125,False
46,tags,passionate,1,20,0.05,0.01024,4.8828125,4.8828125,False
46,tags,artistic,1,20,0.05,0.01056,4.734848484848485,4.734848484848485,False
46,tags,relationships,5,20,0.25,0.05376,4.650297619047619,4.650297619047619,False
46,tags,oscar (best picture),3,20,0.15,0.03296,4.550970873786407,4.550970873786407,False
46,tags,magic,1,20,0.05,0.0112,4.464285714285714,4.464285714285714,False
46,tags,epic,1,20,0.05,0.0112,4.464285714285714,4.464285714285714,False
46,tags,witty,1,20,0.05,0.0112,4.464285714285714,4.464285714285714,False
46,tags,historical,2,20,0.1,0.02272,4.401408450704225,4.401408450704225,False
46,tags,us history,1,20,0.05,0.01152,4.340277777777778,4.340277777777778,False
46,tags,england,1,20,0.05,0.01152,4.340277777777778,4.340277777777778,False
46,tags,based on a true story,1,20,0.05,0.01184,4.222972972972974,4.222972972972974,False
46,tags,lawyers,1,20,0.05,0.01216,4.1118421052631575,4.1118421052631575,False
46,tags,death,1,20,0.05,0.01248,4.006410256410256,4.006410256410256,False
46,tags,good music,1,20,0.05,0.01248,4.006410256410256,4.006410256410256,False
46,tags,quotable,2,20,0.1,0.02688,3.7202380952380953,3.7202380952380953,False
46,tags,excellent script,3,20,0.15,0.04128,3.6337209302325584,3.6337209302325584,False
46,tags,beautiful scenery,1,20,0.05,0.01408,3.5511363636363638,3.5511363636363638,False
46,tags,musicians,1,20,0.05,0.0144,3.4722222222222223,3.4722222222222223,False
46,tags,oscar (best directing),5,20,0.25,0.07264,3.441629955947137,3.441629955947137,False
46,tags,politics,1,20,0.05,0.01472,3.3967391304347827,3.3967391304347827,False
46,tags,lawyer,1,20,0.05,0.01504,3.3244680851063833,3.3244680851063833,False
46,tags,period piece,1,20,0.05,0.01536,3.2552083333333335,3.2552083333333335,False
46,tags,gay character,1,20,0.05,0.01568,3.188775510204082,3.188775510204082,False
46,tags,political,1,20,0.05,0.01568,3.188775510204082,3.188775510204082,False
46,tags,rock and roll,1,20,0.05,0.016,3.125,3.125,False
46,tags,biographical,1,20,0.05,0.01664,3.004807692307693,3.004807692307693,False
46,tags,world war ii,1,20,0.05,0.01696,2.94811320754717,2.94811320754717,False
46,tags,history,1,20,0.05,0.01728,2.8935185185185186,2.8935185185185186,False
46,tags,supernatural,1,20,0.05,0.01728,2.8935185185185186,2.8935185185185186,False
46,tags,life & death,1,20,0.05,0.0176,2.840909090909091,2.840909090909091,False
46,tags,mentor,4,20,0.2,0.07168,2.7901785714285716,2.7901785714285716,False
46,tags,wartime,1,20,0.05,0.0192,2.604166666666667,2.604166666666667,False
46,tags,based on true story,1,20,0.05,0.01984,2.520161290322581,2.520161290322581,False
46,tags,gay,1,20,0.05,0.0208,2.403846153846154,2.403846153846154,False
46,tags,narrated,1,20,0.05,0.0208,2.403846153846154,2.403846153846154,False
46,tags,true story,1,20,0.05,0.0208,2.403846153846154,2.403846153846154,False
46,tags,based on a play,1,20,0.05,0.0208,2.403846153846154,2.403846153846154,False
46,tags,great acting,4,20,0.2,0.08448,2.3674242424242427,2.3674242424242427,False
46,genres,Comedy,15,20,0.75,0.32224,2.327457795431976,2.327457795431976,False
46,tags,fantasy,1,20,0.05,0.02176,2.297794117647059,2.297794117647059,False
46,tags,high school,1,20,0.05,0.0224,2.232142857142857,2.232142857142857,False
46,tags,oscar (best actor),1,20,0.05,0.02304,2.170138888888889,2.170138888888889,False
46,tags,small town,1,20,0.05,0.02368,2.111486486486487,2.111486486486487,False
46,tags,greed,1,20,0.05,0.02464,2.0292207792207795,2.0292207792207795,False
46,tags,family,2,20,0.1,0.05152,1.9409937888198758,1.9409937888198758,False
46,tags,big budget,1,20,0.05,0.02592,1.9290123456790125,1.9290123456790125,False
46,tags,oscar (best actress),2,20,0.1,0.05504,1.8168604651162792,1.8168604651162792,False
46,tags,music,1,20,0.05,0.02752,1.8168604651162792,1.8168604651162792,False
46,tags,oscar (best supporting actor),1,20,0.05,0.02784,1.795977011494253,1.795977011494253,False
46,tags,oscar (best cinematography),1,20,0.05,0.02816,1.7755681818181819,1.7755681818181819,False
46,tags,story,1,20,0.05,0.02848,1.75561797752809,1.75561797752809,False
46,tags,unlikely friendships,1,20,0.05,0.02976,1.6801075268817205,1.6801075268817205,False
46,tags,childhood,1,20,0.05,0.0304,1.6447368421052633,1.6447368421052633,False
46,tags,children,1,20,0.05,0.03104,1.6108247422680413,1.6108247422680413,False
46,tags,based on book,1,20,0.05,0.03872,1.2913223140495869,1.2913223140495869,False
46,genres,War,1,20,0.05,0.0432,1.1574074074074074,1.1574074074074074,False
46,tags,great movie,1,20,0.05,0.04352,1.1488970588235294,1.1488970588235294,False
46,tags,funny,1,20,0.05,0.04832,1.03476821192053,1.03476821192053,False
46,tags,chase,1,20,0.05,0.0528,0.946969696969697,0.946969696969697,False
46,tags,special effects,1,20,0.05,0.05408,0.9245562130177515,0.9245562130177515,False
46,tags,suspense,1,20,0.05,0.05568,0.8979885057471265,0.8979885057471265,False
46,tags,comedy,2,20,0.1,0.11168,0.8954154727793696,0.8954154727793696,False
46,genres,Drama,7,20,0.35,0.39584,0.8841956345998382,0.8841956345998382,False
46,tags,dramatic,1,20,0.05,0.06464,0.7735148514851485,0.7735148514851485,False
46,tags,imdb top 250,1,20,0.05,0.09824,0.508957654723127,0.508957654723127,False
46,genres,Thriller,1,20,0.05,0.14016,0.3567351598173516,0.3567351598173516,False
46,tags,original,1,20,0.05,0.25024,0.19980818414322252,0.19980818414322252,False
47,tags,unique,1,20,0.05,0.00032,156.25,156.25,False
47,tags,visuals,2,20,0.1,0.00128,78.125,78.125,True
47,tags,special,1,20,0.05,0.00064,78.125,78.125,False
47,tags,identity,1,20,0.05,0.00064,78.125,78.125,False
47,tags,marvel,1,20,0.05,0.00064,78.125,78.125,False
47,tags,nonlinear,2,20,0.1,0.0016,62.5,62.5,True
47,tags,thought-provoking,7,20,0.35,0.0064,54.68749999999999,54.68749999999999,True
47,tags,mindfuck,5,20,0.25,0.0048,52.083333333333336,52.083333333333336,False
47,tags,honest,1,20,0.05,0.00096,52.083333333333336,52.083333333333336,False
47,tags,depp & burton,1,20,0.05,0.00096,52.083333333333336,52.083333333333336,False
47,tags,schizophrenia,1,20,0.05,0.00096,52.083333333333336,52.083333333333336,False
47,tags,cathartic,1,20,0.05,0.00096,52.083333333333336,52.083333333333336,False
47,tags,comic book adaption,1,20,0.05,0.00096,52.083333333333336,52.083333333333336,False
47,tags,math,1,20,0.05,0.00096,52.083333333333336,52.083333333333336,False
47,tags,metaphysics,2,20,0.1,0.00224,44.642857142857146,44.642857142857146,False
47,tags,midlife crisis,2,20,0.1,0.00256,39.0625,39.0625,False
47,tags,view askew,1,20,0.05,0.00128,39.0625,39.0625,False
47,tags,jay and silent bob,1,20,0.05,0.00128,39.0625,39.0625,False
47,tags,love triangles,1,20,0.05,0.00128,39.0625,39.0625,False
47,tags,maze,1,20,0.05,0.00128,39.0625,39.0625,False
47,tags,mathematics,1,20,0.05,0.00128,39.0625,39.0625,False
47,tags,strange,3,20,0.15,0.00448,33.48214285714286,33.48214285714286,False
47,tags,philosophical,4,20,0.2,0.0064,31.25,31.25,False
47,tags,philosophy,2,20,0.1,0.0032,31.25,31.25,False
47,tags,memory,1,20,0.05,0.0016,31.25,31.25,False
47,tags,alternate endings,1,20,0.05,0.0016,31.25,31.25,False
47,tags,aardman,1,20,0.05,0.0016,31.25,31.25,False
47,tags,short,1,20,0.05,0.0016,31.25,31.25,False
47,tags,scifi cult,1,20,0.05,0.0016,31.25,31.25,False
47,tags,bizarre,1,20,0.05,0.0016,31.25,31.25,False
47,tags,confusing,1,20,0.05,0.0016,31.25,31.25,False
47,tags,genius,1,20,0.05,0.0016,31.25,31.25,False
47,tags,time loop,2,20,0.1,0.00352,28.40909090909091,28.40909090909091,False
47,tags,complicated plot,3,20,0.15,0.00544,27.573529411764703,27.573529411764703,False
47,tags,alternate reality,3,20,0.15,0.00544,27.573529411764703,27.573529411764703,False
47,tags,good dialogue,1,20,0.05,0.00192,26.041666666666668,26.041666666666668,False
47,tags,slackers,1,20,0.05,0.00192,26.041666666666668,26.041666666666668,False
47,tags,beautiful,1,20,0.05,0.00192,26.041666666666668,26.041666666666668,False
47,tags,aardman studios,1,20,0.05,0.00192,26.041666666666668,26.041666666666668,False
47,tags,claymation,1,20,0.05,0.00192,26.041666666666668,26.041666666666668,False
47,tags,complicated,6,20,0.3,0.01152,26.041666666666664,26.041666666666664,False
47,tags,dark fantasy,5,20,0.25,0.01056,23.674242424242426,23.674242424242426,False
47,tags,clever,6,20,0.3,0.01312,22.865853658536587,22.865853658536587,False
47,tags,plot holes,1,20,0.05,0.00224,22.321428571428573,22.321428571428573,False
47,tags,time,1,20,0.05,0.00224,22.321428571428573,22.321428571428573,False
47,tags,gilliam,1,20,0.05,0.00224,22.321428571428573,22.321428571428573,False
47,tags,imagination,6,20,0.3,0.01408,21.30681818181818,21.30681818181818,False
47,tags,sarcasm,3,20,0.15,0.00704,21.30681818181818,21.30681818181818,False
47,tags,stop-motion,2,20,0.1,0.0048,20.833333333333336,20.833333333333336,False
47,tags,existentialism,6,20,0.3,0.01504,19.9468085106383,19.9468085106383,False
47,tags,complex,9,20,0.45,0.02304,19.53125,19.53125,False
47,tags,crude humor,1,20,0.05,0.00256,19.53125,19.53125,False
47,tags,foul language,2,20,0.1,0.00544,18.38235294117647,18.38235294117647,False
47,tags,visually stunning,9,20,0.45,0.02528,17.800632911392405,17.800632911392405,False
47,tags,low budget,2,20,0.1,0.00576,17.36111111111111,17.36111111111111,False
47,tags,puppets,1,20,0.05,0.00288,17.36111111111111,17.36111111111111,False
47,tags,irreverent,1,20,0.05,0.00288,17.36111111111111,17.36111111111111,False
47,tags,blood,1,20,0.05,0.00288,17.36111111111111,17.36111111111111,False
47,tags,intellectual,2,20,0.1,0.00608,16.44736842105263,16.44736842105263,False
47,tags,dark,7,20,0.35,0.02144,16.32462686567164,16.32462686567164,False
47,tags,stylized,6,20,0.3,0.01856,16.163793103448274,16.163793103448274,False
47,tags,atmospheric,4,20,0.2,0.01248,16.025641025641026,16.025641025641026,False
47,tags,surreal,8,20,0.4,0.02528,15.822784810126583,15.822784810126583,False
47,tags,dreamlike,2,20,0.1,0.0064,15.625,15.625,False
47,tags,nocturnal,2,20,0.1,0.0064,15.625,15.625,False
47,tags,multiple storylines,1,20,0.05,0.0032,15.625,15.625,False
47,tags,clones,1,20,0.05,0.0032,15.625,15.625,False
47,tags,non-linear,1,20,0.05,0.0032,15.625,15.625,False
47,tags,dynamic cgi action,1,20,0.05,0.0032,15.625,15.625,False
47,tags,mutants,1,20,0.05,0.0032,15.625,15.625,False
47,tags,affectionate,3,20,0.15,0.00992,15.120967741935484,15.120967741935484,False
47,tags,goth,2,20,0.1,0.00672,14.880952380952381,14.880952380952381,False
47,tags,cerebral,8,20,0.4,0.02752,14.534883720930234,14.534883720930234,False
47,tags,modern fantasy,1,20,0.05,0.00352,14.204545454545455,14.204545454545455,False
47,tags,suburbia,1,20,0.05,0.00352,14.204545454545455,14.204545454545455,False
47,tags,intelligent sci-fi,1,20,0.05,0.00352,14.204545454545455,14.204545454545455,False
47,tags,interesting,6,20,0.3,0.02208,13.58695652173913,13.58695652173913,False
47,tags,surrealism,2,20,0.1,0.00736,13.58695652173913,13.58695652173913,False
47,tags,depression,2,20,0.1,0.00736,13.58695652173913,13.58695652173913,False
47,tags,eerie,2,20,0.1,0.00736,13.58695652173913,13.58695652173913,False
47,tags,twist,2,20,0.1,0.00736,13.58695652173913,13.58695652173913,False
47,tags,witty,3,20,0.15,0.0112,13.392857142857142,13.392857142857142,False
47,tags,stunning,2,20,0.1,0.00768,13.020833333333334,13.020833333333334,False
47,tags,teacher,1,20,0.05,0.00384,13.020833333333334,13.020833333333334,False
47,tags,zombie,1,20,0.05,0.00384,13.020833333333334,13.020833333333334,False
47,tags,alter ego,1,20,0.05,0.00384,13.020833333333334,13.020833333333334,False
47,tags,paranoid,1,20,0.05,0.00384,13.020833333333334,13.020833333333334,False
47,tags,stop motion,2,20,0.1,0.008,12.5,12.5,False
47,tags,deadpan,1,20,0.05,0.00416,12.019230769230772,12.019230769230772,False
47,tags,based on comic,1,20,0.05,0.00416,12.019230769230772,12.019230769230772,False
47,tags,hallucinatory,1,20,0.05,0.00416,12.019230769230772,12.019230769230772,False
47,tags,great soundtrack,1,20,0.05,0.00416,12.019230769230772,12.019230769230772,False
47,tags,insanity,4,20,0.2,0.01696,11.79245283018868,11.79245283018868,False
47,tags,visually appealing,10,20,0.5,0.04416,11.322463768115943,11.322463768115943,False
47,tags,weird,10,20,0.5,0.0448,11.160714285714286,11.160714285714286,False
47,tags,off-beat comedy,2,20,0.1,0.00896,11.160714285714286,11.160714285714286,False
47,tags,cynical,2,20,0.1,0.00896,11.160714285714286,11.160714285714286,False
47,tags,life,1,20,0.05,0.00448,11.160714285714286,11.160714285714286,False
47,tags,halloween,1,20,0.05,0.00448,11.160714285714286,11.160714285714286,False
47,tags,post apocalyptic,1,20,0.05,0.00448,11.160714285714286,11.160714285714286,False
47,tags,cult film,6,20,0.3,0.02688,11.160714285714285,11.160714285714285,False
47,tags,storytelling,12,20,0.6,0.05536,10.83815028901734,10.83815028901734,False
47,tags,workplace,1,20,0.05,0.0048,10.416666666666668,10.416666666666668,False
47,tags,fairy tales,1,20,0.05,0.0048,10.416666666666668,10.416666666666668,False
47,tags,comics,1,20,0.05,0.0048,10.416666666666668,10.416666666666668,False
47,tags,interracial romance,1,20,0.05,0.0048,10.416666666666668,10.416666666666668,False
47,tags,dark humor,5,20,0.25,0.024,10.416666666666666,10.416666666666666,False
47,tags,visual,7,20,0.35,0.03456,10.127314814814815,10.127314814814815,False
47,tags,based on a tv show,2,20,0.1,0.00992,10.080645161290324,10.080645161290324,False
47,tags,dystopia,2,20,0.1,0.00992,10.080645161290324,10.080645161290324,False
47,tags,parenthood,1,20,0.05,0.00512,9.765625,9.765625,False
47,tags,time travel,1,20,0.05,0.00512,9.765625,9.765625,False
47,tags,artistic,2,20,0.1,0.01056,9.46969696969697,9.46969696969697,False
47,tags,psychology,3,20,0.15,0.016,9.375,9.375,False
47,tags,medieval,1,20,0.05,0.00544,9.191176470588236,9.191176470588236,False
47,tags,post-apocalyptic,1,20,0.05,0.00544,9.191176470588236,9.191176470588236,False
47,tags,apocalypse,1,20,0.05,0.00544,9.191176470588236,9.191176470588236,False
47,tags,good acting,2,20,0.1,0.0112,8.928571428571429,8.928571428571429,False
47,tags,quirky,2,20,0.1,0.01152,8.680555555555555,8.680555555555555,False
47,tags,fantasy world,2,20,0.1,0.01152,8.680555555555555,8.680555555555555,False
47,tags,censorship,1,20,0.05,0.00576,8.680555555555555,8.680555555555555,False
47,tags,new jersey,1,20,0.05,0.00576,8.680555555555555,8.680555555555555,False
47,tags,god,1,20,0.05,0.00576,8.680555555555555,8.680555555555555,False
47,tags,coen bros,1,20,0.05,0.00608,8.223684210526315,8.223684210526315,False
47,tags,stupidity,1,20,0.05,0.00608,8.223684210526315,8.223684210526315,False
47,tags,gratuitous violence,1,20,0.05,0.00608,8.223684210526315,8.223684210526315,False
47,tags,drug addiction,1,20,0.05,0.00608,8.223684210526315,8.223684210526315,False
47,tags,good music,2,20,0.1,0.01248,8.012820512820513,8.012820512820513,False
47,tags,great ending,6,20,0.3,0.03776,7.944915254237287,7.944915254237287,False
47,tags,powerful ending,3,20,0.15,0.01888,7.944915254237287,7.944915254237287,False
47,tags,plot twist,2,20,0.1,0.0128,7.8125,7.8125,False
47,tags,fighting the system,1,20,0.05,0.0064,7.8125,7.8125,False
47,tags,grim,1,20,0.05,0.0064,7.8125,7.8125,False
47,tags,brutal,1,20,0.05,0.0064,7.8125,7.8125,False
47,tags,very interesting,2,20,0.1,0.01344,7.440476190476191,7.440476190476191,False
47,tags,great dialogue,1,20,0.05,0.00672,7.440476190476191,7.440476190476191,False
47,tags,psychiatry,1,20,0.05,0.00672,7.440476190476191,7.440476190476191,False
47,tags,super-hero,1,20,0.05,0.00672,7.440476190476191,7.440476190476191,False
47,tags,excellent script,6,20,0.3,0.04128,7.267441860465117,7.267441860465117,False
47,tags,narrated,3,20,0.15,0.0208,7.211538461538462,7.211538461538462,False
47,tags,absurd,1,20,0.05,0.00704,7.1022727272727275,7.1022727272727275,False
47,tags,dark comedy,1,20,0.05,0.00704,7.1022727272727275,7.1022727272727275,False
47,tags,gothic,1,20,0.05,0.00704,7.1022727272727275,7.1022727272727275,False
47,tags,british comedy,1,20,0.05,0.00704,7.1022727272727275,7.1022727272727275,False
47,tags,dystopic future,1,20,0.05,0.00704,7.1022727272727275,7.1022727272727275,False
47,tags,pg-13,1,20,0.05,0.00704,7.1022727272727275,7.1022727272727275,False
47,tags,comic book,1,20,0.05,0.00704,7.1022727272727275,7.1022727272727275,False
47,tags,good soundtrack,7,20,0.35,0.05056,6.9224683544303796,6.9224683544303796,False
47,tags,rebellion,1,20,0.05,0.00736,6.793478260869565,6.793478260869565,False
47,tags,amazing photography,1,20,0.05,0.00736,6.793478260869565,6.793478260869565,False
47,tags,fairy tale,2,20,0.1,0.01504,6.6489361702127665,6.6489361702127665,False
47,tags,gory,2,20,0.1,0.01504,6.6489361702127665,6.6489361702127665,False
47,tags,adapted from:comic,1,20,0.05,0.00768,6.510416666666667,6.510416666666667,False
47,tags,superheroes,1,20,0.05,0.00768,6.510416666666667,6.510416666666667,False
47,tags,stylish,3,20,0.15,0.02368,6.33445945945946,6.33445945945946,False
47,tags,parody,2,20,0.1,0.016,6.25,6.25,False
47,tags,humorous,2,20,0.1,0.016,6.25,6.25,False
47,tags,black comedy,1,20,0.05,0.008,6.25,6.25,False
47,tags,christmas,1,20,0.05,0.008,6.25,6.25,False
47,tags,surprise ending,1,20,0.05,0.008,6.25,6.25,False
47,tags,demons,1,20,0.05,0.008,6.25,6.25,False
47,tags,end of the world,1,20,0.05,0.008,6.25,6.25,False
47,tags,super hero,1,20,0.05,0.008,6.25,6.25,False
47,tags,satirical,2,20,0.1,0.01632,6.127450980392156,6.127450980392156,False
47,tags,psychological,3,20,0.15,0.02464,6.087662337662338,6.087662337662338,False
47,tags,german,1,20,0.05,0.00832,6.009615384615386,6.009615384615386,False
47,tags,superhero,1,20,0.05,0.00832,6.009615384615386,6.009615384615386,False
47,tags,great,3,20,0.15,0.02496,6.009615384615384,6.009615384615384,False
47,tags,social commentary,2,20,0.1,0.01696,5.89622641509434,5.89622641509434,False
47,tags,mystery,2,20,0.1,0.01728,5.787037037037037,5.787037037037037,False
47,tags,holiday,1,20,0.05,0.00864,5.787037037037037,5.787037037037037,False
47,tags,cute,1,20,0.05,0.00864,5.787037037037037,5.787037037037037,False
47,tags,great movie,5,20,0.25,0.04352,5.744485294117647,5.744485294117647,False
47,tags,cinematography,5,20,0.25,0.04448,5.620503597122302,5.620503597122302,False
47,tags,eccentricity,1,20,0.05,0.00896,5.580357142857143,5.580357142857143,False
47,tags,ghosts,1,20,0.05,0.00896,5.580357142857143,5.580357142857143,False
47,tags,dreams,1,20,0.05,0.00896,5.580357142857143,5.580357142857143,False
47,tags,quotable,3,20,0.15,0.02688,5.580357142857142,5.580357142857142,False
47,tags,futuristic,3,20,0.15,0.0272,5.514705882352941,5.514705882352941,False
47,tags,twists & turns,4,20,0.2,0.03648,5.482456140350878,5.482456140350878,False
47,tags,melancholic,4,20,0.2,0.0368,5.434782608695652,5.434782608695652,False
47,tags,cult classic,5,20,0.25,0.04608,5.425347222222222,5.425347222222222,False
47,tags,satire,2,20,0.1,0.01856,5.387931034482759,5.387931034482759,False
47,tags,dialogue driven,1,20,0.05,0.00928,5.387931034482759,5.387931034482759,False
47,tags,twist ending,1,20,0.05,0.00928,5.387931034482759,5.387931034482759,False
47,tags,long,1,20,0.05,0.00928,5.387931034482759,5.387931034482759,False
47,tags,art house,1,20,0.05,0.00928,5.387931034482759,5.387931034482759,False
47,tags,based on a comic,1,20,0.05,0.00928,5.387931034482759,5.387931034482759,False
47,tags,bittersweet,2,20,0.1,0.01888,5.296610169491525,5.296610169491525,False
47,tags,independent film,2,20,0.1,0.0192,5.208333333333334,5.208333333333334,False
47,tags,sexuality,1,20,0.05,0.0096,5.208333333333334,5.208333333333334,False
47,tags,imdb top 250,10,20,0.5,0.09824,5.089576547231271,5.089576547231271,False
47,tags,fun,1,20,0.05,0.00992,5.040322580645162,5.040322580645162,False
47,tags,emotional,1,20,0.05,0.00992,5.040322580645162,5.040322580645162,False
47,tags,paranoia,1,20,0.05,0.00992,5.040322580645162,5.040322580645162,False
47,tags,enigmatic,4,20,0.2,0.04064,4.921259842519685,4.921259842519685,False
47,tags,future,2,20,0.1,0.02048,4.8828125,4.8828125,False
47,tags,bloody,1,20,0.05,0.01024,4.8828125,4.8828125,False
47,tags,obsession,3,20,0.15,0.03104,4.832474226804123,4.832474226804123,False
47,tags,fighting,1,20,0.05,0.01056,4.734848484848485,4.734848484848485,False
47,tags,loneliness,4,20,0.2,0.04288,4.664179104477612,4.664179104477612,False
47,tags,scifi,4,20,0.2,0.04288,4.664179104477612,4.664179104477612,False
47,tags,fantasy,2,20,0.1,0.02176,4.595588235294118,4.595588235294118,False
47,tags,melancholy,1,20,0.05,0.01088,4.595588235294118,4.595588235294118,False
47,tags,masterpiece,6,20,0.3,0.0672,4.464285714285714,4.464285714285714,False
47,tags,manipulation,1,20,0.05,0.0112,4.464285714285714,4.464285714285714,False
47,tags,macabre,1,20,0.05,0.0112,4.464285714285714,4.464285714285714,False
47,tags,space opera,1,20,0.05,0.0112,4.464285714285714,4.464285714285714,False
47,tags,sci-fi,4,20,0.2,0.04512,4.432624113475177,4.432624113475177,False
47,genres,Sci-Fi,7,20,0.35,0.08032,4.357569721115538,4.357569721115538,False
47,tags,film noir,1,20,0.05,0.01152,4.340277777777778,4.340277777777778,False
47,tags,hilarious,3,20,0.15,0.03584,4.185267857142858,4.185267857142858,False
47,tags,animated,2,20,0.1,0.024,4.166666666666667,4.166666666666667,False
47,tags,ominous,1,20,0.05,0.01216,4.1118421052631575,4.1118421052631575,False
47,genres,Film-Noir,1,20,0.05,0.01248,4.006410256410256,4.006410256410256,False
47,tags,reflective,2,20,0.1,0.02592,3.858024691358025,3.858024691358025,False
47,tags,bleak,2,20,0.1,0.02624,3.810975609756098,3.810975609756098,False
47,tags,redemption,1,20,0.05,0.01312,3.810975609756098,3.810975609756098,False
47,tags,ensemble cast,1,20,0.05,0.01312,3.810975609756098,3.810975609756098,False
47,tags,original,19,20,0.95,0.25024,3.796355498721227,3.796355498721227,False
47,tags,dialogue,2,20,0.1,0.02752,3.6337209302325584,3.6337209302325584,False
47,tags,music,2,20,0.1,0.02752,3.6337209302325584,3.6337209302325584,False
47,tags,oscar (best supporting actor),2,20,0.1,0.02784,3.591954022988506,3.591954022988506,False
47,tags,intense,2,20,0.1,0.02784,3.591954022988506,3.591954022988506,False
47,tags,funny as hell,1,20,0.05,0.01408,3.5511363636363638,3.5511363636363638,False
47,tags,british,1,20,0.05,0.01408,3.5511363636363638,3.5511363636363638,False
47,tags,spoof,1,20,0.05,0.01408,3.5511363636363638,3.5511363636363638,False
47,tags,cool,1,20,0.05,0.01408,3.5511363636363638,3.5511363636363638,False
47,tags,story,2,20,0.1,0.02848,3.51123595505618,3.51123595505618,False
47,tags,sci fi,3,20,0.15,0.04288,3.498134328358209,3.498134328358209,False
47,tags,goofy,2,20,0.1,0.02912,3.4340659340659343,3.4340659340659343,False
47,tags,animation,2,20,0.1,0.03136,3.188775510204082,3.188775510204082,False
47,tags,beautifully filmed,2,20,0.1,0.032,3.125,3.125,False
47,tags,science fiction,3,20,0.15,0.04832,3.104304635761589,3.104304635761589,False
47,genres,Animation,2,20,0.1,0.03264,3.063725490196078,3.063725490196078,False
47,tags,foreign,1,20,0.05,0.01664,3.004807692307693,3.004807692307693,False
47,tags,great acting,5,20,0.25,0.08448,2.959280303030303,2.959280303030303,False
47,tags,allegory,1,20,0.05,0.01696,2.94811320754717,2.94811320754717,False
47,tags,supernatural,1,20,0.05,0.01728,2.8935185185185186,2.8935185185185186,False
47,tags,creepy,2,20,0.1,0.03488,2.86697247706422,2.86697247706422,False
47,tags,musical,1,20,0.05,0.0176,2.840909090909091,2.840909090909091,False
47,tags,life & death,1,20,0.05,0.0176,2.840909090909091,2.840909090909091,False
47,tags,awesome soundtrack,1,20,0.05,0.0176,2.840909090909091,2.840909090909091,False
47,tags,talky,3,20,0.15,0.05312,2.8237951807228914,2.8237951807228914,False
47,tags,special effects,3,20,0.15,0.05408,2.773668639053254,2.773668639053254,False
47,tags,based on book,2,20,0.1,0.03872,2.5826446280991737,2.5826446280991737,False
47,tags,fun movie,2,20,0.1,0.03872,2.5826446280991737,2.5826446280991737,False
47,tags,alien,1,20,0.05,0.01952,2.5614754098360657,2.5614754098360657,False
47,tags,fight scenes,1,20,0.05,0.01952,2.5614754098360657,2.5614754098360657,False
47,tags,visceral,1,20,0.05,0.01984,2.520161290322581,2.520161290322581,False
47,tags,technology,1,20,0.05,0.01984,2.520161290322581,2.520161290322581,False
47,tags,scary,1,20,0.05,0.02048,2.44140625,2.44140625,False
47,tags,funniest movies,1,20,0.05,0.0208,2.403846153846154,2.403846153846154,False
47,tags,aliens,1,20,0.05,0.0208,2.403846153846154,2.403846153846154,False
47,tags,space,1,20,0.05,0.02176,2.297794117647059,2.297794117647059,False
47,tags,comedy,5,20,0.25,0.11168,2.238538681948424,2.238538681948424,False
47,tags,high school,1,20,0.05,0.0224,2.232142857142857,2.232142857142857,False
47,tags,coming of age,1,20,0.05,0.0224,2.232142857142857,2.232142857142857,False
47,tags,oscar (best actor),1,20,0.05,0.02304,2.170138888888889,2.170138888888889,False
47,tags,small town,1,20,0.05,0.02368,2.111486486486487,2.111486486486487,False
47,tags,fast paced,1,20,0.05,0.02368,2.111486486486487,2.111486486486487,False
47,tags,mentor,3,20,0.15,0.07168,2.092633928571429,2.092633928571429,False
47,tags,destiny,1,20,0.05,0.024,2.0833333333333335,2.0833333333333335,False
47,tags,funny,2,20,0.1,0.04832,2.06953642384106,2.06953642384106,False
47,tags,violence,2,20,0.1,0.04832,2.06953642384106,2.06953642384106,False
47,tags,silly fun,1,20,0.05,0.02528,1.9778481012658229,1.9778481012658229,False
47,tags,big budget,1,20,0.05,0.02592,1.9290123456790125,1.9290123456790125,False
47,tags,intimate,1,20,0.05,0.02624,1.905487804878049,1.905487804878049,False
47,tags,cartoon,1,20,0.05,0.02656,1.8825301204819278,1.8825301204819278,False
47,tags,black and white,1,20,0.05,0.02656,1.8825301204819278,1.8825301204819278,False
47,tags,relationships,2,20,0.1,0.05376,1.8601190476190477,1.8601190476190477,False
47,tags,oscar,1,20,0.05,0.0272,1.8382352941176472,1.8382352941176472,False
47,genres,Adventure,3,20,0.15,0.08256,1.8168604651162792,1.8168604651162792,False
47,tags,brutality,1,20,0.05,0.02784,1.795977011494253,1.795977011494253,False
47,tags,sequels,1,20,0.05,0.0288,1.7361111111111112,1.7361111111111112,False
47,genres,Comedy,11,20,0.55,0.32224,1.7068023833167825,1.7068023833167825,False
47,tags,teen,1,20,0.05,0.02944,1.6983695652173914,1.6983695652173914,False
47,tags,unlikely friendships,1,20,0.05,0.02976,1.6801075268817205,1.6801075268817205,False
47,tags,splatter,1,20,0.05,0.02976,1.6801075268817205,1.6801075268817205,False
47,tags,teen movie,1,20,0.05,0.03072,1.6276041666666667,1.6276041666666667,False
47,tags,children,1,20,0.05,0.03104,1.6108247422680413,1.6108247422680413,False
47,tags,adapted from:book,2,20,0.1,0.06336,1.5782828282828283,1.5782828282828283,False
47,tags,horror,2,20,0.1,0.064,1.5625,1.5625,False
47,tags,oscar (best picture),1,20,0.05,0.03296,1.5169902912621358,1.5169902912621358,False
47,genres,Musical,1,20,0.05,0.03392,1.474056603773585,1.474056603773585,False
47,tags,love,1,20,0.05,0.03616,1.3827433628318586,1.3827433628318586,False
47,tags,good,1,20,0.05,0.0368,1.358695652173913,1.358695652173913,False
47,tags,violent,1,20,0.05,0.03744,1.3354700854700856,1.3354700854700856,False
47,tags,adventure,1,20,0.05,0.04,1.25,1.25,False
47,genres,Horror,2,20,0.1,0.08512,1.174812030075188,1.174812030075188,False
47,genres,Action,3,20,0.15,0.14528,1.032488986784141,1.032488986784141,False
47,tags,franchise,1,20,0.05,0.04928,1.0146103896103897,1.0146103896103897,False
47,tags,good action,1,20,0.05,0.05056,0.9889240506329114,0.9889240506329114,False
47,tags,chase,1,20,0.05,0.0528,0.946969696969697,0.946969696969697,False
47,tags,oscar (best actress),1,20,0.05,0.05504,0.9084302325581396,0.9084302325581396,False
47,tags,suspense,1,20,0.05,0.05568,0.8979885057471265,0.8979885057471265,False
47,genres,Crime,1,20,0.05,0.05696,0.877808988764045,0.877808988764045,False
47,genres,Romance,2,20,0.1,0.13312,0.7512019230769232,0.7512019230769232,False
47,tags,drama,1,20,0.05,0.06656,0.7512019230769232,0.7512019230769232,False
47,tags,based on a book,1,20,0.05,0.06656,0.7512019230769232,0.7512019230769232,False
47,genres,Thriller,2,20,0.1,0.14016,0.7134703196347032,0.7134703196347032,False
47,tags,oscar (best directing),1,20,0.05,0.07264,0.6883259911894274,0.6883259911894274,False
47,tags,criterion,1,20,0.05,0.07456,0.6706008583690988,0.6706008583690988,False
47,genres,Children's,1,20,0.05,0.07488,0.6677350427350428,0.6677350427350428,False
47,tags,action,1,20,0.05,0.07968,0.6275100401606426,0.6275100401606426,False
47,genres,Drama,4,20,0.2,0.39584,0.5052546483427648,0.5052546483427648,False
48,tags,shopping,3,20,0.15,0.00096,156.25,156.25,True
48,tags,good romantic comedies,9,20,0.45,0.00704,63.92045454545455,63.92045454545455,True
48,tags,sappy,1,20,0.05,0.00096,52.083333333333336,52.083333333333336,False
48,tags,wedding,2,20,0.1,0.00224,44.642857142857146,44.642857142857146,True
48,tags,spelling bee,1,20,0.05,0.00128,39.0625,39.0625,False
48,tags,girlie movie,16,20,0.8,0.02272,35.2112676056338,35.2112676056338,False
48,tags,very good,1,20,0.05,0.0016,31.25,31.25,False
48,tags,family bonds,1,20,0.05,0.0016,31.25,31.25,False
48,tags,happy ending,9,20,0.45,0.016,28.125,28.125,False
48,tags,chick flick,16,20,0.8,0.03136,25.510204081632654,25.510204081632654,False
48,tags,feel good movie,7,20,0.35,0.0144,24.305555555555554,24.305555555555554,False
48,tags,internet,1,20,0.05,0.00224,22.321428571428573,22.321428571428573,False
48,tags,ghosts/afterlife,1,20,0.05,0.00224,22.321428571428573,22.321428571428573,False
48,tags,sweet,8,20,0.4,0.01856,21.551724137931036,21.551724137931036,False
48,tags,feel-good,12,20,0.6,0.02784,21.551724137931032,21.551724137931032,False
48,tags,romantic comedy,14,20,0.7,0.03424,20.44392523364486,20.44392523364486,False
48,tags,cute!,2,20,0.1,0.00512,19.53125,19.53125,False
48,tags,afterlife,1,20,0.05,0.00256,19.53125,19.53125,False
48,tags,catastrophe,1,20,0.05,0.00256,19.53125,19.53125,False
48,tags,romance,15,20,0.75,0.03904,19.211065573770494,19.211065573770494,False
48,tags,destiny,9,20,0.45,0.024,18.75,18.75,False
48,tags,cute,3,20,0.15,0.00864,17.36111111111111,17.36111111111111,False
48,tags,classical music,1,20,0.05,0.00288,17.36111111111111,17.36111111111111,False
48,tags,oscar winner,5,20,0.25,0.01568,15.943877551020408,15.943877551020408,False
48,tags,inspirational,2,20,0.1,0.0064,15.625,15.625,False
48,tags,sentimental,5,20,0.25,0.01664,15.024038461538463,15.024038461538463,False
48,tags,predictable,2,20,0.1,0.00672,14.880952380952381,14.880952380952381,False
48,tags,tear jerker,2,20,0.1,0.00704,14.204545454545455,14.204545454545455,False
48,tags,baseball,1,20,0.05,0.00352,14.204545454545455,14.204545454545455,False
48,tags,romantic,15,20,0.75,0.05568,13.469827586206897,13.469827586206897,False
48,tags,football,1,20,0.05,0.00384,13.020833333333334,13.020833333333334,False
48,tags,teacher,1,20,0.05,0.00384,13.020833333333334,13.020833333333334,False
48,tags,divorce,1,20,0.05,0.00416,12.019230769230772,12.019230769230772,False
48,tags,love story,15,20,0.75,0.06368,11.777638190954773,11.777638190954773,False
48,tags,prostitution,1,20,0.05,0.00448,11.160714285714286,11.160714285714286,False
48,tags,life,1,20,0.05,0.00448,11.160714285714286,11.160714285714286,False
48,tags,single father,1,20,0.05,0.0048,10.416666666666668,10.416666666666668,False
48,tags,earnest,1,20,0.05,0.0048,10.416666666666668,10.416666666666668,False
48,tags,fairy tales,1,20,0.05,0.0048,10.416666666666668,10.416666666666668,False
48,tags,inspiring,1,20,0.05,0.0048,10.416666666666668,10.416666666666668,False
48,tags,women,3,20,0.15,0.01568,9.566326530612244,9.566326530612244,False
48,tags,disability,1,20,0.05,0.00544,9.191176470588236,9.191176470588236,False
48,tags,rags to riches,1,20,0.05,0.00576,8.680555555555555,8.680555555555555,False
48,tags,london,1,20,0.05,0.00576,8.680555555555555,8.680555555555555,False
48,tags,president,1,20,0.05,0.00576,8.680555555555555,8.680555555555555,False
48,tags,heartwarming,2,20,0.1,0.01184,8.445945945945947,8.445945945945947,False
48,tags,nostalgic,2,20,0.1,0.01216,8.223684210526315,8.223684210526315,False
48,tags,cross dressing,1,20,0.05,0.00608,8.223684210526315,8.223684210526315,False
48,tags,fighting the system,1,20,0.05,0.0064,7.8125,7.8125,False
48,tags,oscar,4,20,0.2,0.0272,7.352941176470589,7.352941176470589,False
48,tags,british,2,20,0.1,0.01408,7.1022727272727275,7.1022727272727275,False
48,tags,pg-13,1,20,0.05,0.00704,7.1022727272727275,7.1022727272727275,False
48,tags,shakespeare,1,20,0.05,0.00704,7.1022727272727275,7.1022727272727275,False
48,tags,love,5,20,0.25,0.03616,6.913716814159293,6.913716814159293,False
48,tags,good,5,20,0.25,0.0368,6.793478260869565,6.793478260869565,False
48,tags,fairy tale,2,20,0.1,0.01504,6.6489361702127665,6.6489361702127665,False
48,genres,Romance,16,20,0.8,0.13312,6.009615384615386,6.009615384615386,False
48,tags,drama,8,20,0.4,0.06656,6.009615384615386,6.009615384615386,False
48,tags,world politics,1,20,0.05,0.00832,6.009615384615386,6.009615384615386,False
48,tags,sports,2,20,0.1,0.01792,5.580357142857143,5.580357142857143,False
48,tags,ghosts,1,20,0.05,0.00896,5.580357142857143,5.580357142857143,False
48,tags,literature,1,20,0.05,0.00896,5.580357142857143,5.580357142857143,False
48,tags,oscar (best supporting actress),2,20,0.1,0.01856,5.387931034482759,5.387931034482759,False
48,tags,natural disaster,1,20,0.05,0.00928,5.387931034482759,5.387931034482759,False
48,tags,remake,1,20,0.05,0.00928,5.387931034482759,5.387931034482759,False
48,tags,touching,3,20,0.15,0.02816,5.326704545454545,5.326704545454545,False
48,tags,bittersweet,2,20,0.1,0.01888,5.296610169491525,5.296610169491525,False
48,tags,dog,1,20,0.05,0.0096,5.208333333333334,5.208333333333334,False
48,tags,courtroom,1,20,0.05,0.00992,5.040322580645162,5.040322580645162,False
48,tags,costume drama,1,20,0.05,0.01024,4.8828125,4.8828125,False
48,tags,passionate,1,20,0.05,0.01024,4.8828125,4.8828125,False
48,tags,artistic,1,20,0.05,0.01056,4.734848484848485,4.734848484848485,False
48,tags,relationships,5,20,0.25,0.05376,4.650297619047619,4.650297619047619,False
48,tags,oscar (best picture),3,20,0.15,0.03296,4.550970873786407,4.550970873786407,False
48,tags,magic,1,20,0.05,0.0112,4.464285714285714,4.464285714285714,False
48,tags,epic,1,20,0.05,0.0112,4.464285714285714,4.464285714285714,False
48,tags,witty,1,20,0.05,0.0112,4.464285714285714,4.464285714285714,False
48,tags,historical,2,20,0.1,0.02272,4.401408450704225,4.401408450704225,False
48,tags,us history,1,20,0.05,0.01152,4.340277777777778,4.340277777777778,False
48,tags,england,1,20,0.05,0.01152,4.340277777777778,4.340277777777778,False
48,tags,based on a true story,1,20,0.05,0.01184,4.222972972972974,4.222972972972974,False
48,tags,lawyers,1,20,0.05,0.01216,4.1118421052631575,4.1118421052631575,False
48,tags,death,1,20,0.05,0.01248,4.006410256410256,4.006410256410256,False
48,tags,good music,1,20,0.05,0.01248,4.006410256410256,4.006410256410256,False
48,tags,quotable,2,20,0.1,0.02688,3.7202380952380953,3.7202380952380953,False
48,tags,excellent script,3,20,0.15,0.04128,3.6337209302325584,3.6337209302325584,False
48,tags,beautiful scenery,1,20,0.05,0.01408,3.5511363636363638,3.5511363636363638,False
48,tags,musicians,1,20,0.05,0.0144,3.4722222222222223,3.4722222222222223,False
48,tags,oscar (best directing),5,20,0.25,0.07264,3.441629955947137,3.441629955947137,False
48,tags,politics,1,20,0.05,0.01472,3.3967391304347827,3.3967391304347827,False
48,tags,lawyer,1,20,0.05,0.01504,3.3244680851063833,3.3244680851063833,False
48,tags,period piece,1,20,0.05,0.01536,3.2552083333333335,3.2552083333333335,False
48,tags,gay character,1,20,0.05,0.01568,3.188775510204082,3.188775510204082,False
48,tags,political,1,20,0.05,0.01568,3.188775510204082,3.188775510204082,False
48,tags,rock and roll,1,20,0.05,0.016,3.125,3.125,False
48,tags,biographical,1,20,0.05,0.01664,3.004807692307693,3.004807692307693,False
48,tags,world war ii,1,20,0.05,0.01696,2.94811320754717,2.94811320754717,False
48,tags,supernatural,1,20,0.05,0.01728,2.8935185185185186,2.8935185185185186,False
48,tags,history,1,20,0.05,0.01728,2.8935185185185186,2.8935185185185186,False
48,tags,life & death,1,20,0.05,0.0176,2.840909090909091,2.840909090909091,False
48,tags,mentor,4,20,0.2,0.07168,2.7901785714285716,2.7901785714285716,False
48,tags,wartime,1,20,0.05,0.0192,2.604166666666667,2.604166666666667,False
48,tags,based on true story,1,20,0.05,0.01984,2.520161290322581,2.520161290322581,False
48,tags,gay,1,20,0.05,0.0208,2.403846153846154,2.403846153846154,False
48,tags,narrated,1,20,0.05,0.0208,2.403846153846154,2.403846153846154,False
48,tags,true story,1,20,0.05,0.0208,2.403846153846154,2.403846153846154,False
48,tags,based on a play,1,20,0.05,0.0208,2.403846153846154,2.403846153846154,False
48,tags,great acting,4,20,0.2,0.08448,2.3674242424242427,2.3674242424242427,False
48,genres,Comedy,15,20,0.75,0.32224,2.327457795431976,2.327457795431976,False
48,tags,fantasy,1,20,0.05,0.02176,2.297794117647059,2.297794117647059,False
48,tags,high school,1,20,0.05,0.0224,2.232142857142857,2.232142857142857,False
48,tags,oscar (best actor),1,20,0.05,0.02304,2.170138888888889,2.170138888888889,False
48,tags,small town,1,20,0.05,0.02368,2.111486486486487,2.111486486486487,False
48,tags,greed,1,20,0.05,0.02464,2.0292207792207795,2.0292207792207795,False
48,tags,family,2,20,0.1,0.05152,1.9409937888198758,1.9409937888198758,False
48,tags,big budget,1,20,0.05,0.02592,1.9290123456790125,1.9290123456790125,False
48,tags,oscar (best actress),2,20,0.1,0.05504,1.8168604651162792,1.8168604651162792,False
48,tags,music,1,20,0.05,0.02752,1.8168604651162792,1.8168604651162792,False
48,tags,oscar (best supporting actor),1,20,0.05,0.02784,1.795977011494253,1.795977011494253,False
48,tags,oscar (best cinematography),1,20,0.05,0.02816,1.7755681818181819,1.7755681818181819,False
48,tags,story,1,20,0.05,0.02848,1.75561797752809,1.75561797752809,False
48,tags,unlikely friendships,1,20,0.05,0.02976,1.6801075268817205,1.6801075268817205,False
48,tags,childhood,1,20,0.05,0.0304,1.6447368421052633,1.6447368421052633,False
48,tags,children,1,20,0.05,0.03104,1.6108247422680413,1.6108247422680413,False
48,tags,based on book,1,20,0.05,0.03872,1.2913223140495869,1.2913223140495869,False
48,genres,War,1,20,0.05,0.0432,1.1574074074074074,1.1574074074074074,False
48,tags,great movie,1,20,0.05,0.04352,1.1488970588235294,1.1488970588235294,False
48,tags,funny,1,20,0.05,0.04832,1.03476821192053,1.03476821192053,False
48,tags,chase,1,20,0.05,0.0528,0.946969696969697,0.946969696969697,False
48,tags,special effects,1,20,0.05,0.05408,0.9245562130177515,0.9245562130177515,False
48,tags,suspense,1,20,0.05,0.05568,0.8979885057471265,0.8979885057471265,False
48,tags,comedy,2,20,0.1,0.11168,0.8954154727793696,0.8954154727793696,False
48,genres,Drama,7,20,0.35,0.39584,0.8841956345998382,0.8841956345998382,False
48,tags,dramatic,1,20,0.05,0.06464,0.7735148514851485,0.7735148514851485,False
48,tags,imdb top 250,1,20,0.05,0.09824,0.508957654723127,0.508957654723127,False
48,genres,Thriller,1,20,0.05,0.14016,0.3567351598173516,0.3567351598173516,False
48,tags,original,1,20,0.05,0.25024,0.19980818414322252,0.19980818414322252,False
49,tags,perfect,1,20,0.05,0.00032,156.25,156.25,False
49,tags,love triangles,2,20,0.1,0.00128,78.125,78.125,True
49,tags,boat,1,20,0.05,0.00096,52.083333333333336,52.083333333333336,False
49,tags,hollywood,1,20,0.05,0.00096,52.083333333333336,52.083333333333336,False
49,tags,private detective,3,20,0.15,0.0032,46.87499999999999,46.87499999999999,True
49,tags,afi 100 (movie quotes),5,20,0.25,0.00672,37.20238095238095,37.20238095238095,True
49,tags,screwball,4,20,0.2,0.00544,36.76470588235294,36.76470588235294,False
49,tags,screwball comedy,4,20,0.2,0.00576,34.72222222222222,34.72222222222222,False
49,genres,Film-Noir,8,20,0.4,0.01248,32.05128205128205,32.05128205128205,False
49,tags,entirely dialogue,1,20,0.05,0.0016,31.25,31.25,False
49,tags,afi 100,6,20,0.3,0.01024,29.296874999999996,29.296874999999996,False
49,tags,cynical,5,20,0.25,0.00896,27.901785714285715,27.901785714285715,False
49,tags,witty,6,20,0.3,0.0112,26.785714285714285,26.785714285714285,False
49,tags,wistful,1,20,0.05,0.00192,26.041666666666668,26.041666666666668,False
49,tags,film noir,6,20,0.3,0.01152,26.041666666666664,26.041666666666664,False
49,tags,noir,6,20,0.3,0.01216,24.671052631578945,24.671052631578945,False
49,tags,farce,2,20,0.1,0.00448,22.321428571428573,22.321428571428573,False
49,tags,oscar (best writing - screenplay written directly for the screen),1,20,0.05,0.00224,22.321428571428573,22.321428571428573,False
49,tags,train,1,20,0.05,0.00224,22.321428571428573,22.321428571428573,False
49,tags,complicated,5,20,0.25,0.01152,21.70138888888889,21.70138888888889,False
49,tags,noir thriller,6,20,0.3,0.01408,21.30681818181818,21.30681818181818,False
49,tags,black and white,10,20,0.5,0.02656,18.825301204819276,18.825301204819276,False
49,tags,intellectual,2,20,0.1,0.00608,16.44736842105263,16.44736842105263,False
49,tags,political corruption,2,20,0.1,0.00608,16.44736842105263,16.44736842105263,False
49,tags,neo-noir,4,20,0.2,0.01248,16.025641025641026,16.025641025641026,False
49,tags,quotable,8,20,0.4,0.02688,14.880952380952381,14.880952380952381,False
49,tags,new york,2,20,0.1,0.00672,14.880952380952381,14.880952380952381,False
49,tags,great dialogue,2,20,0.1,0.00672,14.880952380952381,14.880952380952381,False
49,tags,crime gone awry,2,20,0.1,0.00704,14.204545454545455,14.204545454545455,False
49,tags,silent,2,20,0.1,0.00704,14.204545454545455,14.204545454545455,False
49,tags,sarcasm,2,20,0.1,0.00704,14.204545454545455,14.204545454545455,False
49,tags,hotel,1,20,0.05,0.00352,14.204545454545455,14.204545454545455,False
49,tags,photography,1,20,0.05,0.00352,14.204545454545455,14.204545454545455,False
49,tags,talky,15,20,0.75,0.05312,14.118975903614457,14.118975903614457,False
49,tags,paranoid,1,20,0.05,0.00384,13.020833333333334,13.020833333333334,False
49,tags,nazi,2,20,0.1,0.00832,12.019230769230772,12.019230769230772,False
49,tags,mistaken identity,1,20,0.05,0.00416,12.019230769230772,12.019230769230772,False
49,tags,atmospheric,3,20,0.15,0.01248,12.019230769230768,12.019230769230768,False
49,tags,classic,18,20,0.9,0.0752,11.96808510638298,11.96808510638298,False
49,tags,mystery,4,20,0.2,0.01728,11.574074074074074,11.574074074074074,False
49,tags,broadway,1,20,0.05,0.00448,11.160714285714286,11.160714285714286,False
49,tags,adultery,2,20,0.1,0.00928,10.775862068965518,10.775862068965518,False
49,tags,detective,3,20,0.15,0.01408,10.65340909090909,10.65340909090909,False
49,tags,nazis,3,20,0.15,0.01472,10.190217391304348,10.190217391304348,False
49,tags,greed,5,20,0.25,0.02464,10.146103896103897,10.146103896103897,False
49,tags,africa,1,20,0.05,0.00512,9.765625,9.765625,False
49,tags,life philosophy,1,20,0.05,0.00512,9.765625,9.765625,False
49,tags,imdb top 250,19,20,0.95,0.09824,9.670195439739414,9.670195439739414,False
49,tags,oscar (best directing),14,20,0.7,0.07264,9.636563876651982,9.636563876651982,False
49,tags,oscar winner,3,20,0.15,0.01568,9.566326530612244,9.566326530612244,False
49,tags,investigation,3,20,0.15,0.016,9.375,9.375,False
49,tags,complicated plot,1,20,0.05,0.00544,9.191176470588236,9.191176470588236,False
49,tags,oscar (best actress),10,20,0.5,0.05504,9.084302325581396,9.084302325581396,False
49,tags,dialogue,5,20,0.25,0.02752,9.084302325581396,9.084302325581396,False
49,tags,interesting,4,20,0.2,0.02208,9.057971014492754,9.057971014492754,False
49,tags,hitchcock,3,20,0.15,0.01664,9.014423076923077,9.014423076923077,False
49,tags,manipulation,2,20,0.1,0.0112,8.928571428571429,8.928571428571429,False
49,tags,highly quotable,2,20,0.1,0.01184,8.445945945945947,8.445945945945947,False
49,tags,gangster,2,20,0.1,0.01216,8.223684210526315,8.223684210526315,False
49,tags,cross dressing,1,20,0.05,0.00608,8.223684210526315,8.223684210526315,False
49,tags,oscar (best supporting actress),3,20,0.15,0.01856,8.081896551724137,8.081896551724137,False
49,tags,bittersweet,3,20,0.15,0.01888,7.944915254237287,7.944915254237287,False
49,tags,sacrifice,1,20,0.05,0.0064,7.8125,7.8125,False
49,tags,los angeles,1,20,0.05,0.0064,7.8125,7.8125,False
49,tags,oscar (best picture),5,20,0.25,0.03296,7.584951456310679,7.584951456310679,False
49,tags,masterpiece,10,20,0.5,0.0672,7.440476190476191,7.440476190476191,False
49,tags,runaway,2,20,0.1,0.01408,7.1022727272727275,7.1022727272727275,False
49,tags,dark,3,20,0.15,0.02144,6.996268656716418,6.996268656716418,False
49,tags,murder,7,20,0.35,0.05024,6.96656050955414,6.96656050955414,False
49,tags,spy,2,20,0.1,0.0144,6.944444444444445,6.944444444444445,False
49,tags,twists & turns,5,20,0.25,0.03648,6.853070175438597,6.853070175438597,False
49,tags,eerie,1,20,0.05,0.00736,6.793478260869565,6.793478260869565,False
49,tags,amazing photography,1,20,0.05,0.00736,6.793478260869565,6.793478260869565,False
49,tags,police investigation,4,20,0.2,0.03008,6.6489361702127665,6.6489361702127665,False
49,tags,1930s,2,20,0.1,0.01504,6.6489361702127665,6.6489361702127665,False
49,tags,great ending,5,20,0.25,0.03776,6.620762711864407,6.620762711864407,False
49,tags,oscar (best actor),3,20,0.15,0.02304,6.510416666666666,6.510416666666666,False
49,tags,complex,3,20,0.15,0.02304,6.510416666666666,6.510416666666666,False
49,tags,obsession,4,20,0.2,0.03104,6.443298969072165,6.443298969072165,False
49,tags,courage,2,20,0.1,0.01568,6.377551020408164,6.377551020408164,False
49,tags,espionage,2,20,0.1,0.01568,6.377551020408164,6.377551020408164,False
49,tags,murder mystery,3,20,0.15,0.02368,6.33445945945946,6.33445945945946,False
49,tags,enigmatic,5,20,0.25,0.04064,6.151574803149606,6.151574803149606,False
49,tags,satirical,2,20,0.1,0.01632,6.127450980392156,6.127450980392156,False
49,tags,german,1,20,0.05,0.00832,6.009615384615386,6.009615384615386,False
49,tags,literary adaptation,1,20,0.05,0.00832,6.009615384615386,6.009615384615386,False
49,tags,sexy,3,20,0.15,0.02528,5.9335443037974684,5.9335443037974684,False
49,tags,great acting,10,20,0.5,0.08448,5.918560606060606,5.918560606060606,False
49,tags,downbeat,2,20,0.1,0.01696,5.89622641509434,5.89622641509434,False
49,tags,secrets,3,20,0.15,0.0256,5.859374999999999,5.859374999999999,False
49,tags,new york city,1,20,0.05,0.00864,5.787037037037037,5.787037037037037,False
49,tags,san francisco,1,20,0.05,0.00896,5.580357142857143,5.580357142857143,False
49,tags,oscar,3,20,0.15,0.0272,5.514705882352941,5.514705882352941,False
49,tags,assassination,1,20,0.05,0.00928,5.387931034482759,5.387931034482759,False
49,tags,criterion,8,20,0.4,0.07456,5.36480686695279,5.36480686695279,False
49,tags,oscar (best cinematography),3,20,0.15,0.02816,5.326704545454545,5.326704545454545,False
49,tags,spying,2,20,0.1,0.01888,5.296610169491525,5.296610169491525,False
49,tags,indians,1,20,0.05,0.0096,5.208333333333334,5.208333333333334,False
49,tags,exceptional acting,1,20,0.05,0.0096,5.208333333333334,5.208333333333334,False
49,tags,romance,4,20,0.2,0.03904,5.122950819672131,5.122950819672131,False
49,tags,suspenseful,4,20,0.2,0.03968,5.040322580645162,5.040322580645162,False
49,tags,affectionate,1,20,0.05,0.00992,5.040322580645162,5.040322580645162,False
49,tags,claustrophobic,1,20,0.05,0.00992,5.040322580645162,5.040322580645162,False
49,genres,Mystery,3,20,0.15,0.03072,4.8828125,4.8828125,False
49,tags,dance,1,20,0.05,0.01024,4.8828125,4.8828125,False
49,tags,excellent script,4,20,0.2,0.04128,4.844961240310078,4.844961240310078,False
49,tags,narrated,2,20,0.1,0.0208,4.807692307692308,4.807692307692308,False
49,tags,jungle,1,20,0.05,0.01056,4.734848484848485,4.734848484848485,False
49,tags,dancing,1,20,0.05,0.01056,4.734848484848485,4.734848484848485,False
49,tags,character study,2,20,0.1,0.02144,4.664179104477612,4.664179104477612,False
49,tags,gangsters,2,20,0.1,0.02176,4.595588235294118,4.595588235294118,False
49,tags,tense,5,20,0.25,0.05536,4.515895953757226,4.515895953757226,False
49,tags,romantic,5,20,0.25,0.05568,4.489942528735632,4.489942528735632,False
49,tags,suspense,5,20,0.25,0.05568,4.489942528735632,4.489942528735632,False
49,tags,good acting,1,20,0.05,0.0112,4.464285714285714,4.464285714285714,False
49,tags,crime,3,20,0.15,0.03456,4.340277777777778,4.340277777777778,False
49,tags,thriller,3,20,0.15,0.03488,4.30045871559633,4.30045871559633,False
49,tags,mafia,1,20,0.05,0.01184,4.222972972972974,4.222972972972974,False
49,tags,melancholic,3,20,0.15,0.0368,4.076086956521739,4.076086956521739,False
49,tags,great,2,20,0.1,0.02496,4.006410256410256,4.006410256410256,False
49,tags,good music,1,20,0.05,0.01248,4.006410256410256,4.006410256410256,False
49,tags,mob,1,20,0.05,0.01248,4.006410256410256,4.006410256410256,False
49,tags,plot twist,1,20,0.05,0.0128,3.90625,3.90625,False
49,tags,bleak,2,20,0.1,0.02624,3.810975609756098,3.810975609756098,False
49,tags,intimate,2,20,0.1,0.02624,3.810975609756098,3.810975609756098,False
49,tags,oscar (best supporting actor),2,20,0.1,0.02784,3.591954022988506,3.591954022988506,False
49,tags,funny as hell,1,20,0.05,0.01408,3.5511363636363638,3.5511363636363638,False
49,tags,loneliness,3,20,0.15,0.04288,3.498134328358209,3.498134328358209,False
49,tags,wwii,1,20,0.05,0.0144,3.4722222222222223,3.4722222222222223,False
49,tags,organized crime,1,20,0.05,0.0144,3.4722222222222223,3.4722222222222223,False
49,tags,betrayal,1,20,0.05,0.01472,3.3967391304347827,3.3967391304347827,False
49,tags,existentialism,1,20,0.05,0.01504,3.3244680851063833,3.3244680851063833,False
49,tags,love story,4,20,0.2,0.06368,3.14070351758794,3.14070351758794,False
49,genres,Musical,2,20,0.1,0.03392,2.94811320754717,2.94811320754717,False
49,tags,world war ii,1,20,0.05,0.01696,2.94811320754717,2.94811320754717,False
49,tags,insanity,1,20,0.05,0.01696,2.94811320754717,2.94811320754717,False
49,tags,social commentary,1,20,0.05,0.01696,2.94811320754717,2.94811320754717,False
49,tags,romantic comedy,2,20,0.1,0.03424,2.9205607476635516,2.9205607476635516,False
49,tags,musical,1,20,0.05,0.0176,2.840909090909091,2.840909090909091,False
49,tags,original,14,20,0.7,0.25024,2.7973145780051145,2.7973145780051145,False
49,tags,stylized,1,20,0.05,0.01856,2.6939655172413794,2.6939655172413794,False
49,tags,satire,1,20,0.05,0.01856,2.6939655172413794,2.6939655172413794,False
49,tags,powerful ending,1,20,0.05,0.01888,2.6483050847457625,2.6483050847457625,False
49,genres,Crime,3,20,0.15,0.05696,2.633426966292135,2.633426966292135,False
49,genres,Romance,7,20,0.35,0.13312,2.629206730769231,2.629206730769231,False
49,tags,wartime,1,20,0.05,0.0192,2.604166666666667,2.604166666666667,False
49,tags,adventure,2,20,0.1,0.04,2.5,2.5,False
49,tags,based on a play,1,20,0.05,0.0208,2.403846153846154,2.403846153846154,False
49,tags,funniest movies,1,20,0.05,0.0208,2.403846153846154,2.403846153846154,False
49,tags,amazing cinematography,1,20,0.05,0.02112,2.3674242424242427,2.3674242424242427,False
49,tags,adapted from:book,3,20,0.15,0.06336,2.367424242424242,2.367424242424242,False
49,tags,dramatic,3,20,0.15,0.06464,2.3205445544554455,2.3205445544554455,False
49,genres,War,2,20,0.1,0.0432,2.314814814814815,2.314814814814815,False
49,tags,cinematography,2,20,0.1,0.04448,2.248201438848921,2.248201438848921,False
49,tags,fast paced,1,20,0.05,0.02368,2.111486486486487,2.111486486486487,False
49,tags,stylish,1,20,0.05,0.02368,2.111486486486487,2.111486486486487,False
49,tags,reflective,1,20,0.05,0.02592,1.9290123456790125,1.9290123456790125,False
49,tags,relationships,2,20,0.1,0.05376,1.8601190476190477,1.8601190476190477,False
49,tags,corruption,1,20,0.05,0.0272,1.8382352941176472,1.8382352941176472,False
49,tags,music,1,20,0.05,0.02752,1.8168604651162792,1.8168604651162792,False
49,genres,Thriller,5,20,0.25,0.14016,1.783675799086758,1.783675799086758,False
49,tags,pornography,1,20,0.05,0.03296,1.5169902912621358,1.5169902912621358,False
49,tags,drama,2,20,0.1,0.06656,1.5024038461538465,1.5024038461538465,False
49,tags,hilarious,1,20,0.05,0.03584,1.3950892857142858,1.3950892857142858,False
49,tags,love,1,20,0.05,0.03616,1.3827433628318586,1.3827433628318586,False
49,tags,comedy,3,20,0.15,0.11168,1.3431232091690544,1.3431232091690544,False
49,tags,great movie,1,20,0.05,0.04352,1.1488970588235294,1.1488970588235294,False
49,genres,Comedy,7,20,0.35,0.32224,1.0861469712015888,1.0861469712015888,False
49,tags,chase,1,20,0.05,0.0528,0.946969696969697,0.946969696969697,False
49,tags,storytelling,1,20,0.05,0.05536,0.9031791907514451,0.9031791907514451,False
49,tags,based on a book,1,20,0.05,0.06656,0.7512019230769232,0.7512019230769232,False
49,genres,Drama,5,20,0.25,0.39584,0.6315683104284558,0.6315683104284558,False
49,genres,Adventure,1,20,0.05,0.08256,0.6056201550387598,0.6056201550387598,False
49,genres,Action,1,20,0.05,0.14528,0.3441629955947137,0.3441629955947137,False
50,tags,shopping,3,20,0.15,0.00096,156.25,156.25,True
50,tags,good romantic comedies,9,20,0.45,0.00704,63.92045454545455,63.92045454545455,True
50,tags,sappy,1,20,0.05,0.00096,52.083333333333336,52.083333333333336,False
50,tags,wedding,2,20,0.1,0.00224,44.642857142857146,44.642857142857146,True
50,tags,spelling bee,1,20,0.05,0.00128,39.0625,39.0625,False
50,tags,girlie movie,16,20,0.8,0.02272,35.2112676056338,35.2112676056338,False
50,tags,very good,1,20,0.05,0.0016,31.25,31.25,False
50,tags,family bonds,1,20,0.05,0.0016,31.25,31.25,False
50,tags,happy ending,9,20,0.45,0.016,28.125,28.125,False
50,tags,chick flick,16,20,0.8,0.03136,25.510204081632654,25.510204081632654,False
50,tags,feel good movie,7,20,0.35,0.0144,24.305555555555554,24.305555555555554,False
50,tags,internet,1,20,0.05,0.00224,22.321428571428573,22.321428571428573,False
50,tags,ghosts/afterlife,1,20,0.05,0.00224,22.321428571428573,22.321428571428573,False
50,tags,sweet,8,20,0.4,0.01856,21.551724137931036,21.551724137931036,False
50,tags,feel-good,12,20,0.6,0.02784,21.551724137931032,21.551724137931032,False
50,tags,romantic comedy,14,20,0.7,0.03424,20.44392523364486,20.44392523364486,False
50,tags,cute!,2,20,0.1,0.00512,19.53125,19.53125,False
50,tags,afterlife,1,20,0.05,0.00256,19.53125,19.53125,False
50,tags,catastrophe,1,20,0.05,0.00256,19.53125,19.53125,False
50,tags,romance,15,20,0.75,0.03904,19.211065573770494,19.211065573770494,False
50,tags,destiny,9,20,0.45,0.024,18.75,18.75,False
50,tags,cute,3,20,0.15,0.00864,17.36111111111111,17.36111111111111,False
50,tags,classical music,1,20,0.05,0.00288,17.36111111111111,17.36111111111111,False
50,tags,oscar winner,5,20,0.25,0.01568,15.943877551020408,15.943877551020408,False
50,tags,inspirational,2,20,0.1,0.0064,15.625,15.625,False
50,tags,sentimental,5,20,0.25,0.01664,15.024038461538463,15.024038461538463,False
50,tags,predictable,2,20,0.1,0.00672,14.880952380952381,14.880952380952381,False
50,tags,tear jerker,2,20,0.1,0.00704,14.204545454545455,14.204545454545455,False
50,tags,baseball,1,20,0.05,0.00352,14.204545454545455,14.204545454545455,False
50,tags,romantic,15,20,0.75,0.05568,13.469827586206897,13.469827586206897,False
50,tags,football,1,20,0.05,0.00384,13.020833333333334,13.020833333333334,False
50,tags,teacher,1,20,0.05,0.00384,13.020833333333334,13.020833333333334,False
50,tags,divorce,1,20,0.05,0.00416,12.019230769230772,12.019230769230772,False
50,tags,love story,15,20,0.75,0.06368,11.777638190954773,11.777638190954773,False
50,tags,prostitution,1,20,0.05,0.00448,11.160714285714286,11.160714285714286,False
50,tags,life,1,20,0.05,0.00448,11.160714285714286,11.160714285714286,False
50,tags,single father,1,20,0.05,0.0048,10.416666666666668,10.416666666666668,False
50,tags,earnest,1,20,0.05,0.0048,10.416666666666668,10.416666666666668,False
50,tags,fairy tales,1,20,0.05,0.0048,10.416666666666668,10.416666666666668,False
50,tags,inspiring,1,20,0.05,0.0048,10.416666666666668,10.416666666666668,False
50,tags,women,3,20,0.15,0.01568,9.566326530612244,9.566326530612244,False
50,tags,disability,1,20,0.05,0.00544,9.191176470588236,9.191176470588236,False
50,tags,rags to riches,1,20,0.05,0.00576,8.680555555555555,8.680555555555555,False
50,tags,london,1,20,0.05,0.00576,8.680555555555555,8.680555555555555,False
50,tags,president,1,20,0.05,0.00576,8.680555555555555,8.680555555555555,False
50,tags,heartwarming,2,20,0.1,0.01184,8.445945945945947,8.445945945945947,False
50,tags,nostalgic,2,20,0.1,0.01216,8.223684210526315,8.223684210526315,False
50,tags,cross dressing,1,20,0.05,0.00608,8.223684210526315,8.223684210526315,False
50,tags,fighting the system,1,20,0.05,0.0064,7.8125,7.8125,False
50,tags,oscar,4,20,0.2,0.0272,7.352941176470589,7.352941176470589,False
50,tags,british,2,20,0.1,0.01408,7.1022727272727275,7.1022727272727275,False
50,tags,pg-13,1,20,0.05,0.00704,7.1022727272727275,7.1022727272727275,False
50,tags,shakespeare,1,20,0.05,0.00704,7.1022727272727275,7.1022727272727275,False
50,tags,love,5,20,0.25,0.03616,6.913716814159293,6.913716814159293,False
50,tags,good,5,20,0.25,0.0368,6.793478260869565,6.793478260869565,False
50,tags,fairy tale,2,20,0.1,0.01504,6.6489361702127665,6.6489361702127665,False
50,genres,Romance,16,20,0.8,0.13312,6.009615384615386,6.009615384615386,False
50,tags,drama,8,20,0.4,0.06656,6.009615384615386,6.009615384615386,False
50,tags,world politics,1,20,0.05,0.00832,6.009615384615386,6.009615384615386,False
50,tags,sports,2,20,0.1,0.01792,5.580357142857143,5.580357142857143,False
50,tags,ghosts,1,20,0.05,0.00896,5.580357142857143,5.580357142857143,False
50,tags,literature,1,20,0.05,0.00896,5.580357142857143,5.580357142857143,False
50,tags,oscar (best supporting actress),2,20,0.1,0.01856,5.387931034482759,5.387931034482759,False
50,tags,natural disaster,1,20,0.05,0.00928,5.387931034482759,5.387931034482759,False
50,tags,remake,1,20,0.05,0.00928,5.387931034482759,5.387931034482759,False
50,tags,touching,3,20,0.15,0.02816,5.326704545454545,5.326704545454545,False
50,tags,bittersweet,2,20,0.1,0.01888,5.296610169491525,5.296610169491525,False
50,tags,dog,1,20,0.05,0.0096,5.208333333333334,5.208333333333334,False
50,tags,courtroom,1,20,0.05,0.00992,5.040322580645162,5.040322580645162,False
50,tags,costume drama,1,20,0.05,0.01024,4.8828125,4.8828125,False
50,tags,passionate,1,20,0.05,0.01024,4.8828125,4.8828125,False
50,tags,artistic,1,20,0.05,0.01056,4.734848484848485,4.734848484848485,False
50,tags,relationships,5,20,0.25,0.05376,4.650297619047619,4.650297619047619,False
50,tags,oscar (best picture),3,20,0.15,0.03296,4.550970873786407,4.550970873786407,False
50,tags,magic,1,20,0.05,0.0112,4.464285714285714,4.464285714285714,False
50,tags,epic,1,20,0.05,0.0112,4.464285714285714,4.464285714285714,False
50,tags,witty,1,20,0.05,0.0112,4.464285714285714,4.464285714285714,False
50,tags,historical,2,20,0.1,0.02272,4.401408450704225,4.401408450704225,False
50,tags,us history,1,20,0.05,0.01152,4.340277777777778,4.340277777777778,False
50,tags,england,1,20,0.05,0.01152,4.340277777777778,4.340277777777778,False
50,tags,based on a true story,1,20,0.05,0.01184,4.222972972972974,4.222972972972974,False
50,tags,lawyers,1,20,0.05,0.01216,4.1118421052631575,4.1118421052631575,False
50,tags,death,1,20,0.05,0.01248,4.006410256410256,4.006410256410256,False
50,tags,good music,1,20,0.05,0.01248,4.006410256410256,4.006410256410256,False
50,tags,quotable,2,20,0.1,0.02688,3.7202380952380953,3.7202380952380953,False
50,tags,excellent script,3,20,0.15,0.04128,3.6337209302325584,3.6337209302325584,False
50,tags,beautiful scenery,1,20,0.05,0.01408,3.5511363636363638,3.5511363636363638,False
50,tags,musicians,1,20,0.05,0.0144,3.4722222222222223,3.4722222222222223,False
50,tags,oscar (best directing),5,20,0.25,0.07264,3.441629955947137,3.441629955947137,False
50,tags,politics,1,20,0.05,0.01472,3.3967391304347827,3.3967391304347827,False
50,tags,lawyer,1,20,0.05,0.01504,3.3244680851063833,3.3244680851063833,False
50,tags,period piece,1,20,0.05,0.01536,3.2552083333333335,3.2552083333333335,False
50,tags,gay character,1,20,0.05,0.01568,3.188775510204082,3.188775510204082,False
50,tags,political,1,20,0.05,0.01568,3.188775510204082,3.188775510204082,False
50,tags,rock and roll,1,20,0.05,0.016,3.125,3.125,False
50,tags,biographical,1,20,0.05,0.01664,3.004807692307693,3.004807692307693,False
50,tags,world war ii,1,20,0.05,0.01696,2.94811320754717,2.94811320754717,False
50,tags,supernatural,1,20,0.05,0.01728,2.8935185185185186,2.8935185185185186,False
50,tags,history,1,20,0.05,0.01728,2.8935185185185186,2.8935185185185186,False
50,tags,life & death,1,20,0.05,0.0176,2.840909090909091,2.840909090909091,False
50,tags,mentor,4,20,0.2,0.07168,2.7901785714285716,2.7901785714285716,False
50,tags,wartime,1,20,0.05,0.0192,2.604166666666667,2.604166666666667,False
50,tags,based on true story,1,20,0.05,0.01984,2.520161290322581,2.520161290322581,False
50,tags,gay,1,20,0.05,0.0208,2.403846153846154,2.403846153846154,False
50,tags,narrated,1,20,0.05,0.0208,2.403846153846154,2.403846153846154,False
50,tags,true story,1,20,0.05,0.0208,2.403846153846154,2.403846153846154,False
50,tags,based on a play,1,20,0.05,0.0208,2.403846153846154,2.403846153846154,False
50,tags,great acting,4,20,0.2,0.08448,2.3674242424242427,2.3674242424242427,False
50,genres,Comedy,15,20,0.75,0.32224,2.327457795431976,2.327457795431976,False
50,tags,fantasy,1,20,0.05,0.02176,2.297794117647059,2.297794117647059,False
50,tags,high school,1,20,0.05,0.0224,2.232142857142857,2.232142857142857,False
50,tags,oscar (best actor),1,20,0.05,0.02304,2.170138888888889,2.170138888888889,False
50,tags,small town,1,20,0.05,0.02368,2.111486486486487,2.111486486486487,False
50,tags,greed,1,20,0.05,0.02464,2.0292207792207795,2.0292207792207795,False
50,tags,family,2,20,0.1,0.05152,1.9409937888198758,1.9409937888198758,False
50,tags,big budget,1,20,0.05,0.02592,1.9290123456790125,1.9290123456790125,False
50,tags,oscar (best actress),2,20,0.1,0.05504,1.8168604651162792,1.8168604651162792,False
50,tags,music,1,20,0.05,0.02752,1.8168604651162792,1.8168604651162792,False
50,tags,oscar (best supporting actor),1,20,0.05,0.02784,1.795977011494253,1.795977011494253,False
50,tags,oscar (best cinematography),1,20,0.05,0.02816,1.7755681818181819,1.7755681818181819,False
50,tags,story,1,20,0.05,0.02848,1.75561797752809,1.75561797752809,False
50,tags,unlikely friendships,1,20,0.05,0.02976,1.6801075268817205,1.6801075268817205,False
50,tags,childhood,1,20,0.05,0.0304,1.6447368421052633,1.6447368421052633,False
50,tags,children,1,20,0.05,0.03104,1.6108247422680413,1.6108247422680413,False
50,tags,based on book,1,20,0.05,0.03872,1.2913223140495869,1.2913223140495869,False
50,genres,War,1,20,0.05,0.0432,1.1574074074074074,1.1574074074074074,False
50,tags,great movie,1,20,0.05,0.04352,1.1488970588235294,1.1488970588235294,False
50,tags,funny,1,20,0.05,0.04832,1.03476821192053,1.03476821192053,False
50,tags,chase,1,20,0.05,0.0528,0.946969696969697,0.946969696969697,False
50,tags,special effects,1,20,0.05,0.05408,0.9245562130177515,0.9245562130177515,False
50,tags,suspense,1,20,0.05,0.05568,0.8979885057471265,0.8979885057471265,False
50,tags,comedy,2,20,0.1,0.11168,0.8954154727793696,0.8954154727793696,False
50,genres,Drama,7,20,0.35,0.39584,0.8841956345998382,0.8841956345998382,False
50,tags,dramatic,1,20,0.05,0.06464,0.7735148514851485,0.7735148514851485,False
50,tags,imdb top 250,1,20,0.05,0.09824,0.508957654723127,0.508957654723127,False
50,genres,Thriller,1,20,0.05,0.14016,0.3567351598173516,0.3567351598173516,False
50,tags,original,1,20,0.05,0.25024,0.19980818414322252,0.19980818414322252,False
51,tags,love triangles,2,20,0.1,0.00128,78.125,78.125,True
51,tags,boat,1,20,0.05,0.00096,52.083333333333336,52.083333333333336,False
51,tags,hollywood,1,20,0.05,0.00096,52.083333333333336,52.083333333333336,False
51,tags,screwball,4,20,0.2,0.00544,36.76470588235294,36.76470588235294,True
51,tags,screwball comedy,4,20,0.2,0.00576,34.72222222222222,34.72222222222222,True
51,tags,private detective,2,20,0.1,0.0032,31.25,31.25,False
51,tags,entirely dialogue,1,20,0.05,0.0016,31.25,31.25,False
51,tags,afi 100 (movie quotes),4,20,0.2,0.00672,29.761904761904763,29.761904761904763,False
51,tags,afi 100,6,20,0.3,0.01024,29.296874999999996,29.296874999999996,False
51,genres,Film-Noir,7,20,0.35,0.01248,28.044871794871792,28.044871794871792,False
51,tags,witty,6,20,0.3,0.0112,26.785714285714285,26.785714285714285,False
51,tags,wistful,1,20,0.05,0.00192,26.041666666666668,26.041666666666668,False
51,tags,cynical,4,20,0.2,0.00896,22.321428571428573,22.321428571428573,False
51,tags,farce,2,20,0.1,0.00448,22.321428571428573,22.321428571428573,False
51,tags,oscar (best writing - screenplay written directly for the screen),1,20,0.05,0.00224,22.321428571428573,22.321428571428573,False
51,tags,train,1,20,0.05,0.00224,22.321428571428573,22.321428571428573,False
51,tags,film noir,5,20,0.25,0.01152,21.70138888888889,21.70138888888889,False
51,tags,noir,5,20,0.25,0.01216,20.559210526315788,20.559210526315788,False
51,tags,noir thriller,5,20,0.25,0.01408,17.755681818181817,17.755681818181817,False
51,tags,complicated,4,20,0.2,0.01152,17.36111111111111,17.36111111111111,False
51,tags,black and white,9,20,0.45,0.02656,16.94277108433735,16.94277108433735,False
51,tags,intellectual,2,20,0.1,0.00608,16.44736842105263,16.44736842105263,False
51,tags,talky,16,20,0.8,0.05312,15.060240963855422,15.060240963855422,False
51,tags,new york,2,20,0.1,0.00672,14.880952380952381,14.880952380952381,False
51,tags,great dialogue,2,20,0.1,0.00672,14.880952380952381,14.880952380952381,False
51,tags,crime gone awry,2,20,0.1,0.00704,14.204545454545455,14.204545454545455,False
51,tags,silent,2,20,0.1,0.00704,14.204545454545455,14.204545454545455,False
51,tags,sarcasm,2,20,0.1,0.00704,14.204545454545455,14.204545454545455,False
51,tags,hotel,1,20,0.05,0.00352,14.204545454545455,14.204545454545455,False
51,tags,photography,1,20,0.05,0.00352,14.204545454545455,14.204545454545455,False
51,tags,paranoid,1,20,0.05,0.00384,13.020833333333334,13.020833333333334,False
51,tags,voyeurism,1,20,0.05,0.00384,13.020833333333334,13.020833333333334,False
51,tags,quotable,7,20,0.35,0.02688,13.020833333333332,13.020833333333332,False
51,tags,hitchcock,4,20,0.2,0.01664,12.019230769230772,12.019230769230772,False
51,tags,nazi,2,20,0.1,0.00832,12.019230769230772,12.019230769230772,False
51,tags,mistaken identity,1,20,0.05,0.00416,12.019230769230772,12.019230769230772,False
51,tags,neo-noir,3,20,0.15,0.01248,12.019230769230768,12.019230769230768,False
51,tags,classic,18,20,0.9,0.0752,11.96808510638298,11.96808510638298,False
51,tags,mystery,4,20,0.2,0.01728,11.574074074074074,11.574074074074074,False
51,tags,broadway,1,20,0.05,0.00448,11.160714285714286,11.160714285714286,False
51,tags,nazis,3,20,0.15,0.01472,10.190217391304348,10.190217391304348,False
51,tags,claustrophobic,2,20,0.1,0.00992,10.080645161290324,10.080645161290324,False
51,tags,africa,1,20,0.05,0.00512,9.765625,9.765625,False
51,tags,life philosophy,1,20,0.05,0.00512,9.765625,9.765625,False
51,tags,imdb top 250,19,20,0.95,0.09824,9.670195439739414,9.670195439739414,False
51,tags,oscar (best directing),14,20,0.7,0.07264,9.636563876651982,9.636563876651982,False
51,tags,oscar winner,3,20,0.15,0.01568,9.566326530612244,9.566326530612244,False
51,tags,complicated plot,1,20,0.05,0.00544,9.191176470588236,9.191176470588236,False
51,tags,dialogue,5,20,0.25,0.02752,9.084302325581396,9.084302325581396,False
51,tags,interesting,4,20,0.2,0.02208,9.057971014492754,9.057971014492754,False
51,tags,manipulation,2,20,0.1,0.0112,8.928571428571429,8.928571428571429,False
51,tags,highly quotable,2,20,0.1,0.01184,8.445945945945947,8.445945945945947,False
51,tags,gangster,2,20,0.1,0.01216,8.223684210526315,8.223684210526315,False
51,tags,cross dressing,1,20,0.05,0.00608,8.223684210526315,8.223684210526315,False
51,tags,political corruption,1,20,0.05,0.00608,8.223684210526315,8.223684210526315,False
51,tags,oscar (best actress),9,20,0.45,0.05504,8.175872093023257,8.175872093023257,False
51,tags,greed,4,20,0.2,0.02464,8.116883116883118,8.116883116883118,False
51,tags,oscar (best supporting actress),3,20,0.15,0.01856,8.081896551724137,8.081896551724137,False
51,tags,obsession,5,20,0.25,0.03104,8.054123711340205,8.054123711340205,False
51,tags,atmospheric,2,20,0.1,0.01248,8.012820512820513,8.012820512820513,False
51,tags,bittersweet,3,20,0.15,0.01888,7.944915254237287,7.944915254237287,False
51,tags,spying,3,20,0.15,0.01888,7.944915254237287,7.944915254237287,False
51,tags,sacrifice,1,20,0.05,0.0064,7.8125,7.8125,False
51,tags,oscar (best picture),5,20,0.25,0.03296,7.584951456310679,7.584951456310679,False
51,tags,masterpiece,10,20,0.5,0.0672,7.440476190476191,7.440476190476191,False
51,tags,oscar (best cinematography),4,20,0.2,0.02816,7.1022727272727275,7.1022727272727275,False
51,tags,detective,2,20,0.1,0.01408,7.1022727272727275,7.1022727272727275,False
51,tags,runaway,2,20,0.1,0.01408,7.1022727272727275,7.1022727272727275,False
51,tags,murder,7,20,0.35,0.05024,6.96656050955414,6.96656050955414,False
51,tags,spy,2,20,0.1,0.0144,6.944444444444445,6.944444444444445,False
51,tags,eerie,1,20,0.05,0.00736,6.793478260869565,6.793478260869565,False
51,tags,amazing photography,1,20,0.05,0.00736,6.793478260869565,6.793478260869565,False
51,tags,police investigation,4,20,0.2,0.03008,6.6489361702127665,6.6489361702127665,False
51,tags,great ending,5,20,0.25,0.03776,6.620762711864407,6.620762711864407,False
51,tags,oscar (best actor),3,20,0.15,0.02304,6.510416666666666,6.510416666666666,False
51,tags,complex,3,20,0.15,0.02304,6.510416666666666,6.510416666666666,False
51,tags,courage,2,20,0.1,0.01568,6.377551020408164,6.377551020408164,False
51,tags,espionage,2,20,0.1,0.01568,6.377551020408164,6.377551020408164,False
51,tags,murder mystery,3,20,0.15,0.02368,6.33445945945946,6.33445945945946,False
51,tags,suspenseful,5,20,0.25,0.03968,6.300403225806452,6.300403225806452,False
51,tags,investigation,2,20,0.1,0.016,6.25,6.25,False
51,tags,satirical,2,20,0.1,0.01632,6.127450980392156,6.127450980392156,False
51,tags,german,1,20,0.05,0.00832,6.009615384615386,6.009615384615386,False
51,tags,literary adaptation,1,20,0.05,0.00832,6.009615384615386,6.009615384615386,False
51,tags,sexy,3,20,0.15,0.02528,5.9335443037974684,5.9335443037974684,False
51,tags,new york city,1,20,0.05,0.00864,5.787037037037037,5.787037037037037,False
51,tags,san francisco,1,20,0.05,0.00896,5.580357142857143,5.580357142857143,False
51,tags,oscar,3,20,0.15,0.0272,5.514705882352941,5.514705882352941,False
51,tags,twists & turns,4,20,0.2,0.03648,5.482456140350878,5.482456140350878,False
51,tags,tense,6,20,0.3,0.05536,5.41907514450867,5.41907514450867,False
51,tags,adultery,1,20,0.05,0.00928,5.387931034482759,5.387931034482759,False
51,tags,assassination,1,20,0.05,0.00928,5.387931034482759,5.387931034482759,False
51,tags,great acting,9,20,0.45,0.08448,5.326704545454546,5.326704545454546,False
51,tags,indians,1,20,0.05,0.0096,5.208333333333334,5.208333333333334,False
51,tags,romance,4,20,0.2,0.03904,5.122950819672131,5.122950819672131,False
51,tags,affectionate,1,20,0.05,0.00992,5.040322580645162,5.040322580645162,False
51,tags,enigmatic,4,20,0.2,0.04064,4.921259842519685,4.921259842519685,False
51,genres,Mystery,3,20,0.15,0.03072,4.8828125,4.8828125,False
51,tags,dance,1,20,0.05,0.01024,4.8828125,4.8828125,False
51,tags,excellent script,4,20,0.2,0.04128,4.844961240310078,4.844961240310078,False
51,tags,narrated,2,20,0.1,0.0208,4.807692307692308,4.807692307692308,False
51,tags,jungle,1,20,0.05,0.01056,4.734848484848485,4.734848484848485,False
51,tags,dancing,1,20,0.05,0.01056,4.734848484848485,4.734848484848485,False
51,tags,criterion,7,20,0.35,0.07456,4.6942060085836905,4.6942060085836905,False
51,tags,dark,2,20,0.1,0.02144,4.664179104477612,4.664179104477612,False
51,tags,character study,2,20,0.1,0.02144,4.664179104477612,4.664179104477612,False
51,tags,gangsters,2,20,0.1,0.02176,4.595588235294118,4.595588235294118,False
51,tags,romantic,5,20,0.25,0.05568,4.489942528735632,4.489942528735632,False
51,tags,suspense,5,20,0.25,0.05568,4.489942528735632,4.489942528735632,False
51,tags,thriller,3,20,0.15,0.03488,4.30045871559633,4.30045871559633,False
51,tags,mafia,1,20,0.05,0.01184,4.222972972972974,4.222972972972974,False
51,tags,good music,1,20,0.05,0.01248,4.006410256410256,4.006410256410256,False
51,tags,mob,1,20,0.05,0.01248,4.006410256410256,4.006410256410256,False
51,tags,secrets,2,20,0.1,0.0256,3.90625,3.90625,False
51,tags,intimate,2,20,0.1,0.02624,3.810975609756098,3.810975609756098,False
51,tags,oscar (best supporting actor),2,20,0.1,0.02784,3.591954022988506,3.591954022988506,False
51,tags,funny as hell,1,20,0.05,0.01408,3.5511363636363638,3.5511363636363638,False
51,tags,loneliness,3,20,0.15,0.04288,3.498134328358209,3.498134328358209,False
51,tags,wwii,1,20,0.05,0.0144,3.4722222222222223,3.4722222222222223,False
51,tags,organized crime,1,20,0.05,0.0144,3.4722222222222223,3.4722222222222223,False
51,tags,betrayal,1,20,0.05,0.01472,3.3967391304347827,3.3967391304347827,False
51,tags,1930s,1,20,0.05,0.01504,3.3244680851063833,3.3244680851063833,False
51,tags,existentialism,1,20,0.05,0.01504,3.3244680851063833,3.3244680851063833,False
51,tags,love story,4,20,0.2,0.06368,3.14070351758794,3.14070351758794,False
51,genres,Musical,2,20,0.1,0.03392,2.94811320754717,2.94811320754717,False
51,tags,world war ii,1,20,0.05,0.01696,2.94811320754717,2.94811320754717,False
51,tags,downbeat,1,20,0.05,0.01696,2.94811320754717,2.94811320754717,False
51,tags,insanity,1,20,0.05,0.01696,2.94811320754717,2.94811320754717,False
51,tags,romantic comedy,2,20,0.1,0.03424,2.9205607476635516,2.9205607476635516,False
51,tags,crime,2,20,0.1,0.03456,2.8935185185185186,2.8935185185185186,False
51,tags,musical,1,20,0.05,0.0176,2.840909090909091,2.840909090909091,False
51,tags,original,14,20,0.7,0.25024,2.7973145780051145,2.7973145780051145,False
51,tags,melancholic,2,20,0.1,0.0368,2.717391304347826,2.717391304347826,False
51,tags,stylized,1,20,0.05,0.01856,2.6939655172413794,2.6939655172413794,False
51,tags,satire,1,20,0.05,0.01856,2.6939655172413794,2.6939655172413794,False
51,tags,powerful ending,1,20,0.05,0.01888,2.6483050847457625,2.6483050847457625,False
51,genres,Crime,3,20,0.15,0.05696,2.633426966292135,2.633426966292135,False
51,genres,Romance,7,20,0.35,0.13312,2.629206730769231,2.629206730769231,False
51,tags,wartime,1,20,0.05,0.0192,2.604166666666667,2.604166666666667,False
51,tags,adventure,2,20,0.1,0.04,2.5,2.5,False
51,tags,based on a play,1,20,0.05,0.0208,2.403846153846154,2.403846153846154,False
51,tags,funniest movies,1,20,0.05,0.0208,2.403846153846154,2.403846153846154,False
51,tags,amazing cinematography,1,20,0.05,0.02112,2.3674242424242427,2.3674242424242427,False
51,tags,adapted from:book,3,20,0.15,0.06336,2.367424242424242,2.367424242424242,False
51,tags,dramatic,3,20,0.15,0.06464,2.3205445544554455,2.3205445544554455,False
51,genres,War,2,20,0.1,0.0432,2.314814814814815,2.314814814814815,False
51,tags,fast paced,1,20,0.05,0.02368,2.111486486486487,2.111486486486487,False
51,tags,great,1,20,0.05,0.02496,2.003205128205128,2.003205128205128,False
51,tags,reflective,1,20,0.05,0.02592,1.9290123456790125,1.9290123456790125,False
51,tags,bleak,1,20,0.05,0.02624,1.905487804878049,1.905487804878049,False
51,tags,relationships,2,20,0.1,0.05376,1.8601190476190477,1.8601190476190477,False
51,tags,music,1,20,0.05,0.02752,1.8168604651162792,1.8168604651162792,False
51,genres,Thriller,5,20,0.25,0.14016,1.783675799086758,1.783675799086758,False
51,tags,pornography,1,20,0.05,0.03296,1.5169902912621358,1.5169902912621358,False
51,tags,drama,2,20,0.1,0.06656,1.5024038461538465,1.5024038461538465,False
51,tags,hilarious,1,20,0.05,0.03584,1.3950892857142858,1.3950892857142858,False
51,tags,love,1,20,0.05,0.03616,1.3827433628318586,1.3827433628318586,False
51,tags,comedy,3,20,0.15,0.11168,1.3431232091690544,1.3431232091690544,False
51,tags,visually appealing,1,20,0.05,0.04416,1.1322463768115942,1.1322463768115942,False
51,tags,cinematography,1,20,0.05,0.04448,1.1241007194244605,1.1241007194244605,False
51,genres,Comedy,7,20,0.35,0.32224,1.0861469712015888,1.0861469712015888,False
51,tags,chase,1,20,0.05,0.0528,0.946969696969697,0.946969696969697,False
51,tags,based on a book,1,20,0.05,0.06656,0.7512019230769232,0.7512019230769232,False
51,genres,Drama,5,20,0.25,0.39584,0.6315683104284558,0.6315683104284558,False
51,genres,Adventure,1,20,0.05,0.08256,0.6056201550387598,0.6056201550387598,False
51,genres,Action,1,20,0.05,0.14528,0.3441629955947137,0.3441629955947137,False
52,tags,perfect,1,20,0.05,0.00032,156.25,156.25,False
52,tags,love triangles,2,20,0.1,0.00128,78.125,78.125,True
52,tags,boat,1,20,0.05,0.00096,52.083333333333336,52.083333333333336,False
52,tags,hollywood,1,20,0.05,0.00096,52.083333333333336,52.083333333333336,False
52,tags,private detective,3,20,0.15,0.0032,46.87499999999999,46.87499999999999,True
52,tags,afi 100 (movie quotes),5,20,0.25,0.00672,37.20238095238095,37.20238095238095,True
52,tags,screwball,4,20,0.2,0.00544,36.76470588235294,36.76470588235294,False
52,tags,screwball comedy,4,20,0.2,0.00576,34.72222222222222,34.72222222222222,False
52,genres,Film-Noir,8,20,0.4,0.01248,32.05128205128205,32.05128205128205,False
52,tags,entirely dialogue,1,20,0.05,0.0016,31.25,31.25,False
52,tags,afi 100,6,20,0.3,0.01024,29.296874999999996,29.296874999999996,False
52,tags,cynical,5,20,0.25,0.00896,27.901785714285715,27.901785714285715,False
52,tags,witty,6,20,0.3,0.0112,26.785714285714285,26.785714285714285,False
52,tags,wistful,1,20,0.05,0.00192,26.041666666666668,26.041666666666668,False
52,tags,film noir,6,20,0.3,0.01152,26.041666666666664,26.041666666666664,False
52,tags,noir,6,20,0.3,0.01216,24.671052631578945,24.671052631578945,False
52,tags,farce,2,20,0.1,0.00448,22.321428571428573,22.321428571428573,False
52,tags,oscar (best writing - screenplay written directly for the screen),1,20,0.05,0.00224,22.321428571428573,22.321428571428573,False
52,tags,train,1,20,0.05,0.00224,22.321428571428573,22.321428571428573,False
52,tags,complicated,5,20,0.25,0.01152,21.70138888888889,21.70138888888889,False
52,tags,noir thriller,6,20,0.3,0.01408,21.30681818181818,21.30681818181818,False
52,tags,black and white,10,20,0.5,0.02656,18.825301204819276,18.825301204819276,False
52,tags,intellectual,2,20,0.1,0.00608,16.44736842105263,16.44736842105263,False
52,tags,political corruption,2,20,0.1,0.00608,16.44736842105263,16.44736842105263,False
52,tags,neo-noir,4,20,0.2,0.01248,16.025641025641026,16.025641025641026,False
52,tags,quotable,8,20,0.4,0.02688,14.880952380952381,14.880952380952381,False
52,tags,new york,2,20,0.1,0.00672,14.880952380952381,14.880952380952381,False
52,tags,great dialogue,2,20,0.1,0.00672,14.880952380952381,14.880952380952381,False
52,tags,crime gone awry,2,20,0.1,0.00704,14.204545454545455,14.204545454545455,False
52,tags,silent,2,20,0.1,0.00704,14.204545454545455,14.204545454545455,False
52,tags,sarcasm,2,20,0.1,0.00704,14.204545454545455,14.204545454545455,False
52,tags,hotel,1,20,0.05,0.00352,14.204545454545455,14.204545454545455,False
52,tags,photography,1,20,0.05,0.00352,14.204545454545455,14.204545454545455,False
52,tags,talky,15,20,0.75,0.05312,14.118975903614457,14.118975903614457,False
52,tags,paranoid,1,20,0.05,0.00384,13.020833333333334,13.020833333333334,False
52,tags,nazi,2,20,0.1,0.00832,12.019230769230772,12.019230769230772,False
52,tags,mistaken identity,1,20,0.05,0.00416,12.019230769230772,12.019230769230772,False
52,tags,atmospheric,3,20,0.15,0.01248,12.019230769230768,12.019230769230768,False
52,tags,classic,18,20,0.9,0.0752,11.96808510638298,11.96808510638298,False
52,tags,mystery,4,20,0.2,0.01728,11.574074074074074,11.574074074074074,False
52,tags,broadway,1,20,0.05,0.00448,11.160714285714286,11.160714285714286,False
52,tags,adultery,2,20,0.1,0.00928,10.775862068965518,10.775862068965518,False
52,tags,detective,3,20,0.15,0.01408,10.65340909090909,10.65340909090909,False
52,tags,nazis,3,20,0.15,0.01472,10.190217391304348,10.190217391304348,False
52,tags,greed,5,20,0.25,0.02464,10.146103896103897,10.146103896103897,False
52,tags,africa,1,20,0.05,0.00512,9.765625,9.765625,False
52,tags,life philosophy,1,20,0.05,0.00512,9.765625,9.765625,False
52,tags,imdb top 250,19,20,0.95,0.09824,9.670195439739414,9.670195439739414,False
52,tags,oscar (best directing),14,20,0.7,0.07264,9.636563876651982,9.636563876651982,False
52,tags,oscar winner,3,20,0.15,0.01568,9.566326530612244,9.566326530612244,False
52,tags,investigation,3,20,0.15,0.016,9.375,9.375,False
52,tags,complicated plot,1,20,0.05,0.00544,9.191176470588236,9.191176470588236,False
52,tags,oscar (best actress),10,20,0.5,0.05504,9.084302325581396,9.084302325581396,False
52,tags,dialogue,5,20,0.25,0.02752,9.084302325581396,9.084302325581396,False
52,tags,interesting,4,20,0.2,0.02208,9.057971014492754,9.057971014492754,False
52,tags,hitchcock,3,20,0.15,0.01664,9.014423076923077,9.014423076923077,False
52,tags,manipulation,2,20,0.1,0.0112,8.928571428571429,8.928571428571429,False
52,tags,highly quotable,2,20,0.1,0.01184,8.445945945945947,8.445945945945947,False
52,tags,gangster,2,20,0.1,0.01216,8.223684210526315,8.223684210526315,False
52,tags,cross dressing,1,20,0.05,0.00608,8.223684210526315,8.223684210526315,False
52,tags,oscar (best supporting actress),3,20,0.15,0.01856,8.081896551724137,8.081896551724137,False
52,tags,bittersweet,3,20,0.15,0.01888,7.944915254237287,7.944915254237287,False
52,tags,sacrifice,1,20,0.05,0.0064,7.8125,7.8125,False
52,tags,los angeles,1,20,0.05,0.0064,7.8125,7.8125,False
52,tags,oscar (best picture),5,20,0.25,0.03296,7.584951456310679,7.584951456310679,False
52,tags,masterpiece,10,20,0.5,0.0672,7.440476190476191,7.440476190476191,False
52,tags,runaway,2,20,0.1,0.01408,7.1022727272727275,7.1022727272727275,False
52,tags,dark,3,20,0.15,0.02144,6.996268656716418,6.996268656716418,False
52,tags,murder,7,20,0.35,0.05024,6.96656050955414,6.96656050955414,False
52,tags,spy,2,20,0.1,0.0144,6.944444444444445,6.944444444444445,False
52,tags,twists & turns,5,20,0.25,0.03648,6.853070175438597,6.853070175438597,False
52,tags,eerie,1,20,0.05,0.00736,6.793478260869565,6.793478260869565,False
52,tags,amazing photography,1,20,0.05,0.00736,6.793478260869565,6.793478260869565,False
52,tags,police investigation,4,20,0.2,0.03008,6.6489361702127665,6.6489361702127665,False
52,tags,1930s,2,20,0.1,0.01504,6.6489361702127665,6.6489361702127665,False
52,tags,great ending,5,20,0.25,0.03776,6.620762711864407,6.620762711864407,False
52,tags,oscar (best actor),3,20,0.15,0.02304,6.510416666666666,6.510416666666666,False
52,tags,complex,3,20,0.15,0.02304,6.510416666666666,6.510416666666666,False
52,tags,obsession,4,20,0.2,0.03104,6.443298969072165,6.443298969072165,False
52,tags,courage,2,20,0.1,0.01568,6.377551020408164,6.377551020408164,False
52,tags,espionage,2,20,0.1,0.01568,6.377551020408164,6.377551020408164,False
52,tags,murder mystery,3,20,0.15,0.02368,6.33445945945946,6.33445945945946,False
52,tags,enigmatic,5,20,0.25,0.04064,6.151574803149606,6.151574803149606,False
52,tags,satirical,2,20,0.1,0.01632,6.127450980392156,6.127450980392156,False
52,tags,german,1,20,0.05,0.00832,6.009615384615386,6.009615384615386,False
52,tags,literary adaptation,1,20,0.05,0.00832,6.009615384615386,6.009615384615386,False
52,tags,sexy,3,20,0.15,0.02528,5.9335443037974684,5.9335443037974684,False
52,tags,great acting,10,20,0.5,0.08448,5.918560606060606,5.918560606060606,False
52,tags,downbeat,2,20,0.1,0.01696,5.89622641509434,5.89622641509434,False
52,tags,secrets,3,20,0.15,0.0256,5.859374999999999,5.859374999999999,False
52,tags,new york city,1,20,0.05,0.00864,5.787037037037037,5.787037037037037,False
52,tags,san francisco,1,20,0.05,0.00896,5.580357142857143,5.580357142857143,False
52,tags,oscar,3,20,0.15,0.0272,5.514705882352941,5.514705882352941,False
52,tags,assassination,1,20,0.05,0.00928,5.387931034482759,5.387931034482759,False
52,tags,criterion,8,20,0.4,0.07456,5.36480686695279,5.36480686695279,False
52,tags,oscar (best cinematography),3,20,0.15,0.02816,5.326704545454545,5.326704545454545,False
52,tags,spying,2,20,0.1,0.01888,5.296610169491525,5.296610169491525,False
52,tags,indians,1,20,0.05,0.0096,5.208333333333334,5.208333333333334,False
52,tags,exceptional acting,1,20,0.05,0.0096,5.208333333333334,5.208333333333334,False
52,tags,romance,4,20,0.2,0.03904,5.122950819672131,5.122950819672131,False
52,tags,suspenseful,4,20,0.2,0.03968,5.040322580645162,5.040322580645162,False
52,tags,affectionate,1,20,0.05,0.00992,5.040322580645162,5.040322580645162,False
52,tags,claustrophobic,1,20,0.05,0.00992,5.040322580645162,5.040322580645162,False
52,genres,Mystery,3,20,0.15,0.03072,4.8828125,4.8828125,False
52,tags,dance,1,20,0.05,0.01024,4.8828125,4.8828125,False
52,tags,excellent script,4,20,0.2,0.04128,4.844961240310078,4.844961240310078,False
52,tags,narrated,2,20,0.1,0.0208,4.807692307692308,4.807692307692308,False
52,tags,jungle,1,20,0.05,0.01056,4.734848484848485,4.734848484848485,False
52,tags,dancing,1,20,0.05,0.01056,4.734848484848485,4.734848484848485,False
52,tags,character study,2,20,0.1,0.02144,4.664179104477612,4.664179104477612,False
52,tags,gangsters,2,20,0.1,0.02176,4.595588235294118,4.595588235294118,False
52,tags,tense,5,20,0.25,0.05536,4.515895953757226,4.515895953757226,False
52,tags,romantic,5,20,0.25,0.05568,4.489942528735632,4.489942528735632,False
52,tags,suspense,5,20,0.25,0.05568,4.489942528735632,4.489942528735632,False
52,tags,good acting,1,20,0.05,0.0112,4.464285714285714,4.464285714285714,False
52,tags,crime,3,20,0.15,0.03456,4.340277777777778,4.340277777777778,False
52,tags,thriller,3,20,0.15,0.03488,4.30045871559633,4.30045871559633,False
52,tags,mafia,1,20,0.05,0.01184,4.222972972972974,4.222972972972974,False
52,tags,melancholic,3,20,0.15,0.0368,4.076086956521739,4.076086956521739,False
52,tags,great,2,20,0.1,0.02496,4.006410256410256,4.006410256410256,False
52,tags,good music,1,20,0.05,0.01248,4.006410256410256,4.006410256410256,False
52,tags,mob,1,20,0.05,0.01248,4.006410256410256,4.006410256410256,False
52,tags,plot twist,1,20,0.05,0.0128,3.90625,3.90625,False
52,tags,bleak,2,20,0.1,0.02624,3.810975609756098,3.810975609756098,False
52,tags,intimate,2,20,0.1,0.02624,3.810975609756098,3.810975609756098,False
52,tags,oscar (best supporting actor),2,20,0.1,0.02784,3.591954022988506,3.591954022988506,False
52,tags,funny as hell,1,20,0.05,0.01408,3.5511363636363638,3.5511363636363638,False
52,tags,loneliness,3,20,0.15,0.04288,3.498134328358209,3.498134328358209,False
52,tags,wwii,1,20,0.05,0.0144,3.4722222222222223,3.4722222222222223,False
52,tags,organized crime,1,20,0.05,0.0144,3.4722222222222223,3.4722222222222223,False
52,tags,betrayal,1,20,0.05,0.01472,3.3967391304347827,3.3967391304347827,False
52,tags,existentialism,1,20,0.05,0.01504,3.3244680851063833,3.3244680851063833,False
52,tags,love story,4,20,0.2,0.06368,3.14070351758794,3.14070351758794,False
52,genres,Musical,2,20,0.1,0.03392,2.94811320754717,2.94811320754717,False
52,tags,world war ii,1,20,0.05,0.01696,2.94811320754717,2.94811320754717,False
52,tags,insanity,1,20,0.05,0.01696,2.94811320754717,2.94811320754717,False
52,tags,social commentary,1,20,0.05,0.01696,2.94811320754717,2.94811320754717,False
52,tags,romantic comedy,2,20,0.1,0.03424,2.9205607476635516,2.9205607476635516,False
52,tags,musical,1,20,0.05,0.0176,2.840909090909091,2.840909090909091,False
52,tags,original,14,20,0.7,0.25024,2.7973145780051145,2.7973145780051145,False
52,tags,stylized,1,20,0.05,0.01856,2.6939655172413794,2.6939655172413794,False
52,tags,satire,1,20,0.05,0.01856,2.6939655172413794,2.6939655172413794,False
52,tags,powerful ending,1,20,0.05,0.01888,2.6483050847457625,2.6483050847457625,False
52,genres,Crime,3,20,0.15,0.05696,2.633426966292135,2.633426966292135,False
52,genres,Romance,7,20,0.35,0.13312,2.629206730769231,2.629206730769231,False
52,tags,wartime,1,20,0.05,0.0192,2.604166666666667,2.604166666666667,False
52,tags,adventure,2,20,0.1,0.04,2.5,2.5,False
52,tags,based on a play,1,20,0.05,0.0208,2.403846153846154,2.403846153846154,False
52,tags,funniest movies,1,20,0.05,0.0208,2.403846153846154,2.403846153846154,False
52,tags,amazing cinematography,1,20,0.05,0.02112,2.3674242424242427,2.3674242424242427,False
52,tags,adapted from:book,3,20,0.15,0.06336,2.367424242424242,2.367424242424242,False
52,tags,dramatic,3,20,0.15,0.06464,2.3205445544554455,2.3205445544554455,False
52,genres,War,2,20,0.1,0.0432,2.314814814814815,2.314814814814815,False
52,tags,cinematography,2,20,0.1,0.04448,2.248201438848921,2.248201438848921,False
52,tags,fast paced,1,20,0.05,0.02368,2.111486486486487,2.111486486486487,False
52,tags,stylish,1,20,0.05,0.02368,2.111486486486487,2.111486486486487,False
52,tags,reflective,1,20,0.05,0.02592,1.9290123456790125,1.9290123456790125,False
52,tags,relationships,2,20,0.1,0.05376,1.8601190476190477,1.8601190476190477,False
52,tags,corruption,1,20,0.05,0.0272,1.8382352941176472,1.8382352941176472,False
52,tags,music,1,20,0.05,0.02752,1.8168604651162792,1.8168604651162792,False
52,genres,Thriller,5,20,0.25,0.14016,1.783675799086758,1.783675799086758,False
52,tags,pornography,1,20,0.05,0.03296,1.5169902912621358,1.5169902912621358,False
52,tags,drama,2,20,0.1,0.06656,1.5024038461538465,1.5024038461538465,False
52,tags,hilarious,1,20,0.05,0.03584,1.3950892857142858,1.3950892857142858,False
52,tags,love,1,20,0.05,0.03616,1.3827433628318586,1.3827433628318586,False
52,tags,comedy,3,20,0.15,0.11168,1.3431232091690544,1.3431232091690544,False
52,tags,great movie,1,20,0.05,0.04352,1.1488970588235294,1.1488970588235294,False
52,genres,Comedy,7,20,0.35,0.32224,1.0861469712015888,1.0861469712015888,False
52,tags,chase,1,20,0.05,0.0528,0.946969696969697,0.946969696969697,False
52,tags,storytelling,1,20,0.05,0.05536,0.9031791907514451,0.9031791907514451,False
52,tags,based on a book,1,20,0.05,0.06656,0.7512019230769232,0.7512019230769232,False
52,genres,Drama,5,20,0.25,0.39584,0.6315683104284558,0.6315683104284558,False
52,genres,Adventure,1,20,0.05,0.08256,0.6056201550387598,0.6056201550387598,False
52,genres,Action,1,20,0.05,0.14528,0.3441629955947137,0.3441629955947137,False
53,tags,shopping,3,20,0.15,0.00096,156.25,156.25,True
53,tags,good romantic comedies,9,20,0.45,0.00704,63.92045454545455,63.92045454545455,True
53,tags,sappy,1,20,0.05,0.00096,52.083333333333336,52.083333333333336,False
53,tags,wedding,2,20,0.1,0.00224,44.642857142857146,44.642857142857146,True
53,tags,spelling bee,1,20,0.05,0.00128,39.0625,39.0625,False
53,tags,girlie movie,16,20,0.8,0.02272,35.2112676056338,35.2112676056338,False
53,tags,happy ending,10,20,0.5,0.016,31.25,31.25,False
53,tags,very good,1,20,0.05,0.0016,31.25,31.25,False
53,tags,family bonds,1,20,0.05,0.0016,31.25,31.25,False
53,tags,chick flick,16,20,0.8,0.03136,25.510204081632654,25.510204081632654,False
53,tags,feel good movie,7,20,0.35,0.0144,24.305555555555554,24.305555555555554,False
53,tags,internet,1,20,0.05,0.00224,22.321428571428573,22.321428571428573,False
53,tags,ghosts/afterlife,1,20,0.05,0.00224,22.321428571428573,22.321428571428573,False
53,tags,sweet,8,20,0.4,0.01856,21.551724137931036,21.551724137931036,False
53,tags,feel-good,12,20,0.6,0.02784,21.551724137931032,21.551724137931032,False
53,tags,tear jerker,3,20,0.15,0.00704,21.30681818181818,21.30681818181818,False
53,tags,cute!,2,20,0.1,0.00512,19.53125,19.53125,False
53,tags,afterlife,1,20,0.05,0.00256,19.53125,19.53125,False
53,tags,catastrophe,1,20,0.05,0.00256,19.53125,19.53125,False
53,tags,romantic comedy,13,20,0.65,0.03424,18.983644859813086,18.983644859813086,False
53,tags,destiny,9,20,0.45,0.024,18.75,18.75,False
53,tags,sentimental,6,20,0.3,0.01664,18.028846153846153,18.028846153846153,False
53,tags,romance,14,20,0.7,0.03904,17.93032786885246,17.93032786885246,False
53,tags,cute,3,20,0.15,0.00864,17.36111111111111,17.36111111111111,False
53,tags,classical music,1,20,0.05,0.00288,17.36111111111111,17.36111111111111,False
53,tags,inspirational,2,20,0.1,0.0064,15.625,15.625,False
53,tags,predictable,2,20,0.1,0.00672,14.880952380952381,14.880952380952381,False
53,tags,baseball,1,20,0.05,0.00352,14.204545454545455,14.204545454545455,False
53,tags,romantic,15,20,0.75,0.05568,13.469827586206897,13.469827586206897,False
53,tags,football,1,20,0.05,0.00384,13.020833333333334,13.020833333333334,False
53,tags,teacher,1,20,0.05,0.00384,13.020833333333334,13.020833333333334,False
53,tags,oscar winner,4,20,0.2,0.01568,12.755102040816327,12.755102040816327,False
53,tags,divorce,1,20,0.05,0.00416,12.019230769230772,12.019230769230772,False
53,tags,love story,15,20,0.75,0.06368,11.777638190954773,11.777638190954773,False
53,tags,prostitution,1,20,0.05,0.00448,11.160714285714286,11.160714285714286,False
53,tags,life,1,20,0.05,0.00448,11.160714285714286,11.160714285714286,False
53,tags,earnest,1,20,0.05,0.0048,10.416666666666668,10.416666666666668,False
53,tags,single father,1,20,0.05,0.0048,10.416666666666668,10.416666666666668,False
53,tags,fairy tales,1,20,0.05,0.0048,10.416666666666668,10.416666666666668,False
53,tags,inspiring,1,20,0.05,0.0048,10.416666666666668,10.416666666666668,False
53,tags,women,3,20,0.15,0.01568,9.566326530612244,9.566326530612244,False
53,tags,disability,1,20,0.05,0.00544,9.191176470588236,9.191176470588236,False
53,tags,rags to riches,1,20,0.05,0.00576,8.680555555555555,8.680555555555555,False
53,tags,london,1,20,0.05,0.00576,8.680555555555555,8.680555555555555,False
53,tags,president,1,20,0.05,0.00576,8.680555555555555,8.680555555555555,False
53,tags,heartwarming,2,20,0.1,0.01184,8.445945945945947,8.445945945945947,False
53,tags,nostalgic,2,20,0.1,0.01216,8.223684210526315,8.223684210526315,False
53,tags,cross dressing,1,20,0.05,0.00608,8.223684210526315,8.223684210526315,False
53,tags,fighting the system,1,20,0.05,0.0064,7.8125,7.8125,False
53,tags,pg-13,1,20,0.05,0.00704,7.1022727272727275,7.1022727272727275,False
53,tags,love,5,20,0.25,0.03616,6.913716814159293,6.913716814159293,False
53,tags,good,5,20,0.25,0.0368,6.793478260869565,6.793478260869565,False
53,tags,fairy tale,2,20,0.1,0.01504,6.6489361702127665,6.6489361702127665,False
53,genres,Romance,16,20,0.8,0.13312,6.009615384615386,6.009615384615386,False
53,tags,world politics,1,20,0.05,0.00832,6.009615384615386,6.009615384615386,False
53,tags,sports,2,20,0.1,0.01792,5.580357142857143,5.580357142857143,False
53,tags,ghosts,1,20,0.05,0.00896,5.580357142857143,5.580357142857143,False
53,tags,oscar,3,20,0.15,0.0272,5.514705882352941,5.514705882352941,False
53,tags,natural disaster,1,20,0.05,0.00928,5.387931034482759,5.387931034482759,False
53,tags,remake,1,20,0.05,0.00928,5.387931034482759,5.387931034482759,False
53,tags,touching,3,20,0.15,0.02816,5.326704545454545,5.326704545454545,False
53,tags,bittersweet,2,20,0.1,0.01888,5.296610169491525,5.296610169491525,False
53,tags,drama,7,20,0.35,0.06656,5.258413461538462,5.258413461538462,False
53,tags,dog,1,20,0.05,0.0096,5.208333333333334,5.208333333333334,False
53,tags,courtroom,1,20,0.05,0.00992,5.040322580645162,5.040322580645162,False
53,tags,artistic,1,20,0.05,0.01056,4.734848484848485,4.734848484848485,False
53,tags,relationships,5,20,0.25,0.05376,4.650297619047619,4.650297619047619,False
53,tags,magic,1,20,0.05,0.0112,4.464285714285714,4.464285714285714,False
53,tags,epic,1,20,0.05,0.0112,4.464285714285714,4.464285714285714,False
53,tags,historical,2,20,0.1,0.02272,4.401408450704225,4.401408450704225,False
53,tags,us history,1,20,0.05,0.01152,4.340277777777778,4.340277777777778,False
53,tags,based on a true story,1,20,0.05,0.01184,4.222972972972974,4.222972972972974,False
53,tags,lawyers,1,20,0.05,0.01216,4.1118421052631575,4.1118421052631575,False
53,tags,death,1,20,0.05,0.01248,4.006410256410256,4.006410256410256,False
53,tags,good music,1,20,0.05,0.01248,4.006410256410256,4.006410256410256,False
53,tags,quotable,2,20,0.1,0.02688,3.7202380952380953,3.7202380952380953,False
53,tags,british,1,20,0.05,0.01408,3.5511363636363638,3.5511363636363638,False
53,tags,beautiful scenery,1,20,0.05,0.01408,3.5511363636363638,3.5511363636363638,False
53,tags,musicians,1,20,0.05,0.0144,3.4722222222222223,3.4722222222222223,False
53,tags,politics,1,20,0.05,0.01472,3.3967391304347827,3.3967391304347827,False
53,tags,lawyer,1,20,0.05,0.01504,3.3244680851063833,3.3244680851063833,False
53,tags,gay character,1,20,0.05,0.01568,3.188775510204082,3.188775510204082,False
53,tags,political,1,20,0.05,0.01568,3.188775510204082,3.188775510204082,False
53,tags,rock and roll,1,20,0.05,0.016,3.125,3.125,False
53,tags,oscar (best picture),2,20,0.1,0.03296,3.0339805825242716,3.0339805825242716,False
53,tags,biographical,1,20,0.05,0.01664,3.004807692307693,3.004807692307693,False
53,tags,world war ii,1,20,0.05,0.01696,2.94811320754717,2.94811320754717,False
53,tags,history,1,20,0.05,0.01728,2.8935185185185186,2.8935185185185186,False
53,tags,supernatural,1,20,0.05,0.01728,2.8935185185185186,2.8935185185185186,False
53,tags,life & death,1,20,0.05,0.0176,2.840909090909091,2.840909090909091,False
53,tags,mentor,4,20,0.2,0.07168,2.7901785714285716,2.7901785714285716,False
53,tags,oscar (best directing),4,20,0.2,0.07264,2.7533039647577096,2.7533039647577096,False
53,tags,oscar (best supporting actress),1,20,0.05,0.01856,2.6939655172413794,2.6939655172413794,False
53,tags,wartime,1,20,0.05,0.0192,2.604166666666667,2.604166666666667,False
53,tags,based on true story,1,20,0.05,0.01984,2.520161290322581,2.520161290322581,False
53,tags,excellent script,2,20,0.1,0.04128,2.422480620155039,2.422480620155039,False
53,tags,gay,1,20,0.05,0.0208,2.403846153846154,2.403846153846154,False
53,tags,narrated,1,20,0.05,0.0208,2.403846153846154,2.403846153846154,False
53,tags,true story,1,20,0.05,0.0208,2.403846153846154,2.403846153846154,False
53,tags,based on a play,1,20,0.05,0.0208,2.403846153846154,2.403846153846154,False
53,genres,Comedy,15,20,0.75,0.32224,2.327457795431976,2.327457795431976,False
53,tags,fantasy,1,20,0.05,0.02176,2.297794117647059,2.297794117647059,False
53,tags,high school,1,20,0.05,0.0224,2.232142857142857,2.232142857142857,False
53,tags,oscar (best actor),1,20,0.05,0.02304,2.170138888888889,2.170138888888889,False
53,tags,small town,1,20,0.05,0.02368,2.111486486486487,2.111486486486487,False
53,tags,greed,1,20,0.05,0.02464,2.0292207792207795,2.0292207792207795,False
53,tags,family,2,20,0.1,0.05152,1.9409937888198758,1.9409937888198758,False
53,tags,big budget,1,20,0.05,0.02592,1.9290123456790125,1.9290123456790125,False
53,tags,music,1,20,0.05,0.02752,1.8168604651162792,1.8168604651162792,False
53,tags,oscar (best supporting actor),1,20,0.05,0.02784,1.795977011494253,1.795977011494253,False
53,tags,oscar (best cinematography),1,20,0.05,0.02816,1.7755681818181819,1.7755681818181819,False
53,tags,great acting,3,20,0.15,0.08448,1.7755681818181817,1.7755681818181817,False
53,tags,story,1,20,0.05,0.02848,1.75561797752809,1.75561797752809,False
53,tags,unlikely friendships,1,20,0.05,0.02976,1.6801075268817205,1.6801075268817205,False
53,tags,childhood,1,20,0.05,0.0304,1.6447368421052633,1.6447368421052633,False
53,tags,children,1,20,0.05,0.03104,1.6108247422680413,1.6108247422680413,False
53,tags,based on book,1,20,0.05,0.03872,1.2913223140495869,1.2913223140495869,False
53,genres,War,1,20,0.05,0.0432,1.1574074074074074,1.1574074074074074,False
53,tags,great movie,1,20,0.05,0.04352,1.1488970588235294,1.1488970588235294,False
53,tags,funny,1,20,0.05,0.04832,1.03476821192053,1.03476821192053,False
53,genres,Drama,8,20,0.4,0.39584,1.0105092966855296,1.0105092966855296,False
53,tags,chase,1,20,0.05,0.0528,0.946969696969697,0.946969696969697,False
53,tags,special effects,1,20,0.05,0.05408,0.9245562130177515,0.9245562130177515,False
53,tags,oscar (best actress),1,20,0.05,0.05504,0.9084302325581396,0.9084302325581396,False
53,tags,suspense,1,20,0.05,0.05568,0.8979885057471265,0.8979885057471265,False
53,tags,comedy,2,20,0.1,0.11168,0.8954154727793696,0.8954154727793696,False
53,tags,dramatic,1,20,0.05,0.06464,0.7735148514851485,0.7735148514851485,False
53,tags,imdb top 250,1,20,0.05,0.09824,0.508957654723127,0.508957654723127,False
53,genres,Thriller,1,20,0.05,0.14016,0.3567351598173516,0.3567351598173516,False
53,tags,original,1,20,0.05,0.25024,0.19980818414322252,0.19980818414322252,False
54,tags,shopping,3,20,0.15,0.00096,156.25,156.25,True
54,tags,good romantic comedies,9,20,0.45,0.00704,63.92045454545455,63.92045454545455,True
54,tags,sappy,1,20,0.05,0.00096,52.083333333333336,52.083333333333336,False
54,tags,wedding,2,20,0.1,0.00224,44.642857142857146,44.642857142857146,True
54,tags,spelling bee,1,20,0.05,0.00128,39.0625,39.0625,False
54,tags,girlie movie,16,20,0.8,0.02272,35.2112676056338,35.2112676056338,False
54,tags,very good,1,20,0.05,0.0016,31.25,31.25,False
54,tags,family bonds,1,20,0.05,0.0016,31.25,31.25,False
54,tags,happy ending,9,20,0.45,0.016,28.125,28.125,False
54,tags,chick flick,16,20,0.8,0.03136,25.510204081632654,25.510204081632654,False
54,tags,feel good movie,7,20,0.35,0.0144,24.305555555555554,24.305555555555554,False
54,tags,internet,1,20,0.05,0.00224,22.321428571428573,22.321428571428573,False
54,tags,ghosts/afterlife,1,20,0.05,0.00224,22.321428571428573,22.321428571428573,False
54,tags,sweet,8,20,0.4,0.01856,21.551724137931036,21.551724137931036,False
54,tags,feel-good,12,20,0.6,0.02784,21.551724137931032,21.551724137931032,False
54,tags,romantic comedy,14,20,0.7,0.03424,20.44392523364486,20.44392523364486,False
54,tags,cute!,2,20,0.1,0.00512,19.53125,19.53125,False
54,tags,afterlife,1,20,0.05,0.00256,19.53125,19.53125,False
54,tags,catastrophe,1,20,0.05,0.00256,19.53125,19.53125,False
54,tags,romance,15,20,0.75,0.03904,19.211065573770494,19.211065573770494,False
54,tags,destiny,9,20,0.45,0.024,18.75,18.75,False
54,tags,cute,3,20,0.15,0.00864,17.36111111111111,17.36111111111111,False
54,tags,classical music,1,20,0.05,0.00288,17.36111111111111,17.36111111111111,False
54,tags,oscar winner,5,20,0.25,0.01568,15.943877551020408,15.943877551020408,False
54,tags,inspirational,2,20,0.1,0.0064,15.625,15.625,False
54,tags,sentimental,5,20,0.25,0.01664,15.024038461538463,15.024038461538463,False
54,tags,predictable,2,20,0.1,0.00672,14.880952380952381,14.880952380952381,False
54,tags,tear jerker,2,20,0.1,0.00704,14.204545454545455,14.204545454545455,False
54,tags,baseball,1,20,0.05,0.00352,14.204545454545455,14.204545454545455,False
54,tags,romantic,15,20,0.75,0.05568,13.469827586206897,13.469827586206897,False
54,tags,football,1,20,0.05,0.00384,13.020833333333334,13.020833333333334,False
54,tags,teacher,1,20,0.05,0.00384,13.020833333333334,13.020833333333334,False
54,tags,divorce,1,20,0.05,0.00416,12.019230769230772,12.019230769230772,False
54,tags,love story,15,20,0.75,0.06368,11.777638190954773,11.777638190954773,False
54,tags,prostitution,1,20,0.05,0.00448,11.160714285714286,11.160714285714286,False
54,tags,life,1,20,0.05,0.00448,11.160714285714286,11.160714285714286,False
54,tags,earnest,1,20,0.05,0.0048,10.416666666666668,10.416666666666668,False
54,tags,single father,1,20,0.05,0.0048,10.416666666666668,10.416666666666668,False
54,tags,fairy tales,1,20,0.05,0.0048,10.416666666666668,10.416666666666668,False
54,tags,inspiring,1,20,0.05,0.0048,10.416666666666668,10.416666666666668,False
54,tags,women,3,20,0.15,0.01568,9.566326530612244,9.566326530612244,False
54,tags,disability,1,20,0.05,0.00544,9.191176470588236,9.191176470588236,False
54,tags,rags to riches,1,20,0.05,0.00576,8.680555555555555,8.680555555555555,False
54,tags,london,1,20,0.05,0.00576,8.680555555555555,8.680555555555555,False
54,tags,president,1,20,0.05,0.00576,8.680555555555555,8.680555555555555,False
54,tags,heartwarming,2,20,0.1,0.01184,8.445945945945947,8.445945945945947,False
54,tags,nostalgic,2,20,0.1,0.01216,8.223684210526315,8.223684210526315,False
54,tags,cross dressing,1,20,0.05,0.00608,8.223684210526315,8.223684210526315,False
54,tags,fighting the system,1,20,0.05,0.0064,7.8125,7.8125,False
54,tags,oscar,4,20,0.2,0.0272,7.352941176470589,7.352941176470589,False
54,tags,british,2,20,0.1,0.01408,7.1022727272727275,7.1022727272727275,False
54,tags,pg-13,1,20,0.05,0.00704,7.1022727272727275,7.1022727272727275,False
54,tags,shakespeare,1,20,0.05,0.00704,7.1022727272727275,7.1022727272727275,False
54,tags,love,5,20,0.25,0.03616,6.913716814159293,6.913716814159293,False
54,tags,good,5,20,0.25,0.0368,6.793478260869565,6.793478260869565,False
54,tags,fairy tale,2,20,0.1,0.01504,6.6489361702127665,6.6489361702127665,False
54,genres,Romance,16,20,0.8,0.13312,6.009615384615386,6.009615384615386,False
54,tags,drama,8,20,0.4,0.06656,6.009615384615386,6.009615384615386,False
54,tags,world politics,1,20,0.05,0.00832,6.009615384615386,6.009615384615386,False
54,tags,sports,2,20,0.1,0.01792,5.580357142857143,5.580357142857143,False
54,tags,ghosts,1,20,0.05,0.00896,5.580357142857143,5.580357142857143,False
54,tags,literature,1,20,0.05,0.00896,5.580357142857143,5.580357142857143,False
54,tags,oscar (best supporting actress),2,20,0.1,0.01856,5.387931034482759,5.387931034482759,False
54,tags,natural disaster,1,20,0.05,0.00928,5.387931034482759,5.387931034482759,False
54,tags,remake,1,20,0.05,0.00928,5.387931034482759,5.387931034482759,False
54,tags,touching,3,20,0.15,0.02816,5.326704545454545,5.326704545454545,False
54,tags,bittersweet,2,20,0.1,0.01888,5.296610169491525,5.296610169491525,False
54,tags,dog,1,20,0.05,0.0096,5.208333333333334,5.208333333333334,False
54,tags,courtroom,1,20,0.05,0.00992,5.040322580645162,5.040322580645162,False
54,tags,costume drama,1,20,0.05,0.01024,4.8828125,4.8828125,False
54,tags,passionate,1,20,0.05,0.01024,4.8828125,4.8828125,False
54,tags,artistic,1,20,0.05,0.01056,4.734848484848485,4.734848484848485,False
54,tags,relationships,5,20,0.25,0.05376,4.650297619047619,4.650297619047619,False
54,tags,oscar (best picture),3,20,0.15,0.03296,4.550970873786407,4.550970873786407,False
54,tags,magic,1,20,0.05,0.0112,4.464285714285714,4.464285714285714,False
54,tags,epic,1,20,0.05,0.0112,4.464285714285714,4.464285714285714,False
54,tags,witty,1,20,0.05,0.0112,4.464285714285714,4.464285714285714,False
54,tags,historical,2,20,0.1,0.02272,4.401408450704225,4.401408450704225,False
54,tags,us history,1,20,0.05,0.01152,4.340277777777778,4.340277777777778,False
54,tags,england,1,20,0.05,0.01152,4.340277777777778,4.340277777777778,False
54,tags,based on a true story,1,20,0.05,0.01184,4.222972972972974,4.222972972972974,False
54,tags,lawyers,1,20,0.05,0.01216,4.1118421052631575,4.1118421052631575,False
54,tags,death,1,20,0.05,0.01248,4.006410256410256,4.006410256410256,False
54,tags,good music,1,20,0.05,0.01248,4.006410256410256,4.006410256410256,False
54,tags,quotable,2,20,0.1,0.02688,3.7202380952380953,3.7202380952380953,False
54,tags,excellent script,3,20,0.15,0.04128,3.6337209302325584,3.6337209302325584,False
54,tags,beautiful scenery,1,20,0.05,0.01408,3.5511363636363638,3.5511363636363638,False
54,tags,musicians,1,20,0.05,0.0144,3.4722222222222223,3.4722222222222223,False
54,tags,oscar (best directing),5,20,0.25,0.07264,3.441629955947137,3.441629955947137,False
54,tags,politics,1,20,0.05,0.01472,3.3967391304347827,3.3967391304347827,False
54,tags,lawyer,1,20,0.05,0.01504,3.3244680851063833,3.3244680851063833,False
54,tags,period piece,1,20,0.05,0.01536,3.2552083333333335,3.2552083333333335,False
54,tags,gay character,1,20,0.05,0.01568,3.188775510204082,3.188775510204082,False
54,tags,political,1,20,0.05,0.01568,3.188775510204082,3.188775510204082,False
54,tags,rock and roll,1,20,0.05,0.016,3.125,3.125,False
54,tags,biographical,1,20,0.05,0.01664,3.004807692307693,3.004807692307693,False
54,tags,world war ii,1,20,0.05,0.01696,2.94811320754717,2.94811320754717,False
54,tags,history,1,20,0.05,0.01728,2.8935185185185186,2.8935185185185186,False
54,tags,supernatural,1,20,0.05,0.01728,2.8935185185185186,2.8935185185185186,False
54,tags,life & death,1,20,0.05,0.0176,2.840909090909091,2.840909090909091,False
54,tags,mentor,4,20,0.2,0.07168,2.7901785714285716,2.7901785714285716,False
54,tags,wartime,1,20,0.05,0.0192,2.604166666666667,2.604166666666667,False
54,tags,based on true story,1,20,0.05,0.01984,2.520161290322581,2.520161290322581,False
54,tags,gay,1,20,0.05,0.0208,2.403846153846154,2.403846153846154,False
54,tags,narrated,1,20,0.05,0.0208,2.403846153846154,2.403846153846154,False
54,tags,true story,1,20,0.05,0.0208,2.403846153846154,2.403846153846154,False
54,tags,based on a play,1,20,0.05,0.0208,2.403846153846154,2.403846153846154,False
54,tags,great acting,4,20,0.2,0.08448,2.3674242424242427,2.3674242424242427,False
54,genres,Comedy,15,20,0.75,0.32224,2.327457795431976,2.327457795431976,False
54,tags,fantasy,1,20,0.05,0.02176,2.297794117647059,2.297794117647059,False
54,tags,high school,1,20,0.05,0.0224,2.232142857142857,2.232142857142857,False
54,tags,oscar (best actor),1,20,0.05,0.02304,2.170138888888889,2.170138888888889,False
54,tags,small town,1,20,0.05,0.02368,2.111486486486487,2.111486486486487,False
54,tags,greed,1,20,0.05,0.02464,2.0292207792207795,2.0292207792207795,False
54,tags,family,2,20,0.1,0.05152,1.9409937888198758,1.9409937888198758,False
54,tags,big budget,1,20,0.05,0.02592,1.9290123456790125,1.9290123456790125,False
54,tags,oscar (best actress),2,20,0.1,0.05504,1.8168604651162792,1.8168604651162792,False
54,tags,music,1,20,0.05,0.02752,1.8168604651162792,1.8168604651162792,False
54,tags,oscar (best supporting actor),1,20,0.05,0.02784,1.795977011494253,1.795977011494253,False
54,tags,oscar (best cinematography),1,20,0.05,0.02816,1.7755681818181819,1.7755681818181819,False
54,tags,story,1,20,0.05,0.02848,1.75561797752809,1.75561797752809,False
54,tags,unlikely friendships,1,20,0.05,0.02976,1.6801075268817205,1.6801075268817205,False
54,tags,childhood,1,20,0.05,0.0304,1.6447368421052633,1.6447368421052633,False
54,tags,children,1,20,0.05,0.03104,1.6108247422680413,1.6108247422680413,False
54,tags,based on book,1,20,0.05,0.03872,1.2913223140495869,1.2913223140495869,False
54,genres,War,1,20,0.05,0.0432,1.1574074074074074,1.1574074074074074,False
54,tags,great movie,1,20,0.05,0.04352,1.1488970588235294,1.1488970588235294,False
54,tags,funny,1,20,0.05,0.04832,1.03476821192053,1.03476821192053,False
54,tags,chase,1,20,0.05,0.0528,0.946969696969697,0.946969696969697,False
54,tags,special effects,1,20,0.05,0.05408,0.9245562130177515,0.9245562130177515,False
54,tags,suspense,1,20,0.05,0.05568,0.8979885057471265,0.8979885057471265,False
54,tags,comedy,2,20,0.1,0.11168,0.8954154727793696,0.8954154727793696,False
54,genres,Drama,7,20,0.35,0.39584,0.8841956345998382,0.8841956345998382,False
54,tags,dramatic,1,20,0.05,0.06464,0.7735148514851485,0.7735148514851485,False
54,tags,imdb top 250,1,20,0.05,0.09824,0.508957654723127,0.508957654723127,False
54,genres,Thriller,1,20,0.05,0.14016,0.3567351598173516,0.3567351598173516,False
54,tags,original,1,20,0.05,0.25024,0.19980818414322252,0.19980818414322252,False
55,tags,shopping,3,20,0.15,0.00096,156.25,156.25,True
55,tags,good romantic comedies,9,20,0.45,0.00704,63.92045454545455,63.92045454545455,True
55,tags,sappy,1,20,0.05,0.00096,52.083333333333336,52.083333333333336,False
55,tags,wedding,2,20,0.1,0.00224,44.642857142857146,44.642857142857146,True
55,tags,spelling bee,1,20,0.05,0.00128,39.0625,39.0625,False
55,tags,girlie movie,16,20,0.8,0.02272,35.2112676056338,35.2112676056338,False
55,tags,happy ending,10,20,0.5,0.016,31.25,31.25,False
55,tags,very good,1,20,0.05,0.0016,31.25,31.25,False
55,tags,family bonds,1,20,0.05,0.0016,31.25,31.25,False
55,tags,chick flick,16,20,0.8,0.03136,25.510204081632654,25.510204081632654,False
55,tags,feel good movie,7,20,0.35,0.0144,24.305555555555554,24.305555555555554,False
55,tags,internet,1,20,0.05,0.00224,22.321428571428573,22.321428571428573,False
55,tags,ghosts/afterlife,1,20,0.05,0.00224,22.321428571428573,22.321428571428573,False
55,tags,sweet,8,20,0.4,0.01856,21.551724137931036,21.551724137931036,False
55,tags,feel-good,12,20,0.6,0.02784,21.551724137931032,21.551724137931032,False
55,tags,tear jerker,3,20,0.15,0.00704,21.30681818181818,21.30681818181818,False
55,tags,cute!,2,20,0.1,0.00512,19.53125,19.53125,False
55,tags,afterlife,1,20,0.05,0.00256,19.53125,19.53125,False
55,tags,catastrophe,1,20,0.05,0.00256,19.53125,19.53125,False
55,tags,romantic comedy,13,20,0.65,0.03424,18.983644859813086,18.983644859813086,False
55,tags,destiny,9,20,0.45,0.024,18.75,18.75,False
55,tags,sentimental,6,20,0.3,0.01664,18.028846153846153,18.028846153846153,False
55,tags,romance,14,20,0.7,0.03904,17.93032786885246,17.93032786885246,False
55,tags,cute,3,20,0.15,0.00864,17.36111111111111,17.36111111111111,False
55,tags,classical music,1,20,0.05,0.00288,17.36111111111111,17.36111111111111,False
55,tags,inspirational,2,20,0.1,0.0064,15.625,15.625,False
55,tags,predictable,2,20,0.1,0.00672,14.880952380952381,14.880952380952381,False
55,tags,baseball,1,20,0.05,0.00352,14.204545454545455,14.204545454545455,False
55,tags,romantic,15,20,0.75,0.05568,13.469827586206897,13.469827586206897,False
55,tags,football,1,20,0.05,0.00384,13.020833333333334,13.020833333333334,False
55,tags,teacher,1,20,0.05,0.00384,13.020833333333334,13.020833333333334,False
55,tags,oscar winner,4,20,0.2,0.01568,12.755102040816327,12.755102040816327,False
55,tags,divorce,1,20,0.05,0.00416,12.019230769230772,12.019230769230772,False
55,tags,love story,15,20,0.75,0.06368,11.777638190954773,11.777638190954773,False
55,tags,prostitution,1,20,0.05,0.00448,11.160714285714286,11.160714285714286,False
55,tags,life,1,20,0.05,0.00448,11.160714285714286,11.160714285714286,False
55,tags,single father,1,20,0.05,0.0048,10.416666666666668,10.416666666666668,False
55,tags,earnest,1,20,0.05,0.0048,10.416666666666668,10.416666666666668,False
55,tags,fairy tales,1,20,0.05,0.0048,10.416666666666668,10.416666666666668,False
55,tags,inspiring,1,20,0.05,0.0048,10.416666666666668,10.416666666666668,False
55,tags,women,3,20,0.15,0.01568,9.566326530612244,9.566326530612244,False
55,tags,disability,1,20,0.05,0.00544,9.191176470588236,9.191176470588236,False
55,tags,rags to riches,1,20,0.05,0.00576,8.680555555555555,8.680555555555555,False
55,tags,london,1,20,0.05,0.00576,8.680555555555555,8.680555555555555,False
55,tags,president,1,20,0.05,0.00576,8.680555555555555,8.680555555555555,False
55,tags,heartwarming,2,20,0.1,0.01184,8.445945945945947,8.445945945945947,False
55,tags,nostalgic,2,20,0.1,0.01216,8.223684210526315,8.223684210526315,False
55,tags,cross dressing,1,20,0.05,0.00608,8.223684210526315,8.223684210526315,False
55,tags,fighting the system,1,20,0.05,0.0064,7.8125,7.8125,False
55,tags,pg-13,1,20,0.05,0.00704,7.1022727272727275,7.1022727272727275,False
55,tags,love,5,20,0.25,0.03616,6.913716814159293,6.913716814159293,False
55,tags,good,5,20,0.25,0.0368,6.793478260869565,6.793478260869565,False
55,tags,fairy tale,2,20,0.1,0.01504,6.6489361702127665,6.6489361702127665,False
55,genres,Romance,16,20,0.8,0.13312,6.009615384615386,6.009615384615386,False
55,tags,world politics,1,20,0.05,0.00832,6.009615384615386,6.009615384615386,False
55,tags,sports,2,20,0.1,0.01792,5.580357142857143,5.580357142857143,False
55,tags,ghosts,1,20,0.05,0.00896,5.580357142857143,5.580357142857143,False
55,tags,oscar,3,20,0.15,0.0272,5.514705882352941,5.514705882352941,False
55,tags,natural disaster,1,20,0.05,0.00928,5.387931034482759,5.387931034482759,False
55,tags,remake,1,20,0.05,0.00928,5.387931034482759,5.387931034482759,False
55,tags,touching,3,20,0.15,0.02816,5.326704545454545,5.326704545454545,False
55,tags,bittersweet,2,20,0.1,0.01888,5.296610169491525,5.296610169491525,False
55,tags,drama,7,20,0.35,0.06656,5.258413461538462,5.258413461538462,False
55,tags,dog,1,20,0.05,0.0096,5.208333333333334,5.208333333333334,False
55,tags,courtroom,1,20,0.05,0.00992,5.040322580645162,5.040322580645162,False
55,tags,artistic,1,20,0.05,0.01056,4.734848484848485,4.734848484848485,False
55,tags,relationships,5,20,0.25,0.05376,4.650297619047619,4.650297619047619,False
55,tags,magic,1,20,0.05,0.0112,4.464285714285714,4.464285714285714,False
55,tags,epic,1,20,0.05,0.0112,4.464285714285714,4.464285714285714,False
55,tags,historical,2,20,0.1,0.02272,4.401408450704225,4.401408450704225,False
55,tags,us history,1,20,0.05,0.01152,4.340277777777778,4.340277777777778,False
55,tags,based on a true story,1,20,0.05,0.01184,4.222972972972974,4.222972972972974,False
55,tags,lawyers,1,20,0.05,0.01216,4.1118421052631575,4.1118421052631575,False
55,tags,death,1,20,0.05,0.01248,4.006410256410256,4.006410256410256,False
55,tags,good music,1,20,0.05,0.01248,4.006410256410256,4.006410256410256,False
55,tags,quotable,2,20,0.1,0.02688,3.7202380952380953,3.7202380952380953,False
55,tags,british,1,20,0.05,0.01408,3.5511363636363638,3.5511363636363638,False
55,tags,beautiful scenery,1,20,0.05,0.01408,3.5511363636363638,3.5511363636363638,False
55,tags,musicians,1,20,0.05,0.0144,3.4722222222222223,3.4722222222222223,False
55,tags,politics,1,20,0.05,0.01472,3.3967391304347827,3.3967391304347827,False
55,tags,lawyer,1,20,0.05,0.01504,3.3244680851063833,3.3244680851063833,False
55,tags,gay character,1,20,0.05,0.01568,3.188775510204082,3.188775510204082,False
55,tags,political,1,20,0.05,0.01568,3.188775510204082,3.188775510204082,False
55,tags,rock and roll,1,20,0.05,0.016,3.125,3.125,False
55,tags,oscar (best picture),2,20,0.1,0.03296,3.0339805825242716,3.0339805825242716,False
55,tags,biographical,1,20,0.05,0.01664,3.004807692307693,3.004807692307693,False
55,tags,world war ii,1,20,0.05,0.01696,2.94811320754717,2.94811320754717,False
55,tags,supernatural,1,20,0.05,0.01728,2.8935185185185186,2.8935185185185186,False
55,tags,history,1,20,0.05,0.01728,2.8935185185185186,2.8935185185185186,False
55,tags,life & death,1,20,0.05,0.0176,2.840909090909091,2.840909090909091,False
55,tags,mentor,4,20,0.2,0.07168,2.7901785714285716,2.7901785714285716,False
55,tags,oscar (best directing),4,20,0.2,0.07264,2.7533039647577096,2.7533039647577096,False
55,tags,oscar (best supporting actress),1,20,0.05,0.01856,2.6939655172413794,2.6939655172413794,False
55,tags,wartime,1,20,0.05,0.0192,2.604166666666667,2.604166666666667,False
55,tags,based on true story,1,20,0.05,0.01984,2.520161290322581,2.520161290322581,False
55,tags,excellent script,2,20,0.1,0.04128,2.422480620155039,2.422480620155039,False
55,tags,gay,1,20,0.05,0.0208,2.403846153846154,2.403846153846154,False
55,tags,narrated,1,20,0.05,0.0208,2.403846153846154,2.403846153846154,False
55,tags,true story,1,20,0.05,0.0208,2.403846153846154,2.403846153846154,False
55,tags,based on a play,1,20,0.05,0.0208,2.403846153846154,2.403846153846154,False
55,genres,Comedy,15,20,0.75,0.32224,2.327457795431976,2.327457795431976,False
55,tags,fantasy,1,20,0.05,0.02176,2.297794117647059,2.297794117647059,False
55,tags,high school,1,20,0.05,0.0224,2.232142857142857,2.232142857142857,False
55,tags,oscar (best actor),1,20,0.05,0.02304,2.170138888888889,2.170138888888889,False
55,tags,small town,1,20,0.05,0.02368,2.111486486486487,2.111486486486487,False
55,tags,greed,1,20,0.05,0.02464,2.0292207792207795,2.0292207792207795,False
55,tags,family,2,20,0.1,0.05152,1.9409937888198758,1.9409937888198758,False
55,tags,big budget,1,20,0.05,0.02592,1.9290123456790125,1.9290123456790125,False
55,tags,music,1,20,0.05,0.02752,1.8168604651162792,1.8168604651162792,False
55,tags,oscar (best supporting actor),1,20,0.05,0.02784,1.795977011494253,1.795977011494253,False
55,tags,oscar (best cinematography),1,20,0.05,0.02816,1.7755681818181819,1.7755681818181819,False
55,tags,great acting,3,20,0.15,0.08448,1.7755681818181817,1.7755681818181817,False
55,tags,story,1,20,0.05,0.02848,1.75561797752809,1.75561797752809,False
55,tags,unlikely friendships,1,20,0.05,0.02976,1.6801075268817205,1.6801075268817205,False
55,tags,childhood,1,20,0.05,0.0304,1.6447368421052633,1.6447368421052633,False
55,tags,children,1,20,0.05,0.03104,1.6108247422680413,1.6108247422680413,False
55,tags,based on book,1,20,0.05,0.03872,1.2913223140495869,1.2913223140495869,False
55,genres,War,1,20,0.05,0.0432,1.1574074074074074,1.1574074074074074,False
55,tags,great movie,1,20,0.05,0.04352,1.1488970588235294,1.1488970588235294,False
55,tags,funny,1,20,0.05,0.04832,1.03476821192053,1.03476821192053,False
55,genres,Drama,8,20,0.4,0.39584,1.0105092966855296,1.0105092966855296,False
55,tags,chase,1,20,0.05,0.0528,0.946969696969697,0.946969696969697,False
55,tags,special effects,1,20,0.05,0.05408,0.9245562130177515,0.9245562130177515,False
55,tags,oscar (best actress),1,20,0.05,0.05504,0.9084302325581396,0.9084302325581396,False
55,tags,suspense,1,20,0.05,0.05568,0.8979885057471265,0.8979885057471265,False
55,tags,comedy,2,20,0.1,0.11168,0.8954154727793696,0.8954154727793696,False
55,tags,dramatic,1,20,0.05,0.06464,0.7735148514851485,0.7735148514851485,False
55,tags,imdb top 250,1,20,0.05,0.09824,0.508957654723127,0.508957654723127,False
55,genres,Thriller,1,20,0.05,0.14016,0.3567351598173516,0.3567351598173516,False
55,tags,original,1,20,0.05,0.25024,0.19980818414322252,0.19980818414322252,False
56,tags,star wars,3,20,0.15,0.00128,117.18749999999999,117.18749999999999,True
56,tags,saturn award (best special effects),7,20,0.35,0.0032,109.37499999999999,109.37499999999999,True
56,tags,oscar (best sound),2,20,0.1,0.00096,104.16666666666667,104.16666666666667,True
56,tags,oscar (best effects - visual effects),9,20,0.45,0.0048,93.75000000000001,93.75000000000001,False
56,tags,original plot,6,20,0.3,0.0032,93.74999999999999,93.74999999999999,False
56,tags,man versus machine,2,20,0.1,0.00128,78.125,78.125,False
56,tags,android(s)/cyborg(s),2,20,0.1,0.00128,78.125,78.125,False
56,tags,cgi,1,20,0.05,0.00064,78.125,78.125,False
56,tags,isolation,1,20,0.05,0.00064,78.125,78.125,False
56,tags,androids,5,20,0.25,0.00416,60.096153846153854,60.096153846153854,False
56,tags,artificial intelligence,1,20,0.05,0.00096,52.083333333333336,52.083333333333336,False
56,tags,antarctica,1,20,0.05,0.00096,52.083333333333336,52.083333333333336,False
56,tags,philip k. dick,1,20,0.05,0.00096,52.083333333333336,52.083333333333336,False
56,tags,robots,6,20,0.3,0.0064,46.87499999999999,46.87499999999999,False
56,tags,motorcycle,3,20,0.15,0.0032,46.87499999999999,46.87499999999999,False
56,tags,dynamic cgi action,3,20,0.15,0.0032,46.87499999999999,46.87499999999999,False
56,tags,arnold,4,20,0.2,0.00448,44.642857142857146,44.642857142857146,False
56,tags,cloning,2,20,0.1,0.00224,44.642857142857146,44.642857142857146,False
56,tags,cyborgs,4,20,0.2,0.0048,41.66666666666667,41.66666666666667,False
56,tags,spock,1,20,0.05,0.00128,39.0625,39.0625,False
56,tags,apocalypse,4,20,0.2,0.00544,36.76470588235294,36.76470588235294,False
56,tags,lone hero,5,20,0.25,0.00704,35.51136363636363,35.51136363636363,False
56,tags,star trek,2,20,0.1,0.00288,34.72222222222222,34.72222222222222,False
56,tags,snakes,2,20,0.1,0.00288,34.72222222222222,34.72222222222222,False
56,tags,genetics,1,20,0.05,0.0016,31.25,31.25,False
56,tags,memory,1,20,0.05,0.0016,31.25,31.25,False
56,tags,indiana jones,1,20,0.05,0.0016,31.25,31.25,False
56,tags,dystopia,6,20,0.3,0.00992,30.241935483870968,30.241935483870968,False
56,tags,time travel,3,20,0.15,0.00512,29.296874999999996,29.296874999999996,False
56,tags,dystopic future,4,20,0.2,0.00704,28.40909090909091,28.40909090909091,False
56,tags,car chase,2,20,0.1,0.00352,28.40909090909091,28.40909090909091,False
56,tags,space opera,6,20,0.3,0.0112,26.785714285714285,26.785714285714285,False
56,tags,nuclear war,1,20,0.05,0.00192,26.041666666666668,26.041666666666668,False
56,tags,australian,1,20,0.05,0.00192,26.041666666666668,26.041666666666668,False
56,tags,gore,1,20,0.05,0.00192,26.041666666666668,26.041666666666668,False
56,tags,robot,3,20,0.15,0.00576,26.041666666666664,26.041666666666664,False
56,tags,desert,3,20,0.15,0.00576,26.041666666666664,26.041666666666664,False
56,tags,trilogy,3,20,0.15,0.00608,24.671052631578945,24.671052631578945,False
56,tags,space travel,5,20,0.25,0.01024,24.414062499999996,24.414062499999996,False
56,tags,sword fight,4,20,0.2,0.00832,24.038461538461544,24.038461538461544,False
56,tags,good versus evil,4,20,0.2,0.00832,24.038461538461544,24.038461538461544,False
56,tags,aliens,10,20,0.5,0.0208,24.03846153846154,24.03846153846154,False
56,tags,futuristic,13,20,0.65,0.0272,23.897058823529413,23.897058823529413,False
56,tags,post apocalyptic,2,20,0.1,0.00448,22.321428571428573,22.321428571428573,False
56,tags,exciting,2,20,0.1,0.00448,22.321428571428573,22.321428571428573,False
56,tags,hunting,1,20,0.05,0.00224,22.321428571428573,22.321428571428573,False
56,tags,dinosaurs,1,20,0.05,0.00224,22.321428571428573,22.321428571428573,False
56,tags,archaeology,1,20,0.05,0.00224,22.321428571428573,22.321428571428573,False
56,tags,highly quotable,5,20,0.25,0.01184,21.114864864864867,21.114864864864867,False
56,tags,story,12,20,0.6,0.02848,21.06741573033708,21.06741573033708,False
56,tags,visceral,8,20,0.4,0.01984,20.161290322580648,20.161290322580648,False
56,tags,future,8,20,0.4,0.02048,19.53125,19.53125,False
56,tags,alien invasion,3,20,0.15,0.00768,19.53125,19.53125,False
56,tags,spielberg,2,20,0.1,0.00512,19.53125,19.53125,False
56,tags,midlife crisis,1,20,0.05,0.00256,19.53125,19.53125,False
56,tags,scifi,16,20,0.8,0.04288,18.65671641791045,18.65671641791045,False
56,tags,foul language,2,20,0.1,0.00544,18.38235294117647,18.38235294117647,False
56,tags,post-apocalyptic,2,20,0.1,0.00544,18.38235294117647,18.38235294117647,False
56,tags,cars,2,20,0.1,0.00544,18.38235294117647,18.38235294117647,False
56,tags,dialogue,10,20,0.5,0.02752,18.16860465116279,18.16860465116279,False
56,tags,effects,3,20,0.15,0.00832,18.028846153846153,18.028846153846153,False
56,tags,epic,4,20,0.2,0.0112,17.857142857142858,17.857142857142858,False
56,tags,sci fi,15,20,0.75,0.04288,17.490671641791046,17.490671641791046,False
56,tags,road movie,2,20,0.1,0.00576,17.36111111111111,17.36111111111111,False
56,tags,high fantasy,1,20,0.05,0.00288,17.36111111111111,17.36111111111111,False
56,tags,sci-fi,15,20,0.75,0.04512,16.622340425531913,16.622340425531913,False
56,tags,science fiction,16,20,0.8,0.04832,16.55629139072848,16.55629139072848,False
56,tags,realistic action,2,20,0.1,0.00608,16.44736842105263,16.44736842105263,False
56,tags,space,7,20,0.35,0.02176,16.08455882352941,16.08455882352941,False
56,tags,gangs,2,20,0.1,0.0064,15.625,15.625,False
56,tags,australia,2,20,0.1,0.0064,15.625,15.625,False
56,tags,clones,1,20,0.05,0.0032,15.625,15.625,False
56,tags,mutants,1,20,0.05,0.0032,15.625,15.625,False
56,tags,treasure,1,20,0.05,0.0032,15.625,15.625,False
56,tags,alien,6,20,0.3,0.01952,15.368852459016393,15.368852459016393,False
56,tags,technology,6,20,0.3,0.01984,15.120967741935484,15.120967741935484,False
56,tags,claustrophobic,3,20,0.15,0.00992,15.120967741935484,15.120967741935484,False
56,tags,special effects,16,20,0.8,0.05408,14.792899408284024,14.792899408284024,False
56,tags,mythology,3,20,0.15,0.01024,14.648437499999998,14.648437499999998,False
56,tags,pg-13,2,20,0.1,0.00704,14.204545454545455,14.204545454545455,False
56,tags,survival,1,20,0.05,0.00352,14.204545454545455,14.204545454545455,False
56,tags,modern fantasy,1,20,0.05,0.00352,14.204545454545455,14.204545454545455,False
56,tags,egypt,1,20,0.05,0.00352,14.204545454545455,14.204545454545455,False
56,tags,light,1,20,0.05,0.00352,14.204545454545455,14.204545454545455,False
56,tags,fighting,3,20,0.15,0.01056,14.204545454545453,14.204545454545453,False
56,tags,series,6,20,0.3,0.0224,13.392857142857142,13.392857142857142,False
56,tags,virtual reality,1,20,0.05,0.00384,13.020833333333334,13.020833333333334,False
56,tags,quotable,7,20,0.35,0.02688,13.020833333333332,13.020833333333332,False
56,tags,action packed,8,20,0.4,0.03136,12.755102040816327,12.755102040816327,False
56,tags,end of the world,2,20,0.1,0.008,12.5,12.5,False
56,tags,chase,13,20,0.65,0.0528,12.31060606060606,12.31060606060606,False
56,tags,weapons,4,20,0.2,0.01664,12.019230769230772,12.019230769230772,False
56,tags,biblical,1,20,0.05,0.00416,12.019230769230772,12.019230769230772,False
56,tags,good action,12,20,0.6,0.05056,11.867088607594937,11.867088607594937,False
56,tags,first contact,3,20,0.15,0.0128,11.718749999999998,11.718749999999998,False
56,tags,monster,3,20,0.15,0.0128,11.718749999999998,11.718749999999998,False
56,tags,awesome soundtrack,4,20,0.2,0.0176,11.363636363636363,11.363636363636363,False
56,genres,Sci-Fi,18,20,0.9,0.08032,11.205179282868526,11.205179282868526,False
56,tags,frightening,2,20,0.1,0.00896,11.160714285714286,11.160714285714286,False
56,tags,wizards,1,20,0.05,0.00448,11.160714285714286,11.160714285714286,False
56,tags,natural disaster,2,20,0.1,0.00928,10.775862068965518,10.775862068965518,False
56,tags,violent,8,20,0.4,0.03744,10.683760683760685,10.683760683760685,False
56,tags,action,17,20,0.85,0.07968,10.667670682730924,10.667670682730924,False
56,tags,franchise,10,20,0.5,0.04928,10.146103896103897,10.146103896103897,False
56,tags,adventure,8,20,0.4,0.04,10.0,10.0,False
56,tags,cyberpunk,1,20,0.05,0.00512,9.765625,9.765625,False
56,tags,treasure hunt,1,20,0.05,0.00512,9.765625,9.765625,False
56,tags,big budget,5,20,0.25,0.02592,9.645061728395062,9.645061728395062,False
56,tags,mother-son relationship,1,20,0.05,0.00544,9.191176470588236,9.191176470588236,False
56,tags,alternate reality,1,20,0.05,0.00544,9.191176470588236,9.191176470588236,False
56,tags,anti-hero,1,20,0.05,0.00544,9.191176470588236,9.191176470588236,False
56,tags,vengeance,4,20,0.2,0.02208,9.057971014492754,9.057971014492754,False
56,tags,intense,5,20,0.25,0.02784,8.979885057471265,8.979885057471265,False
56,tags,visual,6,20,0.3,0.03456,8.680555555555555,8.680555555555555,False
56,tags,revenge,2,20,0.1,0.01184,8.445945945945947,8.445945945945947,False
56,tags,violence,8,20,0.4,0.04832,8.27814569536424,8.27814569536424,False
56,tags,007 (series),1,20,0.05,0.00608,8.223684210526315,8.223684210526315,False
56,tags,suspense,9,20,0.45,0.05568,8.081896551724139,8.081896551724139,False
56,tags,atmospheric,2,20,0.1,0.01248,8.012820512820513,8.012820512820513,False
56,tags,great ending,6,20,0.3,0.03776,7.944915254237287,7.944915254237287,False
56,tags,war,3,20,0.15,0.01888,7.944915254237287,7.944915254237287,False
56,tags,sacrifice,1,20,0.05,0.0064,7.8125,7.8125,False
56,tags,prison,1,20,0.05,0.0064,7.8125,7.8125,False
56,tags,nocturnal,1,20,0.05,0.0064,7.8125,7.8125,False
56,tags,new york,1,20,0.05,0.00672,7.440476190476191,7.440476190476191,False
56,tags,scary,3,20,0.15,0.02048,7.324218749999999,7.324218749999999,False
56,tags,tense,8,20,0.4,0.05536,7.225433526011561,7.225433526011561,False
56,tags,sequel,4,20,0.2,0.02784,7.183908045977012,7.183908045977012,False
56,tags,great movie,6,20,0.3,0.04352,6.893382352941176,6.893382352941176,False
56,tags,fantasy,3,20,0.15,0.02176,6.893382352941176,6.893382352941176,False
56,genres,Action,20,20,1.0,0.14528,6.883259911894274,6.883259911894274,False
56,tags,80s,2,20,0.1,0.01472,6.793478260869565,6.793478260869565,False
56,tags,rebellion,1,20,0.05,0.00736,6.793478260869565,6.793478260869565,False
56,tags,destiny,3,20,0.15,0.024,6.25,6.25,False
56,tags,explosions,1,20,0.05,0.008,6.25,6.25,False
56,tags,vigilante,1,20,0.05,0.008,6.25,6.25,False
56,tags,stop motion,1,20,0.05,0.008,6.25,6.25,False
56,tags,nazi,1,20,0.05,0.00832,6.009615384615386,6.009615384615386,False
56,tags,great,3,20,0.15,0.02496,6.009615384615384,6.009615384615384,False
56,tags,classic,9,20,0.45,0.0752,5.98404255319149,5.98404255319149,False
56,tags,gunfight,3,20,0.15,0.0256,5.859374999999999,5.859374999999999,False
56,tags,mars,1,20,0.05,0.00864,5.787037037037037,5.787037037037037,False
56,tags,new york city,1,20,0.05,0.00864,5.787037037037037,5.787037037037037,False
56,tags,san francisco,1,20,0.05,0.00896,5.580357142857143,5.580357142857143,False
56,genres,Adventure,9,20,0.45,0.08256,5.450581395348838,5.450581395348838,False
56,tags,good,4,20,0.2,0.0368,5.434782608695652,5.434782608695652,False
56,tags,cult classic,5,20,0.25,0.04608,5.425347222222222,5.425347222222222,False
56,tags,imdb top 250,10,20,0.5,0.09824,5.089576547231271,5.089576547231271,False
56,tags,paranoia,1,20,0.05,0.00992,5.040322580645162,5.040322580645162,False
56,tags,jungle,1,20,0.05,0.01056,4.734848484848485,4.734848484848485,False
56,tags,dark,2,20,0.1,0.02144,4.664179104477612,4.664179104477612,False
56,genres,War,4,20,0.2,0.0432,4.62962962962963,4.62962962962963,False
56,tags,forceful,1,20,0.05,0.01088,4.595588235294118,4.595588235294118,False
56,tags,computer animation,1,20,0.05,0.01088,4.595588235294118,4.595588235294118,False
56,tags,police,1,20,0.05,0.0112,4.464285714285714,4.464285714285714,False
56,tags,fantasy world,1,20,0.05,0.01152,4.340277777777778,4.340277777777778,False
56,tags,fast paced,2,20,0.1,0.02368,4.222972972972974,4.222972972972974,False
56,tags,ominous,1,20,0.05,0.01216,4.1118421052631575,4.1118421052631575,False
56,tags,death,1,20,0.05,0.01248,4.006410256410256,4.006410256410256,False
56,tags,redemption,1,20,0.05,0.01312,3.810975609756098,3.810975609756098,False
56,tags,70mm,1,20,0.05,0.01312,3.810975609756098,3.810975609756098,False
56,tags,suspenseful,3,20,0.15,0.03968,3.780241935483871,3.780241935483871,False
56,tags,masterpiece,5,20,0.25,0.0672,3.7202380952380953,3.7202380952380953,False
56,tags,excellent script,3,20,0.15,0.04128,3.6337209302325584,3.6337209302325584,False
56,tags,storytelling,4,20,0.2,0.05536,3.6127167630057806,3.6127167630057806,False
56,tags,imagination,1,20,0.05,0.01408,3.5511363636363638,3.5511363636363638,False
56,tags,cool,1,20,0.05,0.01408,3.5511363636363638,3.5511363636363638,False
56,tags,mentor,5,20,0.25,0.07168,3.4877232142857144,3.4877232142857144,False
56,tags,visually appealing,3,20,0.15,0.04416,3.3967391304347827,3.3967391304347827,False
56,tags,assassin,1,20,0.05,0.01472,3.3967391304347827,3.3967391304347827,False
56,tags,nazis,1,20,0.05,0.01472,3.3967391304347827,3.3967391304347827,False
56,tags,splatter,2,20,0.1,0.02976,3.360215053763441,3.360215053763441,False
56,tags,gory,1,20,0.05,0.01504,3.3244680851063833,3.3244680851063833,False
56,genres,Thriller,9,20,0.45,0.14016,3.210616438356164,3.210616438356164,False
56,tags,original,16,20,0.8,0.25024,3.1969309462915603,3.1969309462915603,False
56,tags,oscar winner,1,20,0.05,0.01568,3.188775510204082,3.188775510204082,False
56,tags,creepy,2,20,0.1,0.03488,2.86697247706422,2.86697247706422,False
56,tags,powerful ending,1,20,0.05,0.01888,2.6483050847457625,2.6483050847457625,False
56,tags,fun movie,2,20,0.1,0.03872,2.5826446280991737,2.5826446280991737,False
56,tags,fight scenes,1,20,0.05,0.01952,2.5614754098360657,2.5614754098360657,False
56,genres,Fantasy,1,20,0.05,0.0208,2.403846153846154,2.403846153846154,False
56,tags,horror,3,20,0.15,0.064,2.34375,2.34375,False
56,tags,conspiracy,1,20,0.05,0.02176,2.297794117647059,2.297794117647059,False
56,tags,good sequel,1,20,0.05,0.02656,1.8825301204819278,1.8825301204819278,False
56,tags,cult film,1,20,0.05,0.02688,1.8601190476190477,1.8601190476190477,False
56,tags,oscar (best supporting actor),1,20,0.05,0.02784,1.795977011494253,1.795977011494253,False
56,tags,brutality,1,20,0.05,0.02784,1.795977011494253,1.795977011494253,False
56,tags,children,1,20,0.05,0.03104,1.6108247422680413,1.6108247422680413,False
56,tags,oscar (best picture),1,20,0.05,0.03296,1.5169902912621358,1.5169902912621358,False
56,tags,thriller,1,20,0.05,0.03488,1.43348623853211,1.43348623853211,False
56,tags,oscar (best directing),2,20,0.1,0.07264,1.3766519823788548,1.3766519823788548,False
56,tags,based on book,1,20,0.05,0.03872,1.2913223140495869,1.2913223140495869,False
56,genres,Horror,2,20,0.1,0.08512,1.174812030075188,1.174812030075188,False
56,tags,weird,1,20,0.05,0.0448,1.1160714285714286,1.1160714285714286,False
56,genres,Crime,1,20,0.05,0.05696,0.877808988764045,0.877808988764045,False
56,tags,adapted from:book,1,20,0.05,0.06336,0.7891414141414141,0.7891414141414141,False
56,tags,based on a book,1,20,0.05,0.06656,0.7512019230769232,0.7512019230769232,False
56,tags,criterion,1,20,0.05,0.07456,0.6706008583690988,0.6706008583690988,False
56,tags,great acting,1,20,0.05,0.08448,0.5918560606060607,0.5918560606060607,False
56,genres,Romance,1,20,0.05,0.13312,0.3756009615384616,0.3756009615384616,False
56,genres,Drama,1,20,0.05,0.39584,0.1263136620856912,0.1263136620856912,False
57,tags,shopping,3,20,0.15,0.00096,156.25,156.25,True
57,tags,good romantic comedies,9,20,0.45,0.00704,63.92045454545455,63.92045454545455,True
57,tags,sappy,1,20,0.05,0.00096,52.083333333333336,52.083333333333336,False
57,tags,wedding,2,20,0.1,0.00224,44.642857142857146,44.642857142857146,True
57,tags,spelling bee,1,20,0.05,0.00128,39.0625,39.0625,False
57,tags,girlie movie,16,20,0.8,0.02272,35.2112676056338,35.2112676056338,False
57,tags,happy ending,10,20,0.5,0.016,31.25,31.25,False
57,tags,very good,1,20,0.05,0.0016,31.25,31.25,False
57,tags,family bonds,1,20,0.05,0.0016,31.25,31.25,False
57,tags,chick flick,16,20,0.8,0.03136,25.510204081632654,25.510204081632654,False
57,tags,feel good movie,7,20,0.35,0.0144,24.305555555555554,24.305555555555554,False
57,tags,internet,1,20,0.05,0.00224,22.321428571428573,22.321428571428573,False
57,tags,ghosts/afterlife,1,20,0.05,0.00224,22.321428571428573,22.321428571428573,False
57,tags,sweet,8,20,0.4,0.01856,21.551724137931036,21.551724137931036,False
57,tags,feel-good,12,20,0.6,0.02784,21.551724137931032,21.551724137931032,False
57,tags,tear jerker,3,20,0.15,0.00704,21.30681818181818,21.30681818181818,False
57,tags,cute!,2,20,0.1,0.00512,19.53125,19.53125,False
57,tags,afterlife,1,20,0.05,0.00256,19.53125,19.53125,False
57,tags,catastrophe,1,20,0.05,0.00256,19.53125,19.53125,False
57,tags,romantic comedy,13,20,0.65,0.03424,18.983644859813086,18.983644859813086,False
57,tags,destiny,9,20,0.45,0.024,18.75,18.75,False
57,tags,sentimental,6,20,0.3,0.01664,18.028846153846153,18.028846153846153,False
57,tags,romance,14,20,0.7,0.03904,17.93032786885246,17.93032786885246,False
57,tags,cute,3,20,0.15,0.00864,17.36111111111111,17.36111111111111,False
57,tags,classical music,1,20,0.05,0.00288,17.36111111111111,17.36111111111111,False
57,tags,inspirational,2,20,0.1,0.0064,15.625,15.625,False
57,tags,predictable,2,20,0.1,0.00672,14.880952380952381,14.880952380952381,False
57,tags,baseball,1,20,0.05,0.00352,14.204545454545455,14.204545454545455,False
57,tags,romantic,15,20,0.75,0.05568,13.469827586206897,13.469827586206897,False
57,tags,football,1,20,0.05,0.00384,13.020833333333334,13.020833333333334,False
57,tags,teacher,1,20,0.05,0.00384,13.020833333333334,13.020833333333334,False
57,tags,oscar winner,4,20,0.2,0.01568,12.755102040816327,12.755102040816327,False
57,tags,divorce,1,20,0.05,0.00416,12.019230769230772,12.019230769230772,False
57,tags,love story,15,20,0.75,0.06368,11.777638190954773,11.777638190954773,False
57,tags,prostitution,1,20,0.05,0.00448,11.160714285714286,11.160714285714286,False
57,tags,life,1,20,0.05,0.00448,11.160714285714286,11.160714285714286,False
57,tags,single father,1,20,0.05,0.0048,10.416666666666668,10.416666666666668,False
57,tags,earnest,1,20,0.05,0.0048,10.416666666666668,10.416666666666668,False
57,tags,fairy tales,1,20,0.05,0.0048,10.416666666666668,10.416666666666668,False
57,tags,inspiring,1,20,0.05,0.0048,10.416666666666668,10.416666666666668,False
57,tags,women,3,20,0.15,0.01568,9.566326530612244,9.566326530612244,False
57,tags,disability,1,20,0.05,0.00544,9.191176470588236,9.191176470588236,False
57,tags,rags to riches,1,20,0.05,0.00576,8.680555555555555,8.680555555555555,False
57,tags,london,1,20,0.05,0.00576,8.680555555555555,8.680555555555555,False
57,tags,president,1,20,0.05,0.00576,8.680555555555555,8.680555555555555,False
57,tags,heartwarming,2,20,0.1,0.01184,8.445945945945947,8.445945945945947,False
57,tags,nostalgic,2,20,0.1,0.01216,8.223684210526315,8.223684210526315,False
57,tags,cross dressing,1,20,0.05,0.00608,8.223684210526315,8.223684210526315,False
57,tags,fighting the system,1,20,0.05,0.0064,7.8125,7.8125,False
57,tags,pg-13,1,20,0.05,0.00704,7.1022727272727275,7.1022727272727275,False
57,tags,love,5,20,0.25,0.03616,6.913716814159293,6.913716814159293,False
57,tags,good,5,20,0.25,0.0368,6.793478260869565,6.793478260869565,False
57,tags,fairy tale,2,20,0.1,0.01504,6.6489361702127665,6.6489361702127665,False
57,genres,Romance,16,20,0.8,0.13312,6.009615384615386,6.009615384615386,False
57,tags,world politics,1,20,0.05,0.00832,6.009615384615386,6.009615384615386,False
57,tags,sports,2,20,0.1,0.01792,5.580357142857143,5.580357142857143,False
57,tags,ghosts,1,20,0.05,0.00896,5.580357142857143,5.580357142857143,False
57,tags,oscar,3,20,0.15,0.0272,5.514705882352941,5.514705882352941,False
57,tags,natural disaster,1,20,0.05,0.00928,5.387931034482759,5.387931034482759,False
57,tags,remake,1,20,0.05,0.00928,5.387931034482759,5.387931034482759,False
57,tags,touching,3,20,0.15,0.02816,5.326704545454545,5.326704545454545,False
57,tags,bittersweet,2,20,0.1,0.01888,5.296610169491525,5.296610169491525,False
57,tags,drama,7,20,0.35,0.06656,5.258413461538462,5.258413461538462,False
57,tags,dog,1,20,0.05,0.0096,5.208333333333334,5.208333333333334,False
57,tags,courtroom,1,20,0.05,0.00992,5.040322580645162,5.040322580645162,False
57,tags,artistic,1,20,0.05,0.01056,4.734848484848485,4.734848484848485,False
57,tags,relationships,5,20,0.25,0.05376,4.650297619047619,4.650297619047619,False
57,tags,magic,1,20,0.05,0.0112,4.464285714285714,4.464285714285714,False
57,tags,epic,1,20,0.05,0.0112,4.464285714285714,4.464285714285714,False
57,tags,historical,2,20,0.1,0.02272,4.401408450704225,4.401408450704225,False
57,tags,us history,1,20,0.05,0.01152,4.340277777777778,4.340277777777778,False
57,tags,based on a true story,1,20,0.05,0.01184,4.222972972972974,4.222972972972974,False
57,tags,lawyers,1,20,0.05,0.01216,4.1118421052631575,4.1118421052631575,False
57,tags,death,1,20,0.05,0.01248,4.006410256410256,4.006410256410256,False
57,tags,good music,1,20,0.05,0.01248,4.006410256410256,4.006410256410256,False
57,tags,quotable,2,20,0.1,0.02688,3.7202380952380953,3.7202380952380953,False
57,tags,british,1,20,0.05,0.01408,3.5511363636363638,3.5511363636363638,False
57,tags,beautiful scenery,1,20,0.05,0.01408,3.5511363636363638,3.5511363636363638,False
57,tags,musicians,1,20,0.05,0.0144,3.4722222222222223,3.4722222222222223,False
57,tags,politics,1,20,0.05,0.01472,3.3967391304347827,3.3967391304347827,False
57,tags,lawyer,1,20,0.05,0.01504,3.3244680851063833,3.3244680851063833,False
57,tags,gay character,1,20,0.05,0.01568,3.188775510204082,3.188775510204082,False
57,tags,political,1,20,0.05,0.01568,3.188775510204082,3.188775510204082,False
57,tags,rock and roll,1,20,0.05,0.016,3.125,3.125,False
57,tags,oscar (best picture),2,20,0.1,0.03296,3.0339805825242716,3.0339805825242716,False
57,tags,biographical,1,20,0.05,0.01664,3.004807692307693,3.004807692307693,False
57,tags,world war ii,1,20,0.05,0.01696,2.94811320754717,2.94811320754717,False
57,tags,supernatural,1,20,0.05,0.01728,2.8935185185185186,2.8935185185185186,False
57,tags,history,1,20,0.05,0.01728,2.8935185185185186,2.8935185185185186,False
57,tags,life & death,1,20,0.05,0.0176,2.840909090909091,2.840909090909091,False
57,tags,mentor,4,20,0.2,0.07168,2.7901785714285716,2.7901785714285716,False
57,tags,oscar (best directing),4,20,0.2,0.07264,2.7533039647577096,2.7533039647577096,False
57,tags,oscar (best supporting actress),1,20,0.05,0.01856,2.6939655172413794,2.6939655172413794,False
57,tags,wartime,1,20,0.05,0.0192,2.604166666666667,2.604166666666667,False
57,tags,based on true story,1,20,0.05,0.01984,2.520161290322581,2.520161290322581,False
57,tags,excellent script,2,20,0.1,0.04128,2.422480620155039,2.422480620155039,False
57,tags,gay,1,20,0.05,0.0208,2.403846153846154,2.403846153846154,False
57,tags,narrated,1,20,0.05,0.0208,2.403846153846154,2.403846153846154,False
57,tags,true story,1,20,0.05,0.0208,2.403846153846154,2.403846153846154,False
57,tags,based on a play,1,20,0.05,0.0208,2.403846153846154,2.403846153846154,False
57,genres,Comedy,15,20,0.75,0.32224,2.327457795431976,2.327457795431976,False
57,tags,fantasy,1,20,0.05,0.02176,2.297794117647059,2.297794117647059,False
57,tags,high school,1,20,0.05,0.0224,2.232142857142857,2.232142857142857,False
57,tags,oscar (best actor),1,20,0.05,0.02304,2.170138888888889,2.170138888888889,False
57,tags,small town,1,20,0.05,0.02368,2.111486486486487,2.111486486486487,False
57,tags,greed,1,20,0.05,0.02464,2.0292207792207795,2.0292207792207795,False
57,tags,family,2,20,0.1,0.05152,1.9409937888198758,1.9409937888198758,False
57,tags,big budget,1,20,0.05,0.02592,1.9290123456790125,1.9290123456790125,False
57,tags,music,1,20,0.05,0.02752,1.8168604651162792,1.8168604651162792,False
57,tags,oscar (best supporting actor),1,20,0.05,0.02784,1.795977011494253,1.795977011494253,False
57,tags,oscar (best cinematography),1,20,0.05,0.02816,1.7755681818181819,1.7755681818181819,False
57,tags,great acting,3,20,0.15,0.08448,1.7755681818181817,1.7755681818181817,False
57,tags,story,1,20,0.05,0.02848,1.75561797752809,1.75561797752809,False
57,tags,unlikely friendships,1,20,0.05,0.02976,1.6801075268817205,1.6801075268817205,False
57,tags,childhood,1,20,0.05,0.0304,1.6447368421052633,1.6447368421052633,False
57,tags,children,1,20,0.05,0.03104,1.6108247422680413,1.6108247422680413,False
57,tags,based on book,1,20,0.05,0.03872,1.2913223140495869,1.2913223140495869,False
57,genres,War,1,20,0.05,0.0432,1.1574074074074074,1.1574074074074074,False
57,tags,great movie,1,20,0.05,0.04352,1.1488970588235294,1.1488970588235294,False
57,tags,funny,1,20,0.05,0.04832,1.03476821192053,1.03476821192053,False
57,genres,Drama,8,20,0.4,0.39584,1.0105092966855296,1.0105092966855296,False
57,tags,chase,1,20,0.05,0.0528,0.946969696969697,0.946969696969697,False
57,tags,special effects,1,20,0.05,0.05408,0.9245562130177515,0.9245562130177515,False
57,tags,oscar (best actress),1,20,0.05,0.05504,0.9084302325581396,0.9084302325581396,False
57,tags,suspense,1,20,0.05,0.05568,0.8979885057471265,0.8979885057471265,False
57,tags,comedy,2,20,0.1,0.11168,0.8954154727793696,0.8954154727793696,False
57,tags,dramatic,1,20,0.05,0.06464,0.7735148514851485,0.7735148514851485,False
57,tags,imdb top 250,1,20,0.05,0.09824,0.508957654723127,0.508957654723127,False
57,genres,Thriller,1,20,0.05,0.14016,0.3567351598173516,0.3567351598173516,False
57,tags,original,1,20,0.05,0.25024,0.19980818414322252,0.19980818414322252,False
58,tags,shopping,3,20,0.15,0.00096,156.25,156.25,True
58,tags,good romantic comedies,9,20,0.45,0.00704,63.92045454545455,63.92045454545455,True
58,tags,sappy,1,20,0.05,0.00096,52.083333333333336,52.083333333333336,False
58,tags,wedding,2,20,0.1,0.00224,44.642857142857146,44.642857142857146,True
58,tags,spelling bee,1,20,0.05,0.00128,39.0625,39.0625,False
58,tags,girlie movie,16,20,0.8,0.02272,35.2112676056338,35.2112676056338,False
58,tags,happy ending,10,20,0.5,0.016,31.25,31.25,False
58,tags,very good,1,20,0.05,0.0016,31.25,31.25,False
58,tags,family bonds,1,20,0.05,0.0016,31.25,31.25,False
58,tags,chick flick,16,20,0.8,0.03136,25.510204081632654,25.510204081632654,False
58,tags,feel good movie,7,20,0.35,0.0144,24.305555555555554,24.305555555555554,False
58,tags,internet,1,20,0.05,0.00224,22.321428571428573,22.321428571428573,False
58,tags,ghosts/afterlife,1,20,0.05,0.00224,22.321428571428573,22.321428571428573,False
58,tags,sweet,8,20,0.4,0.01856,21.551724137931036,21.551724137931036,False
58,tags,feel-good,12,20,0.6,0.02784,21.551724137931032,21.551724137931032,False
58,tags,tear jerker,3,20,0.15,0.00704,21.30681818181818,21.30681818181818,False
58,tags,cute!,2,20,0.1,0.00512,19.53125,19.53125,False
58,tags,afterlife,1,20,0.05,0.00256,19.53125,19.53125,False
58,tags,catastrophe,1,20,0.05,0.00256,19.53125,19.53125,False
58,tags,romantic comedy,13,20,0.65,0.03424,18.983644859813086,18.983644859813086,False
58,tags,destiny,9,20,0.45,0.024,18.75,18.75,False
58,tags,sentimental,6,20,0.3,0.01664,18.028846153846153,18.028846153846153,False
58,tags,romance,14,20,0.7,0.03904,17.93032786885246,17.93032786885246,False
58,tags,cute,3,20,0.15,0.00864,17.36111111111111,17.36111111111111,False
58,tags,classical music,1,20,0.05,0.00288,17.36111111111111,17.36111111111111,False
58,tags,inspirational,2,20,0.1,0.0064,15.625,15.625,False
58,tags,predictable,2,20,0.1,0.00672,14.880952380952381,14.880952380952381,False
58,tags,baseball,1,20,0.05,0.00352,14.204545454545455,14.204545454545455,False
58,tags,romantic,15,20,0.75,0.05568,13.469827586206897,13.469827586206897,False
58,tags,football,1,20,0.05,0.00384,13.020833333333334,13.020833333333334,False
58,tags,teacher,1,20,0.05,0.00384,13.020833333333334,13.020833333333334,False
58,tags,oscar winner,4,20,0.2,0.01568,12.755102040816327,12.755102040816327,False
58,tags,divorce,1,20,0.05,0.00416,12.019230769230772,12.019230769230772,False
58,tags,love story,15,20,0.75,0.06368,11.777638190954773,11.777638190954773,False
58,tags,prostitution,1,20,0.05,0.00448,11.160714285714286,11.160714285714286,False
58,tags,life,1,20,0.05,0.00448,11.160714285714286,11.160714285714286,False
58,tags,single father,1,20,0.05,0.0048,10.416666666666668,10.416666666666668,False
58,tags,earnest,1,20,0.05,0.0048,10.416666666666668,10.416666666666668,False
58,tags,fairy tales,1,20,0.05,0.0048,10.416666666666668,10.416666666666668,False
58,tags,inspiring,1,20,0.05,0.0048,10.416666666666668,10.416666666666668,False
58,tags,women,3,20,0.15,0.01568,9.566326530612244,9.566326530612244,False
58,tags,disability,1,20,0.05,0.00544,9.191176470588236,9.191176470588236,False
58,tags,rags to riches,1,20,0.05,0.00576,8.680555555555555,8.680555555555555,False
58,tags,london,1,20,0.05,0.00576,8.680555555555555,8.680555555555555,False
58,tags,president,1,20,0.05,0.00576,8.680555555555555,8.680555555555555,False
58,tags,heartwarming,2,20,0.1,0.01184,8.445945945945947,8.445945945945947,False
58,tags,nostalgic,2,20,0.1,0.01216,8.223684210526315,8.223684210526315,False
58,tags,cross dressing,1,20,0.05,0.00608,8.223684210526315,8.223684210526315,False
58,tags,fighting the system,1,20,0.05,0.0064,7.8125,7.8125,False
58,tags,pg-13,1,20,0.05,0.00704,7.1022727272727275,7.1022727272727275,False
58,tags,love,5,20,0.25,0.03616,6.913716814159293,6.913716814159293,False
58,tags,good,5,20,0.25,0.0368,6.793478260869565,6.793478260869565,False
58,tags,fairy tale,2,20,0.1,0.01504,6.6489361702127665,6.6489361702127665,False
58,genres,Romance,16,20,0.8,0.13312,6.009615384615386,6.009615384615386,False
58,tags,world politics,1,20,0.05,0.00832,6.009615384615386,6.009615384615386,False
58,tags,sports,2,20,0.1,0.01792,5.580357142857143,5.580357142857143,False
58,tags,ghosts,1,20,0.05,0.00896,5.580357142857143,5.580357142857143,False
58,tags,oscar,3,20,0.15,0.0272,5.514705882352941,5.514705882352941,False
58,tags,natural disaster,1,20,0.05,0.00928,5.387931034482759,5.387931034482759,False
58,tags,remake,1,20,0.05,0.00928,5.387931034482759,5.387931034482759,False
58,tags,touching,3,20,0.15,0.02816,5.326704545454545,5.326704545454545,False
58,tags,bittersweet,2,20,0.1,0.01888,5.296610169491525,5.296610169491525,False
58,tags,drama,7,20,0.35,0.06656,5.258413461538462,5.258413461538462,False
58,tags,dog,1,20,0.05,0.0096,5.208333333333334,5.208333333333334,False
58,tags,courtroom,1,20,0.05,0.00992,5.040322580645162,5.040322580645162,False
58,tags,artistic,1,20,0.05,0.01056,4.734848484848485,4.734848484848485,False
58,tags,relationships,5,20,0.25,0.05376,4.650297619047619,4.650297619047619,False
58,tags,magic,1,20,0.05,0.0112,4.464285714285714,4.464285714285714,False
58,tags,epic,1,20,0.05,0.0112,4.464285714285714,4.464285714285714,False
58,tags,historical,2,20,0.1,0.02272,4.401408450704225,4.401408450704225,False
58,tags,us history,1,20,0.05,0.01152,4.340277777777778,4.340277777777778,False
58,tags,based on a true story,1,20,0.05,0.01184,4.222972972972974,4.222972972972974,False
58,tags,lawyers,1,20,0.05,0.01216,4.1118421052631575,4.1118421052631575,False
58,tags,death,1,20,0.05,0.01248,4.006410256410256,4.006410256410256,False
58,tags,good music,1,20,0.05,0.01248,4.006410256410256,4.006410256410256,False
58,tags,quotable,2,20,0.1,0.02688,3.7202380952380953,3.7202380952380953,False
58,tags,british,1,20,0.05,0.01408,3.5511363636363638,3.5511363636363638,False
58,tags,beautiful scenery,1,20,0.05,0.01408,3.5511363636363638,3.5511363636363638,False
58,tags,musicians,1,20,0.05,0.0144,3.4722222222222223,3.4722222222222223,False
58,tags,politics,1,20,0.05,0.01472,3.3967391304347827,3.3967391304347827,False
58,tags,lawyer,1,20,0.05,0.01504,3.3244680851063833,3.3244680851063833,False
58,tags,gay character,1,20,0.05,0.01568,3.188775510204082,3.188775510204082,False
58,tags,political,1,20,0.05,0.01568,3.188775510204082,3.188775510204082,False
58,tags,rock and roll,1,20,0.05,0.016,3.125,3.125,False
58,tags,oscar (best picture),2,20,0.1,0.03296,3.0339805825242716,3.0339805825242716,False
58,tags,biographical,1,20,0.05,0.01664,3.004807692307693,3.004807692307693,False
58,tags,world war ii,1,20,0.05,0.01696,2.94811320754717,2.94811320754717,False
58,tags,supernatural,1,20,0.05,0.01728,2.8935185185185186,2.8935185185185186,False
58,tags,history,1,20,0.05,0.01728,2.8935185185185186,2.8935185185185186,False
58,tags,life & death,1,20,0.05,0.0176,2.840909090909091,2.840909090909091,False
58,tags,mentor,4,20,0.2,0.07168,2.7901785714285716,2.7901785714285716,False
58,tags,oscar (best directing),4,20,0.2,0.07264,2.7533039647577096,2.7533039647577096,False
58,tags,oscar (best supporting actress),1,20,0.05,0.01856,2.6939655172413794,2.6939655172413794,False
58,tags,wartime,1,20,0.05,0.0192,2.604166666666667,2.604166666666667,False
58,tags,based on true story,1,20,0.05,0.01984,2.520161290322581,2.520161290322581,False
58,tags,excellent script,2,20,0.1,0.04128,2.422480620155039,2.422480620155039,False
58,tags,gay,1,20,0.05,0.0208,2.403846153846154,2.403846153846154,False
58,tags,narrated,1,20,0.05,0.0208,2.403846153846154,2.403846153846154,False
58,tags,true story,1,20,0.05,0.0208,2.403846153846154,2.403846153846154,False
58,tags,based on a play,1,20,0.05,0.0208,2.403846153846154,2.403846153846154,False
58,genres,Comedy,15,20,0.75,0.32224,2.327457795431976,2.327457795431976,False
58,tags,fantasy,1,20,0.05,0.02176,2.297794117647059,2.297794117647059,False
58,tags,high school,1,20,0.05,0.0224,2.232142857142857,2.232142857142857,False
58,tags,oscar (best actor),1,20,0.05,0.02304,2.170138888888889,2.170138888888889,False
58,tags,small town,1,20,0.05,0.02368,2.111486486486487,2.111486486486487,False
58,tags,greed,1,20,0.05,0.02464,2.0292207792207795,2.0292207792207795,False
58,tags,family,2,20,0.1,0.05152,1.9409937888198758,1.9409937888198758,False
58,tags,big budget,1,20,0.05,0.02592,1.9290123456790125,1.9290123456790125,False
58,tags,music,1,20,0.05,0.02752,1.8168604651162792,1.8168604651162792,False
58,tags,oscar (best supporting actor),1,20,0.05,0.02784,1.795977011494253,1.795977011494253,False
58,tags,oscar (best cinematography),1,20,0.05,0.02816,1.7755681818181819,1.7755681818181819,False
58,tags,great acting,3,20,0.15,0.08448,1.7755681818181817,1.7755681818181817,False
58,tags,story,1,20,0.05,0.02848,1.75561797752809,1.75561797752809,False
58,tags,unlikely friendships,1,20,0.05,0.02976,1.6801075268817205,1.6801075268817205,False
58,tags,childhood,1,20,0.05,0.0304,1.6447368421052633,1.6447368421052633,False
58,tags,children,1,20,0.05,0.03104,1.6108247422680413,1.6108247422680413,False
58,tags,based on book,1,20,0.05,0.03872,1.2913223140495869,1.2913223140495869,False
58,genres,War,1,20,0.05,0.0432,1.1574074074074074,1.1574074074074074,False
58,tags,great movie,1,20,0.05,0.04352,1.1488970588235294,1.1488970588235294,False
58,tags,funny,1,20,0.05,0.04832,1.03476821192053,1.03476821192053,False
58,genres,Drama,8,20,0.4,0.39584,1.0105092966855296,1.0105092966855296,False
58,tags,chase,1,20,0.05,0.0528,0.946969696969697,0.946969696969697,False
58,tags,special effects,1,20,0.05,0.05408,0.9245562130177515,0.9245562130177515,False
58,tags,oscar (best actress),1,20,0.05,0.05504,0.9084302325581396,0.9084302325581396,False
58,tags,suspense,1,20,0.05,0.05568,0.8979885057471265,0.8979885057471265,False
58,tags,comedy,2,20,0.1,0.11168,0.8954154727793696,0.8954154727793696,False
58,tags,dramatic,1,20,0.05,0.06464,0.7735148514851485,0.7735148514851485,False
58,tags,imdb top 250,1,20,0.05,0.09824,0.508957654723127,0.508957654723127,False
58,genres,Thriller,1,20,0.05,0.14016,0.3567351598173516,0.3567351598173516,False
58,tags,original,1,20,0.05,0.25024,0.19980818414322252,0.19980818414322252,False
59,tags,star wars,3,20,0.15,0.00128,117.18749999999999,117.18749999999999,True
59,tags,saturn award (best special effects),7,20,0.35,0.0032,109.37499999999999,109.37499999999999,True
59,tags,oscar (best sound),2,20,0.1,0.00096,104.16666666666667,104.16666666666667,True
59,tags,oscar (best effects - visual effects),9,20,0.45,0.0048,93.75000000000001,93.75000000000001,False
59,tags,original plot,6,20,0.3,0.0032,93.74999999999999,93.74999999999999,False
59,tags,man versus machine,2,20,0.1,0.00128,78.125,78.125,False
59,tags,android(s)/cyborg(s),2,20,0.1,0.00128,78.125,78.125,False
59,tags,isolation,1,20,0.05,0.00064,78.125,78.125,False
59,tags,cgi,1,20,0.05,0.00064,78.125,78.125,False
59,tags,androids,5,20,0.25,0.00416,60.096153846153854,60.096153846153854,False
59,tags,artificial intelligence,1,20,0.05,0.00096,52.083333333333336,52.083333333333336,False
59,tags,antarctica,1,20,0.05,0.00096,52.083333333333336,52.083333333333336,False
59,tags,philip k. dick,1,20,0.05,0.00096,52.083333333333336,52.083333333333336,False
59,tags,robots,6,20,0.3,0.0064,46.87499999999999,46.87499999999999,False
59,tags,motorcycle,3,20,0.15,0.0032,46.87499999999999,46.87499999999999,False
59,tags,dynamic cgi action,3,20,0.15,0.0032,46.87499999999999,46.87499999999999,False
59,tags,arnold,4,20,0.2,0.00448,44.642857142857146,44.642857142857146,False
59,tags,cloning,2,20,0.1,0.00224,44.642857142857146,44.642857142857146,False
59,tags,cyborgs,4,20,0.2,0.0048,41.66666666666667,41.66666666666667,False
59,tags,spock,1,20,0.05,0.00128,39.0625,39.0625,False
59,tags,apocalypse,4,20,0.2,0.00544,36.76470588235294,36.76470588235294,False
59,tags,lone hero,5,20,0.25,0.00704,35.51136363636363,35.51136363636363,False
59,tags,star trek,2,20,0.1,0.00288,34.72222222222222,34.72222222222222,False
59,tags,snakes,2,20,0.1,0.00288,34.72222222222222,34.72222222222222,False
59,tags,genetics,1,20,0.05,0.0016,31.25,31.25,False
59,tags,memory,1,20,0.05,0.0016,31.25,31.25,False
59,tags,indiana jones,1,20,0.05,0.0016,31.25,31.25,False
59,tags,dystopia,6,20,0.3,0.00992,30.241935483870968,30.241935483870968,False
59,tags,time travel,3,20,0.15,0.00512,29.296874999999996,29.296874999999996,False
59,tags,dystopic future,4,20,0.2,0.00704,28.40909090909091,28.40909090909091,False
59,tags,car chase,2,20,0.1,0.00352,28.40909090909091,28.40909090909091,False
59,tags,space opera,6,20,0.3,0.0112,26.785714285714285,26.785714285714285,False
59,tags,nuclear war,1,20,0.05,0.00192,26.041666666666668,26.041666666666668,False
59,tags,australian,1,20,0.05,0.00192,26.041666666666668,26.041666666666668,False
59,tags,gore,1,20,0.05,0.00192,26.041666666666668,26.041666666666668,False
59,tags,robot,3,20,0.15,0.00576,26.041666666666664,26.041666666666664,False
59,tags,desert,3,20,0.15,0.00576,26.041666666666664,26.041666666666664,False
59,tags,trilogy,3,20,0.15,0.00608,24.671052631578945,24.671052631578945,False
59,tags,space travel,5,20,0.25,0.01024,24.414062499999996,24.414062499999996,False
59,tags,sword fight,4,20,0.2,0.00832,24.038461538461544,24.038461538461544,False
59,tags,good versus evil,4,20,0.2,0.00832,24.038461538461544,24.038461538461544,False
59,tags,aliens,10,20,0.5,0.0208,24.03846153846154,24.03846153846154,False
59,tags,futuristic,13,20,0.65,0.0272,23.897058823529413,23.897058823529413,False
59,tags,post apocalyptic,2,20,0.1,0.00448,22.321428571428573,22.321428571428573,False
59,tags,exciting,2,20,0.1,0.00448,22.321428571428573,22.321428571428573,False
59,tags,hunting,1,20,0.05,0.00224,22.321428571428573,22.321428571428573,False
59,tags,dinosaurs,1,20,0.05,0.00224,22.321428571428573,22.321428571428573,False
59,tags,archaeology,1,20,0.05,0.00224,22.321428571428573,22.321428571428573,False
59,tags,highly quotable,5,20,0.25,0.01184,21.114864864864867,21.114864864864867,False
59,tags,story,12,20,0.6,0.02848,21.06741573033708,21.06741573033708,False
59,tags,visceral,8,20,0.4,0.01984,20.161290322580648,20.161290322580648,False
59,tags,future,8,20,0.4,0.02048,19.53125,19.53125,False
59,tags,alien invasion,3,20,0.15,0.00768,19.53125,19.53125,False
59,tags,spielberg,2,20,0.1,0.00512,19.53125,19.53125,False
59,tags,midlife crisis,1,20,0.05,0.00256,19.53125,19.53125,False
59,tags,scifi,16,20,0.8,0.04288,18.65671641791045,18.65671641791045,False
59,tags,foul language,2,20,0.1,0.00544,18.38235294117647,18.38235294117647,False
59,tags,post-apocalyptic,2,20,0.1,0.00544,18.38235294117647,18.38235294117647,False
59,tags,cars,2,20,0.1,0.00544,18.38235294117647,18.38235294117647,False
59,tags,dialogue,10,20,0.5,0.02752,18.16860465116279,18.16860465116279,False
59,tags,effects,3,20,0.15,0.00832,18.028846153846153,18.028846153846153,False
59,tags,epic,4,20,0.2,0.0112,17.857142857142858,17.857142857142858,False
59,tags,sci fi,15,20,0.75,0.04288,17.490671641791046,17.490671641791046,False
59,tags,road movie,2,20,0.1,0.00576,17.36111111111111,17.36111111111111,False
59,tags,high fantasy,1,20,0.05,0.00288,17.36111111111111,17.36111111111111,False
59,tags,sci-fi,15,20,0.75,0.04512,16.622340425531913,16.622340425531913,False
59,tags,science fiction,16,20,0.8,0.04832,16.55629139072848,16.55629139072848,False
59,tags,realistic action,2,20,0.1,0.00608,16.44736842105263,16.44736842105263,False
59,tags,space,7,20,0.35,0.02176,16.08455882352941,16.08455882352941,False
59,tags,gangs,2,20,0.1,0.0064,15.625,15.625,False
59,tags,australia,2,20,0.1,0.0064,15.625,15.625,False
59,tags,clones,1,20,0.05,0.0032,15.625,15.625,False
59,tags,mutants,1,20,0.05,0.0032,15.625,15.625,False
59,tags,treasure,1,20,0.05,0.0032,15.625,15.625,False
59,tags,alien,6,20,0.3,0.01952,15.368852459016393,15.368852459016393,False
59,tags,technology,6,20,0.3,0.01984,15.120967741935484,15.120967741935484,False
59,tags,claustrophobic,3,20,0.15,0.00992,15.120967741935484,15.120967741935484,False
59,tags,special effects,16,20,0.8,0.05408,14.792899408284024,14.792899408284024,False
59,tags,mythology,3,20,0.15,0.01024,14.648437499999998,14.648437499999998,False
59,tags,pg-13,2,20,0.1,0.00704,14.204545454545455,14.204545454545455,False
59,tags,survival,1,20,0.05,0.00352,14.204545454545455,14.204545454545455,False
59,tags,modern fantasy,1,20,0.05,0.00352,14.204545454545455,14.204545454545455,False
59,tags,egypt,1,20,0.05,0.00352,14.204545454545455,14.204545454545455,False
59,tags,light,1,20,0.05,0.00352,14.204545454545455,14.204545454545455,False
59,tags,fighting,3,20,0.15,0.01056,14.204545454545453,14.204545454545453,False
59,tags,series,6,20,0.3,0.0224,13.392857142857142,13.392857142857142,False
59,tags,virtual reality,1,20,0.05,0.00384,13.020833333333334,13.020833333333334,False
59,tags,quotable,7,20,0.35,0.02688,13.020833333333332,13.020833333333332,False
59,tags,action packed,8,20,0.4,0.03136,12.755102040816327,12.755102040816327,False
59,tags,end of the world,2,20,0.1,0.008,12.5,12.5,False
59,tags,chase,13,20,0.65,0.0528,12.31060606060606,12.31060606060606,False
59,tags,weapons,4,20,0.2,0.01664,12.019230769230772,12.019230769230772,False
59,tags,biblical,1,20,0.05,0.00416,12.019230769230772,12.019230769230772,False
59,tags,good action,12,20,0.6,0.05056,11.867088607594937,11.867088607594937,False
59,tags,first contact,3,20,0.15,0.0128,11.718749999999998,11.718749999999998,False
59,tags,monster,3,20,0.15,0.0128,11.718749999999998,11.718749999999998,False
59,tags,awesome soundtrack,4,20,0.2,0.0176,11.363636363636363,11.363636363636363,False
59,genres,Sci-Fi,18,20,0.9,0.08032,11.205179282868526,11.205179282868526,False
59,tags,frightening,2,20,0.1,0.00896,11.160714285714286,11.160714285714286,False
59,tags,wizards,1,20,0.05,0.00448,11.160714285714286,11.160714285714286,False
59,tags,natural disaster,2,20,0.1,0.00928,10.775862068965518,10.775862068965518,False
59,tags,violent,8,20,0.4,0.03744,10.683760683760685,10.683760683760685,False
59,tags,action,17,20,0.85,0.07968,10.667670682730924,10.667670682730924,False
59,tags,franchise,10,20,0.5,0.04928,10.146103896103897,10.146103896103897,False
59,tags,adventure,8,20,0.4,0.04,10.0,10.0,False
59,tags,cyberpunk,1,20,0.05,0.00512,9.765625,9.765625,False
59,tags,treasure hunt,1,20,0.05,0.00512,9.765625,9.765625,False
59,tags,big budget,5,20,0.25,0.02592,9.645061728395062,9.645061728395062,False
59,tags,mother-son relationship,1,20,0.05,0.00544,9.191176470588236,9.191176470588236,False
59,tags,alternate reality,1,20,0.05,0.00544,9.191176470588236,9.191176470588236,False
59,tags,anti-hero,1,20,0.05,0.00544,9.191176470588236,9.191176470588236,False
59,tags,vengeance,4,20,0.2,0.02208,9.057971014492754,9.057971014492754,False
59,tags,intense,5,20,0.25,0.02784,8.979885057471265,8.979885057471265,False
59,tags,visual,6,20,0.3,0.03456,8.680555555555555,8.680555555555555,False
59,tags,revenge,2,20,0.1,0.01184,8.445945945945947,8.445945945945947,False
59,tags,violence,8,20,0.4,0.04832,8.27814569536424,8.27814569536424,False
59,tags,007 (series),1,20,0.05,0.00608,8.223684210526315,8.223684210526315,False
59,tags,suspense,9,20,0.45,0.05568,8.081896551724139,8.081896551724139,False
59,tags,atmospheric,2,20,0.1,0.01248,8.012820512820513,8.012820512820513,False
59,tags,great ending,6,20,0.3,0.03776,7.944915254237287,7.944915254237287,False
59,tags,war,3,20,0.15,0.01888,7.944915254237287,7.944915254237287,False
59,tags,sacrifice,1,20,0.05,0.0064,7.8125,7.8125,False
59,tags,prison,1,20,0.05,0.0064,7.8125,7.8125,False
59,tags,nocturnal,1,20,0.05,0.0064,7.8125,7.8125,False
59,tags,new york,1,20,0.05,0.00672,7.440476190476191,7.440476190476191,False
59,tags,scary,3,20,0.15,0.02048,7.324218749999999,7.324218749999999,False
59,tags,tense,8,20,0.4,0.05536,7.225433526011561,7.225433526011561,False
59,tags,sequel,4,20,0.2,0.02784,7.183908045977012,7.183908045977012,False
59,tags,great movie,6,20,0.3,0.04352,6.893382352941176,6.893382352941176,False
59,tags,fantasy,3,20,0.15,0.02176,6.893382352941176,6.893382352941176,False
59,genres,Action,20,20,1.0,0.14528,6.883259911894274,6.883259911894274,False
59,tags,80s,2,20,0.1,0.01472,6.793478260869565,6.793478260869565,False
59,tags,rebellion,1,20,0.05,0.00736,6.793478260869565,6.793478260869565,False
59,tags,destiny,3,20,0.15,0.024,6.25,6.25,False
59,tags,explosions,1,20,0.05,0.008,6.25,6.25,False
59,tags,vigilante,1,20,0.05,0.008,6.25,6.25,False
59,tags,stop motion,1,20,0.05,0.008,6.25,6.25,False
59,tags,nazi,1,20,0.05,0.00832,6.009615384615386,6.009615384615386,False
59,tags,great,3,20,0.15,0.02496,6.009615384615384,6.009615384615384,False
59,tags,classic,9,20,0.45,0.0752,5.98404255319149,5.98404255319149,False
59,tags,gunfight,3,20,0.15,0.0256,5.859374999999999,5.859374999999999,False
59,tags,mars,1,20,0.05,0.00864,5.787037037037037,5.787037037037037,False
59,tags,new york city,1,20,0.05,0.00864,5.787037037037037,5.787037037037037,False
59,tags,san francisco,1,20,0.05,0.00896,5.580357142857143,5.580357142857143,False
59,genres,Adventure,9,20,0.45,0.08256,5.450581395348838,5.450581395348838,False
59,tags,good,4,20,0.2,0.0368,5.434782608695652,5.434782608695652,False
59,tags,cult classic,5,20,0.25,0.04608,5.425347222222222,5.425347222222222,False
59,tags,imdb top 250,10,20,0.5,0.09824,5.089576547231271,5.089576547231271,False
59,tags,paranoia,1,20,0.05,0.00992,5.040322580645162,5.040322580645162,False
59,tags,jungle,1,20,0.05,0.01056,4.734848484848485,4.734848484848485,False
59,tags,dark,2,20,0.1,0.02144,4.664179104477612,4.664179104477612,False
59,genres,War,4,20,0.2,0.0432,4.62962962962963,4.62962962962963,False
59,tags,forceful,1,20,0.05,0.01088,4.595588235294118,4.595588235294118,False
59,tags,computer animation,1,20,0.05,0.01088,4.595588235294118,4.595588235294118,False
59,tags,police,1,20,0.05,0.0112,4.464285714285714,4.464285714285714,False
59,tags,fantasy world,1,20,0.05,0.01152,4.340277777777778,4.340277777777778,False
59,tags,fast paced,2,20,0.1,0.02368,4.222972972972974,4.222972972972974,False
59,tags,ominous,1,20,0.05,0.01216,4.1118421052631575,4.1118421052631575,False
59,tags,death,1,20,0.05,0.01248,4.006410256410256,4.006410256410256,False
59,tags,70mm,1,20,0.05,0.01312,3.810975609756098,3.810975609756098,False
59,tags,redemption,1,20,0.05,0.01312,3.810975609756098,3.810975609756098,False
59,tags,suspenseful,3,20,0.15,0.03968,3.780241935483871,3.780241935483871,False
59,tags,masterpiece,5,20,0.25,0.0672,3.7202380952380953,3.7202380952380953,False
59,tags,excellent script,3,20,0.15,0.04128,3.6337209302325584,3.6337209302325584,False
59,tags,storytelling,4,20,0.2,0.05536,3.6127167630057806,3.6127167630057806,False
59,tags,imagination,1,20,0.05,0.01408,3.5511363636363638,3.5511363636363638,False
59,tags,cool,1,20,0.05,0.01408,3.5511363636363638,3.5511363636363638,False
59,tags,mentor,5,20,0.25,0.07168,3.4877232142857144,3.4877232142857144,False
59,tags,visually appealing,3,20,0.15,0.04416,3.3967391304347827,3.3967391304347827,False
59,tags,assassin,1,20,0.05,0.01472,3.3967391304347827,3.3967391304347827,False
59,tags,nazis,1,20,0.05,0.01472,3.3967391304347827,3.3967391304347827,False
59,tags,splatter,2,20,0.1,0.02976,3.360215053763441,3.360215053763441,False
59,tags,gory,1,20,0.05,0.01504,3.3244680851063833,3.3244680851063833,False
59,genres,Thriller,9,20,0.45,0.14016,3.210616438356164,3.210616438356164,False
59,tags,original,16,20,0.8,0.25024,3.1969309462915603,3.1969309462915603,False
59,tags,oscar winner,1,20,0.05,0.01568,3.188775510204082,3.188775510204082,False
59,tags,creepy,2,20,0.1,0.03488,2.86697247706422,2.86697247706422,False
59,tags,powerful ending,1,20,0.05,0.01888,2.6483050847457625,2.6483050847457625,False
59,tags,fun movie,2,20,0.1,0.03872,2.5826446280991737,2.5826446280991737,False
59,tags,fight scenes,1,20,0.05,0.01952,2.5614754098360657,2.5614754098360657,False
59,genres,Fantasy,1,20,0.05,0.0208,2.403846153846154,2.403846153846154,False
59,tags,horror,3,20,0.15,0.064,2.34375,2.34375,False
59,tags,conspiracy,1,20,0.05,0.02176,2.297794117647059,2.297794117647059,False
59,tags,good sequel,1,20,0.05,0.02656,1.8825301204819278,1.8825301204819278,False
59,tags,cult film,1,20,0.05,0.02688,1.8601190476190477,1.8601190476190477,False
59,tags,oscar (best supporting actor),1,20,0.05,0.02784,1.795977011494253,1.795977011494253,False
59,tags,brutality,1,20,0.05,0.02784,1.795977011494253,1.795977011494253,False
59,tags,children,1,20,0.05,0.03104,1.6108247422680413,1.6108247422680413,False
59,tags,oscar (best picture),1,20,0.05,0.03296,1.5169902912621358,1.5169902912621358,False
59,tags,thriller,1,20,0.05,0.03488,1.43348623853211,1.43348623853211,False
59,tags,oscar (best directing),2,20,0.1,0.07264,1.3766519823788548,1.3766519823788548,False
59,tags,based on book,1,20,0.05,0.03872,1.2913223140495869,1.2913223140495869,False
59,genres,Horror,2,20,0.1,0.08512,1.174812030075188,1.174812030075188,False
59,tags,weird,1,20,0.05,0.0448,1.1160714285714286,1.1160714285714286,False
59,genres,Crime,1,20,0.05,0.05696,0.877808988764045,0.877808988764045,False
59,tags,adapted from:book,1,20,0.05,0.06336,0.7891414141414141,0.7891414141414141,False
59,tags,based on a book,1,20,0.05,0.06656,0.7512019230769232,0.7512019230769232,False
59,tags,criterion,1,20,0.05,0.07456,0.6706008583690988,0.6706008583690988,False
59,tags,great acting,1,20,0.05,0.08448,0.5918560606060607,0.5918560606060607,False
59,genres,Romance,1,20,0.05,0.13312,0.3756009615384616,0.3756009615384616,False
59,genres,Drama,1,20,0.05,0.39584,0.1263136620856912,0.1263136620856912,False
60,tags,unique,1,20,0.05,0.00032,156.25,156.25,False
60,tags,visuals,2,20,0.1,0.00128,78.125,78.125,True
60,tags,special,1,20,0.05,0.00064,78.125,78.125,False
60,tags,identity,1,20,0.05,0.00064,78.125,78.125,False
60,tags,marvel,1,20,0.05,0.00064,78.125,78.125,False
60,tags,nonlinear,2,20,0.1,0.0016,62.5,62.5,True
60,tags,thought-provoking,7,20,0.35,0.0064,54.68749999999999,54.68749999999999,True
60,tags,mindfuck,5,20,0.25,0.0048,52.083333333333336,52.083333333333336,False
60,tags,honest,1,20,0.05,0.00096,52.083333333333336,52.083333333333336,False
60,tags,depp & burton,1,20,0.05,0.00096,52.083333333333336,52.083333333333336,False
60,tags,schizophrenia,1,20,0.05,0.00096,52.083333333333336,52.083333333333336,False
60,tags,comic book adaption,1,20,0.05,0.00096,52.083333333333336,52.083333333333336,False
60,tags,cathartic,1,20,0.05,0.00096,52.083333333333336,52.083333333333336,False
60,tags,math,1,20,0.05,0.00096,52.083333333333336,52.083333333333336,False
60,tags,metaphysics,2,20,0.1,0.00224,44.642857142857146,44.642857142857146,False
60,tags,gilliam,2,20,0.1,0.00224,44.642857142857146,44.642857142857146,False
60,tags,midlife crisis,2,20,0.1,0.00256,39.0625,39.0625,False
60,tags,view askew,1,20,0.05,0.00128,39.0625,39.0625,False
60,tags,jay and silent bob,1,20,0.05,0.00128,39.0625,39.0625,False
60,tags,love triangles,1,20,0.05,0.00128,39.0625,39.0625,False
60,tags,maze,1,20,0.05,0.00128,39.0625,39.0625,False
60,tags,mathematics,1,20,0.05,0.00128,39.0625,39.0625,False
60,tags,alternate reality,4,20,0.2,0.00544,36.76470588235294,36.76470588235294,False
60,tags,strange,3,20,0.15,0.00448,33.48214285714286,33.48214285714286,False
60,tags,philosophical,4,20,0.2,0.0064,31.25,31.25,False
60,tags,philosophy,2,20,0.1,0.0032,31.25,31.25,False
60,tags,memory,1,20,0.05,0.0016,31.25,31.25,False
60,tags,alternate endings,1,20,0.05,0.0016,31.25,31.25,False
60,tags,aardman,1,20,0.05,0.0016,31.25,31.25,False
60,tags,short,1,20,0.05,0.0016,31.25,31.25,False
60,tags,scifi cult,1,20,0.05,0.0016,31.25,31.25,False
60,tags,confusing,1,20,0.05,0.0016,31.25,31.25,False
60,tags,bizarre,1,20,0.05,0.0016,31.25,31.25,False
60,tags,genius,1,20,0.05,0.0016,31.25,31.25,False
60,tags,time loop,2,20,0.1,0.00352,28.40909090909091,28.40909090909091,False
60,tags,dark fantasy,6,20,0.3,0.01056,28.409090909090907,28.409090909090907,False
60,tags,complicated plot,3,20,0.15,0.00544,27.573529411764703,27.573529411764703,False
60,tags,paranoid,2,20,0.1,0.00384,26.041666666666668,26.041666666666668,False
60,tags,beautiful,1,20,0.05,0.00192,26.041666666666668,26.041666666666668,False
60,tags,good dialogue,1,20,0.05,0.00192,26.041666666666668,26.041666666666668,False
60,tags,slackers,1,20,0.05,0.00192,26.041666666666668,26.041666666666668,False
60,tags,aardman studios,1,20,0.05,0.00192,26.041666666666668,26.041666666666668,False
60,tags,claymation,1,20,0.05,0.00192,26.041666666666668,26.041666666666668,False
60,tags,complicated,6,20,0.3,0.01152,26.041666666666664,26.041666666666664,False
60,tags,imagination,7,20,0.35,0.01408,24.857954545454543,24.857954545454543,False
60,tags,hallucinatory,2,20,0.1,0.00416,24.038461538461544,24.038461538461544,False
60,tags,dreamlike,3,20,0.15,0.0064,23.437499999999996,23.437499999999996,False
60,tags,clever,6,20,0.3,0.01312,22.865853658536587,22.865853658536587,False
60,tags,plot holes,1,20,0.05,0.00224,22.321428571428573,22.321428571428573,False
60,tags,time,1,20,0.05,0.00224,22.321428571428573,22.321428571428573,False
60,tags,distopia,1,20,0.05,0.00224,22.321428571428573,22.321428571428573,False
60,tags,complex,10,20,0.5,0.02304,21.70138888888889,21.70138888888889,False
60,tags,sarcasm,3,20,0.15,0.00704,21.30681818181818,21.30681818181818,False
60,tags,workplace,2,20,0.1,0.0048,20.833333333333336,20.833333333333336,False
60,tags,stop-motion,2,20,0.1,0.0048,20.833333333333336,20.833333333333336,False
60,tags,surrealism,3,20,0.15,0.00736,20.380434782608695,20.380434782608695,False
60,tags,atmospheric,5,20,0.25,0.01248,20.03205128205128,20.03205128205128,False
60,tags,existentialism,6,20,0.3,0.01504,19.9468085106383,19.9468085106383,False
60,tags,visually stunning,10,20,0.5,0.02528,19.778481012658226,19.778481012658226,False
60,tags,crude humor,1,20,0.05,0.00256,19.53125,19.53125,False
60,tags,stylized,7,20,0.35,0.01856,18.857758620689655,18.857758620689655,False
60,tags,dark,8,20,0.4,0.02144,18.65671641791045,18.65671641791045,False
60,tags,foul language,2,20,0.1,0.00544,18.38235294117647,18.38235294117647,False
60,tags,surreal,9,20,0.45,0.02528,17.800632911392405,17.800632911392405,False
60,tags,low budget,2,20,0.1,0.00576,17.36111111111111,17.36111111111111,False
60,tags,puppets,1,20,0.05,0.00288,17.36111111111111,17.36111111111111,False
60,tags,irreverent,1,20,0.05,0.00288,17.36111111111111,17.36111111111111,False
60,tags,blood,1,20,0.05,0.00288,17.36111111111111,17.36111111111111,False
60,tags,intellectual,2,20,0.1,0.00608,16.44736842105263,16.44736842105263,False
60,tags,coen bros,2,20,0.1,0.00608,16.44736842105263,16.44736842105263,False
60,tags,cerebral,9,20,0.45,0.02752,16.351744186046513,16.351744186046513,False
60,tags,fighting the system,2,20,0.1,0.0064,15.625,15.625,False
60,tags,nocturnal,2,20,0.1,0.0064,15.625,15.625,False
60,tags,dynamic cgi action,1,20,0.05,0.0032,15.625,15.625,False
60,tags,mutants,1,20,0.05,0.0032,15.625,15.625,False
60,tags,non-linear,1,20,0.05,0.0032,15.625,15.625,False
60,tags,multiple storylines,1,20,0.05,0.0032,15.625,15.625,False
60,tags,clones,1,20,0.05,0.0032,15.625,15.625,False
60,tags,affectionate,3,20,0.15,0.00992,15.120967741935484,15.120967741935484,False
60,tags,dystopia,3,20,0.15,0.00992,15.120967741935484,15.120967741935484,False
60,tags,goth,2,20,0.1,0.00672,14.880952380952381,14.880952380952381,False
60,tags,insanity,5,20,0.25,0.01696,14.74056603773585,14.74056603773585,False
60,tags,absurd,2,20,0.1,0.00704,14.204545454545455,14.204545454545455,False
60,tags,dystopic future,2,20,0.1,0.00704,14.204545454545455,14.204545454545455,False
60,tags,modern fantasy,1,20,0.05,0.00352,14.204545454545455,14.204545454545455,False
60,tags,suburbia,1,20,0.05,0.00352,14.204545454545455,14.204545454545455,False
60,tags,intelligent sci-fi,1,20,0.05,0.00352,14.204545454545455,14.204545454545455,False
60,tags,interesting,6,20,0.3,0.02208,13.58695652173913,13.58695652173913,False
60,tags,depression,2,20,0.1,0.00736,13.58695652173913,13.58695652173913,False
60,tags,eerie,2,20,0.1,0.00736,13.58695652173913,13.58695652173913,False
60,tags,twist,2,20,0.1,0.00736,13.58695652173913,13.58695652173913,False
60,tags,witty,3,20,0.15,0.0112,13.392857142857142,13.392857142857142,False
60,tags,stunning,2,20,0.1,0.00768,13.020833333333334,13.020833333333334,False
60,tags,teacher,1,20,0.05,0.00384,13.020833333333334,13.020833333333334,False
60,tags,zombie,1,20,0.05,0.00384,13.020833333333334,13.020833333333334,False
60,tags,alter ego,1,20,0.05,0.00384,13.020833333333334,13.020833333333334,False
60,tags,fantasy world,3,20,0.15,0.01152,13.020833333333332,13.020833333333332,False
60,tags,dark humor,6,20,0.3,0.024,12.5,12.5,False
60,tags,stop motion,2,20,0.1,0.008,12.5,12.5,False
60,tags,visually appealing,11,20,0.55,0.04416,12.454710144927537,12.454710144927537,False
60,tags,weird,11,20,0.55,0.0448,12.276785714285715,12.276785714285715,False
60,tags,deadpan,1,20,0.05,0.00416,12.019230769230772,12.019230769230772,False
60,tags,based on comic,1,20,0.05,0.00416,12.019230769230772,12.019230769230772,False
60,tags,storytelling,13,20,0.65,0.05536,11.741329479768787,11.741329479768787,False
60,tags,visual,8,20,0.4,0.03456,11.574074074074074,11.574074074074074,False
60,tags,off-beat comedy,2,20,0.1,0.00896,11.160714285714286,11.160714285714286,False
60,tags,cynical,2,20,0.1,0.00896,11.160714285714286,11.160714285714286,False
60,tags,dreams,2,20,0.1,0.00896,11.160714285714286,11.160714285714286,False
60,tags,life,1,20,0.05,0.00448,11.160714285714286,11.160714285714286,False
60,tags,halloween,1,20,0.05,0.00448,11.160714285714286,11.160714285714286,False
60,tags,post apocalyptic,1,20,0.05,0.00448,11.160714285714286,11.160714285714286,False
60,tags,cult film,6,20,0.3,0.02688,11.160714285714285,11.160714285714285,False
60,tags,fairy tales,1,20,0.05,0.0048,10.416666666666668,10.416666666666668,False
60,tags,comics,1,20,0.05,0.0048,10.416666666666668,10.416666666666668,False
60,tags,based on a tv show,2,20,0.1,0.00992,10.080645161290324,10.080645161290324,False
60,tags,parenthood,1,20,0.05,0.00512,9.765625,9.765625,False
60,tags,time travel,1,20,0.05,0.00512,9.765625,9.765625,False
60,tags,artistic,2,20,0.1,0.01056,9.46969696969697,9.46969696969697,False
60,tags,psychology,3,20,0.15,0.016,9.375,9.375,False
60,tags,medieval,1,20,0.05,0.00544,9.191176470588236,9.191176470588236,False
60,tags,post-apocalyptic,1,20,0.05,0.00544,9.191176470588236,9.191176470588236,False
60,tags,apocalypse,1,20,0.05,0.00544,9.191176470588236,9.191176470588236,False
60,tags,satirical,3,20,0.15,0.01632,9.191176470588234,9.191176470588234,False
60,tags,good acting,2,20,0.1,0.0112,8.928571428571429,8.928571428571429,False
60,tags,social commentary,3,20,0.15,0.01696,8.84433962264151,8.84433962264151,False
60,tags,quirky,2,20,0.1,0.01152,8.680555555555555,8.680555555555555,False
60,tags,censorship,1,20,0.05,0.00576,8.680555555555555,8.680555555555555,False
60,tags,new jersey,1,20,0.05,0.00576,8.680555555555555,8.680555555555555,False
60,tags,god,1,20,0.05,0.00576,8.680555555555555,8.680555555555555,False
60,tags,stupidity,1,20,0.05,0.00608,8.223684210526315,8.223684210526315,False
60,tags,gratuitous violence,1,20,0.05,0.00608,8.223684210526315,8.223684210526315,False
60,tags,drug addiction,1,20,0.05,0.00608,8.223684210526315,8.223684210526315,False
60,tags,satire,3,20,0.15,0.01856,8.081896551724137,8.081896551724137,False
60,tags,good music,2,20,0.1,0.01248,8.012820512820513,8.012820512820513,False
60,tags,great ending,6,20,0.3,0.03776,7.944915254237287,7.944915254237287,False
60,tags,powerful ending,3,20,0.15,0.01888,7.944915254237287,7.944915254237287,False
60,tags,plot twist,2,20,0.1,0.0128,7.8125,7.8125,False
60,tags,grim,1,20,0.05,0.0064,7.8125,7.8125,False
60,tags,brutal,1,20,0.05,0.0064,7.8125,7.8125,False
60,tags,very interesting,2,20,0.1,0.01344,7.440476190476191,7.440476190476191,False
60,tags,great dialogue,1,20,0.05,0.00672,7.440476190476191,7.440476190476191,False
60,tags,super-hero,1,20,0.05,0.00672,7.440476190476191,7.440476190476191,False
60,tags,psychiatry,1,20,0.05,0.00672,7.440476190476191,7.440476190476191,False
60,tags,futuristic,4,20,0.2,0.0272,7.352941176470589,7.352941176470589,False
60,tags,future,3,20,0.15,0.02048,7.324218749999999,7.324218749999999,False
60,tags,dark comedy,1,20,0.05,0.00704,7.1022727272727275,7.1022727272727275,False
60,tags,gothic,1,20,0.05,0.00704,7.1022727272727275,7.1022727272727275,False
60,tags,pg-13,1,20,0.05,0.00704,7.1022727272727275,7.1022727272727275,False
60,tags,comic book,1,20,0.05,0.00704,7.1022727272727275,7.1022727272727275,False
60,tags,british comedy,1,20,0.05,0.00704,7.1022727272727275,7.1022727272727275,False
60,tags,fantasy,3,20,0.15,0.02176,6.893382352941176,6.893382352941176,False
60,tags,rebellion,1,20,0.05,0.00736,6.793478260869565,6.793478260869565,False
60,tags,amazing photography,1,20,0.05,0.00736,6.793478260869565,6.793478260869565,False
60,tags,surveillance,1,20,0.05,0.00736,6.793478260869565,6.793478260869565,False
60,tags,fairy tale,2,20,0.1,0.01504,6.6489361702127665,6.6489361702127665,False
60,tags,gory,2,20,0.1,0.01504,6.6489361702127665,6.6489361702127665,False
60,tags,adapted from:comic,1,20,0.05,0.00768,6.510416666666667,6.510416666666667,False
60,tags,superheroes,1,20,0.05,0.00768,6.510416666666667,6.510416666666667,False
60,tags,cult classic,6,20,0.3,0.04608,6.510416666666666,6.510416666666666,False
60,tags,obsession,4,20,0.2,0.03104,6.443298969072165,6.443298969072165,False
60,tags,stylish,3,20,0.15,0.02368,6.33445945945946,6.33445945945946,False
60,tags,parody,2,20,0.1,0.016,6.25,6.25,False
60,tags,humorous,2,20,0.1,0.016,6.25,6.25,False
60,tags,black comedy,1,20,0.05,0.008,6.25,6.25,False
60,tags,christmas,1,20,0.05,0.008,6.25,6.25,False
60,tags,surprise ending,1,20,0.05,0.008,6.25,6.25,False
60,tags,demons,1,20,0.05,0.008,6.25,6.25,False
60,tags,super hero,1,20,0.05,0.008,6.25,6.25,False
60,tags,end of the world,1,20,0.05,0.008,6.25,6.25,False
60,tags,enigmatic,5,20,0.25,0.04064,6.151574803149606,6.151574803149606,False
60,tags,psychological,3,20,0.15,0.02464,6.087662337662338,6.087662337662338,False
60,tags,excellent script,5,20,0.25,0.04128,6.056201550387597,6.056201550387597,False
60,tags,german,1,20,0.05,0.00832,6.009615384615386,6.009615384615386,False
60,tags,superhero,1,20,0.05,0.00832,6.009615384615386,6.009615384615386,False
60,tags,great,3,20,0.15,0.02496,6.009615384615384,6.009615384615384,False
60,tags,good soundtrack,6,20,0.3,0.05056,5.9335443037974684,5.9335443037974684,False
60,tags,allegory,2,20,0.1,0.01696,5.89622641509434,5.89622641509434,False
60,tags,mystery,2,20,0.1,0.01728,5.787037037037037,5.787037037037037,False
60,tags,holiday,1,20,0.05,0.00864,5.787037037037037,5.787037037037037,False
60,tags,cute,1,20,0.05,0.00864,5.787037037037037,5.787037037037037,False
60,tags,great movie,5,20,0.25,0.04352,5.744485294117647,5.744485294117647,False
60,tags,cinematography,5,20,0.25,0.04448,5.620503597122302,5.620503597122302,False
60,tags,imdb top 250,11,20,0.55,0.09824,5.598534201954398,5.598534201954398,False
60,tags,eccentricity,1,20,0.05,0.00896,5.580357142857143,5.580357142857143,False
60,tags,ghosts,1,20,0.05,0.00896,5.580357142857143,5.580357142857143,False
60,tags,quotable,3,20,0.15,0.02688,5.580357142857142,5.580357142857142,False
60,tags,twists & turns,4,20,0.2,0.03648,5.482456140350878,5.482456140350878,False
60,tags,dialogue driven,1,20,0.05,0.00928,5.387931034482759,5.387931034482759,False
60,tags,twist ending,1,20,0.05,0.00928,5.387931034482759,5.387931034482759,False
60,tags,based on a comic,1,20,0.05,0.00928,5.387931034482759,5.387931034482759,False
60,tags,long,1,20,0.05,0.00928,5.387931034482759,5.387931034482759,False
60,tags,art house,1,20,0.05,0.00928,5.387931034482759,5.387931034482759,False
60,tags,bittersweet,2,20,0.1,0.01888,5.296610169491525,5.296610169491525,False
60,tags,independent film,2,20,0.1,0.0192,5.208333333333334,5.208333333333334,False
60,tags,sexuality,1,20,0.05,0.0096,5.208333333333334,5.208333333333334,False
60,tags,masterpiece,7,20,0.35,0.0672,5.208333333333333,5.208333333333333,False
60,tags,technology,2,20,0.1,0.01984,5.040322580645162,5.040322580645162,False
60,tags,fun,1,20,0.05,0.00992,5.040322580645162,5.040322580645162,False
60,tags,emotional,1,20,0.05,0.00992,5.040322580645162,5.040322580645162,False
60,tags,paranoia,1,20,0.05,0.00992,5.040322580645162,5.040322580645162,False
60,genres,Sci-Fi,8,20,0.4,0.08032,4.9800796812749,4.9800796812749,False
60,tags,bloody,1,20,0.05,0.01024,4.8828125,4.8828125,False
60,tags,narrated,2,20,0.1,0.0208,4.807692307692308,4.807692307692308,False
60,tags,fighting,1,20,0.05,0.01056,4.734848484848485,4.734848484848485,False
60,tags,loneliness,4,20,0.2,0.04288,4.664179104477612,4.664179104477612,False
60,tags,scifi,4,20,0.2,0.04288,4.664179104477612,4.664179104477612,False
60,tags,melancholy,1,20,0.05,0.01088,4.595588235294118,4.595588235294118,False
60,tags,manipulation,1,20,0.05,0.0112,4.464285714285714,4.464285714285714,False
60,tags,macabre,1,20,0.05,0.0112,4.464285714285714,4.464285714285714,False
60,tags,space opera,1,20,0.05,0.0112,4.464285714285714,4.464285714285714,False
60,tags,sci-fi,4,20,0.2,0.04512,4.432624113475177,4.432624113475177,False
60,tags,film noir,1,20,0.05,0.01152,4.340277777777778,4.340277777777778,False
60,tags,hilarious,3,20,0.15,0.03584,4.185267857142858,4.185267857142858,False
60,tags,animated,2,20,0.1,0.024,4.166666666666667,4.166666666666667,False
60,tags,science fiction,4,20,0.2,0.04832,4.13907284768212,4.13907284768212,False
60,tags,ominous,1,20,0.05,0.01216,4.1118421052631575,4.1118421052631575,False
60,tags,melancholic,3,20,0.15,0.0368,4.076086956521739,4.076086956521739,False
60,genres,Film-Noir,1,20,0.05,0.01248,4.006410256410256,4.006410256410256,False
60,tags,reflective,2,20,0.1,0.02592,3.858024691358025,3.858024691358025,False
60,tags,bleak,2,20,0.1,0.02624,3.810975609756098,3.810975609756098,False
60,tags,redemption,1,20,0.05,0.01312,3.810975609756098,3.810975609756098,False
60,tags,ensemble cast,1,20,0.05,0.01312,3.810975609756098,3.810975609756098,False
60,tags,original,19,20,0.95,0.25024,3.796355498721227,3.796355498721227,False
60,tags,dialogue,2,20,0.1,0.02752,3.6337209302325584,3.6337209302325584,False
60,tags,oscar (best supporting actor),2,20,0.1,0.02784,3.591954022988506,3.591954022988506,False
60,tags,intense,2,20,0.1,0.02784,3.591954022988506,3.591954022988506,False
60,tags,funny as hell,1,20,0.05,0.01408,3.5511363636363638,3.5511363636363638,False
60,tags,cool,1,20,0.05,0.01408,3.5511363636363638,3.5511363636363638,False
60,tags,british,1,20,0.05,0.01408,3.5511363636363638,3.5511363636363638,False
60,tags,spoof,1,20,0.05,0.01408,3.5511363636363638,3.5511363636363638,False
60,tags,story,2,20,0.1,0.02848,3.51123595505618,3.51123595505618,False
60,tags,sci fi,3,20,0.15,0.04288,3.498134328358209,3.498134328358209,False
60,tags,goofy,2,20,0.1,0.02912,3.4340659340659343,3.4340659340659343,False
60,tags,animation,2,20,0.1,0.03136,3.188775510204082,3.188775510204082,False
60,tags,beautifully filmed,2,20,0.1,0.032,3.125,3.125,False
60,genres,Animation,2,20,0.1,0.03264,3.063725490196078,3.063725490196078,False
60,tags,foreign,1,20,0.05,0.01664,3.004807692307693,3.004807692307693,False
60,tags,great acting,5,20,0.25,0.08448,2.959280303030303,2.959280303030303,False
60,tags,supernatural,1,20,0.05,0.01728,2.8935185185185186,2.8935185185185186,False
60,tags,creepy,2,20,0.1,0.03488,2.86697247706422,2.86697247706422,False
60,tags,musical,1,20,0.05,0.0176,2.840909090909091,2.840909090909091,False
60,tags,life & death,1,20,0.05,0.0176,2.840909090909091,2.840909090909091,False
60,tags,talky,3,20,0.15,0.05312,2.8237951807228914,2.8237951807228914,False
60,tags,special effects,3,20,0.15,0.05408,2.773668639053254,2.773668639053254,False
60,tags,fun movie,2,20,0.1,0.03872,2.5826446280991737,2.5826446280991737,False
60,tags,fight scenes,1,20,0.05,0.01952,2.5614754098360657,2.5614754098360657,False
60,tags,alien,1,20,0.05,0.01952,2.5614754098360657,2.5614754098360657,False
60,tags,visceral,1,20,0.05,0.01984,2.520161290322581,2.520161290322581,False
60,tags,scary,1,20,0.05,0.02048,2.44140625,2.44140625,False
60,tags,funniest movies,1,20,0.05,0.0208,2.403846153846154,2.403846153846154,False
60,tags,aliens,1,20,0.05,0.0208,2.403846153846154,2.403846153846154,False
60,tags,space,1,20,0.05,0.02176,2.297794117647059,2.297794117647059,False
60,tags,comedy,5,20,0.25,0.11168,2.238538681948424,2.238538681948424,False
60,tags,high school,1,20,0.05,0.0224,2.232142857142857,2.232142857142857,False
60,tags,coming of age,1,20,0.05,0.0224,2.232142857142857,2.232142857142857,False
60,tags,oscar (best actor),1,20,0.05,0.02304,2.170138888888889,2.170138888888889,False
60,tags,small town,1,20,0.05,0.02368,2.111486486486487,2.111486486486487,False
60,tags,fast paced,1,20,0.05,0.02368,2.111486486486487,2.111486486486487,False
60,tags,mentor,3,20,0.15,0.07168,2.092633928571429,2.092633928571429,False
60,tags,destiny,1,20,0.05,0.024,2.0833333333333335,2.0833333333333335,False
60,tags,funny,2,20,0.1,0.04832,2.06953642384106,2.06953642384106,False
60,tags,violence,2,20,0.1,0.04832,2.06953642384106,2.06953642384106,False
60,tags,silly fun,1,20,0.05,0.02528,1.9778481012658229,1.9778481012658229,False
60,tags,big budget,1,20,0.05,0.02592,1.9290123456790125,1.9290123456790125,False
60,tags,intimate,1,20,0.05,0.02624,1.905487804878049,1.905487804878049,False
60,tags,cartoon,1,20,0.05,0.02656,1.8825301204819278,1.8825301204819278,False
60,tags,black and white,1,20,0.05,0.02656,1.8825301204819278,1.8825301204819278,False
60,tags,oscar,1,20,0.05,0.0272,1.8382352941176472,1.8382352941176472,False
60,genres,Adventure,3,20,0.15,0.08256,1.8168604651162792,1.8168604651162792,False
60,tags,music,1,20,0.05,0.02752,1.8168604651162792,1.8168604651162792,False
60,tags,brutality,1,20,0.05,0.02784,1.795977011494253,1.795977011494253,False
60,tags,sequels,1,20,0.05,0.0288,1.7361111111111112,1.7361111111111112,False
60,tags,teen,1,20,0.05,0.02944,1.6983695652173914,1.6983695652173914,False
60,tags,unlikely friendships,1,20,0.05,0.02976,1.6801075268817205,1.6801075268817205,False
60,tags,splatter,1,20,0.05,0.02976,1.6801075268817205,1.6801075268817205,False
60,tags,teen movie,1,20,0.05,0.03072,1.6276041666666667,1.6276041666666667,False
60,tags,children,1,20,0.05,0.03104,1.6108247422680413,1.6108247422680413,False
60,tags,horror,2,20,0.1,0.064,1.5625,1.5625,False
60,genres,Comedy,10,20,0.5,0.32224,1.551638530287984,1.551638530287984,False
60,tags,oscar (best picture),1,20,0.05,0.03296,1.5169902912621358,1.5169902912621358,False
60,genres,Musical,1,20,0.05,0.03392,1.474056603773585,1.474056603773585,False
60,tags,love,1,20,0.05,0.03616,1.3827433628318586,1.3827433628318586,False
60,tags,good,1,20,0.05,0.0368,1.358695652173913,1.358695652173913,False
60,tags,criterion,2,20,0.1,0.07456,1.3412017167381975,1.3412017167381975,False
60,tags,violent,1,20,0.05,0.03744,1.3354700854700856,1.3354700854700856,False
60,tags,based on book,1,20,0.05,0.03872,1.2913223140495869,1.2913223140495869,False
60,tags,adventure,1,20,0.05,0.04,1.25,1.25,False
60,genres,Horror,2,20,0.1,0.08512,1.174812030075188,1.174812030075188,False
60,genres,Action,3,20,0.15,0.14528,1.032488986784141,1.032488986784141,False
60,tags,franchise,1,20,0.05,0.04928,1.0146103896103897,1.0146103896103897,False
60,tags,good action,1,20,0.05,0.05056,0.9889240506329114,0.9889240506329114,False
60,tags,chase,1,20,0.05,0.0528,0.946969696969697,0.946969696969697,False
60,tags,relationships,1,20,0.05,0.05376,0.9300595238095238,0.9300595238095238,False
60,tags,oscar (best actress),1,20,0.05,0.05504,0.9084302325581396,0.9084302325581396,False
60,tags,suspense,1,20,0.05,0.05568,0.8979885057471265,0.8979885057471265,False
60,genres,Crime,1,20,0.05,0.05696,0.877808988764045,0.877808988764045,False
60,tags,adapted from:book,1,20,0.05,0.06336,0.7891414141414141,0.7891414141414141,False
60,genres,Romance,2,20,0.1,0.13312,0.7512019230769232,0.7512019230769232,False
60,tags,drama,1,20,0.05,0.06656,0.7512019230769232,0.7512019230769232,False
60,genres,Thriller,2,20,0.1,0.14016,0.7134703196347032,0.7134703196347032,False
60,tags,oscar (best directing),1,20,0.05,0.07264,0.6883259911894274,0.6883259911894274,False
60,genres,Children's,1,20,0.05,0.07488,0.6677350427350428,0.6677350427350428,False
60,tags,action,1,20,0.05,0.07968,0.6275100401606426,0.6275100401606426,False
60,genres,Drama,4,20,0.2,0.39584,0.5052546483427648,0.5052546483427648,False
61,tags,unique,1,20,0.05,0.00032,156.25,156.25,False
61,tags,visuals,2,20,0.1,0.00128,78.125,78.125,True
61,tags,special,1,20,0.05,0.00064,78.125,78.125,False
61,tags,identity,1,20,0.05,0.00064,78.125,78.125,False
61,tags,marvel,1,20,0.05,0.00064,78.125,78.125,False
61,tags,nonlinear,2,20,0.1,0.0016,62.5,62.5,True
61,tags,thought-provoking,7,20,0.35,0.0064,54.68749999999999,54.68749999999999,True
61,tags,mindfuck,5,20,0.25,0.0048,52.083333333333336,52.083333333333336,False
61,tags,honest,1,20,0.05,0.00096,52.083333333333336,52.083333333333336,False
61,tags,depp & burton,1,20,0.05,0.00096,52.083333333333336,52.083333333333336,False
61,tags,schizophrenia,1,20,0.05,0.00096,52.083333333333336,52.083333333333336,False
61,tags,cathartic,1,20,0.05,0.00096,52.083333333333336,52.083333333333336,False
61,tags,comic book adaption,1,20,0.05,0.00096,52.083333333333336,52.083333333333336,False
61,tags,math,1,20,0.05,0.00096,52.083333333333336,52.083333333333336,False
61,tags,metaphysics,2,20,0.1,0.00224,44.642857142857146,44.642857142857146,False
61,tags,gilliam,2,20,0.1,0.00224,44.642857142857146,44.642857142857146,False
61,tags,midlife crisis,2,20,0.1,0.00256,39.0625,39.0625,False
61,tags,view askew,1,20,0.05,0.00128,39.0625,39.0625,False
61,tags,jay and silent bob,1,20,0.05,0.00128,39.0625,39.0625,False
61,tags,love triangles,1,20,0.05,0.00128,39.0625,39.0625,False
61,tags,maze,1,20,0.05,0.00128,39.0625,39.0625,False
61,tags,mathematics,1,20,0.05,0.00128,39.0625,39.0625,False
61,tags,alternate reality,4,20,0.2,0.00544,36.76470588235294,36.76470588235294,False
61,tags,strange,3,20,0.15,0.00448,33.48214285714286,33.48214285714286,False
61,tags,philosophical,4,20,0.2,0.0064,31.25,31.25,False
61,tags,philosophy,2,20,0.1,0.0032,31.25,31.25,False
61,tags,memory,1,20,0.05,0.0016,31.25,31.25,False
61,tags,aardman,1,20,0.05,0.0016,31.25,31.25,False
61,tags,short,1,20,0.05,0.0016,31.25,31.25,False
61,tags,alternate endings,1,20,0.05,0.0016,31.25,31.25,False
61,tags,scifi cult,1,20,0.05,0.0016,31.25,31.25,False
61,tags,confusing,1,20,0.05,0.0016,31.25,31.25,False
61,tags,bizarre,1,20,0.05,0.0016,31.25,31.25,False
61,tags,genius,1,20,0.05,0.0016,31.25,31.25,False
61,tags,time loop,2,20,0.1,0.00352,28.40909090909091,28.40909090909091,False
61,tags,dark fantasy,6,20,0.3,0.01056,28.409090909090907,28.409090909090907,False
61,tags,complicated plot,3,20,0.15,0.00544,27.573529411764703,27.573529411764703,False
61,tags,paranoid,2,20,0.1,0.00384,26.041666666666668,26.041666666666668,False
61,tags,beautiful,1,20,0.05,0.00192,26.041666666666668,26.041666666666668,False
61,tags,good dialogue,1,20,0.05,0.00192,26.041666666666668,26.041666666666668,False
61,tags,slackers,1,20,0.05,0.00192,26.041666666666668,26.041666666666668,False
61,tags,aardman studios,1,20,0.05,0.00192,26.041666666666668,26.041666666666668,False
61,tags,claymation,1,20,0.05,0.00192,26.041666666666668,26.041666666666668,False
61,tags,complicated,6,20,0.3,0.01152,26.041666666666664,26.041666666666664,False
61,tags,imagination,7,20,0.35,0.01408,24.857954545454543,24.857954545454543,False
61,tags,hallucinatory,2,20,0.1,0.00416,24.038461538461544,24.038461538461544,False
61,tags,dreamlike,3,20,0.15,0.0064,23.437499999999996,23.437499999999996,False
61,tags,clever,6,20,0.3,0.01312,22.865853658536587,22.865853658536587,False
61,tags,plot holes,1,20,0.05,0.00224,22.321428571428573,22.321428571428573,False
61,tags,time,1,20,0.05,0.00224,22.321428571428573,22.321428571428573,False
61,tags,distopia,1,20,0.05,0.00224,22.321428571428573,22.321428571428573,False
61,tags,complex,10,20,0.5,0.02304,21.70138888888889,21.70138888888889,False
61,tags,sarcasm,3,20,0.15,0.00704,21.30681818181818,21.30681818181818,False
61,tags,workplace,2,20,0.1,0.0048,20.833333333333336,20.833333333333336,False
61,tags,stop-motion,2,20,0.1,0.0048,20.833333333333336,20.833333333333336,False
61,tags,surrealism,3,20,0.15,0.00736,20.380434782608695,20.380434782608695,False
61,tags,atmospheric,5,20,0.25,0.01248,20.03205128205128,20.03205128205128,False
61,tags,existentialism,6,20,0.3,0.01504,19.9468085106383,19.9468085106383,False
61,tags,visually stunning,10,20,0.5,0.02528,19.778481012658226,19.778481012658226,False
61,tags,crude humor,1,20,0.05,0.00256,19.53125,19.53125,False
61,tags,stylized,7,20,0.35,0.01856,18.857758620689655,18.857758620689655,False
61,tags,dark,8,20,0.4,0.02144,18.65671641791045,18.65671641791045,False
61,tags,foul language,2,20,0.1,0.00544,18.38235294117647,18.38235294117647,False
61,tags,surreal,9,20,0.45,0.02528,17.800632911392405,17.800632911392405,False
61,tags,low budget,2,20,0.1,0.00576,17.36111111111111,17.36111111111111,False
61,tags,puppets,1,20,0.05,0.00288,17.36111111111111,17.36111111111111,False
61,tags,irreverent,1,20,0.05,0.00288,17.36111111111111,17.36111111111111,False
61,tags,blood,1,20,0.05,0.00288,17.36111111111111,17.36111111111111,False
61,tags,intellectual,2,20,0.1,0.00608,16.44736842105263,16.44736842105263,False
61,tags,coen bros,2,20,0.1,0.00608,16.44736842105263,16.44736842105263,False
61,tags,cerebral,9,20,0.45,0.02752,16.351744186046513,16.351744186046513,False
61,tags,fighting the system,2,20,0.1,0.0064,15.625,15.625,False
61,tags,nocturnal,2,20,0.1,0.0064,15.625,15.625,False
61,tags,multiple storylines,1,20,0.05,0.0032,15.625,15.625,False
61,tags,dynamic cgi action,1,20,0.05,0.0032,15.625,15.625,False
61,tags,mutants,1,20,0.05,0.0032,15.625,15.625,False
61,tags,non-linear,1,20,0.05,0.0032,15.625,15.625,False
61,tags,clones,1,20,0.05,0.0032,15.625,15.625,False
61,tags,affectionate,3,20,0.15,0.00992,15.120967741935484,15.120967741935484,False
61,tags,dystopia,3,20,0.15,0.00992,15.120967741935484,15.120967741935484,False
61,tags,goth,2,20,0.1,0.00672,14.880952380952381,14.880952380952381,False
61,tags,insanity,5,20,0.25,0.01696,14.74056603773585,14.74056603773585,False
61,tags,absurd,2,20,0.1,0.00704,14.204545454545455,14.204545454545455,False
61,tags,dystopic future,2,20,0.1,0.00704,14.204545454545455,14.204545454545455,False
61,tags,modern fantasy,1,20,0.05,0.00352,14.204545454545455,14.204545454545455,False
61,tags,suburbia,1,20,0.05,0.00352,14.204545454545455,14.204545454545455,False
61,tags,intelligent sci-fi,1,20,0.05,0.00352,14.204545454545455,14.204545454545455,False
61,tags,interesting,6,20,0.3,0.02208,13.58695652173913,13.58695652173913,False
61,tags,depression,2,20,0.1,0.00736,13.58695652173913,13.58695652173913,False
61,tags,eerie,2,20,0.1,0.00736,13.58695652173913,13.58695652173913,False
61,tags,twist,2,20,0.1,0.00736,13.58695652173913,13.58695652173913,False
61,tags,witty,3,20,0.15,0.0112,13.392857142857142,13.392857142857142,False
61,tags,stunning,2,20,0.1,0.00768,13.020833333333334,13.020833333333334,False
61,tags,teacher,1,20,0.05,0.00384,13.020833333333334,13.020833333333334,False
61,tags,zombie,1,20,0.05,0.00384,13.020833333333334,13.020833333333334,False
61,tags,alter ego,1,20,0.05,0.00384,13.020833333333334,13.020833333333334,False
61,tags,fantasy world,3,20,0.15,0.01152,13.020833333333332,13.020833333333332,False
61,tags,dark humor,6,20,0.3,0.024,12.5,12.5,False
61,tags,stop motion,2,20,0.1,0.008,12.5,12.5,False
61,tags,visually appealing,11,20,0.55,0.04416,12.454710144927537,12.454710144927537,False
61,tags,weird,11,20,0.55,0.0448,12.276785714285715,12.276785714285715,False
61,tags,deadpan,1,20,0.05,0.00416,12.019230769230772,12.019230769230772,False
61,tags,based on comic,1,20,0.05,0.00416,12.019230769230772,12.019230769230772,False
61,tags,storytelling,13,20,0.65,0.05536,11.741329479768787,11.741329479768787,False
61,tags,visual,8,20,0.4,0.03456,11.574074074074074,11.574074074074074,False
61,tags,off-beat comedy,2,20,0.1,0.00896,11.160714285714286,11.160714285714286,False
61,tags,cynical,2,20,0.1,0.00896,11.160714285714286,11.160714285714286,False
61,tags,dreams,2,20,0.1,0.00896,11.160714285714286,11.160714285714286,False
61,tags,life,1,20,0.05,0.00448,11.160714285714286,11.160714285714286,False
61,tags,halloween,1,20,0.05,0.00448,11.160714285714286,11.160714285714286,False
61,tags,post apocalyptic,1,20,0.05,0.00448,11.160714285714286,11.160714285714286,False
61,tags,cult film,6,20,0.3,0.02688,11.160714285714285,11.160714285714285,False
61,tags,fairy tales,1,20,0.05,0.0048,10.416666666666668,10.416666666666668,False
61,tags,comics,1,20,0.05,0.0048,10.416666666666668,10.416666666666668,False
61,tags,based on a tv show,2,20,0.1,0.00992,10.080645161290324,10.080645161290324,False
61,tags,parenthood,1,20,0.05,0.00512,9.765625,9.765625,False
61,tags,time travel,1,20,0.05,0.00512,9.765625,9.765625,False
61,tags,artistic,2,20,0.1,0.01056,9.46969696969697,9.46969696969697,False
61,tags,psychology,3,20,0.15,0.016,9.375,9.375,False
61,tags,medieval,1,20,0.05,0.00544,9.191176470588236,9.191176470588236,False
61,tags,post-apocalyptic,1,20,0.05,0.00544,9.191176470588236,9.191176470588236,False
61,tags,apocalypse,1,20,0.05,0.00544,9.191176470588236,9.191176470588236,False
61,tags,satirical,3,20,0.15,0.01632,9.191176470588234,9.191176470588234,False
61,tags,good acting,2,20,0.1,0.0112,8.928571428571429,8.928571428571429,False
61,tags,social commentary,3,20,0.15,0.01696,8.84433962264151,8.84433962264151,False
61,tags,quirky,2,20,0.1,0.01152,8.680555555555555,8.680555555555555,False
61,tags,censorship,1,20,0.05,0.00576,8.680555555555555,8.680555555555555,False
61,tags,new jersey,1,20,0.05,0.00576,8.680555555555555,8.680555555555555,False
61,tags,god,1,20,0.05,0.00576,8.680555555555555,8.680555555555555,False
61,tags,stupidity,1,20,0.05,0.00608,8.223684210526315,8.223684210526315,False
61,tags,gratuitous violence,1,20,0.05,0.00608,8.223684210526315,8.223684210526315,False
61,tags,drug addiction,1,20,0.05,0.00608,8.223684210526315,8.223684210526315,False
61,tags,satire,3,20,0.15,0.01856,8.081896551724137,8.081896551724137,False
61,tags,good music,2,20,0.1,0.01248,8.012820512820513,8.012820512820513,False
61,tags,great ending,6,20,0.3,0.03776,7.944915254237287,7.944915254237287,False
61,tags,powerful ending,3,20,0.15,0.01888,7.944915254237287,7.944915254237287,False
61,tags,plot twist,2,20,0.1,0.0128,7.8125,7.8125,False
61,tags,grim,1,20,0.05,0.0064,7.8125,7.8125,False
61,tags,brutal,1,20,0.05,0.0064,7.8125,7.8125,False
61,tags,very interesting,2,20,0.1,0.01344,7.440476190476191,7.440476190476191,False
61,tags,great dialogue,1,20,0.05,0.00672,7.440476190476191,7.440476190476191,False
61,tags,super-hero,1,20,0.05,0.00672,7.440476190476191,7.440476190476191,False
61,tags,psychiatry,1,20,0.05,0.00672,7.440476190476191,7.440476190476191,False
61,tags,futuristic,4,20,0.2,0.0272,7.352941176470589,7.352941176470589,False
61,tags,future,3,20,0.15,0.02048,7.324218749999999,7.324218749999999,False
61,tags,dark comedy,1,20,0.05,0.00704,7.1022727272727275,7.1022727272727275,False
61,tags,gothic,1,20,0.05,0.00704,7.1022727272727275,7.1022727272727275,False
61,tags,british comedy,1,20,0.05,0.00704,7.1022727272727275,7.1022727272727275,False
61,tags,pg-13,1,20,0.05,0.00704,7.1022727272727275,7.1022727272727275,False
61,tags,comic book,1,20,0.05,0.00704,7.1022727272727275,7.1022727272727275,False
61,tags,fantasy,3,20,0.15,0.02176,6.893382352941176,6.893382352941176,False
61,tags,rebellion,1,20,0.05,0.00736,6.793478260869565,6.793478260869565,False
61,tags,amazing photography,1,20,0.05,0.00736,6.793478260869565,6.793478260869565,False
61,tags,surveillance,1,20,0.05,0.00736,6.793478260869565,6.793478260869565,False
61,tags,fairy tale,2,20,0.1,0.01504,6.6489361702127665,6.6489361702127665,False
61,tags,gory,2,20,0.1,0.01504,6.6489361702127665,6.6489361702127665,False
61,tags,adapted from:comic,1,20,0.05,0.00768,6.510416666666667,6.510416666666667,False
61,tags,superheroes,1,20,0.05,0.00768,6.510416666666667,6.510416666666667,False
61,tags,cult classic,6,20,0.3,0.04608,6.510416666666666,6.510416666666666,False
61,tags,obsession,4,20,0.2,0.03104,6.443298969072165,6.443298969072165,False
61,tags,stylish,3,20,0.15,0.02368,6.33445945945946,6.33445945945946,False
61,tags,parody,2,20,0.1,0.016,6.25,6.25,False
61,tags,humorous,2,20,0.1,0.016,6.25,6.25,False
61,tags,black comedy,1,20,0.05,0.008,6.25,6.25,False
61,tags,christmas,1,20,0.05,0.008,6.25,6.25,False
61,tags,surprise ending,1,20,0.05,0.008,6.25,6.25,False
61,tags,demons,1,20,0.05,0.008,6.25,6.25,False
61,tags,super hero,1,20,0.05,0.008,6.25,6.25,False
61,tags,end of the world,1,20,0.05,0.008,6.25,6.25,False
61,tags,enigmatic,5,20,0.25,0.04064,6.151574803149606,6.151574803149606,False
61,tags,psychological,3,20,0.15,0.02464,6.087662337662338,6.087662337662338,False
61,tags,excellent script,5,20,0.25,0.04128,6.056201550387597,6.056201550387597,False
61,tags,german,1,20,0.05,0.00832,6.009615384615386,6.009615384615386,False
61,tags,superhero,1,20,0.05,0.00832,6.009615384615386,6.009615384615386,False
61,tags,great,3,20,0.15,0.02496,6.009615384615384,6.009615384615384,False
61,tags,good soundtrack,6,20,0.3,0.05056,5.9335443037974684,5.9335443037974684,False
61,tags,allegory,2,20,0.1,0.01696,5.89622641509434,5.89622641509434,False
61,tags,mystery,2,20,0.1,0.01728,5.787037037037037,5.787037037037037,False
61,tags,holiday,1,20,0.05,0.00864,5.787037037037037,5.787037037037037,False
61,tags,cute,1,20,0.05,0.00864,5.787037037037037,5.787037037037037,False
61,tags,great movie,5,20,0.25,0.04352,5.744485294117647,5.744485294117647,False
61,tags,cinematography,5,20,0.25,0.04448,5.620503597122302,5.620503597122302,False
61,tags,imdb top 250,11,20,0.55,0.09824,5.598534201954398,5.598534201954398,False
61,tags,eccentricity,1,20,0.05,0.00896,5.580357142857143,5.580357142857143,False
61,tags,ghosts,1,20,0.05,0.00896,5.580357142857143,5.580357142857143,False
61,tags,quotable,3,20,0.15,0.02688,5.580357142857142,5.580357142857142,False
61,tags,twists & turns,4,20,0.2,0.03648,5.482456140350878,5.482456140350878,False
61,tags,dialogue driven,1,20,0.05,0.00928,5.387931034482759,5.387931034482759,False
61,tags,twist ending,1,20,0.05,0.00928,5.387931034482759,5.387931034482759,False
61,tags,long,1,20,0.05,0.00928,5.387931034482759,5.387931034482759,False
61,tags,based on a comic,1,20,0.05,0.00928,5.387931034482759,5.387931034482759,False
61,tags,art house,1,20,0.05,0.00928,5.387931034482759,5.387931034482759,False
61,tags,bittersweet,2,20,0.1,0.01888,5.296610169491525,5.296610169491525,False
61,tags,independent film,2,20,0.1,0.0192,5.208333333333334,5.208333333333334,False
61,tags,sexuality,1,20,0.05,0.0096,5.208333333333334,5.208333333333334,False
61,tags,masterpiece,7,20,0.35,0.0672,5.208333333333333,5.208333333333333,False
61,tags,technology,2,20,0.1,0.01984,5.040322580645162,5.040322580645162,False
61,tags,fun,1,20,0.05,0.00992,5.040322580645162,5.040322580645162,False
61,tags,emotional,1,20,0.05,0.00992,5.040322580645162,5.040322580645162,False
61,tags,paranoia,1,20,0.05,0.00992,5.040322580645162,5.040322580645162,False
61,genres,Sci-Fi,8,20,0.4,0.08032,4.9800796812749,4.9800796812749,False
61,tags,bloody,1,20,0.05,0.01024,4.8828125,4.8828125,False
61,tags,narrated,2,20,0.1,0.0208,4.807692307692308,4.807692307692308,False
61,tags,fighting,1,20,0.05,0.01056,4.734848484848485,4.734848484848485,False
61,tags,loneliness,4,20,0.2,0.04288,4.664179104477612,4.664179104477612,False
61,tags,scifi,4,20,0.2,0.04288,4.664179104477612,4.664179104477612,False
61,tags,melancholy,1,20,0.05,0.01088,4.595588235294118,4.595588235294118,False
61,tags,manipulation,1,20,0.05,0.0112,4.464285714285714,4.464285714285714,False
61,tags,macabre,1,20,0.05,0.0112,4.464285714285714,4.464285714285714,False
61,tags,space opera,1,20,0.05,0.0112,4.464285714285714,4.464285714285714,False
61,tags,sci-fi,4,20,0.2,0.04512,4.432624113475177,4.432624113475177,False
61,tags,film noir,1,20,0.05,0.01152,4.340277777777778,4.340277777777778,False
61,tags,hilarious,3,20,0.15,0.03584,4.185267857142858,4.185267857142858,False
61,tags,animated,2,20,0.1,0.024,4.166666666666667,4.166666666666667,False
61,tags,science fiction,4,20,0.2,0.04832,4.13907284768212,4.13907284768212,False
61,tags,ominous,1,20,0.05,0.01216,4.1118421052631575,4.1118421052631575,False
61,tags,melancholic,3,20,0.15,0.0368,4.076086956521739,4.076086956521739,False
61,genres,Film-Noir,1,20,0.05,0.01248,4.006410256410256,4.006410256410256,False
61,tags,reflective,2,20,0.1,0.02592,3.858024691358025,3.858024691358025,False
61,tags,bleak,2,20,0.1,0.02624,3.810975609756098,3.810975609756098,False
61,tags,redemption,1,20,0.05,0.01312,3.810975609756098,3.810975609756098,False
61,tags,ensemble cast,1,20,0.05,0.01312,3.810975609756098,3.810975609756098,False
61,tags,original,19,20,0.95,0.25024,3.796355498721227,3.796355498721227,False
61,tags,dialogue,2,20,0.1,0.02752,3.6337209302325584,3.6337209302325584,False
61,tags,oscar (best supporting actor),2,20,0.1,0.02784,3.591954022988506,3.591954022988506,False
61,tags,intense,2,20,0.1,0.02784,3.591954022988506,3.591954022988506,False
61,tags,funny as hell,1,20,0.05,0.01408,3.5511363636363638,3.5511363636363638,False
61,tags,british,1,20,0.05,0.01408,3.5511363636363638,3.5511363636363638,False
61,tags,spoof,1,20,0.05,0.01408,3.5511363636363638,3.5511363636363638,False
61,tags,cool,1,20,0.05,0.01408,3.5511363636363638,3.5511363636363638,False
61,tags,story,2,20,0.1,0.02848,3.51123595505618,3.51123595505618,False
61,tags,sci fi,3,20,0.15,0.04288,3.498134328358209,3.498134328358209,False
61,tags,goofy,2,20,0.1,0.02912,3.4340659340659343,3.4340659340659343,False
61,tags,animation,2,20,0.1,0.03136,3.188775510204082,3.188775510204082,False
61,tags,beautifully filmed,2,20,0.1,0.032,3.125,3.125,False
61,genres,Animation,2,20,0.1,0.03264,3.063725490196078,3.063725490196078,False
61,tags,foreign,1,20,0.05,0.01664,3.004807692307693,3.004807692307693,False
61,tags,great acting,5,20,0.25,0.08448,2.959280303030303,2.959280303030303,False
61,tags,supernatural,1,20,0.05,0.01728,2.8935185185185186,2.8935185185185186,False
61,tags,creepy,2,20,0.1,0.03488,2.86697247706422,2.86697247706422,False
61,tags,musical,1,20,0.05,0.0176,2.840909090909091,2.840909090909091,False
61,tags,life & death,1,20,0.05,0.0176,2.840909090909091,2.840909090909091,False
61,tags,talky,3,20,0.15,0.05312,2.8237951807228914,2.8237951807228914,False
61,tags,special effects,3,20,0.15,0.05408,2.773668639053254,2.773668639053254,False
61,tags,fun movie,2,20,0.1,0.03872,2.5826446280991737,2.5826446280991737,False
61,tags,alien,1,20,0.05,0.01952,2.5614754098360657,2.5614754098360657,False
61,tags,fight scenes,1,20,0.05,0.01952,2.5614754098360657,2.5614754098360657,False
61,tags,visceral,1,20,0.05,0.01984,2.520161290322581,2.520161290322581,False
61,tags,scary,1,20,0.05,0.02048,2.44140625,2.44140625,False
61,tags,funniest movies,1,20,0.05,0.0208,2.403846153846154,2.403846153846154,False
61,tags,aliens,1,20,0.05,0.0208,2.403846153846154,2.403846153846154,False
61,tags,space,1,20,0.05,0.02176,2.297794117647059,2.297794117647059,False
61,tags,comedy,5,20,0.25,0.11168,2.238538681948424,2.238538681948424,False
61,tags,high school,1,20,0.05,0.0224,2.232142857142857,2.232142857142857,False
61,tags,coming of age,1,20,0.05,0.0224,2.232142857142857,2.232142857142857,False
61,tags,oscar (best actor),1,20,0.05,0.02304,2.170138888888889,2.170138888888889,False
61,tags,small town,1,20,0.05,0.02368,2.111486486486487,2.111486486486487,False
61,tags,fast paced,1,20,0.05,0.02368,2.111486486486487,2.111486486486487,False
61,tags,mentor,3,20,0.15,0.07168,2.092633928571429,2.092633928571429,False
61,tags,destiny,1,20,0.05,0.024,2.0833333333333335,2.0833333333333335,False
61,tags,funny,2,20,0.1,0.04832,2.06953642384106,2.06953642384106,False
61,tags,violence,2,20,0.1,0.04832,2.06953642384106,2.06953642384106,False
61,tags,silly fun,1,20,0.05,0.02528,1.9778481012658229,1.9778481012658229,False
61,tags,big budget,1,20,0.05,0.02592,1.9290123456790125,1.9290123456790125,False
61,tags,intimate,1,20,0.05,0.02624,1.905487804878049,1.905487804878049,False
61,tags,cartoon,1,20,0.05,0.02656,1.8825301204819278,1.8825301204819278,False
61,tags,black and white,1,20,0.05,0.02656,1.8825301204819278,1.8825301204819278,False
61,tags,oscar,1,20,0.05,0.0272,1.8382352941176472,1.8382352941176472,False
61,genres,Adventure,3,20,0.15,0.08256,1.8168604651162792,1.8168604651162792,False
61,tags,music,1,20,0.05,0.02752,1.8168604651162792,1.8168604651162792,False
61,tags,brutality,1,20,0.05,0.02784,1.795977011494253,1.795977011494253,False
61,tags,sequels,1,20,0.05,0.0288,1.7361111111111112,1.7361111111111112,False
61,tags,teen,1,20,0.05,0.02944,1.6983695652173914,1.6983695652173914,False
61,tags,unlikely friendships,1,20,0.05,0.02976,1.6801075268817205,1.6801075268817205,False
61,tags,splatter,1,20,0.05,0.02976,1.6801075268817205,1.6801075268817205,False
61,tags,teen movie,1,20,0.05,0.03072,1.6276041666666667,1.6276041666666667,False
61,tags,children,1,20,0.05,0.03104,1.6108247422680413,1.6108247422680413,False
61,tags,horror,2,20,0.1,0.064,1.5625,1.5625,False
61,genres,Comedy,10,20,0.5,0.32224,1.551638530287984,1.551638530287984,False
61,tags,oscar (best picture),1,20,0.05,0.03296,1.5169902912621358,1.5169902912621358,False
61,genres,Musical,1,20,0.05,0.03392,1.474056603773585,1.474056603773585,False
61,tags,love,1,20,0.05,0.03616,1.3827433628318586,1.3827433628318586,False
61,tags,good,1,20,0.05,0.0368,1.358695652173913,1.358695652173913,False
61,tags,criterion,2,20,0.1,0.07456,1.3412017167381975,1.3412017167381975,False
61,tags,violent,1,20,0.05,0.03744,1.3354700854700856,1.3354700854700856,False
61,tags,based on book,1,20,0.05,0.03872,1.2913223140495869,1.2913223140495869,False
61,tags,adventure,1,20,0.05,0.04,1.25,1.25,False
61,genres,Horror,2,20,0.1,0.08512,1.174812030075188,1.174812030075188,False
61,genres,Action,3,20,0.15,0.14528,1.032488986784141,1.032488986784141,False
61,tags,franchise,1,20,0.05,0.04928,1.0146103896103897,1.0146103896103897,False
61,tags,good action,1,20,0.05,0.05056,0.9889240506329114,0.9889240506329114,False
61,tags,chase,1,20,0.05,0.0528,0.946969696969697,0.946969696969697,False
61,tags,relationships,1,20,0.05,0.05376,0.9300595238095238,0.9300595238095238,False
61,tags,oscar (best actress),1,20,0.05,0.05504,0.9084302325581396,0.9084302325581396,False
61,tags,suspense,1,20,0.05,0.05568,0.8979885057471265,0.8979885057471265,False
61,genres,Crime,1,20,0.05,0.05696,0.877808988764045,0.877808988764045,False
61,tags,adapted from:book,1,20,0.05,0.06336,0.7891414141414141,0.7891414141414141,False
61,genres,Romance,2,20,0.1,0.13312,0.7512019230769232,0.7512019230769232,False
61,tags,drama,1,20,0.05,0.06656,0.7512019230769232,0.7512019230769232,False
61,genres,Thriller,2,20,0.1,0.14016,0.7134703196347032,0.7134703196347032,False
61,tags,oscar (best directing),1,20,0.05,0.07264,0.6883259911894274,0.6883259911894274,False
61,genres,Children's,1,20,0.05,0.07488,0.6677350427350428,0.6677350427350428,False
61,tags,action,1,20,0.05,0.07968,0.6275100401606426,0.6275100401606426,False
61,genres,Drama,4,20,0.2,0.39584,0.5052546483427648,0.5052546483427648,False
62,tags,shopping,3,20,0.15,0.00096,156.25,156.25,True
62,tags,good romantic comedies,9,20,0.45,0.00704,63.92045454545455,63.92045454545455,True
62,tags,sappy,1,20,0.05,0.00096,52.083333333333336,52.083333333333336,False
62,tags,wedding,2,20,0.1,0.00224,44.642857142857146,44.642857142857146,True
62,tags,spelling bee,1,20,0.05,0.00128,39.0625,39.0625,False
62,tags,girlie movie,15,20,0.75,0.02272,33.01056338028169,33.01056338028169,False
62,tags,very good,1,20,0.05,0.0016,31.25,31.25,False
62,tags,family bonds,1,20,0.05,0.0016,31.25,31.25,False
62,tags,happy ending,9,20,0.45,0.016,28.125,28.125,False
62,tags,feel good movie,8,20,0.4,0.0144,27.77777777777778,27.77777777777778,False
62,tags,chick flick,15,20,0.75,0.03136,23.915816326530614,23.915816326530614,False
62,tags,feel-good,13,20,0.65,0.02784,23.347701149425287,23.347701149425287,False
62,tags,internet,1,20,0.05,0.00224,22.321428571428573,22.321428571428573,False
62,tags,ghosts/afterlife,1,20,0.05,0.00224,22.321428571428573,22.321428571428573,False
62,tags,writer's life,1,20,0.05,0.00224,22.321428571428573,22.321428571428573,False
62,tags,sweet,8,20,0.4,0.01856,21.551724137931036,21.551724137931036,False
62,tags,romantic comedy,14,20,0.7,0.03424,20.44392523364486,20.44392523364486,False
62,tags,cute!,2,20,0.1,0.00512,19.53125,19.53125,False
62,tags,afterlife,1,20,0.05,0.00256,19.53125,19.53125,False
62,tags,catastrophe,1,20,0.05,0.00256,19.53125,19.53125,False
62,tags,romance,15,20,0.75,0.03904,19.211065573770494,19.211065573770494,False
62,tags,destiny,9,20,0.45,0.024,18.75,18.75,False
62,tags,cute,3,20,0.15,0.00864,17.36111111111111,17.36111111111111,False
62,tags,classical music,1,20,0.05,0.00288,17.36111111111111,17.36111111111111,False
62,tags,oscar winner,5,20,0.25,0.01568,15.943877551020408,15.943877551020408,False
62,tags,inspirational,2,20,0.1,0.0064,15.625,15.625,False
62,tags,sentimental,5,20,0.25,0.01664,15.024038461538463,15.024038461538463,False
62,tags,predictable,2,20,0.1,0.00672,14.880952380952381,14.880952380952381,False
62,tags,tear jerker,2,20,0.1,0.00704,14.204545454545455,14.204545454545455,False
62,tags,baseball,1,20,0.05,0.00352,14.204545454545455,14.204545454545455,False
62,tags,romantic,15,20,0.75,0.05568,13.469827586206897,13.469827586206897,False
62,tags,football,1,20,0.05,0.00384,13.020833333333334,13.020833333333334,False
62,tags,teacher,1,20,0.05,0.00384,13.020833333333334,13.020833333333334,False
62,tags,divorce,1,20,0.05,0.00416,12.019230769230772,12.019230769230772,False
62,tags,love story,15,20,0.75,0.06368,11.777638190954773,11.777638190954773,False
62,tags,prostitution,1,20,0.05,0.00448,11.160714285714286,11.160714285714286,False
62,tags,life,1,20,0.05,0.00448,11.160714285714286,11.160714285714286,False
62,tags,earnest,1,20,0.05,0.0048,10.416666666666668,10.416666666666668,False
62,tags,single father,1,20,0.05,0.0048,10.416666666666668,10.416666666666668,False
62,tags,fairy tales,1,20,0.05,0.0048,10.416666666666668,10.416666666666668,False
62,tags,inspiring,1,20,0.05,0.0048,10.416666666666668,10.416666666666668,False
62,tags,women,3,20,0.15,0.01568,9.566326530612244,9.566326530612244,False
62,tags,disability,1,20,0.05,0.00544,9.191176470588236,9.191176470588236,False
62,tags,rags to riches,1,20,0.05,0.00576,8.680555555555555,8.680555555555555,False
62,tags,london,1,20,0.05,0.00576,8.680555555555555,8.680555555555555,False
62,tags,president,1,20,0.05,0.00576,8.680555555555555,8.680555555555555,False
62,tags,heartwarming,2,20,0.1,0.01184,8.445945945945947,8.445945945945947,False
62,tags,nostalgic,2,20,0.1,0.01216,8.223684210526315,8.223684210526315,False
62,tags,cross dressing,1,20,0.05,0.00608,8.223684210526315,8.223684210526315,False
62,tags,good,6,20,0.3,0.0368,8.152173913043478,8.152173913043478,False
62,tags,fighting the system,1,20,0.05,0.0064,7.8125,7.8125,False
62,tags,oscar,4,20,0.2,0.0272,7.352941176470589,7.352941176470589,False
62,tags,pg-13,1,20,0.05,0.00704,7.1022727272727275,7.1022727272727275,False
62,tags,love,5,20,0.25,0.03616,6.913716814159293,6.913716814159293,False
62,tags,fairy tale,2,20,0.1,0.01504,6.6489361702127665,6.6489361702127665,False
62,tags,gay character,2,20,0.1,0.01568,6.377551020408164,6.377551020408164,False
62,tags,drama,8,20,0.4,0.06656,6.009615384615386,6.009615384615386,False
62,tags,world politics,1,20,0.05,0.00832,6.009615384615386,6.009615384615386,False
62,genres,Romance,15,20,0.75,0.13312,5.634014423076923,5.634014423076923,False
62,tags,sports,2,20,0.1,0.01792,5.580357142857143,5.580357142857143,False
62,tags,ghosts,1,20,0.05,0.00896,5.580357142857143,5.580357142857143,False
62,tags,relationships,6,20,0.3,0.05376,5.580357142857142,5.580357142857142,False
62,tags,oscar (best supporting actress),2,20,0.1,0.01856,5.387931034482759,5.387931034482759,False
62,tags,natural disaster,1,20,0.05,0.00928,5.387931034482759,5.387931034482759,False
62,tags,remake,1,20,0.05,0.00928,5.387931034482759,5.387931034482759,False
62,tags,touching,3,20,0.15,0.02816,5.326704545454545,5.326704545454545,False
62,tags,bittersweet,2,20,0.1,0.01888,5.296610169491525,5.296610169491525,False
62,tags,dog,1,20,0.05,0.0096,5.208333333333334,5.208333333333334,False
62,tags,courtroom,1,20,0.05,0.00992,5.040322580645162,5.040322580645162,False
62,tags,gay,2,20,0.1,0.0208,4.807692307692308,4.807692307692308,False
62,tags,artistic,1,20,0.05,0.01056,4.734848484848485,4.734848484848485,False
62,tags,oscar (best picture),3,20,0.15,0.03296,4.550970873786407,4.550970873786407,False
62,tags,magic,1,20,0.05,0.0112,4.464285714285714,4.464285714285714,False
62,tags,epic,1,20,0.05,0.0112,4.464285714285714,4.464285714285714,False
62,tags,good acting,1,20,0.05,0.0112,4.464285714285714,4.464285714285714,False
62,tags,historical,2,20,0.1,0.02272,4.401408450704225,4.401408450704225,False
62,tags,oscar (best actor),2,20,0.1,0.02304,4.340277777777778,4.340277777777778,False
62,tags,us history,1,20,0.05,0.01152,4.340277777777778,4.340277777777778,False
62,tags,based on a true story,1,20,0.05,0.01184,4.222972972972974,4.222972972972974,False
62,tags,lawyers,1,20,0.05,0.01216,4.1118421052631575,4.1118421052631575,False
62,tags,death,1,20,0.05,0.01248,4.006410256410256,4.006410256410256,False
62,tags,good music,1,20,0.05,0.01248,4.006410256410256,4.006410256410256,False
62,tags,quotable,2,20,0.1,0.02688,3.7202380952380953,3.7202380952380953,False
62,tags,excellent script,3,20,0.15,0.04128,3.6337209302325584,3.6337209302325584,False
62,tags,oscar (best supporting actor),2,20,0.1,0.02784,3.591954022988506,3.591954022988506,False
62,tags,british,1,20,0.05,0.01408,3.5511363636363638,3.5511363636363638,False
62,tags,beautiful scenery,1,20,0.05,0.01408,3.5511363636363638,3.5511363636363638,False
62,tags,mentor,5,20,0.25,0.07168,3.4877232142857144,3.4877232142857144,False
62,tags,musicians,1,20,0.05,0.0144,3.4722222222222223,3.4722222222222223,False
62,tags,oscar (best directing),5,20,0.25,0.07264,3.441629955947137,3.441629955947137,False
62,tags,politics,1,20,0.05,0.01472,3.3967391304347827,3.3967391304347827,False
62,tags,lawyer,1,20,0.05,0.01504,3.3244680851063833,3.3244680851063833,False
62,tags,political,1,20,0.05,0.01568,3.188775510204082,3.188775510204082,False
62,tags,rock and roll,1,20,0.05,0.016,3.125,3.125,False
62,tags,biographical,1,20,0.05,0.01664,3.004807692307693,3.004807692307693,False
62,tags,world war ii,1,20,0.05,0.01696,2.94811320754717,2.94811320754717,False
62,tags,supernatural,1,20,0.05,0.01728,2.8935185185185186,2.8935185185185186,False
62,tags,history,1,20,0.05,0.01728,2.8935185185185186,2.8935185185185186,False
62,tags,life & death,1,20,0.05,0.0176,2.840909090909091,2.840909090909091,False
62,tags,wartime,1,20,0.05,0.0192,2.604166666666667,2.604166666666667,False
62,tags,based on true story,1,20,0.05,0.01984,2.520161290322581,2.520161290322581,False
62,tags,narrated,1,20,0.05,0.0208,2.403846153846154,2.403846153846154,False
62,tags,true story,1,20,0.05,0.0208,2.403846153846154,2.403846153846154,False
62,tags,based on a play,1,20,0.05,0.0208,2.403846153846154,2.403846153846154,False
62,tags,great acting,4,20,0.2,0.08448,2.3674242424242427,2.3674242424242427,False
62,genres,Comedy,15,20,0.75,0.32224,2.327457795431976,2.327457795431976,False
62,tags,great movie,2,20,0.1,0.04352,2.297794117647059,2.297794117647059,False
62,tags,fantasy,1,20,0.05,0.02176,2.297794117647059,2.297794117647059,False
62,tags,high school,1,20,0.05,0.0224,2.232142857142857,2.232142857142857,False
62,tags,small town,1,20,0.05,0.02368,2.111486486486487,2.111486486486487,False
62,tags,greed,1,20,0.05,0.02464,2.0292207792207795,2.0292207792207795,False
62,tags,family,2,20,0.1,0.05152,1.9409937888198758,1.9409937888198758,False
62,tags,big budget,1,20,0.05,0.02592,1.9290123456790125,1.9290123456790125,False
62,tags,oscar (best actress),2,20,0.1,0.05504,1.8168604651162792,1.8168604651162792,False
62,tags,music,1,20,0.05,0.02752,1.8168604651162792,1.8168604651162792,False
62,tags,oscar (best cinematography),1,20,0.05,0.02816,1.7755681818181819,1.7755681818181819,False
62,tags,story,1,20,0.05,0.02848,1.75561797752809,1.75561797752809,False
62,tags,unlikely friendships,1,20,0.05,0.02976,1.6801075268817205,1.6801075268817205,False
62,tags,childhood,1,20,0.05,0.0304,1.6447368421052633,1.6447368421052633,False
62,tags,children,1,20,0.05,0.03104,1.6108247422680413,1.6108247422680413,False
62,tags,comedy,3,20,0.15,0.11168,1.3431232091690544,1.3431232091690544,False
62,tags,based on book,1,20,0.05,0.03872,1.2913223140495869,1.2913223140495869,False
62,genres,War,1,20,0.05,0.0432,1.1574074074074074,1.1574074074074074,False
62,tags,funny,1,20,0.05,0.04832,1.03476821192053,1.03476821192053,False
62,genres,Drama,8,20,0.4,0.39584,1.0105092966855296,1.0105092966855296,False
62,tags,chase,1,20,0.05,0.0528,0.946969696969697,0.946969696969697,False
62,tags,special effects,1,20,0.05,0.05408,0.9245562130177515,0.9245562130177515,False
62,tags,suspense,1,20,0.05,0.05568,0.8979885057471265,0.8979885057471265,False
62,tags,dramatic,1,20,0.05,0.06464,0.7735148514851485,0.7735148514851485,False
62,tags,imdb top 250,1,20,0.05,0.09824,0.508957654723127,0.508957654723127,False
62,genres,Thriller,1,20,0.05,0.14016,0.3567351598173516,0.3567351598173516,False
62,tags,original,1,20,0.05,0.25024,0.19980818414322252,0.19980818414322252,False
63,tags,shopping,3,20,0.15,0.00096,156.25,156.25,True
63,tags,good romantic comedies,9,20,0.45,0.00704,63.92045454545455,63.92045454545455,True
63,tags,sappy,1,20,0.05,0.00096,52.083333333333336,52.083333333333336,False
63,tags,wedding,2,20,0.1,0.00224,44.642857142857146,44.642857142857146,True
63,tags,spelling bee,1,20,0.05,0.00128,39.0625,39.0625,False
63,tags,girlie movie,15,20,0.75,0.02272,33.01056338028169,33.01056338028169,False
63,tags,very good,1,20,0.05,0.0016,31.25,31.25,False
63,tags,family bonds,1,20,0.05,0.0016,31.25,31.25,False
63,tags,happy ending,9,20,0.45,0.016,28.125,28.125,False
63,tags,feel good movie,8,20,0.4,0.0144,27.77777777777778,27.77777777777778,False
63,tags,chick flick,15,20,0.75,0.03136,23.915816326530614,23.915816326530614,False
63,tags,feel-good,13,20,0.65,0.02784,23.347701149425287,23.347701149425287,False
63,tags,internet,1,20,0.05,0.00224,22.321428571428573,22.321428571428573,False
63,tags,ghosts/afterlife,1,20,0.05,0.00224,22.321428571428573,22.321428571428573,False
63,tags,writer's life,1,20,0.05,0.00224,22.321428571428573,22.321428571428573,False
63,tags,sweet,8,20,0.4,0.01856,21.551724137931036,21.551724137931036,False
63,tags,romantic comedy,14,20,0.7,0.03424,20.44392523364486,20.44392523364486,False
63,tags,cute!,2,20,0.1,0.00512,19.53125,19.53125,False
63,tags,afterlife,1,20,0.05,0.00256,19.53125,19.53125,False
63,tags,catastrophe,1,20,0.05,0.00256,19.53125,19.53125,False
63,tags,romance,15,20,0.75,0.03904,19.211065573770494,19.211065573770494,False
63,tags,destiny,9,20,0.45,0.024,18.75,18.75,False
63,tags,cute,3,20,0.15,0.00864,17.36111111111111,17.36111111111111,False
63,tags,classical music,1,20,0.05,0.00288,17.36111111111111,17.36111111111111,False
63,tags,oscar winner,5,20,0.25,0.01568,15.943877551020408,15.943877551020408,False
63,tags,inspirational,2,20,0.1,0.0064,15.625,15.625,False
63,tags,sentimental,5,20,0.25,0.01664,15.024038461538463,15.024038461538463,False
63,tags,predictable,2,20,0.1,0.00672,14.880952380952381,14.880952380952381,False
63,tags,tear jerker,2,20,0.1,0.00704,14.204545454545455,14.204545454545455,False
63,tags,baseball,1,20,0.05,0.00352,14.204545454545455,14.204545454545455,False
63,tags,romantic,15,20,0.75,0.05568,13.469827586206897,13.469827586206897,False
63,tags,football,1,20,0.05,0.00384,13.020833333333334,13.020833333333334,False
63,tags,teacher,1,20,0.05,0.00384,13.020833333333334,13.020833333333334,False
63,tags,divorce,1,20,0.05,0.00416,12.019230769230772,12.019230769230772,False
63,tags,love story,15,20,0.75,0.06368,11.777638190954773,11.777638190954773,False
63,tags,prostitution,1,20,0.05,0.00448,11.160714285714286,11.160714285714286,False
63,tags,life,1,20,0.05,0.00448,11.160714285714286,11.160714285714286,False
63,tags,single father,1,20,0.05,0.0048,10.416666666666668,10.416666666666668,False
63,tags,fairy tales,1,20,0.05,0.0048,10.416666666666668,10.416666666666668,False
63,tags,earnest,1,20,0.05,0.0048,10.416666666666668,10.416666666666668,False
63,tags,inspiring,1,20,0.05,0.0048,10.416666666666668,10.416666666666668,False
63,tags,women,3,20,0.15,0.01568,9.566326530612244,9.566326530612244,False
63,tags,disability,1,20,0.05,0.00544,9.191176470588236,9.191176470588236,False
63,tags,rags to riches,1,20,0.05,0.00576,8.680555555555555,8.680555555555555,False
63,tags,london,1,20,0.05,0.00576,8.680555555555555,8.680555555555555,False
63,tags,president,1,20,0.05,0.00576,8.680555555555555,8.680555555555555,False
63,tags,heartwarming,2,20,0.1,0.01184,8.445945945945947,8.445945945945947,False
63,tags,nostalgic,2,20,0.1,0.01216,8.223684210526315,8.223684210526315,False
63,tags,cross dressing,1,20,0.05,0.00608,8.223684210526315,8.223684210526315,False
63,tags,good,6,20,0.3,0.0368,8.152173913043478,8.152173913043478,False
63,tags,fighting the system,1,20,0.05,0.0064,7.8125,7.8125,False
63,tags,oscar,4,20,0.2,0.0272,7.352941176470589,7.352941176470589,False
63,tags,pg-13,1,20,0.05,0.00704,7.1022727272727275,7.1022727272727275,False
63,tags,love,5,20,0.25,0.03616,6.913716814159293,6.913716814159293,False
63,tags,fairy tale,2,20,0.1,0.01504,6.6489361702127665,6.6489361702127665,False
63,tags,gay character,2,20,0.1,0.01568,6.377551020408164,6.377551020408164,False
63,tags,drama,8,20,0.4,0.06656,6.009615384615386,6.009615384615386,False
63,tags,world politics,1,20,0.05,0.00832,6.009615384615386,6.009615384615386,False
63,genres,Romance,15,20,0.75,0.13312,5.634014423076923,5.634014423076923,False
63,tags,sports,2,20,0.1,0.01792,5.580357142857143,5.580357142857143,False
63,tags,ghosts,1,20,0.05,0.00896,5.580357142857143,5.580357142857143,False
63,tags,relationships,6,20,0.3,0.05376,5.580357142857142,5.580357142857142,False
63,tags,oscar (best supporting actress),2,20,0.1,0.01856,5.387931034482759,5.387931034482759,False
63,tags,natural disaster,1,20,0.05,0.00928,5.387931034482759,5.387931034482759,False
63,tags,remake,1,20,0.05,0.00928,5.387931034482759,5.387931034482759,False
63,tags,touching,3,20,0.15,0.02816,5.326704545454545,5.326704545454545,False
63,tags,bittersweet,2,20,0.1,0.01888,5.296610169491525,5.296610169491525,False
63,tags,dog,1,20,0.05,0.0096,5.208333333333334,5.208333333333334,False
63,tags,courtroom,1,20,0.05,0.00992,5.040322580645162,5.040322580645162,False
63,tags,gay,2,20,0.1,0.0208,4.807692307692308,4.807692307692308,False
63,tags,artistic,1,20,0.05,0.01056,4.734848484848485,4.734848484848485,False
63,tags,oscar (best picture),3,20,0.15,0.03296,4.550970873786407,4.550970873786407,False
63,tags,magic,1,20,0.05,0.0112,4.464285714285714,4.464285714285714,False
63,tags,epic,1,20,0.05,0.0112,4.464285714285714,4.464285714285714,False
63,tags,good acting,1,20,0.05,0.0112,4.464285714285714,4.464285714285714,False
63,tags,historical,2,20,0.1,0.02272,4.401408450704225,4.401408450704225,False
63,tags,oscar (best actor),2,20,0.1,0.02304,4.340277777777778,4.340277777777778,False
63,tags,us history,1,20,0.05,0.01152,4.340277777777778,4.340277777777778,False
63,tags,based on a true story,1,20,0.05,0.01184,4.222972972972974,4.222972972972974,False
63,tags,lawyers,1,20,0.05,0.01216,4.1118421052631575,4.1118421052631575,False
63,tags,death,1,20,0.05,0.01248,4.006410256410256,4.006410256410256,False
63,tags,good music,1,20,0.05,0.01248,4.006410256410256,4.006410256410256,False
63,tags,quotable,2,20,0.1,0.02688,3.7202380952380953,3.7202380952380953,False
63,tags,excellent script,3,20,0.15,0.04128,3.6337209302325584,3.6337209302325584,False
63,tags,oscar (best supporting actor),2,20,0.1,0.02784,3.591954022988506,3.591954022988506,False
63,tags,british,1,20,0.05,0.01408,3.5511363636363638,3.5511363636363638,False
63,tags,beautiful scenery,1,20,0.05,0.01408,3.5511363636363638,3.5511363636363638,False
63,tags,mentor,5,20,0.25,0.07168,3.4877232142857144,3.4877232142857144,False
63,tags,musicians,1,20,0.05,0.0144,3.4722222222222223,3.4722222222222223,False
63,tags,oscar (best directing),5,20,0.25,0.07264,3.441629955947137,3.441629955947137,False
63,tags,politics,1,20,0.05,0.01472,3.3967391304347827,3.3967391304347827,False
63,tags,lawyer,1,20,0.05,0.01504,3.3244680851063833,3.3244680851063833,False
63,tags,political,1,20,0.05,0.01568,3.188775510204082,3.188775510204082,False
63,tags,rock and roll,1,20,0.05,0.016,3.125,3.125,False
63,tags,biographical,1,20,0.05,0.01664,3.004807692307693,3.004807692307693,False
63,tags,world war ii,1,20,0.05,0.01696,2.94811320754717,2.94811320754717,False
63,tags,supernatural,1,20,0.05,0.01728,2.8935185185185186,2.8935185185185186,False
63,tags,history,1,20,0.05,0.01728,2.8935185185185186,2.8935185185185186,False
63,tags,life & death,1,20,0.05,0.0176,2.840909090909091,2.840909090909091,False
63,tags,wartime,1,20,0.05,0.0192,2.604166666666667,2.604166666666667,False
63,tags,based on true story,1,20,0.05,0.01984,2.520161290322581,2.520161290322581,False
63,tags,narrated,1,20,0.05,0.0208,2.403846153846154,2.403846153846154,False
63,tags,true story,1,20,0.05,0.0208,2.403846153846154,2.403846153846154,False
63,tags,based on a play,1,20,0.05,0.0208,2.403846153846154,2.403846153846154,False
63,tags,great acting,4,20,0.2,0.08448,2.3674242424242427,2.3674242424242427,False
63,genres,Comedy,15,20,0.75,0.32224,2.327457795431976,2.327457795431976,False
63,tags,great movie,2,20,0.1,0.04352,2.297794117647059,2.297794117647059,False
63,tags,fantasy,1,20,0.05,0.02176,2.297794117647059,2.297794117647059,False
63,tags,high school,1,20,0.05,0.0224,2.232142857142857,2.232142857142857,False
63,tags,small town,1,20,0.05,0.02368,2.111486486486487,2.111486486486487,False
63,tags,greed,1,20,0.05,0.02464,2.0292207792207795,2.0292207792207795,False
63,tags,family,2,20,0.1,0.05152,1.9409937888198758,1.9409937888198758,False
63,tags,big budget,1,20,0.05,0.02592,1.9290123456790125,1.9290123456790125,False
63,tags,oscar (best actress),2,20,0.1,0.05504,1.8168604651162792,1.8168604651162792,False
63,tags,music,1,20,0.05,0.02752,1.8168604651162792,1.8168604651162792,False
63,tags,oscar (best cinematography),1,20,0.05,0.02816,1.7755681818181819,1.7755681818181819,False
63,tags,story,1,20,0.05,0.02848,1.75561797752809,1.75561797752809,False
63,tags,unlikely friendships,1,20,0.05,0.02976,1.6801075268817205,1.6801075268817205,False
63,tags,childhood,1,20,0.05,0.0304,1.6447368421052633,1.6447368421052633,False
63,tags,children,1,20,0.05,0.03104,1.6108247422680413,1.6108247422680413,False
63,tags,comedy,3,20,0.15,0.11168,1.3431232091690544,1.3431232091690544,False
63,tags,based on book,1,20,0.05,0.03872,1.2913223140495869,1.2913223140495869,False
63,genres,War,1,20,0.05,0.0432,1.1574074074074074,1.1574074074074074,False
63,tags,funny,1,20,0.05,0.04832,1.03476821192053,1.03476821192053,False
63,genres,Drama,8,20,0.4,0.39584,1.0105092966855296,1.0105092966855296,False
63,tags,chase,1,20,0.05,0.0528,0.946969696969697,0.946969696969697,False
63,tags,special effects,1,20,0.05,0.05408,0.9245562130177515,0.9245562130177515,False
63,tags,suspense,1,20,0.05,0.05568,0.8979885057471265,0.8979885057471265,False
63,tags,dramatic,1,20,0.05,0.06464,0.7735148514851485,0.7735148514851485,False
63,tags,imdb top 250,1,20,0.05,0.09824,0.508957654723127,0.508957654723127,False
63,genres,Thriller,1,20,0.05,0.14016,0.3567351598173516,0.3567351598173516,False
63,tags,original,1,20,0.05,0.25024,0.19980818414322252,0.19980818414322252,False
64,tags,hannibal lecter,1,20,0.05,0.00032,156.25,156.25,False
64,tags,suprisingly clever,3,20,0.15,0.00224,66.96428571428572,66.96428571428572,True
64,tags,oscar (best writing - screenplay written directly for the screen),3,20,0.15,0.00224,66.96428571428572,66.96428571428572,True
64,tags,anti-war,3,20,0.15,0.00224,66.96428571428572,66.96428571428572,True
64,tags,good acting,14,20,0.7,0.0112,62.5,62.5,False
64,tags,nonlinear,2,20,0.1,0.0016,62.5,62.5,False
64,tags,complex characters,2,20,0.1,0.0016,62.5,62.5,False
64,tags,good dialogue,2,20,0.1,0.00192,52.083333333333336,52.083333333333336,False
64,tags,tarantino,2,20,0.1,0.00192,52.083333333333336,52.083333333333336,False
64,tags,minnesota,1,20,0.05,0.00096,52.083333333333336,52.083333333333336,False
64,tags,honest,1,20,0.05,0.00096,52.083333333333336,52.083333333333336,False
64,tags,math,1,20,0.05,0.00096,52.083333333333336,52.083333333333336,False
64,tags,guns,5,20,0.25,0.00512,48.82812499999999,48.82812499999999,False
64,tags,vietnam,3,20,0.15,0.0032,46.87499999999999,46.87499999999999,False
64,tags,francis ford copolla,4,20,0.2,0.00448,44.642857142857146,44.642857142857146,False
64,tags,brutal,5,20,0.25,0.0064,39.0625,39.0625,False
64,tags,vietnam war,3,20,0.15,0.00384,39.0625,39.0625,False
64,tags,robbery,1,20,0.05,0.00128,39.0625,39.0625,False
64,tags,mathematics,1,20,0.05,0.00128,39.0625,39.0625,False
64,tags,foul language,4,20,0.2,0.00544,36.76470588235294,36.76470588235294,False
64,tags,pulp,2,20,0.1,0.00288,34.72222222222222,34.72222222222222,False
64,tags,interesting,15,20,0.75,0.02208,33.96739130434783,33.96739130434783,False
64,tags,excellent,3,20,0.15,0.00448,33.48214285714286,33.48214285714286,False
64,tags,gratuitous violence,4,20,0.2,0.00608,32.89473684210526,32.89473684210526,False
64,tags,earnest,3,20,0.15,0.0048,31.25,31.25,False
64,tags,non-linear,2,20,0.1,0.0032,31.25,31.25,False
64,tags,entirely dialogue,1,20,0.05,0.0016,31.25,31.25,False
64,tags,plot,1,20,0.05,0.0016,31.25,31.25,False
64,tags,very good,1,20,0.05,0.0016,31.25,31.25,False
64,tags,genius,1,20,0.05,0.0016,31.25,31.25,False
64,tags,visceral,12,20,0.6,0.01984,30.241935483870968,30.241935483870968,False
64,tags,great dialogue,4,20,0.2,0.00672,29.761904761904763,29.761904761904763,False
64,tags,realistic,3,20,0.15,0.00512,29.296874999999996,29.296874999999996,False
64,tags,crime gone awry,4,20,0.2,0.00704,28.40909090909091,28.40909090909091,False
64,tags,anti-hero,3,20,0.15,0.00544,27.573529411764703,27.573529411764703,False
64,tags,tricky,1,20,0.05,0.00192,26.041666666666668,26.041666666666668,False
64,tags,psychiatrist,1,20,0.05,0.00192,26.041666666666668,26.041666666666668,False
64,tags,coen brothers,1,20,0.05,0.00192,26.041666666666668,26.041666666666668,False
64,tags,oscar (best editing),3,20,0.15,0.00576,26.041666666666664,26.041666666666664,False
64,tags,war movie,4,20,0.2,0.008,25.0,25.0,False
64,tags,organized crime,7,20,0.35,0.0144,24.305555555555554,24.305555555555554,False
64,tags,excellent script,19,20,0.95,0.04128,23.01356589147287,23.01356589147287,False
64,tags,powerful ending,8,20,0.4,0.01888,21.1864406779661,21.1864406779661,False
64,tags,highly quotable,5,20,0.25,0.01184,21.114864864864867,21.114864864864867,False
64,tags,exceptional acting,4,20,0.2,0.0096,20.833333333333336,20.833333333333336,False
64,tags,mindfuck,2,20,0.1,0.0048,20.833333333333336,20.833333333333336,False
64,tags,gangster,5,20,0.25,0.01216,20.559210526315788,20.559210526315788,False
64,tags,twist,3,20,0.15,0.00736,20.380434782608695,20.380434782608695,False
64,tags,mob,5,20,0.25,0.01248,20.03205128205128,20.03205128205128,False
64,tags,oscar (best actor),9,20,0.45,0.02304,19.53125,19.53125,False
64,tags,spielberg,2,20,0.1,0.00512,19.53125,19.53125,False
64,tags,gruesome,2,20,0.1,0.00512,19.53125,19.53125,False
64,tags,cannibalism,1,20,0.05,0.00256,19.53125,19.53125,False
64,tags,jewish,1,20,0.05,0.00256,19.53125,19.53125,False
64,tags,boston,1,20,0.05,0.00256,19.53125,19.53125,False
64,tags,surprise ending,3,20,0.15,0.008,18.75,18.75,False
64,tags,violent,14,20,0.7,0.03744,18.696581196581196,18.696581196581196,False
64,tags,great ending,14,20,0.7,0.03776,18.538135593220336,18.538135593220336,False
64,tags,complicated plot,2,20,0.1,0.00544,18.38235294117647,18.38235294117647,False
64,tags,hit men,5,20,0.25,0.01376,18.16860465116279,18.16860465116279,False
64,tags,crime,12,20,0.6,0.03456,17.36111111111111,17.36111111111111,False
64,tags,complicated,4,20,0.2,0.01152,17.36111111111111,17.36111111111111,False
64,tags,rags to riches,2,20,0.1,0.00576,17.36111111111111,17.36111111111111,False
64,tags,blood,1,20,0.05,0.00288,17.36111111111111,17.36111111111111,False
64,tags,freedom,1,20,0.05,0.00288,17.36111111111111,17.36111111111111,False
64,tags,con men,1,20,0.05,0.00288,17.36111111111111,17.36111111111111,False
64,tags,bank robbery,1,20,0.05,0.00288,17.36111111111111,17.36111111111111,False
64,tags,genocide,1,20,0.05,0.00288,17.36111111111111,17.36111111111111,False
64,tags,heist,4,20,0.2,0.01184,16.891891891891895,16.891891891891895,False
64,tags,narrated,7,20,0.35,0.0208,16.826923076923077,16.826923076923077,False
64,tags,coen bros,2,20,0.1,0.00608,16.44736842105263,16.44736842105263,False
64,tags,oscar (best supporting actor),9,20,0.45,0.02784,16.163793103448278,16.163793103448278,False
64,tags,brutality,9,20,0.45,0.02784,16.163793103448278,16.163793103448278,False
64,tags,dialogue driven,3,20,0.15,0.00928,16.163793103448274,16.163793103448274,False
64,tags,compassionate,3,20,0.15,0.00928,16.163793103448274,16.163793103448274,False
64,tags,moral ambiguity,3,20,0.15,0.00928,16.163793103448274,16.163793103448274,False
64,tags,great movie,14,20,0.7,0.04352,16.08455882352941,16.08455882352941,False
64,tags,neo-noir,4,20,0.2,0.01248,16.025641025641026,16.025641025641026,False
64,tags,inspirational,2,20,0.1,0.0064,15.625,15.625,False
64,tags,los angeles,2,20,0.1,0.0064,15.625,15.625,False
64,tags,grim,2,20,0.1,0.0064,15.625,15.625,False
64,tags,multiple storylines,1,20,0.05,0.0032,15.625,15.625,False
64,tags,anti-semitism,1,20,0.05,0.0032,15.625,15.625,False
64,tags,philosophy,1,20,0.05,0.0032,15.625,15.625,False
64,tags,oscar (best picture),10,20,0.5,0.03296,15.169902912621358,15.169902912621358,False
64,tags,psychiatry,2,20,0.1,0.00672,14.880952380952381,14.880952380952381,False
64,tags,afi 100 (movie quotes),2,20,0.1,0.00672,14.880952380952381,14.880952380952381,False
64,tags,insanity,5,20,0.25,0.01696,14.74056603773585,14.74056603773585,False
64,tags,bloody,3,20,0.15,0.01024,14.648437499999998,14.648437499999998,False
64,tags,best war films,4,20,0.2,0.01376,14.534883720930234,14.534883720930234,False
64,tags,intense,8,20,0.4,0.02784,14.367816091954024,14.367816091954024,False
64,tags,mental illness,2,20,0.1,0.00704,14.204545454545455,14.204545454545455,False
64,tags,kubrick,1,20,0.05,0.00352,14.204545454545455,14.204545454545455,False
64,tags,gangsters,6,20,0.3,0.02176,13.786764705882351,13.786764705882351,False
64,tags,amazing photography,2,20,0.1,0.00736,13.58695652173913,13.58695652173913,False
64,tags,violence,13,20,0.65,0.04832,13.451986754966887,13.451986754966887,False
64,tags,war,5,20,0.25,0.01888,13.241525423728813,13.241525423728813,False
64,tags,paranoid,1,20,0.05,0.00384,13.020833333333334,13.020833333333334,False
64,tags,poland,1,20,0.05,0.00384,13.020833333333334,13.020833333333334,False
64,tags,us history,3,20,0.15,0.01152,13.020833333333332,13.020833333333332,False
64,tags,oscar winner,4,20,0.2,0.01568,12.755102040816327,12.755102040816327,False
64,tags,stylish,6,20,0.3,0.02368,12.66891891891892,12.66891891891892,False
64,tags,mafia,3,20,0.15,0.01184,12.66891891891892,12.66891891891892,False
64,tags,psychology,4,20,0.2,0.016,12.5,12.5,False
64,tags,caper,2,20,0.1,0.008,12.5,12.5,False
64,tags,golden palm,4,20,0.2,0.01632,12.254901960784313,12.254901960784313,False
64,tags,good,9,20,0.45,0.0368,12.228260869565219,12.228260869565219,False
64,tags,psychological,6,20,0.3,0.02464,12.175324675324676,12.175324675324676,False
64,tags,innocence lost,2,20,0.1,0.00832,12.019230769230772,12.019230769230772,False
64,tags,cult,1,20,0.05,0.00416,12.019230769230772,12.019230769230772,False
64,tags,great soundtrack,1,20,0.05,0.00416,12.019230769230772,12.019230769230772,False
64,tags,masterpiece,16,20,0.8,0.0672,11.904761904761907,11.904761904761907,False
64,tags,great acting,20,20,1.0,0.08448,11.837121212121213,11.837121212121213,False
64,tags,plot twist,3,20,0.15,0.0128,11.718749999999998,11.718749999999998,False
64,tags,ensemble cast,3,20,0.15,0.01312,11.432926829268293,11.432926829268293,False
64,tags,clever,3,20,0.15,0.01312,11.432926829268293,11.432926829268293,False
64,tags,1950s,1,20,0.05,0.00448,11.160714285714286,11.160714285714286,False
64,tags,prostitution,1,20,0.05,0.00448,11.160714285714286,11.160714285714286,False
64,tags,oscar (best directing),16,20,0.8,0.07264,11.013215859030838,11.013215859030838,False
64,tags,good soundtrack,11,20,0.55,0.05056,10.878164556962027,10.878164556962027,False
64,tags,complex,5,20,0.25,0.02304,10.850694444444445,10.850694444444445,False
64,tags,storytelling,12,20,0.6,0.05536,10.83815028901734,10.83815028901734,False
64,tags,justice,2,20,0.1,0.00928,10.775862068965518,10.775862068965518,False
64,tags,twist ending,2,20,0.1,0.00928,10.775862068965518,10.775862068965518,False
64,tags,noir thriller,3,20,0.15,0.01408,10.65340909090909,10.65340909090909,False
64,tags,gritty,1,20,0.05,0.0048,10.416666666666668,10.416666666666668,False
64,tags,great music,1,20,0.05,0.0048,10.416666666666668,10.416666666666668,False
64,tags,vigilantism,1,20,0.05,0.0048,10.416666666666668,10.416666666666668,False
64,tags,dark humor,5,20,0.25,0.024,10.416666666666666,10.416666666666666,False
64,tags,imdb top 250,20,20,1.0,0.09824,10.179153094462542,10.179153094462542,False
64,tags,disturbing,3,20,0.15,0.01536,9.765625,9.765625,False
64,tags,twists & turns,7,20,0.35,0.03648,9.594298245614034,9.594298245614034,False
64,tags,amazing cinematography,4,20,0.2,0.02112,9.46969696969697,9.46969696969697,False
64,tags,investigation,3,20,0.15,0.016,9.375,9.375,False
64,tags,disability,1,20,0.05,0.00544,9.191176470588236,9.191176470588236,False
64,tags,dialogue,5,20,0.25,0.02752,9.084302325581396,9.084302325581396,False
64,tags,drama,12,20,0.6,0.06656,9.014423076923077,9.014423076923077,False
64,tags,sentimental,3,20,0.15,0.01664,9.014423076923077,9.014423076923077,False
64,tags,manipulation,2,20,0.1,0.0112,8.928571428571429,8.928571428571429,False
64,genres,Crime,10,20,0.5,0.05696,8.77808988764045,8.77808988764045,False
64,tags,police corruption,1,20,0.05,0.00576,8.680555555555555,8.680555555555555,False
64,tags,holocaust,1,20,0.05,0.00576,8.680555555555555,8.680555555555555,False
64,tags,heartwarming,2,20,0.1,0.01184,8.445945945945947,8.445945945945947,False
64,tags,police investigation,5,20,0.25,0.03008,8.311170212765958,8.311170212765958,False
64,tags,political corruption,1,20,0.05,0.00608,8.223684210526315,8.223684210526315,False
64,tags,realistic action,1,20,0.05,0.00608,8.223684210526315,8.223684210526315,False
64,tags,intellectual,1,20,0.05,0.00608,8.223684210526315,8.223684210526315,False
64,tags,oscar (best actress),9,20,0.45,0.05504,8.175872093023257,8.175872093023257,False
64,tags,stylized,3,20,0.15,0.01856,8.081896551724137,8.081896551724137,False
64,tags,wartime,3,20,0.15,0.0192,7.8125,7.8125,False
64,tags,prison,1,20,0.05,0.0064,7.8125,7.8125,False
64,tags,sacrifice,1,20,0.05,0.0064,7.8125,7.8125,False
64,tags,nocturnal,1,20,0.05,0.0064,7.8125,7.8125,False
64,tags,based on true story,3,20,0.15,0.01984,7.560483870967742,7.560483870967742,False
64,tags,quotable,4,20,0.2,0.02688,7.440476190476191,7.440476190476191,False
64,tags,new york,1,20,0.05,0.00672,7.440476190476191,7.440476190476191,False
64,tags,oscar,4,20,0.2,0.0272,7.352941176470589,7.352941176470589,False
64,tags,cool,2,20,0.1,0.01408,7.1022727272727275,7.1022727272727275,False
64,tags,detective,2,20,0.1,0.01408,7.1022727272727275,7.1022727272727275,False
64,tags,absurd,1,20,0.05,0.00704,7.1022727272727275,7.1022727272727275,False
64,tags,dark comedy,1,20,0.05,0.00704,7.1022727272727275,7.1022727272727275,False
64,tags,kidnapping,1,20,0.05,0.00704,7.1022727272727275,7.1022727272727275,False
64,tags,story,4,20,0.2,0.02848,7.02247191011236,7.02247191011236,False
64,tags,dark,3,20,0.15,0.02144,6.996268656716418,6.996268656716418,False
64,tags,wwii,2,20,0.1,0.0144,6.944444444444445,6.944444444444445,False
64,tags,undercover cop,1,20,0.05,0.00736,6.793478260869565,6.793478260869565,False
64,tags,heartbreaking,1,20,0.05,0.00736,6.793478260869565,6.793478260869565,False
64,tags,gory,2,20,0.1,0.01504,6.6489361702127665,6.6489361702127665,False
64,tags,based on book,5,20,0.25,0.03872,6.456611570247934,6.456611570247934,False
64,tags,courage,2,20,0.1,0.01568,6.377551020408164,6.377551020408164,False
64,tags,sexualized violence,1,20,0.05,0.008,6.25,6.25,False
64,tags,prison escape,1,20,0.05,0.008,6.25,6.25,False
64,tags,black comedy,1,20,0.05,0.008,6.25,6.25,False
64,tags,vigilante,1,20,0.05,0.008,6.25,6.25,False
64,tags,jews,1,20,0.05,0.008,6.25,6.25,False
64,tags,greed,3,20,0.15,0.02464,6.087662337662338,6.087662337662338,False
64,tags,nazi,1,20,0.05,0.00832,6.009615384615386,6.009615384615386,False
64,tags,great,3,20,0.15,0.02496,6.009615384615384,6.009615384615384,False
64,tags,world war ii,2,20,0.1,0.01696,5.89622641509434,5.89622641509434,False
64,tags,mystery,2,20,0.1,0.01728,5.787037037037037,5.787037037037037,False
64,tags,history,2,20,0.1,0.01728,5.787037037037037,5.787037037037037,False
64,tags,new york city,1,20,0.05,0.00864,5.787037037037037,5.787037037037037,False
64,genres,War,5,20,0.25,0.0432,5.787037037037036,5.787037037037036,False
64,tags,literature,1,20,0.05,0.00896,5.580357142857143,5.580357142857143,False
64,tags,frightening,1,20,0.05,0.00896,5.580357142857143,5.580357142857143,False
64,tags,dramatic,7,20,0.35,0.06464,5.414603960396039,5.414603960396039,False
64,tags,oscar (best supporting actress),2,20,0.1,0.01856,5.387931034482759,5.387931034482759,False
64,tags,long,1,20,0.05,0.00928,5.387931034482759,5.387931034482759,False
64,tags,touching,3,20,0.15,0.02816,5.326704545454545,5.326704545454545,False
64,tags,oscar (best cinematography),3,20,0.15,0.02816,5.326704545454545,5.326704545454545,False
64,tags,tragedy,1,20,0.05,0.00992,5.040322580645162,5.040322580645162,False
64,tags,unlikely friendships,3,20,0.15,0.02976,5.040322580645161,5.040322580645161,False
64,tags,friendship,3,20,0.15,0.03072,4.8828125,4.8828125,False
64,tags,afi 100,1,20,0.05,0.01024,4.8828125,4.8828125,False
64,tags,adapted from:book,6,20,0.3,0.06336,4.734848484848484,4.734848484848484,False
64,tags,conspiracy,2,20,0.1,0.02176,4.595588235294118,4.595588235294118,False
64,tags,serial killer,2,20,0.1,0.02176,4.595588235294118,4.595588235294118,False
64,tags,military,1,20,0.05,0.01088,4.595588235294118,4.595588235294118,False
64,tags,vengeance,2,20,0.1,0.02208,4.528985507246377,4.528985507246377,False
64,tags,tense,5,20,0.25,0.05536,4.515895953757226,4.515895953757226,False
64,tags,cinematography,4,20,0.2,0.04448,4.496402877697842,4.496402877697842,False
64,tags,suspense,5,20,0.25,0.05568,4.489942528735632,4.489942528735632,False
64,tags,police,1,20,0.05,0.0112,4.464285714285714,4.464285714285714,False
64,tags,historical,2,20,0.1,0.02272,4.401408450704225,4.401408450704225,False
64,tags,quirky,1,20,0.05,0.01152,4.340277777777778,4.340277777777778,False
64,tags,film noir,1,20,0.05,0.01152,4.340277777777778,4.340277777777778,False
64,tags,thriller,3,20,0.15,0.03488,4.30045871559633,4.30045871559633,False
64,tags,fast paced,2,20,0.1,0.02368,4.222972972972974,4.222972972972974,False
64,tags,based on a true story,1,20,0.05,0.01184,4.222972972972974,4.222972972972974,False
64,tags,camp,1,20,0.05,0.01184,4.222972972972974,4.222972972972974,False
64,tags,mentor,6,20,0.3,0.07168,4.185267857142858,4.185267857142858,False
64,tags,noir,1,20,0.05,0.01216,4.1118421052631575,4.1118421052631575,False
64,tags,ominous,1,20,0.05,0.01216,4.1118421052631575,4.1118421052631575,False
64,genres,Film-Noir,1,20,0.05,0.01248,4.006410256410256,4.006410256410256,False
64,tags,atmospheric,1,20,0.05,0.01248,4.006410256410256,4.006410256410256,False
64,tags,redemption,1,20,0.05,0.01312,3.810975609756098,3.810975609756098,False
64,tags,suspenseful,3,20,0.15,0.03968,3.780241935483871,3.780241935483871,False
64,tags,cult film,2,20,0.1,0.02688,3.7202380952380953,3.7202380952380953,False
64,tags,corruption,2,20,0.1,0.0272,3.6764705882352944,3.6764705882352944,False
64,tags,visually appealing,3,20,0.15,0.04416,3.3967391304347827,3.3967391304347827,False
64,tags,betrayal,1,20,0.05,0.01472,3.3967391304347827,3.3967391304347827,False
64,tags,nazis,1,20,0.05,0.01472,3.3967391304347827,3.3967391304347827,False
64,tags,original,17,20,0.85,0.25024,3.3967391304347823,3.3967391304347823,False
64,tags,poignant,1,20,0.05,0.01504,3.3244680851063833,3.3244680851063833,False
64,tags,classic,5,20,0.25,0.0752,3.324468085106383,3.324468085106383,False
64,genres,Thriller,9,20,0.45,0.14016,3.210616438356164,3.210616438356164,False
64,tags,happy ending,1,20,0.05,0.016,3.125,3.125,False
64,tags,murder,3,20,0.15,0.05024,2.985668789808917,2.985668789808917,False
64,tags,downbeat,1,20,0.05,0.01696,2.94811320754717,2.94811320754717,False
64,tags,social commentary,1,20,0.05,0.01696,2.94811320754717,2.94811320754717,False
64,tags,drugs,1,20,0.05,0.01728,2.8935185185185186,2.8935185185185186,False
64,tags,creepy,2,20,0.1,0.03488,2.86697247706422,2.86697247706422,False
64,tags,independent film,1,20,0.05,0.0192,2.604166666666667,2.604166666666667,False
64,tags,enigmatic,2,20,0.1,0.04064,2.4606299212598426,2.4606299212598426,False
64,tags,true story,1,20,0.05,0.0208,2.403846153846154,2.403846153846154,False
64,tags,character study,1,20,0.05,0.02144,2.332089552238806,2.332089552238806,False
64,tags,based on a book,3,20,0.15,0.06656,2.253605769230769,2.253605769230769,False
64,tags,weird,2,20,0.1,0.0448,2.232142857142857,2.232142857142857,False
64,tags,cult classic,2,20,0.1,0.04608,2.170138888888889,2.170138888888889,False
64,tags,small town,1,20,0.05,0.02368,2.111486486486487,2.111486486486487,False
64,tags,murder mystery,1,20,0.05,0.02368,2.111486486486487,2.111486486486487,False
64,tags,surreal,1,20,0.05,0.02528,1.9778481012658229,1.9778481012658229,False
64,tags,gunfight,1,20,0.05,0.0256,1.953125,1.953125,False
64,tags,bleak,1,20,0.05,0.02624,1.905487804878049,1.905487804878049,False
64,genres,Drama,15,20,0.75,0.39584,1.8947049312853677,1.8947049312853677,False
64,tags,talky,2,20,0.1,0.05312,1.8825301204819278,1.8825301204819278,False
64,tags,good sequel,1,20,0.05,0.02656,1.8825301204819278,1.8825301204819278,False
64,tags,black and white,1,20,0.05,0.02656,1.8825301204819278,1.8825301204819278,False
64,tags,sequel,1,20,0.05,0.02784,1.795977011494253,1.795977011494253,False
64,tags,feel-good,1,20,0.05,0.02784,1.795977011494253,1.795977011494253,False
64,tags,sequels,1,20,0.05,0.0288,1.7361111111111112,1.7361111111111112,False
64,genres,Action,5,20,0.25,0.14528,1.7208149779735684,1.7208149779735684,False
64,tags,childhood,1,20,0.05,0.0304,1.6447368421052633,1.6447368421052633,False
64,genres,Mystery,1,20,0.05,0.03072,1.6276041666666667,1.6276041666666667,False
64,tags,obsession,1,20,0.05,0.03104,1.6108247422680413,1.6108247422680413,False
64,tags,visual,1,20,0.05,0.03456,1.4467592592592593,1.4467592592592593,False
64,tags,melancholic,1,20,0.05,0.0368,1.358695652173913,1.358695652173913,False
64,tags,action,2,20,0.1,0.07968,1.2550200803212852,1.2550200803212852,False
64,tags,loneliness,1,20,0.05,0.04288,1.166044776119403,1.166044776119403,False
64,tags,family,1,20,0.05,0.05152,0.9704968944099379,0.9704968944099379,False
64,tags,relationships,1,20,0.05,0.05376,0.9300595238095238,0.9300595238095238,False
64,tags,horror,1,20,0.05,0.064,0.78125,0.78125,False
64,tags,criterion,1,20,0.05,0.07456,0.6706008583690988,0.6706008583690988,False
65,tags,shopping,3,20,0.15,0.00096,156.25,156.25,True
65,tags,good romantic comedies,9,20,0.45,0.00704,63.92045454545455,63.92045454545455,True
65,tags,sappy,1,20,0.05,0.00096,52.083333333333336,52.083333333333336,False
65,tags,wedding,2,20,0.1,0.00224,44.642857142857146,44.642857142857146,True
65,tags,spelling bee,1,20,0.05,0.00128,39.0625,39.0625,False
65,tags,girlie movie,15,20,0.75,0.02272,33.01056338028169,33.01056338028169,False
65,tags,very good,1,20,0.05,0.0016,31.25,31.25,False
65,tags,family bonds,1,20,0.05,0.0016,31.25,31.25,False
65,tags,happy ending,9,20,0.45,0.016,28.125,28.125,False
65,tags,feel good movie,8,20,0.4,0.0144,27.77777777777778,27.77777777777778,False
65,tags,chick flick,15,20,0.75,0.03136,23.915816326530614,23.915816326530614,False
65,tags,feel-good,13,20,0.65,0.02784,23.347701149425287,23.347701149425287,False
65,tags,internet,1,20,0.05,0.00224,22.321428571428573,22.321428571428573,False
65,tags,ghosts/afterlife,1,20,0.05,0.00224,22.321428571428573,22.321428571428573,False
65,tags,writer's life,1,20,0.05,0.00224,22.321428571428573,22.321428571428573,False
65,tags,sweet,8,20,0.4,0.01856,21.551724137931036,21.551724137931036,False
65,tags,romantic comedy,14,20,0.7,0.03424,20.44392523364486,20.44392523364486,False
65,tags,cute!,2,20,0.1,0.00512,19.53125,19.53125,False
65,tags,afterlife,1,20,0.05,0.00256,19.53125,19.53125,False
65,tags,catastrophe,1,20,0.05,0.00256,19.53125,19.53125,False
65,tags,romance,15,20,0.75,0.03904,19.211065573770494,19.211065573770494,False
65,tags,destiny,9,20,0.45,0.024,18.75,18.75,False
65,tags,cute,3,20,0.15,0.00864,17.36111111111111,17.36111111111111,False
65,tags,classical music,1,20,0.05,0.00288,17.36111111111111,17.36111111111111,False
65,tags,oscar winner,5,20,0.25,0.01568,15.943877551020408,15.943877551020408,False
65,tags,inspirational,2,20,0.1,0.0064,15.625,15.625,False
65,tags,sentimental,5,20,0.25,0.01664,15.024038461538463,15.024038461538463,False
65,tags,predictable,2,20,0.1,0.00672,14.880952380952381,14.880952380952381,False
65,tags,tear jerker,2,20,0.1,0.00704,14.204545454545455,14.204545454545455,False
65,tags,baseball,1,20,0.05,0.00352,14.204545454545455,14.204545454545455,False
65,tags,romantic,15,20,0.75,0.05568,13.469827586206897,13.469827586206897,False
65,tags,football,1,20,0.05,0.00384,13.020833333333334,13.020833333333334,False
65,tags,teacher,1,20,0.05,0.00384,13.020833333333334,13.020833333333334,False
65,tags,divorce,1,20,0.05,0.00416,12.019230769230772,12.019230769230772,False
65,tags,love story,15,20,0.75,0.06368,11.777638190954773,11.777638190954773,False
65,tags,prostitution,1,20,0.05,0.00448,11.160714285714286,11.160714285714286,False
65,tags,life,1,20,0.05,0.00448,11.160714285714286,11.160714285714286,False
65,tags,single father,1,20,0.05,0.0048,10.416666666666668,10.416666666666668,False
65,tags,earnest,1,20,0.05,0.0048,10.416666666666668,10.416666666666668,False
65,tags,fairy tales,1,20,0.05,0.0048,10.416666666666668,10.416666666666668,False
65,tags,inspiring,1,20,0.05,0.0048,10.416666666666668,10.416666666666668,False
65,tags,women,3,20,0.15,0.01568,9.566326530612244,9.566326530612244,False
65,tags,disability,1,20,0.05,0.00544,9.191176470588236,9.191176470588236,False
65,tags,rags to riches,1,20,0.05,0.00576,8.680555555555555,8.680555555555555,False
65,tags,london,1,20,0.05,0.00576,8.680555555555555,8.680555555555555,False
65,tags,president,1,20,0.05,0.00576,8.680555555555555,8.680555555555555,False
65,tags,heartwarming,2,20,0.1,0.01184,8.445945945945947,8.445945945945947,False
65,tags,nostalgic,2,20,0.1,0.01216,8.223684210526315,8.223684210526315,False
65,tags,cross dressing,1,20,0.05,0.00608,8.223684210526315,8.223684210526315,False
65,tags,good,6,20,0.3,0.0368,8.152173913043478,8.152173913043478,False
65,tags,fighting the system,1,20,0.05,0.0064,7.8125,7.8125,False
65,tags,oscar,4,20,0.2,0.0272,7.352941176470589,7.352941176470589,False
65,tags,pg-13,1,20,0.05,0.00704,7.1022727272727275,7.1022727272727275,False
65,tags,love,5,20,0.25,0.03616,6.913716814159293,6.913716814159293,False
65,tags,fairy tale,2,20,0.1,0.01504,6.6489361702127665,6.6489361702127665,False
65,tags,gay character,2,20,0.1,0.01568,6.377551020408164,6.377551020408164,False
65,tags,drama,8,20,0.4,0.06656,6.009615384615386,6.009615384615386,False
65,tags,world politics,1,20,0.05,0.00832,6.009615384615386,6.009615384615386,False
65,genres,Romance,15,20,0.75,0.13312,5.634014423076923,5.634014423076923,False
65,tags,sports,2,20,0.1,0.01792,5.580357142857143,5.580357142857143,False
65,tags,ghosts,1,20,0.05,0.00896,5.580357142857143,5.580357142857143,False
65,tags,relationships,6,20,0.3,0.05376,5.580357142857142,5.580357142857142,False
65,tags,oscar (best supporting actress),2,20,0.1,0.01856,5.387931034482759,5.387931034482759,False
65,tags,natural disaster,1,20,0.05,0.00928,5.387931034482759,5.387931034482759,False
65,tags,remake,1,20,0.05,0.00928,5.387931034482759,5.387931034482759,False
65,tags,touching,3,20,0.15,0.02816,5.326704545454545,5.326704545454545,False
65,tags,bittersweet,2,20,0.1,0.01888,5.296610169491525,5.296610169491525,False
65,tags,dog,1,20,0.05,0.0096,5.208333333333334,5.208333333333334,False
65,tags,courtroom,1,20,0.05,0.00992,5.040322580645162,5.040322580645162,False
65,tags,gay,2,20,0.1,0.0208,4.807692307692308,4.807692307692308,False
65,tags,artistic,1,20,0.05,0.01056,4.734848484848485,4.734848484848485,False
65,tags,oscar (best picture),3,20,0.15,0.03296,4.550970873786407,4.550970873786407,False
65,tags,magic,1,20,0.05,0.0112,4.464285714285714,4.464285714285714,False
65,tags,epic,1,20,0.05,0.0112,4.464285714285714,4.464285714285714,False
65,tags,good acting,1,20,0.05,0.0112,4.464285714285714,4.464285714285714,False
65,tags,historical,2,20,0.1,0.02272,4.401408450704225,4.401408450704225,False
65,tags,oscar (best actor),2,20,0.1,0.02304,4.340277777777778,4.340277777777778,False
65,tags,us history,1,20,0.05,0.01152,4.340277777777778,4.340277777777778,False
65,tags,based on a true story,1,20,0.05,0.01184,4.222972972972974,4.222972972972974,False
65,tags,lawyers,1,20,0.05,0.01216,4.1118421052631575,4.1118421052631575,False
65,tags,death,1,20,0.05,0.01248,4.006410256410256,4.006410256410256,False
65,tags,good music,1,20,0.05,0.01248,4.006410256410256,4.006410256410256,False
65,tags,quotable,2,20,0.1,0.02688,3.7202380952380953,3.7202380952380953,False
65,tags,excellent script,3,20,0.15,0.04128,3.6337209302325584,3.6337209302325584,False
65,tags,oscar (best supporting actor),2,20,0.1,0.02784,3.591954022988506,3.591954022988506,False
65,tags,british,1,20,0.05,0.01408,3.5511363636363638,3.5511363636363638,False
65,tags,beautiful scenery,1,20,0.05,0.01408,3.5511363636363638,3.5511363636363638,False
65,tags,mentor,5,20,0.25,0.07168,3.4877232142857144,3.4877232142857144,False
65,tags,musicians,1,20,0.05,0.0144,3.4722222222222223,3.4722222222222223,False
65,tags,oscar (best directing),5,20,0.25,0.07264,3.441629955947137,3.441629955947137,False
65,tags,politics,1,20,0.05,0.01472,3.3967391304347827,3.3967391304347827,False
65,tags,lawyer,1,20,0.05,0.01504,3.3244680851063833,3.3244680851063833,False
65,tags,political,1,20,0.05,0.01568,3.188775510204082,3.188775510204082,False
65,tags,rock and roll,1,20,0.05,0.016,3.125,3.125,False
65,tags,biographical,1,20,0.05,0.01664,3.004807692307693,3.004807692307693,False
65,tags,world war ii,1,20,0.05,0.01696,2.94811320754717,2.94811320754717,False
65,tags,supernatural,1,20,0.05,0.01728,2.8935185185185186,2.8935185185185186,False
65,tags,history,1,20,0.05,0.01728,2.8935185185185186,2.8935185185185186,False
65,tags,life & death,1,20,0.05,0.0176,2.840909090909091,2.840909090909091,False
65,tags,wartime,1,20,0.05,0.0192,2.604166666666667,2.604166666666667,False
65,tags,based on true story,1,20,0.05,0.01984,2.520161290322581,2.520161290322581,False
65,tags,narrated,1,20,0.05,0.0208,2.403846153846154,2.403846153846154,False
65,tags,true story,1,20,0.05,0.0208,2.403846153846154,2.403846153846154,False
65,tags,based on a play,1,20,0.05,0.0208,2.403846153846154,2.403846153846154,False
65,tags,great acting,4,20,0.2,0.08448,2.3674242424242427,2.3674242424242427,False
65,genres,Comedy,15,20,0.75,0.32224,2.327457795431976,2.327457795431976,False
65,tags,great movie,2,20,0.1,0.04352,2.297794117647059,2.297794117647059,False
65,tags,fantasy,1,20,0.05,0.02176,2.297794117647059,2.297794117647059,False
65,tags,high school,1,20,0.05,0.0224,2.232142857142857,2.232142857142857,False
65,tags,small town,1,20,0.05,0.02368,2.111486486486487,2.111486486486487,False
65,tags,greed,1,20,0.05,0.02464,2.0292207792207795,2.0292207792207795,False
65,tags,family,2,20,0.1,0.05152,1.9409937888198758,1.9409937888198758,False
65,tags,big budget,1,20,0.05,0.02592,1.9290123456790125,1.9290123456790125,False
65,tags,oscar (best actress),2,20,0.1,0.05504,1.8168604651162792,1.8168604651162792,False
65,tags,music,1,20,0.05,0.02752,1.8168604651162792,1.8168604651162792,False
65,tags,oscar (best cinematography),1,20,0.05,0.02816,1.7755681818181819,1.7755681818181819,False
65,tags,story,1,20,0.05,0.02848,1.75561797752809,1.75561797752809,False
65,tags,unlikely friendships,1,20,0.05,0.02976,1.6801075268817205,1.6801075268817205,False
65,tags,childhood,1,20,0.05,0.0304,1.6447368421052633,1.6447368421052633,False
65,tags,children,1,20,0.05,0.03104,1.6108247422680413,1.6108247422680413,False
65,tags,comedy,3,20,0.15,0.11168,1.3431232091690544,1.3431232091690544,False
65,tags,based on book,1,20,0.05,0.03872,1.2913223140495869,1.2913223140495869,False
65,genres,War,1,20,0.05,0.0432,1.1574074074074074,1.1574074074074074,False
65,tags,funny,1,20,0.05,0.04832,1.03476821192053,1.03476821192053,False
65,genres,Drama,8,20,0.4,0.39584,1.0105092966855296,1.0105092966855296,False
65,tags,chase,1,20,0.05,0.0528,0.946969696969697,0.946969696969697,False
65,tags,special effects,1,20,0.05,0.05408,0.9245562130177515,0.9245562130177515,False
65,tags,suspense,1,20,0.05,0.05568,0.8979885057471265,0.8979885057471265,False
65,tags,dramatic,1,20,0.05,0.06464,0.7735148514851485,0.7735148514851485,False
65,tags,imdb top 250,1,20,0.05,0.09824,0.508957654723127,0.508957654723127,False
65,genres,Thriller,1,20,0.05,0.14016,0.3567351598173516,0.3567351598173516,False
65,tags,original,1,20,0.05,0.25024,0.19980818414322252,0.19980818414322252,False
66,tags,star wars,3,20,0.15,0.00128,117.18749999999999,117.18749999999999,True
66,tags,saturn award (best special effects),7,20,0.35,0.0032,109.37499999999999,109.37499999999999,True
66,tags,oscar (best effects - visual effects),10,20,0.5,0.0048,104.16666666666667,104.16666666666667,True
66,tags,oscar (best sound),2,20,0.1,0.00096,104.16666666666667,104.16666666666667,False
66,tags,original plot,6,20,0.3,0.0032,93.74999999999999,93.74999999999999,False
66,tags,man versus machine,2,20,0.1,0.00128,78.125,78.125,False
66,tags,cgi,1,20,0.05,0.00064,78.125,78.125,False
66,tags,isolation,1,20,0.05,0.00064,78.125,78.125,False
66,tags,indiana jones,2,20,0.1,0.0016,62.5,62.5,False
66,tags,androids,5,20,0.25,0.00416,60.096153846153854,60.096153846153854,False
66,tags,artificial intelligence,1,20,0.05,0.00096,52.083333333333336,52.083333333333336,False
66,tags,antarctica,1,20,0.05,0.00096,52.083333333333336,52.083333333333336,False
66,tags,philip k. dick,1,20,0.05,0.00096,52.083333333333336,52.083333333333336,False
66,tags,snakes,3,20,0.15,0.00288,52.08333333333333,52.08333333333333,False
66,tags,motorcycle,3,20,0.15,0.0032,46.87499999999999,46.87499999999999,False
66,tags,dynamic cgi action,3,20,0.15,0.0032,46.87499999999999,46.87499999999999,False
66,tags,arnold,4,20,0.2,0.00448,44.642857142857146,44.642857142857146,False
66,tags,cloning,2,20,0.1,0.00224,44.642857142857146,44.642857142857146,False
66,tags,archaeology,2,20,0.1,0.00224,44.642857142857146,44.642857142857146,False
66,tags,robots,5,20,0.25,0.0064,39.0625,39.0625,False
66,tags,android(s)/cyborg(s),1,20,0.05,0.00128,39.0625,39.0625,False
66,tags,spock,1,20,0.05,0.00128,39.0625,39.0625,False
66,tags,apocalypse,4,20,0.2,0.00544,36.76470588235294,36.76470588235294,False
66,tags,lone hero,5,20,0.25,0.00704,35.51136363636363,35.51136363636363,False
66,tags,star trek,2,20,0.1,0.00288,34.72222222222222,34.72222222222222,False
66,tags,trilogy,4,20,0.2,0.00608,32.89473684210526,32.89473684210526,False
66,tags,cyborgs,3,20,0.15,0.0048,31.25,31.25,False
66,tags,treasure,2,20,0.1,0.0032,31.25,31.25,False
66,tags,genetics,1,20,0.05,0.0016,31.25,31.25,False
66,tags,memory,1,20,0.05,0.0016,31.25,31.25,False
66,tags,father-son relationship,1,20,0.05,0.0016,31.25,31.25,False
66,tags,time travel,3,20,0.15,0.00512,29.296874999999996,29.296874999999996,False
66,tags,spielberg,3,20,0.15,0.00512,29.296874999999996,29.296874999999996,False
66,tags,car chase,2,20,0.1,0.00352,28.40909090909091,28.40909090909091,False
66,tags,space opera,6,20,0.3,0.0112,26.785714285714285,26.785714285714285,False
66,tags,nuclear war,1,20,0.05,0.00192,26.041666666666668,26.041666666666668,False
66,tags,australian,1,20,0.05,0.00192,26.041666666666668,26.041666666666668,False
66,tags,gore,1,20,0.05,0.00192,26.041666666666668,26.041666666666668,False
66,tags,desert,3,20,0.15,0.00576,26.041666666666664,26.041666666666664,False
66,tags,dystopia,5,20,0.25,0.00992,25.201612903225808,25.201612903225808,False
66,tags,space travel,5,20,0.25,0.01024,24.414062499999996,24.414062499999996,False
66,tags,sword fight,4,20,0.2,0.00832,24.038461538461544,24.038461538461544,False
66,tags,good versus evil,4,20,0.2,0.00832,24.038461538461544,24.038461538461544,False
66,tags,aliens,10,20,0.5,0.0208,24.03846153846154,24.03846153846154,False
66,tags,post apocalyptic,2,20,0.1,0.00448,22.321428571428573,22.321428571428573,False
66,tags,exciting,2,20,0.1,0.00448,22.321428571428573,22.321428571428573,False
66,tags,hunting,1,20,0.05,0.00224,22.321428571428573,22.321428571428573,False
66,tags,dinosaurs,1,20,0.05,0.00224,22.321428571428573,22.321428571428573,False
66,tags,futuristic,12,20,0.6,0.0272,22.058823529411764,22.058823529411764,False
66,tags,dystopic future,3,20,0.15,0.00704,21.30681818181818,21.30681818181818,False
66,tags,highly quotable,5,20,0.25,0.01184,21.114864864864867,21.114864864864867,False
66,tags,alien invasion,3,20,0.15,0.00768,19.53125,19.53125,False
66,tags,treasure hunt,2,20,0.1,0.00512,19.53125,19.53125,False
66,tags,midlife crisis,1,20,0.05,0.00256,19.53125,19.53125,False
66,tags,story,11,20,0.55,0.02848,19.311797752808992,19.311797752808992,False
66,tags,post-apocalyptic,2,20,0.1,0.00544,18.38235294117647,18.38235294117647,False
66,tags,cars,2,20,0.1,0.00544,18.38235294117647,18.38235294117647,False
66,tags,effects,3,20,0.15,0.00832,18.028846153846153,18.028846153846153,False
66,tags,epic,4,20,0.2,0.0112,17.857142857142858,17.857142857142858,False
66,tags,visceral,7,20,0.35,0.01984,17.641129032258064,17.641129032258064,False
66,tags,scifi,15,20,0.75,0.04288,17.490671641791046,17.490671641791046,False
66,tags,robot,2,20,0.1,0.00576,17.36111111111111,17.36111111111111,False
66,tags,road movie,2,20,0.1,0.00576,17.36111111111111,17.36111111111111,False
66,tags,high fantasy,1,20,0.05,0.00288,17.36111111111111,17.36111111111111,False
66,tags,future,7,20,0.35,0.02048,17.089843749999996,17.089843749999996,False
66,tags,realistic action,2,20,0.1,0.00608,16.44736842105263,16.44736842105263,False
66,tags,dialogue,9,20,0.45,0.02752,16.351744186046513,16.351744186046513,False
66,tags,sci fi,14,20,0.7,0.04288,16.32462686567164,16.32462686567164,False
66,tags,space,7,20,0.35,0.02176,16.08455882352941,16.08455882352941,False
66,tags,series,7,20,0.35,0.0224,15.625,15.625,False
66,tags,gangs,2,20,0.1,0.0064,15.625,15.625,False
66,tags,australia,2,20,0.1,0.0064,15.625,15.625,False
66,tags,clones,1,20,0.05,0.0032,15.625,15.625,False
66,tags,mutants,1,20,0.05,0.0032,15.625,15.625,False
66,tags,science fiction,15,20,0.75,0.04832,15.521523178807946,15.521523178807946,False
66,tags,sci-fi,14,20,0.7,0.04512,15.514184397163119,15.514184397163119,False
66,tags,alien,6,20,0.3,0.01952,15.368852459016393,15.368852459016393,False
66,tags,technology,6,20,0.3,0.01984,15.120967741935484,15.120967741935484,False
66,tags,claustrophobic,3,20,0.15,0.00992,15.120967741935484,15.120967741935484,False
66,tags,mythology,3,20,0.15,0.01024,14.648437499999998,14.648437499999998,False
66,tags,action packed,9,20,0.45,0.03136,14.349489795918368,14.349489795918368,False
66,tags,pg-13,2,20,0.1,0.00704,14.204545454545455,14.204545454545455,False
66,tags,survival,1,20,0.05,0.00352,14.204545454545455,14.204545454545455,False
66,tags,modern fantasy,1,20,0.05,0.00352,14.204545454545455,14.204545454545455,False
66,tags,egypt,1,20,0.05,0.00352,14.204545454545455,14.204545454545455,False
66,tags,light,1,20,0.05,0.00352,14.204545454545455,14.204545454545455,False
66,tags,fighting,3,20,0.15,0.01056,14.204545454545453,14.204545454545453,False
66,tags,special effects,15,20,0.75,0.05408,13.868343195266272,13.868343195266272,False
66,tags,virtual reality,1,20,0.05,0.00384,13.020833333333334,13.020833333333334,False
66,tags,quotable,7,20,0.35,0.02688,13.020833333333332,13.020833333333332,False
66,tags,end of the world,2,20,0.1,0.008,12.5,12.5,False
66,tags,chase,13,20,0.65,0.0528,12.31060606060606,12.31060606060606,False
66,tags,nazi,2,20,0.1,0.00832,12.019230769230772,12.019230769230772,False
66,tags,biblical,1,20,0.05,0.00416,12.019230769230772,12.019230769230772,False
66,tags,good action,12,20,0.6,0.05056,11.867088607594937,11.867088607594937,False
66,tags,first contact,3,20,0.15,0.0128,11.718749999999998,11.718749999999998,False
66,tags,monster,3,20,0.15,0.0128,11.718749999999998,11.718749999999998,False
66,tags,awesome soundtrack,4,20,0.2,0.0176,11.363636363636363,11.363636363636363,False
66,tags,adventure,9,20,0.45,0.04,11.25,11.25,False
66,tags,franchise,11,20,0.55,0.04928,11.160714285714286,11.160714285714286,False
66,tags,frightening,2,20,0.1,0.00896,11.160714285714286,11.160714285714286,False
66,tags,wizards,1,20,0.05,0.00448,11.160714285714286,11.160714285714286,False
66,tags,natural disaster,2,20,0.1,0.00928,10.775862068965518,10.775862068965518,False
66,tags,action,17,20,0.85,0.07968,10.667670682730924,10.667670682730924,False
66,genres,Sci-Fi,17,20,0.85,0.08032,10.582669322709163,10.582669322709163,False
66,tags,cyberpunk,1,20,0.05,0.00512,9.765625,9.765625,False
66,tags,big budget,5,20,0.25,0.02592,9.645061728395062,9.645061728395062,False
66,tags,violent,7,20,0.35,0.03744,9.348290598290598,9.348290598290598,False
66,tags,great ending,7,20,0.35,0.03776,9.269067796610168,9.269067796610168,False
66,tags,mother-son relationship,1,20,0.05,0.00544,9.191176470588236,9.191176470588236,False
66,tags,foul language,1,20,0.05,0.00544,9.191176470588236,9.191176470588236,False
66,tags,alternate reality,1,20,0.05,0.00544,9.191176470588236,9.191176470588236,False
66,tags,anti-hero,1,20,0.05,0.00544,9.191176470588236,9.191176470588236,False
66,tags,weapons,3,20,0.15,0.01664,9.014423076923077,9.014423076923077,False
66,tags,suspense,10,20,0.5,0.05568,8.979885057471265,8.979885057471265,False
66,tags,sequel,5,20,0.25,0.02784,8.979885057471265,8.979885057471265,False
66,tags,intense,5,20,0.25,0.02784,8.979885057471265,8.979885057471265,False
66,tags,visual,6,20,0.3,0.03456,8.680555555555555,8.680555555555555,False
66,tags,oscar (best editing),1,20,0.05,0.00576,8.680555555555555,8.680555555555555,False
66,tags,revenge,2,20,0.1,0.01184,8.445945945945947,8.445945945945947,False
66,tags,007 (series),1,20,0.05,0.00608,8.223684210526315,8.223684210526315,False
66,tags,great movie,7,20,0.35,0.04352,8.042279411764705,8.042279411764705,False
66,tags,great,4,20,0.2,0.02496,8.012820512820513,8.012820512820513,False
66,tags,atmospheric,2,20,0.1,0.01248,8.012820512820513,8.012820512820513,False
66,tags,war,3,20,0.15,0.01888,7.944915254237287,7.944915254237287,False
66,tags,sacrifice,1,20,0.05,0.0064,7.8125,7.8125,False
66,tags,prison,1,20,0.05,0.0064,7.8125,7.8125,False
66,tags,nocturnal,1,20,0.05,0.0064,7.8125,7.8125,False
66,tags,new york,1,20,0.05,0.00672,7.440476190476191,7.440476190476191,False
66,tags,father son relationship,1,20,0.05,0.00672,7.440476190476191,7.440476190476191,False
66,tags,scary,3,20,0.15,0.02048,7.324218749999999,7.324218749999999,False
66,tags,violence,7,20,0.35,0.04832,7.243377483443708,7.243377483443708,False
66,tags,tense,8,20,0.4,0.05536,7.225433526011561,7.225433526011561,False
66,tags,fantasy,3,20,0.15,0.02176,6.893382352941176,6.893382352941176,False
66,genres,Action,20,20,1.0,0.14528,6.883259911894274,6.883259911894274,False
66,tags,good,5,20,0.25,0.0368,6.793478260869565,6.793478260869565,False
66,tags,vengeance,3,20,0.15,0.02208,6.793478260869565,6.793478260869565,False
66,tags,nazis,2,20,0.1,0.01472,6.793478260869565,6.793478260869565,False
66,tags,rebellion,1,20,0.05,0.00736,6.793478260869565,6.793478260869565,False
66,tags,fast paced,3,20,0.15,0.02368,6.33445945945946,6.33445945945946,False
66,tags,destiny,3,20,0.15,0.024,6.25,6.25,False
66,tags,explosions,1,20,0.05,0.008,6.25,6.25,False
66,tags,vigilante,1,20,0.05,0.008,6.25,6.25,False
66,genres,Adventure,10,20,0.5,0.08256,6.056201550387597,6.056201550387597,False
66,tags,classic,9,20,0.45,0.0752,5.98404255319149,5.98404255319149,False
66,tags,gunfight,3,20,0.15,0.0256,5.859374999999999,5.859374999999999,False
66,tags,mars,1,20,0.05,0.00864,5.787037037037037,5.787037037037037,False
66,tags,new york city,1,20,0.05,0.00864,5.787037037037037,5.787037037037037,False
66,tags,imdb top 250,11,20,0.55,0.09824,5.598534201954398,5.598534201954398,False
66,tags,san francisco,1,20,0.05,0.00896,5.580357142857143,5.580357142857143,False
66,tags,paranoia,1,20,0.05,0.00992,5.040322580645162,5.040322580645162,False
66,tags,jungle,1,20,0.05,0.01056,4.734848484848485,4.734848484848485,False
66,tags,dark,2,20,0.1,0.02144,4.664179104477612,4.664179104477612,False
66,genres,War,4,20,0.2,0.0432,4.62962962962963,4.62962962962963,False
66,tags,forceful,1,20,0.05,0.01088,4.595588235294118,4.595588235294118,False
66,tags,computer animation,1,20,0.05,0.01088,4.595588235294118,4.595588235294118,False
66,tags,cult classic,4,20,0.2,0.04608,4.340277777777778,4.340277777777778,False
66,tags,fantasy world,1,20,0.05,0.01152,4.340277777777778,4.340277777777778,False
66,tags,mentor,6,20,0.3,0.07168,4.185267857142858,4.185267857142858,False
66,tags,ominous,1,20,0.05,0.01216,4.1118421052631575,4.1118421052631575,False
66,tags,death,1,20,0.05,0.01248,4.006410256410256,4.006410256410256,False
66,tags,fun movie,3,20,0.15,0.03872,3.8739669421487606,3.8739669421487606,False
66,tags,70mm,1,20,0.05,0.01312,3.810975609756098,3.810975609756098,False
66,tags,redemption,1,20,0.05,0.01312,3.810975609756098,3.810975609756098,False
66,tags,suspenseful,3,20,0.15,0.03968,3.780241935483871,3.780241935483871,False
66,tags,masterpiece,5,20,0.25,0.0672,3.7202380952380953,3.7202380952380953,False
66,tags,excellent script,3,20,0.15,0.04128,3.6337209302325584,3.6337209302325584,False
66,tags,storytelling,4,20,0.2,0.05536,3.6127167630057806,3.6127167630057806,False
66,tags,imagination,1,20,0.05,0.01408,3.5511363636363638,3.5511363636363638,False
66,tags,cool,1,20,0.05,0.01408,3.5511363636363638,3.5511363636363638,False
66,tags,visually appealing,3,20,0.15,0.04416,3.3967391304347827,3.3967391304347827,False
66,tags,80s,1,20,0.05,0.01472,3.3967391304347827,3.3967391304347827,False
66,tags,assassin,1,20,0.05,0.01472,3.3967391304347827,3.3967391304347827,False
66,tags,gory,1,20,0.05,0.01504,3.3244680851063833,3.3244680851063833,False
66,genres,Thriller,9,20,0.45,0.14016,3.210616438356164,3.210616438356164,False
66,tags,original,16,20,0.8,0.25024,3.1969309462915603,3.1969309462915603,False
66,tags,oscar winner,1,20,0.05,0.01568,3.188775510204082,3.188775510204082,False
66,tags,humorous,1,20,0.05,0.016,3.125,3.125,False
66,tags,creepy,2,20,0.1,0.03488,2.86697247706422,2.86697247706422,False
66,tags,powerful ending,1,20,0.05,0.01888,2.6483050847457625,2.6483050847457625,False
66,tags,fight scenes,1,20,0.05,0.01952,2.5614754098360657,2.5614754098360657,False
66,genres,Fantasy,1,20,0.05,0.0208,2.403846153846154,2.403846153846154,False
66,tags,horror,3,20,0.15,0.064,2.34375,2.34375,False
66,tags,conspiracy,1,20,0.05,0.02176,2.297794117647059,2.297794117647059,False
66,tags,good sequel,1,20,0.05,0.02656,1.8825301204819278,1.8825301204819278,False
66,tags,cult film,1,20,0.05,0.02688,1.8601190476190477,1.8601190476190477,False
66,tags,oscar (best supporting actor),1,20,0.05,0.02784,1.795977011494253,1.795977011494253,False
66,tags,splatter,1,20,0.05,0.02976,1.6801075268817205,1.6801075268817205,False
66,tags,children,1,20,0.05,0.03104,1.6108247422680413,1.6108247422680413,False
66,tags,oscar (best picture),1,20,0.05,0.03296,1.5169902912621358,1.5169902912621358,False
66,tags,thriller,1,20,0.05,0.03488,1.43348623853211,1.43348623853211,False
66,tags,oscar (best directing),2,20,0.1,0.07264,1.3766519823788548,1.3766519823788548,False
66,tags,based on book,1,20,0.05,0.03872,1.2913223140495869,1.2913223140495869,False
66,genres,Horror,2,20,0.1,0.08512,1.174812030075188,1.174812030075188,False
66,tags,weird,1,20,0.05,0.0448,1.1160714285714286,1.1160714285714286,False
66,tags,adapted from:book,1,20,0.05,0.06336,0.7891414141414141,0.7891414141414141,False
66,tags,based on a book,1,20,0.05,0.06656,0.7512019230769232,0.7512019230769232,False
66,tags,great acting,1,20,0.05,0.08448,0.5918560606060607,0.5918560606060607,False
66,tags,comedy,1,20,0.05,0.11168,0.4477077363896848,0.4477077363896848,False
66,genres,Romance,1,20,0.05,0.13312,0.3756009615384616,0.3756009615384616,False
66,genres,Drama,1,20,0.05,0.39584,0.1263136620856912,0.1263136620856912,False
67,tags,carrie-anne moss,1,20,0.05,0.00032,156.25,156.25,False
67,tags,man versus machine,3,20,0.15,0.00128,117.18749999999999,117.18749999999999,True
67,tags,star wars,3,20,0.15,0.00128,117.18749999999999,117.18749999999999,True
67,tags,original plot,7,20,0.35,0.0032,109.37499999999999,109.37499999999999,True
67,tags,saturn award (best special effects),7,20,0.35,0.0032,109.37499999999999,109.37499999999999,False
67,tags,artificial intelligence,2,20,0.1,0.00096,104.16666666666667,104.16666666666667,False
67,tags,oscar (best sound),2,20,0.1,0.00096,104.16666666666667,104.16666666666667,False
67,tags,oscar (best effects - visual effects),9,20,0.45,0.0048,93.75000000000001,93.75000000000001,False
67,tags,cgi,1,20,0.05,0.00064,78.125,78.125,False
67,tags,isolation,1,20,0.05,0.00064,78.125,78.125,False
67,tags,dynamic cgi action,4,20,0.2,0.0032,62.5,62.5,False
67,tags,androids,5,20,0.25,0.00416,60.096153846153854,60.096153846153854,False
67,tags,philip k. dick,1,20,0.05,0.00096,52.083333333333336,52.083333333333336,False
67,tags,antarctica,1,20,0.05,0.00096,52.083333333333336,52.083333333333336,False
67,tags,motorcycle,3,20,0.15,0.0032,46.87499999999999,46.87499999999999,False
67,tags,arnold,4,20,0.2,0.00448,44.642857142857146,44.642857142857146,False
67,tags,cloning,2,20,0.1,0.00224,44.642857142857146,44.642857142857146,False
67,tags,robots,5,20,0.25,0.0064,39.0625,39.0625,False
67,tags,android(s)/cyborg(s),1,20,0.05,0.00128,39.0625,39.0625,False
67,tags,spock,1,20,0.05,0.00128,39.0625,39.0625,False
67,tags,hacking,1,20,0.05,0.00128,39.0625,39.0625,False
67,tags,apocalypse,4,20,0.2,0.00544,36.76470588235294,36.76470588235294,False
67,tags,lone hero,5,20,0.25,0.00704,35.51136363636363,35.51136363636363,False
67,tags,star trek,2,20,0.1,0.00288,34.72222222222222,34.72222222222222,False
67,tags,snakes,2,20,0.1,0.00288,34.72222222222222,34.72222222222222,False
67,tags,cyborgs,3,20,0.15,0.0048,31.25,31.25,False
67,tags,memory,1,20,0.05,0.0016,31.25,31.25,False
67,tags,genetics,1,20,0.05,0.0016,31.25,31.25,False
67,tags,indiana jones,1,20,0.05,0.0016,31.25,31.25,False
67,tags,confusing,1,20,0.05,0.0016,31.25,31.25,False
67,tags,computers,1,20,0.05,0.0016,31.25,31.25,False
67,tags,dystopia,6,20,0.3,0.00992,30.241935483870968,30.241935483870968,False
67,tags,time travel,3,20,0.15,0.00512,29.296874999999996,29.296874999999996,False
67,tags,dystopic future,4,20,0.2,0.00704,28.40909090909091,28.40909090909091,False
67,tags,car chase,2,20,0.1,0.00352,28.40909090909091,28.40909090909091,False
67,tags,post-apocalyptic,3,20,0.15,0.00544,27.573529411764703,27.573529411764703,False
67,tags,space opera,6,20,0.3,0.0112,26.785714285714285,26.785714285714285,False
67,tags,virtual reality,2,20,0.1,0.00384,26.041666666666668,26.041666666666668,False
67,tags,nuclear war,1,20,0.05,0.00192,26.041666666666668,26.041666666666668,False
67,tags,australian,1,20,0.05,0.00192,26.041666666666668,26.041666666666668,False
67,tags,gore,1,20,0.05,0.00192,26.041666666666668,26.041666666666668,False
67,tags,desert,3,20,0.15,0.00576,26.041666666666664,26.041666666666664,False
67,tags,trilogy,3,20,0.15,0.00608,24.671052631578945,24.671052631578945,False
67,tags,space travel,5,20,0.25,0.01024,24.414062499999996,24.414062499999996,False
67,tags,sword fight,4,20,0.2,0.00832,24.038461538461544,24.038461538461544,False
67,tags,good versus evil,4,20,0.2,0.00832,24.038461538461544,24.038461538461544,False
67,tags,effects,4,20,0.2,0.00832,24.038461538461544,24.038461538461544,False
67,tags,aliens,10,20,0.5,0.0208,24.03846153846154,24.03846153846154,False
67,tags,futuristic,13,20,0.65,0.0272,23.897058823529413,23.897058823529413,False
67,tags,post apocalyptic,2,20,0.1,0.00448,22.321428571428573,22.321428571428573,False
67,tags,exciting,2,20,0.1,0.00448,22.321428571428573,22.321428571428573,False
67,tags,hunting,1,20,0.05,0.00224,22.321428571428573,22.321428571428573,False
67,tags,dinosaurs,1,20,0.05,0.00224,22.321428571428573,22.321428571428573,False
67,tags,archaeology,1,20,0.05,0.00224,22.321428571428573,22.321428571428573,False
67,tags,distopia,1,20,0.05,0.00224,22.321428571428573,22.321428571428573,False
67,tags,highly quotable,5,20,0.25,0.01184,21.114864864864867,21.114864864864867,False
67,tags,story,12,20,0.6,0.02848,21.06741573033708,21.06741573033708,False
67,tags,visceral,8,20,0.4,0.01984,20.161290322580648,20.161290322580648,False
67,tags,future,8,20,0.4,0.02048,19.53125,19.53125,False
67,tags,mythology,4,20,0.2,0.01024,19.53125,19.53125,False
67,tags,alien invasion,3,20,0.15,0.00768,19.53125,19.53125,False
67,tags,cyberpunk,2,20,0.1,0.00512,19.53125,19.53125,False
67,tags,spielberg,2,20,0.1,0.00512,19.53125,19.53125,False
67,tags,midlife crisis,1,20,0.05,0.00256,19.53125,19.53125,False
67,tags,alternate universe,1,20,0.05,0.00256,19.53125,19.53125,False
67,tags,fighting,4,20,0.2,0.01056,18.93939393939394,18.93939393939394,False
67,tags,scifi,16,20,0.8,0.04288,18.65671641791045,18.65671641791045,False
67,tags,cars,2,20,0.1,0.00544,18.38235294117647,18.38235294117647,False
67,tags,alternate reality,2,20,0.1,0.00544,18.38235294117647,18.38235294117647,False
67,tags,dialogue,10,20,0.5,0.02752,18.16860465116279,18.16860465116279,False
67,tags,epic,4,20,0.2,0.0112,17.857142857142858,17.857142857142858,False
67,tags,technology,7,20,0.35,0.01984,17.641129032258064,17.641129032258064,False
67,tags,sci fi,15,20,0.75,0.04288,17.490671641791046,17.490671641791046,False
67,tags,robot,2,20,0.1,0.00576,17.36111111111111,17.36111111111111,False
67,tags,road movie,2,20,0.1,0.00576,17.36111111111111,17.36111111111111,False
67,tags,high fantasy,1,20,0.05,0.00288,17.36111111111111,17.36111111111111,False
67,tags,sci-fi,15,20,0.75,0.04512,16.622340425531913,16.622340425531913,False
67,tags,science fiction,16,20,0.8,0.04832,16.55629139072848,16.55629139072848,False
67,tags,realistic action,2,20,0.1,0.00608,16.44736842105263,16.44736842105263,False
67,tags,space,7,20,0.35,0.02176,16.08455882352941,16.08455882352941,False
67,tags,gangs,2,20,0.1,0.0064,15.625,15.625,False
67,tags,australia,2,20,0.1,0.0064,15.625,15.625,False
67,tags,clones,1,20,0.05,0.0032,15.625,15.625,False
67,tags,mutants,1,20,0.05,0.0032,15.625,15.625,False
67,tags,treasure,1,20,0.05,0.0032,15.625,15.625,False
67,tags,philosophy,1,20,0.05,0.0032,15.625,15.625,False
67,tags,alien,6,20,0.3,0.01952,15.368852459016393,15.368852459016393,False
67,tags,claustrophobic,3,20,0.15,0.00992,15.120967741935484,15.120967741935484,False
67,tags,special effects,16,20,0.8,0.05408,14.792899408284024,14.792899408284024,False
67,tags,action packed,9,20,0.45,0.03136,14.349489795918368,14.349489795918368,False
67,tags,pg-13,2,20,0.1,0.00704,14.204545454545455,14.204545454545455,False
67,tags,survival,1,20,0.05,0.00352,14.204545454545455,14.204545454545455,False
67,tags,modern fantasy,1,20,0.05,0.00352,14.204545454545455,14.204545454545455,False
67,tags,egypt,1,20,0.05,0.00352,14.204545454545455,14.204545454545455,False
67,tags,light,1,20,0.05,0.00352,14.204545454545455,14.204545454545455,False
67,tags,awesome soundtrack,5,20,0.25,0.0176,14.204545454545453,14.204545454545453,False
67,tags,series,6,20,0.3,0.0224,13.392857142857142,13.392857142857142,False
67,tags,quotable,7,20,0.35,0.02688,13.020833333333332,13.020833333333332,False
67,tags,end of the world,2,20,0.1,0.008,12.5,12.5,False
67,tags,biblical,1,20,0.05,0.00416,12.019230769230772,12.019230769230772,False
67,tags,good action,12,20,0.6,0.05056,11.867088607594937,11.867088607594937,False
67,tags,first contact,3,20,0.15,0.0128,11.718749999999998,11.718749999999998,False
67,tags,monster,3,20,0.15,0.0128,11.718749999999998,11.718749999999998,False
67,tags,big budget,6,20,0.3,0.02592,11.574074074074074,11.574074074074074,False
67,tags,chase,12,20,0.6,0.0528,11.363636363636363,11.363636363636363,False
67,genres,Sci-Fi,18,20,0.9,0.08032,11.205179282868526,11.205179282868526,False
67,tags,frightening,2,20,0.1,0.00896,11.160714285714286,11.160714285714286,False
67,tags,wizards,1,20,0.05,0.00448,11.160714285714286,11.160714285714286,False
67,tags,natural disaster,2,20,0.1,0.00928,10.775862068965518,10.775862068965518,False
67,tags,intense,6,20,0.3,0.02784,10.775862068965516,10.775862068965516,False
67,tags,action,17,20,0.85,0.07968,10.667670682730924,10.667670682730924,False
67,tags,franchise,10,20,0.5,0.04928,10.146103896103897,10.146103896103897,False
67,tags,visual,7,20,0.35,0.03456,10.127314814814815,10.127314814814815,False
67,tags,adventure,8,20,0.4,0.04,10.0,10.0,False
67,tags,treasure hunt,1,20,0.05,0.00512,9.765625,9.765625,False
67,tags,dark hero,1,20,0.05,0.00512,9.765625,9.765625,False
67,tags,violent,7,20,0.35,0.03744,9.348290598290598,9.348290598290598,False
67,tags,great ending,7,20,0.35,0.03776,9.269067796610168,9.269067796610168,False
67,tags,mother-son relationship,1,20,0.05,0.00544,9.191176470588236,9.191176470588236,False
67,tags,foul language,1,20,0.05,0.00544,9.191176470588236,9.191176470588236,False
67,tags,anti-hero,1,20,0.05,0.00544,9.191176470588236,9.191176470588236,False
67,tags,weapons,3,20,0.15,0.01664,9.014423076923077,9.014423076923077,False
67,tags,oscar (best editing),1,20,0.05,0.00576,8.680555555555555,8.680555555555555,False
67,tags,revenge,2,20,0.1,0.01184,8.445945945945947,8.445945945945947,False
67,tags,violence,8,20,0.4,0.04832,8.27814569536424,8.27814569536424,False
67,tags,007 (series),1,20,0.05,0.00608,8.223684210526315,8.223684210526315,False
67,tags,suspense,9,20,0.45,0.05568,8.081896551724139,8.081896551724139,False
67,tags,great movie,7,20,0.35,0.04352,8.042279411764705,8.042279411764705,False
67,tags,great,4,20,0.2,0.02496,8.012820512820513,8.012820512820513,False
67,tags,atmospheric,2,20,0.1,0.01248,8.012820512820513,8.012820512820513,False
67,tags,war,3,20,0.15,0.01888,7.944915254237287,7.944915254237287,False
67,tags,gunfight,4,20,0.2,0.0256,7.8125,7.8125,False
67,tags,sacrifice,1,20,0.05,0.0064,7.8125,7.8125,False
67,tags,prison,1,20,0.05,0.0064,7.8125,7.8125,False
67,tags,nocturnal,1,20,0.05,0.0064,7.8125,7.8125,False
67,tags,philosophical,1,20,0.05,0.0064,7.8125,7.8125,False
67,tags,fighting the system,1,20,0.05,0.0064,7.8125,7.8125,False
67,tags,thought-provoking,1,20,0.05,0.0064,7.8125,7.8125,False
67,tags,new york,1,20,0.05,0.00672,7.440476190476191,7.440476190476191,False
67,tags,kung fu,1,20,0.05,0.00672,7.440476190476191,7.440476190476191,False
67,tags,scary,3,20,0.15,0.02048,7.324218749999999,7.324218749999999,False
67,tags,tense,8,20,0.4,0.05536,7.225433526011561,7.225433526011561,False
67,tags,sequel,4,20,0.2,0.02784,7.183908045977012,7.183908045977012,False
67,tags,cool,2,20,0.1,0.01408,7.1022727272727275,7.1022727272727275,False
67,tags,fantasy,3,20,0.15,0.02176,6.893382352941176,6.893382352941176,False
67,genres,Action,20,20,1.0,0.14528,6.883259911894274,6.883259911894274,False
67,tags,vengeance,3,20,0.15,0.02208,6.793478260869565,6.793478260869565,False
67,tags,rebellion,1,20,0.05,0.00736,6.793478260869565,6.793478260869565,False
67,tags,fast paced,3,20,0.15,0.02368,6.33445945945946,6.33445945945946,False
67,tags,destiny,3,20,0.15,0.024,6.25,6.25,False
67,tags,explosions,1,20,0.05,0.008,6.25,6.25,False
67,tags,vigilante,1,20,0.05,0.008,6.25,6.25,False
67,tags,nazi,1,20,0.05,0.00832,6.009615384615386,6.009615384615386,False
67,tags,classic,9,20,0.45,0.0752,5.98404255319149,5.98404255319149,False
67,tags,mars,1,20,0.05,0.00864,5.787037037037037,5.787037037037037,False
67,tags,new york city,1,20,0.05,0.00864,5.787037037037037,5.787037037037037,False
67,tags,imdb top 250,11,20,0.55,0.09824,5.598534201954398,5.598534201954398,False
67,tags,san francisco,1,20,0.05,0.00896,5.580357142857143,5.580357142857143,False
67,genres,Adventure,9,20,0.45,0.08256,5.450581395348838,5.450581395348838,False
67,tags,good,4,20,0.2,0.0368,5.434782608695652,5.434782608695652,False
67,tags,cult classic,5,20,0.25,0.04608,5.425347222222222,5.425347222222222,False
67,tags,fight scenes,2,20,0.1,0.01952,5.122950819672131,5.122950819672131,False
67,tags,paranoia,1,20,0.05,0.00992,5.040322580645162,5.040322580645162,False
67,tags,martial arts,1,20,0.05,0.00992,5.040322580645162,5.040322580645162,False
67,tags,excellent script,4,20,0.2,0.04128,4.844961240310078,4.844961240310078,False
67,tags,jungle,1,20,0.05,0.01056,4.734848484848485,4.734848484848485,False
67,tags,dark,2,20,0.1,0.02144,4.664179104477612,4.664179104477612,False
67,genres,War,4,20,0.2,0.0432,4.62962962962963,4.62962962962963,False
67,tags,forceful,1,20,0.05,0.01088,4.595588235294118,4.595588235294118,False
67,tags,computer animation,1,20,0.05,0.01088,4.595588235294118,4.595588235294118,False
67,tags,visually appealing,4,20,0.2,0.04416,4.528985507246377,4.528985507246377,False
67,tags,storytelling,5,20,0.25,0.05536,4.515895953757226,4.515895953757226,False
67,tags,good acting,1,20,0.05,0.0112,4.464285714285714,4.464285714285714,False
67,tags,fantasy world,1,20,0.05,0.01152,4.340277777777778,4.340277777777778,False
67,tags,complicated,1,20,0.05,0.01152,4.340277777777778,4.340277777777778,False
67,tags,mentor,6,20,0.3,0.07168,4.185267857142858,4.185267857142858,False
67,tags,ominous,1,20,0.05,0.01216,4.1118421052631575,4.1118421052631575,False
67,tags,death,1,20,0.05,0.01248,4.006410256410256,4.006410256410256,False
67,tags,70mm,1,20,0.05,0.01312,3.810975609756098,3.810975609756098,False
67,tags,redemption,1,20,0.05,0.01312,3.810975609756098,3.810975609756098,False
67,tags,suspenseful,3,20,0.15,0.03968,3.780241935483871,3.780241935483871,False
67,tags,masterpiece,5,20,0.25,0.0672,3.7202380952380953,3.7202380952380953,False
67,genres,Thriller,10,20,0.5,0.14016,3.567351598173516,3.567351598173516,False
67,tags,imagination,1,20,0.05,0.01408,3.5511363636363638,3.5511363636363638,False
67,tags,80s,1,20,0.05,0.01472,3.3967391304347827,3.3967391304347827,False
67,tags,assassin,1,20,0.05,0.01472,3.3967391304347827,3.3967391304347827,False
67,tags,nazis,1,20,0.05,0.01472,3.3967391304347827,3.3967391304347827,False
67,tags,gory,1,20,0.05,0.01504,3.3244680851063833,3.3244680851063833,False
67,tags,existentialism,1,20,0.05,0.01504,3.3244680851063833,3.3244680851063833,False
67,tags,original,16,20,0.8,0.25024,3.1969309462915603,3.1969309462915603,False
67,tags,oscar winner,1,20,0.05,0.01568,3.188775510204082,3.188775510204082,False
67,tags,creepy,2,20,0.1,0.03488,2.86697247706422,2.86697247706422,False
67,tags,stylized,1,20,0.05,0.01856,2.6939655172413794,2.6939655172413794,False
67,tags,powerful ending,1,20,0.05,0.01888,2.6483050847457625,2.6483050847457625,False
67,tags,fun movie,2,20,0.1,0.03872,2.5826446280991737,2.5826446280991737,False
67,genres,Fantasy,1,20,0.05,0.0208,2.403846153846154,2.403846153846154,False
67,tags,horror,3,20,0.15,0.064,2.34375,2.34375,False
67,tags,conspiracy,1,20,0.05,0.02176,2.297794117647059,2.297794117647059,False
67,tags,interesting,1,20,0.05,0.02208,2.2644927536231885,2.2644927536231885,False
67,tags,complex,1,20,0.05,0.02304,2.170138888888889,2.170138888888889,False
67,tags,visually stunning,1,20,0.05,0.02528,1.9778481012658229,1.9778481012658229,False
67,tags,good sequel,1,20,0.05,0.02656,1.8825301204819278,1.8825301204819278,False
67,tags,cult film,1,20,0.05,0.02688,1.8601190476190477,1.8601190476190477,False
67,tags,cerebral,1,20,0.05,0.02752,1.8168604651162792,1.8168604651162792,False
67,tags,oscar (best supporting actor),1,20,0.05,0.02784,1.795977011494253,1.795977011494253,False
67,tags,splatter,1,20,0.05,0.02976,1.6801075268817205,1.6801075268817205,False
67,tags,children,1,20,0.05,0.03104,1.6108247422680413,1.6108247422680413,False
67,tags,oscar (best picture),1,20,0.05,0.03296,1.5169902912621358,1.5169902912621358,False
67,tags,thriller,1,20,0.05,0.03488,1.43348623853211,1.43348623853211,False
67,tags,oscar (best directing),2,20,0.1,0.07264,1.3766519823788548,1.3766519823788548,False
67,tags,based on book,1,20,0.05,0.03872,1.2913223140495869,1.2913223140495869,False
67,tags,great acting,2,20,0.1,0.08448,1.1837121212121213,1.1837121212121213,False
67,genres,Horror,2,20,0.1,0.08512,1.174812030075188,1.174812030075188,False
67,tags,weird,1,20,0.05,0.0448,1.1160714285714286,1.1160714285714286,False
67,tags,adapted from:book,1,20,0.05,0.06336,0.7891414141414141,0.7891414141414141,False
67,tags,based on a book,1,20,0.05,0.06656,0.7512019230769232,0.7512019230769232,False
67,genres,Romance,1,20,0.05,0.13312,0.3756009615384616,0.3756009615384616,False
67,genres,Drama,1,20,0.05,0.39584,0.1263136620856912,0.1263136620856912,False
68,tags,shopping,3,20,0.15,0.00096,156.25,156.25,True
68,tags,good romantic comedies,9,20,0.45,0.00704,63.92045454545455,63.92045454545455,True
68,tags,sappy,1,20,0.05,0.00096,52.083333333333336,52.083333333333336,False
68,tags,wedding,2,20,0.1,0.00224,44.642857142857146,44.642857142857146,True
68,tags,spelling bee,1,20,0.05,0.00128,39.0625,39.0625,False
68,tags,girlie movie,15,20,0.75,0.02272,33.01056338028169,33.01056338028169,False
68,tags,very good,1,20,0.05,0.0016,31.25,31.25,False
68,tags,family bonds,1,20,0.05,0.0016,31.25,31.25,False
68,tags,happy ending,9,20,0.45,0.016,28.125,28.125,False
68,tags,feel good movie,8,20,0.4,0.0144,27.77777777777778,27.77777777777778,False
68,tags,chick flick,15,20,0.75,0.03136,23.915816326530614,23.915816326530614,False
68,tags,feel-good,13,20,0.65,0.02784,23.347701149425287,23.347701149425287,False
68,tags,internet,1,20,0.05,0.00224,22.321428571428573,22.321428571428573,False
68,tags,ghosts/afterlife,1,20,0.05,0.00224,22.321428571428573,22.321428571428573,False
68,tags,writer's life,1,20,0.05,0.00224,22.321428571428573,22.321428571428573,False
68,tags,sweet,8,20,0.4,0.01856,21.551724137931036,21.551724137931036,False
68,tags,romantic comedy,14,20,0.7,0.03424,20.44392523364486,20.44392523364486,False
68,tags,cute!,2,20,0.1,0.00512,19.53125,19.53125,False
68,tags,afterlife,1,20,0.05,0.00256,19.53125,19.53125,False
68,tags,catastrophe,1,20,0.05,0.00256,19.53125,19.53125,False
68,tags,romance,15,20,0.75,0.03904,19.211065573770494,19.211065573770494,False
68,tags,destiny,9,20,0.45,0.024,18.75,18.75,False
68,tags,cute,3,20,0.15,0.00864,17.36111111111111,17.36111111111111,False
68,tags,classical music,1,20,0.05,0.00288,17.36111111111111,17.36111111111111,False
68,tags,oscar winner,5,20,0.25,0.01568,15.943877551020408,15.943877551020408,False
68,tags,inspirational,2,20,0.1,0.0064,15.625,15.625,False
68,tags,sentimental,5,20,0.25,0.01664,15.024038461538463,15.024038461538463,False
68,tags,predictable,2,20,0.1,0.00672,14.880952380952381,14.880952380952381,False
68,tags,tear jerker,2,20,0.1,0.00704,14.204545454545455,14.204545454545455,False
68,tags,baseball,1,20,0.05,0.00352,14.204545454545455,14.204545454545455,False
68,tags,romantic,15,20,0.75,0.05568,13.469827586206897,13.469827586206897,False
68,tags,football,1,20,0.05,0.00384,13.020833333333334,13.020833333333334,False
68,tags,teacher,1,20,0.05,0.00384,13.020833333333334,13.020833333333334,False
68,tags,divorce,1,20,0.05,0.00416,12.019230769230772,12.019230769230772,False
68,tags,love story,15,20,0.75,0.06368,11.777638190954773,11.777638190954773,False
68,tags,prostitution,1,20,0.05,0.00448,11.160714285714286,11.160714285714286,False
68,tags,life,1,20,0.05,0.00448,11.160714285714286,11.160714285714286,False
68,tags,single father,1,20,0.05,0.0048,10.416666666666668,10.416666666666668,False
68,tags,fairy tales,1,20,0.05,0.0048,10.416666666666668,10.416666666666668,False
68,tags,earnest,1,20,0.05,0.0048,10.416666666666668,10.416666666666668,False
68,tags,inspiring,1,20,0.05,0.0048,10.416666666666668,10.416666666666668,False
68,tags,women,3,20,0.15,0.01568,9.566326530612244,9.566326530612244,False
68,tags,disability,1,20,0.05,0.00544,9.191176470588236,9.191176470588236,False
68,tags,rags to riches,1,20,0.05,0.00576,8.680555555555555,8.680555555555555,False
68,tags,london,1,20,0.05,0.00576,8.680555555555555,8.680555555555555,False
68,tags,president,1,20,0.05,0.00576,8.680555555555555,8.680555555555555,False
68,tags,heartwarming,2,20,0.1,0.01184,8.445945945945947,8.445945945945947,False
68,tags,nostalgic,2,20,0.1,0.01216,8.223684210526315,8.223684210526315,False
68,tags,cross dressing,1,20,0.05,0.00608,8.223684210526315,8.223684210526315,False
68,tags,good,6,20,0.3,0.0368,8.152173913043478,8.152173913043478,False
68,tags,fighting the system,1,20,0.05,0.0064,7.8125,7.8125,False
68,tags,oscar,4,20,0.2,0.0272,7.352941176470589,7.352941176470589,False
68,tags,pg-13,1,20,0.05,0.00704,7.1022727272727275,7.1022727272727275,False
68,tags,love,5,20,0.25,0.03616,6.913716814159293,6.913716814159293,False
68,tags,fairy tale,2,20,0.1,0.01504,6.6489361702127665,6.6489361702127665,False
68,tags,gay character,2,20,0.1,0.01568,6.377551020408164,6.377551020408164,False
68,tags,drama,8,20,0.4,0.06656,6.009615384615386,6.009615384615386,False
68,tags,world politics,1,20,0.05,0.00832,6.009615384615386,6.009615384615386,False
68,genres,Romance,15,20,0.75,0.13312,5.634014423076923,5.634014423076923,False
68,tags,sports,2,20,0.1,0.01792,5.580357142857143,5.580357142857143,False
68,tags,ghosts,1,20,0.05,0.00896,5.580357142857143,5.580357142857143,False
68,tags,relationships,6,20,0.3,0.05376,5.580357142857142,5.580357142857142,False
68,tags,oscar (best supporting actress),2,20,0.1,0.01856,5.387931034482759,5.387931034482759,False
68,tags,natural disaster,1,20,0.05,0.00928,5.387931034482759,5.387931034482759,False
68,tags,remake,1,20,0.05,0.00928,5.387931034482759,5.387931034482759,False
68,tags,touching,3,20,0.15,0.02816,5.326704545454545,5.326704545454545,False
68,tags,bittersweet,2,20,0.1,0.01888,5.296610169491525,5.296610169491525,False
68,tags,dog,1,20,0.05,0.0096,5.208333333333334,5.208333333333334,False
68,tags,courtroom,1,20,0.05,0.00992,5.040322580645162,5.040322580645162,False
68,tags,gay,2,20,0.1,0.0208,4.807692307692308,4.807692307692308,False
68,tags,artistic,1,20,0.05,0.01056,4.734848484848485,4.734848484848485,False
68,tags,oscar (best picture),3,20,0.15,0.03296,4.550970873786407,4.550970873786407,False
68,tags,magic,1,20,0.05,0.0112,4.464285714285714,4.464285714285714,False
68,tags,epic,1,20,0.05,0.0112,4.464285714285714,4.464285714285714,False
68,tags,good acting,1,20,0.05,0.0112,4.464285714285714,4.464285714285714,False
68,tags,historical,2,20,0.1,0.02272,4.401408450704225,4.401408450704225,False
68,tags,oscar (best actor),2,20,0.1,0.02304,4.340277777777778,4.340277777777778,False
68,tags,us history,1,20,0.05,0.01152,4.340277777777778,4.340277777777778,False
68,tags,based on a true story,1,20,0.05,0.01184,4.222972972972974,4.222972972972974,False
68,tags,lawyers,1,20,0.05,0.01216,4.1118421052631575,4.1118421052631575,False
68,tags,death,1,20,0.05,0.01248,4.006410256410256,4.006410256410256,False
68,tags,good music,1,20,0.05,0.01248,4.006410256410256,4.006410256410256,False
68,tags,quotable,2,20,0.1,0.02688,3.7202380952380953,3.7202380952380953,False
68,tags,excellent script,3,20,0.15,0.04128,3.6337209302325584,3.6337209302325584,False
68,tags,oscar (best supporting actor),2,20,0.1,0.02784,3.591954022988506,3.591954022988506,False
68,tags,british,1,20,0.05,0.01408,3.5511363636363638,3.5511363636363638,False
68,tags,beautiful scenery,1,20,0.05,0.01408,3.5511363636363638,3.5511363636363638,False
68,tags,mentor,5,20,0.25,0.07168,3.4877232142857144,3.4877232142857144,False
68,tags,musicians,1,20,0.05,0.0144,3.4722222222222223,3.4722222222222223,False
68,tags,oscar (best directing),5,20,0.25,0.07264,3.441629955947137,3.441629955947137,False
68,tags,politics,1,20,0.05,0.01472,3.3967391304347827,3.3967391304347827,False
68,tags,lawyer,1,20,0.05,0.01504,3.3244680851063833,3.3244680851063833,False
68,tags,political,1,20,0.05,0.01568,3.188775510204082,3.188775510204082,False
68,tags,rock and roll,1,20,0.05,0.016,3.125,3.125,False
68,tags,biographical,1,20,0.05,0.01664,3.004807692307693,3.004807692307693,False
68,tags,world war ii,1,20,0.05,0.01696,2.94811320754717,2.94811320754717,False
68,tags,supernatural,1,20,0.05,0.01728,2.8935185185185186,2.8935185185185186,False
68,tags,history,1,20,0.05,0.01728,2.8935185185185186,2.8935185185185186,False
68,tags,life & death,1,20,0.05,0.0176,2.840909090909091,2.840909090909091,False
68,tags,wartime,1,20,0.05,0.0192,2.604166666666667,2.604166666666667,False
68,tags,based on true story,1,20,0.05,0.01984,2.520161290322581,2.520161290322581,False
68,tags,narrated,1,20,0.05,0.0208,2.403846153846154,2.403846153846154,False
68,tags,true story,1,20,0.05,0.0208,2.403846153846154,2.403846153846154,False
68,tags,based on a play,1,20,0.05,0.0208,2.403846153846154,2.403846153846154,False
68,tags,great acting,4,20,0.2,0.08448,2.3674242424242427,2.3674242424242427,False
68,genres,Comedy,15,20,0.75,0.32224,2.327457795431976,2.327457795431976,False
68,tags,great movie,2,20,0.1,0.04352,2.297794117647059,2.297794117647059,False
68,tags,fantasy,1,20,0.05,0.02176,2.297794117647059,2.297794117647059,False
68,tags,high school,1,20,0.05,0.0224,2.232142857142857,2.232142857142857,False
68,tags,small town,1,20,0.05,0.02368,2.111486486486487,2.111486486486487,False
68,tags,greed,1,20,0.05,0.02464,2.0292207792207795,2.0292207792207795,False
68,tags,family,2,20,0.1,0.05152,1.9409937888198758,1.9409937888198758,False
68,tags,big budget,1,20,0.05,0.02592,1.9290123456790125,1.9290123456790125,False
68,tags,oscar (best actress),2,20,0.1,0.05504,1.8168604651162792,1.8168604651162792,False
68,tags,music,1,20,0.05,0.02752,1.8168604651162792,1.8168604651162792,False
68,tags,oscar (best cinematography),1,20,0.05,0.02816,1.7755681818181819,1.7755681818181819,False
68,tags,story,1,20,0.05,0.02848,1.75561797752809,1.75561797752809,False
68,tags,unlikely friendships,1,20,0.05,0.02976,1.6801075268817205,1.6801075268817205,False
68,tags,childhood,1,20,0.05,0.0304,1.6447368421052633,1.6447368421052633,False
68,tags,children,1,20,0.05,0.03104,1.6108247422680413,1.6108247422680413,False
68,tags,comedy,3,20,0.15,0.11168,1.3431232091690544,1.3431232091690544,False
68,tags,based on book,1,20,0.05,0.03872,1.2913223140495869,1.2913223140495869,False
68,genres,War,1,20,0.05,0.0432,1.1574074074074074,1.1574074074074074,False
68,tags,funny,1,20,0.05,0.04832,1.03476821192053,1.03476821192053,False
68,genres,Drama,8,20,0.4,0.39584,1.0105092966855296,1.0105092966855296,False
68,tags,chase,1,20,0.05,0.0528,0.946969696969697,0.946969696969697,False
68,tags,special effects,1,20,0.05,0.05408,0.9245562130177515,0.9245562130177515,False
68,tags,suspense,1,20,0.05,0.05568,0.8979885057471265,0.8979885057471265,False
68,tags,dramatic,1,20,0.05,0.06464,0.7735148514851485,0.7735148514851485,False
68,tags,imdb top 250,1,20,0.05,0.09824,0.508957654723127,0.508957654723127,False
68,genres,Thriller,1,20,0.05,0.14016,0.3567351598173516,0.3567351598173516,False
68,tags,original,1,20,0.05,0.25024,0.19980818414322252,0.19980818414322252,False
69,tags,shopping,3,20,0.15,0.00096,156.25,156.25,True
69,tags,good romantic comedies,9,20,0.45,0.00704,63.92045454545455,63.92045454545455,True
69,tags,sappy,1,20,0.05,0.00096,52.083333333333336,52.083333333333336,False
69,tags,wedding,2,20,0.1,0.00224,44.642857142857146,44.642857142857146,True
69,tags,spelling bee,1,20,0.05,0.00128,39.0625,39.0625,False
69,tags,girlie movie,16,20,0.8,0.02272,35.2112676056338,35.2112676056338,False
69,tags,very good,1,20,0.05,0.0016,31.25,31.25,False
69,tags,family bonds,1,20,0.05,0.0016,31.25,31.25,False
69,tags,happy ending,9,20,0.45,0.016,28.125,28.125,False
69,tags,chick flick,16,20,0.8,0.03136,25.510204081632654,25.510204081632654,False
69,tags,feel good movie,7,20,0.35,0.0144,24.305555555555554,24.305555555555554,False
69,tags,internet,1,20,0.05,0.00224,22.321428571428573,22.321428571428573,False
69,tags,ghosts/afterlife,1,20,0.05,0.00224,22.321428571428573,22.321428571428573,False
69,tags,sweet,8,20,0.4,0.01856,21.551724137931036,21.551724137931036,False
69,tags,feel-good,12,20,0.6,0.02784,21.551724137931032,21.551724137931032,False
69,tags,romantic comedy,14,20,0.7,0.03424,20.44392523364486,20.44392523364486,False
69,tags,cute!,2,20,0.1,0.00512,19.53125,19.53125,False
69,tags,afterlife,1,20,0.05,0.00256,19.53125,19.53125,False
69,tags,catastrophe,1,20,0.05,0.00256,19.53125,19.53125,False
69,tags,romance,15,20,0.75,0.03904,19.211065573770494,19.211065573770494,False
69,tags,destiny,9,20,0.45,0.024,18.75,18.75,False
69,tags,cute,3,20,0.15,0.00864,17.36111111111111,17.36111111111111,False
69,tags,classical music,1,20,0.05,0.00288,17.36111111111111,17.36111111111111,False
69,tags,oscar winner,5,20,0.25,0.01568,15.943877551020408,15.943877551020408,False
69,tags,inspirational,2,20,0.1,0.0064,15.625,15.625,False
69,tags,sentimental,5,20,0.25,0.01664,15.024038461538463,15.024038461538463,False
69,tags,predictable,2,20,0.1,0.00672,14.880952380952381,14.880952380952381,False
69,tags,tear jerker,2,20,0.1,0.00704,14.204545454545455,14.204545454545455,False
69,tags,baseball,1,20,0.05,0.00352,14.204545454545455,14.204545454545455,False
69,tags,romantic,15,20,0.75,0.05568,13.469827586206897,13.469827586206897,False
69,tags,football,1,20,0.05,0.00384,13.020833333333334,13.020833333333334,False
69,tags,teacher,1,20,0.05,0.00384,13.020833333333334,13.020833333333334,False
69,tags,divorce,1,20,0.05,0.00416,12.019230769230772,12.019230769230772,False
69,tags,love story,15,20,0.75,0.06368,11.777638190954773,11.777638190954773,False
69,tags,prostitution,1,20,0.05,0.00448,11.160714285714286,11.160714285714286,False
69,tags,life,1,20,0.05,0.00448,11.160714285714286,11.160714285714286,False
69,tags,earnest,1,20,0.05,0.0048,10.416666666666668,10.416666666666668,False
69,tags,single father,1,20,0.05,0.0048,10.416666666666668,10.416666666666668,False
69,tags,fairy tales,1,20,0.05,0.0048,10.416666666666668,10.416666666666668,False
69,tags,inspiring,1,20,0.05,0.0048,10.416666666666668,10.416666666666668,False
69,tags,women,3,20,0.15,0.01568,9.566326530612244,9.566326530612244,False
69,tags,disability,1,20,0.05,0.00544,9.191176470588236,9.191176470588236,False
69,tags,rags to riches,1,20,0.05,0.00576,8.680555555555555,8.680555555555555,False
69,tags,london,1,20,0.05,0.00576,8.680555555555555,8.680555555555555,False
69,tags,president,1,20,0.05,0.00576,8.680555555555555,8.680555555555555,False
69,tags,heartwarming,2,20,0.1,0.01184,8.445945945945947,8.445945945945947,False
69,tags,nostalgic,2,20,0.1,0.01216,8.223684210526315,8.223684210526315,False
69,tags,cross dressing,1,20,0.05,0.00608,8.223684210526315,8.223684210526315,False
69,tags,fighting the system,1,20,0.05,0.0064,7.8125,7.8125,False
69,tags,oscar,4,20,0.2,0.0272,7.352941176470589,7.352941176470589,False
69,tags,british,2,20,0.1,0.01408,7.1022727272727275,7.1022727272727275,False
69,tags,pg-13,1,20,0.05,0.00704,7.1022727272727275,7.1022727272727275,False
69,tags,shakespeare,1,20,0.05,0.00704,7.1022727272727275,7.1022727272727275,False
69,tags,love,5,20,0.25,0.03616,6.913716814159293,6.913716814159293,False
69,tags,good,5,20,0.25,0.0368,6.793478260869565,6.793478260869565,False
69,tags,fairy tale,2,20,0.1,0.01504,6.6489361702127665,6.6489361702127665,False
69,genres,Romance,16,20,0.8,0.13312,6.009615384615386,6.009615384615386,False
69,tags,drama,8,20,0.4,0.06656,6.009615384615386,6.009615384615386,False
69,tags,world politics,1,20,0.05,0.00832,6.009615384615386,6.009615384615386,False
69,tags,sports,2,20,0.1,0.01792,5.580357142857143,5.580357142857143,False
69,tags,ghosts,1,20,0.05,0.00896,5.580357142857143,5.580357142857143,False
69,tags,literature,1,20,0.05,0.00896,5.580357142857143,5.580357142857143,False
69,tags,oscar (best supporting actress),2,20,0.1,0.01856,5.387931034482759,5.387931034482759,False
69,tags,natural disaster,1,20,0.05,0.00928,5.387931034482759,5.387931034482759,False
69,tags,remake,1,20,0.05,0.00928,5.387931034482759,5.387931034482759,False
69,tags,touching,3,20,0.15,0.02816,5.326704545454545,5.326704545454545,False
69,tags,bittersweet,2,20,0.1,0.01888,5.296610169491525,5.296610169491525,False
69,tags,dog,1,20,0.05,0.0096,5.208333333333334,5.208333333333334,False
69,tags,courtroom,1,20,0.05,0.00992,5.040322580645162,5.040322580645162,False
69,tags,costume drama,1,20,0.05,0.01024,4.8828125,4.8828125,False
69,tags,passionate,1,20,0.05,0.01024,4.8828125,4.8828125,False
69,tags,artistic,1,20,0.05,0.01056,4.734848484848485,4.734848484848485,False
69,tags,relationships,5,20,0.25,0.05376,4.650297619047619,4.650297619047619,False
69,tags,oscar (best picture),3,20,0.15,0.03296,4.550970873786407,4.550970873786407,False
69,tags,magic,1,20,0.05,0.0112,4.464285714285714,4.464285714285714,False
69,tags,epic,1,20,0.05,0.0112,4.464285714285714,4.464285714285714,False
69,tags,witty,1,20,0.05,0.0112,4.464285714285714,4.464285714285714,False
69,tags,historical,2,20,0.1,0.02272,4.401408450704225,4.401408450704225,False
69,tags,us history,1,20,0.05,0.01152,4.340277777777778,4.340277777777778,False
69,tags,england,1,20,0.05,0.01152,4.340277777777778,4.340277777777778,False
69,tags,based on a true story,1,20,0.05,0.01184,4.222972972972974,4.222972972972974,False
69,tags,lawyers,1,20,0.05,0.01216,4.1118421052631575,4.1118421052631575,False
69,tags,death,1,20,0.05,0.01248,4.006410256410256,4.006410256410256,False
69,tags,good music,1,20,0.05,0.01248,4.006410256410256,4.006410256410256,False
69,tags,quotable,2,20,0.1,0.02688,3.7202380952380953,3.7202380952380953,False
69,tags,excellent script,3,20,0.15,0.04128,3.6337209302325584,3.6337209302325584,False
69,tags,beautiful scenery,1,20,0.05,0.01408,3.5511363636363638,3.5511363636363638,False
69,tags,musicians,1,20,0.05,0.0144,3.4722222222222223,3.4722222222222223,False
69,tags,oscar (best directing),5,20,0.25,0.07264,3.441629955947137,3.441629955947137,False
69,tags,politics,1,20,0.05,0.01472,3.3967391304347827,3.3967391304347827,False
69,tags,lawyer,1,20,0.05,0.01504,3.3244680851063833,3.3244680851063833,False
69,tags,period piece,1,20,0.05,0.01536,3.2552083333333335,3.2552083333333335,False
69,tags,gay character,1,20,0.05,0.01568,3.188775510204082,3.188775510204082,False
69,tags,political,1,20,0.05,0.01568,3.188775510204082,3.188775510204082,False
69,tags,rock and roll,1,20,0.05,0.016,3.125,3.125,False
69,tags,biographical,1,20,0.05,0.01664,3.004807692307693,3.004807692307693,False
69,tags,world war ii,1,20,0.05,0.01696,2.94811320754717,2.94811320754717,False
69,tags,history,1,20,0.05,0.01728,2.8935185185185186,2.8935185185185186,False
69,tags,supernatural,1,20,0.05,0.01728,2.8935185185185186,2.8935185185185186,False
69,tags,life & death,1,20,0.05,0.0176,2.840909090909091,2.840909090909091,False
69,tags,mentor,4,20,0.2,0.07168,2.7901785714285716,2.7901785714285716,False
69,tags,wartime,1,20,0.05,0.0192,2.604166666666667,2.604166666666667,False
69,tags,based on true story,1,20,0.05,0.01984,2.520161290322581,2.520161290322581,False
69,tags,gay,1,20,0.05,0.0208,2.403846153846154,2.403846153846154,False
69,tags,narrated,1,20,0.05,0.0208,2.403846153846154,2.403846153846154,False
69,tags,true story,1,20,0.05,0.0208,2.403846153846154,2.403846153846154,False
69,tags,based on a play,1,20,0.05,0.0208,2.403846153846154,2.403846153846154,False
69,tags,great acting,4,20,0.2,0.08448,2.3674242424242427,2.3674242424242427,False
69,genres,Comedy,15,20,0.75,0.32224,2.327457795431976,2.327457795431976,False
69,tags,fantasy,1,20,0.05,0.02176,2.297794117647059,2.297794117647059,False
69,tags,high school,1,20,0.05,0.0224,2.232142857142857,2.232142857142857,False
69,tags,oscar (best actor),1,20,0.05,0.02304,2.170138888888889,2.170138888888889,False
69,tags,small town,1,20,0.05,0.02368,2.111486486486487,2.111486486486487,False
69,tags,greed,1,20,0.05,0.02464,2.0292207792207795,2.0292207792207795,False
69,tags,family,2,20,0.1,0.05152,1.9409937888198758,1.9409937888198758,False
69,tags,big budget,1,20,0.05,0.02592,1.9290123456790125,1.9290123456790125,False
69,tags,oscar (best actress),2,20,0.1,0.05504,1.8168604651162792,1.8168604651162792,False
69,tags,music,1,20,0.05,0.02752,1.8168604651162792,1.8168604651162792,False
69,tags,oscar (best supporting actor),1,20,0.05,0.02784,1.795977011494253,1.795977011494253,False
69,tags,oscar (best cinematography),1,20,0.05,0.02816,1.7755681818181819,1.7755681818181819,False
69,tags,story,1,20,0.05,0.02848,1.75561797752809,1.75561797752809,False
69,tags,unlikely friendships,1,20,0.05,0.02976,1.6801075268817205,1.6801075268817205,False
69,tags,childhood,1,20,0.05,0.0304,1.6447368421052633,1.6447368421052633,False
69,tags,children,1,20,0.05,0.03104,1.6108247422680413,1.6108247422680413,False
69,tags,based on book,1,20,0.05,0.03872,1.2913223140495869,1.2913223140495869,False
69,genres,War,1,20,0.05,0.0432,1.1574074074074074,1.1574074074074074,False
69,tags,great movie,1,20,0.05,0.04352,1.1488970588235294,1.1488970588235294,False
69,tags,funny,1,20,0.05,0.04832,1.03476821192053,1.03476821192053,False
69,tags,chase,1,20,0.05,0.0528,0.946969696969697,0.946969696969697,False
69,tags,special effects,1,20,0.05,0.05408,0.9245562130177515,0.9245562130177515,False
69,tags,suspense,1,20,0.05,0.05568,0.8979885057471265,0.8979885057471265,False
69,tags,comedy,2,20,0.1,0.11168,0.8954154727793696,0.8954154727793696,False
69,genres,Drama,7,20,0.35,0.39584,0.8841956345998382,0.8841956345998382,False
69,tags,dramatic,1,20,0.05,0.06464,0.7735148514851485,0.7735148514851485,False
69,tags,imdb top 250,1,20,0.05,0.09824,0.508957654723127,0.508957654723127,False
69,genres,Thriller,1,20,0.05,0.14016,0.3567351598173516,0.3567351598173516,False
69,tags,original,1,20,0.05,0.25024,0.19980818414322252,0.19980818414322252,False
70,tags,shopping,3,20,0.15,0.00096,156.25,156.25,True
70,tags,good romantic comedies,9,20,0.45,0.00704,63.92045454545455,63.92045454545455,True
70,tags,sappy,1,20,0.05,0.00096,52.083333333333336,52.083333333333336,False
70,tags,wedding,2,20,0.1,0.00224,44.642857142857146,44.642857142857146,True
70,tags,spelling bee,1,20,0.05,0.00128,39.0625,39.0625,False
70,tags,girlie movie,15,20,0.75,0.02272,33.01056338028169,33.01056338028169,False
70,tags,very good,1,20,0.05,0.0016,31.25,31.25,False
70,tags,family bonds,1,20,0.05,0.0016,31.25,31.25,False
70,tags,happy ending,9,20,0.45,0.016,28.125,28.125,False
70,tags,feel good movie,8,20,0.4,0.0144,27.77777777777778,27.77777777777778,False
70,tags,chick flick,15,20,0.75,0.03136,23.915816326530614,23.915816326530614,False
70,tags,feel-good,13,20,0.65,0.02784,23.347701149425287,23.347701149425287,False
70,tags,internet,1,20,0.05,0.00224,22.321428571428573,22.321428571428573,False
70,tags,ghosts/afterlife,1,20,0.05,0.00224,22.321428571428573,22.321428571428573,False
70,tags,writer's life,1,20,0.05,0.00224,22.321428571428573,22.321428571428573,False
70,tags,sweet,8,20,0.4,0.01856,21.551724137931036,21.551724137931036,False
70,tags,romantic comedy,14,20,0.7,0.03424,20.44392523364486,20.44392523364486,False
70,tags,cute!,2,20,0.1,0.00512,19.53125,19.53125,False
70,tags,afterlife,1,20,0.05,0.00256,19.53125,19.53125,False
70,tags,catastrophe,1,20,0.05,0.00256,19.53125,19.53125,False
70,tags,romance,15,20,0.75,0.03904,19.211065573770494,19.211065573770494,False
70,tags,destiny,9,20,0.45,0.024,18.75,18.75,False
70,tags,cute,3,20,0.15,0.00864,17.36111111111111,17.36111111111111,False
70,tags,classical music,1,20,0.05,0.00288,17.36111111111111,17.36111111111111,False
70,tags,oscar winner,5,20,0.25,0.01568,15.943877551020408,15.943877551020408,False
70,tags,inspirational,2,20,0.1,0.0064,15.625,15.625,False
70,tags,sentimental,5,20,0.25,0.01664,15.024038461538463,15.024038461538463,False
70,tags,predictable,2,20,0.1,0.00672,14.880952380952381,14.880952380952381,False
70,tags,tear jerker,2,20,0.1,0.00704,14.204545454545455,14.204545454545455,False
70,tags,baseball,1,20,0.05,0.00352,14.204545454545455,14.204545454545455,False
70,tags,romantic,15,20,0.75,0.05568,13.469827586206897,13.469827586206897,False
70,tags,football,1,20,0.05,0.00384,13.020833333333334,13.020833333333334,False
70,tags,teacher,1,20,0.05,0.00384,13.020833333333334,13.020833333333334,False
70,tags,divorce,1,20,0.05,0.00416,12.019230769230772,12.019230769230772,False
70,tags,love story,15,20,0.75,0.06368,11.777638190954773,11.777638190954773,False
70,tags,prostitution,1,20,0.05,0.00448,11.160714285714286,11.160714285714286,False
70,tags,life,1,20,0.05,0.00448,11.160714285714286,11.160714285714286,False
70,tags,earnest,1,20,0.05,0.0048,10.416666666666668,10.416666666666668,False
70,tags,single father,1,20,0.05,0.0048,10.416666666666668,10.416666666666668,False
70,tags,fairy tales,1,20,0.05,0.0048,10.416666666666668,10.416666666666668,False
70,tags,inspiring,1,20,0.05,0.0048,10.416666666666668,10.416666666666668,False
70,tags,women,3,20,0.15,0.01568,9.566326530612244,9.566326530612244,False
70,tags,disability,1,20,0.05,0.00544,9.191176470588236,9.191176470588236,False
70,tags,rags to riches,1,20,0.05,0.00576,8.680555555555555,8.680555555555555,False
70,tags,london,1,20,0.05,0.00576,8.680555555555555,8.680555555555555,False
70,tags,president,1,20,0.05,0.00576,8.680555555555555,8.680555555555555,False
70,tags,heartwarming,2,20,0.1,0.01184,8.445945945945947,8.445945945945947,False
70,tags,nostalgic,2,20,0.1,0.01216,8.223684210526315,8.223684210526315,False
70,tags,cross dressing,1,20,0.05,0.00608,8.223684210526315,8.223684210526315,False
70,tags,good,6,20,0.3,0.0368,8.152173913043478,8.152173913043478,False
70,tags,fighting the system,1,20,0.05,0.0064,7.8125,7.8125,False
70,tags,oscar,4,20,0.2,0.0272,7.352941176470589,7.352941176470589,False
70,tags,pg-13,1,20,0.05,0.00704,7.1022727272727275,7.1022727272727275,False
70,tags,love,5,20,0.25,0.03616,6.913716814159293,6.913716814159293,False
70,tags,fairy tale,2,20,0.1,0.01504,6.6489361702127665,6.6489361702127665,False
70,tags,gay character,2,20,0.1,0.01568,6.377551020408164,6.377551020408164,False
70,tags,drama,8,20,0.4,0.06656,6.009615384615386,6.009615384615386,False
70,tags,world politics,1,20,0.05,0.00832,6.009615384615386,6.009615384615386,False
70,genres,Romance,15,20,0.75,0.13312,5.634014423076923,5.634014423076923,False
70,tags,sports,2,20,0.1,0.01792,5.580357142857143,5.580357142857143,False
70,tags,ghosts,1,20,0.05,0.00896,5.580357142857143,5.580357142857143,False
70,tags,relationships,6,20,0.3,0.05376,5.580357142857142,5.580357142857142,False
70,tags,oscar (best supporting actress),2,20,0.1,0.01856,5.387931034482759,5.387931034482759,False
70,tags,natural disaster,1,20,0.05,0.00928,5.387931034482759,5.387931034482759,False
70,tags,remake,1,20,0.05,0.00928,5.387931034482759,5.387931034482759,False
70,tags,touching,3,20,0.15,0.02816,5.326704545454545,5.326704545454545,False
70,tags,bittersweet,2,20,0.1,0.01888,5.296610169491525,5.296610169491525,False
70,tags,dog,1,20,0.05,0.0096,5.208333333333334,5.208333333333334,False
70,tags,courtroom,1,20,0.05,0.00992,5.040322580645162,5.040322580645162,False
70,tags,gay,2,20,0.1,0.0208,4.807692307692308,4.807692307692308,False
70,tags,artistic,1,20,0.05,0.01056,4.734848484848485,4.734848484848485,False
70,tags,oscar (best picture),3,20,0.15,0.03296,4.550970873786407,4.550970873786407,False
70,tags,magic,1,20,0.05,0.0112,4.464285714285714,4.464285714285714,False
70,tags,epic,1,20,0.05,0.0112,4.464285714285714,4.464285714285714,False
70,tags,good acting,1,20,0.05,0.0112,4.464285714285714,4.464285714285714,False
70,tags,historical,2,20,0.1,0.02272,4.401408450704225,4.401408450704225,False
70,tags,oscar (best actor),2,20,0.1,0.02304,4.340277777777778,4.340277777777778,False
70,tags,us history,1,20,0.05,0.01152,4.340277777777778,4.340277777777778,False
70,tags,based on a true story,1,20,0.05,0.01184,4.222972972972974,4.222972972972974,False
70,tags,lawyers,1,20,0.05,0.01216,4.1118421052631575,4.1118421052631575,False
70,tags,death,1,20,0.05,0.01248,4.006410256410256,4.006410256410256,False
70,tags,good music,1,20,0.05,0.01248,4.006410256410256,4.006410256410256,False
70,tags,quotable,2,20,0.1,0.02688,3.7202380952380953,3.7202380952380953,False
70,tags,excellent script,3,20,0.15,0.04128,3.6337209302325584,3.6337209302325584,False
70,tags,oscar (best supporting actor),2,20,0.1,0.02784,3.591954022988506,3.591954022988506,False
70,tags,british,1,20,0.05,0.01408,3.5511363636363638,3.5511363636363638,False
70,tags,beautiful scenery,1,20,0.05,0.01408,3.5511363636363638,3.5511363636363638,False
70,tags,mentor,5,20,0.25,0.07168,3.4877232142857144,3.4877232142857144,False
70,tags,musicians,1,20,0.05,0.0144,3.4722222222222223,3.4722222222222223,False
70,tags,oscar (best directing),5,20,0.25,0.07264,3.441629955947137,3.441629955947137,False
70,tags,politics,1,20,0.05,0.01472,3.3967391304347827,3.3967391304347827,False
70,tags,lawyer,1,20,0.05,0.01504,3.3244680851063833,3.3244680851063833,False
70,tags,political,1,20,0.05,0.01568,3.188775510204082,3.188775510204082,False
70,tags,rock and roll,1,20,0.05,0.016,3.125,3.125,False
70,tags,biographical,1,20,0.05,0.01664,3.004807692307693,3.004807692307693,False
70,tags,world war ii,1,20,0.05,0.01696,2.94811320754717,2.94811320754717,False
70,tags,supernatural,1,20,0.05,0.01728,2.8935185185185186,2.8935185185185186,False
70,tags,history,1,20,0.05,0.01728,2.8935185185185186,2.8935185185185186,False
70,tags,life & death,1,20,0.05,0.0176,2.840909090909091,2.840909090909091,False
70,tags,wartime,1,20,0.05,0.0192,2.604166666666667,2.604166666666667,False
70,tags,based on true story,1,20,0.05,0.01984,2.520161290322581,2.520161290322581,False
70,tags,narrated,1,20,0.05,0.0208,2.403846153846154,2.403846153846154,False
70,tags,true story,1,20,0.05,0.0208,2.403846153846154,2.403846153846154,False
70,tags,based on a play,1,20,0.05,0.0208,2.403846153846154,2.403846153846154,False
70,tags,great acting,4,20,0.2,0.08448,2.3674242424242427,2.3674242424242427,False
70,genres,Comedy,15,20,0.75,0.32224,2.327457795431976,2.327457795431976,False
70,tags,great movie,2,20,0.1,0.04352,2.297794117647059,2.297794117647059,False
70,tags,fantasy,1,20,0.05,0.02176,2.297794117647059,2.297794117647059,False
70,tags,high school,1,20,0.05,0.0224,2.232142857142857,2.232142857142857,False
70,tags,small town,1,20,0.05,0.02368,2.111486486486487,2.111486486486487,False
70,tags,greed,1,20,0.05,0.02464,2.0292207792207795,2.0292207792207795,False
70,tags,family,2,20,0.1,0.05152,1.9409937888198758,1.9409937888198758,False
70,tags,big budget,1,20,0.05,0.02592,1.9290123456790125,1.9290123456790125,False
70,tags,oscar (best actress),2,20,0.1,0.05504,1.8168604651162792,1.8168604651162792,False
70,tags,music,1,20,0.05,0.02752,1.8168604651162792,1.8168604651162792,False
70,tags,oscar (best cinematography),1,20,0.05,0.02816,1.7755681818181819,1.7755681818181819,False
70,tags,story,1,20,0.05,0.02848,1.75561797752809,1.75561797752809,False
70,tags,unlikely friendships,1,20,0.05,0.02976,1.6801075268817205,1.6801075268817205,False
70,tags,childhood,1,20,0.05,0.0304,1.6447368421052633,1.6447368421052633,False
70,tags,children,1,20,0.05,0.03104,1.6108247422680413,1.6108247422680413,False
70,tags,comedy,3,20,0.15,0.11168,1.3431232091690544,1.3431232091690544,False
70,tags,based on book,1,20,0.05,0.03872,1.2913223140495869,1.2913223140495869,False
70,genres,War,1,20,0.05,0.0432,1.1574074074074074,1.1574074074074074,False
70,tags,funny,1,20,0.05,0.04832,1.03476821192053,1.03476821192053,False
70,genres,Drama,8,20,0.4,0.39584,1.0105092966855296,1.0105092966855296,False
70,tags,chase,1,20,0.05,0.0528,0.946969696969697,0.946969696969697,False
70,tags,special effects,1,20,0.05,0.05408,0.9245562130177515,0.9245562130177515,False
70,tags,suspense,1,20,0.05,0.05568,0.8979885057471265,0.8979885057471265,False
70,tags,dramatic,1,20,0.05,0.06464,0.7735148514851485,0.7735148514851485,False
70,tags,imdb top 250,1,20,0.05,0.09824,0.508957654723127,0.508957654723127,False
70,genres,Thriller,1,20,0.05,0.14016,0.3567351598173516,0.3567351598173516,False
70,tags,original,1,20,0.05,0.25024,0.19980818414322252,0.19980818414322252,False
71,tags,shopping,3,20,0.15,0.00096,156.25,156.25,True
71,tags,good romantic comedies,9,20,0.45,0.00704,63.92045454545455,63.92045454545455,True
71,tags,sappy,1,20,0.05,0.00096,52.083333333333336,52.083333333333336,False
71,tags,wedding,2,20,0.1,0.00224,44.642857142857146,44.642857142857146,True
71,tags,spelling bee,1,20,0.05,0.00128,39.0625,39.0625,False
71,tags,girlie movie,15,20,0.75,0.02272,33.01056338028169,33.01056338028169,False
71,tags,very good,1,20,0.05,0.0016,31.25,31.25,False
71,tags,family bonds,1,20,0.05,0.0016,31.25,31.25,False
71,tags,happy ending,9,20,0.45,0.016,28.125,28.125,False
71,tags,feel good movie,8,20,0.4,0.0144,27.77777777777778,27.77777777777778,False
71,tags,chick flick,15,20,0.75,0.03136,23.915816326530614,23.915816326530614,False
71,tags,feel-good,13,20,0.65,0.02784,23.347701149425287,23.347701149425287,False
71,tags,internet,1,20,0.05,0.00224,22.321428571428573,22.321428571428573,False
71,tags,ghosts/afterlife,1,20,0.05,0.00224,22.321428571428573,22.321428571428573,False
71,tags,writer's life,1,20,0.05,0.00224,22.321428571428573,22.321428571428573,False
71,tags,sweet,8,20,0.4,0.01856,21.551724137931036,21.551724137931036,False
71,tags,romantic comedy,14,20,0.7,0.03424,20.44392523364486,20.44392523364486,False
71,tags,cute!,2,20,0.1,0.00512,19.53125,19.53125,False
71,tags,afterlife,1,20,0.05,0.00256,19.53125,19.53125,False
71,tags,catastrophe,1,20,0.05,0.00256,19.53125,19.53125,False
71,tags,romance,15,20,0.75,0.03904,19.211065573770494,19.211065573770494,False
71,tags,destiny,9,20,0.45,0.024,18.75,18.75,False
71,tags,cute,3,20,0.15,0.00864,17.36111111111111,17.36111111111111,False
71,tags,classical music,1,20,0.05,0.00288,17.36111111111111,17.36111111111111,False
71,tags,oscar winner,5,20,0.25,0.01568,15.943877551020408,15.943877551020408,False
71,tags,inspirational,2,20,0.1,0.0064,15.625,15.625,False
71,tags,sentimental,5,20,0.25,0.01664,15.024038461538463,15.024038461538463,False
71,tags,predictable,2,20,0.1,0.00672,14.880952380952381,14.880952380952381,False
71,tags,tear jerker,2,20,0.1,0.00704,14.204545454545455,14.204545454545455,False
71,tags,baseball,1,20,0.05,0.00352,14.204545454545455,14.204545454545455,False
71,tags,romantic,15,20,0.75,0.05568,13.469827586206897,13.469827586206897,False
71,tags,football,1,20,0.05,0.00384,13.020833333333334,13.020833333333334,False
71,tags,teacher,1,20,0.05,0.00384,13.020833333333334,13.020833333333334,False
71,tags,divorce,1,20,0.05,0.00416,12.019230769230772,12.019230769230772,False
71,tags,love story,15,20,0.75,0.06368,11.777638190954773,11.777638190954773,False
71,tags,prostitution,1,20,0.05,0.00448,11.160714285714286,11.160714285714286,False
71,tags,life,1,20,0.05,0.00448,11.160714285714286,11.160714285714286,False
71,tags,earnest,1,20,0.05,0.0048,10.416666666666668,10.416666666666668,False
71,tags,single father,1,20,0.05,0.0048,10.416666666666668,10.416666666666668,False
71,tags,fairy tales,1,20,0.05,0.0048,10.416666666666668,10.416666666666668,False
71,tags,inspiring,1,20,0.05,0.0048,10.416666666666668,10.416666666666668,False
71,tags,women,3,20,0.15,0.01568,9.566326530612244,9.566326530612244,False
71,tags,disability,1,20,0.05,0.00544,9.191176470588236,9.191176470588236,False
71,tags,rags to riches,1,20,0.05,0.00576,8.680555555555555,8.680555555555555,False
71,tags,london,1,20,0.05,0.00576,8.680555555555555,8.680555555555555,False
71,tags,president,1,20,0.05,0.00576,8.680555555555555,8.680555555555555,False
71,tags,heartwarming,2,20,0.1,0.01184,8.445945945945947,8.445945945945947,False
71,tags,nostalgic,2,20,0.1,0.01216,8.223684210526315,8.223684210526315,False
71,tags,cross dressing,1,20,0.05,0.00608,8.223684210526315,8.223684210526315,False
71,tags,good,6,20,0.3,0.0368,8.152173913043478,8.152173913043478,False
71,tags,fighting the system,1,20,0.05,0.0064,7.8125,7.8125,False
71,tags,oscar,4,20,0.2,0.0272,7.352941176470589,7.352941176470589,False
71,tags,pg-13,1,20,0.05,0.00704,7.1022727272727275,7.1022727272727275,False
71,tags,love,5,20,0.25,0.03616,6.913716814159293,6.913716814159293,False
71,tags,fairy tale,2,20,0.1,0.01504,6.6489361702127665,6.6489361702127665,False
71,tags,gay character,2,20,0.1,0.01568,6.377551020408164,6.377551020408164,False
71,tags,drama,8,20,0.4,0.06656,6.009615384615386,6.009615384615386,False
71,tags,world politics,1,20,0.05,0.00832,6.009615384615386,6.009615384615386,False
71,genres,Romance,15,20,0.75,0.13312,5.634014423076923,5.634014423076923,False
71,tags,sports,2,20,0.1,0.01792,5.580357142857143,5.580357142857143,False
71,tags,ghosts,1,20,0.05,0.00896,5.580357142857143,5.580357142857143,False
71,tags,relationships,6,20,0.3,0.05376,5.580357142857142,5.580357142857142,False
71,tags,oscar (best supporting actress),2,20,0.1,0.01856,5.387931034482759,5.387931034482759,False
71,tags,natural disaster,1,20,0.05,0.00928,5.387931034482759,5.387931034482759,False
71,tags,remake,1,20,0.05,0.00928,5.387931034482759,5.387931034482759,False
71,tags,touching,3,20,0.15,0.02816,5.326704545454545,5.326704545454545,False
71,tags,bittersweet,2,20,0.1,0.01888,5.296610169491525,5.296610169491525,False
71,tags,dog,1,20,0.05,0.0096,5.208333333333334,5.208333333333334,False
71,tags,courtroom,1,20,0.05,0.00992,5.040322580645162,5.040322580645162,False
71,tags,gay,2,20,0.1,0.0208,4.807692307692308,4.807692307692308,False
71,tags,artistic,1,20,0.05,0.01056,4.734848484848485,4.734848484848485,False
71,tags,oscar (best picture),3,20,0.15,0.03296,4.550970873786407,4.550970873786407,False
71,tags,magic,1,20,0.05,0.0112,4.464285714285714,4.464285714285714,False
71,tags,epic,1,20,0.05,0.0112,4.464285714285714,4.464285714285714,False
71,tags,good acting,1,20,0.05,0.0112,4.464285714285714,4.464285714285714,False
71,tags,historical,2,20,0.1,0.02272,4.401408450704225,4.401408450704225,False
71,tags,oscar (best actor),2,20,0.1,0.02304,4.340277777777778,4.340277777777778,False
71,tags,us history,1,20,0.05,0.01152,4.340277777777778,4.340277777777778,False
71,tags,based on a true story,1,20,0.05,0.01184,4.222972972972974,4.222972972972974,False
71,tags,lawyers,1,20,0.05,0.01216,4.1118421052631575,4.1118421052631575,False
71,tags,death,1,20,0.05,0.01248,4.006410256410256,4.006410256410256,False
71,tags,good music,1,20,0.05,0.01248,4.006410256410256,4.006410256410256,False
71,tags,quotable,2,20,0.1,0.02688,3.7202380952380953,3.7202380952380953,False
71,tags,excellent script,3,20,0.15,0.04128,3.6337209302325584,3.6337209302325584,False
71,tags,oscar (best supporting actor),2,20,0.1,0.02784,3.591954022988506,3.591954022988506,False
71,tags,british,1,20,0.05,0.01408,3.5511363636363638,3.5511363636363638,False
71,tags,beautiful scenery,1,20,0.05,0.01408,3.5511363636363638,3.5511363636363638,False
71,tags,mentor,5,20,0.25,0.07168,3.4877232142857144,3.4877232142857144,False
71,tags,musicians,1,20,0.05,0.0144,3.4722222222222223,3.4722222222222223,False
71,tags,oscar (best directing),5,20,0.25,0.07264,3.441629955947137,3.441629955947137,False
71,tags,politics,1,20,0.05,0.01472,3.3967391304347827,3.3967391304347827,False
71,tags,lawyer,1,20,0.05,0.01504,3.3244680851063833,3.3244680851063833,False
71,tags,political,1,20,0.05,0.01568,3.188775510204082,3.188775510204082,False
71,tags,rock and roll,1,20,0.05,0.016,3.125,3.125,False
71,tags,biographical,1,20,0.05,0.01664,3.004807692307693,3.004807692307693,False
71,tags,world war ii,1,20,0.05,0.01696,2.94811320754717,2.94811320754717,False
71,tags,supernatural,1,20,0.05,0.01728,2.8935185185185186,2.8935185185185186,False
71,tags,history,1,20,0.05,0.01728,2.8935185185185186,2.8935185185185186,False
71,tags,life & death,1,20,0.05,0.0176,2.840909090909091,2.840909090909091,False
71,tags,wartime,1,20,0.05,0.0192,2.604166666666667,2.604166666666667,False
71,tags,based on true story,1,20,0.05,0.01984,2.520161290322581,2.520161290322581,False
71,tags,narrated,1,20,0.05,0.0208,2.403846153846154,2.403846153846154,False
71,tags,true story,1,20,0.05,0.0208,2.403846153846154,2.403846153846154,False
71,tags,based on a play,1,20,0.05,0.0208,2.403846153846154,2.403846153846154,False
71,tags,great acting,4,20,0.2,0.08448,2.3674242424242427,2.3674242424242427,False
71,genres,Comedy,15,20,0.75,0.32224,2.327457795431976,2.327457795431976,False
71,tags,great movie,2,20,0.1,0.04352,2.297794117647059,2.297794117647059,False
71,tags,fantasy,1,20,0.05,0.02176,2.297794117647059,2.297794117647059,False
71,tags,high school,1,20,0.05,0.0224,2.232142857142857,2.232142857142857,False
71,tags,small town,1,20,0.05,0.02368,2.111486486486487,2.111486486486487,False
71,tags,greed,1,20,0.05,0.02464,2.0292207792207795,2.0292207792207795,False
71,tags,family,2,20,0.1,0.05152,1.9409937888198758,1.9409937888198758,False
71,tags,big budget,1,20,0.05,0.02592,1.9290123456790125,1.9290123456790125,False
71,tags,oscar (best actress),2,20,0.1,0.05504,1.8168604651162792,1.8168604651162792,False
71,tags,music,1,20,0.05,0.02752,1.8168604651162792,1.8168604651162792,False
71,tags,oscar (best cinematography),1,20,0.05,0.02816,1.7755681818181819,1.7755681818181819,False
71,tags,story,1,20,0.05,0.02848,1.75561797752809,1.75561797752809,False
71,tags,unlikely friendships,1,20,0.05,0.02976,1.6801075268817205,1.6801075268817205,False
71,tags,childhood,1,20,0.05,0.0304,1.6447368421052633,1.6447368421052633,False
71,tags,children,1,20,0.05,0.03104,1.6108247422680413,1.6108247422680413,False
71,tags,comedy,3,20,0.15,0.11168,1.3431232091690544,1.3431232091690544,False
71,tags,based on book,1,20,0.05,0.03872,1.2913223140495869,1.2913223140495869,False
71,genres,War,1,20,0.05,0.0432,1.1574074074074074,1.1574074074074074,False
71,tags,funny,1,20,0.05,0.04832,1.03476821192053,1.03476821192053,False
71,genres,Drama,8,20,0.4,0.39584,1.0105092966855296,1.0105092966855296,False
71,tags,chase,1,20,0.05,0.0528,0.946969696969697,0.946969696969697,False
71,tags,special effects,1,20,0.05,0.05408,0.9245562130177515,0.9245562130177515,False
71,tags,suspense,1,20,0.05,0.05568,0.8979885057471265,0.8979885057471265,False
71,tags,dramatic,1,20,0.05,0.06464,0.7735148514851485,0.7735148514851485,False
71,tags,imdb top 250,1,20,0.05,0.09824,0.508957654723127,0.508957654723127,False
71,genres,Thriller,1,20,0.05,0.14016,0.3567351598173516,0.3567351598173516,False
71,tags,original,1,20,0.05,0.25024,0.19980818414322252,0.19980818414322252,False
72,tags,hannibal lecter,1,20,0.05,0.00032,156.25,156.25,False
72,tags,morality,1,20,0.05,0.00032,156.25,156.25,False
72,tags,suprisingly clever,3,20,0.15,0.00224,66.96428571428572,66.96428571428572,True
72,tags,oscar (best writing - screenplay written directly for the screen),3,20,0.15,0.00224,66.96428571428572,66.96428571428572,True
72,tags,good acting,15,20,0.75,0.0112,66.96428571428571,66.96428571428571,True
72,tags,nonlinear,2,20,0.1,0.0016,62.5,62.5,False
72,tags,complex characters,2,20,0.1,0.0016,62.5,62.5,False
72,tags,good dialogue,2,20,0.1,0.00192,52.083333333333336,52.083333333333336,False
72,tags,tarantino,2,20,0.1,0.00192,52.083333333333336,52.083333333333336,False
72,tags,minnesota,1,20,0.05,0.00096,52.083333333333336,52.083333333333336,False
72,tags,math,1,20,0.05,0.00096,52.083333333333336,52.083333333333336,False
72,tags,honest,1,20,0.05,0.00096,52.083333333333336,52.083333333333336,False
72,tags,guns,5,20,0.25,0.00512,48.82812499999999,48.82812499999999,False
72,tags,robbery,1,20,0.05,0.00128,39.0625,39.0625,False
72,tags,mathematics,1,20,0.05,0.00128,39.0625,39.0625,False
72,tags,money,1,20,0.05,0.00128,39.0625,39.0625,False
72,tags,interesting,17,20,0.85,0.02208,38.4963768115942,38.4963768115942,False
72,tags,foul language,4,20,0.2,0.00544,36.76470588235294,36.76470588235294,False
72,tags,crime gone awry,5,20,0.25,0.00704,35.51136363636363,35.51136363636363,False
72,tags,pulp,2,20,0.1,0.00288,34.72222222222222,34.72222222222222,False
72,tags,excellent,3,20,0.15,0.00448,33.48214285714286,33.48214285714286,False
72,tags,francis ford copolla,3,20,0.15,0.00448,33.48214285714286,33.48214285714286,False
72,tags,gratuitous violence,4,20,0.2,0.00608,32.89473684210526,32.89473684210526,False
72,tags,earnest,3,20,0.15,0.0048,31.25,31.25,False
72,tags,non-linear,2,20,0.1,0.0032,31.25,31.25,False
72,tags,entirely dialogue,1,20,0.05,0.0016,31.25,31.25,False
72,tags,plot,1,20,0.05,0.0016,31.25,31.25,False
72,tags,very good,1,20,0.05,0.0016,31.25,31.25,False
72,tags,genius,1,20,0.05,0.0016,31.25,31.25,False
72,tags,great dialogue,4,20,0.2,0.00672,29.761904761904763,29.761904761904763,False
72,tags,organized crime,8,20,0.4,0.0144,27.77777777777778,27.77777777777778,False
72,tags,anti-hero,3,20,0.15,0.00544,27.573529411764703,27.573529411764703,False
72,tags,coen brothers,1,20,0.05,0.00192,26.041666666666668,26.041666666666668,False
72,tags,tricky,1,20,0.05,0.00192,26.041666666666668,26.041666666666668,False
72,tags,psychiatrist,1,20,0.05,0.00192,26.041666666666668,26.041666666666668,False
72,tags,beautiful,1,20,0.05,0.00192,26.041666666666668,26.041666666666668,False
72,tags,oscar (best editing),3,20,0.15,0.00576,26.041666666666664,26.041666666666664,False
72,tags,visceral,10,20,0.5,0.01984,25.201612903225808,25.201612903225808,False
72,tags,coen bros,3,20,0.15,0.00608,24.671052631578945,24.671052631578945,False
72,tags,oscar (best actor),11,20,0.55,0.02304,23.87152777777778,23.87152777777778,False
72,tags,brutal,3,20,0.15,0.0064,23.437499999999996,23.437499999999996,False
72,tags,excellent script,19,20,0.95,0.04128,23.01356589147287,23.01356589147287,False
72,tags,great ending,16,20,0.8,0.03776,21.1864406779661,21.1864406779661,False
72,tags,powerful ending,8,20,0.4,0.01888,21.1864406779661,21.1864406779661,False
72,tags,highly quotable,5,20,0.25,0.01184,21.114864864864867,21.114864864864867,False
72,tags,exceptional acting,4,20,0.2,0.0096,20.833333333333336,20.833333333333336,False
72,tags,gangster,5,20,0.25,0.01216,20.559210526315788,20.559210526315788,False
72,tags,twist,3,20,0.15,0.00736,20.380434782608695,20.380434782608695,False
72,tags,mob,5,20,0.25,0.01248,20.03205128205128,20.03205128205128,False
72,tags,gruesome,2,20,0.1,0.00512,19.53125,19.53125,False
72,tags,realistic,2,20,0.1,0.00512,19.53125,19.53125,False
72,tags,spielberg,2,20,0.1,0.00512,19.53125,19.53125,False
72,tags,cannibalism,1,20,0.05,0.00256,19.53125,19.53125,False
72,tags,boston,1,20,0.05,0.00256,19.53125,19.53125,False
72,tags,midlife crisis,1,20,0.05,0.00256,19.53125,19.53125,False
72,tags,jewish,1,20,0.05,0.00256,19.53125,19.53125,False
72,tags,surprise ending,3,20,0.15,0.008,18.75,18.75,False
72,tags,complicated plot,2,20,0.1,0.00544,18.38235294117647,18.38235294117647,False
72,tags,hit men,5,20,0.25,0.01376,18.16860465116279,18.16860465116279,False
72,tags,crime,12,20,0.6,0.03456,17.36111111111111,17.36111111111111,False
72,tags,complicated,4,20,0.2,0.01152,17.36111111111111,17.36111111111111,False
72,tags,rags to riches,2,20,0.1,0.00576,17.36111111111111,17.36111111111111,False
72,tags,blood,1,20,0.05,0.00288,17.36111111111111,17.36111111111111,False
72,tags,con men,1,20,0.05,0.00288,17.36111111111111,17.36111111111111,False
72,tags,freedom,1,20,0.05,0.00288,17.36111111111111,17.36111111111111,False
72,tags,bank robbery,1,20,0.05,0.00288,17.36111111111111,17.36111111111111,False
72,tags,genocide,1,20,0.05,0.00288,17.36111111111111,17.36111111111111,False
72,tags,boxing,1,20,0.05,0.00288,17.36111111111111,17.36111111111111,False
72,tags,heist,4,20,0.2,0.01184,16.891891891891895,16.891891891891895,False
72,tags,oscar (best picture),11,20,0.55,0.03296,16.686893203883496,16.686893203883496,False
72,tags,oscar (best supporting actor),9,20,0.45,0.02784,16.163793103448278,16.163793103448278,False
72,tags,dialogue driven,3,20,0.15,0.00928,16.163793103448274,16.163793103448274,False
72,tags,compassionate,3,20,0.15,0.00928,16.163793103448274,16.163793103448274,False
72,tags,great movie,14,20,0.7,0.04352,16.08455882352941,16.08455882352941,False
72,tags,violent,12,20,0.6,0.03744,16.025641025641026,16.025641025641026,False
72,tags,neo-noir,4,20,0.2,0.01248,16.025641025641026,16.025641025641026,False
72,tags,plot twist,4,20,0.2,0.0128,15.625,15.625,False
72,tags,inspirational,2,20,0.1,0.0064,15.625,15.625,False
72,tags,los angeles,2,20,0.1,0.0064,15.625,15.625,False
72,tags,grim,2,20,0.1,0.0064,15.625,15.625,False
72,tags,multiple storylines,1,20,0.05,0.0032,15.625,15.625,False
72,tags,philosophy,1,20,0.05,0.0032,15.625,15.625,False
72,tags,anti-semitism,1,20,0.05,0.0032,15.625,15.625,False
72,tags,psychiatry,2,20,0.1,0.00672,14.880952380952381,14.880952380952381,False
72,tags,afi 100 (movie quotes),2,20,0.1,0.00672,14.880952380952381,14.880952380952381,False
72,tags,bloody,3,20,0.15,0.01024,14.648437499999998,14.648437499999998,False
72,tags,mental illness,2,20,0.1,0.00704,14.204545454545455,14.204545454545455,False
72,tags,suburbia,1,20,0.05,0.00352,14.204545454545455,14.204545454545455,False
72,tags,photography,1,20,0.05,0.00352,14.204545454545455,14.204545454545455,False
72,tags,gangsters,6,20,0.3,0.02176,13.786764705882351,13.786764705882351,False
72,tags,manipulation,3,20,0.15,0.0112,13.392857142857142,13.392857142857142,False
72,tags,paranoid,1,20,0.05,0.00384,13.020833333333334,13.020833333333334,False
72,tags,poland,1,20,0.05,0.00384,13.020833333333334,13.020833333333334,False
72,tags,complex,6,20,0.3,0.02304,13.020833333333332,13.020833333333332,False
72,tags,oscar winner,4,20,0.2,0.01568,12.755102040816327,12.755102040816327,False
72,tags,stylish,6,20,0.3,0.02368,12.66891891891892,12.66891891891892,False
72,tags,mafia,3,20,0.15,0.01184,12.66891891891892,12.66891891891892,False
72,tags,brutality,7,20,0.35,0.02784,12.57183908045977,12.57183908045977,False
72,tags,dark humor,6,20,0.3,0.024,12.5,12.5,False
72,tags,psychology,4,20,0.2,0.016,12.5,12.5,False
72,tags,caper,2,20,0.1,0.008,12.5,12.5,False
72,tags,violence,12,20,0.6,0.04832,12.417218543046356,12.417218543046356,False
72,tags,cult,1,20,0.05,0.00416,12.019230769230772,12.019230769230772,False
72,tags,great soundtrack,1,20,0.05,0.00416,12.019230769230772,12.019230769230772,False
72,tags,narrated,5,20,0.25,0.0208,12.01923076923077,12.01923076923077,False
72,tags,great acting,20,20,1.0,0.08448,11.837121212121213,11.837121212121213,False
72,tags,storytelling,13,20,0.65,0.05536,11.741329479768787,11.741329479768787,False
72,tags,ensemble cast,3,20,0.15,0.01312,11.432926829268293,11.432926829268293,False
72,tags,clever,3,20,0.15,0.01312,11.432926829268293,11.432926829268293,False
72,tags,masterpiece,15,20,0.75,0.0672,11.160714285714286,11.160714285714286,False
72,tags,1950s,1,20,0.05,0.00448,11.160714285714286,11.160714285714286,False
72,tags,prostitution,1,20,0.05,0.00448,11.160714285714286,11.160714285714286,False
72,tags,life,1,20,0.05,0.00448,11.160714285714286,11.160714285714286,False
72,tags,twists & turns,8,20,0.4,0.03648,10.964912280701755,10.964912280701755,False
72,tags,good soundtrack,11,20,0.55,0.05056,10.878164556962027,10.878164556962027,False
72,tags,good,8,20,0.4,0.0368,10.869565217391305,10.869565217391305,False
72,tags,stylized,4,20,0.2,0.01856,10.775862068965518,10.775862068965518,False
72,tags,twist ending,2,20,0.1,0.00928,10.775862068965518,10.775862068965518,False
72,tags,justice,2,20,0.1,0.00928,10.775862068965518,10.775862068965518,False
72,tags,intense,6,20,0.3,0.02784,10.775862068965516,10.775862068965516,False
72,tags,noir thriller,3,20,0.15,0.01408,10.65340909090909,10.65340909090909,False
72,tags,gritty,1,20,0.05,0.0048,10.416666666666668,10.416666666666668,False
72,tags,great music,1,20,0.05,0.0048,10.416666666666668,10.416666666666668,False
72,tags,mindfuck,1,20,0.05,0.0048,10.416666666666668,10.416666666666668,False
72,tags,vigilantism,1,20,0.05,0.0048,10.416666666666668,10.416666666666668,False
72,tags,oscar (best directing),15,20,0.75,0.07264,10.32488986784141,10.32488986784141,False
72,tags,oscar (best actress),11,20,0.55,0.05504,9.992732558139537,9.992732558139537,False
72,tags,police investigation,6,20,0.3,0.03008,9.97340425531915,9.97340425531915,False
72,tags,disturbing,3,20,0.15,0.01536,9.765625,9.765625,False
72,tags,afi 100,2,20,0.1,0.01024,9.765625,9.765625,False
72,tags,parenthood,1,20,0.05,0.00512,9.765625,9.765625,False
72,tags,imdb top 250,19,20,0.95,0.09824,9.670195439739414,9.670195439739414,False
72,genres,Crime,11,20,0.55,0.05696,9.655898876404496,9.655898876404496,False
72,tags,amazing cinematography,4,20,0.2,0.02112,9.46969696969697,9.46969696969697,False
72,tags,investigation,3,20,0.15,0.016,9.375,9.375,False
72,tags,oscar,5,20,0.25,0.0272,9.191176470588236,9.191176470588236,False
72,tags,disability,1,20,0.05,0.00544,9.191176470588236,9.191176470588236,False
72,tags,golden palm,3,20,0.15,0.01632,9.191176470588234,9.191176470588234,False
72,tags,drama,12,20,0.6,0.06656,9.014423076923077,9.014423076923077,False
72,tags,sentimental,3,20,0.15,0.01664,9.014423076923077,9.014423076923077,False
72,tags,insanity,3,20,0.15,0.01696,8.84433962264151,8.84433962264151,False
72,tags,us history,2,20,0.1,0.01152,8.680555555555555,8.680555555555555,False
72,tags,police corruption,1,20,0.05,0.00576,8.680555555555555,8.680555555555555,False
72,tags,holocaust,1,20,0.05,0.00576,8.680555555555555,8.680555555555555,False
72,tags,heartwarming,2,20,0.1,0.01184,8.445945945945947,8.445945945945947,False
72,tags,political corruption,1,20,0.05,0.00608,8.223684210526315,8.223684210526315,False
72,tags,realistic action,1,20,0.05,0.00608,8.223684210526315,8.223684210526315,False
72,tags,intellectual,1,20,0.05,0.00608,8.223684210526315,8.223684210526315,False
72,tags,greed,4,20,0.2,0.02464,8.116883116883118,8.116883116883118,False
72,tags,prison,1,20,0.05,0.0064,7.8125,7.8125,False
72,tags,sacrifice,1,20,0.05,0.0064,7.8125,7.8125,False
72,tags,nocturnal,1,20,0.05,0.0064,7.8125,7.8125,False
72,tags,thought-provoking,1,20,0.05,0.0064,7.8125,7.8125,False
72,tags,based on true story,3,20,0.15,0.01984,7.560483870967742,7.560483870967742,False
72,tags,quotable,4,20,0.2,0.02688,7.440476190476191,7.440476190476191,False
72,tags,new york,1,20,0.05,0.00672,7.440476190476191,7.440476190476191,False
72,tags,dialogue,4,20,0.2,0.02752,7.267441860465117,7.267441860465117,False
72,tags,cool,2,20,0.1,0.01408,7.1022727272727275,7.1022727272727275,False
72,tags,detective,2,20,0.1,0.01408,7.1022727272727275,7.1022727272727275,False
72,tags,absurd,1,20,0.05,0.00704,7.1022727272727275,7.1022727272727275,False
72,tags,dark comedy,1,20,0.05,0.00704,7.1022727272727275,7.1022727272727275,False
72,tags,kidnapping,1,20,0.05,0.00704,7.1022727272727275,7.1022727272727275,False
72,tags,story,4,20,0.2,0.02848,7.02247191011236,7.02247191011236,False
72,tags,character study,3,20,0.15,0.02144,6.996268656716418,6.996268656716418,False
72,tags,wwii,2,20,0.1,0.0144,6.944444444444445,6.944444444444445,False
72,tags,betrayal,2,20,0.1,0.01472,6.793478260869565,6.793478260869565,False
72,tags,undercover cop,1,20,0.05,0.00736,6.793478260869565,6.793478260869565,False
72,tags,depression,1,20,0.05,0.00736,6.793478260869565,6.793478260869565,False
72,tags,amazing photography,1,20,0.05,0.00736,6.793478260869565,6.793478260869565,False
72,tags,heartbreaking,1,20,0.05,0.00736,6.793478260869565,6.793478260869565,False
72,tags,gory,2,20,0.1,0.01504,6.6489361702127665,6.6489361702127665,False
72,tags,based on book,5,20,0.25,0.03872,6.456611570247934,6.456611570247934,False
72,tags,courage,2,20,0.1,0.01568,6.377551020408164,6.377551020408164,False
72,tags,sexualized violence,1,20,0.05,0.008,6.25,6.25,False
72,tags,black comedy,1,20,0.05,0.008,6.25,6.25,False
72,tags,prison escape,1,20,0.05,0.008,6.25,6.25,False
72,tags,war movie,1,20,0.05,0.008,6.25,6.25,False
72,tags,vigilante,1,20,0.05,0.008,6.25,6.25,False
72,tags,jews,1,20,0.05,0.008,6.25,6.25,False
72,tags,psychological,3,20,0.15,0.02464,6.087662337662338,6.087662337662338,False
72,tags,nazi,1,20,0.05,0.00832,6.009615384615386,6.009615384615386,False
72,tags,great,3,20,0.15,0.02496,6.009615384615384,6.009615384615384,False
72,tags,world war ii,2,20,0.1,0.01696,5.89622641509434,5.89622641509434,False
72,tags,social commentary,2,20,0.1,0.01696,5.89622641509434,5.89622641509434,False
72,tags,downbeat,2,20,0.1,0.01696,5.89622641509434,5.89622641509434,False
72,tags,mystery,2,20,0.1,0.01728,5.787037037037037,5.787037037037037,False
72,tags,history,2,20,0.1,0.01728,5.787037037037037,5.787037037037037,False
72,tags,new york city,1,20,0.05,0.00864,5.787037037037037,5.787037037037037,False
72,tags,cinematography,5,20,0.25,0.04448,5.620503597122302,5.620503597122302,False
72,tags,frightening,1,20,0.05,0.00896,5.580357142857143,5.580357142857143,False
72,tags,literature,1,20,0.05,0.00896,5.580357142857143,5.580357142857143,False
72,tags,cynical,1,20,0.05,0.00896,5.580357142857143,5.580357142857143,False
72,tags,corruption,3,20,0.15,0.0272,5.514705882352941,5.514705882352941,False
72,tags,oscar (best supporting actress),2,20,0.1,0.01856,5.387931034482759,5.387931034482759,False
72,tags,moral ambiguity,1,20,0.05,0.00928,5.387931034482759,5.387931034482759,False
72,tags,long,1,20,0.05,0.00928,5.387931034482759,5.387931034482759,False
72,tags,suspense,6,20,0.3,0.05568,5.387931034482758,5.387931034482758,False
72,tags,touching,3,20,0.15,0.02816,5.326704545454545,5.326704545454545,False
72,tags,oscar (best cinematography),3,20,0.15,0.02816,5.326704545454545,5.326704545454545,False
72,tags,war,2,20,0.1,0.01888,5.296610169491525,5.296610169491525,False
72,tags,sexuality,1,20,0.05,0.0096,5.208333333333334,5.208333333333334,False
72,tags,suspenseful,4,20,0.2,0.03968,5.040322580645162,5.040322580645162,False
72,tags,tragedy,1,20,0.05,0.00992,5.040322580645162,5.040322580645162,False
72,tags,unlikely friendships,3,20,0.15,0.02976,5.040322580645161,5.040322580645161,False
72,tags,mentor,7,20,0.35,0.07168,4.8828125,4.8828125,False
72,tags,friendship,3,20,0.15,0.03072,4.8828125,4.8828125,False
72,tags,dark,2,20,0.1,0.02144,4.664179104477612,4.664179104477612,False
72,tags,conspiracy,2,20,0.1,0.02176,4.595588235294118,4.595588235294118,False
72,tags,serial killer,2,20,0.1,0.02176,4.595588235294118,4.595588235294118,False
72,tags,visually appealing,4,20,0.2,0.04416,4.528985507246377,4.528985507246377,False
72,tags,vengeance,2,20,0.1,0.02208,4.528985507246377,4.528985507246377,False
72,tags,tense,5,20,0.25,0.05536,4.515895953757226,4.515895953757226,False
72,tags,police,1,20,0.05,0.0112,4.464285714285714,4.464285714285714,False
72,tags,historical,2,20,0.1,0.02272,4.401408450704225,4.401408450704225,False
72,tags,quirky,1,20,0.05,0.01152,4.340277777777778,4.340277777777778,False
72,tags,film noir,1,20,0.05,0.01152,4.340277777777778,4.340277777777778,False
72,tags,thriller,3,20,0.15,0.03488,4.30045871559633,4.30045871559633,False
72,tags,fast paced,2,20,0.1,0.02368,4.222972972972974,4.222972972972974,False
72,tags,small town,2,20,0.1,0.02368,4.222972972972974,4.222972972972974,False
72,tags,based on a true story,1,20,0.05,0.01184,4.222972972972974,4.222972972972974,False
72,tags,noir,1,20,0.05,0.01216,4.1118421052631575,4.1118421052631575,False
72,tags,ominous,1,20,0.05,0.01216,4.1118421052631575,4.1118421052631575,False
72,genres,Film-Noir,1,20,0.05,0.01248,4.006410256410256,4.006410256410256,False
72,tags,atmospheric,1,20,0.05,0.01248,4.006410256410256,4.006410256410256,False
72,tags,classic,6,20,0.3,0.0752,3.9893617021276593,3.9893617021276593,False
72,tags,murder,4,20,0.2,0.05024,3.980891719745223,3.980891719745223,False
72,tags,adapted from:book,5,20,0.25,0.06336,3.945707070707071,3.945707070707071,False
72,tags,dramatic,5,20,0.25,0.06464,3.8675742574257423,3.8675742574257423,False
72,tags,redemption,1,20,0.05,0.01312,3.810975609756098,3.810975609756098,False
72,tags,black and white,2,20,0.1,0.02656,3.7650602409638556,3.7650602409638556,False
72,tags,cult film,2,20,0.1,0.02688,3.7202380952380953,3.7202380952380953,False
72,tags,best war films,1,20,0.05,0.01376,3.6337209302325584,3.6337209302325584,False
72,tags,biography,1,20,0.05,0.01376,3.6337209302325584,3.6337209302325584,False
72,genres,Thriller,10,20,0.5,0.14016,3.567351598173516,3.567351598173516,False
72,tags,loneliness,3,20,0.15,0.04288,3.498134328358209,3.498134328358209,False
72,tags,nazis,1,20,0.05,0.01472,3.3967391304347827,3.3967391304347827,False
72,tags,original,17,20,0.85,0.25024,3.3967391304347823,3.3967391304347823,False
72,tags,poignant,1,20,0.05,0.01504,3.3244680851063833,3.3244680851063833,False
72,tags,obsession,2,20,0.1,0.03104,3.2216494845360826,3.2216494845360826,False
72,tags,happy ending,1,20,0.05,0.016,3.125,3.125,False
72,tags,biopic,1,20,0.05,0.01664,3.004807692307693,3.004807692307693,False
72,tags,biographical,1,20,0.05,0.01664,3.004807692307693,3.004807692307693,False
72,tags,drugs,1,20,0.05,0.01728,2.8935185185185186,2.8935185185185186,False
72,tags,creepy,2,20,0.1,0.03488,2.86697247706422,2.86697247706422,False
72,tags,sports,1,20,0.05,0.01792,2.7901785714285716,2.7901785714285716,False
72,tags,melancholic,2,20,0.1,0.0368,2.717391304347826,2.717391304347826,False
72,tags,bittersweet,1,20,0.05,0.01888,2.6483050847457625,2.6483050847457625,False
72,tags,independent film,1,20,0.05,0.0192,2.604166666666667,2.604166666666667,False
72,tags,wartime,1,20,0.05,0.0192,2.604166666666667,2.604166666666667,False
72,tags,enigmatic,2,20,0.1,0.04064,2.4606299212598426,2.4606299212598426,False
72,tags,true story,1,20,0.05,0.0208,2.403846153846154,2.403846153846154,False
72,genres,War,2,20,0.1,0.0432,2.314814814814815,2.314814814814815,False
72,tags,weird,2,20,0.1,0.0448,2.232142857142857,2.232142857142857,False
72,tags,cult classic,2,20,0.1,0.04608,2.170138888888889,2.170138888888889,False
72,tags,murder mystery,1,20,0.05,0.02368,2.111486486486487,2.111486486486487,False
72,tags,visually stunning,1,20,0.05,0.02528,1.9778481012658229,1.9778481012658229,False
72,tags,gunfight,1,20,0.05,0.0256,1.953125,1.953125,False
72,tags,reflective,1,20,0.05,0.02592,1.9290123456790125,1.9290123456790125,False
72,tags,bleak,1,20,0.05,0.02624,1.905487804878049,1.905487804878049,False
72,tags,talky,2,20,0.1,0.05312,1.8825301204819278,1.8825301204819278,False
72,tags,good sequel,1,20,0.05,0.02656,1.8825301204819278,1.8825301204819278,False
72,tags,relationships,2,20,0.1,0.05376,1.8601190476190477,1.8601190476190477,False
72,tags,sequel,1,20,0.05,0.02784,1.795977011494253,1.795977011494253,False
72,tags,feel-good,1,20,0.05,0.02784,1.795977011494253,1.795977011494253,False
72,genres,Drama,14,20,0.7,0.39584,1.7683912691996764,1.7683912691996764,False
72,tags,sequels,1,20,0.05,0.0288,1.7361111111111112,1.7361111111111112,False
72,tags,childhood,1,20,0.05,0.0304,1.6447368421052633,1.6447368421052633,False
72,genres,Mystery,1,20,0.05,0.03072,1.6276041666666667,1.6276041666666667,False
72,tags,beautifully filmed,1,20,0.05,0.032,1.5625,1.5625,False
72,tags,based on a book,2,20,0.1,0.06656,1.5024038461538465,1.5024038461538465,False
72,genres,Action,4,20,0.2,0.14528,1.3766519823788548,1.3766519823788548,False
72,tags,criterion,2,20,0.1,0.07456,1.3412017167381975,1.3412017167381975,False
72,tags,action,2,20,0.1,0.07968,1.2550200803212852,1.2550200803212852,False
72,tags,family,1,20,0.05,0.05152,0.9704968944099379,0.9704968944099379,False
72,tags,horror,1,20,0.05,0.064,0.78125,0.78125,False
72,genres,Comedy,1,20,0.05,0.32224,0.1551638530287984,0.1551638530287984,False
73,tags,shopping,3,20,0.15,0.00096,156.25,156.25,True
73,tags,good romantic comedies,9,20,0.45,0.00704,63.92045454545455,63.92045454545455,True
73,tags,sappy,1,20,0.05,0.00096,52.083333333333336,52.083333333333336,False
73,tags,wedding,2,20,0.1,0.00224,44.642857142857146,44.642857142857146,True
73,tags,spelling bee,1,20,0.05,0.00128,39.0625,39.0625,False
73,tags,girlie movie,15,20,0.75,0.02272,33.01056338028169,33.01056338028169,False
73,tags,very good,1,20,0.05,0.0016,31.25,31.25,False
73,tags,family bonds,1,20,0.05,0.0016,31.25,31.25,False
73,tags,happy ending,9,20,0.45,0.016,28.125,28.125,False
73,tags,feel good movie,8,20,0.4,0.0144,27.77777777777778,27.77777777777778,False
73,tags,chick flick,15,20,0.75,0.03136,23.915816326530614,23.915816326530614,False
73,tags,feel-good,13,20,0.65,0.02784,23.347701149425287,23.347701149425287,False
73,tags,internet,1,20,0.05,0.00224,22.321428571428573,22.321428571428573,False
73,tags,ghosts/afterlife,1,20,0.05,0.00224,22.321428571428573,22.321428571428573,False
73,tags,writer's life,1,20,0.05,0.00224,22.321428571428573,22.321428571428573,False
73,tags,sweet,8,20,0.4,0.01856,21.551724137931036,21.551724137931036,False
73,tags,romantic comedy,14,20,0.7,0.03424,20.44392523364486,20.44392523364486,False
73,tags,cute!,2,20,0.1,0.00512,19.53125,19.53125,False
73,tags,afterlife,1,20,0.05,0.00256,19.53125,19.53125,False
73,tags,catastrophe,1,20,0.05,0.00256,19.53125,19.53125,False
73,tags,romance,15,20,0.75,0.03904,19.211065573770494,19.211065573770494,False
73,tags,destiny,9,20,0.45,0.024,18.75,18.75,False
73,tags,cute,3,20,0.15,0.00864,17.36111111111111,17.36111111111111,False
73,tags,classical music,1,20,0.05,0.00288,17.36111111111111,17.36111111111111,False
73,tags,oscar winner,5,20,0.25,0.01568,15.943877551020408,15.943877551020408,False
73,tags,inspirational,2,20,0.1,0.0064,15.625,15.625,False
73,tags,sentimental,5,20,0.25,0.01664,15.024038461538463,15.024038461538463,False
73,tags,predictable,2,20,0.1,0.00672,14.880952380952381,14.880952380952381,False
73,tags,tear jerker,2,20,0.1,0.00704,14.204545454545455,14.204545454545455,False
73,tags,baseball,1,20,0.05,0.00352,14.204545454545455,14.204545454545455,False
73,tags,romantic,15,20,0.75,0.05568,13.469827586206897,13.469827586206897,False
73,tags,football,1,20,0.05,0.00384,13.020833333333334,13.020833333333334,False
73,tags,teacher,1,20,0.05,0.00384,13.020833333333334,13.020833333333334,False
73,tags,divorce,1,20,0.05,0.00416,12.019230769230772,12.019230769230772,False
73,tags,love story,15,20,0.75,0.06368,11.777638190954773,11.777638190954773,False
73,tags,prostitution,1,20,0.05,0.00448,11.160714285714286,11.160714285714286,False
73,tags,life,1,20,0.05,0.00448,11.160714285714286,11.160714285714286,False
73,tags,earnest,1,20,0.05,0.0048,10.416666666666668,10.416666666666668,False
73,tags,single father,1,20,0.05,0.0048,10.416666666666668,10.416666666666668,False
73,tags,fairy tales,1,20,0.05,0.0048,10.416666666666668,10.416666666666668,False
73,tags,inspiring,1,20,0.05,0.0048,10.416666666666668,10.416666666666668,False
73,tags,women,3,20,0.15,0.01568,9.566326530612244,9.566326530612244,False
73,tags,disability,1,20,0.05,0.00544,9.191176470588236,9.191176470588236,False
73,tags,rags to riches,1,20,0.05,0.00576,8.680555555555555,8.680555555555555,False
73,tags,london,1,20,0.05,0.00576,8.680555555555555,8.680555555555555,False
73,tags,president,1,20,0.05,0.00576,8.680555555555555,8.680555555555555,False
73,tags,heartwarming,2,20,0.1,0.01184,8.445945945945947,8.445945945945947,False
73,tags,nostalgic,2,20,0.1,0.01216,8.223684210526315,8.223684210526315,False
73,tags,cross dressing,1,20,0.05,0.00608,8.223684210526315,8.223684210526315,False
73,tags,good,6,20,0.3,0.0368,8.152173913043478,8.152173913043478,False
73,tags,fighting the system,1,20,0.05,0.0064,7.8125,7.8125,False
73,tags,oscar,4,20,0.2,0.0272,7.352941176470589,7.352941176470589,False
73,tags,pg-13,1,20,0.05,0.00704,7.1022727272727275,7.1022727272727275,False
73,tags,love,5,20,0.25,0.03616,6.913716814159293,6.913716814159293,False
73,tags,fairy tale,2,20,0.1,0.01504,6.6489361702127665,6.6489361702127665,False
73,tags,gay character,2,20,0.1,0.01568,6.377551020408164,6.377551020408164,False
73,tags,drama,8,20,0.4,0.06656,6.009615384615386,6.009615384615386,False
73,tags,world politics,1,20,0.05,0.00832,6.009615384615386,6.009615384615386,False
73,genres,Romance,15,20,0.75,0.13312,5.634014423076923,5.634014423076923,False
73,tags,sports,2,20,0.1,0.01792,5.580357142857143,5.580357142857143,False
73,tags,ghosts,1,20,0.05,0.00896,5.580357142857143,5.580357142857143,False
73,tags,relationships,6,20,0.3,0.05376,5.580357142857142,5.580357142857142,False
73,tags,oscar (best supporting actress),2,20,0.1,0.01856,5.387931034482759,5.387931034482759,False
73,tags,natural disaster,1,20,0.05,0.00928,5.387931034482759,5.387931034482759,False
73,tags,remake,1,20,0.05,0.00928,5.387931034482759,5.387931034482759,False
73,tags,touching,3,20,0.15,0.02816,5.326704545454545,5.326704545454545,False
73,tags,bittersweet,2,20,0.1,0.01888,5.296610169491525,5.296610169491525,False
73,tags,dog,1,20,0.05,0.0096,5.208333333333334,5.208333333333334,False
73,tags,courtroom,1,20,0.05,0.00992,5.040322580645162,5.040322580645162,False
73,tags,gay,2,20,0.1,0.0208,4.807692307692308,4.807692307692308,False
73,tags,artistic,1,20,0.05,0.01056,4.734848484848485,4.734848484848485,False
73,tags,oscar (best picture),3,20,0.15,0.03296,4.550970873786407,4.550970873786407,False
73,tags,magic,1,20,0.05,0.0112,4.464285714285714,4.464285714285714,False
73,tags,epic,1,20,0.05,0.0112,4.464285714285714,4.464285714285714,False
73,tags,good acting,1,20,0.05,0.0112,4.464285714285714,4.464285714285714,False
73,tags,historical,2,20,0.1,0.02272,4.401408450704225,4.401408450704225,False
73,tags,oscar (best actor),2,20,0.1,0.02304,4.340277777777778,4.340277777777778,False
73,tags,us history,1,20,0.05,0.01152,4.340277777777778,4.340277777777778,False
73,tags,based on a true story,1,20,0.05,0.01184,4.222972972972974,4.222972972972974,False
73,tags,lawyers,1,20,0.05,0.01216,4.1118421052631575,4.1118421052631575,False
73,tags,death,1,20,0.05,0.01248,4.006410256410256,4.006410256410256,False
73,tags,good music,1,20,0.05,0.01248,4.006410256410256,4.006410256410256,False
73,tags,quotable,2,20,0.1,0.02688,3.7202380952380953,3.7202380952380953,False
73,tags,excellent script,3,20,0.15,0.04128,3.6337209302325584,3.6337209302325584,False
73,tags,oscar (best supporting actor),2,20,0.1,0.02784,3.591954022988506,3.591954022988506,False
73,tags,british,1,20,0.05,0.01408,3.5511363636363638,3.5511363636363638,False
73,tags,beautiful scenery,1,20,0.05,0.01408,3.5511363636363638,3.5511363636363638,False
73,tags,mentor,5,20,0.25,0.07168,3.4877232142857144,3.4877232142857144,False
73,tags,musicians,1,20,0.05,0.0144,3.4722222222222223,3.4722222222222223,False
73,tags,oscar (best directing),5,20,0.25,0.07264,3.441629955947137,3.441629955947137,False
73,tags,politics,1,20,0.05,0.01472,3.3967391304347827,3.3967391304347827,False
73,tags,lawyer,1,20,0.05,0.01504,3.3244680851063833,3.3244680851063833,False
73,tags,political,1,20,0.05,0.01568,3.188775510204082,3.188775510204082,False
73,tags,rock and roll,1,20,0.05,0.016,3.125,3.125,False
73,tags,biographical,1,20,0.05,0.01664,3.004807692307693,3.004807692307693,False
73,tags,world war ii,1,20,0.05,0.01696,2.94811320754717,2.94811320754717,False
73,tags,supernatural,1,20,0.05,0.01728,2.8935185185185186,2.8935185185185186,False
73,tags,history,1,20,0.05,0.01728,2.8935185185185186,2.8935185185185186,False
73,tags,life & death,1,20,0.05,0.0176,2.840909090909091,2.840909090909091,False
73,tags,wartime,1,20,0.05,0.0192,2.604166666666667,2.604166666666667,False
73,tags,based on true story,1,20,0.05,0.01984,2.520161290322581,2.520161290322581,False
73,tags,narrated,1,20,0.05,0.0208,2.403846153846154,2.403846153846154,False
73,tags,true story,1,20,0.05,0.0208,2.403846153846154,2.403846153846154,False
73,tags,based on a play,1,20,0.05,0.0208,2.403846153846154,2.403846153846154,False
73,tags,great acting,4,20,0.2,0.08448,2.3674242424242427,2.3674242424242427,False
73,genres,Comedy,15,20,0.75,0.32224,2.327457795431976,2.327457795431976,False
73,tags,great movie,2,20,0.1,0.04352,2.297794117647059,2.297794117647059,False
73,tags,fantasy,1,20,0.05,0.02176,2.297794117647059,2.297794117647059,False
73,tags,high school,1,20,0.05,0.0224,2.232142857142857,2.232142857142857,False
73,tags,small town,1,20,0.05,0.02368,2.111486486486487,2.111486486486487,False
73,tags,greed,1,20,0.05,0.02464,2.0292207792207795,2.0292207792207795,False
73,tags,family,2,20,0.1,0.05152,1.9409937888198758,1.9409937888198758,False
73,tags,big budget,1,20,0.05,0.02592,1.9290123456790125,1.9290123456790125,False
73,tags,oscar (best actress),2,20,0.1,0.05504,1.8168604651162792,1.8168604651162792,False
73,tags,music,1,20,0.05,0.02752,1.8168604651162792,1.8168604651162792,False
73,tags,oscar (best cinematography),1,20,0.05,0.02816,1.7755681818181819,1.7755681818181819,False
73,tags,story,1,20,0.05,0.02848,1.75561797752809,1.75561797752809,False
73,tags,unlikely friendships,1,20,0.05,0.02976,1.6801075268817205,1.6801075268817205,False
73,tags,childhood,1,20,0.05,0.0304,1.6447368421052633,1.6447368421052633,False
73,tags,children,1,20,0.05,0.03104,1.6108247422680413,1.6108247422680413,False
73,tags,comedy,3,20,0.15,0.11168,1.3431232091690544,1.3431232091690544,False
73,tags,based on book,1,20,0.05,0.03872,1.2913223140495869,1.2913223140495869,False
73,genres,War,1,20,0.05,0.0432,1.1574074074074074,1.1574074074074074,False
73,tags,funny,1,20,0.05,0.04832,1.03476821192053,1.03476821192053,False
73,genres,Drama,8,20,0.4,0.39584,1.0105092966855296,1.0105092966855296,False
73,tags,chase,1,20,0.05,0.0528,0.946969696969697,0.946969696969697,False
73,tags,special effects,1,20,0.05,0.05408,0.9245562130177515,0.9245562130177515,False
73,tags,suspense,1,20,0.05,0.05568,0.8979885057471265,0.8979885057471265,False
73,tags,dramatic,1,20,0.05,0.06464,0.7735148514851485,0.7735148514851485,False
73,tags,imdb top 250,1,20,0.05,0.09824,0.508957654723127,0.508957654723127,False
73,genres,Thriller,1,20,0.05,0.14016,0.3567351598173516,0.3567351598173516,False
73,tags,original,1,20,0.05,0.25024,0.19980818414322252,0.19980818414322252,False
74,tags,hannibal lecter,1,20,0.05,0.00032,156.25,156.25,False
74,tags,suprisingly clever,3,20,0.15,0.00224,66.96428571428572,66.96428571428572,True
74,tags,oscar (best writing - screenplay written directly for the screen),3,20,0.15,0.00224,66.96428571428572,66.96428571428572,True
74,tags,good acting,15,20,0.75,0.0112,66.96428571428571,66.96428571428571,True
74,tags,nonlinear,2,20,0.1,0.0016,62.5,62.5,False
74,tags,complex characters,2,20,0.1,0.0016,62.5,62.5,False
74,tags,good dialogue,2,20,0.1,0.00192,52.083333333333336,52.083333333333336,False
74,tags,tarantino,2,20,0.1,0.00192,52.083333333333336,52.083333333333336,False
74,tags,minnesota,1,20,0.05,0.00096,52.083333333333336,52.083333333333336,False
74,tags,math,1,20,0.05,0.00096,52.083333333333336,52.083333333333336,False
74,tags,honest,1,20,0.05,0.00096,52.083333333333336,52.083333333333336,False
74,tags,guns,5,20,0.25,0.00512,48.82812499999999,48.82812499999999,False
74,tags,robbery,1,20,0.05,0.00128,39.0625,39.0625,False
74,tags,mathematics,1,20,0.05,0.00128,39.0625,39.0625,False
74,tags,foul language,4,20,0.2,0.00544,36.76470588235294,36.76470588235294,False
74,tags,interesting,16,20,0.8,0.02208,36.231884057971016,36.231884057971016,False
74,tags,oscar (best editing),4,20,0.2,0.00576,34.72222222222222,34.72222222222222,False
74,tags,pulp,2,20,0.1,0.00288,34.72222222222222,34.72222222222222,False
74,tags,excellent,3,20,0.15,0.00448,33.48214285714286,33.48214285714286,False
74,tags,francis ford copolla,3,20,0.15,0.00448,33.48214285714286,33.48214285714286,False
74,tags,gratuitous violence,4,20,0.2,0.00608,32.89473684210526,32.89473684210526,False
74,tags,brutal,4,20,0.2,0.0064,31.25,31.25,False
74,tags,earnest,3,20,0.15,0.0048,31.25,31.25,False
74,tags,non-linear,2,20,0.1,0.0032,31.25,31.25,False
74,tags,entirely dialogue,1,20,0.05,0.0016,31.25,31.25,False
74,tags,plot,1,20,0.05,0.0016,31.25,31.25,False
74,tags,very good,1,20,0.05,0.0016,31.25,31.25,False
74,tags,genius,1,20,0.05,0.0016,31.25,31.25,False
74,tags,great dialogue,4,20,0.2,0.00672,29.761904761904763,29.761904761904763,False
74,tags,realistic,3,20,0.15,0.00512,29.296874999999996,29.296874999999996,False
74,tags,crime gone awry,4,20,0.2,0.00704,28.40909090909091,28.40909090909091,False
74,tags,organized crime,8,20,0.4,0.0144,27.77777777777778,27.77777777777778,False
74,tags,visceral,11,20,0.55,0.01984,27.721774193548388,27.721774193548388,False
74,tags,anti-hero,3,20,0.15,0.00544,27.573529411764703,27.573529411764703,False
74,tags,coen brothers,1,20,0.05,0.00192,26.041666666666668,26.041666666666668,False
74,tags,tricky,1,20,0.05,0.00192,26.041666666666668,26.041666666666668,False
74,tags,psychiatrist,1,20,0.05,0.00192,26.041666666666668,26.041666666666668,False
74,tags,beautiful,1,20,0.05,0.00192,26.041666666666668,26.041666666666668,False
74,tags,oscar (best actor),11,20,0.55,0.02304,23.87152777777778,23.87152777777778,False
74,tags,excellent script,19,20,0.95,0.04128,23.01356589147287,23.01356589147287,False
74,tags,anti-war,1,20,0.05,0.00224,22.321428571428573,22.321428571428573,False
74,tags,powerful ending,8,20,0.4,0.01888,21.1864406779661,21.1864406779661,False
74,tags,highly quotable,5,20,0.25,0.01184,21.114864864864867,21.114864864864867,False
74,tags,exceptional acting,4,20,0.2,0.0096,20.833333333333336,20.833333333333336,False
74,tags,gangster,5,20,0.25,0.01216,20.559210526315788,20.559210526315788,False
74,tags,twist,3,20,0.15,0.00736,20.380434782608695,20.380434782608695,False
74,tags,mob,5,20,0.25,0.01248,20.03205128205128,20.03205128205128,False
74,tags,great ending,15,20,0.75,0.03776,19.862288135593218,19.862288135593218,False
74,tags,gruesome,2,20,0.1,0.00512,19.53125,19.53125,False
74,tags,spielberg,2,20,0.1,0.00512,19.53125,19.53125,False
74,tags,cannibalism,1,20,0.05,0.00256,19.53125,19.53125,False
74,tags,boston,1,20,0.05,0.00256,19.53125,19.53125,False
74,tags,jewish,1,20,0.05,0.00256,19.53125,19.53125,False
74,tags,midlife crisis,1,20,0.05,0.00256,19.53125,19.53125,False
74,tags,surprise ending,3,20,0.15,0.008,18.75,18.75,False
74,tags,complicated plot,2,20,0.1,0.00544,18.38235294117647,18.38235294117647,False
74,tags,oscar (best picture),12,20,0.6,0.03296,18.20388349514563,18.20388349514563,False
74,tags,hit men,5,20,0.25,0.01376,18.16860465116279,18.16860465116279,False
74,tags,violent,13,20,0.65,0.03744,17.36111111111111,17.36111111111111,False
74,tags,crime,12,20,0.6,0.03456,17.36111111111111,17.36111111111111,False
74,tags,complicated,4,20,0.2,0.01152,17.36111111111111,17.36111111111111,False
74,tags,rags to riches,2,20,0.1,0.00576,17.36111111111111,17.36111111111111,False
74,tags,blood,1,20,0.05,0.00288,17.36111111111111,17.36111111111111,False
74,tags,con men,1,20,0.05,0.00288,17.36111111111111,17.36111111111111,False
74,tags,freedom,1,20,0.05,0.00288,17.36111111111111,17.36111111111111,False
74,tags,bank robbery,1,20,0.05,0.00288,17.36111111111111,17.36111111111111,False
74,tags,genocide,1,20,0.05,0.00288,17.36111111111111,17.36111111111111,False
74,tags,boxing,1,20,0.05,0.00288,17.36111111111111,17.36111111111111,False
74,tags,great movie,15,20,0.75,0.04352,17.23345588235294,17.23345588235294,False
74,tags,heist,4,20,0.2,0.01184,16.891891891891895,16.891891891891895,False
74,tags,coen bros,2,20,0.1,0.00608,16.44736842105263,16.44736842105263,False
74,tags,oscar (best supporting actor),9,20,0.45,0.02784,16.163793103448278,16.163793103448278,False
74,tags,dialogue driven,3,20,0.15,0.00928,16.163793103448274,16.163793103448274,False
74,tags,compassionate,3,20,0.15,0.00928,16.163793103448274,16.163793103448274,False
74,tags,neo-noir,4,20,0.2,0.01248,16.025641025641026,16.025641025641026,False
74,tags,inspirational,2,20,0.1,0.0064,15.625,15.625,False
74,tags,los angeles,2,20,0.1,0.0064,15.625,15.625,False
74,tags,grim,2,20,0.1,0.0064,15.625,15.625,False
74,tags,multiple storylines,1,20,0.05,0.0032,15.625,15.625,False
74,tags,philosophy,1,20,0.05,0.0032,15.625,15.625,False
74,tags,anti-semitism,1,20,0.05,0.0032,15.625,15.625,False
74,tags,vietnam,1,20,0.05,0.0032,15.625,15.625,False
74,tags,psychiatry,2,20,0.1,0.00672,14.880952380952381,14.880952380952381,False
74,tags,afi 100 (movie quotes),2,20,0.1,0.00672,14.880952380952381,14.880952380952381,False
74,tags,bloody,3,20,0.15,0.01024,14.648437499999998,14.648437499999998,False
74,tags,narrated,6,20,0.3,0.0208,14.423076923076923,14.423076923076923,False
74,tags,brutality,8,20,0.4,0.02784,14.367816091954024,14.367816091954024,False
74,tags,mental illness,2,20,0.1,0.00704,14.204545454545455,14.204545454545455,False
74,tags,suburbia,1,20,0.05,0.00352,14.204545454545455,14.204545454545455,False
74,tags,photography,1,20,0.05,0.00352,14.204545454545455,14.204545454545455,False
74,tags,gangsters,6,20,0.3,0.02176,13.786764705882351,13.786764705882351,False
74,tags,violence,13,20,0.65,0.04832,13.451986754966887,13.451986754966887,False
74,tags,paranoid,1,20,0.05,0.00384,13.020833333333334,13.020833333333334,False
74,tags,poland,1,20,0.05,0.00384,13.020833333333334,13.020833333333334,False
74,tags,vietnam war,1,20,0.05,0.00384,13.020833333333334,13.020833333333334,False
74,tags,complex,6,20,0.3,0.02304,13.020833333333332,13.020833333333332,False
74,tags,us history,3,20,0.15,0.01152,13.020833333333332,13.020833333333332,False
74,tags,oscar winner,4,20,0.2,0.01568,12.755102040816327,12.755102040816327,False
74,tags,stylish,6,20,0.3,0.02368,12.66891891891892,12.66891891891892,False
74,tags,mafia,3,20,0.15,0.01184,12.66891891891892,12.66891891891892,False
74,tags,intense,7,20,0.35,0.02784,12.57183908045977,12.57183908045977,False
74,tags,psychology,4,20,0.2,0.016,12.5,12.5,False
74,tags,caper,2,20,0.1,0.008,12.5,12.5,False
74,tags,war movie,2,20,0.1,0.008,12.5,12.5,False
74,tags,good,9,20,0.45,0.0368,12.228260869565219,12.228260869565219,False
74,tags,cult,1,20,0.05,0.00416,12.019230769230772,12.019230769230772,False
74,tags,great soundtrack,1,20,0.05,0.00416,12.019230769230772,12.019230769230772,False
74,tags,masterpiece,16,20,0.8,0.0672,11.904761904761907,11.904761904761907,False
74,tags,great acting,20,20,1.0,0.08448,11.837121212121213,11.837121212121213,False
74,tags,storytelling,13,20,0.65,0.05536,11.741329479768787,11.741329479768787,False
74,tags,plot twist,3,20,0.15,0.0128,11.718749999999998,11.718749999999998,False
74,tags,ensemble cast,3,20,0.15,0.01312,11.432926829268293,11.432926829268293,False
74,tags,clever,3,20,0.15,0.01312,11.432926829268293,11.432926829268293,False
74,tags,1950s,1,20,0.05,0.00448,11.160714285714286,11.160714285714286,False
74,tags,prostitution,1,20,0.05,0.00448,11.160714285714286,11.160714285714286,False
74,tags,life,1,20,0.05,0.00448,11.160714285714286,11.160714285714286,False
74,tags,oscar (best directing),16,20,0.8,0.07264,11.013215859030838,11.013215859030838,False
74,tags,good soundtrack,11,20,0.55,0.05056,10.878164556962027,10.878164556962027,False
74,tags,stylized,4,20,0.2,0.01856,10.775862068965518,10.775862068965518,False
74,tags,twist ending,2,20,0.1,0.00928,10.775862068965518,10.775862068965518,False
74,tags,justice,2,20,0.1,0.00928,10.775862068965518,10.775862068965518,False
74,tags,moral ambiguity,2,20,0.1,0.00928,10.775862068965518,10.775862068965518,False
74,tags,noir thriller,3,20,0.15,0.01408,10.65340909090909,10.65340909090909,False
74,tags,gritty,1,20,0.05,0.0048,10.416666666666668,10.416666666666668,False
74,tags,great music,1,20,0.05,0.0048,10.416666666666668,10.416666666666668,False
74,tags,mindfuck,1,20,0.05,0.0048,10.416666666666668,10.416666666666668,False
74,tags,vigilantism,1,20,0.05,0.0048,10.416666666666668,10.416666666666668,False
74,tags,dark humor,5,20,0.25,0.024,10.416666666666666,10.416666666666666,False
74,tags,imdb top 250,20,20,1.0,0.09824,10.179153094462542,10.179153094462542,False
74,tags,oscar (best actress),11,20,0.55,0.05504,9.992732558139537,9.992732558139537,False
74,tags,disturbing,3,20,0.15,0.01536,9.765625,9.765625,False
74,tags,afi 100,2,20,0.1,0.01024,9.765625,9.765625,False
74,tags,parenthood,1,20,0.05,0.00512,9.765625,9.765625,False
74,tags,twists & turns,7,20,0.35,0.03648,9.594298245614034,9.594298245614034,False
74,tags,amazing cinematography,4,20,0.2,0.02112,9.46969696969697,9.46969696969697,False
74,tags,investigation,3,20,0.15,0.016,9.375,9.375,False
74,tags,oscar,5,20,0.25,0.0272,9.191176470588236,9.191176470588236,False
74,tags,disability,1,20,0.05,0.00544,9.191176470588236,9.191176470588236,False
74,tags,golden palm,3,20,0.15,0.01632,9.191176470588234,9.191176470588234,False
74,tags,drama,12,20,0.6,0.06656,9.014423076923077,9.014423076923077,False
74,tags,sentimental,3,20,0.15,0.01664,9.014423076923077,9.014423076923077,False
74,tags,manipulation,2,20,0.1,0.0112,8.928571428571429,8.928571428571429,False
74,tags,insanity,3,20,0.15,0.01696,8.84433962264151,8.84433962264151,False
74,genres,Crime,10,20,0.5,0.05696,8.77808988764045,8.77808988764045,False
74,tags,police corruption,1,20,0.05,0.00576,8.680555555555555,8.680555555555555,False
74,tags,holocaust,1,20,0.05,0.00576,8.680555555555555,8.680555555555555,False
74,tags,heartwarming,2,20,0.1,0.01184,8.445945945945947,8.445945945945947,False
74,tags,police investigation,5,20,0.25,0.03008,8.311170212765958,8.311170212765958,False
74,tags,political corruption,1,20,0.05,0.00608,8.223684210526315,8.223684210526315,False
74,tags,realistic action,1,20,0.05,0.00608,8.223684210526315,8.223684210526315,False
74,tags,intellectual,1,20,0.05,0.00608,8.223684210526315,8.223684210526315,False
74,tags,psychological,4,20,0.2,0.02464,8.116883116883118,8.116883116883118,False
74,tags,war,3,20,0.15,0.01888,7.944915254237287,7.944915254237287,False
74,tags,prison,1,20,0.05,0.0064,7.8125,7.8125,False
74,tags,sacrifice,1,20,0.05,0.0064,7.8125,7.8125,False
74,tags,nocturnal,1,20,0.05,0.0064,7.8125,7.8125,False
74,tags,thought-provoking,1,20,0.05,0.0064,7.8125,7.8125,False
74,tags,based on true story,3,20,0.15,0.01984,7.560483870967742,7.560483870967742,False
74,tags,quotable,4,20,0.2,0.02688,7.440476190476191,7.440476190476191,False
74,tags,new york,1,20,0.05,0.00672,7.440476190476191,7.440476190476191,False
74,tags,dialogue,4,20,0.2,0.02752,7.267441860465117,7.267441860465117,False
74,tags,best war films,2,20,0.1,0.01376,7.267441860465117,7.267441860465117,False
74,tags,cool,2,20,0.1,0.01408,7.1022727272727275,7.1022727272727275,False
74,tags,detective,2,20,0.1,0.01408,7.1022727272727275,7.1022727272727275,False
74,tags,absurd,1,20,0.05,0.00704,7.1022727272727275,7.1022727272727275,False
74,tags,dark comedy,1,20,0.05,0.00704,7.1022727272727275,7.1022727272727275,False
74,tags,kidnapping,1,20,0.05,0.00704,7.1022727272727275,7.1022727272727275,False
74,tags,story,4,20,0.2,0.02848,7.02247191011236,7.02247191011236,False
74,tags,wwii,2,20,0.1,0.0144,6.944444444444445,6.944444444444445,False
74,tags,undercover cop,1,20,0.05,0.00736,6.793478260869565,6.793478260869565,False
74,tags,amazing photography,1,20,0.05,0.00736,6.793478260869565,6.793478260869565,False
74,tags,heartbreaking,1,20,0.05,0.00736,6.793478260869565,6.793478260869565,False
74,tags,depression,1,20,0.05,0.00736,6.793478260869565,6.793478260869565,False
74,tags,gory,2,20,0.1,0.01504,6.6489361702127665,6.6489361702127665,False
74,tags,based on book,5,20,0.25,0.03872,6.456611570247934,6.456611570247934,False
74,tags,courage,2,20,0.1,0.01568,6.377551020408164,6.377551020408164,False
74,tags,sexualized violence,1,20,0.05,0.008,6.25,6.25,False
74,tags,black comedy,1,20,0.05,0.008,6.25,6.25,False
74,tags,prison escape,1,20,0.05,0.008,6.25,6.25,False
74,tags,vigilante,1,20,0.05,0.008,6.25,6.25,False
74,tags,jews,1,20,0.05,0.008,6.25,6.25,False
74,tags,greed,3,20,0.15,0.02464,6.087662337662338,6.087662337662338,False
74,tags,nazi,1,20,0.05,0.00832,6.009615384615386,6.009615384615386,False
74,tags,innocence lost,1,20,0.05,0.00832,6.009615384615386,6.009615384615386,False
74,tags,great,3,20,0.15,0.02496,6.009615384615384,6.009615384615384,False
74,tags,world war ii,2,20,0.1,0.01696,5.89622641509434,5.89622641509434,False
74,tags,social commentary,2,20,0.1,0.01696,5.89622641509434,5.89622641509434,False
74,tags,mystery,2,20,0.1,0.01728,5.787037037037037,5.787037037037037,False
74,tags,history,2,20,0.1,0.01728,5.787037037037037,5.787037037037037,False
74,tags,new york city,1,20,0.05,0.00864,5.787037037037037,5.787037037037037,False
74,tags,cinematography,5,20,0.25,0.04448,5.620503597122302,5.620503597122302,False
74,tags,frightening,1,20,0.05,0.00896,5.580357142857143,5.580357142857143,False
74,tags,literature,1,20,0.05,0.00896,5.580357142857143,5.580357142857143,False
74,tags,cynical,1,20,0.05,0.00896,5.580357142857143,5.580357142857143,False
74,tags,oscar (best supporting actress),2,20,0.1,0.01856,5.387931034482759,5.387931034482759,False
74,tags,long,1,20,0.05,0.00928,5.387931034482759,5.387931034482759,False
74,tags,touching,3,20,0.15,0.02816,5.326704545454545,5.326704545454545,False
74,tags,oscar (best cinematography),3,20,0.15,0.02816,5.326704545454545,5.326704545454545,False
74,tags,wartime,2,20,0.1,0.0192,5.208333333333334,5.208333333333334,False
74,tags,sexuality,1,20,0.05,0.0096,5.208333333333334,5.208333333333334,False
74,tags,tragedy,1,20,0.05,0.00992,5.040322580645162,5.040322580645162,False
74,tags,unlikely friendships,3,20,0.15,0.02976,5.040322580645161,5.040322580645161,False
74,tags,mentor,7,20,0.35,0.07168,4.8828125,4.8828125,False
74,tags,friendship,3,20,0.15,0.03072,4.8828125,4.8828125,False
74,tags,character study,2,20,0.1,0.02144,4.664179104477612,4.664179104477612,False
74,tags,dark,2,20,0.1,0.02144,4.664179104477612,4.664179104477612,False
74,tags,dramatic,6,20,0.3,0.06464,4.641089108910891,4.641089108910891,False
74,tags,conspiracy,2,20,0.1,0.02176,4.595588235294118,4.595588235294118,False
74,tags,serial killer,2,20,0.1,0.02176,4.595588235294118,4.595588235294118,False
74,tags,visually appealing,4,20,0.2,0.04416,4.528985507246377,4.528985507246377,False
74,tags,vengeance,2,20,0.1,0.02208,4.528985507246377,4.528985507246377,False
74,tags,tense,5,20,0.25,0.05536,4.515895953757226,4.515895953757226,False
74,tags,suspense,5,20,0.25,0.05568,4.489942528735632,4.489942528735632,False
74,tags,police,1,20,0.05,0.0112,4.464285714285714,4.464285714285714,False
74,tags,historical,2,20,0.1,0.02272,4.401408450704225,4.401408450704225,False
74,tags,quirky,1,20,0.05,0.01152,4.340277777777778,4.340277777777778,False
74,tags,film noir,1,20,0.05,0.01152,4.340277777777778,4.340277777777778,False
74,tags,thriller,3,20,0.15,0.03488,4.30045871559633,4.30045871559633,False
74,tags,fast paced,2,20,0.1,0.02368,4.222972972972974,4.222972972972974,False
74,tags,based on a true story,1,20,0.05,0.01184,4.222972972972974,4.222972972972974,False
74,tags,noir,1,20,0.05,0.01216,4.1118421052631575,4.1118421052631575,False
74,tags,ominous,1,20,0.05,0.01216,4.1118421052631575,4.1118421052631575,False
74,genres,Film-Noir,1,20,0.05,0.01248,4.006410256410256,4.006410256410256,False
74,tags,atmospheric,1,20,0.05,0.01248,4.006410256410256,4.006410256410256,False
74,tags,classic,6,20,0.3,0.0752,3.9893617021276593,3.9893617021276593,False
74,tags,adapted from:book,5,20,0.25,0.06336,3.945707070707071,3.945707070707071,False
74,tags,redemption,1,20,0.05,0.01312,3.810975609756098,3.810975609756098,False
74,tags,suspenseful,3,20,0.15,0.03968,3.780241935483871,3.780241935483871,False
74,tags,black and white,2,20,0.1,0.02656,3.7650602409638556,3.7650602409638556,False
74,tags,cult film,2,20,0.1,0.02688,3.7202380952380953,3.7202380952380953,False
74,tags,corruption,2,20,0.1,0.0272,3.6764705882352944,3.6764705882352944,False
74,tags,biography,1,20,0.05,0.01376,3.6337209302325584,3.6337209302325584,False
74,genres,War,3,20,0.15,0.0432,3.472222222222222,3.472222222222222,False
74,tags,betrayal,1,20,0.05,0.01472,3.3967391304347827,3.3967391304347827,False
74,tags,nazis,1,20,0.05,0.01472,3.3967391304347827,3.3967391304347827,False
74,tags,original,17,20,0.85,0.25024,3.3967391304347823,3.3967391304347823,False
74,tags,poignant,1,20,0.05,0.01504,3.3244680851063833,3.3244680851063833,False
74,tags,obsession,2,20,0.1,0.03104,3.2216494845360826,3.2216494845360826,False
74,genres,Thriller,9,20,0.45,0.14016,3.210616438356164,3.210616438356164,False
74,tags,happy ending,1,20,0.05,0.016,3.125,3.125,False
74,tags,biopic,1,20,0.05,0.01664,3.004807692307693,3.004807692307693,False
74,tags,biographical,1,20,0.05,0.01664,3.004807692307693,3.004807692307693,False
74,tags,murder,3,20,0.15,0.05024,2.985668789808917,2.985668789808917,False
74,tags,downbeat,1,20,0.05,0.01696,2.94811320754717,2.94811320754717,False
74,tags,drugs,1,20,0.05,0.01728,2.8935185185185186,2.8935185185185186,False
74,tags,creepy,2,20,0.1,0.03488,2.86697247706422,2.86697247706422,False
74,tags,sports,1,20,0.05,0.01792,2.7901785714285716,2.7901785714285716,False
74,tags,melancholic,2,20,0.1,0.0368,2.717391304347826,2.717391304347826,False
74,tags,bittersweet,1,20,0.05,0.01888,2.6483050847457625,2.6483050847457625,False
74,tags,independent film,1,20,0.05,0.0192,2.604166666666667,2.604166666666667,False
74,tags,enigmatic,2,20,0.1,0.04064,2.4606299212598426,2.4606299212598426,False
74,tags,true story,1,20,0.05,0.0208,2.403846153846154,2.403846153846154,False
74,tags,loneliness,2,20,0.1,0.04288,2.332089552238806,2.332089552238806,False
74,tags,weird,2,20,0.1,0.0448,2.232142857142857,2.232142857142857,False
74,tags,cult classic,2,20,0.1,0.04608,2.170138888888889,2.170138888888889,False
74,tags,small town,1,20,0.05,0.02368,2.111486486486487,2.111486486486487,False
74,tags,murder mystery,1,20,0.05,0.02368,2.111486486486487,2.111486486486487,False
74,tags,visually stunning,1,20,0.05,0.02528,1.9778481012658229,1.9778481012658229,False
74,tags,gunfight,1,20,0.05,0.0256,1.953125,1.953125,False
74,tags,reflective,1,20,0.05,0.02592,1.9290123456790125,1.9290123456790125,False
74,tags,bleak,1,20,0.05,0.02624,1.905487804878049,1.905487804878049,False
74,genres,Drama,15,20,0.75,0.39584,1.8947049312853677,1.8947049312853677,False
74,tags,talky,2,20,0.1,0.05312,1.8825301204819278,1.8825301204819278,False
74,tags,good sequel,1,20,0.05,0.02656,1.8825301204819278,1.8825301204819278,False
74,tags,relationships,2,20,0.1,0.05376,1.8601190476190477,1.8601190476190477,False
74,tags,sequel,1,20,0.05,0.02784,1.795977011494253,1.795977011494253,False
74,tags,feel-good,1,20,0.05,0.02784,1.795977011494253,1.795977011494253,False
74,tags,sequels,1,20,0.05,0.0288,1.7361111111111112,1.7361111111111112,False
74,tags,childhood,1,20,0.05,0.0304,1.6447368421052633,1.6447368421052633,False
74,genres,Mystery,1,20,0.05,0.03072,1.6276041666666667,1.6276041666666667,False
74,tags,beautifully filmed,1,20,0.05,0.032,1.5625,1.5625,False
74,tags,based on a book,2,20,0.1,0.06656,1.5024038461538465,1.5024038461538465,False
74,genres,Action,4,20,0.2,0.14528,1.3766519823788548,1.3766519823788548,False
74,tags,criterion,2,20,0.1,0.07456,1.3412017167381975,1.3412017167381975,False
74,tags,action,2,20,0.1,0.07968,1.2550200803212852,1.2550200803212852,False
74,tags,family,1,20,0.05,0.05152,0.9704968944099379,0.9704968944099379,False
74,tags,horror,1,20,0.05,0.064,0.78125,0.78125,False
74,genres,Comedy,1,20,0.05,0.32224,0.1551638530287984,0.1551638530287984,False
75,tags,perfect,1,20,0.05,0.00032,156.25,156.25,False
75,tags,boat,1,20,0.05,0.00096,52.083333333333336,52.083333333333336,False
75,tags,hollywood,1,20,0.05,0.00096,52.083333333333336,52.083333333333336,False
75,tags,private detective,3,20,0.15,0.0032,46.87499999999999,46.87499999999999,True
75,tags,love triangles,1,20,0.05,0.00128,39.0625,39.0625,False
75,tags,afi 100 (movie quotes),5,20,0.25,0.00672,37.20238095238095,37.20238095238095,True
75,tags,screwball,4,20,0.2,0.00544,36.76470588235294,36.76470588235294,True
75,tags,screwball comedy,4,20,0.2,0.00576,34.72222222222222,34.72222222222222,False
75,tags,afi 100,7,20,0.35,0.01024,34.17968749999999,34.17968749999999,False
75,genres,Film-Noir,8,20,0.4,0.01248,32.05128205128205,32.05128205128205,False
75,tags,entirely dialogue,1,20,0.05,0.0016,31.25,31.25,False
75,tags,cynical,5,20,0.25,0.00896,27.901785714285715,27.901785714285715,False
75,tags,witty,6,20,0.3,0.0112,26.785714285714285,26.785714285714285,False
75,tags,film noir,6,20,0.3,0.01152,26.041666666666664,26.041666666666664,False
75,tags,noir,6,20,0.3,0.01216,24.671052631578945,24.671052631578945,False
75,tags,farce,2,20,0.1,0.00448,22.321428571428573,22.321428571428573,False
75,tags,oscar (best writing - screenplay written directly for the screen),1,20,0.05,0.00224,22.321428571428573,22.321428571428573,False
75,tags,train,1,20,0.05,0.00224,22.321428571428573,22.321428571428573,False
75,tags,complicated,5,20,0.25,0.01152,21.70138888888889,21.70138888888889,False
75,tags,noir thriller,6,20,0.3,0.01408,21.30681818181818,21.30681818181818,False
75,tags,black and white,9,20,0.45,0.02656,16.94277108433735,16.94277108433735,False
75,tags,political corruption,2,20,0.1,0.00608,16.44736842105263,16.44736842105263,False
75,tags,neo-noir,4,20,0.2,0.01248,16.025641025641026,16.025641025641026,False
75,tags,quotable,8,20,0.4,0.02688,14.880952380952381,14.880952380952381,False
75,tags,great dialogue,2,20,0.1,0.00672,14.880952380952381,14.880952380952381,False
75,tags,mystery,5,20,0.25,0.01728,14.467592592592592,14.467592592592592,False
75,tags,crime gone awry,2,20,0.1,0.00704,14.204545454545455,14.204545454545455,False
75,tags,silent,2,20,0.1,0.00704,14.204545454545455,14.204545454545455,False
75,tags,hotel,1,20,0.05,0.00352,14.204545454545455,14.204545454545455,False
75,tags,talky,15,20,0.75,0.05312,14.118975903614457,14.118975903614457,False
75,tags,paranoid,1,20,0.05,0.00384,13.020833333333334,13.020833333333334,False
75,tags,voyeurism,1,20,0.05,0.00384,13.020833333333334,13.020833333333334,False
75,tags,classic,19,20,0.95,0.0752,12.632978723404253,12.632978723404253,False
75,tags,hitchcock,4,20,0.2,0.01664,12.019230769230772,12.019230769230772,False
75,tags,nazi,2,20,0.1,0.00832,12.019230769230772,12.019230769230772,False
75,tags,mistaken identity,1,20,0.05,0.00416,12.019230769230772,12.019230769230772,False
75,tags,atmospheric,3,20,0.15,0.01248,12.019230769230768,12.019230769230768,False
75,tags,interesting,5,20,0.25,0.02208,11.322463768115943,11.322463768115943,False
75,tags,broadway,1,20,0.05,0.00448,11.160714285714286,11.160714285714286,False
75,tags,adultery,2,20,0.1,0.00928,10.775862068965518,10.775862068965518,False
75,tags,detective,3,20,0.15,0.01408,10.65340909090909,10.65340909090909,False
75,tags,oscar (best directing),15,20,0.75,0.07264,10.32488986784141,10.32488986784141,False
75,tags,nazis,3,20,0.15,0.01472,10.190217391304348,10.190217391304348,False
75,tags,greed,5,20,0.25,0.02464,10.146103896103897,10.146103896103897,False
75,tags,claustrophobic,2,20,0.1,0.00992,10.080645161290324,10.080645161290324,False
75,tags,africa,1,20,0.05,0.00512,9.765625,9.765625,False
75,tags,imdb top 250,19,20,0.95,0.09824,9.670195439739414,9.670195439739414,False
75,tags,oscar winner,3,20,0.15,0.01568,9.566326530612244,9.566326530612244,False
75,tags,investigation,3,20,0.15,0.016,9.375,9.375,False
75,tags,complicated plot,1,20,0.05,0.00544,9.191176470588236,9.191176470588236,False
75,tags,oscar (best actress),10,20,0.5,0.05504,9.084302325581396,9.084302325581396,False
75,tags,dialogue,5,20,0.25,0.02752,9.084302325581396,9.084302325581396,False
75,tags,manipulation,2,20,0.1,0.0112,8.928571428571429,8.928571428571429,False
75,tags,complex,4,20,0.2,0.02304,8.680555555555555,8.680555555555555,False
75,tags,murder mystery,4,20,0.2,0.02368,8.445945945945947,8.445945945945947,False
75,tags,highly quotable,2,20,0.1,0.01184,8.445945945945947,8.445945945945947,False
75,tags,gangster,2,20,0.1,0.01216,8.223684210526315,8.223684210526315,False
75,tags,cross dressing,1,20,0.05,0.00608,8.223684210526315,8.223684210526315,False
75,tags,intellectual,1,20,0.05,0.00608,8.223684210526315,8.223684210526315,False
75,tags,oscar (best supporting actress),3,20,0.15,0.01856,8.081896551724137,8.081896551724137,False
75,tags,obsession,5,20,0.25,0.03104,8.054123711340205,8.054123711340205,False
75,tags,murder,8,20,0.4,0.05024,7.961783439490446,7.961783439490446,False
75,tags,great ending,6,20,0.3,0.03776,7.944915254237287,7.944915254237287,False
75,tags,spying,3,20,0.15,0.01888,7.944915254237287,7.944915254237287,False
75,tags,sacrifice,1,20,0.05,0.0064,7.8125,7.8125,False
75,tags,los angeles,1,20,0.05,0.0064,7.8125,7.8125,False
75,tags,oscar (best picture),5,20,0.25,0.03296,7.584951456310679,7.584951456310679,False
75,tags,masterpiece,10,20,0.5,0.0672,7.440476190476191,7.440476190476191,False
75,tags,new york,1,20,0.05,0.00672,7.440476190476191,7.440476190476191,False
75,tags,oscar (best cinematography),4,20,0.2,0.02816,7.1022727272727275,7.1022727272727275,False
75,tags,runaway,2,20,0.1,0.01408,7.1022727272727275,7.1022727272727275,False
75,tags,sarcasm,1,20,0.05,0.00704,7.1022727272727275,7.1022727272727275,False
75,tags,dark,3,20,0.15,0.02144,6.996268656716418,6.996268656716418,False
75,tags,spy,2,20,0.1,0.0144,6.944444444444445,6.944444444444445,False
75,tags,twists & turns,5,20,0.25,0.03648,6.853070175438597,6.853070175438597,False
75,tags,eerie,1,20,0.05,0.00736,6.793478260869565,6.793478260869565,False
75,tags,police investigation,4,20,0.2,0.03008,6.6489361702127665,6.6489361702127665,False
75,tags,1930s,2,20,0.1,0.01504,6.6489361702127665,6.6489361702127665,False
75,genres,Mystery,4,20,0.2,0.03072,6.510416666666667,6.510416666666667,False
75,tags,oscar (best actor),3,20,0.15,0.02304,6.510416666666666,6.510416666666666,False
75,tags,courage,2,20,0.1,0.01568,6.377551020408164,6.377551020408164,False
75,tags,espionage,2,20,0.1,0.01568,6.377551020408164,6.377551020408164,False
75,tags,suspenseful,5,20,0.25,0.03968,6.300403225806452,6.300403225806452,False
75,tags,enigmatic,5,20,0.25,0.04064,6.151574803149606,6.151574803149606,False
75,tags,satirical,2,20,0.1,0.01632,6.127450980392156,6.127450980392156,False
75,tags,excellent script,5,20,0.25,0.04128,6.056201550387597,6.056201550387597,False
75,tags,german,1,20,0.05,0.00832,6.009615384615386,6.009615384615386,False
75,tags,literary adaptation,1,20,0.05,0.00832,6.009615384615386,6.009615384615386,False
75,tags,sexy,3,20,0.15,0.02528,5.9335443037974684,5.9335443037974684,False
75,tags,great acting,10,20,0.5,0.08448,5.918560606060606,5.918560606060606,False
75,tags,downbeat,2,20,0.1,0.01696,5.89622641509434,5.89622641509434,False
75,tags,secrets,3,20,0.15,0.0256,5.859374999999999,5.859374999999999,False
75,tags,san francisco,1,20,0.05,0.00896,5.580357142857143,5.580357142857143,False
75,tags,oscar,3,20,0.15,0.0272,5.514705882352941,5.514705882352941,False
75,tags,tense,6,20,0.3,0.05536,5.41907514450867,5.41907514450867,False
75,tags,assassination,1,20,0.05,0.00928,5.387931034482759,5.387931034482759,False
75,tags,suspense,6,20,0.3,0.05568,5.387931034482758,5.387931034482758,False
75,tags,criterion,8,20,0.4,0.07456,5.36480686695279,5.36480686695279,False
75,tags,bittersweet,2,20,0.1,0.01888,5.296610169491525,5.296610169491525,False
75,tags,powerful ending,2,20,0.1,0.01888,5.296610169491525,5.296610169491525,False
75,tags,indians,1,20,0.05,0.0096,5.208333333333334,5.208333333333334,False
75,tags,exceptional acting,1,20,0.05,0.0096,5.208333333333334,5.208333333333334,False
75,tags,romance,4,20,0.2,0.03904,5.122950819672131,5.122950819672131,False
75,tags,affectionate,1,20,0.05,0.00992,5.040322580645162,5.040322580645162,False
75,tags,dance,1,20,0.05,0.01024,4.8828125,4.8828125,False
75,tags,narrated,2,20,0.1,0.0208,4.807692307692308,4.807692307692308,False
75,tags,jungle,1,20,0.05,0.01056,4.734848484848485,4.734848484848485,False
75,tags,dancing,1,20,0.05,0.01056,4.734848484848485,4.734848484848485,False
75,tags,character study,2,20,0.1,0.02144,4.664179104477612,4.664179104477612,False
75,tags,gangsters,2,20,0.1,0.02176,4.595588235294118,4.595588235294118,False
75,tags,good acting,1,20,0.05,0.0112,4.464285714285714,4.464285714285714,False
75,tags,crime,3,20,0.15,0.03456,4.340277777777778,4.340277777777778,False
75,tags,thriller,3,20,0.15,0.03488,4.30045871559633,4.30045871559633,False
75,tags,mafia,1,20,0.05,0.01184,4.222972972972974,4.222972972972974,False
75,tags,great,2,20,0.1,0.02496,4.006410256410256,4.006410256410256,False
75,tags,good music,1,20,0.05,0.01248,4.006410256410256,4.006410256410256,False
75,tags,mob,1,20,0.05,0.01248,4.006410256410256,4.006410256410256,False
75,tags,plot twist,1,20,0.05,0.0128,3.90625,3.90625,False
75,tags,bleak,2,20,0.1,0.02624,3.810975609756098,3.810975609756098,False
75,tags,romantic,4,20,0.2,0.05568,3.591954022988506,3.591954022988506,False
75,tags,oscar (best supporting actor),2,20,0.1,0.02784,3.591954022988506,3.591954022988506,False
75,tags,funny as hell,1,20,0.05,0.01408,3.5511363636363638,3.5511363636363638,False
75,tags,wwii,1,20,0.05,0.0144,3.4722222222222223,3.4722222222222223,False
75,tags,organized crime,1,20,0.05,0.0144,3.4722222222222223,3.4722222222222223,False
75,tags,betrayal,1,20,0.05,0.01472,3.3967391304347827,3.3967391304347827,False
75,tags,love story,4,20,0.2,0.06368,3.14070351758794,3.14070351758794,False
75,genres,Musical,2,20,0.1,0.03392,2.94811320754717,2.94811320754717,False
75,tags,world war ii,1,20,0.05,0.01696,2.94811320754717,2.94811320754717,False
75,tags,insanity,1,20,0.05,0.01696,2.94811320754717,2.94811320754717,False
75,tags,social commentary,1,20,0.05,0.01696,2.94811320754717,2.94811320754717,False
75,tags,romantic comedy,2,20,0.1,0.03424,2.9205607476635516,2.9205607476635516,False
75,tags,musical,1,20,0.05,0.0176,2.840909090909091,2.840909090909091,False
75,tags,original,14,20,0.7,0.25024,2.7973145780051145,2.7973145780051145,False
75,tags,melancholic,2,20,0.1,0.0368,2.717391304347826,2.717391304347826,False
75,tags,stylized,1,20,0.05,0.01856,2.6939655172413794,2.6939655172413794,False
75,tags,satire,1,20,0.05,0.01856,2.6939655172413794,2.6939655172413794,False
75,genres,Crime,3,20,0.15,0.05696,2.633426966292135,2.633426966292135,False
75,tags,wartime,1,20,0.05,0.0192,2.604166666666667,2.604166666666667,False
75,tags,adventure,2,20,0.1,0.04,2.5,2.5,False
75,tags,based on a play,1,20,0.05,0.0208,2.403846153846154,2.403846153846154,False
75,tags,funniest movies,1,20,0.05,0.0208,2.403846153846154,2.403846153846154,False
75,tags,amazing cinematography,1,20,0.05,0.02112,2.3674242424242427,2.3674242424242427,False
75,tags,adapted from:book,3,20,0.15,0.06336,2.367424242424242,2.367424242424242,False
75,tags,loneliness,2,20,0.1,0.04288,2.332089552238806,2.332089552238806,False
75,tags,dramatic,3,20,0.15,0.06464,2.3205445544554455,2.3205445544554455,False
75,genres,War,2,20,0.1,0.0432,2.314814814814815,2.314814814814815,False
75,genres,Romance,6,20,0.3,0.13312,2.253605769230769,2.253605769230769,False
75,tags,cinematography,2,20,0.1,0.04448,2.248201438848921,2.248201438848921,False
75,genres,Thriller,6,20,0.3,0.14016,2.1404109589041096,2.1404109589041096,False
75,tags,fast paced,1,20,0.05,0.02368,2.111486486486487,2.111486486486487,False
75,tags,stylish,1,20,0.05,0.02368,2.111486486486487,2.111486486486487,False
75,tags,intimate,1,20,0.05,0.02624,1.905487804878049,1.905487804878049,False
75,tags,corruption,1,20,0.05,0.0272,1.8382352941176472,1.8382352941176472,False
75,tags,music,1,20,0.05,0.02752,1.8168604651162792,1.8168604651162792,False
75,tags,pornography,1,20,0.05,0.03296,1.5169902912621358,1.5169902912621358,False
75,tags,drama,2,20,0.1,0.06656,1.5024038461538465,1.5024038461538465,False
75,tags,hilarious,1,20,0.05,0.03584,1.3950892857142858,1.3950892857142858,False
75,tags,comedy,3,20,0.15,0.11168,1.3431232091690544,1.3431232091690544,False
75,tags,great movie,1,20,0.05,0.04352,1.1488970588235294,1.1488970588235294,False
75,tags,visually appealing,1,20,0.05,0.04416,1.1322463768115942,1.1322463768115942,False
75,tags,chase,1,20,0.05,0.0528,0.946969696969697,0.946969696969697,False
75,genres,Comedy,6,20,0.3,0.32224,0.9309831181727903,0.9309831181727903,False
75,tags,relationships,1,20,0.05,0.05376,0.9300595238095238,0.9300595238095238,False
75,tags,storytelling,1,20,0.05,0.05536,0.9031791907514451,0.9031791907514451,False
75,tags,based on a book,1,20,0.05,0.06656,0.7512019230769232,0.7512019230769232,False
75,genres,Adventure,1,20,0.05,0.08256,0.6056201550387598,0.6056201550387598,False
75,genres,Drama,4,20,0.2,0.39584,0.5052546483427648,0.5052546483427648,False
75,genres,Action,1,20,0.05,0.14528,0.3441629955947137,0.3441629955947137,False
