timestamp,gpu_util_pct,vram_used_mib,vram_total_mib,vram_pct,cpu_pct,ram_used_mib,ram_total_mib,ram_pct,gpu_temp_c
2026-05-21 15:30:03,0.0,4,24576,0.0,0.0,544,257046,0.2,36
2026-05-21 15:30:27,0.0,4,24576,0.0,1449.8,13789,257046,5.4,36
2026-05-21 15:30:37,0.0,4,24576,0.0,92.4,14360,257046,5.6,36
2026-05-21 15:30:47,0.0,235,24576,1.0,105.3,15135,257046,5.9,36
2026-05-21 15:30:57,0.0,739,24576,3.0,175.6,16501,257046,6.4,36
2026-05-21 15:31:07,99.0,5342,24576,21.7,574.0,23878,257046,9.3,43
2026-05-21 15:31:17,100.0,5918,24576,24.1,787.2,25727,257046,10.0,46
2026-05-21 15:31:27,100.0,5918,24576,24.1,824.5,25732,257046,10.0,49
2026-05-21 15:31:38,100.0,5918,24576,24.1,819.8,25735,257046,10.0,50
2026-05-21 15:31:48,100.0,5918,24576,24.1,818.4,25734,257046,10.0,52
2026-05-21 15:31:58,100.0,5918,24576,24.1,819.0,25734,257046,10.0,54
2026-05-21 15:32:08,100.0,5918,24576,24.1,823.8,25734,257046,10.0,55
2026-05-21 15:32:18,100.0,5918,24576,24.1,87.1,25891,257046,10.1,57
2026-05-21 15:32:28,100.0,6290,24576,25.6,24.5,26048,257046,10.1,58
2026-05-21 15:32:38,100.0,6370,24576,25.9,4.7,26201,257046,10.2,59
2026-05-21 15:32:48,100.0,6370,24576,25.9,815.8,26205,257046,10.2,60
2026-05-21 15:32:58,99.0,6370,24576,25.9,813.0,26204,257046,10.2,61
2026-05-21 15:33:08,100.0,6370,24576,25.9,-105.3,26367,257046,10.3,61
2026-05-21 15:33:19,100.0,6370,24576,25.9,812.8,26369,257046,10.3,62
2026-05-21 15:33:29,100.0,6370,24576,25.9,816.5,26369,257046,10.3,63
2026-05-21 15:33:39,100.0,6370,24576,25.9,25.5,26373,257046,10.3,63
2026-05-21 15:33:49,99.0,6370,24576,25.9,810.7,26373,257046,10.3,64
2026-05-21 15:33:59,97.0,6370,24576,25.9,-944.3,26382,257046,10.3,64
2026-05-21 15:34:09,99.0,6370,24576,25.9,823.2,26382,257046,10.3,65
2026-05-21 15:34:19,99.0,6370,24576,25.9,810.0,26382,257046,10.3,65
2026-05-21 15:34:29,100.0,6370,24576,25.9,811.6,26382,257046,10.3,66
2026-05-21 15:34:39,100.0,6696,24576,27.2,-127.8,26550,257046,10.3,66
2026-05-21 15:34:49,99.0,6696,24576,27.2,41.2,25276,257046,9.8,66
2026-05-21 15:35:00,100.0,6696,24576,27.2,826.5,26551,257046,10.3,67
2026-05-21 15:35:10,100.0,6696,24576,27.2,-86.4,26561,257046,10.3,67
2026-05-21 15:35:20,100.0,6696,24576,27.2,12.2,26548,257046,10.3,67
2026-05-21 15:35:30,98.0,4322,24576,17.6,-916.5,24526,257046,9.5,67
2026-05-21 15:35:40,100.0,5162,24576,21.0,788.3,26359,257046,10.3,67
2026-05-21 15:35:50,99.0,5162,24576,21.0,872.1,26360,257046,10.3,67
2026-05-21 15:36:00,100.0,5162,24576,21.0,867.3,26359,257046,10.3,68
2026-05-21 15:36:10,100.0,5162,24576,21.0,136.3,26360,257046,10.3,68
2026-05-21 15:36:20,99.0,5162,24576,21.0,861.9,26360,257046,10.3,68
2026-05-21 15:36:31,100.0,5162,24576,21.0,865.8,26359,257046,10.3,68
2026-05-21 15:36:41,100.0,5162,24576,21.0,83.5,26347,257046,10.3,68
2026-05-21 15:36:51,100.0,5162,24576,21.0,857.2,26359,257046,10.3,68
2026-05-21 15:37:01,100.0,5162,24576,21.0,875.8,26359,257046,10.3,68
2026-05-21 15:37:11,96.0,3966,24576,16.1,-3725.5,23988,257046,9.3,68
2026-05-21 15:37:21,99.0,4496,24576,18.3,-819.7,26354,257046,10.3,68
2026-05-21 15:37:31,99.0,4496,24576,18.3,842.2,26355,257046,10.3,68
2026-05-21 15:37:41,99.0,4496,24576,18.3,-34.2,26364,257046,10.3,67
2026-05-21 15:37:51,99.0,4496,24576,18.3,838.7,26364,257046,10.3,67
2026-05-21 15:38:01,99.0,4496,24576,18.3,836.8,26364,257046,10.3,67
2026-05-21 15:38:12,98.0,4496,24576,18.3,-7.9,26365,257046,10.3,67
2026-05-21 15:38:22,99.0,4496,24576,18.3,838.1,26364,257046,10.3,67
2026-05-21 15:38:32,99.0,4496,24576,18.3,837.7,26364,257046,10.3,67
2026-05-21 15:38:42,99.0,4496,24576,18.3,39.4,26370,257046,10.3,67
2026-05-21 15:38:52,95.0,4496,24576,18.3,-92.9,26361,257046,10.3,66
2026-05-21 15:39:02,98.0,4496,24576,18.3,823.6,26375,257046,10.3,66
2026-05-21 15:39:12,97.0,4560,24576,18.6,-211.4,26540,257046,10.3,66
2026-05-21 15:39:22,99.0,4560,24576,18.6,837.7,26539,257046,10.3,66
2026-05-21 15:39:32,93.0,4560,24576,18.6,-17.5,26529,257046,10.3,66
2026-05-21 15:39:42,99.0,4560,24576,18.6,824.3,26540,257046,10.3,66
2026-05-21 15:39:52,99.0,4560,24576,18.6,832.7,26539,257046,10.3,66
2026-05-21 15:40:03,60.0,2916,24576,11.9,-6149.4,24402,257046,9.5,64
2026-05-21 15:40:13,89.0,5542,24576,22.6,717.5,26255,257046,10.2,64
2026-05-21 15:40:23,81.0,5542,24576,22.6,767.8,26255,257046,10.2,63
2026-05-21 15:40:33,55.0,4702,24576,19.1,-2450.2,24150,257046,9.4,61
2026-05-21 15:40:43,86.0,6404,24576,26.1,717.6,26047,257046,10.1,62
2026-05-21 15:40:53,77.0,6404,24576,26.1,-266.7,26055,257046,10.1,62
2026-05-21 15:41:03,83.0,6404,24576,26.1,-82.3,26057,257046,10.1,61
2026-05-21 15:41:13,83.0,6404,24576,26.1,764.3,26056,257046,10.1,61
2026-05-21 15:41:23,75.0,6404,24576,26.1,-19.1,26056,257046,10.1,61
2026-05-21 15:41:34,90.0,7162,24576,29.1,-86.9,24983,257046,9.7,62
2026-05-21 15:41:44,76.0,7162,24576,29.1,776.3,26179,257046,10.2,61
2026-05-21 15:41:54,84.0,7162,24576,29.1,774.0,26179,257046,10.2,61
2026-05-21 15:42:04,83.0,7618,24576,31.0,-30.2,26306,257046,10.2,61
2026-05-21 15:42:14,84.0,7618,24576,31.0,768.2,26306,257046,10.2,60
2026-05-21 15:42:24,76.0,7618,24576,31.0,-87.0,26307,257046,10.2,60
2026-05-21 15:42:34,70.0,7024,24576,28.6,-2109.7,23902,257046,9.3,60
2026-05-21 15:42:44,73.0,8794,24576,35.8,-89.9,26117,257046,10.2,60
2026-05-21 15:42:54,92.0,8794,24576,35.8,820.8,26120,257046,10.2,61
2026-05-21 15:43:04,98.0,8794,24576,35.8,-93.3,26113,257046,10.2,62
2026-05-21 15:43:14,93.0,8794,24576,35.8,801.1,26128,257046,10.2,61
2026-05-21 15:43:25,94.0,8794,24576,35.8,-42.3,26138,257046,10.2,61
2026-05-21 15:43:35,96.0,8794,24576,35.8,815.3,26138,257046,10.2,61
2026-05-21 15:43:45,96.0,8794,24576,35.8,808.5,26138,257046,10.2,61
2026-05-21 15:43:55,95.0,8794,24576,35.8,-812.7,26137,257046,10.2,61
2026-05-21 15:44:05,93.0,8794,24576,35.8,816.0,26137,257046,10.2,61
2026-05-21 15:44:15,96.0,9270,24576,37.7,79.8,26266,257046,10.2,61
2026-05-21 15:44:25,97.0,9270,24576,37.7,820.5,26265,257046,10.2,61
2026-05-21 15:44:35,92.0,9270,24576,37.7,823.9,26265,257046,10.2,61
2026-05-21 15:44:45,85.0,5886,24576,24.0,-1615.9,24312,257046,9.5,61
2026-05-21 15:44:56,99.0,7894,24576,32.1,760.0,26226,257046,10.2,62
2026-05-21 15:45:06,98.0,5736,24576,23.3,-1535.8,24292,257046,9.5,62
2026-05-21 15:45:16,99.0,6626,24576,27.0,-806.4,26105,257046,10.2,62
2026-05-21 15:45:26,99.0,6626,24576,27.0,839.3,26106,257046,10.2,63
2026-05-21 15:45:36,99.0,6626,24576,27.0,836.1,26106,257046,10.2,63
2026-05-21 15:45:46,99.0,6626,24576,27.0,837.0,26106,257046,10.2,63
2026-05-21 15:45:56,99.0,6626,24576,27.0,101.6,26115,257046,10.2,63
2026-05-21 15:46:06,99.0,6626,24576,27.0,836.6,26116,257046,10.2,63
2026-05-21 15:46:16,99.0,6626,24576,27.0,835.6,26119,257046,10.2,64
2026-05-21 15:46:26,99.0,6626,24576,27.0,836.8,26120,257046,10.2,64
2026-05-21 15:46:37,96.0,6626,24576,27.0,-810.1,26120,257046,10.2,64
2026-05-21 15:46:47,99.0,6626,24576,27.0,836.6,26120,257046,10.2,64
2026-05-21 15:46:57,99.0,6626,24576,27.0,836.5,26120,257046,10.2,64
2026-05-21 15:47:07,87.0,6626,24576,27.0,-248.9,26210,257046,10.2,64
2026-05-21 15:47:17,99.0,6626,24576,27.0,826.3,26239,257046,10.2,64
2026-05-21 15:47:27,86.0,6628,24576,27.0,-73.7,26335,257046,10.2,64
2026-05-21 15:47:37,99.0,6628,24576,27.0,819.9,26363,257046,10.3,64
2026-05-21 15:47:47,99.0,6628,24576,27.0,833.6,26363,257046,10.3,65
2026-05-21 15:47:57,99.0,6628,24576,27.0,66.8,26364,257046,10.3,65
2026-05-21 15:48:07,99.0,6628,24576,27.0,0.7,26363,257046,10.3,65
2026-05-21 15:48:17,98.0,4382,24576,17.8,-3139.1,24401,257046,9.5,65
2026-05-21 15:48:28,100.0,6326,24576,25.7,796.6,26261,257046,10.2,65
2026-05-21 15:48:38,100.0,6326,24576,25.7,843.6,26262,257046,10.2,66
2026-05-21 15:48:48,100.0,6326,24576,25.7,843.2,26262,257046,10.2,66
2026-05-21 15:48:58,100.0,6326,24576,25.7,834.0,26262,257046,10.2,66
2026-05-21 15:49:08,100.0,6326,24576,25.7,103.5,26262,257046,10.2,67
2026-05-21 15:49:18,100.0,6326,24576,25.7,837.2,26262,257046,10.2,67
2026-05-21 15:49:28,100.0,6326,24576,25.7,19.1,26263,257046,10.2,67
2026-05-21 15:49:38,100.0,6326,24576,25.7,834.7,26264,257046,10.2,67
2026-05-21 15:49:48,100.0,6326,24576,25.7,-159.9,26273,257046,10.2,67
2026-05-21 15:49:59,99.0,6326,24576,25.7,-38.2,26267,257046,10.2,68
2026-05-21 15:50:09,100.0,6326,24576,25.7,822.0,26282,257046,10.2,68
2026-05-21 15:50:19,100.0,6326,24576,25.7,-652.8,26455,257046,10.3,68
2026-05-21 15:50:29,100.0,6326,24576,25.7,833.1,26455,257046,10.3,68
2026-05-21 15:50:39,100.0,6326,24576,25.7,830.5,26456,257046,10.3,68
2026-05-21 15:50:49,100.0,6326,24576,25.7,13.1,26457,257046,10.3,68
2026-05-21 15:50:59,100.0,6326,24576,25.7,837.3,26459,257046,10.3,68
2026-05-21 15:51:09,100.0,6326,24576,25.7,845.1,26461,257046,10.3,68
2026-05-21 15:51:19,100.0,6326,24576,25.7,838.1,26460,257046,10.3,68
2026-05-21 15:51:29,100.0,6326,24576,25.7,842.6,26461,257046,10.3,68
2026-05-21 15:51:40,100.0,6326,24576,25.7,81.7,26460,257046,10.3,68
2026-05-21 15:51:50,100.0,6326,24576,25.7,839.4,26459,257046,10.3,68
2026-05-21 15:52:00,100.0,6326,24576,25.7,44.1,26457,257046,10.3,68
2026-05-21 15:52:10,100.0,6326,24576,25.7,69.9,26467,257046,10.3,68
2026-05-21 15:52:20,100.0,6326,24576,25.7,836.1,26467,257046,10.3,68
2026-05-21 15:52:30,100.0,6326,24576,25.7,837.9,26467,257046,10.3,69
2026-05-21 15:52:40,100.0,6326,24576,25.7,835.9,26468,257046,10.3,69
2026-05-21 15:52:50,61.0,3427,24576,13.9,-11048.8,21614,257046,8.4,67
2026-05-21 15:53:00,70.0,4232,24576,17.2,623.2,24389,257046,9.5,67
2026-05-21 15:53:10,92.0,5230,24576,21.3,711.0,26164,257046,10.2,67
2026-05-21 15:53:21,99.0,5230,24576,21.3,0.4,26166,257046,10.2,67
2026-05-21 15:53:31,66.0,5230,24576,21.3,-44.6,26154,257046,10.2,66
2026-05-21 15:53:41,99.0,5230,24576,21.3,757.6,26167,257046,10.2,67
2026-05-21 15:53:51,92.0,5230,24576,21.3,773.1,26167,257046,10.2,67
2026-05-21 15:54:01,98.0,5230,24576,21.3,778.1,26167,257046,10.2,67
2026-05-21 15:54:11,99.0,5230,24576,21.3,-4.7,26168,257046,10.2,67
2026-05-21 15:54:21,97.0,5230,24576,21.3,779.1,26168,257046,10.2,67
2026-05-21 15:54:31,99.0,5386,24576,21.9,-792.6,26291,257046,10.2,67
2026-05-21 15:54:41,95.0,5386,24576,21.9,754.2,26291,257046,10.2,67
2026-05-21 15:54:52,99.0,5386,24576,21.9,-205.5,26416,257046,10.3,67
2026-05-21 15:55:02,98.0,5386,24576,21.9,-55.4,26417,257046,10.3,67
2026-05-21 15:55:12,99.0,5386,24576,21.9,828.4,26418,257046,10.3,67
2026-05-21 15:55:22,98.0,5386,24576,21.9,820.2,26417,257046,10.3,67
2026-05-21 15:55:32,98.0,5386,24576,21.9,25.9,26418,257046,10.3,67
2026-05-21 15:55:42,97.0,5386,24576,21.9,57.0,26431,257046,10.3,67
2026-05-21 15:55:52,83.0,5386,24576,21.9,-35.0,26426,257046,10.3,67
2026-05-21 15:56:02,95.0,5386,24576,21.9,790.6,26425,257046,10.3,67
2026-05-21 15:56:12,94.0,5386,24576,21.9,-72.3,26433,257046,10.3,67
2026-05-21 15:56:22,96.0,5386,24576,21.9,-58.3,26434,257046,10.3,67
2026-05-21 15:56:32,86.0,5386,24576,21.9,777.8,26433,257046,10.3,67
2026-05-21 15:56:43,95.0,5386,24576,21.9,782.7,26433,257046,10.3,67
2026-05-21 15:56:53,94.0,5386,24576,21.9,-21.8,26433,257046,10.3,67
2026-05-21 15:57:03,70.0,5386,24576,21.9,50.1,26422,257046,10.3,66
2026-05-21 15:57:13,86.0,4424,24576,18.0,-724.8,23951,257046,9.3,66
2026-05-21 15:57:23,91.0,4439,24576,18.1,725.5,24689,257046,9.6,66
2026-05-21 15:57:33,99.0,5286,24576,21.5,850.2,26244,257046,10.2,66
2026-05-21 15:57:43,99.0,5286,24576,21.5,883.8,26244,257046,10.2,66
2026-05-21 15:57:53,99.0,5286,24576,21.5,-1015.5,26246,257046,10.2,66
2026-05-21 15:58:03,96.0,5286,24576,21.5,142.3,26246,257046,10.2,66
2026-05-21 15:58:14,99.0,5286,24576,21.5,854.4,26246,257046,10.2,66
2026-05-21 15:58:24,95.0,5286,24576,21.5,849.2,26246,257046,10.2,66
2026-05-21 15:58:34,99.0,5286,24576,21.5,-27.0,26247,257046,10.2,66
2026-05-21 15:58:44,99.0,5286,24576,21.5,854.5,26247,257046,10.2,66
2026-05-21 15:58:54,99.0,5286,24576,21.5,850.2,26246,257046,10.2,66
2026-05-21 15:59:04,99.0,5286,24576,21.5,853.4,26246,257046,10.2,66
2026-05-21 15:59:14,99.0,5286,24576,21.5,-6.6,26245,257046,10.2,66
2026-05-21 15:59:24,99.0,5286,24576,21.5,37.4,26245,257046,10.2,66
2026-05-21 15:59:34,91.0,5464,24576,22.2,-1058.3,26369,257046,10.3,65
2026-05-21 15:59:44,100.0,5464,24576,22.2,852.7,26370,257046,10.3,66
2026-05-21 15:59:55,99.0,5464,24576,22.2,856.2,26370,257046,10.3,66
2026-05-21 16:00:05,99.0,5464,24576,22.2,-6.1,26371,257046,10.3,66
2026-05-21 16:00:15,99.0,5464,24576,22.2,877.1,26371,257046,10.3,66
2026-05-21 16:00:25,100.0,5464,24576,22.2,876.4,26372,257046,10.3,66
2026-05-21 16:00:35,99.0,5464,24576,22.2,90.0,26371,257046,10.3,66
2026-05-21 16:00:45,99.0,5464,24576,22.2,30.3,26371,257046,10.3,66
2026-05-21 16:00:55,99.0,5464,24576,22.2,866.7,26371,257046,10.3,66
2026-05-21 16:01:05,99.0,5464,24576,22.2,874.3,26371,257046,10.3,66
2026-05-21 16:01:15,99.0,5464,24576,22.2,-856.5,26371,257046,10.3,66
2026-05-21 16:01:26,99.0,5464,24576,22.2,848.9,26372,257046,10.3,66
2026-05-21 16:01:36,99.0,5464,24576,22.2,852.5,26372,257046,10.3,66
2026-05-21 16:01:46,99.0,5464,24576,22.2,-1.5,26365,257046,10.3,65
2026-05-21 16:01:56,99.0,5464,24576,22.2,48.3,26381,257046,10.3,66
2026-05-21 16:02:06,99.0,5464,24576,22.2,9.8,26382,257046,10.3,66
2026-05-21 16:02:16,99.0,5464,24576,22.2,856.0,26381,257046,10.3,66
2026-05-21 16:02:26,99.0,5464,24576,22.2,846.4,26381,257046,10.3,66
2026-05-21 16:02:36,99.0,5464,24576,22.2,857.3,26381,257046,10.3,66
2026-05-21 16:02:46,99.0,5464,24576,22.2,-24.0,26381,257046,10.3,66
2026-05-21 16:02:56,99.0,5464,24576,22.2,-157.1,26382,257046,10.3,66
2026-05-21 16:03:07,99.0,5464,24576,22.2,855.8,26382,257046,10.3,66
2026-05-21 16:03:17,99.0,5464,24576,22.2,40.7,26381,257046,10.3,66
2026-05-21 16:03:27,99.0,5464,24576,22.2,847.4,26382,257046,10.3,66
2026-05-21 16:03:37,99.0,5464,24576,22.2,-15.9,26382,257046,10.3,66
2026-05-21 16:03:47,98.0,5464,24576,22.2,849.4,26382,257046,10.3,66
2026-05-21 16:03:57,91.0,4424,24576,18.0,-3899.6,24153,257046,9.4,65
2026-05-21 16:04:07,100.0,7796,24576,31.7,756.9,26368,257046,10.3,67
2026-05-21 16:04:17,100.0,7796,24576,31.7,36.0,26368,257046,10.3,67
2026-05-21 16:04:27,100.0,7796,24576,31.7,901.4,26367,257046,10.3,67
2026-05-21 16:04:37,100.0,7796,24576,31.7,-897.0,26367,257046,10.3,67
2026-05-21 16:04:48,100.0,7796,24576,31.7,897.9,26367,257046,10.3,68
2026-05-21 16:04:58,100.0,7796,24576,31.7,896.8,26367,257046,10.3,68
2026-05-21 16:05:08,100.0,7796,24576,31.7,895.2,26366,257046,10.3,68
2026-05-21 16:05:18,100.0,7796,24576,31.7,213.7,26353,257046,10.3,68
2026-05-21 16:05:28,100.0,7796,24576,31.7,889.4,26367,257046,10.3,68
2026-05-21 16:05:38,100.0,7796,24576,31.7,62.1,26366,257046,10.3,69
2026-05-21 16:05:48,100.0,7796,24576,31.7,899.1,26366,257046,10.3,69
2026-05-21 16:05:58,100.0,7796,24576,31.7,112.7,26367,257046,10.3,69
2026-05-21 16:06:08,100.0,8242,24576,33.5,-108.0,26501,257046,10.3,69
2026-05-21 16:06:19,100.0,8242,24576,33.5,885.4,26526,257046,10.3,69
2026-05-21 16:06:29,100.0,8242,24576,33.5,901.5,26526,257046,10.3,69
2026-05-21 16:06:39,100.0,8242,24576,33.5,151.0,26527,257046,10.3,69
2026-05-21 16:06:49,100.0,8242,24576,33.5,-88.2,26528,257046,10.3,69
2026-05-21 16:06:59,100.0,8242,24576,33.5,879.8,26529,257046,10.3,69
2026-05-21 16:07:09,100.0,7418,24576,30.2,-9956.9,23954,257046,9.3,69
2026-05-21 16:07:19,100.0,7722,24576,31.4,826.6,25856,257046,10.1,69
2026-05-21 16:07:29,100.0,8472,24576,34.5,855.8,26297,257046,10.2,69
2026-05-21 16:07:39,100.0,8472,24576,34.5,869.8,26297,257046,10.2,69
2026-05-21 16:07:49,100.0,8472,24576,34.5,868.8,26297,257046,10.2,69
2026-05-21 16:08:00,100.0,8472,24576,34.5,41.2,26296,257046,10.2,69
2026-05-21 16:08:10,100.0,8472,24576,34.5,872.1,26295,257046,10.2,69
2026-05-21 16:08:20,100.0,8472,24576,34.5,-890.1,26300,257046,10.2,69
2026-05-21 16:08:30,100.0,8472,24576,34.5,868.0,26300,257046,10.2,69
2026-05-21 16:08:40,100.0,8472,24576,34.5,871.5,26301,257046,10.2,69
2026-05-21 16:08:50,100.0,8472,24576,34.5,867.5,26303,257046,10.2,69
2026-05-21 16:09:00,100.0,8716,24576,35.5,36.5,26466,257046,10.3,69
2026-05-21 16:09:10,100.0,8716,24576,35.5,47.2,26468,257046,10.3,69
2026-05-21 16:09:20,100.0,8716,24576,35.5,19.5,25190,257046,9.8,69
2026-05-21 16:09:30,100.0,8716,24576,35.5,874.7,26468,257046,10.3,69
2026-05-21 16:09:41,100.0,8716,24576,35.5,868.7,26468,257046,10.3,70
2026-05-21 16:09:51,100.0,8716,24576,35.5,867.5,26468,257046,10.3,69
2026-05-21 16:10:01,100.0,8716,24576,35.5,867.5,26468,257046,10.3,69
2026-05-21 16:10:11,100.0,8716,24576,35.5,871.7,26469,257046,10.3,70
2026-05-21 16:10:21,100.0,8716,24576,35.5,872.4,26469,257046,10.3,69
2026-05-21 16:10:31,100.0,8716,24576,35.5,30.0,26475,257046,10.3,70
2026-05-21 16:10:41,100.0,8716,24576,35.5,865.3,26475,257046,10.3,69
2026-05-21 16:10:51,98.0,4898,24576,19.9,-5041.1,24115,257046,9.4,70
2026-05-21 16:11:01,100.0,6060,24576,24.7,826.2,26206,257046,10.2,70
2026-05-21 16:11:12,100.0,6060,24576,24.7,42.3,26206,257046,10.2,69
2026-05-21 16:11:22,98.0,6060,24576,24.7,0.8,26192,257046,10.2,70
2026-05-21 16:11:32,99.0,6060,24576,24.7,853.7,26205,257046,10.2,70
2026-05-21 16:11:42,100.0,6060,24576,24.7,870.0,26205,257046,10.2,69
2026-05-21 16:11:52,91.0,6060,24576,24.7,54.1,24967,257046,9.7,69
2026-05-21 16:12:02,91.0,5014,24576,20.4,-2380.7,24517,257046,9.5,69
2026-05-21 16:12:12,99.0,6356,24576,25.9,138.5,26170,257046,10.2,69
2026-05-21 16:12:22,100.0,6356,24576,25.9,849.7,26195,257046,10.2,69
2026-05-21 16:12:32,100.0,6356,24576,25.9,875.2,26195,257046,10.2,69
2026-05-21 16:12:42,99.0,6356,24576,25.9,877.2,26194,257046,10.2,69
2026-05-21 16:12:53,100.0,6356,24576,25.9,127.2,26194,257046,10.2,69
2026-05-21 16:13:03,100.0,6356,24576,25.9,-84.5,26195,257046,10.2,69
2026-05-21 16:13:13,99.0,6356,24576,25.9,873.6,26195,257046,10.2,69
2026-05-21 16:13:23,100.0,6356,24576,25.9,46.2,26194,257046,10.2,69
2026-05-21 16:13:33,100.0,6356,24576,25.9,117.5,26199,257046,10.2,69
2026-05-21 16:13:43,100.0,6356,24576,25.9,855.7,26199,257046,10.2,69
2026-05-21 16:13:53,99.0,6356,24576,25.9,855.4,26200,257046,10.2,69
2026-05-21 16:14:03,99.0,6356,24576,25.9,856.3,26200,257046,10.2,69
2026-05-21 16:14:13,99.0,6356,24576,25.9,893.2,26200,257046,10.2,69
2026-05-21 16:14:23,73.0,4412,24576,18.0,-13614.9,23859,257046,9.3,67
2026-05-21 16:14:34,96.0,5274,24576,21.5,-203.9,26119,257046,10.2,67
2026-05-21 16:14:44,95.0,5604,24576,22.8,-1010.3,26228,257046,10.2,67
2026-05-21 16:14:54,93.0,4174,24576,17.0,-1309.2,24357,257046,9.5,66
2026-05-21 16:15:04,97.0,4858,24576,19.8,789.2,26183,257046,10.2,66
2026-05-21 16:15:14,95.0,4858,24576,19.8,823.7,26184,257046,10.2,66
2026-05-21 16:15:24,98.0,4858,24576,19.8,825.3,26183,257046,10.2,66
2026-05-21 16:15:34,95.0,4858,24576,19.8,824.4,26184,257046,10.2,66
2026-05-21 16:15:44,98.0,4858,24576,19.8,829.4,26183,257046,10.2,66
2026-05-21 16:15:54,97.0,4858,24576,19.8,59.1,26342,257046,10.2,66
2026-05-21 16:16:04,96.0,4858,24576,19.8,-33.7,26341,257046,10.2,66
2026-05-21 16:16:15,98.0,4858,24576,19.8,-41.5,26341,257046,10.2,66
2026-05-21 16:16:25,97.0,4974,24576,20.2,17.6,26510,257046,10.3,66
2026-05-21 16:16:35,90.0,4974,24576,20.2,824.8,26511,257046,10.3,65
2026-05-21 16:16:45,97.0,4974,24576,20.2,-278.5,26518,257046,10.3,65
2026-05-21 16:16:55,97.0,4974,24576,20.2,826.5,26519,257046,10.3,65
2026-05-21 16:17:05,97.0,4974,24576,20.2,822.8,26518,257046,10.3,65
2026-05-21 16:17:15,97.0,4974,24576,20.2,26.6,26524,257046,10.3,65
2026-05-21 16:17:25,99.0,4974,24576,20.2,-36.4,26525,257046,10.3,65
2026-05-21 16:17:35,96.0,4974,24576,20.2,-742.4,26513,257046,10.3,65
2026-05-21 16:17:45,99.0,4974,24576,20.2,814.6,26526,257046,10.3,65
2026-05-21 16:17:56,97.0,4974,24576,20.2,824.3,26527,257046,10.3,65
2026-05-21 16:18:06,96.0,4974,24576,20.2,824.0,26527,257046,10.3,65
2026-05-21 16:18:16,82.0,4974,24576,20.2,139.8,26515,257046,10.3,65
2026-05-21 16:18:26,75.0,4112,24576,16.7,-238.6,24446,257046,9.5,64
2026-05-21 16:18:36,51.0,3098,24576,12.6,-4056.0,23794,257046,9.3,62
2026-05-21 16:18:46,66.0,3592,24576,14.6,656.5,26212,257046,10.2,62
2026-05-21 16:18:56,56.0,3592,24576,14.6,-81.9,26212,257046,10.2,61
2026-05-21 16:19:06,68.0,3592,24576,14.6,-1118.0,26212,257046,10.2,61
2026-05-21 16:19:16,72.0,3592,24576,14.6,719.2,26212,257046,10.2,60
2026-05-21 16:19:26,67.0,3592,24576,14.6,716.3,26211,257046,10.2,60
2026-05-21 16:19:37,66.0,3592,24576,14.6,715.0,26211,257046,10.2,60
2026-05-21 16:19:47,69.0,3592,24576,14.6,715.4,26210,257046,10.2,59
2026-05-21 16:19:57,61.0,3760,24576,15.3,-726.4,26529,257046,10.3,58
2026-05-21 16:20:07,67.0,3760,24576,15.3,703.2,26530,257046,10.3,58
2026-05-21 16:20:17,60.0,3760,24576,15.3,-52.0,26530,257046,10.3,58
2026-05-21 16:20:27,63.0,3760,24576,15.3,-129.4,26530,257046,10.3,58
2026-05-21 16:20:37,62.0,3760,24576,15.3,720.5,26520,257046,10.3,58
2026-05-21 16:20:47,65.0,3760,24576,15.3,-268.4,26532,257046,10.3,58
2026-05-21 16:20:57,62.0,3760,24576,15.3,717.9,26531,257046,10.3,57
2026-05-21 16:21:07,64.0,3760,24576,15.3,-826.1,26509,257046,10.3,57
2026-05-21 16:21:18,62.0,3760,24576,15.3,671.5,26539,257046,10.3,57
2026-05-21 16:21:28,63.0,3760,24576,15.3,703.4,26540,257046,10.3,57
2026-05-21 16:21:38,58.0,3760,24576,15.3,-67.0,26541,257046,10.3,56
2026-05-21 16:21:48,61.0,3760,24576,15.3,-56.1,26540,257046,10.3,56
2026-05-21 16:21:58,61.0,3760,24576,15.3,704.1,26540,257046,10.3,56
2026-05-21 16:22:08,71.0,3760,24576,15.3,714.1,26540,257046,10.3,56
2026-05-21 16:22:18,59.0,3760,24576,15.3,-281.5,26530,257046,10.3,56
2026-05-21 16:22:28,62.0,3760,24576,15.3,-81.1,26527,257046,10.3,56
2026-05-21 16:22:38,52.0,3008,24576,12.2,-924.3,24517,257046,9.5,56
2026-05-21 16:22:48,84.0,4324,24576,17.6,-78.5,26363,257046,10.3,57
2026-05-21 16:22:59,88.0,4324,24576,17.6,-6.9,26374,257046,10.3,57
2026-05-21 16:23:09,92.0,4324,24576,17.6,763.2,26374,257046,10.3,58
2026-05-21 16:23:19,89.0,4324,24576,17.6,776.6,26374,257046,10.3,58
2026-05-21 16:23:29,87.0,4324,24576,17.6,767.1,26374,257046,10.3,58
2026-05-21 16:23:39,89.0,4324,24576,17.6,762.2,26374,257046,10.3,59
2026-05-21 16:23:49,88.0,4324,24576,17.6,-17.2,26373,257046,10.3,59
2026-05-21 16:23:59,89.0,4324,24576,17.6,-232.1,26374,257046,10.3,59
2026-05-21 16:24:09,79.0,4324,24576,17.6,-728.9,25119,257046,9.8,59
2026-05-21 16:24:19,87.0,4650,24576,18.9,-140.0,26547,257046,10.3,59
2026-05-21 16:24:30,89.0,4650,24576,18.9,765.7,26547,257046,10.3,60
2026-05-21 16:24:40,91.0,4650,24576,18.9,758.8,26547,257046,10.3,60
2026-05-21 16:24:50,84.0,4650,24576,18.9,765.8,26547,257046,10.3,60
2026-05-21 16:25:00,89.0,4650,24576,18.9,81.3,26547,257046,10.3,60
2026-05-21 16:25:10,84.0,4650,24576,18.9,759.5,26547,257046,10.3,60
2026-05-21 16:25:20,87.0,4650,24576,18.9,766.0,26546,257046,10.3,60
2026-05-21 16:25:30,84.0,4650,24576,18.9,-906.8,25270,257046,9.8,60
2026-05-21 16:25:40,93.0,4650,24576,18.9,-1079.0,26556,257046,10.3,60
2026-05-21 16:25:50,94.0,4650,24576,18.9,768.3,26556,257046,10.3,60
2026-05-21 16:26:00,77.0,4650,24576,18.9,768.4,26556,257046,10.3,60
2026-05-21 16:26:11,89.0,4650,24576,18.9,62.3,26556,257046,10.3,60
2026-05-21 16:26:21,87.0,4650,24576,18.9,765.8,26556,257046,10.3,60
2026-05-21 16:26:31,92.0,4650,24576,18.9,766.0,26556,257046,10.3,61
2026-05-21 16:26:41,90.0,4650,24576,18.9,769.7,26545,257046,10.3,61
2026-05-21 16:26:51,78.0,4650,24576,18.9,-773.3,26556,257046,10.3,60
2026-05-21 16:27:01,79.0,4650,24576,18.9,738.8,26556,257046,10.3,60
2026-05-21 16:27:11,54.0,3008,24576,12.2,-1676.2,24216,257046,9.4,58
2026-05-21 16:27:21,61.0,3518,24576,14.3,-329.4,26460,257046,10.3,58
2026-05-21 16:27:31,61.0,3518,24576,14.3,-81.8,26459,257046,10.3,58
2026-05-21 16:27:42,59.0,3518,24576,14.3,689.8,26459,257046,10.3,57
2026-05-21 16:27:52,54.0,3518,24576,14.3,690.8,26459,257046,10.3,57
2026-05-21 16:28:02,61.0,3518,24576,14.3,697.8,26460,257046,10.3,56
2026-05-21 16:28:12,62.0,3518,24576,14.3,-953.5,26460,257046,10.3,56
2026-05-21 16:28:22,61.0,3518,24576,14.3,698.4,26459,257046,10.3,56
2026-05-21 16:28:32,55.0,3582,24576,14.6,13.4,26618,257046,10.4,56
2026-05-21 16:28:42,60.0,3582,24576,14.6,-69.8,26607,257046,10.4,56
2026-05-21 16:28:52,40.0,3582,24576,14.6,-280.0,26610,257046,10.4,55
2026-05-21 16:29:02,59.0,3582,24576,14.6,684.8,26620,257046,10.4,55
2026-05-21 16:29:12,65.0,3582,24576,14.6,60.1,26620,257046,10.4,55
2026-05-21 16:29:22,56.0,3582,24576,14.6,704.9,26620,257046,10.4,55
2026-05-21 16:29:33,61.0,3582,24576,14.6,-127.1,26621,257046,10.4,55
2026-05-21 16:29:43,59.0,3582,24576,14.6,-15.9,26626,257046,10.4,55
2026-05-21 16:29:53,64.0,3582,24576,14.6,702.9,26626,257046,10.4,55
2026-05-21 16:30:03,60.0,3582,24576,14.6,-81.1,26628,257046,10.4,55
2026-05-21 16:30:13,60.0,3582,24576,14.6,701.7,26628,257046,10.4,55
2026-05-21 16:30:23,62.0,3582,24576,14.6,47.2,26628,257046,10.4,55
2026-05-21 16:30:33,62.0,3582,24576,14.6,-271.5,26628,257046,10.4,54
2026-05-21 16:30:43,70.0,3582,24576,14.6,695.8,26628,257046,10.4,55
2026-05-21 16:30:53,42.0,3582,24576,14.6,-840.4,25325,257046,9.9,54
2026-05-21 16:31:03,60.0,3008,24576,12.2,187.8,24635,257046,9.6,54
2026-05-21 16:31:14,86.0,4928,24576,20.1,720.5,26406,257046,10.3,56
2026-05-21 16:31:24,91.0,4928,24576,20.1,-678.6,26405,257046,10.3,57
2026-05-21 16:31:34,83.0,4928,24576,20.1,750.6,26405,257046,10.3,58
2026-05-21 16:31:44,85.0,4928,24576,20.1,752.6,26404,257046,10.3,58
2026-05-21 16:31:54,82.0,4928,24576,20.1,733.0,26404,257046,10.3,58
2026-05-21 16:32:04,92.0,4928,24576,20.1,752.6,26405,257046,10.3,59
2026-05-21 16:32:14,93.0,4928,24576,20.1,-209.6,26406,257046,10.3,60
2026-05-21 16:32:24,81.0,4928,24576,20.1,-45.0,26406,257046,10.3,60
2026-05-21 16:32:34,71.0,4934,24576,20.1,-1529.6,25309,257046,9.8,60
2026-05-21 16:32:44,81.0,4134,24576,16.8,-2735.6,24644,257046,9.6,60
2026-05-21 16:32:54,100.0,5254,24576,21.4,818.9,26470,257046,10.3,62
2026-05-21 16:33:05,100.0,5254,24576,21.4,886.6,26470,257046,10.3,62
2026-05-21 16:33:15,100.0,5254,24576,21.4,878.7,26469,257046,10.3,63
2026-05-21 16:33:25,100.0,5254,24576,21.4,879.2,26470,257046,10.3,63
2026-05-21 16:33:35,100.0,5254,24576,21.4,23.5,26470,257046,10.3,64
2026-05-21 16:33:45,100.0,5254,24576,21.4,50.1,26468,257046,10.3,64
2026-05-21 16:33:55,100.0,5254,24576,21.4,-730.3,26470,257046,10.3,65
2026-05-21 16:34:05,99.0,5254,24576,21.4,877.0,26470,257046,10.3,65
2026-05-21 16:34:15,100.0,5254,24576,21.4,878.8,26470,257046,10.3,65
2026-05-21 16:34:25,100.0,5254,24576,21.4,875.1,26470,257046,10.3,66
2026-05-21 16:34:36,99.0,5516,24576,22.4,4.6,26634,257046,10.4,66
2026-05-21 16:34:46,99.0,5516,24576,22.4,876.8,26634,257046,10.4,66
2026-05-21 16:34:56,100.0,5516,24576,22.4,877.9,26635,257046,10.4,67
2026-05-21 16:35:06,100.0,5516,24576,22.4,-769.4,26627,257046,10.4,67
2026-05-21 16:35:16,85.0,4860,24576,19.8,-14525.2,24558,257046,9.6,66
2026-05-21 16:35:26,99.0,5338,24576,21.7,782.9,26441,257046,10.3,67
2026-05-21 16:35:36,99.0,5338,24576,21.7,893.9,26443,257046,10.3,67
2026-05-21 16:35:46,100.0,5338,24576,21.7,895.4,26443,257046,10.3,67
2026-05-21 16:35:56,99.0,5338,24576,21.7,899.0,26443,257046,10.3,67
2026-05-21 16:36:06,100.0,5338,24576,21.7,4.7,26452,257046,10.3,67
2026-05-21 16:36:17,99.0,5338,24576,21.7,895.4,26451,257046,10.3,67
2026-05-21 16:36:27,92.0,5338,24576,21.7,38.5,26453,257046,10.3,67
2026-05-21 16:36:37,100.0,5338,24576,21.7,-813.9,26455,257046,10.3,67
2026-05-21 16:36:47,99.0,5390,24576,21.9,58.6,26635,257046,10.4,67
2026-05-21 16:36:57,100.0,5390,24576,21.9,885.1,26635,257046,10.4,68
2026-05-21 16:37:07,99.0,5390,24576,21.9,885.7,26635,257046,10.4,68
2026-05-21 16:37:17,100.0,5390,24576,21.9,886.2,26636,257046,10.4,68
2026-05-21 16:37:27,100.0,5390,24576,21.9,889.6,26636,257046,10.4,68
2026-05-21 16:37:37,100.0,5390,24576,21.9,887.5,26636,257046,10.4,68
2026-05-21 16:37:47,100.0,5390,24576,21.9,-701.9,26636,257046,10.4,68
2026-05-21 16:37:58,99.0,4838,24576,19.7,-4209.0,24284,257046,9.4,68
2026-05-21 16:38:08,95.0,7554,24576,30.7,-1030.3,26431,257046,10.3,68
2026-05-21 16:38:18,100.0,7554,24576,30.7,857.2,26445,257046,10.3,68
2026-05-21 16:38:28,100.0,7554,24576,30.7,874.0,26445,257046,10.3,68
2026-05-21 16:38:38,100.0,7554,24576,30.7,873.2,26444,257046,10.3,68
2026-05-21 16:38:48,100.0,7554,24576,30.7,871.5,26444,257046,10.3,69
2026-05-21 16:38:58,100.0,7554,24576,30.7,865.4,26444,257046,10.3,69
2026-05-21 16:39:08,100.0,7554,24576,30.7,173.1,26445,257046,10.3,69
2026-05-21 16:39:18,100.0,7554,24576,30.7,874.6,26444,257046,10.3,69
2026-05-21 16:39:29,100.0,7554,24576,30.7,107.3,26445,257046,10.3,69
2026-05-21 16:39:39,100.0,7554,24576,30.7,868.3,26445,257046,10.3,69
2026-05-21 16:39:49,100.0,7554,24576,30.7,865.3,26445,257046,10.3,69
2026-05-21 16:39:59,100.0,7554,24576,30.7,31.7,25156,257046,9.8,69
2026-05-21 16:40:09,100.0,7554,24576,30.7,858.2,26447,257046,10.3,69
2026-05-21 16:40:19,100.0,7554,24576,30.7,7.3,26446,257046,10.3,69
2026-05-21 16:40:29,100.0,7554,24576,30.7,869.7,26446,257046,10.3,69
2026-05-21 16:40:39,100.0,7554,24576,30.7,-595.4,26433,257046,10.3,69
2026-05-21 16:40:49,100.0,7554,24576,30.7,858.3,26445,257046,10.3,69
2026-05-21 16:40:59,100.0,7554,24576,30.7,870.2,26446,257046,10.3,69
2026-05-21 16:41:10,100.0,7554,24576,30.7,873.7,26446,257046,10.3,69
2026-05-21 16:41:20,100.0,7554,24576,30.7,874.3,26446,257046,10.3,69
2026-05-21 16:41:30,100.0,8342,24576,33.9,77.2,26635,257046,10.4,69
2026-05-21 16:41:40,100.0,8342,24576,33.9,871.9,26635,257046,10.4,69
2026-05-21 16:41:50,100.0,8342,24576,33.9,877.3,26634,257046,10.4,69
2026-05-21 16:42:00,100.0,8342,24576,33.9,88.2,26636,257046,10.4,69
2026-05-21 16:42:10,100.0,8342,24576,33.9,95.7,26636,257046,10.4,69
2026-05-21 16:42:20,100.0,8342,24576,33.9,873.2,26635,257046,10.4,69
2026-05-21 16:42:30,100.0,8342,24576,33.9,47.0,26638,257046,10.4,69
2026-05-21 16:42:40,100.0,8342,24576,33.9,37.1,26639,257046,10.4,70
2026-05-21 16:42:51,100.0,8342,24576,33.9,893.2,26638,257046,10.4,69
2026-05-21 16:43:01,100.0,8342,24576,33.9,895.8,26638,257046,10.4,70
2026-05-21 16:43:11,100.0,8342,24576,33.9,183.0,26627,257046,10.4,69
2026-05-21 16:43:21,100.0,8342,24576,33.9,860.7,26638,257046,10.4,70
2026-05-21 16:43:31,100.0,8342,24576,33.9,872.9,26638,257046,10.4,70
2026-05-21 16:43:41,100.0,8342,24576,33.9,60.6,26639,257046,10.4,69
2026-05-21 16:43:51,100.0,8342,24576,33.9,872.4,26639,257046,10.4,69
2026-05-21 16:44:01,100.0,8342,24576,33.9,874.6,26639,257046,10.4,69
2026-05-21 16:44:11,100.0,8342,24576,33.9,871.4,26639,257046,10.4,70
2026-05-21 16:44:22,100.0,8342,24576,33.9,872.3,26639,257046,10.4,70
2026-05-21 16:44:32,100.0,8342,24576,33.9,71.1,25371,257046,9.9,70
2026-05-21 16:44:42,99.0,8342,24576,33.9,-828.9,26626,257046,10.4,70
2026-05-21 16:44:52,100.0,8342,24576,33.9,893.5,26640,257046,10.4,70
2026-05-21 16:45:02,100.0,8342,24576,33.9,891.8,26640,257046,10.4,69
2026-05-21 16:45:12,100.0,8342,24576,33.9,-729.1,26616,257046,10.4,70
2026-05-21 16:45:22,100.0,8342,24576,33.9,874.7,26642,257046,10.4,70
2026-05-21 16:45:32,100.0,8342,24576,33.9,893.2,26642,257046,10.4,70
2026-05-21 16:45:42,100.0,8342,24576,33.9,232.4,26643,257046,10.4,70
2026-05-21 16:45:52,100.0,8342,24576,33.9,892.2,26643,257046,10.4,70
2026-05-21 16:46:02,100.0,8342,24576,33.9,894.8,26643,257046,10.4,70
2026-05-21 16:46:13,100.0,8342,24576,33.9,894.1,26643,257046,10.4,70
2026-05-21 16:46:23,100.0,8342,24576,33.9,894.1,26643,257046,10.4,70
2026-05-21 16:46:33,100.0,8342,24576,33.9,894.4,26643,257046,10.4,70
2026-05-21 16:46:43,100.0,8342,24576,33.9,247.0,26635,257046,10.4,70
2026-05-21 16:46:53,100.0,8342,24576,33.9,-877.0,26639,257046,10.4,69
2026-05-21 16:47:03,100.0,8342,24576,33.9,876.4,26645,257046,10.4,70
2026-05-21 16:47:13,100.0,8342,24576,33.9,878.3,26645,257046,10.4,69
2026-05-21 16:47:23,100.0,8342,24576,33.9,871.8,26644,257046,10.4,70
2026-05-21 16:47:33,100.0,8342,24576,33.9,867.0,26644,257046,10.4,70
2026-05-21 16:47:44,100.0,8342,24576,33.9,869.2,26644,257046,10.4,70
2026-05-21 16:47:54,100.0,8342,24576,33.9,4.2,26644,257046,10.4,70
2026-05-21 16:48:04,100.0,8342,24576,33.9,-713.0,26646,257046,10.4,70
2026-05-21 16:48:14,100.0,8342,24576,33.9,873.3,26646,257046,10.4,70
2026-05-21 16:48:24,100.0,8342,24576,33.9,159.4,26646,257046,10.4,70
2026-05-21 16:48:34,100.0,8342,24576,33.9,875.3,26646,257046,10.4,69
2026-05-21 16:48:44,100.0,8342,24576,33.9,873.2,26647,257046,10.4,70
2026-05-21 16:48:54,100.0,8342,24576,33.9,878.1,26647,257046,10.4,70
2026-05-21 16:49:04,100.0,8342,24576,33.9,875.6,26646,257046,10.4,70
2026-05-21 16:49:14,100.0,8342,24576,33.9,-74.5,26646,257046,10.4,70
2026-05-21 16:49:25,100.0,8342,24576,33.9,76.4,26647,257046,10.4,69
2026-05-21 16:49:35,100.0,8342,24576,33.9,872.1,26646,257046,10.4,70
2026-05-21 16:49:45,100.0,8342,24576,33.9,875.7,26646,257046,10.4,69
2026-05-21 16:49:55,100.0,8342,24576,33.9,60.4,26646,257046,10.4,70
2026-05-21 16:50:05,100.0,8342,24576,33.9,877.0,26648,257046,10.4,70
2026-05-21 16:50:15,100.0,8342,24576,33.9,876.8,26648,257046,10.4,70
2026-05-21 16:50:25,100.0,8342,24576,33.9,873.6,26648,257046,10.4,69
2026-05-21 16:50:35,100.0,8342,24576,33.9,142.4,26649,257046,10.4,70
2026-05-21 16:50:45,100.0,8342,24576,33.9,68.4,26650,257046,10.4,70
2026-05-21 16:50:55,100.0,8342,24576,33.9,871.2,26650,257046,10.4,70
2026-05-21 16:51:06,100.0,8342,24576,33.9,877.5,26650,257046,10.4,70
2026-05-21 16:51:16,100.0,8342,24576,33.9,877.0,26650,257046,10.4,70
2026-05-21 16:51:26,100.0,8342,24576,33.9,-1715.2,26654,257046,10.4,70
2026-05-21 16:51:36,100.0,8342,24576,33.9,878.2,26654,257046,10.4,69
2026-05-21 16:51:46,100.0,8342,24576,33.9,880.3,26654,257046,10.4,70
2026-05-21 16:51:56,100.0,8342,24576,33.9,877.1,26654,257046,10.4,69
2026-05-21 16:52:06,100.0,8342,24576,33.9,72.0,26654,257046,10.4,70
2026-05-21 16:52:16,100.0,8342,24576,33.9,877.4,26654,257046,10.4,70
2026-05-21 16:52:26,100.0,8342,24576,33.9,876.2,26653,257046,10.4,69
2026-05-21 16:52:36,100.0,8342,24576,33.9,877.2,26654,257046,10.4,69
2026-05-21 16:52:47,100.0,8342,24576,33.9,873.5,26654,257046,10.4,69
2026-05-21 16:52:57,100.0,8342,24576,33.9,68.6,25388,257046,9.9,70
2026-05-21 16:53:07,100.0,6416,24576,26.1,-10413.3,24764,257046,9.6,70
2026-05-21 16:53:17,100.0,6856,24576,27.9,861.0,26530,257046,10.3,69
2026-05-21 16:53:27,100.0,6856,24576,27.9,-849.4,26530,257046,10.3,69
2026-05-21 16:53:37,100.0,6856,24576,27.9,871.5,26530,257046,10.3,69
2026-05-21 16:53:47,100.0,6856,24576,27.9,870.7,26529,257046,10.3,69
2026-05-21 16:53:57,100.0,6856,24576,27.9,868.2,26529,257046,10.3,69
2026-05-21 16:54:07,100.0,6856,24576,27.9,872.3,26529,257046,10.3,70
2026-05-21 16:54:18,100.0,6856,24576,27.9,47.9,26529,257046,10.3,69
2026-05-21 16:54:28,100.0,6856,24576,27.9,873.0,26529,257046,10.3,69
2026-05-21 16:54:38,100.0,6896,24576,28.1,47.2,26685,257046,10.4,69
2026-05-21 16:54:48,100.0,6366,24576,25.9,-7713.2,24305,257046,9.5,69
2026-05-21 16:54:58,100.0,6966,24576,28.3,84.1,26571,257046,10.3,69
2026-05-21 16:55:08,100.0,6966,24576,28.3,-127.8,26577,257046,10.3,69
2026-05-21 16:55:18,100.0,6966,24576,28.3,847.2,26577,257046,10.3,69
2026-05-21 16:55:28,100.0,6966,24576,28.3,855.1,26577,257046,10.3,69
2026-05-21 16:55:38,100.0,6966,24576,28.3,862.6,26577,257046,10.3,69
2026-05-21 16:55:48,100.0,6966,24576,28.3,865.7,26577,257046,10.3,69
2026-05-21 16:55:59,100.0,6966,24576,28.3,87.2,26583,257046,10.3,69
2026-05-21 16:56:09,100.0,6966,24576,28.3,863.0,26582,257046,10.3,69
2026-05-21 16:56:19,100.0,7054,24576,28.7,96.7,26739,257046,10.4,69
2026-05-21 16:56:29,100.0,7054,24576,28.7,864.6,26739,257046,10.4,69
2026-05-21 16:56:39,100.0,7054,24576,28.7,864.7,26738,257046,10.4,69
2026-05-21 16:56:49,100.0,7054,24576,28.7,861.5,26738,257046,10.4,69
2026-05-21 16:56:59,100.0,7054,24576,28.7,-932.3,26739,257046,10.4,69
2026-05-21 16:57:09,100.0,7054,24576,28.7,17.4,26738,257046,10.4,69
2026-05-21 16:57:19,100.0,7054,24576,28.7,26.8,26738,257046,10.4,69
2026-05-21 16:57:29,100.0,7054,24576,28.7,114.1,26743,257046,10.4,69
2026-05-21 16:57:40,100.0,7054,24576,28.7,844.5,26743,257046,10.4,69
2026-05-21 16:57:50,100.0,7054,24576,28.7,842.8,26743,257046,10.4,69
2026-05-21 16:58:00,100.0,7054,24576,28.7,843.1,26743,257046,10.4,69
2026-05-21 16:58:10,100.0,7054,24576,28.7,842.1,26743,257046,10.4,69
2026-05-21 16:58:20,100.0,7054,24576,28.7,844.1,26743,257046,10.4,69
2026-05-21 16:58:30,100.0,7054,24576,28.7,847.0,26744,257046,10.4,69
2026-05-21 16:58:40,100.0,7054,24576,28.7,21.7,26745,257046,10.4,69
2026-05-21 16:58:50,100.0,7054,24576,28.7,-805.8,25453,257046,9.9,69
2026-05-21 16:59:00,100.0,7054,24576,28.7,843.9,26746,257046,10.4,69
2026-05-21 16:59:10,100.0,7054,24576,28.7,844.6,26734,257046,10.4,70
2026-05-21 16:59:21,100.0,7054,24576,28.7,12.0,26743,257046,10.4,69
2026-05-21 16:59:31,100.0,7054,24576,28.7,847.0,26747,257046,10.4,69
2026-05-21 16:59:41,100.0,7054,24576,28.7,24.6,26748,257046,10.4,69
2026-05-21 16:59:51,100.0,7054,24576,28.7,847.9,26748,257046,10.4,70
2026-05-21 17:00:01,100.0,7054,24576,28.7,92.9,26776,257046,10.4,69
2026-05-21 17:00:11,100.0,7054,24576,28.7,851.6,26775,257046,10.4,69
2026-05-21 17:00:21,100.0,7054,24576,28.7,12.8,26776,257046,10.4,69
2026-05-21 17:00:31,100.0,7054,24576,28.7,849.3,26776,257046,10.4,69
2026-05-21 17:00:41,100.0,7054,24576,28.7,-123.3,26776,257046,10.4,69
2026-05-21 17:00:52,100.0,7054,24576,28.7,849.3,26776,257046,10.4,69
2026-05-21 17:01:02,100.0,7054,24576,28.7,844.7,26776,257046,10.4,69
2026-05-21 17:01:12,100.0,7054,24576,28.7,849.3,26775,257046,10.4,69
2026-05-21 17:01:22,100.0,7054,24576,28.7,-720.6,26776,257046,10.4,70
2026-05-21 17:01:32,100.0,7054,24576,28.7,849.4,26777,257046,10.4,70
2026-05-21 17:01:42,100.0,7054,24576,28.7,32.6,26778,257046,10.4,69
2026-05-21 17:01:52,100.0,7054,24576,28.7,845.1,26778,257046,10.4,69
2026-05-21 17:02:02,100.0,7054,24576,28.7,846.7,26779,257046,10.4,69
2026-05-21 17:02:12,100.0,7054,24576,28.7,850.6,26780,257046,10.4,69
2026-05-21 17:02:22,100.0,7054,24576,28.7,-871.5,25581,257046,10.0,69
2026-05-21 17:02:33,100.0,7054,24576,28.7,838.0,26780,257046,10.4,69
2026-05-21 17:02:43,100.0,7054,24576,28.7,11.4,26780,257046,10.4,69
2026-05-21 17:02:53,100.0,7054,24576,28.7,844.7,26780,257046,10.4,70
2026-05-21 17:03:03,99.0,7054,24576,28.7,16.6,26769,257046,10.4,69
2026-05-21 17:03:13,100.0,7054,24576,28.7,836.2,26780,257046,10.4,69
2026-05-21 17:03:23,100.0,7054,24576,28.7,847.5,26780,257046,10.4,69
2026-05-21 17:03:33,100.0,7054,24576,28.7,115.8,26781,257046,10.4,69
2026-05-21 17:03:43,100.0,7054,24576,28.7,842.7,26781,257046,10.4,70
2026-05-21 17:03:53,100.0,7054,24576,28.7,842.0,26781,257046,10.4,69
2026-05-21 17:04:04,100.0,7054,24576,28.7,33.6,26767,257046,10.4,70
2026-05-21 17:04:14,100.0,7054,24576,28.7,-80.4,26781,257046,10.4,69
2026-05-21 17:04:24,100.0,7054,24576,28.7,846.4,26782,257046,10.4,69
2026-05-21 17:04:34,100.0,7054,24576,28.7,9.8,26780,257046,10.4,69
2026-05-21 17:04:44,100.0,7054,24576,28.7,854.2,26780,257046,10.4,69
2026-05-21 17:04:54,100.0,7054,24576,28.7,859.6,26780,257046,10.4,70
2026-05-21 17:05:04,98.0,7054,24576,28.7,37.1,26780,257046,10.4,69
2026-05-21 17:05:14,100.0,7054,24576,28.7,856.8,26779,257046,10.4,69
2026-05-21 17:05:24,100.0,7054,24576,28.7,68.6,26778,257046,10.4,70
2026-05-21 17:05:35,99.0,7054,24576,28.7,24.8,25473,257046,9.9,69
2026-05-21 17:05:45,99.0,5672,24576,23.1,-19017.5,24777,257046,9.6,69
2026-05-21 17:05:55,99.0,6478,24576,26.4,826.2,26549,257046,10.3,69
2026-05-21 17:06:05,100.0,6478,24576,26.4,-72.4,26550,257046,10.3,69
2026-05-21 17:06:15,100.0,6478,24576,26.4,844.9,26550,257046,10.3,69
2026-05-21 17:06:25,99.0,6478,24576,26.4,842.8,26550,257046,10.3,69
2026-05-21 17:06:35,100.0,6478,24576,26.4,843.6,26550,257046,10.3,69
2026-05-21 17:06:45,100.0,6478,24576,26.4,847.3,26550,257046,10.3,69
2026-05-21 17:06:55,100.0,6478,24576,26.4,-684.9,26551,257046,10.3,69
2026-05-21 17:07:05,100.0,6480,24576,26.4,92.8,26642,257046,10.4,69
2026-05-21 17:07:16,100.0,6480,24576,26.4,838.5,26666,257046,10.4,69
2026-05-21 17:07:26,99.0,6480,24576,26.4,-2.2,26666,257046,10.4,69
2026-05-21 17:07:36,99.0,6480,24576,26.4,-113.8,26668,257046,10.4,69
2026-05-21 17:07:46,98.0,5482,24576,22.3,-33514.1,24700,257046,9.6,69
2026-05-21 17:07:56,100.0,6702,24576,27.3,756.4,26654,257046,10.4,69
2026-05-21 17:08:06,100.0,6702,24576,27.3,824.9,26654,257046,10.4,69
2026-05-21 17:08:16,100.0,6702,24576,27.3,-1526.2,26644,257046,10.4,69
2026-05-21 17:08:26,100.0,6702,24576,27.3,831.2,26657,257046,10.4,69
2026-05-21 17:08:36,100.0,6702,24576,27.3,847.7,26657,257046,10.4,69
2026-05-21 17:08:47,100.0,6702,24576,27.3,844.8,26657,257046,10.4,69
2026-05-21 17:08:57,100.0,6702,24576,27.3,844.8,26656,257046,10.4,69
2026-05-21 17:09:07,100.0,6702,24576,27.3,849.9,26656,257046,10.4,70
2026-05-21 17:09:17,100.0,6702,24576,27.3,850.2,26657,257046,10.4,69
2026-05-21 17:09:27,100.0,6702,24576,27.3,203.4,26658,257046,10.4,70
2026-05-21 17:09:37,100.0,6702,24576,27.3,36.4,26658,257046,10.4,69
2026-05-21 17:09:47,100.0,6702,24576,27.3,-774.0,26657,257046,10.4,69
2026-05-21 17:09:57,100.0,6702,24576,27.3,844.0,26657,257046,10.4,69
2026-05-21 17:10:07,100.0,6998,24576,28.5,-49.4,26817,257046,10.4,69
2026-05-21 17:10:17,100.0,6998,24576,28.5,821.9,26816,257046,10.4,70
2026-05-21 17:10:28,100.0,6998,24576,28.5,142.2,25581,257046,10.0,69
2026-05-21 17:10:38,100.0,6998,24576,28.5,830.9,26816,257046,10.4,69
2026-05-21 17:10:48,100.0,6998,24576,28.5,824.0,26815,257046,10.4,69
2026-05-21 17:10:58,100.0,6998,24576,28.5,15.2,26816,257046,10.4,69
2026-05-21 17:11:08,100.0,6998,24576,28.5,3.0,26818,257046,10.4,69
2026-05-21 17:11:18,100.0,6998,24576,28.5,842.0,26819,257046,10.4,69
2026-05-21 17:11:28,100.0,6998,24576,28.5,845.5,26819,257046,10.4,70
2026-05-21 17:11:38,100.0,6998,24576,28.5,839.2,26819,257046,10.4,69
2026-05-21 17:11:48,100.0,6998,24576,28.5,67.5,26819,257046,10.4,69
2026-05-21 17:11:58,100.0,6998,24576,28.5,845.9,26819,257046,10.4,69
2026-05-21 17:12:09,100.0,6998,24576,28.5,-672.9,26827,257046,10.4,69
2026-05-21 17:12:19,100.0,6998,24576,28.5,829.4,26827,257046,10.4,69
2026-05-21 17:12:29,100.0,6998,24576,28.5,-857.4,25533,257046,9.9,69
2026-05-21 17:12:39,100.0,6998,24576,28.5,829.2,26827,257046,10.4,69
2026-05-21 17:12:49,100.0,6998,24576,28.5,823.5,26828,257046,10.4,69
2026-05-21 17:12:59,100.0,6998,24576,28.5,822.6,26827,257046,10.4,69
2026-05-21 17:13:09,100.0,6998,24576,28.5,54.8,26826,257046,10.4,69
2026-05-21 17:13:19,100.0,6998,24576,28.5,825.1,26827,257046,10.4,69
2026-05-21 17:13:29,100.0,6518,24576,26.5,-5704.4,24450,257046,9.5,69
2026-05-21 17:13:40,100.0,7454,24576,30.3,764.4,26578,257046,10.3,69
2026-05-21 17:13:50,100.0,7454,24576,30.3,799.9,26578,257046,10.3,69
2026-05-21 17:14:00,100.0,7454,24576,30.3,-32.6,26576,257046,10.3,69
2026-05-21 17:14:10,100.0,7454,24576,30.3,812.4,26576,257046,10.3,69
2026-05-21 17:14:20,100.0,7454,24576,30.3,-693.3,26577,257046,10.3,69
2026-05-21 17:14:30,100.0,7454,24576,30.3,815.0,26577,257046,10.3,69
2026-05-21 17:14:40,100.0,7454,24576,30.3,818.2,26577,257046,10.3,69
2026-05-21 17:14:50,100.0,7454,24576,30.3,814.7,26577,257046,10.3,69
2026-05-21 17:15:00,100.0,7454,24576,30.3,817.2,26576,257046,10.3,69
2026-05-21 17:15:10,100.0,7654,24576,31.1,-1580.6,26741,257046,10.4,69
2026-05-21 17:15:21,100.0,7654,24576,31.1,816.8,26741,257046,10.4,69
2026-05-21 17:15:31,100.0,7654,24576,31.1,814.6,26741,257046,10.4,69
2026-05-21 17:15:41,100.0,7654,24576,31.1,35.9,26742,257046,10.4,69
2026-05-21 17:15:51,99.0,7654,24576,31.1,804.8,26743,257046,10.4,69
2026-05-21 17:16:01,100.0,7654,24576,31.1,798.8,26743,257046,10.4,69
2026-05-21 17:16:11,100.0,7654,24576,31.1,797.5,26743,257046,10.4,69
2026-05-21 17:16:21,100.0,7654,24576,31.1,796.8,26742,257046,10.4,69
2026-05-21 17:16:31,99.0,7654,24576,31.1,-819.9,26730,257046,10.4,69
2026-05-21 17:16:41,100.0,7654,24576,31.1,-86.2,26749,257046,10.4,69
2026-05-21 17:16:51,100.0,7654,24576,31.1,48.7,26748,257046,10.4,69
2026-05-21 17:17:02,100.0,7654,24576,31.1,794.5,26748,257046,10.4,69
2026-05-21 17:17:12,100.0,7654,24576,31.1,799.8,26748,257046,10.4,69
2026-05-21 17:17:22,100.0,7654,24576,31.1,801.9,26748,257046,10.4,69
2026-05-21 17:17:32,100.0,7654,24576,31.1,795.6,26748,257046,10.4,69
2026-05-21 17:17:42,100.0,7654,24576,31.1,797.4,26748,257046,10.4,69
2026-05-21 17:17:52,100.0,7654,24576,31.1,-47.2,26748,257046,10.4,69
2026-05-21 17:18:02,100.0,7654,24576,31.1,-14.1,26749,257046,10.4,69
2026-05-21 17:18:12,100.0,6518,24576,26.5,-1620.2,24725,257046,9.6,69
2026-05-21 17:18:22,100.0,7972,24576,32.4,784.0,26574,257046,10.3,69
2026-05-21 17:18:33,100.0,7972,24576,32.4,842.8,26574,257046,10.3,69
2026-05-21 17:18:43,100.0,7972,24576,32.4,839.3,26575,257046,10.3,69
2026-05-21 17:18:53,100.0,7972,24576,32.4,83.4,26575,257046,10.3,69
2026-05-21 17:19:03,100.0,7972,24576,32.4,840.9,26575,257046,10.3,69
2026-05-21 17:19:13,99.0,7972,24576,32.4,4.0,26576,257046,10.3,69
2026-05-21 17:19:23,100.0,7972,24576,32.4,76.1,26576,257046,10.3,69
2026-05-21 17:19:33,100.0,7972,24576,32.4,838.4,26576,257046,10.3,69
2026-05-21 17:19:43,100.0,7972,24576,32.4,839.1,26575,257046,10.3,69
2026-05-21 17:19:53,100.0,7972,24576,32.4,838.3,26575,257046,10.3,69
2026-05-21 17:20:03,100.0,7972,24576,32.4,837.6,26575,257046,10.3,69
2026-05-21 17:20:13,100.0,7972,24576,32.4,834.4,26576,257046,10.3,69
2026-05-21 17:20:24,100.0,7972,24576,32.4,836.1,26577,257046,10.3,69
2026-05-21 17:20:34,100.0,7972,24576,32.4,837.2,26576,257046,10.3,69
2026-05-21 17:20:44,100.0,7972,24576,32.4,-785.3,26578,257046,10.3,69
2026-05-21 17:20:54,100.0,8344,24576,34.0,-137.3,26729,257046,10.4,69
2026-05-21 17:21:04,99.0,4840,24576,19.7,-25328.1,24709,257046,9.6,69
2026-05-21 17:21:14,99.0,5602,24576,22.8,65.9,26509,257046,10.3,69
2026-05-21 17:21:24,99.0,5602,24576,22.8,917.6,26509,257046,10.3,69
2026-05-21 17:21:34,100.0,5602,24576,22.8,915.5,26509,257046,10.3,69
2026-05-21 17:21:44,99.0,5602,24576,22.8,916.9,26509,257046,10.3,69
2026-05-21 17:21:55,100.0,5602,24576,22.8,150.4,25273,257046,9.8,69
2026-05-21 17:22:05,100.0,5602,24576,22.8,58.0,26508,257046,10.3,69
2026-05-21 17:22:15,100.0,5602,24576,22.8,919.2,26509,257046,10.3,69
2026-05-21 17:22:25,99.0,5602,24576,22.8,913.4,26509,257046,10.3,69
2026-05-21 17:22:35,100.0,5602,24576,22.8,918.7,26508,257046,10.3,69
2026-05-21 17:22:45,100.0,5602,24576,22.8,-97.8,26516,257046,10.3,69
2026-05-21 17:22:55,92.0,5604,24576,22.8,-861.7,26672,257046,10.4,69
2026-05-21 17:23:05,100.0,5604,24576,22.8,897.0,26685,257046,10.4,69
2026-05-21 17:23:15,100.0,5604,24576,22.8,142.4,26685,257046,10.4,69
2026-05-21 17:23:25,99.0,5604,24576,22.8,915.1,26687,257046,10.4,69
2026-05-21 17:23:36,99.0,5604,24576,22.8,63.5,26687,257046,10.4,69
2026-05-21 17:23:46,100.0,5604,24576,22.8,911.1,26687,257046,10.4,69
2026-05-21 17:23:56,100.0,5604,24576,22.8,908.5,26687,257046,10.4,69
2026-05-21 17:24:06,99.0,5604,24576,22.8,909.7,26687,257046,10.4,69
2026-05-21 17:24:16,100.0,5604,24576,22.8,916.5,26687,257046,10.4,69
2026-05-21 17:24:26,99.0,5604,24576,22.8,916.2,26686,257046,10.4,69
2026-05-21 17:24:36,99.0,4796,24576,19.5,-8754.4,24425,257046,9.5,69
2026-05-21 17:24:46,68.0,5960,24576,24.3,-50.3,26533,257046,10.3,68
2026-05-21 17:24:56,100.0,5960,24576,24.3,95.6,26533,257046,10.3,69
2026-05-21 17:25:07,100.0,5960,24576,24.3,919.4,26532,257046,10.3,69
2026-05-21 17:25:17,99.0,5960,24576,24.3,921.8,26533,257046,10.3,69
2026-05-21 17:25:27,100.0,5960,24576,24.3,921.0,26532,257046,10.3,69
2026-05-21 17:25:37,100.0,5960,24576,24.3,921.5,26532,257046,10.3,69
2026-05-21 17:25:47,100.0,5960,24576,24.3,939.1,26532,257046,10.3,69
2026-05-21 17:25:57,100.0,5960,24576,24.3,938.2,26532,257046,10.3,69
2026-05-21 17:26:07,100.0,5960,24576,24.3,172.5,26523,257046,10.3,69
2026-05-21 17:26:17,100.0,5960,24576,24.3,911.1,26532,257046,10.3,69
2026-05-21 17:26:27,100.0,5960,24576,24.3,919.2,26532,257046,10.3,69
2026-05-21 17:26:38,92.0,5472,24576,22.3,-5194.8,24643,257046,9.6,69
2026-05-21 17:26:48,100.0,6960,24576,28.3,-97.9,26479,257046,10.3,69
2026-05-21 17:26:58,100.0,6960,24576,28.3,850.2,26479,257046,10.3,69
2026-05-21 17:27:08,100.0,6960,24576,28.3,856.7,26479,257046,10.3,69
2026-05-21 17:27:18,100.0,6960,24576,28.3,854.4,26479,257046,10.3,69
2026-05-21 17:27:28,100.0,6960,24576,28.3,854.0,26479,257046,10.3,69
2026-05-21 17:27:38,100.0,6960,24576,28.3,-10.9,26479,257046,10.3,69
2026-05-21 17:27:48,100.0,6960,24576,28.3,854.7,26481,257046,10.3,69
2026-05-21 17:27:58,100.0,6960,24576,28.3,853.5,26481,257046,10.3,69
2026-05-21 17:28:09,100.0,6960,24576,28.3,853.5,26481,257046,10.3,69
2026-05-21 17:28:19,100.0,6960,24576,28.3,857.6,26480,257046,10.3,69
2026-05-21 17:28:29,100.0,7198,24576,29.3,-1063.0,26649,257046,10.4,69
2026-05-21 17:28:39,100.0,7198,24576,29.3,-154.0,26650,257046,10.4,69
2026-05-21 17:28:49,89.0,7198,24576,29.3,117.6,26639,257046,10.4,69
2026-05-21 17:28:59,100.0,7198,24576,29.3,848.8,26652,257046,10.4,69
2026-05-21 17:29:09,100.0,7198,24576,29.3,-6.6,26651,257046,10.4,69
2026-05-21 17:29:19,100.0,7198,24576,29.3,857.5,26651,257046,10.4,69
2026-05-21 17:29:29,100.0,7198,24576,29.3,855.6,26651,257046,10.4,69
2026-05-21 17:29:39,100.0,7198,24576,29.3,858.8,26651,257046,10.4,69
2026-05-21 17:29:50,100.0,7198,24576,29.3,855.5,26651,257046,10.4,69
2026-05-21 17:30:00,100.0,7198,24576,29.3,-104.9,26656,257046,10.4,69
2026-05-21 17:30:10,100.0,7198,24576,29.3,853.7,26656,257046,10.4,69
2026-05-21 17:30:20,99.0,5758,24576,23.4,-3386.9,24348,257046,9.5,69
2026-05-21 17:30:30,100.0,7478,24576,30.4,-67.7,26577,257046,10.3,69
2026-05-21 17:30:40,100.0,7478,24576,30.4,-197.6,26577,257046,10.3,69
2026-05-21 17:30:50,100.0,7478,24576,30.4,806.4,26577,257046,10.3,69
2026-05-21 17:31:00,100.0,7478,24576,30.4,66.0,26577,257046,10.3,69
2026-05-21 17:31:10,100.0,7478,24576,30.4,808.9,26577,257046,10.3,69
2026-05-21 17:31:20,100.0,7478,24576,30.4,809.3,26577,257046,10.3,69
2026-05-21 17:31:31,100.0,7478,24576,30.4,811.7,26578,257046,10.3,69
2026-05-21 17:31:41,100.0,5752,24576,23.4,-1003.5,24566,257046,9.6,69
2026-05-21 17:31:51,98.0,6598,24576,26.8,-4.5,26403,257046,10.3,69
2026-05-21 17:32:01,100.0,6598,24576,26.8,852.1,26414,257046,10.3,69
2026-05-21 17:32:11,100.0,6598,24576,26.8,866.9,26414,257046,10.3,69
2026-05-21 17:32:21,100.0,6598,24576,26.8,861.3,26414,257046,10.3,69
2026-05-21 17:32:31,100.0,6598,24576,26.8,865.2,26414,257046,10.3,69
2026-05-21 17:32:41,100.0,6598,24576,26.8,859.6,26414,257046,10.3,69
2026-05-21 17:32:51,100.0,6598,24576,26.8,864.0,26414,257046,10.3,69
2026-05-21 17:33:02,100.0,6598,24576,26.8,863.7,26414,257046,10.3,69
2026-05-21 17:33:12,100.0,6598,24576,26.8,-138.3,26414,257046,10.3,70
2026-05-21 17:33:22,100.0,6598,24576,26.8,-964.6,25320,257046,9.9,69
2026-05-21 17:33:32,100.0,7060,24576,28.7,22.8,26601,257046,10.3,69
2026-05-21 17:33:42,100.0,7060,24576,28.7,865.8,26601,257046,10.3,70
2026-05-21 17:33:52,100.0,7060,24576,28.7,865.1,26601,257046,10.3,70
2026-05-21 17:34:02,100.0,7064,24576,28.7,-150.5,26770,257046,10.4,69
2026-05-21 17:34:12,100.0,7064,24576,28.7,866.1,26770,257046,10.4,70
2026-05-21 17:34:22,100.0,7064,24576,28.7,866.1,26769,257046,10.4,70
2026-05-21 17:34:32,100.0,7064,24576,28.7,862.9,26769,257046,10.4,69
2026-05-21 17:34:43,100.0,7064,24576,28.7,46.7,26769,257046,10.4,69
2026-05-21 17:34:53,100.0,7064,24576,28.7,867.0,26769,257046,10.4,70
2026-05-21 17:35:03,100.0,7064,24576,28.7,865.9,26769,257046,10.4,69
2026-05-21 17:35:13,100.0,7064,24576,28.7,864.2,26769,257046,10.4,69
2026-05-21 17:35:23,100.0,7064,24576,28.7,865.5,26769,257046,10.4,69
2026-05-21 17:35:33,100.0,7064,24576,28.7,859.1,26769,257046,10.4,69
2026-05-21 17:35:43,100.0,7064,24576,28.7,-105.2,26769,257046,10.4,69
2026-05-21 17:35:53,100.0,7064,24576,28.7,862.1,26768,257046,10.4,69
2026-05-21 17:36:03,100.0,7064,24576,28.7,-839.4,26769,257046,10.4,69
2026-05-21 17:36:13,100.0,7064,24576,28.7,-84.6,26774,257046,10.4,69
2026-05-21 17:36:24,100.0,7064,24576,28.7,-94.9,26783,257046,10.4,69
2026-05-21 17:36:34,100.0,7064,24576,28.7,867.2,26783,257046,10.4,69
2026-05-21 17:36:44,100.0,7064,24576,28.7,861.5,26783,257046,10.4,69
2026-05-21 17:36:54,100.0,7064,24576,28.7,860.9,26783,257046,10.4,69
2026-05-21 17:37:04,100.0,7064,24576,28.7,865.1,26783,257046,10.4,69
2026-05-21 17:37:14,100.0,7064,24576,28.7,865.5,26782,257046,10.4,69
2026-05-21 17:37:24,100.0,7064,24576,28.7,57.0,26780,257046,10.4,69
2026-05-21 17:37:34,100.0,7064,24576,28.7,859.2,26780,257046,10.4,69
2026-05-21 17:37:44,100.0,7064,24576,28.7,866.3,26780,257046,10.4,69
2026-05-21 17:37:55,100.0,7064,24576,28.7,863.7,26780,257046,10.4,69
2026-05-21 17:38:05,100.0,7064,24576,28.7,867.7,25541,257046,9.9,69
2026-05-21 17:38:15,100.0,7064,24576,28.7,-1017.1,26769,257046,10.4,69
2026-05-21 17:38:25,100.0,7064,24576,28.7,-16.0,25501,257046,9.9,69
2026-05-21 17:38:35,100.0,7064,24576,28.7,861.9,26781,257046,10.4,69
2026-05-21 17:38:45,100.0,7064,24576,28.7,96.5,26782,257046,10.4,69
2026-05-21 17:38:55,100.0,7064,24576,28.7,865.9,26781,257046,10.4,69
2026-05-21 17:39:05,100.0,7064,24576,28.7,869.2,26781,257046,10.4,69
2026-05-21 17:39:15,100.0,7064,24576,28.7,-147.6,26782,257046,10.4,69
2026-05-21 17:39:25,100.0,7064,24576,28.7,863.6,26782,257046,10.4,69
2026-05-21 17:39:36,100.0,7064,24576,28.7,862.9,26782,257046,10.4,69
2026-05-21 17:39:46,100.0,7064,24576,28.7,864.8,26782,257046,10.4,69
2026-05-21 17:39:56,100.0,7064,24576,28.7,855.7,26786,257046,10.4,69
2026-05-21 17:40:06,100.0,7064,24576,28.7,15.0,26787,257046,10.4,69
2026-05-21 17:40:16,100.0,7064,24576,28.7,856.6,26787,257046,10.4,69
2026-05-21 17:40:26,100.0,7064,24576,28.7,-141.8,26787,257046,10.4,69
2026-05-21 17:40:36,100.0,7064,24576,28.7,-7.0,26789,257046,10.4,69
2026-05-21 17:40:46,100.0,7064,24576,28.7,859.9,26789,257046,10.4,69
2026-05-21 17:40:56,100.0,7064,24576,28.7,4.3,26789,257046,10.4,69
2026-05-21 17:41:07,100.0,7064,24576,28.7,863.2,26788,257046,10.4,69
2026-05-21 17:41:17,100.0,7064,24576,28.7,865.3,26789,257046,10.4,69
2026-05-21 17:41:27,100.0,7064,24576,28.7,52.2,26789,257046,10.4,69
2026-05-21 17:41:37,100.0,7064,24576,28.7,853.6,26789,257046,10.4,69
2026-05-21 17:41:47,100.0,7064,24576,28.7,867.2,26788,257046,10.4,69
2026-05-21 17:41:57,100.0,7064,24576,28.7,855.1,26788,257046,10.4,69
2026-05-21 17:42:07,100.0,7064,24576,28.7,863.2,26788,257046,10.4,69
2026-05-21 17:42:17,100.0,7064,24576,28.7,-174.3,26790,257046,10.4,69
2026-05-21 17:42:27,100.0,7064,24576,28.7,862.5,26790,257046,10.4,69
2026-05-21 17:42:37,100.0,7064,24576,28.7,-125.2,26790,257046,10.4,69
2026-05-21 17:42:48,100.0,7064,24576,28.7,52.5,26791,257046,10.4,69
2026-05-21 17:42:58,100.0,7064,24576,28.7,866.6,26791,257046,10.4,69
2026-05-21 17:43:08,100.0,7064,24576,28.7,-62.2,26791,257046,10.4,69
2026-05-21 17:43:18,100.0,7064,24576,28.7,866.9,26791,257046,10.4,69
2026-05-21 17:43:28,100.0,7064,24576,28.7,57.1,26792,257046,10.4,69
2026-05-21 17:43:38,100.0,7064,24576,28.7,865.2,26792,257046,10.4,69
2026-05-21 17:43:48,100.0,7064,24576,28.7,867.6,26792,257046,10.4,69
2026-05-21 17:43:58,100.0,7064,24576,28.7,865.2,26792,257046,10.4,69
2026-05-21 17:44:08,100.0,7064,24576,28.7,28.1,25497,257046,9.9,69
2026-05-21 17:44:18,100.0,7064,24576,28.7,872.2,26791,257046,10.4,69
2026-05-21 17:44:29,100.0,7064,24576,28.7,870.3,26791,257046,10.4,69
2026-05-21 17:44:39,100.0,7064,24576,28.7,863.1,26791,257046,10.4,69
2026-05-21 17:44:49,100.0,7064,24576,28.7,-135.1,26791,257046,10.4,69
2026-05-21 17:44:59,100.0,7064,24576,28.7,867.8,26791,257046,10.4,69
2026-05-21 17:45:09,100.0,7064,24576,28.7,-189.1,26791,257046,10.4,69
2026-05-21 17:45:19,100.0,7064,24576,28.7,869.6,26791,257046,10.4,69
2026-05-21 17:45:29,100.0,7064,24576,28.7,129.7,26790,257046,10.4,69
2026-05-21 17:45:39,100.0,7064,24576,28.7,-21.6,26791,257046,10.4,69
2026-05-21 17:45:49,100.0,7064,24576,28.7,866.2,26790,257046,10.4,69
2026-05-21 17:45:59,100.0,7064,24576,28.7,16.9,26791,257046,10.4,69
2026-05-21 17:46:10,100.0,7064,24576,28.7,862.6,26791,257046,10.4,69
2026-05-21 17:46:20,100.0,7064,24576,28.7,861.1,26791,257046,10.4,69
2026-05-21 17:46:30,100.0,7064,24576,28.7,864.8,26790,257046,10.4,69
2026-05-21 17:46:40,97.0,7064,24576,28.7,100.4,26780,257046,10.4,69
2026-05-21 17:46:50,100.0,7064,24576,28.7,849.4,26791,257046,10.4,69
2026-05-21 17:47:00,100.0,7064,24576,28.7,-121.1,26792,257046,10.4,69
2026-05-21 17:47:10,100.0,7064,24576,28.7,863.5,26792,257046,10.4,69
2026-05-21 17:47:20,100.0,7064,24576,28.7,865.5,26792,257046,10.4,69
2026-05-21 17:47:30,100.0,7064,24576,28.7,864.8,26793,257046,10.4,69
2026-05-21 17:47:41,100.0,7064,24576,28.7,867.4,26793,257046,10.4,69
2026-05-21 17:47:51,100.0,7064,24576,28.7,867.4,26793,257046,10.4,69
2026-05-21 17:48:01,100.0,7064,24576,28.7,862.9,26792,257046,10.4,69
2026-05-21 17:48:11,100.0,7064,24576,28.7,-1989.8,26792,257046,10.4,69
2026-05-21 17:48:21,100.0,7064,24576,28.7,861.7,26791,257046,10.4,69
2026-05-21 17:48:31,100.0,7064,24576,28.7,88.1,26792,257046,10.4,69
2026-05-21 17:48:41,100.0,7064,24576,28.7,859.0,26792,257046,10.4,69
2026-05-21 17:48:51,100.0,7064,24576,28.7,862.9,26792,257046,10.4,69
2026-05-21 17:49:01,100.0,7064,24576,28.7,-119.3,26783,257046,10.4,69
2026-05-21 17:49:11,100.0,7064,24576,28.7,859.9,26795,257046,10.4,69
2026-05-21 17:49:22,100.0,7064,24576,28.7,867.6,26794,257046,10.4,69
2026-05-21 17:49:32,100.0,7064,24576,28.7,42.3,26794,257046,10.4,69
2026-05-21 17:49:42,100.0,7064,24576,28.7,866.5,26794,257046,10.4,69
2026-05-21 17:49:52,100.0,7064,24576,28.7,865.6,26794,257046,10.4,69
2026-05-21 17:50:02,100.0,7064,24576,28.7,865.7,26794,257046,10.4,69
2026-05-21 17:50:12,100.0,7064,24576,28.7,867.6,26794,257046,10.4,69
2026-05-21 17:50:22,100.0,7064,24576,28.7,869.8,26794,257046,10.4,69
2026-05-21 17:50:32,100.0,7064,24576,28.7,865.1,26794,257046,10.4,69
2026-05-21 17:50:42,100.0,7064,24576,28.7,-124.6,26794,257046,10.4,69
2026-05-21 17:50:53,100.0,7064,24576,28.7,14.7,26793,257046,10.4,69
2026-05-21 17:51:03,100.0,7064,24576,28.7,-952.6,26793,257046,10.4,69
2026-05-21 17:51:13,100.0,7064,24576,28.7,-168.1,26793,257046,10.4,69
2026-05-21 17:51:23,100.0,7064,24576,28.7,868.2,26793,257046,10.4,69
2026-05-21 17:51:33,100.0,7064,24576,28.7,867.5,26793,257046,10.4,69
2026-05-21 17:51:43,100.0,7064,24576,28.7,870.3,26793,257046,10.4,69
2026-05-21 17:51:53,100.0,7064,24576,28.7,868.9,26793,257046,10.4,69
2026-05-21 17:52:03,100.0,7064,24576,28.7,865.3,26793,257046,10.4,69
2026-05-21 17:52:13,100.0,7064,24576,28.7,863.5,26793,257046,10.4,69
2026-05-21 17:52:23,100.0,7064,24576,28.7,23.3,26793,257046,10.4,69
2026-05-21 17:52:33,100.0,7064,24576,28.7,864.9,26793,257046,10.4,69
2026-05-21 17:52:44,100.0,7064,24576,28.7,867.9,26793,257046,10.4,69
2026-05-21 17:52:54,100.0,7064,24576,28.7,868.4,26793,257046,10.4,69
2026-05-21 17:53:04,100.0,7064,24576,28.7,861.4,26793,257046,10.4,69
2026-05-21 17:53:14,100.0,5238,24576,21.3,-20425.3,24775,257046,9.6,69
2026-05-21 17:53:24,100.0,6316,24576,25.7,-955.3,26575,257046,10.3,69
2026-05-21 17:53:34,100.0,6316,24576,25.7,864.3,26578,257046,10.3,69
2026-05-21 17:53:44,100.0,6316,24576,25.7,-1039.1,26567,257046,10.3,69
2026-05-21 17:53:54,100.0,6316,24576,25.7,859.4,26579,257046,10.3,69
2026-05-21 17:54:04,100.0,6316,24576,25.7,866.5,26580,257046,10.3,69
2026-05-21 17:54:15,100.0,6316,24576,25.7,865.1,26580,257046,10.3,69
2026-05-21 17:54:25,100.0,6316,24576,25.7,865.1,26579,257046,10.3,69
2026-05-21 17:54:35,100.0,6316,24576,25.7,870.8,26579,257046,10.3,69
2026-05-21 17:54:45,100.0,6316,24576,25.7,867.3,26579,257046,10.3,69
2026-05-21 17:54:55,100.0,6316,24576,25.7,865.5,26579,257046,10.3,69
2026-05-21 17:55:05,100.0,6316,24576,25.7,52.0,26580,257046,10.3,69
2026-05-21 17:55:15,100.0,6316,24576,25.7,-127.9,26580,257046,10.3,69
2026-05-21 17:55:25,100.0,6316,24576,25.7,867.4,26580,257046,10.3,69
2026-05-21 17:55:35,100.0,6316,24576,25.7,865.8,26581,257046,10.3,69
2026-05-21 17:55:45,100.0,6316,24576,25.7,61.8,26580,257046,10.3,69
2026-05-21 17:55:56,100.0,6316,24576,25.7,866.6,26580,257046,10.3,69
2026-05-21 17:56:06,100.0,6316,24576,25.7,868.3,26580,257046,10.3,69
2026-05-21 17:56:16,100.0,6316,24576,25.7,866.4,26581,257046,10.3,69
2026-05-21 17:56:26,100.0,6316,24576,25.7,-915.7,26578,257046,10.3,69
2026-05-21 17:56:36,100.0,6562,24576,26.7,-98.9,26704,257046,10.4,69
2026-05-21 17:56:46,100.0,6562,24576,26.7,868.4,26704,257046,10.4,69
2026-05-21 17:56:56,100.0,6562,24576,26.7,866.6,26704,257046,10.4,69
2026-05-21 17:57:06,100.0,6562,24576,26.7,866.7,26704,257046,10.4,69
2026-05-21 17:57:16,100.0,6562,24576,26.7,-100.0,26703,257046,10.4,69
2026-05-21 17:57:27,100.0,6562,24576,26.7,866.5,26702,257046,10.4,69
2026-05-21 17:57:37,100.0,6562,24576,26.7,866.7,26702,257046,10.4,69
2026-05-21 17:57:47,100.0,6562,24576,26.7,60.7,26703,257046,10.4,69
2026-05-21 17:57:57,100.0,6562,24576,26.7,12.8,26704,257046,10.4,69
2026-05-21 17:58:07,100.0,6562,24576,26.7,871.7,26703,257046,10.4,69
2026-05-21 17:58:17,100.0,6562,24576,26.7,862.6,26703,257046,10.4,69
2026-05-21 17:58:27,100.0,6562,24576,26.7,866.0,26703,257046,10.4,69
2026-05-21 17:58:37,100.0,6562,24576,26.7,876.6,26702,257046,10.4,69
2026-05-21 17:58:47,100.0,6562,24576,26.7,872.7,26703,257046,10.4,69
2026-05-21 17:58:57,100.0,6562,24576,26.7,876.1,26703,257046,10.4,69
2026-05-21 17:59:08,100.0,6562,24576,26.7,-1932.1,26704,257046,10.4,69
2026-05-21 17:59:18,100.0,6562,24576,26.7,873.8,26704,257046,10.4,69
2026-05-21 17:59:28,100.0,6562,24576,26.7,864.9,26704,257046,10.4,69
2026-05-21 17:59:38,100.0,6562,24576,26.7,-91.4,26712,257046,10.4,69
2026-05-21 17:59:48,100.0,6562,24576,26.7,868.4,26712,257046,10.4,69
2026-05-21 17:59:58,100.0,6562,24576,26.7,868.0,26712,257046,10.4,69
2026-05-21 18:00:08,100.0,6562,24576,26.7,868.7,26712,257046,10.4,69
2026-05-21 18:00:18,100.0,6562,24576,26.7,44.6,26712,257046,10.4,69
2026-05-21 18:00:28,99.0,6562,24576,26.7,53.9,26701,257046,10.4,69
2026-05-21 18:00:39,100.0,6562,24576,26.7,860.4,26712,257046,10.4,69
2026-05-21 18:00:49,100.0,6562,24576,26.7,867.2,26711,257046,10.4,69
2026-05-21 18:00:59,100.0,6562,24576,26.7,-115.7,26703,257046,10.4,69
2026-05-21 18:01:09,100.0,6562,24576,26.7,855.2,26713,257046,10.4,69
2026-05-21 18:01:19,100.0,6562,24576,26.7,870.2,26712,257046,10.4,69
2026-05-21 18:01:29,100.0,6562,24576,26.7,869.6,26713,257046,10.4,69
2026-05-21 18:01:39,100.0,6562,24576,26.7,867.4,26686,257046,10.4,69
2026-05-21 18:01:49,100.0,6562,24576,26.7,-961.6,26658,257046,10.4,69
2026-05-21 18:01:59,100.0,6562,24576,26.7,856.3,26668,257046,10.4,69
2026-05-21 18:02:09,100.0,6562,24576,26.7,864.8,26668,257046,10.4,69
2026-05-21 18:02:20,100.0,6562,24576,26.7,868.6,26668,257046,10.4,69
2026-05-21 18:02:30,90.0,6562,24576,26.7,84.6,26658,257046,10.4,69
2026-05-21 18:02:40,100.0,6562,24576,26.7,862.7,26669,257046,10.4,69
2026-05-21 18:02:50,100.0,5238,24576,21.3,-5667.4,24431,257046,9.5,69
2026-05-21 18:03:00,100.0,5374,24576,21.9,-18406.8,24323,257046,9.5,69
2026-05-21 18:03:10,100.0,8076,24576,32.9,805.2,26505,257046,10.3,69
2026-05-21 18:03:20,100.0,7388,24576,30.1,-19570.7,24078,257046,9.4,69
2026-05-21 18:03:30,100.0,8202,24576,33.4,784.2,26302,257046,10.2,69
2026-05-21 18:03:40,100.0,8202,24576,33.4,815.5,26302,257046,10.2,69
2026-05-21 18:03:50,100.0,8202,24576,33.4,818.8,26301,257046,10.2,69
2026-05-21 18:04:01,100.0,8202,24576,33.4,818.5,26301,257046,10.2,69
2026-05-21 18:04:11,100.0,8202,24576,33.4,825.8,26302,257046,10.2,69
2026-05-21 18:04:21,100.0,8202,24576,33.4,825.5,26301,257046,10.2,69
2026-05-21 18:04:31,100.0,8202,24576,33.4,828.4,26301,257046,10.2,69
2026-05-21 18:04:41,100.0,8202,24576,33.4,-219.1,26289,257046,10.2,69
2026-05-21 18:04:51,100.0,8202,24576,33.4,817.4,26302,257046,10.2,69
2026-05-21 18:05:01,100.0,8202,24576,33.4,830.2,26302,257046,10.2,69
2026-05-21 18:05:11,95.0,8622,24576,35.1,-116.7,26474,257046,10.3,69
2026-05-21 18:05:21,100.0,8622,24576,35.1,-50.8,26474,257046,10.3,69
2026-05-21 18:05:31,100.0,8622,24576,35.1,830.4,26474,257046,10.3,69
2026-05-21 18:05:42,100.0,8622,24576,35.1,832.3,26474,257046,10.3,69
2026-05-21 18:05:52,100.0,8622,24576,35.1,831.6,26475,257046,10.3,69
2026-05-21 18:06:02,100.0,8622,24576,35.1,-122.6,26642,257046,10.4,69
2026-05-21 18:06:12,100.0,8622,24576,35.1,821.1,26642,257046,10.4,69
2026-05-21 18:06:22,100.0,8622,24576,35.1,822.1,26642,257046,10.4,69
2026-05-21 18:06:32,100.0,8622,24576,35.1,829.9,26642,257046,10.4,69
2026-05-21 18:06:42,100.0,8622,24576,35.1,829.4,26642,257046,10.4,69
2026-05-21 18:06:52,100.0,8622,24576,35.1,828.6,26642,257046,10.4,69
2026-05-21 18:07:02,100.0,8622,24576,35.1,826.6,26642,257046,10.4,69
2026-05-21 18:07:13,100.0,8622,24576,35.1,829.0,26643,257046,10.4,69
2026-05-21 18:07:23,100.0,8622,24576,35.1,-157.4,26648,257046,10.4,69
2026-05-21 18:07:33,100.0,8622,24576,35.1,829.7,26648,257046,10.4,69
2026-05-21 18:07:43,100.0,8622,24576,35.1,825.9,26647,257046,10.4,69
2026-05-21 18:07:53,100.0,8782,24576,35.7,-295.1,26777,257046,10.4,69
2026-05-21 18:08:03,100.0,8782,24576,35.7,818.7,26777,257046,10.4,69
2026-05-21 18:08:13,100.0,8782,24576,35.7,821.8,26777,257046,10.4,69
2026-05-21 18:08:23,100.0,8782,24576,35.7,-1080.4,26778,257046,10.4,69
2026-05-21 18:08:33,100.0,8782,24576,35.7,821.5,26779,257046,10.4,69
2026-05-21 18:08:43,100.0,8782,24576,35.7,821.7,26779,257046,10.4,69
2026-05-21 18:08:54,100.0,8782,24576,35.7,822.7,26779,257046,10.4,69
2026-05-21 18:09:04,100.0,8782,24576,35.7,-149.1,26787,257046,10.4,69
2026-05-21 18:09:14,100.0,8782,24576,35.7,814.9,26788,257046,10.4,69
2026-05-21 18:09:24,100.0,5660,24576,23.0,-3806.4,24408,257046,9.5,69
2026-05-21 18:09:34,100.0,6082,24576,24.7,824.4,26593,257046,10.3,69
2026-05-21 18:09:44,100.0,6082,24576,24.7,900.8,26594,257046,10.3,69
2026-05-21 18:09:54,100.0,6082,24576,24.7,894.3,26593,257046,10.3,69
2026-05-21 18:10:04,100.0,6082,24576,24.7,899.9,26592,257046,10.3,69
2026-05-21 18:10:14,100.0,6082,24576,24.7,903.3,26593,257046,10.3,69
2026-05-21 18:10:24,100.0,6082,24576,24.7,902.5,26593,257046,10.3,69
2026-05-21 18:10:35,100.0,6082,24576,24.7,894.8,26593,257046,10.3,69
2026-05-21 18:10:45,100.0,6082,24576,24.7,897.7,26593,257046,10.3,69
2026-05-21 18:10:55,100.0,6082,24576,24.7,59.2,26593,257046,10.3,69
2026-05-21 18:11:05,100.0,6082,24576,24.7,908.0,26593,257046,10.3,69
2026-05-21 18:11:15,100.0,6116,24576,24.9,-1027.4,26763,257046,10.4,69
2026-05-21 18:11:25,99.0,6116,24576,24.9,-1187.2,25485,257046,9.9,69
2026-05-21 18:11:35,100.0,5130,24576,20.9,-4174.3,24852,257046,9.7,69
2026-05-21 18:11:45,100.0,6380,24576,26.0,903.7,26554,257046,10.3,69
2026-05-21 18:11:55,100.0,6380,24576,26.0,913.9,26553,257046,10.3,68
2026-05-21 18:12:06,100.0,6380,24576,26.0,908.0,26553,257046,10.3,68
2026-05-21 18:12:16,100.0,6380,24576,26.0,905.8,26553,257046,10.3,68
2026-05-21 18:12:26,100.0,6380,24576,26.0,908.0,26552,257046,10.3,68
2026-05-21 18:12:36,100.0,6380,24576,26.0,905.5,26552,257046,10.3,68
2026-05-21 18:12:46,100.0,6380,24576,26.0,906.7,26553,257046,10.3,68
2026-05-21 18:12:56,100.0,6380,24576,26.0,-40.1,26558,257046,10.3,68
2026-05-21 18:13:06,100.0,6380,24576,26.0,47.7,26558,257046,10.3,68
2026-05-21 18:13:16,100.0,6380,24576,26.0,922.7,26558,257046,10.3,68
2026-05-21 18:13:26,100.0,6380,24576,26.0,922.7,26559,257046,10.3,68
2026-05-21 18:13:36,100.0,6380,24576,26.0,922.5,26558,257046,10.3,68
2026-05-21 18:13:47,99.0,4198,24576,17.1,-25585.6,24479,257046,9.5,67
2026-05-21 18:13:57,100.0,5776,24576,23.5,864.9,26325,257046,10.2,68
2026-05-21 18:14:07,100.0,5776,24576,23.5,902.3,26324,257046,10.2,68
2026-05-21 18:14:17,99.0,5776,24576,23.5,-1103.5,26312,257046,10.2,68
2026-05-21 18:14:27,100.0,6080,24576,24.7,-83.0,26448,257046,10.3,68
2026-05-21 18:14:37,100.0,6080,24576,24.7,908.1,26449,257046,10.3,68
2026-05-21 18:14:47,100.0,6080,24576,24.7,908.1,26449,257046,10.3,68
2026-05-21 18:14:57,100.0,6080,24576,24.7,900.5,26449,257046,10.3,68
2026-05-21 18:15:07,100.0,6080,24576,24.7,14.4,26449,257046,10.3,68
2026-05-21 18:15:18,100.0,6080,24576,24.7,895.0,26449,257046,10.3,68
2026-05-21 18:15:28,100.0,6080,24576,24.7,915.1,26449,257046,10.3,68
2026-05-21 18:15:38,100.0,6502,24576,26.5,-68.9,26624,257046,10.4,68
2026-05-21 18:15:48,100.0,6502,24576,26.5,882.8,26624,257046,10.4,68
2026-05-21 18:15:58,100.0,6502,24576,26.5,-49.6,26625,257046,10.4,68
2026-05-21 18:16:08,100.0,6502,24576,26.5,896.5,26627,257046,10.4,68
2026-05-21 18:16:18,100.0,6502,24576,26.5,901.3,26627,257046,10.4,68
2026-05-21 18:16:28,100.0,6502,24576,26.5,905.0,26627,257046,10.4,68
2026-05-21 18:16:38,100.0,6502,24576,26.5,898.8,26627,257046,10.4,68
2026-05-21 18:16:49,100.0,6502,24576,26.5,911.3,26627,257046,10.4,69
2026-05-21 18:16:59,100.0,6502,24576,26.5,910.5,26627,257046,10.4,69
2026-05-21 18:17:09,100.0,6502,24576,26.5,-1093.3,26634,257046,10.4,68
2026-05-21 18:17:19,100.0,6502,24576,26.5,14.7,26635,257046,10.4,68
2026-05-21 18:17:29,99.0,6502,24576,26.5,-1030.5,26644,257046,10.4,68
2026-05-21 18:17:39,100.0,6502,24576,26.5,878.4,26645,257046,10.4,69
2026-05-21 18:17:49,100.0,6502,24576,26.5,877.8,26645,257046,10.4,68
2026-05-21 18:17:59,100.0,6502,24576,26.5,880.1,26645,257046,10.4,68
2026-05-21 18:18:09,100.0,6502,24576,26.5,880.2,26645,257046,10.4,68
2026-05-21 18:18:19,100.0,6502,24576,26.5,890.5,26645,257046,10.4,68
2026-05-21 18:18:30,100.0,6502,24576,26.5,886.3,26645,257046,10.4,68
2026-05-21 18:18:40,100.0,6502,24576,26.5,889.0,26644,257046,10.4,68
2026-05-21 18:18:50,99.0,4502,24576,18.3,-1781.6,24259,257046,9.4,68
2026-05-21 18:19:00,95.0,5342,24576,21.7,837.4,26527,257046,10.3,67
2026-05-21 18:19:10,99.0,5342,24576,21.7,-985.6,26527,257046,10.3,67
2026-05-21 18:19:20,100.0,5342,24576,21.7,940.0,26527,257046,10.3,67
2026-05-21 18:19:30,100.0,5342,24576,21.7,939.2,26527,257046,10.3,67
2026-05-21 18:19:40,100.0,5342,24576,21.7,937.6,26527,257046,10.3,67
2026-05-21 18:19:50,100.0,5342,24576,21.7,-139.7,26525,257046,10.3,67
2026-05-21 18:20:00,100.0,5342,24576,21.7,16.1,26527,257046,10.3,67
2026-05-21 18:20:11,100.0,5342,24576,21.7,937.4,26527,257046,10.3,67
2026-05-21 18:20:21,100.0,5342,24576,21.7,935.9,26527,257046,10.3,67
2026-05-21 18:20:31,100.0,5346,24576,21.8,160.9,26700,257046,10.4,67
2026-05-21 18:20:41,100.0,5346,24576,21.8,940.4,26700,257046,10.4,67
2026-05-21 18:20:51,100.0,5346,24576,21.8,-60.3,26700,257046,10.4,67
2026-05-21 18:21:01,100.0,5346,24576,21.8,68.1,26702,257046,10.4,67
2026-05-21 18:21:11,100.0,5346,24576,21.8,937.3,26702,257046,10.4,66
2026-05-21 18:21:21,100.0,5346,24576,21.8,937.1,26702,257046,10.4,66
2026-05-21 18:21:31,100.0,5346,24576,21.8,948.8,26702,257046,10.4,66
2026-05-21 18:21:42,100.0,5346,24576,21.8,943.7,26702,257046,10.4,66
2026-05-21 18:21:52,100.0,5346,24576,21.8,941.0,26702,257046,10.4,66
2026-05-21 18:22:02,100.0,5346,24576,21.8,145.2,26700,257046,10.4,66
2026-05-21 18:22:12,100.0,5346,24576,21.8,945.5,26699,257046,10.4,66
2026-05-21 18:22:22,100.0,5346,24576,21.8,950.2,26699,257046,10.4,66
2026-05-21 18:22:32,100.0,5346,24576,21.8,-1141.8,26700,257046,10.4,66
2026-05-21 18:22:42,98.0,5346,24576,21.8,-846.6,26703,257046,10.4,65
2026-05-21 18:22:52,100.0,5346,24576,21.8,935.8,26703,257046,10.4,66
2026-05-21 18:23:02,100.0,5346,24576,21.8,934.2,26702,257046,10.4,66
2026-05-21 18:23:12,100.0,5346,24576,21.8,944.8,26702,257046,10.4,66
2026-05-21 18:23:23,100.0,5346,24576,21.8,945.8,26702,257046,10.4,66
2026-05-21 18:23:33,100.0,5346,24576,21.8,123.2,26690,257046,10.4,66
2026-05-21 18:23:43,100.0,4502,24576,18.3,-1876.1,24730,257046,9.6,66
2026-05-21 18:23:53,100.0,5696,24576,23.2,872.2,26462,257046,10.3,66
2026-05-21 18:24:03,100.0,5696,24576,23.2,-41.1,26463,257046,10.3,66
2026-05-21 18:24:13,100.0,5696,24576,23.2,886.3,26464,257046,10.3,66
2026-05-21 18:24:23,100.0,5696,24576,23.2,891.0,26463,257046,10.3,67
2026-05-21 18:24:33,99.0,5696,24576,23.2,32.5,26463,257046,10.3,67
2026-05-21 18:24:43,99.0,5696,24576,23.2,884.7,26464,257046,10.3,67
2026-05-21 18:24:54,99.0,5696,24576,23.2,884.8,26464,257046,10.3,67
2026-05-21 18:25:04,99.0,5986,24576,24.4,-1871.4,26627,257046,10.4,67
2026-05-21 18:25:14,99.0,5986,24576,24.4,885.7,26628,257046,10.4,67
2026-05-21 18:25:24,100.0,5986,24576,24.4,880.5,26628,257046,10.4,67
2026-05-21 18:25:34,99.0,5986,24576,24.4,-97.7,26626,257046,10.4,67
2026-05-21 18:25:44,99.0,5986,24576,24.4,879.8,26626,257046,10.4,67
2026-05-21 18:25:54,100.0,5986,24576,24.4,882.1,26625,257046,10.4,67
2026-05-21 18:26:04,100.0,5986,24576,24.4,881.3,26625,257046,10.4,67
2026-05-21 18:26:14,100.0,5986,24576,24.4,54.9,26624,257046,10.4,67
2026-05-21 18:26:24,100.0,5986,24576,24.4,134.0,26630,257046,10.4,67
2026-05-21 18:26:35,100.0,5986,24576,24.4,883.2,26630,257046,10.4,67
2026-05-21 18:26:45,100.0,5986,24576,24.4,883.1,26630,257046,10.4,67
2026-05-21 18:26:55,99.0,5986,24576,24.4,882.6,26630,257046,10.4,67
2026-05-21 18:27:05,100.0,5986,24576,24.4,876.0,26630,257046,10.4,67
2026-05-21 18:27:15,99.0,5986,24576,24.4,-109.5,26631,257046,10.4,67
2026-05-21 18:27:25,100.0,5986,24576,24.4,884.1,26630,257046,10.4,67
2026-05-21 18:27:35,99.0,4502,24576,18.3,-2608.8,24144,257046,9.4,67
2026-05-21 18:27:45,99.0,4518,24576,18.4,834.3,24873,257046,9.7,66
2026-05-21 18:27:55,62.0,3490,24576,14.2,-46598.7,24105,257046,9.4,64
2026-05-21 18:28:05,98.0,5716,24576,23.3,770.2,25117,257046,9.8,64
2026-05-21 18:28:16,99.0,5730,24576,23.3,899.2,26285,257046,10.2,64
2026-05-21 18:28:26,99.0,5730,24576,23.3,892.9,26285,257046,10.2,64
2026-05-21 18:28:36,99.0,5730,24576,23.3,893.4,26289,257046,10.2,64
2026-05-21 18:28:46,99.0,5730,24576,23.3,893.9,26289,257046,10.2,64
2026-05-21 18:28:56,99.0,5730,24576,23.3,-91.4,26290,257046,10.2,64
2026-05-21 18:29:06,99.0,5730,24576,23.3,893.8,26290,257046,10.2,64
2026-05-21 18:29:16,99.0,5792,24576,23.6,52.3,26451,257046,10.3,64
2026-05-21 18:29:26,99.0,5792,24576,23.6,882.7,26450,257046,10.3,64
2026-05-21 18:29:36,98.0,5792,24576,23.6,-1169.6,26438,257046,10.3,64
2026-05-21 18:29:46,99.0,5792,24576,23.6,871.0,26452,257046,10.3,64
2026-05-21 18:29:57,99.0,5792,24576,23.6,881.1,26452,257046,10.3,64
2026-05-21 18:30:07,99.0,5792,24576,23.6,954.6,26460,257046,10.3,63
2026-05-21 18:30:17,69.0,6420,24576,26.1,67.0,26585,257046,10.3,63
2026-05-21 18:30:27,99.0,6420,24576,26.1,887.4,26586,257046,10.3,63
2026-05-21 18:30:37,99.0,6420,24576,26.1,-124.4,26585,257046,10.3,63
2026-05-21 18:30:47,94.0,6420,24576,26.1,-50.4,26591,257046,10.3,63
2026-05-21 18:30:57,99.0,6420,24576,26.1,886.1,26591,257046,10.3,63
2026-05-21 18:31:07,99.0,6420,24576,26.1,886.8,26591,257046,10.3,63
2026-05-21 18:31:17,99.0,6420,24576,26.1,886.3,26591,257046,10.3,63
2026-05-21 18:31:28,99.0,6420,24576,26.1,888.6,26590,257046,10.3,63
2026-05-21 18:31:38,99.0,6420,24576,26.1,885.3,26590,257046,10.3,63
2026-05-21 18:31:48,99.0,6420,24576,26.1,-1127.7,26590,257046,10.3,63
2026-05-21 18:31:58,99.0,6420,24576,26.1,882.7,26589,257046,10.3,63
2026-05-21 18:32:08,99.0,6420,24576,26.1,888.5,26589,257046,10.3,63
2026-05-21 18:32:18,99.0,6420,24576,26.1,-149.5,26590,257046,10.3,63
2026-05-21 18:32:28,98.0,6420,24576,26.1,-965.6,26599,257046,10.3,63
2026-05-21 18:32:38,99.0,6420,24576,26.1,889.9,26599,257046,10.3,63
2026-05-21 18:32:48,99.0,6420,24576,26.1,881.9,26599,257046,10.3,63
2026-05-21 18:32:59,99.0,6420,24576,26.1,885.4,26598,257046,10.3,63
2026-05-21 18:33:09,99.0,6420,24576,26.1,886.7,26599,257046,10.3,63
2026-05-21 18:33:19,99.0,6420,24576,26.1,883.3,26599,257046,10.3,63
2026-05-21 18:33:29,99.0,6420,24576,26.1,887.8,26599,257046,10.3,63
2026-05-21 18:33:39,99.0,6420,24576,26.1,887.1,26599,257046,10.3,63
2026-05-21 18:33:49,99.0,6420,24576,26.1,-1105.6,26587,257046,10.3,63
2026-05-21 18:33:59,99.0,5964,24576,24.3,-12698.3,24513,257046,9.5,64
2026-05-21 18:34:09,99.0,5964,24576,24.3,755.5,24714,257046,9.6,64
2026-05-21 18:34:20,99.0,5964,24576,24.3,730.3,24713,257046,9.6,64
2026-05-21 18:34:30,96.0,5964,24576,24.3,-108.4,24701,257046,9.6,64
2026-05-21 18:34:40,66.0,3348,24576,13.6,-3208.9,23081,257046,9.0,61
2026-05-21 18:34:50,99.0,4366,24576,17.8,704.8,24723,257046,9.6,63
2026-05-21 18:35:00,100.0,5902,24576,24.0,828.0,26561,257046,10.3,64
2026-05-21 18:35:10,100.0,5902,24576,24.0,869.0,26562,257046,10.3,65
2026-05-21 18:35:20,100.0,5902,24576,24.0,869.0,26562,257046,10.3,65
2026-05-21 18:35:30,100.0,5902,24576,24.0,-19.2,26562,257046,10.3,66
2026-05-21 18:35:40,100.0,5902,24576,24.0,870.4,26561,257046,10.3,66
2026-05-21 18:35:50,100.0,5902,24576,24.0,866.7,26562,257046,10.3,66
2026-05-21 18:36:01,100.0,5902,24576,24.0,867.3,26562,257046,10.3,67
2026-05-21 18:36:11,100.0,5902,24576,24.0,-1107.2,26561,257046,10.3,67
2026-05-21 18:36:21,100.0,5902,24576,24.0,862.0,26561,257046,10.3,67
2026-05-21 18:36:31,100.0,5902,24576,24.0,867.1,26561,257046,10.3,67
2026-05-21 18:36:41,100.0,5902,24576,24.0,860.7,26562,257046,10.3,67
2026-05-21 18:36:51,100.0,6608,24576,26.9,-836.5,26913,257046,10.5,68
2026-05-21 18:37:01,100.0,6608,24576,26.9,-40.0,26917,257046,10.5,68
2026-05-21 18:37:11,100.0,6608,24576,26.9,860.3,26917,257046,10.5,68
2026-05-21 18:37:21,100.0,6608,24576,26.9,861.4,26917,257046,10.5,68
2026-05-21 18:37:32,100.0,6608,24576,26.9,856.4,26917,257046,10.5,68
2026-05-21 18:37:42,100.0,6608,24576,26.9,857.9,26917,257046,10.5,68
2026-05-21 18:37:52,100.0,6608,24576,26.9,859.0,26917,257046,10.5,68
2026-05-21 18:38:02,100.0,6608,24576,26.9,856.6,26917,257046,10.5,68
2026-05-21 18:38:12,100.0,6608,24576,26.9,859.7,26917,257046,10.5,69
2026-05-21 18:38:22,100.0,6608,24576,26.9,-34.0,25636,257046,10.0,69
2026-05-21 18:38:32,100.0,6608,24576,26.9,849.7,26917,257046,10.5,69
2026-05-21 18:38:42,100.0,6608,24576,26.9,111.8,26923,257046,10.5,69
2026-05-21 18:38:52,100.0,6608,24576,26.9,865.8,26923,257046,10.5,69
2026-05-21 18:39:02,100.0,6608,24576,26.9,21.7,26931,257046,10.5,69
2026-05-21 18:39:13,100.0,6608,24576,26.9,-1157.7,26931,257046,10.5,69
2026-05-21 18:39:23,100.0,6608,24576,26.9,859.4,26931,257046,10.5,69
2026-05-21 18:39:33,100.0,6608,24576,26.9,860.4,26931,257046,10.5,69
2026-05-21 18:39:43,100.0,6608,24576,26.9,859.1,26931,257046,10.5,69
2026-05-21 18:39:53,100.0,6608,24576,26.9,854.9,26931,257046,10.5,69
2026-05-21 18:40:03,100.0,6608,24576,26.9,-50.7,26932,257046,10.5,69
2026-05-21 18:40:13,100.0,6608,24576,26.9,857.3,26932,257046,10.5,69
2026-05-21 18:40:23,100.0,6608,24576,26.9,861.3,26932,257046,10.5,69
2026-05-21 18:40:33,99.0,4678,24576,19.0,-3347.8,24318,257046,9.5,68
2026-05-21 18:40:43,100.0,6112,24576,24.9,831.9,26254,257046,10.2,69
2026-05-21 18:40:54,100.0,6122,24576,24.9,853.8,26729,257046,10.4,69
2026-05-21 18:41:04,100.0,6122,24576,24.9,22.1,26729,257046,10.4,69
2026-05-21 18:41:14,100.0,6122,24576,24.9,867.2,26730,257046,10.4,69
2026-05-21 18:41:24,100.0,6122,24576,24.9,-25.9,25447,257046,9.9,69
2026-05-21 18:41:34,100.0,6122,24576,24.9,862.0,26729,257046,10.4,69
2026-05-21 18:41:44,100.0,6122,24576,24.9,868.0,26729,257046,10.4,69
2026-05-21 18:41:54,100.0,6122,24576,24.9,-1064.2,26729,257046,10.4,68
2026-05-21 18:42:04,100.0,6122,24576,24.9,859.8,26729,257046,10.4,69
2026-05-21 18:42:14,100.0,6122,24576,24.9,865.8,26729,257046,10.4,68
2026-05-21 18:42:24,100.0,6122,24576,24.9,865.1,26729,257046,10.4,69
2026-05-21 18:42:35,100.0,6122,24576,24.9,866.1,26729,257046,10.4,69
2026-05-21 18:42:45,100.0,6122,24576,24.9,864.7,26728,257046,10.4,69
2026-05-21 18:42:55,100.0,6122,24576,24.9,864.6,26729,257046,10.4,68
2026-05-21 18:43:05,100.0,6492,24576,26.4,-1785.8,26887,257046,10.5,68
2026-05-21 18:43:15,100.0,6492,24576,26.4,865.4,26888,257046,10.5,68
2026-05-21 18:43:25,100.0,6492,24576,26.4,861.4,26887,257046,10.5,68
2026-05-21 18:43:35,100.0,6492,24576,26.4,862.0,26887,257046,10.5,68
2026-05-21 18:43:45,100.0,6492,24576,26.4,863.0,26887,257046,10.5,68
2026-05-21 18:43:55,100.0,6492,24576,26.4,862.2,26887,257046,10.5,68
2026-05-21 18:44:05,100.0,6492,24576,26.4,862.9,26887,257046,10.5,68
2026-05-21 18:44:16,100.0,6492,24576,26.4,866.1,26886,257046,10.5,68
2026-05-21 18:44:26,100.0,6492,24576,26.4,864.5,26886,257046,10.5,68
2026-05-21 18:44:36,99.0,6492,24576,26.4,-2087.9,24396,257046,9.5,68
2026-05-21 18:44:46,99.0,5518,24576,22.5,-22947.8,25015,257046,9.7,68
2026-05-21 18:44:56,100.0,7990,24576,32.5,837.6,26793,257046,10.4,68
2026-05-21 18:45:06,100.0,7990,24576,32.5,-25.4,26794,257046,10.4,69
2026-05-21 18:45:16,100.0,7990,24576,32.5,-29.7,26788,257046,10.4,69
2026-05-21 18:45:26,100.0,7990,24576,32.5,836.0,26803,257046,10.4,69
2026-05-21 18:45:36,100.0,7990,24576,32.5,845.9,26803,257046,10.4,69
2026-05-21 18:45:46,100.0,7990,24576,32.5,846.2,26803,257046,10.4,69
2026-05-21 18:45:57,100.0,7990,24576,32.5,841.5,26804,257046,10.4,69
2026-05-21 18:46:07,100.0,7990,24576,32.5,-74.5,26805,257046,10.4,69
2026-05-21 18:46:17,100.0,7990,24576,32.5,846.4,26806,257046,10.4,69
2026-05-21 18:46:27,100.0,8382,24576,34.1,53.4,26958,257046,10.5,69
2026-05-21 18:46:37,100.0,8382,24576,34.1,844.0,26958,257046,10.5,69
2026-05-21 18:46:47,100.0,8382,24576,34.1,848.1,26958,257046,10.5,69
2026-05-21 18:46:57,100.0,8382,24576,34.1,843.6,26958,257046,10.5,69
2026-05-21 18:47:07,100.0,8382,24576,34.1,846.8,26958,257046,10.5,69
2026-05-21 18:47:17,100.0,8382,24576,34.1,849.2,26958,257046,10.5,69
2026-05-21 18:47:28,100.0,8382,24576,34.1,850.7,26958,257046,10.5,69
2026-05-21 18:47:38,100.0,8382,24576,34.1,-74.2,26958,257046,10.5,69
2026-05-21 18:47:48,100.0,8382,24576,34.1,-21.5,26960,257046,10.5,69
2026-05-21 18:47:58,100.0,8382,24576,34.1,-876.3,26955,257046,10.5,69
2026-05-21 18:48:08,100.0,8382,24576,34.1,831.7,26967,257046,10.5,69
2026-05-21 18:48:18,100.0,8382,24576,34.1,839.6,26967,257046,10.5,69
2026-05-21 18:48:28,99.0,6568,24576,26.7,-4568.5,24697,257046,9.6,69
2026-05-21 18:48:38,100.0,7580,24576,30.8,797.0,26803,257046,10.4,69
2026-05-21 18:48:48,100.0,7580,24576,30.8,879.0,26807,257046,10.4,69
2026-05-21 18:48:59,100.0,7580,24576,30.8,883.5,26807,257046,10.4,69
2026-05-21 18:49:09,100.0,7580,24576,30.8,864.2,26807,257046,10.4,69
2026-05-21 18:49:19,100.0,7580,24576,30.8,-84.6,26808,257046,10.4,69
2026-05-21 18:49:29,100.0,7580,24576,30.8,884.0,26808,257046,10.4,69
2026-05-21 18:49:39,99.0,4716,24576,19.2,-2785.4,24721,257046,9.6,69
2026-05-21 18:49:49,100.0,5970,24576,24.3,780.9,26679,257046,10.4,69
2026-05-21 18:49:59,100.0,5970,24576,24.3,824.8,26679,257046,10.4,69
2026-05-21 18:50:09,100.0,6196,24576,25.2,-784.0,26847,257046,10.4,69
2026-05-21 18:50:19,100.0,6196,24576,25.2,827.8,26847,257046,10.4,69
2026-05-21 18:50:29,100.0,6196,24576,25.2,827.8,26848,257046,10.4,69
2026-05-21 18:50:40,100.0,6196,24576,25.2,825.9,26848,257046,10.4,69
2026-05-21 18:50:50,100.0,5630,24576,22.9,-6635.2,24460,257046,9.5,69
2026-05-21 18:51:00,100.0,6670,24576,27.1,777.0,26684,257046,10.4,69
2026-05-21 18:51:10,100.0,6670,24576,27.1,821.8,26685,257046,10.4,69
2026-05-21 18:51:20,100.0,6670,24576,27.1,-204.3,26684,257046,10.4,69
2026-05-21 18:51:30,100.0,6670,24576,27.1,-5.2,26692,257046,10.4,69
2026-05-21 18:51:40,100.0,6670,24576,27.1,821.7,26692,257046,10.4,69
2026-05-21 18:51:50,100.0,6670,24576,27.1,830.9,26691,257046,10.4,69
2026-05-21 18:52:00,100.0,6976,24576,28.4,-36.2,25568,257046,9.9,69
2026-05-21 18:52:10,100.0,6976,24576,28.4,809.7,26864,257046,10.5,69
2026-05-21 18:52:21,100.0,6976,24576,28.4,8.5,26863,257046,10.5,69
2026-05-21 18:52:31,100.0,6976,24576,28.4,807.1,26863,257046,10.5,69
2026-05-21 18:52:41,100.0,6976,24576,28.4,807.9,26863,257046,10.5,69
2026-05-21 18:52:51,100.0,5738,24576,23.3,-1659.2,24259,257046,9.4,69
2026-05-21 18:53:01,100.0,5990,24576,24.4,804.6,25061,257046,9.7,69
2026-05-21 18:53:11,100.0,7356,24576,29.9,812.3,26635,257046,10.4,69
2026-05-21 18:53:21,100.0,7356,24576,29.9,811.0,26635,257046,10.4,69
2026-05-21 18:53:31,100.0,7356,24576,29.9,814.9,26635,257046,10.4,69
2026-05-21 18:53:41,100.0,7356,24576,29.9,815.7,26635,257046,10.4,69
2026-05-21 18:53:51,100.0,7356,24576,29.9,813.3,26634,257046,10.4,69
2026-05-21 18:54:02,100.0,7356,24576,29.9,815.3,26634,257046,10.4,69
2026-05-21 18:54:12,100.0,7356,24576,29.9,816.7,26634,257046,10.4,69
2026-05-21 18:54:22,100.0,7356,24576,29.9,-23.1,26628,257046,10.4,69
2026-05-21 18:54:32,100.0,7356,24576,29.9,804.3,26642,257046,10.4,69
2026-05-21 18:54:42,100.0,7356,24576,29.9,-56.6,26642,257046,10.4,69
2026-05-21 18:54:52,100.0,7356,24576,29.9,-181.3,26644,257046,10.4,69
2026-05-21 18:55:02,100.0,7590,24576,30.9,-14.4,26813,257046,10.4,69
2026-05-21 18:55:12,100.0,8018,24576,32.6,-12.6,26979,257046,10.5,69
2026-05-21 18:55:22,100.0,8018,24576,32.6,801.8,26978,257046,10.5,69
2026-05-21 18:55:32,100.0,8018,24576,32.6,811.3,26979,257046,10.5,69
2026-05-21 18:55:43,100.0,8018,24576,32.6,811.5,26979,257046,10.5,69
2026-05-21 18:55:53,100.0,8018,24576,32.6,810.4,26978,257046,10.5,69
2026-05-21 18:56:03,100.0,8018,24576,32.6,810.5,26979,257046,10.5,69
2026-05-21 18:56:13,100.0,8018,24576,32.6,805.7,26979,257046,10.5,69
2026-05-21 18:56:23,100.0,8018,24576,32.6,809.7,26979,257046,10.5,69
2026-05-21 18:56:33,100.0,8018,24576,32.6,808.8,26979,257046,10.5,69
2026-05-21 18:56:43,100.0,8018,24576,32.6,808.2,26979,257046,10.5,69
2026-05-21 18:56:53,100.0,8018,24576,32.6,-12.6,26966,257046,10.5,69
2026-05-21 18:57:03,100.0,8018,24576,32.6,799.4,26979,257046,10.5,69
2026-05-21 18:57:14,100.0,8018,24576,32.6,-37.9,26980,257046,10.5,69
2026-05-21 18:57:24,100.0,8018,24576,32.6,5.1,26982,257046,10.5,69
2026-05-21 18:57:34,100.0,8018,24576,32.6,809.8,26982,257046,10.5,69
2026-05-21 18:57:44,100.0,8018,24576,32.6,805.6,26982,257046,10.5,69
2026-05-21 18:57:54,100.0,8018,24576,32.6,806.7,26983,257046,10.5,69
2026-05-21 18:58:04,100.0,8018,24576,32.6,805.9,26982,257046,10.5,69
2026-05-21 18:58:14,100.0,8018,24576,32.6,-143.9,25745,257046,10.0,69
2026-05-21 18:58:24,100.0,8018,24576,32.6,806.2,26982,257046,10.5,69
2026-05-21 18:58:34,100.0,8018,24576,32.6,809.6,26982,257046,10.5,69
2026-05-21 18:58:44,100.0,8018,24576,32.6,807.0,26982,257046,10.5,69
2026-05-21 18:58:55,100.0,8018,24576,32.6,809.9,26982,257046,10.5,69
2026-05-21 18:59:05,100.0,8018,24576,32.6,807.3,26982,257046,10.5,69
2026-05-21 18:59:15,100.0,8018,24576,32.6,-79.6,26994,257046,10.5,69
2026-05-21 18:59:25,96.0,8018,24576,32.6,-805.0,26970,257046,10.5,69
2026-05-21 18:59:35,100.0,5972,24576,24.3,-3077.9,25010,257046,9.7,69
2026-05-21 18:59:45,100.0,8796,24576,35.8,28.7,26889,257046,10.5,69
2026-05-21 18:59:55,100.0,8796,24576,35.8,777.4,26889,257046,10.5,69
2026-05-21 19:00:05,100.0,8796,24576,35.8,783.3,26890,257046,10.5,69
2026-05-21 19:00:15,100.0,8796,24576,35.8,777.8,26890,257046,10.5,69
2026-05-21 19:00:26,100.0,8796,24576,35.8,781.2,26890,257046,10.5,69
2026-05-21 19:00:36,100.0,8796,24576,35.8,778.2,26890,257046,10.5,69
2026-05-21 19:00:46,100.0,8796,24576,35.8,781.2,26890,257046,10.5,69
2026-05-21 19:00:56,100.0,8796,24576,35.8,778.5,26893,257046,10.5,69
2026-05-21 19:01:06,100.0,8796,24576,35.8,781.0,26896,257046,10.5,69
2026-05-21 19:01:16,100.0,8796,24576,35.8,782.7,26896,257046,10.5,69
2026-05-21 19:01:26,100.0,8796,24576,35.8,781.8,26896,257046,10.5,69
2026-05-21 19:01:36,100.0,8796,24576,35.8,781.3,26897,257046,10.5,69
2026-05-21 19:01:46,100.0,8796,24576,35.8,780.2,26896,257046,10.5,69
2026-05-21 19:01:56,100.0,8796,24576,35.8,-1002.5,26896,257046,10.5,69
2026-05-21 19:02:07,100.0,8796,24576,35.8,778.9,26896,257046,10.5,69
2026-05-21 19:02:17,100.0,8796,24576,35.8,26.8,26895,257046,10.5,69
2026-05-21 19:02:27,100.0,8796,24576,35.8,781.4,26895,257046,10.5,69
2026-05-21 19:02:37,100.0,8796,24576,35.8,778.3,26895,257046,10.5,69
2026-05-21 19:02:47,100.0,9620,24576,39.1,15.4,27052,257046,10.5,69
2026-05-21 19:02:57,100.0,9620,24576,39.1,775.8,27054,257046,10.5,69
2026-05-21 19:03:07,100.0,9620,24576,39.1,781.5,27056,257046,10.5,69
2026-05-21 19:03:17,100.0,9620,24576,39.1,782.1,27061,257046,10.5,69
2026-05-21 19:03:27,100.0,9620,24576,39.1,-148.2,27052,257046,10.5,69
2026-05-21 19:03:37,100.0,8346,24576,34.0,-6724.5,25076,257046,9.8,69
2026-05-21 19:03:48,100.0,10098,24576,41.1,770.3,26884,257046,10.5,69
2026-05-21 19:03:58,100.0,10098,24576,41.1,774.0,26884,257046,10.5,69
2026-05-21 19:04:08,100.0,10098,24576,41.1,776.9,26884,257046,10.5,69
2026-05-21 19:04:18,100.0,10098,24576,41.1,777.9,26884,257046,10.5,69
2026-05-21 19:04:28,100.0,10098,24576,41.1,775.8,26870,257046,10.5,69
2026-05-21 19:04:38,100.0,10098,24576,41.1,-32.5,26884,257046,10.5,69
2026-05-21 19:04:48,100.0,10098,24576,41.1,778.2,26884,257046,10.5,69
2026-05-21 19:04:58,100.0,10098,24576,41.1,-6.7,26884,257046,10.5,69
2026-05-21 19:05:08,100.0,10098,24576,41.1,775.5,26883,257046,10.5,69
2026-05-21 19:05:18,100.0,10098,24576,41.1,776.9,26883,257046,10.5,69
2026-05-21 19:05:29,100.0,10098,24576,41.1,-182.7,26873,257046,10.5,69
2026-05-21 19:05:39,100.0,10098,24576,41.1,761.5,26885,257046,10.5,69
2026-05-21 19:05:49,100.0,10098,24576,41.1,771.6,26885,257046,10.5,69
2026-05-21 19:05:59,100.0,10098,24576,41.1,-10.6,26890,257046,10.5,69
2026-05-21 19:06:09,100.0,10098,24576,41.1,774.5,26891,257046,10.5,69
2026-05-21 19:06:19,100.0,10098,24576,41.1,774.2,26891,257046,10.5,69
2026-05-21 19:06:29,100.0,10098,24576,41.1,772.5,26891,257046,10.5,69
2026-05-21 19:06:39,100.0,10098,24576,41.1,773.2,26891,257046,10.5,69
2026-05-21 19:06:49,100.0,10098,24576,41.1,774.4,26891,257046,10.5,69
2026-05-21 19:06:59,100.0,10570,24576,43.0,20.7,27044,257046,10.5,69
2026-05-21 19:07:10,100.0,10570,24576,43.0,773.7,27044,257046,10.5,69
2026-05-21 19:07:20,100.0,10570,24576,43.0,-30.8,27044,257046,10.5,69
2026-05-21 19:07:30,100.0,10570,24576,43.0,772.2,27044,257046,10.5,69
2026-05-21 19:07:40,99.0,10570,24576,43.0,-55.3,27046,257046,10.5,69
2026-05-21 19:07:50,100.0,10570,24576,43.0,767.6,27045,257046,10.5,69
2026-05-21 19:08:00,100.0,10570,24576,43.0,774.6,27045,257046,10.5,69
2026-05-21 19:08:10,100.0,10570,24576,43.0,770.0,27048,257046,10.5,69
2026-05-21 19:08:20,100.0,10570,24576,43.0,774.2,27056,257046,10.5,69
2026-05-21 19:08:30,100.0,10570,24576,43.0,776.0,27062,257046,10.5,69
2026-05-21 19:08:40,100.0,10570,24576,43.0,773.2,27064,257046,10.5,69
2026-05-21 19:08:51,100.0,10570,24576,43.0,776.3,27063,257046,10.5,69
2026-05-21 19:09:01,100.0,10570,24576,43.0,773.1,27063,257046,10.5,69
2026-05-21 19:09:11,100.0,10570,24576,43.0,777.0,27064,257046,10.5,69
2026-05-21 19:09:21,100.0,6922,24576,28.2,-6744.8,24590,257046,9.6,69
2026-05-21 19:09:31,100.0,8272,24576,33.7,788.7,26716,257046,10.4,69
2026-05-21 19:09:41,100.0,8960,24576,36.5,789.4,26852,257046,10.4,69
2026-05-21 19:09:51,100.0,8960,24576,36.5,772.0,26852,257046,10.4,69
2026-05-21 19:10:01,100.0,8960,24576,36.5,55.1,26852,257046,10.4,69
2026-05-21 19:10:11,100.0,8960,24576,36.5,-52.8,26860,257046,10.4,69
2026-05-21 19:10:22,100.0,8960,24576,36.5,-60.6,25556,257046,9.9,69
2026-05-21 19:10:32,100.0,7378,24576,30.0,-20169.5,24768,257046,9.6,69
2026-05-21 19:10:42,100.0,8560,24576,34.8,771.4,26649,257046,10.4,69
2026-05-21 19:10:52,100.0,8906,24576,36.2,47.2,26814,257046,10.4,69
2026-05-21 19:11:02,100.0,8906,24576,36.2,840.7,26813,257046,10.4,69
2026-05-21 19:11:12,100.0,8906,24576,36.2,838.3,26814,257046,10.4,69
2026-05-21 19:11:22,100.0,8906,24576,36.2,831.0,26814,257046,10.4,69
2026-05-21 19:11:32,100.0,8906,24576,36.2,814.9,26814,257046,10.4,69
2026-05-21 19:11:42,100.0,8906,24576,36.2,833.3,26814,257046,10.4,69
2026-05-21 19:11:52,100.0,8906,24576,36.2,837.0,26814,257046,10.4,69
2026-05-21 19:12:03,100.0,8906,24576,36.2,838.0,26814,257046,10.4,69
2026-05-21 19:12:13,100.0,8906,24576,36.2,51.6,26816,257046,10.4,69
2026-05-21 19:12:23,100.0,8906,24576,36.2,836.1,26816,257046,10.4,69
2026-05-21 19:12:33,100.0,8906,24576,36.2,837.0,26816,257046,10.4,69
2026-05-21 19:12:43,100.0,9192,24576,37.4,136.0,26975,257046,10.5,69
2026-05-21 19:12:53,100.0,9192,24576,37.4,838.3,26975,257046,10.5,69
2026-05-21 19:13:03,100.0,9192,24576,37.4,-9.4,26975,257046,10.5,69
2026-05-21 19:13:13,100.0,9192,24576,37.4,-162.4,26966,257046,10.5,69
2026-05-21 19:13:23,100.0,9192,24576,37.4,827.9,26975,257046,10.5,69
2026-05-21 19:13:33,100.0,9192,24576,37.4,63.5,26976,257046,10.5,69
2026-05-21 19:13:44,100.0,9192,24576,37.4,0.4,26977,257046,10.5,69
2026-05-21 19:13:54,100.0,9192,24576,37.4,842.5,26977,257046,10.5,69
2026-05-21 19:14:04,100.0,9192,24576,37.4,826.9,26977,257046,10.5,69
2026-05-21 19:14:14,100.0,9192,24576,37.4,824.9,26977,257046,10.5,69
2026-05-21 19:14:24,100.0,9192,24576,37.4,828.2,26977,257046,10.5,69
2026-05-21 19:14:34,100.0,9192,24576,37.4,816.8,26976,257046,10.5,69
2026-05-21 19:14:44,90.0,9192,24576,37.4,-586.6,26957,257046,10.5,69
2026-05-21 19:14:54,100.0,9192,24576,37.4,819.8,26984,257046,10.5,69
2026-05-21 19:15:04,100.0,9192,24576,37.4,841.8,26984,257046,10.5,69
2026-05-21 19:15:15,100.0,9192,24576,37.4,841.4,26984,257046,10.5,69
2026-05-21 19:15:25,100.0,9192,24576,37.4,836.7,26985,257046,10.5,69
2026-05-21 19:15:35,100.0,9192,24576,37.4,835.3,26985,257046,10.5,69
2026-05-21 19:15:45,100.0,9192,24576,37.4,838.1,26985,257046,10.5,69
2026-05-21 19:15:55,100.0,9192,24576,37.4,835.5,26985,257046,10.5,69
2026-05-21 19:16:05,100.0,9192,24576,37.4,-788.9,26985,257046,10.5,69
2026-05-21 19:16:15,100.0,9192,24576,37.4,830.5,26985,257046,10.5,69
2026-05-21 19:16:25,100.0,9192,24576,37.4,834.9,26985,257046,10.5,69
2026-05-21 19:16:35,100.0,9192,24576,37.4,837.1,26986,257046,10.5,69
2026-05-21 19:16:45,100.0,9192,24576,37.4,831.0,26986,257046,10.5,69
2026-05-21 19:16:56,100.0,7724,24576,31.4,-3687.8,24671,257046,9.6,69
2026-05-21 19:17:06,100.0,9114,24576,37.1,-111.4,26892,257046,10.5,69
2026-05-21 19:17:16,100.0,9114,24576,37.1,-163.7,26892,257046,10.5,69
2026-05-21 19:17:26,100.0,9114,24576,37.1,79.2,26892,257046,10.5,69
2026-05-21 19:17:36,100.0,9114,24576,37.1,808.9,26892,257046,10.5,69
2026-05-21 19:17:46,100.0,9114,24576,37.1,831.8,26892,257046,10.5,69
2026-05-21 19:17:56,100.0,9114,24576,37.1,830.6,26892,257046,10.5,69
2026-05-21 19:18:06,100.0,9114,24576,37.1,835.3,26892,257046,10.5,69
2026-05-21 19:18:16,100.0,9114,24576,37.1,833.7,26892,257046,10.5,69
2026-05-21 19:18:26,100.0,9114,24576,37.1,832.1,26892,257046,10.5,69
2026-05-21 19:18:37,100.0,9114,24576,37.1,95.0,26881,257046,10.5,69
2026-05-21 19:18:47,100.0,9114,24576,37.1,797.0,26892,257046,10.5,69
2026-05-21 19:18:57,100.0,9114,24576,37.1,29.9,26893,257046,10.5,69
2026-05-21 19:19:07,100.0,9114,24576,37.1,772.6,26893,257046,10.5,69
2026-05-21 19:19:17,100.0,9114,24576,37.1,770.4,26892,257046,10.5,69
2026-05-21 19:19:27,100.0,9114,24576,37.1,768.3,26893,257046,10.5,69
2026-05-21 19:19:37,100.0,9114,24576,37.1,768.8,26893,257046,10.5,69
2026-05-21 19:19:47,100.0,9114,24576,37.1,768.6,26893,257046,10.5,69
2026-05-21 19:19:57,100.0,9466,24576,38.5,-793.7,27053,257046,10.5,69
2026-05-21 19:20:07,100.0,9466,24576,38.5,780.6,27054,257046,10.5,69
2026-05-21 19:20:18,100.0,9466,24576,38.5,814.9,27054,257046,10.5,69
2026-05-21 19:20:28,100.0,9466,24576,38.5,-20.1,27042,257046,10.5,69
2026-05-21 19:20:38,100.0,9466,24576,38.5,802.2,27040,257046,10.5,69
2026-05-21 19:20:48,100.0,9466,24576,38.5,829.2,27045,257046,10.5,69
2026-05-21 19:20:58,100.0,9466,24576,38.5,830.6,27045,257046,10.5,69
2026-05-21 19:21:08,100.0,9466,24576,38.5,825.1,27046,257046,10.5,69
2026-05-21 19:21:18,100.0,9466,24576,38.5,-922.4,27048,257046,10.5,69
2026-05-21 19:21:28,100.0,9466,24576,38.5,827.5,27048,257046,10.5,69
2026-05-21 19:21:38,100.0,9466,24576,38.5,808.0,27048,257046,10.5,69
2026-05-21 19:21:48,100.0,9466,24576,38.5,72.5,27048,257046,10.5,69
2026-05-21 19:21:59,100.0,9466,24576,38.5,827.2,27048,257046,10.5,69
2026-05-21 19:22:09,100.0,9466,24576,38.5,808.3,27048,257046,10.5,69
2026-05-21 19:22:19,100.0,9466,24576,38.5,778.6,27048,257046,10.5,69
2026-05-21 19:22:29,100.0,9466,24576,38.5,31.4,27048,257046,10.5,69
2026-05-21 19:22:39,100.0,9466,24576,38.5,772.5,27049,257046,10.5,69
2026-05-21 19:22:49,100.0,9466,24576,38.5,771.2,27049,257046,10.5,69
2026-05-21 19:22:59,100.0,9466,24576,38.5,10.4,27058,257046,10.5,69
2026-05-21 19:23:09,100.0,9466,24576,38.5,829.2,27060,257046,10.5,69
2026-05-21 19:23:19,100.0,9466,24576,38.5,830.6,27060,257046,10.5,69
2026-05-21 19:23:30,100.0,9466,24576,38.5,832.6,27060,257046,10.5,69
2026-05-21 19:23:40,100.0,9466,24576,38.5,829.7,27060,257046,10.5,69
2026-05-21 19:23:50,100.0,9466,24576,38.5,-792.8,27048,257046,10.5,69
2026-05-21 19:24:00,100.0,9466,24576,38.5,809.5,27060,257046,10.5,69
2026-05-21 19:24:10,100.0,9466,24576,38.5,803.4,27061,257046,10.5,69
2026-05-21 19:24:20,100.0,9466,24576,38.5,813.2,27062,257046,10.5,69
2026-05-21 19:24:30,100.0,9466,24576,38.5,780.5,27064,257046,10.5,69
2026-05-21 19:24:40,100.0,9466,24576,38.5,41.8,27063,257046,10.5,69
2026-05-21 19:24:50,100.0,9466,24576,38.5,770.8,27064,257046,10.5,69
2026-05-21 19:25:00,97.0,9466,24576,38.5,16.9,27065,257046,10.5,69
2026-05-21 19:25:11,100.0,9466,24576,38.5,-227.1,27066,257046,10.5,69
2026-05-21 19:25:21,100.0,9466,24576,38.5,782.7,27065,257046,10.5,69
2026-05-21 19:25:31,100.0,9466,24576,38.5,771.9,27064,257046,10.5,69
2026-05-21 19:25:41,100.0,9466,24576,38.5,766.0,27065,257046,10.5,69
2026-05-21 19:25:51,100.0,7724,24576,31.4,-5282.9,24823,257046,9.7,69
2026-05-21 19:26:01,100.0,8626,24576,35.1,750.6,26719,257046,10.4,69
2026-05-21 19:26:11,100.0,8626,24576,35.1,834.7,26720,257046,10.4,69
2026-05-21 19:26:21,100.0,8626,24576,35.1,109.1,26720,257046,10.4,69
2026-05-21 19:26:31,100.0,8626,24576,35.1,839.9,26720,257046,10.4,69
2026-05-21 19:26:42,100.0,8626,24576,35.1,837.9,26720,257046,10.4,69
2026-05-21 19:26:52,100.0,8626,24576,35.1,835.1,26720,257046,10.4,69
2026-05-21 19:27:02,100.0,8626,24576,35.1,-16.9,26720,257046,10.4,69
2026-05-21 19:27:12,100.0,8626,24576,35.1,112.8,26721,257046,10.4,69
2026-05-21 19:27:22,100.0,8626,24576,35.1,831.9,26720,257046,10.4,69
2026-05-21 19:27:32,99.0,8626,24576,35.1,66.0,26710,257046,10.4,69
2026-05-21 19:27:42,100.0,8626,24576,35.1,-75.9,26846,257046,10.4,69
2026-05-21 19:27:52,100.0,8626,24576,35.1,824.8,26845,257046,10.4,69
2026-05-21 19:28:02,100.0,8626,24576,35.1,826.2,26845,257046,10.4,69
2026-05-21 19:28:12,100.0,8626,24576,35.1,832.7,26845,257046,10.4,69
2026-05-21 19:28:23,100.0,8626,24576,35.1,829.1,26845,257046,10.4,69
2026-05-21 19:28:33,100.0,8626,24576,35.1,-156.3,26845,257046,10.4,69
2026-05-21 19:28:43,100.0,8626,24576,35.1,828.2,26845,257046,10.4,69
2026-05-21 19:28:53,100.0,6242,24576,25.4,-7987.3,24413,257046,9.5,69
2026-05-21 19:29:03,99.0,7028,24576,28.6,856.6,26679,257046,10.4,69
2026-05-21 19:29:13,100.0,7028,24576,28.6,39.9,25482,257046,9.9,68
2026-05-21 19:29:23,71.0,5468,24576,22.2,-23976.2,24102,257046,9.4,67
2026-05-21 19:29:33,100.0,6632,24576,27.0,848.1,25995,257046,10.1,68
2026-05-21 19:29:43,100.0,6644,24576,27.0,950.4,26401,257046,10.3,67
2026-05-21 19:29:53,100.0,6644,24576,27.0,962.7,26401,257046,10.3,67
2026-05-21 19:30:04,100.0,6644,24576,27.0,962.4,26401,257046,10.3,67
2026-05-21 19:30:14,100.0,6644,24576,27.0,279.2,25284,257046,9.8,67
2026-05-21 19:30:24,100.0,6644,24576,27.0,950.6,26528,257046,10.3,67
2026-05-21 19:30:34,100.0,6644,24576,27.0,968.8,26528,257046,10.3,67
2026-05-21 19:30:44,100.0,6644,24576,27.0,56.7,25323,257046,9.9,67
2026-05-21 19:30:54,99.0,5742,24576,23.4,-1753.5,24598,257046,9.6,67
2026-05-21 19:31:04,100.0,6236,24576,25.4,-104.9,26447,257046,10.3,66
2026-05-21 19:31:14,99.0,6516,24576,26.5,-850.2,26576,257046,10.3,66
2026-05-21 19:31:24,100.0,6516,24576,26.5,976.3,26575,257046,10.3,66
2026-05-21 19:31:35,100.0,6516,24576,26.5,195.8,26585,257046,10.3,66
2026-05-21 19:31:45,100.0,6516,24576,26.5,968.5,26584,257046,10.3,66
2026-05-21 19:31:55,100.0,6516,24576,26.5,966.9,26584,257046,10.3,66
2026-05-21 19:32:05,100.0,6516,24576,26.5,968.0,26584,257046,10.3,66
2026-05-21 19:32:15,100.0,6516,24576,26.5,966.7,26584,257046,10.3,66
2026-05-21 19:32:25,100.0,6574,24576,26.7,174.8,26772,257046,10.4,66
2026-05-21 19:32:35,100.0,6574,24576,26.7,962.1,26772,257046,10.4,66
2026-05-21 19:32:45,100.0,6574,24576,26.7,32.9,26782,257046,10.4,66
2026-05-21 19:32:55,100.0,6574,24576,26.7,152.0,26782,257046,10.4,66
2026-05-21 19:33:05,100.0,6574,24576,26.7,142.9,26781,257046,10.4,65
2026-05-21 19:33:16,100.0,6574,24576,26.7,975.9,26782,257046,10.4,65
2026-05-21 19:33:26,100.0,6574,24576,26.7,-12.1,26785,257046,10.4,65
2026-05-21 19:33:36,100.0,6574,24576,26.7,973.1,26784,257046,10.4,65
2026-05-21 19:33:46,100.0,6574,24576,26.7,164.0,26789,257046,10.4,65
2026-05-21 19:33:56,100.0,6574,24576,26.7,971.9,26790,257046,10.4,65
2026-05-21 19:34:06,100.0,6574,24576,26.7,974.1,26790,257046,10.4,65
2026-05-21 19:34:16,99.0,5118,24576,20.8,-2993.7,24844,257046,9.7,65
2026-05-21 19:34:26,100.0,5854,24576,23.8,912.0,26766,257046,10.4,65
2026-05-21 19:34:36,100.0,5854,24576,23.8,984.2,26769,257046,10.4,65
2026-05-21 19:34:47,100.0,5854,24576,23.8,971.8,26769,257046,10.4,65
2026-05-21 19:34:57,100.0,5854,24576,23.8,-699.8,25508,257046,9.9,65
2026-05-21 19:35:07,100.0,5302,24576,21.6,-1339.6,24949,257046,9.7,66
2026-05-21 19:35:17,100.0,6312,24576,25.7,934.7,26520,257046,10.3,65
2026-05-21 19:35:27,100.0,6312,24576,25.7,971.9,26521,257046,10.3,65
2026-05-21 19:35:37,100.0,6312,24576,25.7,157.7,26522,257046,10.3,65
2026-05-21 19:35:47,100.0,6312,24576,25.7,-26.9,26522,257046,10.3,66
2026-05-21 19:35:57,100.0,6314,24576,25.7,26.4,26660,257046,10.4,65
2026-05-21 19:36:07,100.0,6314,24576,25.7,955.7,26684,257046,10.4,65
2026-05-21 19:36:18,100.0,6314,24576,25.7,962.2,26684,257046,10.4,65
2026-05-21 19:36:28,100.0,6538,24576,26.6,176.8,26779,257046,10.4,66
2026-05-21 19:36:38,100.0,6538,24576,26.6,135.4,26811,257046,10.4,65
2026-05-21 19:36:48,100.0,6538,24576,26.6,965.5,26811,257046,10.4,65
2026-05-21 19:36:58,100.0,6538,24576,26.6,172.6,26812,257046,10.4,65
2026-05-21 19:37:08,100.0,6538,24576,26.6,957.7,26812,257046,10.4,65
2026-05-21 19:37:18,100.0,6538,24576,26.6,960.8,26813,257046,10.4,65
2026-05-21 19:37:28,100.0,6538,24576,26.6,962.4,26814,257046,10.4,65
2026-05-21 19:37:38,100.0,6538,24576,26.6,-43.1,26822,257046,10.4,65
2026-05-21 19:37:48,100.0,6538,24576,26.6,238.8,26832,257046,10.4,65
2026-05-21 19:37:59,100.0,6538,24576,26.6,959.5,26833,257046,10.4,65
2026-05-21 19:38:09,100.0,6538,24576,26.6,962.1,26836,257046,10.4,65
2026-05-21 19:38:19,100.0,6538,24576,26.6,-872.9,26834,257046,10.4,65
2026-05-21 19:38:29,100.0,6538,24576,26.6,156.5,26837,257046,10.4,65
2026-05-21 19:38:39,100.0,6538,24576,26.6,964.7,26842,257046,10.4,65
2026-05-21 19:38:49,100.0,6538,24576,26.6,957.2,26842,257046,10.4,65
2026-05-21 19:38:59,100.0,5304,24576,21.6,-1937.3,24427,257046,9.5,65
2026-05-21 19:39:09,100.0,5536,24576,22.5,873.8,25238,257046,9.8,66
2026-05-21 19:39:19,100.0,6218,24576,25.3,-80.1,25462,257046,9.9,66
2026-05-21 19:39:30,100.0,5480,24576,22.3,-1333.0,24764,257046,9.6,66
2026-05-21 19:39:40,100.0,6338,24576,25.8,83.6,26580,257046,10.3,66
2026-05-21 19:39:50,100.0,6338,24576,25.8,931.8,26584,257046,10.3,66
2026-05-21 19:40:00,99.0,6338,24576,25.8,930.9,26586,257046,10.3,66
2026-05-21 19:40:10,100.0,6338,24576,25.8,36.1,26588,257046,10.3,66
2026-05-21 19:40:20,100.0,6338,24576,25.8,931.6,26592,257046,10.3,66
2026-05-21 19:40:30,100.0,6338,24576,25.8,217.1,26713,257046,10.4,66
2026-05-21 19:40:40,100.0,6338,24576,25.8,-123.9,26716,257046,10.4,66
2026-05-21 19:40:50,100.0,6338,24576,25.8,907.3,26717,257046,10.4,66
2026-05-21 19:41:01,100.0,6338,24576,25.8,47.2,26721,257046,10.4,66
2026-05-21 19:41:11,100.0,6338,24576,25.8,-39.0,26884,257046,10.5,66
2026-05-21 19:41:21,100.0,6338,24576,25.8,921.4,26892,257046,10.5,66
2026-05-21 19:41:31,100.0,6338,24576,25.8,917.2,26895,257046,10.5,66
2026-05-21 19:41:41,100.0,6338,24576,25.8,922.3,26898,257046,10.5,66
2026-05-21 19:41:51,100.0,6338,24576,25.8,45.9,26911,257046,10.5,66
2026-05-21 19:42:01,73.0,4114,24576,16.7,-22416.2,24485,257046,9.5,64
2026-05-21 19:42:11,98.0,4918,24576,20.0,778.7,26633,257046,10.4,64
2026-05-21 19:42:21,98.0,4918,24576,20.0,900.9,26636,257046,10.4,63
2026-05-21 19:42:31,84.0,4918,24576,20.0,-853.6,26633,257046,10.4,63
2026-05-21 19:42:42,98.0,4918,24576,20.0,880.3,26643,257046,10.4,62
2026-05-21 19:42:52,99.0,4918,24576,20.0,-51.5,26651,257046,10.4,62
2026-05-21 19:43:02,97.0,4918,24576,20.0,907.5,26655,257046,10.4,61
2026-05-21 19:43:12,96.0,4918,24576,20.0,68.3,26645,257046,10.4,61
2026-05-21 19:43:22,82.0,4004,24576,16.3,-1183.2,24677,257046,9.6,60
2026-05-21 19:43:32,97.0,4826,24576,19.6,841.7,26532,257046,10.3,60
2026-05-21 19:43:42,89.0,4826,24576,19.6,80.6,25295,257046,9.8,59
2026-05-21 19:43:52,96.0,4826,24576,19.6,-58.1,26667,257046,10.4,59
2026-05-21 19:44:02,95.0,4826,24576,19.6,-30.1,26672,257046,10.4,59
2026-05-21 19:44:13,94.0,4826,24576,19.6,888.6,26675,257046,10.4,58
2026-05-21 19:44:23,88.0,4826,24576,19.6,-66.4,25410,257046,9.9,58
2026-05-21 19:44:33,88.0,3968,24576,16.1,-231.5,24765,257046,9.6,57
2026-05-21 19:44:43,97.0,5276,24576,21.5,868.9,26503,257046,10.3,58
2026-05-21 19:44:53,98.0,5276,24576,21.5,890.2,26503,257046,10.3,59
2026-05-21 19:45:03,99.0,5438,24576,22.1,-52.0,26627,257046,10.4,59
2026-05-21 19:45:13,99.0,5438,24576,22.1,38.9,26631,257046,10.4,59
2026-05-21 19:45:23,96.0,5438,24576,22.1,20.9,26640,257046,10.4,59
2026-05-21 19:45:33,98.0,5438,24576,22.1,897.9,26641,257046,10.4,59
2026-05-21 19:45:43,98.0,5438,24576,22.1,-70.9,26645,257046,10.4,59
2026-05-21 19:45:54,98.0,5768,24576,23.5,146.4,26789,257046,10.4,59
2026-05-21 19:46:04,97.0,5768,24576,23.5,882.9,26819,257046,10.4,59
2026-05-21 19:46:14,99.0,5768,24576,23.5,900.0,26819,257046,10.4,59
2026-05-21 19:46:24,99.0,5768,24576,23.5,898.9,26822,257046,10.4,59
2026-05-21 19:46:34,99.0,5768,24576,23.5,-818.0,26833,257046,10.4,59
2026-05-21 19:46:44,99.0,5768,24576,23.5,899.1,26838,257046,10.4,59
2026-05-21 19:46:54,99.0,5768,24576,23.5,898.3,26838,257046,10.4,59
2026-05-21 19:47:04,78.0,4964,24576,20.2,-2730.1,24418,257046,9.5,59
2026-05-21 19:47:14,64.0,5498,24576,22.4,-926.1,26362,257046,10.3,58
2026-05-21 19:47:24,94.0,5512,24576,22.4,845.0,26846,257046,10.4,59
2026-05-21 19:47:35,93.0,5512,24576,22.4,858.5,26846,257046,10.4,59
2026-05-21 19:47:45,96.0,5512,24576,22.4,859.0,26846,257046,10.4,59
2026-05-21 19:47:55,95.0,5512,24576,22.4,23.6,26851,257046,10.4,59
2026-05-21 19:48:05,82.0,5512,24576,22.4,-90.7,25610,257046,10.0,59
2026-05-21 19:48:15,78.0,4758,24576,19.4,-947.3,25165,257046,9.8,59
2026-05-21 19:48:25,99.0,5842,24576,23.8,826.2,26774,257046,10.4,60
2026-05-21 19:48:35,86.0,4204,24576,17.1,-546.1,24773,257046,9.6,59
2026-05-21 19:48:45,99.0,5084,24576,20.7,-59.1,26633,257046,10.4,60
2026-05-21 19:48:55,99.0,5084,24576,20.7,893.3,26638,257046,10.4,60
2026-05-21 19:49:05,99.0,5084,24576,20.7,-164.7,26798,257046,10.4,61
2026-05-21 19:49:16,85.0,4298,24576,17.5,-9322.7,24302,257046,9.5,60
2026-05-21 19:49:26,96.0,5760,24576,23.4,786.4,26227,257046,10.2,61
2026-05-21 19:49:36,100.0,5778,24576,23.5,850.1,26669,257046,10.4,62
2026-05-21 19:49:46,100.0,6108,24576,24.9,47.2,26867,257046,10.5,62
2026-05-21 19:49:56,100.0,6108,24576,24.9,873.8,26869,257046,10.5,62
2026-05-21 19:50:06,100.0,6108,24576,24.9,872.2,26871,257046,10.5,63
2026-05-21 19:50:16,100.0,6108,24576,24.9,874.4,26874,257046,10.5,63
2026-05-21 19:50:26,100.0,6108,24576,24.9,-126.7,27054,257046,10.5,64
2026-05-21 19:50:36,99.0,6108,24576,24.9,868.8,27056,257046,10.5,64
2026-05-21 19:50:46,100.0,6108,24576,24.9,-178.7,27067,257046,10.5,64
2026-05-21 19:50:57,100.0,6108,24576,24.9,30.7,25831,257046,10.0,64
2026-05-21 19:51:07,100.0,6108,24576,24.9,79.0,27080,257046,10.5,65
2026-05-21 19:51:17,100.0,6108,24576,24.9,905.1,27082,257046,10.5,65
2026-05-21 19:51:27,100.0,6108,24576,24.9,901.0,27084,257046,10.5,65
2026-05-21 19:51:37,100.0,6108,24576,24.9,901.5,27086,257046,10.5,65
2026-05-21 19:51:47,100.0,6108,24576,24.9,902.0,27091,257046,10.5,65
2026-05-21 19:51:57,100.0,6108,24576,24.9,900.7,27093,257046,10.5,65
2026-05-21 19:52:07,100.0,6108,24576,24.9,-115.7,27102,257046,10.5,66
2026-05-21 19:52:17,100.0,6108,24576,24.9,-27.1,27104,257046,10.5,66
2026-05-21 19:52:27,98.0,4844,24576,19.7,-2091.5,24618,257046,9.6,65
2026-05-21 19:52:38,93.0,7216,24576,29.4,835.8,26577,257046,10.3,65
2026-05-21 19:52:48,100.0,7226,24576,29.4,884.7,27055,257046,10.5,66
2026-05-21 19:52:58,100.0,7226,24576,29.4,888.7,27056,257046,10.5,66
2026-05-21 19:53:08,100.0,7226,24576,29.4,889.9,27060,257046,10.5,67
2026-05-21 19:53:18,100.0,7226,24576,29.4,888.4,27059,257046,10.5,67
2026-05-21 19:53:28,100.0,7226,24576,29.4,889.8,27063,257046,10.5,67
2026-05-21 19:53:38,100.0,7226,24576,29.4,888.5,27063,257046,10.5,67
2026-05-21 19:53:48,100.0,6346,24576,25.8,-2550.0,24537,257046,9.5,67
2026-05-21 19:53:58,100.0,6578,24576,26.8,-1178.8,26136,257046,10.2,67
2026-05-21 19:54:09,100.0,7034,24576,28.6,889.4,26828,257046,10.4,68
2026-05-21 19:54:19,100.0,7034,24576,28.6,900.0,26829,257046,10.4,68
2026-05-21 19:54:29,100.0,7034,24576,28.6,901.8,26835,257046,10.4,68
2026-05-21 19:54:39,100.0,7034,24576,28.6,902.1,26835,257046,10.4,68
2026-05-21 19:54:49,100.0,7034,24576,28.6,902.5,26838,257046,10.4,68
2026-05-21 19:54:59,100.0,7034,24576,28.6,904.9,26839,257046,10.4,68
2026-05-21 19:55:09,100.0,7034,24576,28.6,-83.3,27002,257046,10.5,68
2026-05-21 19:55:19,100.0,7034,24576,28.6,896.9,27004,257046,10.5,68
2026-05-21 19:55:29,100.0,7034,24576,28.6,98.2,27130,257046,10.6,68
2026-05-21 19:55:39,100.0,7034,24576,28.6,-101.3,27132,257046,10.6,68
2026-05-21 19:55:50,100.0,7034,24576,28.6,43.8,27147,257046,10.6,68
2026-05-21 19:56:00,100.0,7034,24576,28.6,903.4,27147,257046,10.6,68
2026-05-21 19:56:10,100.0,7034,24576,28.6,897.3,27147,257046,10.6,68
2026-05-21 19:56:20,100.0,7034,24576,28.6,898.6,27150,257046,10.6,68
2026-05-21 19:56:30,100.0,7034,24576,28.6,900.9,27156,257046,10.6,68
2026-05-21 19:56:40,100.0,7034,24576,28.6,897.4,27157,257046,10.6,68
2026-05-21 19:56:50,100.0,7034,24576,28.6,-20.3,27157,257046,10.6,68
2026-05-21 19:57:00,100.0,7034,24576,28.6,104.4,27168,257046,10.6,68
2026-05-21 19:57:10,100.0,7034,24576,28.6,902.2,27173,257046,10.6,68
2026-05-21 19:57:21,100.0,7034,24576,28.6,-105.7,27174,257046,10.6,68
2026-05-21 19:57:31,100.0,7034,24576,28.6,-1.1,27182,257046,10.6,68
2026-05-21 19:57:41,100.0,7034,24576,28.6,902.7,27183,257046,10.6,68
2026-05-21 19:57:51,100.0,7034,24576,28.6,900.4,27188,257046,10.6,69
2026-05-21 19:58:01,100.0,7034,24576,28.6,902.0,27188,257046,10.6,68
2026-05-21 19:58:11,100.0,7034,24576,28.6,900.9,27191,257046,10.6,68
2026-05-21 19:58:21,100.0,7034,24576,28.6,902.5,27191,257046,10.6,68
2026-05-21 19:58:31,100.0,6346,24576,25.8,-2550.6,24890,257046,9.7,68
2026-05-21 19:58:41,100.0,6598,24576,26.8,791.2,25573,257046,9.9,68
2026-05-21 19:58:51,100.0,7176,24576,29.2,838.3,27198,257046,10.6,68
2026-05-21 19:59:02,100.0,7176,24576,29.2,-151.9,27199,257046,10.6,69
2026-05-21 19:59:12,99.0,5316,24576,21.6,-5844.6,24711,257046,9.6,69
2026-05-21 19:59:22,99.0,5568,24576,22.7,822.6,25521,257046,9.9,69
2026-05-21 19:59:32,100.0,6026,24576,24.5,-53.7,27053,257046,10.5,69
2026-05-21 19:59:42,59.0,3644,24576,14.8,-4416.1,24484,257046,9.5,65
2026-05-21 19:59:52,72.0,4826,24576,19.6,721.3,26388,257046,10.3,65
2026-05-21 20:00:02,95.0,4840,24576,19.7,866.0,26839,257046,10.4,64
2026-05-21 20:00:12,91.0,5004,24576,20.4,-43.2,26975,257046,10.5,64
2026-05-21 20:00:22,93.0,5004,24576,20.4,-71.0,27000,257046,10.5,64
2026-05-21 20:00:33,92.0,5004,24576,20.4,810.3,27003,257046,10.5,63
2026-05-21 20:00:43,89.0,5130,24576,20.9,29.1,27154,257046,10.6,62
2026-05-21 20:00:53,90.0,5130,24576,20.9,790.4,27180,257046,10.6,63
2026-05-21 20:01:03,95.0,5130,24576,20.9,806.1,27181,257046,10.6,62
2026-05-21 20:01:13,93.0,5130,24576,20.9,811.2,27182,257046,10.6,62
2026-05-21 20:01:23,94.0,5130,24576,20.9,-247.9,27188,257046,10.6,62
2026-05-21 20:01:33,92.0,5130,24576,20.9,807.4,26100,257046,10.2,61
2026-05-21 20:01:43,77.0,5416,24576,22.0,-1111.1,27364,257046,10.6,61
2026-05-21 20:01:53,87.0,5416,24576,22.0,-66.9,27367,257046,10.6,61
2026-05-21 20:02:03,83.0,5416,24576,22.0,12.5,27364,257046,10.6,61
2026-05-21 20:02:13,92.0,5416,24576,22.0,795.1,27379,257046,10.7,61
2026-05-21 20:02:24,91.0,5416,24576,22.0,810.6,27383,257046,10.7,61
2026-05-21 20:02:34,89.0,5416,24576,22.0,795.7,27383,257046,10.7,61
2026-05-21 20:02:44,88.0,5416,24576,22.0,797.2,27390,257046,10.7,61
2026-05-21 20:02:54,82.0,5416,24576,22.0,796.9,27390,257046,10.7,61
2026-05-21 20:03:04,95.0,5416,24576,22.0,-1004.6,27393,257046,10.7,61
2026-05-21 20:03:14,73.0,5416,24576,22.0,-177.3,27392,257046,10.7,60
2026-05-21 20:03:24,90.0,5416,24576,22.0,9.0,27413,257046,10.7,60
2026-05-21 20:03:34,92.0,5416,24576,22.0,-231.8,27413,257046,10.7,60
2026-05-21 20:03:44,97.0,5416,24576,22.0,813.7,27415,257046,10.7,61
2026-05-21 20:03:54,76.0,5416,24576,22.0,804.6,27416,257046,10.7,60
2026-05-21 20:04:05,93.0,5416,24576,22.0,809.9,27422,257046,10.7,60
2026-05-21 20:04:15,90.0,5416,24576,22.0,805.5,27422,257046,10.7,60
2026-05-21 20:04:25,81.0,5416,24576,22.0,-53.4,27427,257046,10.7,60
2026-05-21 20:04:35,95.0,5416,24576,22.0,-83.6,27424,257046,10.7,60
2026-05-21 20:04:45,94.0,5416,24576,22.0,51.0,27434,257046,10.7,61
2026-05-21 20:04:55,92.0,5416,24576,22.0,-176.2,27436,257046,10.7,60
2026-05-21 20:05:05,96.0,5416,24576,22.0,819.6,27437,257046,10.7,60
2026-05-21 20:05:15,95.0,5416,24576,22.0,-176.2,27438,257046,10.7,60
2026-05-21 20:05:25,95.0,5416,24576,22.0,817.3,27442,257046,10.7,60
2026-05-21 20:05:36,93.0,5416,24576,22.0,816.4,27444,257046,10.7,60
2026-05-21 20:05:46,82.0,5416,24576,22.0,804.2,27446,257046,10.7,60
2026-05-21 20:05:56,87.0,5416,24576,22.0,-784.4,27448,257046,10.7,60
2026-05-21 20:06:06,93.0,5416,24576,22.0,-123.3,27453,257046,10.7,60
2026-05-21 20:06:16,90.0,5416,24576,22.0,808.9,27455,257046,10.7,60
2026-05-21 20:06:26,94.0,5416,24576,22.0,809.0,27457,257046,10.7,60
2026-05-21 20:06:36,84.0,5416,24576,22.0,-175.3,27464,257046,10.7,60
2026-05-21 20:06:46,87.0,5416,24576,22.0,805.0,27467,257046,10.7,60
2026-05-21 20:06:56,97.0,5416,24576,22.0,-203.2,27472,257046,10.7,60
2026-05-21 20:07:06,95.0,5416,24576,22.0,815.8,27474,257046,10.7,60
2026-05-21 20:07:17,90.0,5416,24576,22.0,-826.4,27476,257046,10.7,60
2026-05-21 20:07:27,94.0,5416,24576,22.0,801.3,27478,257046,10.7,60
2026-05-21 20:07:37,91.0,5416,24576,22.0,-107.6,27483,257046,10.7,60
2026-05-21 20:07:47,89.0,5416,24576,22.0,804.6,27483,257046,10.7,60
2026-05-21 20:07:57,85.0,5416,24576,22.0,806.6,27485,257046,10.7,60
2026-05-21 20:08:07,92.0,5416,24576,22.0,804.3,27487,257046,10.7,60
2026-05-21 20:08:17,88.0,5416,24576,22.0,-198.1,27494,257046,10.7,60
2026-05-21 20:08:27,80.0,5416,24576,22.0,803.7,27496,257046,10.7,60
2026-05-21 20:08:37,87.0,5416,24576,22.0,-1004.3,27500,257046,10.7,60
2026-05-21 20:08:47,88.0,5416,24576,22.0,-63.3,27500,257046,10.7,60
2026-05-21 20:08:58,81.0,5416,24576,22.0,-77.6,27504,257046,10.7,59
2026-05-21 20:09:08,84.0,5416,24576,22.0,805.9,27504,257046,10.7,59
2026-05-21 20:09:18,92.0,5416,24576,22.0,805.2,27506,257046,10.7,60
2026-05-21 20:09:28,93.0,5416,24576,22.0,804.2,27508,257046,10.7,60
2026-05-21 20:09:38,93.0,5416,24576,22.0,806.3,27514,257046,10.7,60
2026-05-21 20:09:48,82.0,5416,24576,22.0,32.0,27493,257046,10.7,60
2026-05-21 20:09:58,91.0,5416,24576,22.0,-220.4,27518,257046,10.7,60
2026-05-21 20:10:08,95.0,5416,24576,22.0,803.4,27518,257046,10.7,60
2026-05-21 20:10:18,93.0,5416,24576,22.0,-1106.0,27525,257046,10.7,60
2026-05-21 20:10:29,90.0,5416,24576,22.0,-92.7,27524,257046,10.7,60
2026-05-21 20:10:39,87.0,5416,24576,22.0,805.3,27527,257046,10.7,60
2026-05-21 20:10:49,89.0,5416,24576,22.0,816.3,27529,257046,10.7,60
2026-05-21 20:10:59,93.0,5416,24576,22.0,818.1,27534,257046,10.7,60
2026-05-21 20:11:09,91.0,5416,24576,22.0,42.5,27534,257046,10.7,60
2026-05-21 20:11:19,95.0,5416,24576,22.0,811.1,27537,257046,10.7,60
2026-05-21 20:11:29,81.0,5416,24576,22.0,-184.3,27537,257046,10.7,60
2026-05-21 20:11:39,95.0,5416,24576,22.0,45.4,27542,257046,10.7,60
2026-05-21 20:11:49,88.0,5416,24576,22.0,-132.1,27542,257046,10.7,60
2026-05-21 20:11:59,90.0,5416,24576,22.0,793.0,27544,257046,10.7,60
2026-05-21 20:12:10,85.0,5416,24576,22.0,-245.3,27546,257046,10.7,60
2026-05-21 20:12:20,88.0,5416,24576,22.0,796.6,27551,257046,10.7,60
2026-05-21 20:12:30,86.0,5416,24576,22.0,13.3,27552,257046,10.7,59
2026-05-21 20:12:40,86.0,5416,24576,22.0,798.0,27557,257046,10.7,60
2026-05-21 20:12:50,89.0,5416,24576,22.0,85.3,27557,257046,10.7,60
2026-05-21 20:13:00,89.0,5416,24576,22.0,806.8,27557,257046,10.7,59
2026-05-21 20:13:10,66.0,5416,24576,22.0,-215.8,27563,257046,10.7,59
2026-05-21 20:13:20,88.0,5416,24576,22.0,803.2,27563,257046,10.7,60
2026-05-21 20:13:30,96.0,5416,24576,22.0,805.4,27566,257046,10.7,60
2026-05-21 20:13:40,88.0,5416,24576,22.0,-1214.5,27565,257046,10.7,60
2026-05-21 20:13:51,90.0,5416,24576,22.0,18.2,27568,257046,10.7,60
2026-05-21 20:14:01,89.0,5416,24576,22.0,813.8,27570,257046,10.7,60
2026-05-21 20:14:11,95.0,5416,24576,22.0,-45.1,27573,257046,10.7,60
2026-05-21 20:14:21,90.0,5416,24576,22.0,814.4,27575,257046,10.7,60
2026-05-21 20:14:31,94.0,5416,24576,22.0,817.5,27582,257046,10.7,60
2026-05-21 20:14:41,92.0,5416,24576,22.0,803.6,27583,257046,10.7,60
2026-05-21 20:14:51,86.0,5416,24576,22.0,-179.1,27587,257046,10.7,60
2026-05-21 20:15:01,92.0,5416,24576,22.0,60.3,27588,257046,10.7,60
2026-05-21 20:15:11,86.0,5416,24576,22.0,-93.5,27597,257046,10.7,60
2026-05-21 20:15:21,87.0,5416,24576,22.0,-226.8,27597,257046,10.7,60
2026-05-21 20:15:32,93.0,5416,24576,22.0,804.8,27597,257046,10.7,60
2026-05-21 20:15:42,92.0,5416,24576,22.0,-59.0,27600,257046,10.7,60
2026-05-21 20:15:52,95.0,5416,24576,22.0,806.2,27602,257046,10.7,60
2026-05-21 20:16:02,93.0,5416,24576,22.0,809.5,27604,257046,10.7,60
2026-05-21 20:16:12,94.0,5416,24576,22.0,807.6,27607,257046,10.7,60
2026-05-21 20:16:22,90.0,5416,24576,22.0,29.5,27607,257046,10.7,60
2026-05-21 20:16:32,92.0,5416,24576,22.0,-198.3,27614,257046,10.7,60
2026-05-21 20:16:42,94.0,5416,24576,22.0,-79.9,27614,257046,10.7,60
2026-05-21 20:16:52,95.0,5416,24576,22.0,801.6,27615,257046,10.7,60
2026-05-21 20:17:02,94.0,5416,24576,22.0,-233.4,27616,257046,10.7,60
2026-05-21 20:17:13,90.0,5416,24576,22.0,-64.4,27622,257046,10.7,60
2026-05-21 20:17:23,93.0,5416,24576,22.0,798.9,27621,257046,10.7,60
2026-05-21 20:17:33,94.0,5416,24576,22.0,34.9,26380,257046,10.3,60
2026-05-21 20:17:43,83.0,5416,24576,22.0,802.0,27626,257046,10.7,60
2026-05-21 20:17:53,90.0,5416,24576,22.0,807.5,27633,257046,10.8,60
2026-05-21 20:18:03,71.0,5416,24576,22.0,-67.9,27625,257046,10.7,59
2026-05-21 20:18:13,91.0,5416,24576,22.0,-241.1,27635,257046,10.8,60
2026-05-21 20:18:23,87.0,5416,24576,22.0,810.8,27635,257046,10.8,60
2026-05-21 20:18:33,87.0,5416,24576,22.0,-51.0,27640,257046,10.8,60
2026-05-21 20:18:43,91.0,5416,24576,22.0,-216.1,27643,257046,10.8,60
2026-05-21 20:18:54,80.0,4580,24576,18.6,-3735.9,25279,257046,9.8,59
2026-05-21 20:19:04,99.0,5594,24576,22.8,759.6,27503,257046,10.7,60
2026-05-21 20:19:14,99.0,5594,24576,22.8,862.4,27508,257046,10.7,60
2026-05-21 20:19:24,98.0,5594,24576,22.8,857.8,27510,257046,10.7,60
2026-05-21 20:19:34,99.0,5594,24576,22.8,857.5,27509,257046,10.7,60
2026-05-21 20:19:44,98.0,5594,24576,22.8,856.9,27513,257046,10.7,60
2026-05-21 20:19:54,98.0,5594,24576,22.8,-1088.2,27518,257046,10.7,61
2026-05-21 20:20:04,98.0,5594,24576,22.8,3.8,27520,257046,10.7,61
2026-05-21 20:20:14,98.0,5594,24576,22.8,853.8,27522,257046,10.7,61
2026-05-21 20:20:25,98.0,5594,24576,22.8,-175.0,27526,257046,10.7,61
2026-05-21 20:20:35,98.0,5594,24576,22.8,854.5,27529,257046,10.7,61
2026-05-21 20:20:45,99.0,5594,24576,22.8,854.6,27535,257046,10.7,61
2026-05-21 20:20:55,82.0,5820,24576,23.7,40.2,27660,257046,10.8,60
2026-05-21 20:21:05,99.0,5820,24576,23.7,855.7,27663,257046,10.8,61
2026-05-21 20:21:15,98.0,5820,24576,23.7,852.1,27665,257046,10.8,61
2026-05-21 20:21:25,98.0,5820,24576,23.7,854.0,27669,257046,10.8,61
2026-05-21 20:21:35,98.0,5820,24576,23.7,-1068.5,27669,257046,10.8,61
2026-05-21 20:21:45,99.0,5820,24576,23.7,-182.5,27680,257046,10.8,61
2026-05-21 20:21:55,99.0,5820,24576,23.7,856.8,27684,257046,10.8,61
2026-05-21 20:22:06,98.0,5820,24576,23.7,855.6,27687,257046,10.8,61
2026-05-21 20:22:16,99.0,5820,24576,23.7,-195.7,27687,257046,10.8,61
2026-05-21 20:22:26,98.0,5820,24576,23.7,865.9,27689,257046,10.8,61
2026-05-21 20:22:36,98.0,5820,24576,23.7,864.7,27690,257046,10.8,61
2026-05-21 20:22:46,98.0,5820,24576,23.7,864.8,27693,257046,10.8,61
2026-05-21 20:22:56,93.0,5820,24576,23.7,-814.9,27703,257046,10.8,61
2026-05-21 20:23:06,98.0,5820,24576,23.7,-98.2,27696,257046,10.8,61
2026-05-21 20:23:16,98.0,5820,24576,23.7,857.7,27709,257046,10.8,61
2026-05-21 20:23:26,99.0,5820,24576,23.7,866.9,27714,257046,10.8,61
2026-05-21 20:23:37,98.0,5820,24576,23.7,861.5,27714,257046,10.8,61
2026-05-21 20:23:47,98.0,5820,24576,23.7,-1110.7,27717,257046,10.8,61
2026-05-21 20:23:57,98.0,5820,24576,23.7,856.1,27721,257046,10.8,61
2026-05-21 20:24:07,99.0,5820,24576,23.7,861.5,27724,257046,10.8,61
2026-05-21 20:24:17,99.0,5820,24576,23.7,69.7,27724,257046,10.8,61
2026-05-21 20:24:27,98.0,5820,24576,23.7,861.9,27727,257046,10.8,62
2026-05-21 20:24:37,98.0,5820,24576,23.7,865.1,27732,257046,10.8,61
2026-05-21 20:24:47,93.0,4338,24576,17.7,-8353.9,25203,257046,9.8,61
2026-05-21 20:24:57,84.0,4956,24576,20.2,806.0,27091,257046,10.5,60
2026-05-21 20:25:07,99.0,4966,24576,20.2,856.0,27544,257046,10.7,61
2026-05-21 20:25:18,99.0,4966,24576,20.2,868.7,27550,257046,10.7,61
2026-05-21 20:25:28,96.0,4966,24576,20.2,-1066.2,27543,257046,10.7,61
2026-05-21 20:25:38,98.0,4966,24576,20.2,863.2,27552,257046,10.7,61
2026-05-21 20:25:48,99.0,4966,24576,20.2,31.6,27550,257046,10.7,61
2026-05-21 20:25:58,98.0,4966,24576,20.2,865.2,27553,257046,10.7,61
2026-05-21 20:26:08,98.0,4966,24576,20.2,868.4,27557,257046,10.7,61
2026-05-21 20:26:18,99.0,4966,24576,20.2,869.6,27559,257046,10.7,60
2026-05-21 20:26:28,94.0,4970,24576,20.2,-24.9,27710,257046,10.8,60
2026-05-21 20:26:38,99.0,4970,24576,20.2,-64.2,27738,257046,10.8,60
2026-05-21 20:26:49,99.0,4970,24576,20.2,872.7,27742,257046,10.8,60
2026-05-21 20:26:59,99.0,4970,24576,20.2,876.6,27745,257046,10.8,60
2026-05-21 20:27:09,99.0,4970,24576,20.2,-977.3,27748,257046,10.8,60
2026-05-21 20:27:19,82.0,4970,24576,20.2,-197.4,26506,257046,10.3,60
2026-05-21 20:27:29,77.0,3668,24576,14.9,-76548.4,26010,257046,10.1,60
2026-05-21 20:27:39,99.0,5438,24576,22.1,809.1,27666,257046,10.8,61
2026-05-21 20:27:49,99.0,5438,24576,22.1,815.4,27668,257046,10.8,62
2026-05-21 20:27:59,96.0,5438,24576,22.1,-86.2,27663,257046,10.8,62
2026-05-21 20:28:09,99.0,5438,24576,22.1,796.8,27684,257046,10.8,63
2026-05-21 20:28:19,99.0,5438,24576,22.1,820.3,27686,257046,10.8,63
2026-05-21 20:28:30,99.0,5438,24576,22.1,-49.0,27691,257046,10.8,63
2026-05-21 20:28:40,99.0,5438,24576,22.1,-65.9,27676,257046,10.8,63
2026-05-21 20:28:50,98.0,5438,24576,22.1,-230.5,27688,257046,10.8,64
2026-05-21 20:29:00,97.0,5438,24576,22.1,815.7,27688,257046,10.8,64
2026-05-21 20:29:10,99.0,5442,24576,22.1,-137.6,27844,257046,10.8,64
2026-05-21 20:29:20,99.0,5442,24576,22.1,820.1,27844,257046,10.8,64
2026-05-21 20:29:30,99.0,5442,24576,22.1,820.7,27852,257046,10.8,64
2026-05-21 20:29:40,88.0,4810,24576,19.6,-2027.1,25474,257046,9.9,64
2026-05-21 20:29:50,99.0,6072,24576,24.7,748.1,27703,257046,10.8,64
2026-05-21 20:30:01,99.0,6072,24576,24.7,825.5,27703,257046,10.8,65
2026-05-21 20:30:11,99.0,6072,24576,24.7,-27.3,27710,257046,10.8,65
2026-05-21 20:30:21,99.0,6072,24576,24.7,818.2,27710,257046,10.8,65
2026-05-21 20:30:31,99.0,6072,24576,24.7,-1017.4,26478,257046,10.3,65
2026-05-21 20:30:41,100.0,6072,24576,24.7,-114.8,27720,257046,10.8,64
2026-05-21 20:30:51,99.0,6072,24576,24.7,819.0,27725,257046,10.8,65
2026-05-21 20:31:01,99.0,6072,24576,24.7,812.4,27725,257046,10.8,65
2026-05-21 20:31:11,99.0,6072,24576,24.7,815.5,27729,257046,10.8,65
2026-05-21 20:31:21,99.0,6072,24576,24.7,813.8,27731,257046,10.8,64
2026-05-21 20:31:31,99.0,6072,24576,24.7,-49.4,27738,257046,10.8,64
2026-05-21 20:31:42,99.0,6072,24576,24.7,817.9,27738,257046,10.8,65
2026-05-21 20:31:52,99.0,6380,24576,26.0,57.8,27865,257046,10.8,65
2026-05-21 20:32:02,99.0,6380,24576,26.0,816.0,27865,257046,10.8,65
2026-05-21 20:32:12,98.0,6380,24576,26.0,-224.0,26591,257046,10.3,65
2026-05-21 20:32:22,97.0,4354,24576,17.7,-1191.1,25713,257046,10.0,63
2026-05-21 20:32:32,91.0,6342,24576,25.8,-63.4,27672,257046,10.8,62
2026-05-21 20:32:42,99.0,6342,24576,25.8,878.5,27686,257046,10.8,62
2026-05-21 20:32:52,99.0,6342,24576,25.8,890.5,27691,257046,10.8,62
2026-05-21 20:33:02,99.0,6342,24576,25.8,18.4,27691,257046,10.8,62
2026-05-21 20:33:13,99.0,6342,24576,25.8,892.2,27694,257046,10.8,61
2026-05-21 20:33:23,99.0,6342,24576,25.8,890.9,27696,257046,10.8,61
2026-05-21 20:33:33,99.0,6342,24576,25.8,889.5,27703,257046,10.8,61
2026-05-21 20:33:43,99.0,6342,24576,25.8,-0.1,27713,257046,10.8,61
2026-05-21 20:33:53,99.0,6342,24576,25.8,887.5,27713,257046,10.8,61
2026-05-21 20:34:03,99.0,6342,24576,25.8,-142.7,27716,257046,10.8,60
2026-05-21 20:34:13,99.0,6342,24576,25.8,22.3,27838,257046,10.8,60
2026-05-21 20:34:23,99.0,6342,24576,25.8,-60.9,27840,257046,10.8,60
2026-05-21 20:34:33,99.0,6342,24576,25.8,38.3,27841,257046,10.8,60
2026-05-21 20:34:43,99.0,6342,24576,25.8,884.2,27844,257046,10.8,60
2026-05-21 20:34:54,99.0,6342,24576,25.8,891.0,27849,257046,10.8,60
2026-05-21 20:35:04,99.0,6342,24576,25.8,891.4,27851,257046,10.8,59
2026-05-21 20:35:14,99.0,6342,24576,25.8,893.2,27852,257046,10.8,59
2026-05-21 20:35:24,90.0,4772,24576,19.4,-3198.2,25503,257046,9.9,59
2026-05-21 20:35:34,98.0,6168,24576,25.1,-192.6,26455,257046,10.3,59
2026-05-21 20:35:44,99.0,6168,24576,25.1,882.7,27740,257046,10.8,59
2026-05-21 20:35:54,99.0,6168,24576,25.1,-845.2,27750,257046,10.8,59
2026-05-21 20:36:04,99.0,6168,24576,25.1,-14.1,27754,257046,10.8,59
2026-05-21 20:36:14,98.0,6168,24576,25.1,896.5,27758,257046,10.8,59
2026-05-21 20:36:25,99.0,6168,24576,25.1,898.0,27758,257046,10.8,59
2026-05-21 20:36:35,99.0,6168,24576,25.1,896.6,27758,257046,10.8,58
2026-05-21 20:36:45,98.0,6168,24576,25.1,898.5,27761,257046,10.8,58
2026-05-21 20:36:55,99.0,6168,24576,25.1,894.2,27767,257046,10.8,58
2026-05-21 20:37:05,98.0,6168,24576,25.1,891.8,27767,257046,10.8,58
2026-05-21 20:37:15,91.0,6168,24576,25.1,-1721.7,26611,257046,10.4,58
2026-05-21 20:37:25,99.0,6168,24576,25.1,901.1,27895,257046,10.9,58
2026-05-21 20:37:35,34.0,4180,24576,17.0,-3985.2,25388,257046,9.9,57
2026-05-21 20:37:45,92.0,4432,24576,18.0,775.2,26211,257046,10.2,58
2026-05-21 20:37:56,99.0,5496,24576,22.4,884.6,27781,257046,10.8,58
2026-05-21 20:38:06,99.0,5496,24576,22.4,902.1,27783,257046,10.8,58
2026-05-21 20:38:16,99.0,5496,24576,22.4,903.8,27788,257046,10.8,58
2026-05-21 20:38:26,98.0,5496,24576,22.4,901.6,27788,257046,10.8,58
2026-05-21 20:38:36,99.0,5496,24576,22.4,899.0,27790,257046,10.8,57
2026-05-21 20:38:46,99.0,5496,24576,22.4,53.7,27791,257046,10.8,57
2026-05-21 20:38:56,98.0,5496,24576,22.4,-976.1,27803,257046,10.8,57
2026-05-21 20:39:06,99.0,5496,24576,22.4,894.7,27806,257046,10.8,57
2026-05-21 20:39:16,99.0,5496,24576,22.4,-34.5,27809,257046,10.8,57
2026-05-21 20:39:26,99.0,5824,24576,23.7,33.0,27927,257046,10.9,57
2026-05-21 20:39:37,98.0,5824,24576,23.7,898.5,27931,257046,10.9,57
2026-05-21 20:39:47,99.0,5824,24576,23.7,899.1,27933,257046,10.9,57
2026-05-21 20:39:57,99.0,5824,24576,23.7,893.4,27939,257046,10.9,57
2026-05-21 20:40:07,99.0,5824,24576,23.7,897.5,27939,257046,10.9,57
2026-05-21 20:40:17,99.0,5824,24576,23.7,11.0,27942,257046,10.9,57
2026-05-21 20:40:27,96.0,5824,24576,23.7,51.1,27931,257046,10.9,57
2026-05-21 20:40:37,99.0,5824,24576,23.7,-133.4,27941,257046,10.9,57
2026-05-21 20:40:47,99.0,5824,24576,23.7,-26.9,27951,257046,10.9,57
2026-05-21 20:40:57,99.0,5824,24576,23.7,897.9,27956,257046,10.9,57
2026-05-21 20:41:08,99.0,5824,24576,23.7,-19.3,27964,257046,10.9,57
2026-05-21 20:41:18,98.0,5824,24576,23.7,898.2,27972,257046,10.9,57
2026-05-21 20:41:28,99.0,5824,24576,23.7,899.4,27973,257046,10.9,57
2026-05-21 20:41:38,98.0,5824,24576,23.7,43.4,27977,257046,10.9,57
2026-05-21 20:41:48,99.0,5824,24576,23.7,896.6,27976,257046,10.9,57
2026-05-21 20:41:58,98.0,5824,24576,23.7,899.8,27980,257046,10.9,57
2026-05-21 20:42:08,98.0,5824,24576,23.7,32.0,27981,257046,10.9,57
2026-05-21 20:42:18,99.0,5824,24576,23.7,899.0,27983,257046,10.9,57
2026-05-21 20:42:28,99.0,5824,24576,23.7,-1099.3,27984,257046,10.9,57
2026-05-21 20:42:39,98.0,5824,24576,23.7,21.3,27990,257046,10.9,57
2026-05-21 20:42:49,99.0,5824,24576,23.7,898.7,27991,257046,10.9,57
2026-05-21 20:42:59,99.0,5824,24576,23.7,898.2,27994,257046,10.9,57
2026-05-21 20:43:09,99.0,5824,24576,23.7,45.9,27997,257046,10.9,57
2026-05-21 20:43:19,99.0,5824,24576,23.7,900.5,28000,257046,10.9,57
2026-05-21 20:43:29,99.0,5824,24576,23.7,902.8,28003,257046,10.9,57
2026-05-21 20:43:39,99.0,5824,24576,23.7,905.7,28006,257046,10.9,57
2026-05-21 20:43:49,99.0,5824,24576,23.7,98.2,28009,257046,10.9,57
2026-05-21 20:43:59,68.0,5824,24576,23.7,-1001.8,28004,257046,10.9,56
2026-05-21 20:44:09,71.0,4584,24576,18.7,-13211.5,24489,257046,9.5,55
2026-05-21 20:44:20,97.0,6884,24576,28.0,-111.4,27890,257046,10.9,55
2026-05-21 20:44:30,98.0,6884,24576,28.0,49.3,26608,257046,10.4,55
2026-05-21 20:44:40,97.0,6884,24576,28.0,895.8,27897,257046,10.9,55
2026-05-21 20:44:50,98.0,6884,24576,28.0,906.2,27897,257046,10.9,55
2026-05-21 20:45:00,98.0,6884,24576,28.0,903.0,27899,257046,10.9,55
2026-05-21 20:45:10,99.0,6884,24576,28.0,903.5,27899,257046,10.9,55
2026-05-21 20:45:20,98.0,6884,24576,28.0,44.4,27905,257046,10.9,55
2026-05-21 20:45:30,98.0,6884,24576,28.0,902.1,27907,257046,10.9,55
2026-05-21 20:45:40,96.0,6884,24576,28.0,-121.2,26607,257046,10.4,55
2026-05-21 20:45:51,95.0,6988,24576,28.4,-21334.9,26047,257046,10.1,55
2026-05-21 20:46:01,99.0,9320,24576,37.9,50.4,27823,257046,10.8,55
2026-05-21 20:46:11,99.0,9320,24576,37.9,906.4,27823,257046,10.8,56
2026-05-21 20:46:21,99.0,9320,24576,37.9,912.1,27827,257046,10.8,56
2026-05-21 20:46:31,99.0,9320,24576,37.9,909.6,27828,257046,10.8,56
2026-05-21 20:46:41,99.0,9320,24576,37.9,906.6,27833,257046,10.8,56
2026-05-21 20:46:51,99.0,9320,24576,37.9,87.5,27833,257046,10.8,56
2026-05-21 20:47:01,99.0,9320,24576,37.9,906.2,27839,257046,10.8,56
2026-05-21 20:47:11,99.0,9320,24576,37.9,909.7,27839,257046,10.8,56
2026-05-21 20:47:21,99.0,9320,24576,37.9,82.1,27845,257046,10.8,56
2026-05-21 20:47:32,99.0,9320,24576,37.9,-832.5,27855,257046,10.8,57
2026-05-21 20:47:42,99.0,9980,24576,40.6,96.7,27977,257046,10.9,57
2026-05-21 20:47:52,99.0,9980,24576,40.6,915.1,27978,257046,10.9,57
2026-05-21 20:48:02,99.0,9980,24576,40.6,913.8,27982,257046,10.9,57
2026-05-21 20:48:12,99.0,9980,24576,40.6,909.8,27982,257046,10.9,57
2026-05-21 20:48:22,99.0,9980,24576,40.6,914.8,27985,257046,10.9,57
2026-05-21 20:48:32,99.0,9980,24576,40.6,105.7,27986,257046,10.9,57
2026-05-21 20:48:42,99.0,9980,24576,40.6,94.3,27978,257046,10.9,57
2026-05-21 20:48:52,99.0,9980,24576,40.6,901.9,27990,257046,10.9,57
2026-05-21 20:49:02,99.0,9980,24576,40.6,911.1,27994,257046,10.9,57
2026-05-21 20:49:13,99.0,9980,24576,40.6,-1674.3,26783,257046,10.4,57
2026-05-21 20:49:23,99.0,9980,24576,40.6,918.2,28011,257046,10.9,57
2026-05-21 20:49:33,99.0,9980,24576,40.6,907.7,28013,257046,10.9,57
2026-05-21 20:49:43,100.0,9980,24576,40.6,910.3,28015,257046,10.9,57
2026-05-21 20:49:53,99.0,9980,24576,40.6,910.9,28015,257046,10.9,57
2026-05-21 20:50:03,99.0,9980,24576,40.6,907.1,28022,257046,10.9,57
2026-05-21 20:50:13,99.0,9980,24576,40.6,-720.5,28023,257046,10.9,57
2026-05-21 20:50:23,99.0,9980,24576,40.6,909.7,28025,257046,10.9,57
2026-05-21 20:50:34,99.0,9980,24576,40.6,910.4,28026,257046,10.9,57
2026-05-21 20:50:44,99.0,9980,24576,40.6,907.0,28033,257046,10.9,57
2026-05-21 20:50:54,99.0,9980,24576,40.6,-1665.7,28033,257046,10.9,57
2026-05-21 20:51:04,99.0,9980,24576,40.6,907.4,28033,257046,10.9,57
2026-05-21 20:51:14,99.0,9980,24576,40.6,909.7,28033,257046,10.9,57
2026-05-21 20:51:24,99.0,9980,24576,40.6,910.0,28036,257046,10.9,57
2026-05-21 20:51:34,99.0,9980,24576,40.6,63.6,28033,257046,10.9,57
2026-05-21 20:51:44,99.0,9980,24576,40.6,909.2,28040,257046,10.9,57
2026-05-21 20:51:54,99.0,9980,24576,40.6,118.4,28043,257046,10.9,57
2026-05-21 20:52:04,99.0,9980,24576,40.6,906.2,28045,257046,10.9,57
2026-05-21 20:52:15,99.0,9980,24576,40.6,905.7,28049,257046,10.9,57
2026-05-21 20:52:25,85.0,9980,24576,40.6,109.8,28038,257046,10.9,57
2026-05-21 20:52:35,99.0,9980,24576,40.6,-836.5,28055,257046,10.9,57
2026-05-21 20:52:45,99.0,9980,24576,40.6,906.8,28058,257046,10.9,57
2026-05-21 20:52:55,99.0,9980,24576,40.6,96.0,28049,257046,10.9,57
2026-05-21 20:53:05,99.0,9980,24576,40.6,903.2,28061,257046,10.9,57
2026-05-21 20:53:15,99.0,9980,24576,40.6,906.2,28063,257046,10.9,57
2026-05-21 20:53:25,99.0,9980,24576,40.6,908.6,28065,257046,10.9,57
2026-05-21 20:53:35,99.0,9980,24576,40.6,87.0,28072,257046,10.9,57
2026-05-21 20:53:46,99.0,9980,24576,40.6,906.4,28072,257046,10.9,57
2026-05-21 20:53:56,99.0,9980,24576,40.6,903.0,28076,257046,10.9,57
2026-05-21 20:54:06,98.0,9980,24576,40.6,96.5,28066,257046,10.9,58
2026-05-21 20:54:16,99.0,9980,24576,40.6,-780.4,28085,257046,10.9,57
2026-05-21 20:54:26,99.0,9980,24576,40.6,76.9,28085,257046,10.9,57
2026-05-21 20:54:36,99.0,9980,24576,40.6,911.0,28087,257046,10.9,57
2026-05-21 20:54:46,99.0,9980,24576,40.6,907.8,28089,257046,10.9,57
2026-05-21 20:54:56,99.0,9980,24576,40.6,907.2,28093,257046,10.9,57
2026-05-21 20:55:06,99.0,9980,24576,40.6,907.5,28093,257046,10.9,57
2026-05-21 20:55:16,99.0,9980,24576,40.6,68.9,28096,257046,10.9,57
2026-05-21 20:55:27,99.0,9980,24576,40.6,909.6,28096,257046,10.9,57
2026-05-21 20:55:37,99.0,9980,24576,40.6,912.1,28102,257046,10.9,57
2026-05-21 20:55:47,99.0,9980,24576,40.6,-1583.8,28105,257046,10.9,58
2026-05-21 20:55:57,99.0,9980,24576,40.6,52.4,28110,257046,10.9,57
2026-05-21 20:56:07,99.0,9980,24576,40.6,905.9,28110,257046,10.9,57
2026-05-21 20:56:17,99.0,9980,24576,40.6,908.9,28114,257046,10.9,57
2026-05-21 20:56:27,99.0,9980,24576,40.6,908.9,28114,257046,10.9,57
2026-05-21 20:56:37,99.0,9980,24576,40.6,907.2,28115,257046,10.9,57
2026-05-21 20:56:47,99.0,9980,24576,40.6,906.8,28118,257046,10.9,57
2026-05-21 20:56:57,99.0,9980,24576,40.6,74.6,28123,257046,10.9,57
2026-05-21 20:57:08,99.0,9980,24576,40.6,907.6,28126,257046,10.9,57
2026-05-21 20:57:18,99.0,9980,24576,40.6,62.0,28128,257046,10.9,57
2026-05-21 20:57:28,99.0,9980,24576,40.6,-741.7,28133,257046,10.9,57
2026-05-21 20:57:38,99.0,9980,24576,40.6,67.6,28139,257046,10.9,58
2026-05-21 20:57:48,99.0,9980,24576,40.6,907.6,28140,257046,10.9,58
2026-05-21 20:57:58,99.0,9980,24576,40.6,906.0,28144,257046,10.9,58
2026-05-21 20:58:08,98.0,9980,24576,40.6,912.0,28147,257046,11.0,57
2026-05-21 20:58:18,99.0,9980,24576,40.6,909.4,28149,257046,11.0,58
2026-05-21 20:58:28,99.0,9980,24576,40.6,911.2,28149,257046,11.0,58
2026-05-21 20:58:39,99.0,9980,24576,40.6,-750.8,28153,257046,11.0,58
2026-05-21 20:58:49,99.0,9980,24576,40.6,906.1,28155,257046,11.0,58
2026-05-21 20:58:59,99.0,9980,24576,40.6,912.3,28158,257046,11.0,58
2026-05-21 20:59:09,97.0,9980,24576,40.6,-1590.1,28163,257046,11.0,57
2026-05-21 20:59:19,99.0,9980,24576,40.6,914.4,28167,257046,11.0,58
2026-05-21 20:59:29,99.0,9980,24576,40.6,911.6,28168,257046,11.0,58
2026-05-21 20:59:39,99.0,9980,24576,40.6,911.1,28174,257046,11.0,58
2026-05-21 20:59:49,99.0,9980,24576,40.6,907.1,28174,257046,11.0,58
2026-05-21 20:59:59,99.0,9980,24576,40.6,907.1,28178,257046,11.0,58
2026-05-21 21:00:09,99.0,9980,24576,40.6,52.8,28180,257046,11.0,58
2026-05-21 21:00:20,94.0,8584,24576,34.9,-13870.0,25862,257046,10.1,57
2026-05-21 21:00:30,99.0,9986,24576,40.6,846.3,28045,257046,10.9,58
2026-05-21 21:00:40,99.0,9986,24576,40.6,151.3,28047,257046,10.9,58
2026-05-21 21:00:50,99.0,9986,24576,40.6,-894.0,28046,257046,10.9,58
2026-05-21 21:01:00,99.0,9986,24576,40.6,907.5,28053,257046,10.9,58
2026-05-21 21:01:10,99.0,9986,24576,40.6,904.1,28053,257046,10.9,58
2026-05-21 21:01:20,99.0,9986,24576,40.6,908.4,28055,257046,10.9,59
2026-05-21 21:01:30,99.0,9986,24576,40.6,3.0,26772,257046,10.4,58
2026-05-21 21:01:40,98.0,9224,24576,37.5,-5543.6,26242,257046,10.2,58
2026-05-21 21:01:50,100.0,10174,24576,41.4,892.7,27841,257046,10.8,59
2026-05-21 21:02:01,100.0,10174,24576,41.4,891.8,27843,257046,10.8,59
2026-05-21 21:02:11,100.0,10174,24576,41.4,891.0,27846,257046,10.8,59
2026-05-21 21:02:21,100.0,10534,24576,42.9,-20.1,27971,257046,10.9,60
2026-05-21 21:02:31,100.0,10534,24576,42.9,123.0,27974,257046,10.9,60
2026-05-21 21:02:41,100.0,10534,24576,42.9,892.5,27977,257046,10.9,60
2026-05-21 21:02:51,99.0,8890,24576,36.2,-14932.9,25744,257046,10.0,60
2026-05-21 21:03:01,100.0,11450,24576,46.6,818.0,27907,257046,10.9,62
2026-05-21 21:03:11,100.0,11450,24576,46.6,847.4,27912,257046,10.9,62
2026-05-21 21:03:21,100.0,11450,24576,46.6,844.3,27911,257046,10.9,63
2026-05-21 21:03:31,100.0,11450,24576,46.6,848.0,27911,257046,10.9,64
2026-05-21 21:03:42,100.0,11450,24576,46.6,845.8,27911,257046,10.9,64
2026-05-21 21:03:52,100.0,11450,24576,46.6,843.8,27911,257046,10.9,65
2026-05-21 21:04:02,100.0,11450,24576,46.6,810.7,27910,257046,10.9,65
2026-05-21 21:04:12,100.0,12192,24576,49.6,95.2,28054,257046,10.9,65
2026-05-21 21:04:22,100.0,12192,24576,49.6,818.0,28079,257046,10.9,66
2026-05-21 21:04:32,100.0,12192,24576,49.6,843.5,28078,257046,10.9,66
2026-05-21 21:04:42,100.0,12472,24576,50.7,-69.5,28204,257046,11.0,66
2026-05-21 21:04:52,100.0,12472,24576,50.7,844.9,28204,257046,11.0,67
2026-05-21 21:05:02,100.0,12472,24576,50.7,-101.3,28213,257046,11.0,67
2026-05-21 21:05:12,100.0,12472,24576,50.7,27.6,28214,257046,11.0,67
2026-05-21 21:05:23,100.0,12472,24576,50.7,842.0,28214,257046,11.0,67
2026-05-21 21:05:33,100.0,12472,24576,50.7,-728.4,28219,257046,11.0,67
2026-05-21 21:05:43,100.0,12472,24576,50.7,833.0,28219,257046,11.0,68
2026-05-21 21:05:53,100.0,12472,24576,50.7,844.9,28219,257046,11.0,68
2026-05-21 21:06:03,100.0,12472,24576,50.7,846.7,28222,257046,11.0,68
2026-05-21 21:06:13,100.0,12472,24576,50.7,849.8,28222,257046,11.0,68
2026-05-21 21:06:23,100.0,12472,24576,50.7,825.1,28221,257046,11.0,68
2026-05-21 21:06:33,100.0,12472,24576,50.7,790.5,28220,257046,11.0,68
2026-05-21 21:06:43,99.0,9170,24576,37.3,-1842.0,25630,257046,10.0,67
2026-05-21 21:06:53,99.0,11014,24576,44.8,827.5,26798,257046,10.4,67
2026-05-21 21:07:04,100.0,11028,24576,44.9,836.9,27997,257046,10.9,67
2026-05-21 21:07:14,100.0,11028,24576,44.9,830.1,27997,257046,10.9,67
2026-05-21 21:07:24,100.0,11028,24576,44.9,826.5,27997,257046,10.9,67
2026-05-21 21:07:34,100.0,11028,24576,44.9,829.9,27997,257046,10.9,67
2026-05-21 21:07:44,99.0,9266,24576,37.7,-4357.6,25512,257046,9.9,67
2026-05-21 21:07:54,100.0,9518,24576,38.7,-941.7,25958,257046,10.1,67
2026-05-21 21:08:04,100.0,11060,24576,45.0,779.0,27568,257046,10.7,68
2026-05-21 21:08:14,100.0,11060,24576,45.0,774.4,27568,257046,10.7,68
2026-05-21 21:08:24,100.0,11060,24576,45.0,-67.9,27569,257046,10.7,68
2026-05-21 21:08:35,100.0,11060,24576,45.0,777.1,27569,257046,10.7,68
2026-05-21 21:08:45,100.0,11060,24576,45.0,785.8,27568,257046,10.7,68
2026-05-21 21:08:55,100.0,11060,24576,45.0,782.9,27568,257046,10.7,68
2026-05-21 21:09:05,100.0,11060,24576,45.0,782.7,27568,257046,10.7,68
2026-05-21 21:09:15,100.0,11060,24576,45.0,784.3,27569,257046,10.7,69
2026-05-21 21:09:25,100.0,11060,24576,45.0,782.7,27568,257046,10.7,69
2026-05-21 21:09:35,100.0,11060,24576,45.0,783.6,27569,257046,10.7,69
2026-05-21 21:09:45,100.0,11060,24576,45.0,784.2,27568,257046,10.7,69
2026-05-21 21:09:55,100.0,11060,24576,45.0,785.6,27567,257046,10.7,69
2026-05-21 21:10:06,100.0,11060,24576,45.0,781.4,27557,257046,10.7,69
2026-05-21 21:10:16,100.0,11546,24576,47.0,-11.1,27744,257046,10.8,69
2026-05-21 21:10:26,100.0,11546,24576,47.0,-275.5,27863,257046,10.8,69
2026-05-21 21:10:36,100.0,11546,24576,47.0,781.5,27863,257046,10.8,69
2026-05-21 21:10:46,100.0,11546,24576,47.0,778.8,27864,257046,10.8,69
2026-05-21 21:10:56,100.0,11546,24576,47.0,785.3,27864,257046,10.8,69
2026-05-21 21:11:06,100.0,11546,24576,47.0,41.8,27864,257046,10.8,69
2026-05-21 21:11:16,100.0,11546,24576,47.0,778.6,27864,257046,10.8,69
2026-05-21 21:11:26,100.0,11546,24576,47.0,780.8,27864,257046,10.8,69
2026-05-21 21:11:36,100.0,11546,24576,47.0,-976.6,27853,257046,10.8,69
2026-05-21 21:11:47,100.0,10084,24576,41.0,-5141.7,25968,257046,10.1,69
2026-05-21 21:11:57,100.0,11244,24576,45.8,732.8,27813,257046,10.8,69
2026-05-21 21:12:07,100.0,11244,24576,45.8,797.9,27814,257046,10.8,69
2026-05-21 21:12:17,99.0,11244,24576,45.8,34.1,27819,257046,10.8,69
2026-05-21 21:12:27,100.0,11244,24576,45.8,789.6,27820,257046,10.8,69
2026-05-21 21:12:37,100.0,11244,24576,45.8,778.4,27820,257046,10.8,69
2026-05-21 21:12:47,100.0,11244,24576,45.8,791.6,27820,257046,10.8,69
2026-05-21 21:12:57,100.0,11244,24576,45.8,787.6,27820,257046,10.8,70
2026-05-21 21:13:07,100.0,11244,24576,45.8,788.1,27820,257046,10.8,69
2026-05-21 21:13:17,100.0,11244,24576,45.8,786.8,27820,257046,10.8,69
2026-05-21 21:13:27,99.0,11518,24576,46.9,-126.4,28003,257046,10.9,69
2026-05-21 21:13:38,100.0,11518,24576,46.9,818.3,28002,257046,10.9,69
2026-05-21 21:13:48,100.0,11518,24576,46.9,769.7,28002,257046,10.9,69
2026-05-21 21:13:58,100.0,11518,24576,46.9,772.3,28002,257046,10.9,69
2026-05-21 21:14:08,100.0,11518,24576,46.9,769.8,28003,257046,10.9,69
2026-05-21 21:14:18,100.0,11518,24576,46.9,774.1,28003,257046,10.9,69
2026-05-21 21:14:28,100.0,11518,24576,46.9,-68.9,26700,257046,10.4,69
2026-05-21 21:14:38,100.0,8566,24576,34.9,-17698.6,25449,257046,9.9,69
2026-05-21 21:14:48,100.0,8566,24576,34.9,-107.2,25449,257046,9.9,69
2026-05-21 21:14:58,100.0,8566,24576,34.9,-159.3,25448,257046,9.9,69
2026-05-21 21:15:09,100.0,8566,24576,34.9,-268.1,25454,257046,9.9,69
2026-05-21 21:15:19,100.0,8566,24576,34.9,651.9,25454,257046,9.9,69
2026-05-21 21:15:29,100.0,8566,24576,34.9,649.8,25453,257046,9.9,69
2026-05-21 21:15:39,100.0,8566,24576,34.9,646.5,25454,257046,9.9,69
2026-05-21 21:15:49,100.0,8566,24576,34.9,650.5,25454,257046,9.9,69
2026-05-21 21:15:59,100.0,8566,24576,34.9,652.8,25454,257046,9.9,69
2026-05-21 21:16:09,100.0,8566,24576,34.9,646.4,25454,257046,9.9,69
2026-05-21 21:16:19,100.0,8566,24576,34.9,650.1,25454,257046,9.9,69
2026-05-21 21:16:29,100.0,8566,24576,34.9,-236.1,25442,257046,9.9,69
2026-05-21 21:16:39,100.0,7133,24576,29.0,-1110.0,22764,257046,8.9,69
2026-05-21 21:16:50,100.0,7133,24576,29.0,-165.0,22764,257046,8.9,69
2026-05-21 21:17:00,100.0,7133,24576,29.0,545.1,22764,257046,8.9,69
2026-05-21 21:17:10,100.0,7133,24576,29.0,543.4,22764,257046,8.9,69
2026-05-21 21:17:20,100.0,7133,24576,29.0,547.1,22764,257046,8.9,69
2026-05-21 21:17:30,100.0,7133,24576,29.0,546.8,22763,257046,8.9,69
2026-05-21 21:17:40,99.0,4141,24576,16.8,-18614.9,20208,257046,7.9,69
2026-05-21 21:17:50,100.0,4141,24576,16.8,-567.3,20207,257046,7.9,69
2026-05-21 21:18:00,99.0,4141,24576,16.8,391.2,20207,257046,7.9,69
2026-05-21 21:18:10,100.0,4141,24576,16.8,-365.3,20209,257046,7.9,68
2026-05-21 21:18:20,99.0,4141,24576,16.8,406.0,20209,257046,7.9,69
2026-05-21 21:18:30,95.0,4141,24576,16.8,389.4,20209,257046,7.9,69
2026-05-21 21:18:41,100.0,4141,24576,16.8,403.8,20209,257046,7.9,69
2026-05-21 21:18:51,100.0,4141,24576,16.8,417.4,20209,257046,7.9,69
2026-05-21 21:19:01,100.0,4141,24576,16.8,389.6,20208,257046,7.9,68
2026-05-21 21:19:11,96.0,4141,24576,16.8,406.5,20209,257046,7.9,68
2026-05-21 21:19:21,100.0,4141,24576,16.8,384.7,20209,257046,7.9,68
2026-05-21 21:19:31,99.0,4141,24576,16.8,-356.2,20160,257046,7.8,68
2026-05-21 21:19:41,100.0,4141,24576,16.8,399.3,20161,257046,7.8,68
2026-05-21 21:19:51,100.0,4141,24576,16.8,391.6,20161,257046,7.8,68
2026-05-21 21:20:01,100.0,4141,24576,16.8,405.4,20161,257046,7.8,68
2026-05-21 21:20:11,100.0,4141,24576,16.8,-590.6,20163,257046,7.8,68
2026-05-21 21:20:21,100.0,4141,24576,16.8,393.7,20162,257046,7.8,68
2026-05-21 21:20:32,99.0,4141,24576,16.8,407.9,20162,257046,7.8,68
2026-05-21 21:20:42,99.0,4141,24576,16.8,-337.2,20165,257046,7.8,68
2026-05-21 21:20:52,95.0,4141,24576,16.8,399.4,20164,257046,7.8,68
2026-05-21 21:21:02,100.0,4141,24576,16.8,415.5,20164,257046,7.8,68
2026-05-21 21:21:12,100.0,4141,24576,16.8,405.5,20164,257046,7.8,68
2026-05-21 21:21:22,96.0,4141,24576,16.8,400.8,20164,257046,7.8,68
2026-05-21 21:21:32,100.0,4141,24576,16.8,403.7,20164,257046,7.8,68
2026-05-21 21:21:42,99.0,4141,24576,16.8,395.6,20164,257046,7.8,68
2026-05-21 21:21:52,98.0,4141,24576,16.8,-327.9,20152,257046,7.8,67
2026-05-21 21:22:02,99.0,4141,24576,16.8,394.7,20164,257046,7.8,68
2026-05-21 21:22:12,100.0,4141,24576,16.8,405.4,20165,257046,7.8,68
2026-05-21 21:22:22,99.0,4141,24576,16.8,408.2,20165,257046,7.8,68
2026-05-21 21:22:33,99.0,4141,24576,16.8,-597.7,20164,257046,7.8,68
2026-05-21 21:22:43,99.0,4141,24576,16.8,396.3,20164,257046,7.8,68
2026-05-21 21:22:53,100.0,4141,24576,16.8,409.0,20164,257046,7.8,68
2026-05-21 21:23:03,100.0,4141,24576,16.8,405.0,20163,257046,7.8,68
2026-05-21 21:23:13,99.0,4141,24576,16.8,-328.2,20164,257046,7.8,68
2026-05-21 21:23:23,98.0,4141,24576,16.8,390.0,20163,257046,7.8,68
2026-05-21 21:23:33,96.0,4141,24576,16.8,415.6,20163,257046,7.8,68
2026-05-21 21:23:43,100.0,4141,24576,16.8,402.5,20163,257046,7.8,68
2026-05-21 21:23:53,99.0,4141,24576,16.8,397.8,20164,257046,7.8,68
2026-05-21 21:24:03,100.0,4141,24576,16.8,405.8,20164,257046,7.8,68
2026-05-21 21:24:14,89.0,4141,24576,16.8,384.4,20164,257046,7.8,68
2026-05-21 21:24:24,92.0,4141,24576,16.8,-363.5,20163,257046,7.8,68
2026-05-21 21:24:34,98.0,4141,24576,16.8,374.4,20163,257046,7.8,68
2026-05-21 21:24:44,100.0,4141,24576,16.8,377.8,20163,257046,7.8,68
2026-05-21 21:24:54,99.0,4141,24576,16.8,-619.7,20164,257046,7.8,68
2026-05-21 21:25:04,97.0,4141,24576,16.8,375.7,20163,257046,7.8,68
2026-05-21 21:25:14,98.0,4141,24576,16.8,374.9,20164,257046,7.8,68
2026-05-21 21:25:24,96.0,4141,24576,16.8,375.9,20164,257046,7.8,68
2026-05-21 21:25:34,98.0,4141,24576,16.8,377.5,20164,257046,7.8,68
2026-05-21 21:25:44,99.0,4141,24576,16.8,-416.0,20164,257046,7.8,68
2026-05-21 21:25:54,97.0,4141,24576,16.8,382.2,20164,257046,7.8,68
2026-05-21 21:26:05,99.0,4141,24576,16.8,378.7,20164,257046,7.8,68
2026-05-21 21:26:15,97.0,4141,24576,16.8,377.2,20164,257046,7.8,68
2026-05-21 21:26:25,96.0,4141,24576,16.8,375.2,20163,257046,7.8,68
2026-05-21 21:26:35,93.0,4141,24576,16.8,374.8,20164,257046,7.8,68
2026-05-21 21:26:45,97.0,4141,24576,16.8,381.5,20164,257046,7.8,68
2026-05-21 21:26:55,99.0,4141,24576,16.8,377.3,20164,257046,7.8,68
2026-05-21 21:27:05,99.0,4141,24576,16.8,-1439.1,20164,257046,7.8,68
2026-05-21 21:27:15,99.0,4141,24576,16.8,413.2,20164,257046,7.8,68
2026-05-21 21:27:25,99.0,4141,24576,16.8,411.4,20164,257046,7.8,68
2026-05-21 21:27:35,99.0,4141,24576,16.8,412.0,20164,257046,7.8,68
2026-05-21 21:27:46,99.0,4141,24576,16.8,411.5,20164,257046,7.8,68
2026-05-21 21:27:56,100.0,4141,24576,16.8,414.3,20164,257046,7.8,68
2026-05-21 21:28:06,99.0,4141,24576,16.8,412.2,20163,257046,7.8,68
2026-05-21 21:28:16,74.0,4141,24576,16.8,-290.4,20162,257046,7.8,67
2026-05-21 21:28:26,99.0,4141,24576,16.8,412.6,20163,257046,7.8,68
2026-05-21 21:28:36,98.0,4141,24576,16.8,415.6,20166,257046,7.8,68
2026-05-21 21:28:46,99.0,4141,24576,16.8,414.2,20165,257046,7.8,68
2026-05-21 21:28:56,95.0,4141,24576,16.8,407.5,20166,257046,7.8,68
2026-05-21 21:29:06,99.0,4141,24576,16.8,380.3,20166,257046,7.8,68
2026-05-21 21:29:16,98.0,4141,24576,16.8,372.3,20166,257046,7.8,68
2026-05-21 21:29:27,98.0,4141,24576,16.8,-590.2,20166,257046,7.8,68
2026-05-21 21:29:37,98.0,4141,24576,16.8,-373.2,20168,257046,7.8,68
2026-05-21 21:29:47,99.0,4141,24576,16.8,379.8,20168,257046,7.8,69
2026-05-21 21:29:57,96.0,4141,24576,16.8,373.7,20168,257046,7.8,69
2026-05-21 21:30:07,99.0,4141,24576,16.8,512.0,20169,257046,7.8,68
2026-05-21 21:30:17,98.0,4141,24576,16.8,377.0,20169,257046,7.8,69
2026-05-21 21:30:27,99.0,4141,24576,16.8,373.1,20169,257046,7.8,69
2026-05-21 21:30:37,99.0,4141,24576,16.8,374.5,20169,257046,7.8,69
2026-05-21 21:30:47,97.0,4141,24576,16.8,390.9,20171,257046,7.8,69
2026-05-21 21:30:57,47.0,1861,24576,7.6,-11849.0,17506,257046,6.8,66
2026-05-21 21:31:08,48.0,1861,24576,7.6,214.7,17506,257046,6.8,65
2026-05-21 21:31:18,48.0,1861,24576,7.6,214.8,17506,257046,6.8,65
2026-05-21 21:31:28,48.0,1861,24576,7.6,-784.1,17507,257046,6.8,64
2026-05-21 21:31:38,48.0,1861,24576,7.6,215.3,17507,257046,6.8,63
2026-05-21 21:31:48,48.0,1861,24576,7.6,214.7,17506,257046,6.8,63
2026-05-21 21:31:58,50.0,1861,24576,7.6,214.1,17506,257046,6.8,62
2026-05-21 21:32:08,44.0,1861,24576,7.6,216.1,17506,257046,6.8,61
2026-05-21 21:32:18,51.0,1861,24576,7.6,201.5,17506,257046,6.8,61
2026-05-21 21:32:28,53.0,1861,24576,7.6,199.6,17506,257046,6.8,61
2026-05-21 21:32:38,49.0,1861,24576,7.6,213.2,17505,257046,6.8,60
2026-05-21 21:32:48,47.0,1861,24576,7.6,217.4,17505,257046,6.8,60
2026-05-21 21:32:59,46.0,1861,24576,7.6,-713.4,17505,257046,6.8,60
2026-05-21 21:33:09,49.0,1861,24576,7.6,215.1,17505,257046,6.8,59
2026-05-21 21:33:19,49.0,1861,24576,7.6,216.0,17505,257046,6.8,59
2026-05-21 21:33:29,49.0,1861,24576,7.6,215.9,17505,257046,6.8,59
2026-05-21 21:33:39,46.0,1861,24576,7.6,214.9,17505,257046,6.8,59
2026-05-21 21:33:49,42.0,1861,24576,7.6,216.0,17505,257046,6.8,58
2026-05-21 21:33:59,52.0,1861,24576,7.6,206.9,17505,257046,6.8,59
2026-05-21 21:34:09,46.0,1861,24576,7.6,197.9,17506,257046,6.8,58
2026-05-21 21:34:19,47.0,1861,24576,7.6,216.0,17505,257046,6.8,58
2026-05-21 21:34:29,48.0,1861,24576,7.6,-719.4,17506,257046,6.8,58
2026-05-21 21:34:39,47.0,1861,24576,7.6,215.4,17505,257046,6.8,58
2026-05-21 21:34:50,43.0,1861,24576,7.6,215.4,17505,257046,6.8,58
2026-05-21 21:35:00,43.0,1861,24576,7.6,215.0,17505,257046,6.8,57
2026-05-21 21:35:10,48.0,1861,24576,7.6,216.3,17505,257046,6.8,58
2026-05-21 21:35:20,48.0,1861,24576,7.6,216.2,17505,257046,6.8,57
2026-05-21 21:35:30,48.0,1861,24576,7.6,217.4,17505,257046,6.8,57
2026-05-21 21:35:40,52.0,1861,24576,7.6,203.6,17505,257046,6.8,58
2026-05-21 21:35:50,50.0,1861,24576,7.6,197.2,17505,257046,6.8,57
2026-05-21 21:36:00,50.0,1861,24576,7.6,-724.0,17506,257046,6.8,57
2026-05-21 21:36:10,50.0,1861,24576,7.6,206.3,17506,257046,6.8,57
2026-05-21 21:36:20,53.0,1861,24576,7.6,193.1,17506,257046,6.8,57
2026-05-21 21:36:30,50.0,1861,24576,7.6,190.4,17506,257046,6.8,57
2026-05-21 21:36:40,52.0,1861,24576,7.6,190.2,17506,257046,6.8,58
2026-05-21 21:36:50,52.0,1861,24576,7.6,190.6,17506,257046,6.8,58
2026-05-21 21:37:01,52.0,1861,24576,7.6,189.9,17506,257046,6.8,58
2026-05-21 21:37:11,54.0,1861,24576,7.6,190.5,17506,257046,6.8,58
2026-05-21 21:37:21,53.0,1861,24576,7.6,190.5,17506,257046,6.8,58
2026-05-21 21:37:31,53.0,1861,24576,7.6,-690.8,17506,257046,6.8,57
2026-05-21 21:37:41,51.0,1861,24576,7.6,190.9,17506,257046,6.8,57
2026-05-21 21:37:51,46.0,1861,24576,7.6,191.0,17505,257046,6.8,57
2026-05-21 21:38:01,53.0,1861,24576,7.6,189.4,17505,257046,6.8,58
2026-05-21 21:38:11,50.0,1861,24576,7.6,198.1,17505,257046,6.8,57
2026-05-21 21:38:21,50.0,1861,24576,7.6,215.2,17505,257046,6.8,57
2026-05-21 21:38:31,46.0,1861,24576,7.6,217.9,17505,257046,6.8,57
2026-05-21 21:38:41,50.0,1861,24576,7.6,215.0,17505,257046,6.8,57
2026-05-21 21:38:52,48.0,1861,24576,7.6,-681.6,17505,257046,6.8,57
2026-05-21 21:39:02,41.0,1861,24576,7.6,213.6,17505,257046,6.8,56
2026-05-21 21:39:12,51.0,1861,24576,7.6,216.1,17505,257046,6.8,57
2026-05-21 21:39:22,49.0,1861,24576,7.6,213.0,17505,257046,6.8,57
2026-05-21 21:39:32,49.0,1861,24576,7.6,216.7,17505,257046,6.8,57
2026-05-21 21:39:42,48.0,1861,24576,7.6,213.4,17505,257046,6.8,57
2026-05-21 21:39:52,48.0,1861,24576,7.6,215.6,17505,257046,6.8,57
2026-05-21 21:40:02,48.0,1861,24576,7.6,215.3,17505,257046,6.8,56
2026-05-21 21:40:12,46.0,1861,24576,7.6,217.0,17507,257046,6.8,56
2026-05-21 21:40:22,1.0,1861,24576,7.6,-736.5,16213,257046,6.3,54
