prototype,feature,value,count,topk_size,topk_freq,global_freq,lift,score,selected
0,department_name,Kids Boy Knitwear,1,20,0.05,0.0005127829463043,97.50714285714287,97.50714285714287,False
0,department_name,Young Girl UW/NW,1,20,0.05,0.0011720753058384,42.659375000000004,42.659375000000004,False
0,product_type_name,Hat/brim,1,20,0.05,0.0013185847190682002,37.919444444444444,37.919444444444444,False
0,department_name,Men Sport Tops,1,20,0.05,0.0020511317852172,24.376785714285717,24.376785714285717,False
0,product_type_name,Pyjama set,2,20,0.1,0.0054208482895026005,18.447297297297297,18.447297297297297,True
0,graphical_appearance_name,Mixed solid/pattern,1,20,0.05,0.0035162259175152005,14.219791666666667,14.219791666666667,False
0,department_name,Gloves/Hats,1,20,0.05,0.0035894806241301004,13.929591836734694,13.929591836734694,False
0,graphical_appearance_name,Treatment,1,20,0.05,0.003955754157204601,12.639814814814814,12.639814814814814,False
0,department_name,Baby basics,1,20,0.05,0.0042487729836642,11.768103448275864,11.768103448275864,False
0,department_name,Other items,1,20,0.05,0.0042487729836642,11.768103448275864,11.768103448275864,False
0,product_group_name,Nightwear,2,20,0.1,0.009669621273166801,10.341666666666667,10.341666666666667,True
0,section_name,Girls Underwear & Basics,1,20,0.05,0.004834810636583401,10.341666666666667,10.341666666666667,False
0,product_type_name,Garment Set,1,20,0.05,0.005127829463043,9.750714285714286,9.750714285714286,False
0,section_name,Kids Boy,1,20,0.05,0.0056406124093473006,8.864285714285716,8.864285714285716,False
0,section_name,Men H&M Sport,1,20,0.05,0.0057871218225771,8.63987341772152,8.63987341772152,False
0,department_name,Nightwear,1,20,0.05,0.006080140649036701,8.223493975903615,8.223493975903615,False
0,department_name,Functional Lingerie,1,20,0.05,0.006373159475496301,7.8454022988505745,7.8454022988505745,False
0,product_type_name,Other accessories,1,20,0.05,0.006959197128415501,7.184736842105264,7.184736842105264,False
0,department_name,Denim trousers,1,20,0.05,0.007984763021024101,6.261926605504587,6.261926605504587,False
0,section_name,Denim Men,1,20,0.05,0.0085708006739433,5.833760683760684,5.833760683760684,False
0,colour_group_name,Orange,1,20,0.05,0.008790564793788001,5.687916666666666,5.687916666666666,False
0,colour_group_name,Grey,3,20,0.15,0.031059995604717602,4.8293632075471695,4.8293632075471695,True
0,colour_group_name,Yellow,1,20,0.05,0.011354479525309501,4.403548387096774,4.403548387096774,False
0,graphical_appearance_name,Other structure,2,20,0.1,0.022855468463848803,4.375320512820513,4.375320512820513,False
0,department_name,Skirt,1,20,0.05,0.011647498351769101,4.292767295597485,4.292767295597485,False
0,department_name,Dress,3,20,0.15,0.035894806241301,4.178877551020408,4.178877551020408,False
0,graphical_appearance_name,Lace,1,20,0.05,0.012673064244377702,3.9453757225433526,3.9453757225433526,False
0,perceived_colour_master_name,Orange,2,20,0.1,0.0273972602739726,3.6500000000000004,3.6500000000000004,False
0,section_name,Womens Jackets,1,20,0.05,0.0136986301369863,3.6500000000000004,3.6500000000000004,False
0,product_type_name,Earring,1,20,0.05,0.014724196029594901,3.395771144278607,3.395771144278607,False
0,colour_group_name,Light Orange,1,20,0.05,0.014724196029594901,3.395771144278607,3.395771144278607,False
0,department_name,Outwear,1,20,0.05,0.0150172148560545,3.3295121951219517,3.3295121951219517,False
0,colour_group_name,Blue,2,20,0.1,0.033330891509779505,3.0002197802197803,3.0002197802197803,False
0,product_type_name,Swimwear bottom,1,20,0.05,0.016702073108197203,2.993640350877193,2.993640350877193,False
0,garment_group_name,Outdoor,2,20,0.1,0.033697165042854006,2.967608695652174,2.967608695652174,False
0,product_type_name,Bikini top,1,20,0.05,0.0171416013478866,2.916880341880342,2.916880341880342,False
0,section_name,Baby Essentials & Complements,1,20,0.05,0.017727639000805803,2.8204545454545453,2.8204545454545453,False
0,perceived_colour_master_name,Grey,4,20,0.2,0.07113032012306791,2.8117404737384137,2.8117404737384137,False
0,section_name,"Womens Swimwear, beachwear",2,20,0.1,0.0374331550802139,2.6714285714285717,2.6714285714285717,False
0,colour_group_name,Yellowish Brown,1,20,0.05,0.0187532048934144,2.6662109375000003,2.6662109375000003,False
0,garment_group_name,Swimwear,2,20,0.1,0.038531975679437405,2.5952471482889736,2.5952471482889736,False
0,department_name,Swimwear,2,20,0.1,0.038531975679437405,2.5952471482889736,2.5952471482889736,False
0,garment_group_name,Skirts,1,20,0.05,0.0195590066661783,2.556367041198502,2.556367041198502,False
0,product_group_name,Swimwear,2,20,0.1,0.0397773056918907,2.513996316758748,2.513996316758748,False
0,section_name,Womens Big accessories,1,20,0.05,0.019925280199252802,2.5093750000000004,2.5093750000000004,False
0,product_type_name,Hoodie,1,20,0.05,0.0206578272654018,2.420390070921986,2.420390070921986,False
0,colour_group_name,Pink,1,20,0.05,0.021024100798476303,2.3782229965156794,2.3782229965156794,False
0,colour_group_name,Gold,1,20,0.05,0.021829902571240203,2.290436241610738,2.290436241610738,False
0,garment_group_name,Dresses Ladies,3,20,0.15,0.06651527360632921,2.2551211453744493,2.2551211453744493,False
0,index_group_name,Baby/Children,3,20,0.15,0.06680829243278881,2.2452302631578944,2.2452302631578944,False
0,perceived_colour_master_name,Yellow,1,20,0.05,0.022635704344004103,2.2088996763754047,2.2088996763754047,False
0,colour_group_name,Beige,2,20,0.1,0.04585744634092741,2.1806709265175717,2.1806709265175717,False
0,department_name,Jewellery,1,20,0.05,0.0230752325836935,2.166825396825397,2.166825396825397,False
0,section_name,Mama,1,20,0.05,0.023294996703538202,2.1463836477987424,2.1463836477987424,False
0,section_name,Womens Small accessories,2,20,0.1,0.0514248040436598,1.9445868945868947,1.9445868945868947,False
0,product_group_name,Garment Full body,5,20,0.25,0.1304666324811369,1.9161987647389107,1.9161987647389107,False
0,perceived_colour_master_name,Brown,1,20,0.05,0.026151930261519303,1.911904761904762,1.911904761904762,False
0,graphical_appearance_name,All over pattern,4,20,0.2,0.10709838107098381,1.8674418604651164,1.8674418604651164,False
0,perceived_colour_master_name,Green,1,20,0.05,0.027910043220276903,1.7914698162729659,1.7914698162729659,False
0,garment_group_name,"Under-, Nightwear",3,20,0.15,0.08475569555343931,1.7697925669835781,1.7697925669835781,False
0,product_type_name,Dress,4,20,0.2,0.11750054941029961,1.70211970074813,1.70211970074813,False
0,colour_group_name,Dark Grey,1,20,0.05,0.029375137352574902,1.70211970074813,1.70211970074813,False
0,perceived_colour_master_name,Metal,1,20,0.05,0.030254193831953703,1.6526634382566587,1.6526634382566587,False
0,product_group_name,Accessories,3,20,0.15,0.092300930334774,1.6251190476190476,1.6251190476190476,False
0,graphical_appearance_name,Melange,2,20,0.1,0.0617537176763607,1.6193357058125744,1.6193357058125744,False
0,product_type_name,Jacket,1,20,0.05,0.0312797597245623,1.5984777517564404,1.5984777517564404,False
0,section_name,Womens Tailoring,2,20,0.1,0.06343857592850341,1.5763279445727483,1.5763279445727483,False
0,garment_group_name,Accessories,3,20,0.15,0.0962566844919786,1.5583333333333333,1.5583333333333333,False
0,product_type_name,Bra,1,20,0.05,0.0326715991502454,1.5303811659192827,1.5303811659192827,False
0,index_group_name,Sport,1,20,0.05,0.033111127389934804,1.510066371681416,1.510066371681416,False
0,product_type_name,Skirt,1,20,0.05,0.033404146216394405,1.4968201754385966,1.4968201754385966,False
0,perceived_colour_master_name,Pink,2,20,0.1,0.06702805655263351,1.4919125683060108,1.4919125683060108,False
0,section_name,"Womens Nightwear, Socks & Tigh",1,20,0.05,0.034869240348692404,1.4339285714285714,1.4339285714285714,False
0,colour_group_name,Light Pink,1,20,0.05,0.036773862720679805,1.3596613545816734,1.3596613545816734,False
0,index_group_name,Ladieswear,15,20,0.75,0.5894806241301004,1.2723064496085497,1.2723064496085497,False
0,section_name,Womens Casual,1,20,0.05,0.039557541572046,1.2639814814814816,1.2639814814814816,False
0,section_name,Womens Everyday Collection,3,20,0.15,0.12218885063365321,1.2276079136690647,1.2276079136690647,False
0,perceived_colour_master_name,Beige,2,20,0.1,0.08482895026005421,1.1788428324697755,1.1788428324697755,False
0,garment_group_name,Trousers Denim,1,20,0.05,0.0430737674895612,1.1607993197278912,1.1607993197278912,False
0,department_name,Blouse,1,20,0.05,0.043293531609405904,1.154906937394247,1.154906937394247,False
0,department_name,Trouser,1,20,0.05,0.0446121163284741,1.1207717569786537,1.1207717569786537,False
0,product_type_name,Blouse,1,20,0.05,0.045344663394623105,1.1026655896607431,1.1026655896607431,False
0,section_name,Womens Lingerie,1,20,0.05,0.05765145410592631,0.8672808132147396,0.8672808132147396,False
0,perceived_colour_master_name,Blue,2,20,0.1,0.11933191707567212,0.8379987722529159,0.8379987722529159,False
0,department_name,Jersey,1,20,0.05,0.060801406490367006,0.8223493975903615,0.8223493975903615,False
0,product_type_name,Trousers,2,20,0.1,0.1310526701340561,0.7630519843487983,0.7630519843487983,False
0,garment_group_name,Knitwear,1,20,0.05,0.06695480184601861,0.7467724288840263,0.7467724288840263,False
0,product_group_name,Underwear,1,20,0.05,0.06768734891216761,0.7386904761904761,0.7386904761904761,False
0,product_group_name,Garment Lower body,3,20,0.15,0.2052596879349498,0.7307815845824411,0.7307815845824411,False
0,colour_group_name,Black,4,20,0.2,0.28027250750860744,0.7135912179822269,0.7135912179822269,False
0,graphical_appearance_name,Solid,8,20,0.4,0.5812760969892315,0.6881411468178954,0.6881411468178954,False
0,graphical_appearance_name,Denim,1,20,0.05,0.074719800747198,0.6691666666666668,0.6691666666666668,False
0,product_type_name,Sweater,1,20,0.05,0.0791883378507069,0.6314061054579094,0.6314061054579094,False
0,garment_group_name,Trousers,1,20,0.05,0.0825580543549923,0.6056344276841171,0.6056344276841171,False
0,garment_group_name,Blouses,1,20,0.05,0.0860742802725075,0.5808936170212766,0.5808936170212766,False
0,garment_group_name,Jersey Basic,1,20,0.05,0.09003003442971211,0.5553702196908056,0.5553702196908056,False
0,perceived_colour_master_name,Black,3,20,0.15,0.28173760164090544,0.5324102964118564,0.5324102964118564,False
0,colour_group_name,White,1,20,0.05,0.0960369203721339,0.5206331045003815,0.5206331045003815,False
0,product_group_name,Garment Upper body,4,20,0.2,0.38905574683173394,0.5140651478064395,0.5140651478064395,False
0,index_group_name,Menswear,1,20,0.05,0.10438795692623251,0.4789824561403509,0.4789824561403509,False
0,perceived_colour_master_name,White,1,20,0.05,0.12797597245623032,0.3906983400114482,0.3906983400114482,False
0,garment_group_name,Jersey Fancy,1,20,0.05,0.16672771225551242,0.299890158172232,0.299890158172232,False
1,department_name,Kids Boy Knitwear,1,20,0.05,0.0005127829463043,97.50714285714287,97.50714285714287,False
1,department_name,Young Girl UW/NW,1,20,0.05,0.0011720753058384,42.659375000000004,42.659375000000004,False
1,product_type_name,Hat/brim,1,20,0.05,0.0013185847190682002,37.919444444444444,37.919444444444444,False
1,department_name,Men Sport Tops,1,20,0.05,0.0020511317852172,24.376785714285717,24.376785714285717,False
1,product_type_name,Pyjama set,2,20,0.1,0.0054208482895026005,18.447297297297297,18.447297297297297,True
1,graphical_appearance_name,Mixed solid/pattern,1,20,0.05,0.0035162259175152005,14.219791666666667,14.219791666666667,False
1,department_name,Gloves/Hats,1,20,0.05,0.0035894806241301004,13.929591836734694,13.929591836734694,False
1,graphical_appearance_name,Treatment,1,20,0.05,0.003955754157204601,12.639814814814814,12.639814814814814,False
1,department_name,Baby basics,1,20,0.05,0.0042487729836642,11.768103448275864,11.768103448275864,False
1,department_name,Other items,1,20,0.05,0.0042487729836642,11.768103448275864,11.768103448275864,False
1,product_group_name,Nightwear,2,20,0.1,0.009669621273166801,10.341666666666667,10.341666666666667,True
1,section_name,Girls Underwear & Basics,1,20,0.05,0.004834810636583401,10.341666666666667,10.341666666666667,False
1,product_type_name,Garment Set,1,20,0.05,0.005127829463043,9.750714285714286,9.750714285714286,False
1,section_name,Kids Boy,1,20,0.05,0.0056406124093473006,8.864285714285716,8.864285714285716,False
1,section_name,Men H&M Sport,1,20,0.05,0.0057871218225771,8.63987341772152,8.63987341772152,False
1,department_name,Nightwear,1,20,0.05,0.006080140649036701,8.223493975903615,8.223493975903615,False
1,department_name,Functional Lingerie,1,20,0.05,0.006373159475496301,7.8454022988505745,7.8454022988505745,False
1,product_type_name,Other accessories,1,20,0.05,0.006959197128415501,7.184736842105264,7.184736842105264,False
1,department_name,Denim trousers,1,20,0.05,0.007984763021024101,6.261926605504587,6.261926605504587,False
1,section_name,Denim Men,1,20,0.05,0.0085708006739433,5.833760683760684,5.833760683760684,False
1,colour_group_name,Orange,1,20,0.05,0.008790564793788001,5.687916666666666,5.687916666666666,False
1,colour_group_name,Grey,3,20,0.15,0.031059995604717602,4.8293632075471695,4.8293632075471695,True
1,colour_group_name,Yellow,1,20,0.05,0.011354479525309501,4.403548387096774,4.403548387096774,False
1,graphical_appearance_name,Other structure,2,20,0.1,0.022855468463848803,4.375320512820513,4.375320512820513,False
1,department_name,Skirt,1,20,0.05,0.011647498351769101,4.292767295597485,4.292767295597485,False
1,department_name,Dress,3,20,0.15,0.035894806241301,4.178877551020408,4.178877551020408,False
1,graphical_appearance_name,Lace,1,20,0.05,0.012673064244377702,3.9453757225433526,3.9453757225433526,False
1,perceived_colour_master_name,Orange,2,20,0.1,0.0273972602739726,3.6500000000000004,3.6500000000000004,False
1,section_name,Womens Jackets,1,20,0.05,0.0136986301369863,3.6500000000000004,3.6500000000000004,False
1,product_type_name,Earring,1,20,0.05,0.014724196029594901,3.395771144278607,3.395771144278607,False
1,colour_group_name,Light Orange,1,20,0.05,0.014724196029594901,3.395771144278607,3.395771144278607,False
1,department_name,Outwear,1,20,0.05,0.0150172148560545,3.3295121951219517,3.3295121951219517,False
1,colour_group_name,Blue,2,20,0.1,0.033330891509779505,3.0002197802197803,3.0002197802197803,False
1,product_type_name,Swimwear bottom,1,20,0.05,0.016702073108197203,2.993640350877193,2.993640350877193,False
1,garment_group_name,Outdoor,2,20,0.1,0.033697165042854006,2.967608695652174,2.967608695652174,False
1,product_type_name,Bikini top,1,20,0.05,0.0171416013478866,2.916880341880342,2.916880341880342,False
1,section_name,Baby Essentials & Complements,1,20,0.05,0.017727639000805803,2.8204545454545453,2.8204545454545453,False
1,perceived_colour_master_name,Grey,4,20,0.2,0.07113032012306791,2.8117404737384137,2.8117404737384137,False
1,section_name,"Womens Swimwear, beachwear",2,20,0.1,0.0374331550802139,2.6714285714285717,2.6714285714285717,False
1,colour_group_name,Yellowish Brown,1,20,0.05,0.0187532048934144,2.6662109375000003,2.6662109375000003,False
1,garment_group_name,Swimwear,2,20,0.1,0.038531975679437405,2.5952471482889736,2.5952471482889736,False
1,department_name,Swimwear,2,20,0.1,0.038531975679437405,2.5952471482889736,2.5952471482889736,False
1,garment_group_name,Skirts,1,20,0.05,0.0195590066661783,2.556367041198502,2.556367041198502,False
1,product_group_name,Swimwear,2,20,0.1,0.0397773056918907,2.513996316758748,2.513996316758748,False
1,section_name,Womens Big accessories,1,20,0.05,0.019925280199252802,2.5093750000000004,2.5093750000000004,False
1,product_type_name,Hoodie,1,20,0.05,0.0206578272654018,2.420390070921986,2.420390070921986,False
1,colour_group_name,Pink,1,20,0.05,0.021024100798476303,2.3782229965156794,2.3782229965156794,False
1,colour_group_name,Gold,1,20,0.05,0.021829902571240203,2.290436241610738,2.290436241610738,False
1,garment_group_name,Dresses Ladies,3,20,0.15,0.06651527360632921,2.2551211453744493,2.2551211453744493,False
1,index_group_name,Baby/Children,3,20,0.15,0.06680829243278881,2.2452302631578944,2.2452302631578944,False
1,perceived_colour_master_name,Yellow,1,20,0.05,0.022635704344004103,2.2088996763754047,2.2088996763754047,False
1,colour_group_name,Beige,2,20,0.1,0.04585744634092741,2.1806709265175717,2.1806709265175717,False
1,department_name,Jewellery,1,20,0.05,0.0230752325836935,2.166825396825397,2.166825396825397,False
1,section_name,Mama,1,20,0.05,0.023294996703538202,2.1463836477987424,2.1463836477987424,False
1,section_name,Womens Small accessories,2,20,0.1,0.0514248040436598,1.9445868945868947,1.9445868945868947,False
1,product_group_name,Garment Full body,5,20,0.25,0.1304666324811369,1.9161987647389107,1.9161987647389107,False
1,perceived_colour_master_name,Brown,1,20,0.05,0.026151930261519303,1.911904761904762,1.911904761904762,False
1,graphical_appearance_name,All over pattern,4,20,0.2,0.10709838107098381,1.8674418604651164,1.8674418604651164,False
1,perceived_colour_master_name,Green,1,20,0.05,0.027910043220276903,1.7914698162729659,1.7914698162729659,False
1,garment_group_name,"Under-, Nightwear",3,20,0.15,0.08475569555343931,1.7697925669835781,1.7697925669835781,False
1,product_type_name,Dress,4,20,0.2,0.11750054941029961,1.70211970074813,1.70211970074813,False
1,colour_group_name,Dark Grey,1,20,0.05,0.029375137352574902,1.70211970074813,1.70211970074813,False
1,perceived_colour_master_name,Metal,1,20,0.05,0.030254193831953703,1.6526634382566587,1.6526634382566587,False
1,product_group_name,Accessories,3,20,0.15,0.092300930334774,1.6251190476190476,1.6251190476190476,False
1,graphical_appearance_name,Melange,2,20,0.1,0.0617537176763607,1.6193357058125744,1.6193357058125744,False
1,product_type_name,Jacket,1,20,0.05,0.0312797597245623,1.5984777517564404,1.5984777517564404,False
1,section_name,Womens Tailoring,2,20,0.1,0.06343857592850341,1.5763279445727483,1.5763279445727483,False
1,garment_group_name,Accessories,3,20,0.15,0.0962566844919786,1.5583333333333333,1.5583333333333333,False
1,product_type_name,Bra,1,20,0.05,0.0326715991502454,1.5303811659192827,1.5303811659192827,False
1,index_group_name,Sport,1,20,0.05,0.033111127389934804,1.510066371681416,1.510066371681416,False
1,product_type_name,Skirt,1,20,0.05,0.033404146216394405,1.4968201754385966,1.4968201754385966,False
1,perceived_colour_master_name,Pink,2,20,0.1,0.06702805655263351,1.4919125683060108,1.4919125683060108,False
1,section_name,"Womens Nightwear, Socks & Tigh",1,20,0.05,0.034869240348692404,1.4339285714285714,1.4339285714285714,False
1,colour_group_name,Light Pink,1,20,0.05,0.036773862720679805,1.3596613545816734,1.3596613545816734,False
1,index_group_name,Ladieswear,15,20,0.75,0.5894806241301004,1.2723064496085497,1.2723064496085497,False
1,section_name,Womens Casual,1,20,0.05,0.039557541572046,1.2639814814814816,1.2639814814814816,False
1,section_name,Womens Everyday Collection,3,20,0.15,0.12218885063365321,1.2276079136690647,1.2276079136690647,False
1,perceived_colour_master_name,Beige,2,20,0.1,0.08482895026005421,1.1788428324697755,1.1788428324697755,False
1,garment_group_name,Trousers Denim,1,20,0.05,0.0430737674895612,1.1607993197278912,1.1607993197278912,False
1,department_name,Blouse,1,20,0.05,0.043293531609405904,1.154906937394247,1.154906937394247,False
1,department_name,Trouser,1,20,0.05,0.0446121163284741,1.1207717569786537,1.1207717569786537,False
1,product_type_name,Blouse,1,20,0.05,0.045344663394623105,1.1026655896607431,1.1026655896607431,False
1,section_name,Womens Lingerie,1,20,0.05,0.05765145410592631,0.8672808132147396,0.8672808132147396,False
1,perceived_colour_master_name,Blue,2,20,0.1,0.11933191707567212,0.8379987722529159,0.8379987722529159,False
1,department_name,Jersey,1,20,0.05,0.060801406490367006,0.8223493975903615,0.8223493975903615,False
1,product_type_name,Trousers,2,20,0.1,0.1310526701340561,0.7630519843487983,0.7630519843487983,False
1,garment_group_name,Knitwear,1,20,0.05,0.06695480184601861,0.7467724288840263,0.7467724288840263,False
1,product_group_name,Underwear,1,20,0.05,0.06768734891216761,0.7386904761904761,0.7386904761904761,False
1,product_group_name,Garment Lower body,3,20,0.15,0.2052596879349498,0.7307815845824411,0.7307815845824411,False
1,colour_group_name,Black,4,20,0.2,0.28027250750860744,0.7135912179822269,0.7135912179822269,False
1,graphical_appearance_name,Solid,8,20,0.4,0.5812760969892315,0.6881411468178954,0.6881411468178954,False
1,graphical_appearance_name,Denim,1,20,0.05,0.074719800747198,0.6691666666666668,0.6691666666666668,False
1,product_type_name,Sweater,1,20,0.05,0.0791883378507069,0.6314061054579094,0.6314061054579094,False
1,garment_group_name,Trousers,1,20,0.05,0.0825580543549923,0.6056344276841171,0.6056344276841171,False
1,garment_group_name,Blouses,1,20,0.05,0.0860742802725075,0.5808936170212766,0.5808936170212766,False
1,garment_group_name,Jersey Basic,1,20,0.05,0.09003003442971211,0.5553702196908056,0.5553702196908056,False
1,perceived_colour_master_name,Black,3,20,0.15,0.28173760164090544,0.5324102964118564,0.5324102964118564,False
1,colour_group_name,White,1,20,0.05,0.0960369203721339,0.5206331045003815,0.5206331045003815,False
1,product_group_name,Garment Upper body,4,20,0.2,0.38905574683173394,0.5140651478064395,0.5140651478064395,False
1,index_group_name,Menswear,1,20,0.05,0.10438795692623251,0.4789824561403509,0.4789824561403509,False
1,perceived_colour_master_name,White,1,20,0.05,0.12797597245623032,0.3906983400114482,0.3906983400114482,False
1,garment_group_name,Jersey Fancy,1,20,0.05,0.16672771225551242,0.299890158172232,0.299890158172232,False
2,department_name,Kids Boy Knitwear,1,20,0.05,0.0005127829463043,97.50714285714287,97.50714285714287,False
2,department_name,Young Girl UW/NW,1,20,0.05,0.0011720753058384,42.659375000000004,42.659375000000004,False
2,product_type_name,Hat/brim,1,20,0.05,0.0013185847190682002,37.919444444444444,37.919444444444444,False
2,department_name,Men Sport Tops,1,20,0.05,0.0020511317852172,24.376785714285717,24.376785714285717,False
2,product_type_name,Pyjama set,2,20,0.1,0.0054208482895026005,18.447297297297297,18.447297297297297,True
2,graphical_appearance_name,Mixed solid/pattern,1,20,0.05,0.0035162259175152005,14.219791666666667,14.219791666666667,False
2,department_name,Gloves/Hats,1,20,0.05,0.0035894806241301004,13.929591836734694,13.929591836734694,False
2,graphical_appearance_name,Treatment,1,20,0.05,0.003955754157204601,12.639814814814814,12.639814814814814,False
2,department_name,Baby basics,1,20,0.05,0.0042487729836642,11.768103448275864,11.768103448275864,False
2,department_name,Other items,1,20,0.05,0.0042487729836642,11.768103448275864,11.768103448275864,False
2,product_group_name,Nightwear,2,20,0.1,0.009669621273166801,10.341666666666667,10.341666666666667,True
2,section_name,Girls Underwear & Basics,1,20,0.05,0.004834810636583401,10.341666666666667,10.341666666666667,False
2,product_type_name,Garment Set,1,20,0.05,0.005127829463043,9.750714285714286,9.750714285714286,False
2,section_name,Kids Boy,1,20,0.05,0.0056406124093473006,8.864285714285716,8.864285714285716,False
2,section_name,Men H&M Sport,1,20,0.05,0.0057871218225771,8.63987341772152,8.63987341772152,False
2,department_name,Nightwear,1,20,0.05,0.006080140649036701,8.223493975903615,8.223493975903615,False
2,department_name,Functional Lingerie,1,20,0.05,0.006373159475496301,7.8454022988505745,7.8454022988505745,False
2,product_type_name,Other accessories,1,20,0.05,0.006959197128415501,7.184736842105264,7.184736842105264,False
2,department_name,Denim trousers,1,20,0.05,0.007984763021024101,6.261926605504587,6.261926605504587,False
2,section_name,Denim Men,1,20,0.05,0.0085708006739433,5.833760683760684,5.833760683760684,False
2,colour_group_name,Orange,1,20,0.05,0.008790564793788001,5.687916666666666,5.687916666666666,False
2,colour_group_name,Grey,3,20,0.15,0.031059995604717602,4.8293632075471695,4.8293632075471695,True
2,colour_group_name,Yellow,1,20,0.05,0.011354479525309501,4.403548387096774,4.403548387096774,False
2,graphical_appearance_name,Other structure,2,20,0.1,0.022855468463848803,4.375320512820513,4.375320512820513,False
2,department_name,Skirt,1,20,0.05,0.011647498351769101,4.292767295597485,4.292767295597485,False
2,department_name,Dress,3,20,0.15,0.035894806241301,4.178877551020408,4.178877551020408,False
2,graphical_appearance_name,Lace,1,20,0.05,0.012673064244377702,3.9453757225433526,3.9453757225433526,False
2,perceived_colour_master_name,Orange,2,20,0.1,0.0273972602739726,3.6500000000000004,3.6500000000000004,False
2,section_name,Womens Jackets,1,20,0.05,0.0136986301369863,3.6500000000000004,3.6500000000000004,False
2,product_type_name,Earring,1,20,0.05,0.014724196029594901,3.395771144278607,3.395771144278607,False
2,colour_group_name,Light Orange,1,20,0.05,0.014724196029594901,3.395771144278607,3.395771144278607,False
2,department_name,Outwear,1,20,0.05,0.0150172148560545,3.3295121951219517,3.3295121951219517,False
2,colour_group_name,Blue,2,20,0.1,0.033330891509779505,3.0002197802197803,3.0002197802197803,False
2,product_type_name,Swimwear bottom,1,20,0.05,0.016702073108197203,2.993640350877193,2.993640350877193,False
2,garment_group_name,Outdoor,2,20,0.1,0.033697165042854006,2.967608695652174,2.967608695652174,False
2,product_type_name,Bikini top,1,20,0.05,0.0171416013478866,2.916880341880342,2.916880341880342,False
2,section_name,Baby Essentials & Complements,1,20,0.05,0.017727639000805803,2.8204545454545453,2.8204545454545453,False
2,perceived_colour_master_name,Grey,4,20,0.2,0.07113032012306791,2.8117404737384137,2.8117404737384137,False
2,section_name,"Womens Swimwear, beachwear",2,20,0.1,0.0374331550802139,2.6714285714285717,2.6714285714285717,False
2,colour_group_name,Yellowish Brown,1,20,0.05,0.0187532048934144,2.6662109375000003,2.6662109375000003,False
2,garment_group_name,Swimwear,2,20,0.1,0.038531975679437405,2.5952471482889736,2.5952471482889736,False
2,department_name,Swimwear,2,20,0.1,0.038531975679437405,2.5952471482889736,2.5952471482889736,False
2,garment_group_name,Skirts,1,20,0.05,0.0195590066661783,2.556367041198502,2.556367041198502,False
2,product_group_name,Swimwear,2,20,0.1,0.0397773056918907,2.513996316758748,2.513996316758748,False
2,section_name,Womens Big accessories,1,20,0.05,0.019925280199252802,2.5093750000000004,2.5093750000000004,False
2,product_type_name,Hoodie,1,20,0.05,0.0206578272654018,2.420390070921986,2.420390070921986,False
2,colour_group_name,Pink,1,20,0.05,0.021024100798476303,2.3782229965156794,2.3782229965156794,False
2,colour_group_name,Gold,1,20,0.05,0.021829902571240203,2.290436241610738,2.290436241610738,False
2,garment_group_name,Dresses Ladies,3,20,0.15,0.06651527360632921,2.2551211453744493,2.2551211453744493,False
2,index_group_name,Baby/Children,3,20,0.15,0.06680829243278881,2.2452302631578944,2.2452302631578944,False
2,perceived_colour_master_name,Yellow,1,20,0.05,0.022635704344004103,2.2088996763754047,2.2088996763754047,False
2,colour_group_name,Beige,2,20,0.1,0.04585744634092741,2.1806709265175717,2.1806709265175717,False
2,department_name,Jewellery,1,20,0.05,0.0230752325836935,2.166825396825397,2.166825396825397,False
2,section_name,Mama,1,20,0.05,0.023294996703538202,2.1463836477987424,2.1463836477987424,False
2,section_name,Womens Small accessories,2,20,0.1,0.0514248040436598,1.9445868945868947,1.9445868945868947,False
2,product_group_name,Garment Full body,5,20,0.25,0.1304666324811369,1.9161987647389107,1.9161987647389107,False
2,perceived_colour_master_name,Brown,1,20,0.05,0.026151930261519303,1.911904761904762,1.911904761904762,False
2,graphical_appearance_name,All over pattern,4,20,0.2,0.10709838107098381,1.8674418604651164,1.8674418604651164,False
2,perceived_colour_master_name,Green,1,20,0.05,0.027910043220276903,1.7914698162729659,1.7914698162729659,False
2,garment_group_name,"Under-, Nightwear",3,20,0.15,0.08475569555343931,1.7697925669835781,1.7697925669835781,False
2,product_type_name,Dress,4,20,0.2,0.11750054941029961,1.70211970074813,1.70211970074813,False
2,colour_group_name,Dark Grey,1,20,0.05,0.029375137352574902,1.70211970074813,1.70211970074813,False
2,perceived_colour_master_name,Metal,1,20,0.05,0.030254193831953703,1.6526634382566587,1.6526634382566587,False
2,product_group_name,Accessories,3,20,0.15,0.092300930334774,1.6251190476190476,1.6251190476190476,False
2,graphical_appearance_name,Melange,2,20,0.1,0.0617537176763607,1.6193357058125744,1.6193357058125744,False
2,product_type_name,Jacket,1,20,0.05,0.0312797597245623,1.5984777517564404,1.5984777517564404,False
2,section_name,Womens Tailoring,2,20,0.1,0.06343857592850341,1.5763279445727483,1.5763279445727483,False
2,garment_group_name,Accessories,3,20,0.15,0.0962566844919786,1.5583333333333333,1.5583333333333333,False
2,product_type_name,Bra,1,20,0.05,0.0326715991502454,1.5303811659192827,1.5303811659192827,False
2,index_group_name,Sport,1,20,0.05,0.033111127389934804,1.510066371681416,1.510066371681416,False
2,product_type_name,Skirt,1,20,0.05,0.033404146216394405,1.4968201754385966,1.4968201754385966,False
2,perceived_colour_master_name,Pink,2,20,0.1,0.06702805655263351,1.4919125683060108,1.4919125683060108,False
2,section_name,"Womens Nightwear, Socks & Tigh",1,20,0.05,0.034869240348692404,1.4339285714285714,1.4339285714285714,False
2,colour_group_name,Light Pink,1,20,0.05,0.036773862720679805,1.3596613545816734,1.3596613545816734,False
2,index_group_name,Ladieswear,15,20,0.75,0.5894806241301004,1.2723064496085497,1.2723064496085497,False
2,section_name,Womens Casual,1,20,0.05,0.039557541572046,1.2639814814814816,1.2639814814814816,False
2,section_name,Womens Everyday Collection,3,20,0.15,0.12218885063365321,1.2276079136690647,1.2276079136690647,False
2,perceived_colour_master_name,Beige,2,20,0.1,0.08482895026005421,1.1788428324697755,1.1788428324697755,False
2,garment_group_name,Trousers Denim,1,20,0.05,0.0430737674895612,1.1607993197278912,1.1607993197278912,False
2,department_name,Blouse,1,20,0.05,0.043293531609405904,1.154906937394247,1.154906937394247,False
2,department_name,Trouser,1,20,0.05,0.0446121163284741,1.1207717569786537,1.1207717569786537,False
2,product_type_name,Blouse,1,20,0.05,0.045344663394623105,1.1026655896607431,1.1026655896607431,False
2,section_name,Womens Lingerie,1,20,0.05,0.05765145410592631,0.8672808132147396,0.8672808132147396,False
2,perceived_colour_master_name,Blue,2,20,0.1,0.11933191707567212,0.8379987722529159,0.8379987722529159,False
2,department_name,Jersey,1,20,0.05,0.060801406490367006,0.8223493975903615,0.8223493975903615,False
2,product_type_name,Trousers,2,20,0.1,0.1310526701340561,0.7630519843487983,0.7630519843487983,False
2,garment_group_name,Knitwear,1,20,0.05,0.06695480184601861,0.7467724288840263,0.7467724288840263,False
2,product_group_name,Underwear,1,20,0.05,0.06768734891216761,0.7386904761904761,0.7386904761904761,False
2,product_group_name,Garment Lower body,3,20,0.15,0.2052596879349498,0.7307815845824411,0.7307815845824411,False
2,colour_group_name,Black,4,20,0.2,0.28027250750860744,0.7135912179822269,0.7135912179822269,False
2,graphical_appearance_name,Solid,8,20,0.4,0.5812760969892315,0.6881411468178954,0.6881411468178954,False
2,graphical_appearance_name,Denim,1,20,0.05,0.074719800747198,0.6691666666666668,0.6691666666666668,False
2,product_type_name,Sweater,1,20,0.05,0.0791883378507069,0.6314061054579094,0.6314061054579094,False
2,garment_group_name,Trousers,1,20,0.05,0.0825580543549923,0.6056344276841171,0.6056344276841171,False
2,garment_group_name,Blouses,1,20,0.05,0.0860742802725075,0.5808936170212766,0.5808936170212766,False
2,garment_group_name,Jersey Basic,1,20,0.05,0.09003003442971211,0.5553702196908056,0.5553702196908056,False
2,perceived_colour_master_name,Black,3,20,0.15,0.28173760164090544,0.5324102964118564,0.5324102964118564,False
2,colour_group_name,White,1,20,0.05,0.0960369203721339,0.5206331045003815,0.5206331045003815,False
2,product_group_name,Garment Upper body,4,20,0.2,0.38905574683173394,0.5140651478064395,0.5140651478064395,False
2,index_group_name,Menswear,1,20,0.05,0.10438795692623251,0.4789824561403509,0.4789824561403509,False
2,perceived_colour_master_name,White,1,20,0.05,0.12797597245623032,0.3906983400114482,0.3906983400114482,False
2,garment_group_name,Jersey Fancy,1,20,0.05,0.16672771225551242,0.299890158172232,0.299890158172232,False
3,department_name,Kids Boy Knitwear,1,20,0.05,0.0005127829463043,97.50714285714287,97.50714285714287,False
3,product_type_name,Hat/brim,1,20,0.05,0.0013185847190682002,37.919444444444444,37.919444444444444,False
3,department_name,Men Sport Tops,1,20,0.05,0.0020511317852172,24.376785714285717,24.376785714285717,False
3,department_name,Young Boy Jersey Basic,1,20,0.05,0.0025639147315215,19.501428571428573,19.501428571428573,False
3,department_name,Shirt,3,20,0.15,0.009156838326862501,16.3812,16.3812,True
3,graphical_appearance_name,Mixed solid/pattern,1,20,0.05,0.0035162259175152005,14.219791666666667,14.219791666666667,False
3,department_name,Gloves/Hats,1,20,0.05,0.0035894806241301004,13.929591836734694,13.929591836734694,False
3,graphical_appearance_name,Application/3D,1,20,0.05,0.0040290088638195,12.410000000000002,12.410000000000002,False
3,garment_group_name,Shirts,3,20,0.15,0.012526554831147901,11.97456140350877,11.97456140350877,True
3,colour_group_name,Light Turquoise,1,20,0.05,0.0049080653431983,10.187313432835822,10.187313432835822,False
3,section_name,Contemporary Casual,2,20,0.1,0.010621932459160502,9.41448275862069,9.41448275862069,True
3,department_name,Suit jacket,1,20,0.05,0.0053475935828877,9.350000000000001,9.350000000000001,False
3,product_type_name,Pyjama set,1,20,0.05,0.0054208482895026005,9.223648648648648,9.223648648648648,False
3,department_name,Newborn,1,20,0.05,0.0055673577027324,8.98092105263158,8.98092105263158,False
3,section_name,Kids Boy,1,20,0.05,0.0056406124093473006,8.864285714285716,8.864285714285716,False
3,section_name,Men H&M Sport,1,20,0.05,0.0057871218225771,8.63987341772152,8.63987341772152,False
3,department_name,Nightwear,1,20,0.05,0.006080140649036701,8.223493975903615,8.223493975903615,False
3,product_type_name,Bodysuit,1,20,0.05,0.006299904768881401,7.936627906976745,7.936627906976745,False
3,section_name,Boys Underwear & Basics,1,20,0.05,0.006373159475496301,7.8454022988505745,7.8454022988505745,False
3,department_name,Belts,1,20,0.05,0.0066661783019559,7.500549450549451,7.500549450549451,False
3,department_name,Denim trousers,1,20,0.05,0.007984763021024101,6.261926605504587,6.261926605504587,False
3,product_type_name,Belt,1,20,0.05,0.0082045271408688,6.094196428571429,6.094196428571429,False
3,section_name,Denim Men,1,20,0.05,0.0085708006739433,5.833760683760684,5.833760683760684,False
3,colour_group_name,Orange,1,20,0.05,0.008790564793788001,5.687916666666666,5.687916666666666,False
3,perceived_colour_master_name,Turquoise,1,20,0.05,0.009230093033477401,5.417063492063492,5.417063492063492,False
3,product_group_name,Nightwear,1,20,0.05,0.009669621273166801,5.170833333333333,5.170833333333333,False
3,section_name,Womens Big accessories,2,20,0.1,0.019925280199252802,5.018750000000001,5.018750000000001,False
3,product_type_name,Shirt,3,20,0.15,0.031646033257636805,4.7399305555555555,4.7399305555555555,False
3,graphical_appearance_name,Other structure,2,20,0.1,0.022855468463848803,4.375320512820513,4.375320512820513,False
3,colour_group_name,Dark Red,1,20,0.05,0.0128195736576075,3.900285714285715,3.900285714285715,False
3,garment_group_name,Dressed,1,20,0.05,0.013112592484067102,3.813128491620112,3.813128491620112,False
3,product_type_name,Blazer,1,20,0.05,0.014211413083290601,3.5182989690721653,3.5182989690721653,False
3,colour_group_name,Blue,2,20,0.1,0.033330891509779505,3.0002197802197803,3.0002197802197803,False
3,product_type_name,Swimwear bottom,1,20,0.05,0.016702073108197203,2.993640350877193,2.993640350877193,False
3,product_type_name,Bikini top,1,20,0.05,0.0171416013478866,2.916880341880342,2.916880341880342,False
3,department_name,Casual Lingerie,1,20,0.05,0.017581129587576003,2.843958333333333,2.843958333333333,False
3,section_name,Baby Essentials & Complements,1,20,0.05,0.017727639000805803,2.8204545454545453,2.8204545454545453,False
3,department_name,Dress,2,20,0.1,0.035894806241301,2.785918367346939,2.785918367346939,False
3,section_name,Contemporary Smart,1,20,0.05,0.0180206578272654,2.7745934959349596,2.7745934959349596,False
3,colour_group_name,Light Pink,2,20,0.1,0.036773862720679805,2.7193227091633467,2.7193227091633467,False
3,colour_group_name,Dark Green,1,20,0.05,0.018533440773569703,2.6978260869565216,2.6978260869565216,False
3,section_name,"Womens Swimwear, beachwear",2,20,0.1,0.0374331550802139,2.6714285714285717,2.6714285714285717,False
3,colour_group_name,Yellowish Brown,1,20,0.05,0.0187532048934144,2.6662109375000003,2.6662109375000003,False
3,garment_group_name,Swimwear,2,20,0.1,0.038531975679437405,2.5952471482889736,2.5952471482889736,False
3,department_name,Swimwear,2,20,0.1,0.038531975679437405,2.5952471482889736,2.5952471482889736,False
3,product_group_name,Swimwear,2,20,0.1,0.0397773056918907,2.513996316758748,2.513996316758748,False
3,product_type_name,Hoodie,1,20,0.05,0.0206578272654018,2.420390070921986,2.420390070921986,False
3,department_name,Dresses,1,20,0.05,0.021024100798476303,2.3782229965156794,2.3782229965156794,False
3,garment_group_name,Dresses Ladies,3,20,0.15,0.06651527360632921,2.2551211453744493,2.2551211453744493,False
3,index_group_name,Baby/Children,3,20,0.15,0.06680829243278881,2.2452302631578944,2.2452302631578944,False
3,graphical_appearance_name,Check,1,20,0.05,0.023001977877078604,2.1737261146496816,2.1737261146496816,False
3,perceived_colour_master_name,Red,1,20,0.05,0.0232217419969233,2.1531545741324924,2.1531545741324924,False
3,section_name,Mama,1,20,0.05,0.023294996703538202,2.1463836477987424,2.1463836477987424,False
3,graphical_appearance_name,Denim,3,20,0.15,0.074719800747198,2.0075000000000003,2.0075000000000003,False
3,index_group_name,Menswear,4,20,0.2,0.10438795692623251,1.9159298245614036,1.9159298245614036,False
3,perceived_colour_master_name,Brown,1,20,0.05,0.026151930261519303,1.911904761904762,1.911904761904762,False
3,colour_group_name,Light Blue,1,20,0.05,0.026957732034283203,1.8547554347826087,1.8547554347826087,False
3,perceived_colour_master_name,Orange,1,20,0.05,0.0273972602739726,1.8250000000000002,1.8250000000000002,False
3,perceived_colour_master_name,Green,1,20,0.05,0.027910043220276903,1.7914698162729659,1.7914698162729659,False
3,product_type_name,Dress,4,20,0.2,0.11750054941029961,1.70211970074813,1.70211970074813,False
3,perceived_colour_master_name,Blue,4,20,0.2,0.11933191707567212,1.6759975445058317,1.6759975445058317,False
3,colour_group_name,Grey,1,20,0.05,0.031059995604717602,1.6097877358490567,1.6097877358490567,False
3,product_type_name,Underwear bottom,1,20,0.05,0.031133250311332503,1.606,1.606,False
3,section_name,Womens Tailoring,2,20,0.1,0.06343857592850341,1.5763279445727483,1.5763279445727483,False
3,product_group_name,Garment Full body,4,20,0.2,0.1304666324811369,1.5329590117911287,1.5329590117911287,False
3,index_group_name,Sport,1,20,0.05,0.033111127389934804,1.510066371681416,1.510066371681416,False
3,perceived_colour_master_name,Pink,2,20,0.1,0.06702805655263351,1.4919125683060108,1.4919125683060108,False
3,garment_group_name,Outdoor,1,20,0.05,0.033697165042854006,1.483804347826087,1.483804347826087,False
3,section_name,"Womens Nightwear, Socks & Tigh",1,20,0.05,0.034869240348692404,1.4339285714285714,1.4339285714285714,False
3,section_name,Womens Casual,1,20,0.05,0.039557541572046,1.2639814814814816,1.2639814814814816,False
3,garment_group_name,"Under-, Nightwear",2,20,0.1,0.08475569555343931,1.1798617113223855,1.1798617113223855,False
3,garment_group_name,Trousers Denim,1,20,0.05,0.0430737674895612,1.1607993197278912,1.1607993197278912,False
3,product_group_name,Garment Upper body,9,20,0.45,0.38905574683173394,1.156646582564489,1.156646582564489,False
3,department_name,Blouse,1,20,0.05,0.043293531609405904,1.154906937394247,1.154906937394247,False
3,product_type_name,Blouse,1,20,0.05,0.045344663394623105,1.1026655896607431,1.1026655896607431,False
3,colour_group_name,Beige,1,20,0.05,0.04585744634092741,1.0903354632587858,1.0903354632587858,False
3,product_group_name,Accessories,2,20,0.1,0.092300930334774,1.0834126984126986,1.0834126984126986,False
3,colour_group_name,White,2,20,0.1,0.0960369203721339,1.041266209000763,1.041266209000763,False
3,garment_group_name,Accessories,2,20,0.1,0.0962566844919786,1.038888888888889,1.038888888888889,False
3,graphical_appearance_name,Solid,11,20,0.55,0.5812760969892315,0.9461940768746062,0.9461940768746062,False
3,index_group_name,Ladieswear,11,20,0.55,0.5894806241301004,0.9330247297129365,0.9330247297129365,False
3,colour_group_name,Black,5,20,0.25,0.28027250750860744,0.8919890224777836,0.8919890224777836,False
3,perceived_colour_master_name,Black,5,20,0.25,0.28173760164090544,0.8873504940197607,0.8873504940197607,False
3,product_type_name,T-shirt,1,20,0.05,0.05757819939931141,0.8683842239185751,0.8683842239185751,False
3,section_name,Womens Lingerie,1,20,0.05,0.05765145410592631,0.8672808132147396,0.8672808132147396,False
3,colour_group_name,Dark Blue,1,20,0.05,0.058970038824994506,0.847888198757764,0.847888198757764,False
3,department_name,Jersey,1,20,0.05,0.060801406490367006,0.8223493975903615,0.8223493975903615,False
3,perceived_colour_master_name,White,2,20,0.1,0.12797597245623032,0.7813966800228964,0.7813966800228964,False
3,garment_group_name,Knitwear,1,20,0.05,0.06695480184601861,0.7467724288840263,0.7467724288840263,False
3,product_group_name,Underwear,1,20,0.05,0.06768734891216761,0.7386904761904761,0.7386904761904761,False
3,perceived_colour_master_name,Grey,1,20,0.05,0.07113032012306791,0.7029351184346034,0.7029351184346034,False
3,product_type_name,Sweater,1,20,0.05,0.0791883378507069,0.6314061054579094,0.6314061054579094,False
3,garment_group_name,Jersey Fancy,2,20,0.1,0.16672771225551242,0.599780316344464,0.599780316344464,False
3,perceived_colour_master_name,Beige,1,20,0.05,0.08482895026005421,0.5894214162348878,0.5894214162348878,False
3,garment_group_name,Blouses,1,20,0.05,0.0860742802725075,0.5808936170212766,0.5808936170212766,False
3,garment_group_name,Jersey Basic,1,20,0.05,0.09003003442971211,0.5553702196908056,0.5553702196908056,False
3,section_name,Divided Collection,1,20,0.05,0.10409493809977291,0.48033075299085154,0.48033075299085154,False
3,graphical_appearance_name,All over pattern,1,20,0.05,0.10709838107098381,0.4668604651162791,0.4668604651162791,False
3,section_name,Womens Everyday Collection,1,20,0.05,0.12218885063365321,0.40920263788968825,0.40920263788968825,False
3,product_type_name,Trousers,1,20,0.05,0.1310526701340561,0.38152599217439914,0.38152599217439914,False
3,product_group_name,Garment Lower body,1,20,0.05,0.2052596879349498,0.2435938615274804,0.2435938615274804,False
3,index_group_name,Divided,1,20,0.05,0.2062119991209435,0.2424689165186501,0.2424689165186501,False
4,department_name,Kids Boy Knitwear,1,20,0.05,0.0005127829463043,97.50714285714287,97.50714285714287,False
4,product_type_name,Hat/brim,1,20,0.05,0.0013185847190682002,37.919444444444444,37.919444444444444,False
4,department_name,Men Sport Tops,1,20,0.05,0.0020511317852172,24.376785714285717,24.376785714285717,False
4,department_name,Young Boy Jersey Basic,1,20,0.05,0.0025639147315215,19.501428571428573,19.501428571428573,False
4,department_name,Shirt,3,20,0.15,0.009156838326862501,16.3812,16.3812,True
4,graphical_appearance_name,Mixed solid/pattern,1,20,0.05,0.0035162259175152005,14.219791666666667,14.219791666666667,False
4,department_name,Gloves/Hats,1,20,0.05,0.0035894806241301004,13.929591836734694,13.929591836734694,False
4,graphical_appearance_name,Application/3D,1,20,0.05,0.0040290088638195,12.410000000000002,12.410000000000002,False
4,garment_group_name,Shirts,3,20,0.15,0.012526554831147901,11.97456140350877,11.97456140350877,True
4,colour_group_name,Light Turquoise,1,20,0.05,0.0049080653431983,10.187313432835822,10.187313432835822,False
4,section_name,Contemporary Casual,2,20,0.1,0.010621932459160502,9.41448275862069,9.41448275862069,True
4,department_name,Suit jacket,1,20,0.05,0.0053475935828877,9.350000000000001,9.350000000000001,False
4,product_type_name,Pyjama set,1,20,0.05,0.0054208482895026005,9.223648648648648,9.223648648648648,False
4,department_name,Newborn,1,20,0.05,0.0055673577027324,8.98092105263158,8.98092105263158,False
4,section_name,Kids Boy,1,20,0.05,0.0056406124093473006,8.864285714285716,8.864285714285716,False
4,section_name,Men H&M Sport,1,20,0.05,0.0057871218225771,8.63987341772152,8.63987341772152,False
4,department_name,Nightwear,1,20,0.05,0.006080140649036701,8.223493975903615,8.223493975903615,False
4,product_type_name,Bodysuit,1,20,0.05,0.006299904768881401,7.936627906976745,7.936627906976745,False
4,section_name,Boys Underwear & Basics,1,20,0.05,0.006373159475496301,7.8454022988505745,7.8454022988505745,False
4,department_name,Belts,1,20,0.05,0.0066661783019559,7.500549450549451,7.500549450549451,False
4,department_name,Denim trousers,1,20,0.05,0.007984763021024101,6.261926605504587,6.261926605504587,False
4,product_type_name,Belt,1,20,0.05,0.0082045271408688,6.094196428571429,6.094196428571429,False
4,section_name,Denim Men,1,20,0.05,0.0085708006739433,5.833760683760684,5.833760683760684,False
4,colour_group_name,Orange,1,20,0.05,0.008790564793788001,5.687916666666666,5.687916666666666,False
4,perceived_colour_master_name,Turquoise,1,20,0.05,0.009230093033477401,5.417063492063492,5.417063492063492,False
4,product_group_name,Nightwear,1,20,0.05,0.009669621273166801,5.170833333333333,5.170833333333333,False
4,section_name,Womens Big accessories,2,20,0.1,0.019925280199252802,5.018750000000001,5.018750000000001,False
4,product_type_name,Shirt,3,20,0.15,0.031646033257636805,4.7399305555555555,4.7399305555555555,False
4,graphical_appearance_name,Other structure,2,20,0.1,0.022855468463848803,4.375320512820513,4.375320512820513,False
4,colour_group_name,Dark Red,1,20,0.05,0.0128195736576075,3.900285714285715,3.900285714285715,False
4,garment_group_name,Dressed,1,20,0.05,0.013112592484067102,3.813128491620112,3.813128491620112,False
4,product_type_name,Blazer,1,20,0.05,0.014211413083290601,3.5182989690721653,3.5182989690721653,False
4,colour_group_name,Blue,2,20,0.1,0.033330891509779505,3.0002197802197803,3.0002197802197803,False
4,product_type_name,Swimwear bottom,1,20,0.05,0.016702073108197203,2.993640350877193,2.993640350877193,False
4,product_type_name,Bikini top,1,20,0.05,0.0171416013478866,2.916880341880342,2.916880341880342,False
4,department_name,Casual Lingerie,1,20,0.05,0.017581129587576003,2.843958333333333,2.843958333333333,False
4,section_name,Baby Essentials & Complements,1,20,0.05,0.017727639000805803,2.8204545454545453,2.8204545454545453,False
4,department_name,Dress,2,20,0.1,0.035894806241301,2.785918367346939,2.785918367346939,False
4,section_name,Contemporary Smart,1,20,0.05,0.0180206578272654,2.7745934959349596,2.7745934959349596,False
4,colour_group_name,Light Pink,2,20,0.1,0.036773862720679805,2.7193227091633467,2.7193227091633467,False
4,colour_group_name,Dark Green,1,20,0.05,0.018533440773569703,2.6978260869565216,2.6978260869565216,False
4,section_name,"Womens Swimwear, beachwear",2,20,0.1,0.0374331550802139,2.6714285714285717,2.6714285714285717,False
4,colour_group_name,Yellowish Brown,1,20,0.05,0.0187532048934144,2.6662109375000003,2.6662109375000003,False
4,garment_group_name,Swimwear,2,20,0.1,0.038531975679437405,2.5952471482889736,2.5952471482889736,False
4,department_name,Swimwear,2,20,0.1,0.038531975679437405,2.5952471482889736,2.5952471482889736,False
4,product_group_name,Swimwear,2,20,0.1,0.0397773056918907,2.513996316758748,2.513996316758748,False
4,product_type_name,Hoodie,1,20,0.05,0.0206578272654018,2.420390070921986,2.420390070921986,False
4,department_name,Dresses,1,20,0.05,0.021024100798476303,2.3782229965156794,2.3782229965156794,False
4,garment_group_name,Dresses Ladies,3,20,0.15,0.06651527360632921,2.2551211453744493,2.2551211453744493,False
4,index_group_name,Baby/Children,3,20,0.15,0.06680829243278881,2.2452302631578944,2.2452302631578944,False
4,graphical_appearance_name,Check,1,20,0.05,0.023001977877078604,2.1737261146496816,2.1737261146496816,False
4,perceived_colour_master_name,Red,1,20,0.05,0.0232217419969233,2.1531545741324924,2.1531545741324924,False
4,section_name,Mama,1,20,0.05,0.023294996703538202,2.1463836477987424,2.1463836477987424,False
4,graphical_appearance_name,Denim,3,20,0.15,0.074719800747198,2.0075000000000003,2.0075000000000003,False
4,index_group_name,Menswear,4,20,0.2,0.10438795692623251,1.9159298245614036,1.9159298245614036,False
4,perceived_colour_master_name,Brown,1,20,0.05,0.026151930261519303,1.911904761904762,1.911904761904762,False
4,colour_group_name,Light Blue,1,20,0.05,0.026957732034283203,1.8547554347826087,1.8547554347826087,False
4,perceived_colour_master_name,Orange,1,20,0.05,0.0273972602739726,1.8250000000000002,1.8250000000000002,False
4,perceived_colour_master_name,Green,1,20,0.05,0.027910043220276903,1.7914698162729659,1.7914698162729659,False
4,product_type_name,Dress,4,20,0.2,0.11750054941029961,1.70211970074813,1.70211970074813,False
4,perceived_colour_master_name,Blue,4,20,0.2,0.11933191707567212,1.6759975445058317,1.6759975445058317,False
4,colour_group_name,Grey,1,20,0.05,0.031059995604717602,1.6097877358490567,1.6097877358490567,False
4,product_type_name,Underwear bottom,1,20,0.05,0.031133250311332503,1.606,1.606,False
4,section_name,Womens Tailoring,2,20,0.1,0.06343857592850341,1.5763279445727483,1.5763279445727483,False
4,product_group_name,Garment Full body,4,20,0.2,0.1304666324811369,1.5329590117911287,1.5329590117911287,False
4,index_group_name,Sport,1,20,0.05,0.033111127389934804,1.510066371681416,1.510066371681416,False
4,perceived_colour_master_name,Pink,2,20,0.1,0.06702805655263351,1.4919125683060108,1.4919125683060108,False
4,garment_group_name,Outdoor,1,20,0.05,0.033697165042854006,1.483804347826087,1.483804347826087,False
4,section_name,"Womens Nightwear, Socks & Tigh",1,20,0.05,0.034869240348692404,1.4339285714285714,1.4339285714285714,False
4,section_name,Womens Casual,1,20,0.05,0.039557541572046,1.2639814814814816,1.2639814814814816,False
4,garment_group_name,"Under-, Nightwear",2,20,0.1,0.08475569555343931,1.1798617113223855,1.1798617113223855,False
4,garment_group_name,Trousers Denim,1,20,0.05,0.0430737674895612,1.1607993197278912,1.1607993197278912,False
4,product_group_name,Garment Upper body,9,20,0.45,0.38905574683173394,1.156646582564489,1.156646582564489,False
4,department_name,Blouse,1,20,0.05,0.043293531609405904,1.154906937394247,1.154906937394247,False
4,product_type_name,Blouse,1,20,0.05,0.045344663394623105,1.1026655896607431,1.1026655896607431,False
4,colour_group_name,Beige,1,20,0.05,0.04585744634092741,1.0903354632587858,1.0903354632587858,False
4,product_group_name,Accessories,2,20,0.1,0.092300930334774,1.0834126984126986,1.0834126984126986,False
4,colour_group_name,White,2,20,0.1,0.0960369203721339,1.041266209000763,1.041266209000763,False
4,garment_group_name,Accessories,2,20,0.1,0.0962566844919786,1.038888888888889,1.038888888888889,False
4,graphical_appearance_name,Solid,11,20,0.55,0.5812760969892315,0.9461940768746062,0.9461940768746062,False
4,index_group_name,Ladieswear,11,20,0.55,0.5894806241301004,0.9330247297129365,0.9330247297129365,False
4,colour_group_name,Black,5,20,0.25,0.28027250750860744,0.8919890224777836,0.8919890224777836,False
4,perceived_colour_master_name,Black,5,20,0.25,0.28173760164090544,0.8873504940197607,0.8873504940197607,False
4,product_type_name,T-shirt,1,20,0.05,0.05757819939931141,0.8683842239185751,0.8683842239185751,False
4,section_name,Womens Lingerie,1,20,0.05,0.05765145410592631,0.8672808132147396,0.8672808132147396,False
4,colour_group_name,Dark Blue,1,20,0.05,0.058970038824994506,0.847888198757764,0.847888198757764,False
4,department_name,Jersey,1,20,0.05,0.060801406490367006,0.8223493975903615,0.8223493975903615,False
4,perceived_colour_master_name,White,2,20,0.1,0.12797597245623032,0.7813966800228964,0.7813966800228964,False
4,garment_group_name,Knitwear,1,20,0.05,0.06695480184601861,0.7467724288840263,0.7467724288840263,False
4,product_group_name,Underwear,1,20,0.05,0.06768734891216761,0.7386904761904761,0.7386904761904761,False
4,perceived_colour_master_name,Grey,1,20,0.05,0.07113032012306791,0.7029351184346034,0.7029351184346034,False
4,product_type_name,Sweater,1,20,0.05,0.0791883378507069,0.6314061054579094,0.6314061054579094,False
4,garment_group_name,Jersey Fancy,2,20,0.1,0.16672771225551242,0.599780316344464,0.599780316344464,False
4,perceived_colour_master_name,Beige,1,20,0.05,0.08482895026005421,0.5894214162348878,0.5894214162348878,False
4,garment_group_name,Blouses,1,20,0.05,0.0860742802725075,0.5808936170212766,0.5808936170212766,False
4,garment_group_name,Jersey Basic,1,20,0.05,0.09003003442971211,0.5553702196908056,0.5553702196908056,False
4,section_name,Divided Collection,1,20,0.05,0.10409493809977291,0.48033075299085154,0.48033075299085154,False
4,graphical_appearance_name,All over pattern,1,20,0.05,0.10709838107098381,0.4668604651162791,0.4668604651162791,False
4,section_name,Womens Everyday Collection,1,20,0.05,0.12218885063365321,0.40920263788968825,0.40920263788968825,False
4,product_type_name,Trousers,1,20,0.05,0.1310526701340561,0.38152599217439914,0.38152599217439914,False
4,product_group_name,Garment Lower body,1,20,0.05,0.2052596879349498,0.2435938615274804,0.2435938615274804,False
4,index_group_name,Divided,1,20,0.05,0.2062119991209435,0.2424689165186501,0.2424689165186501,False
5,department_name,Kids Boy Knitwear,1,20,0.05,0.0005127829463043,97.50714285714287,97.50714285714287,False
5,department_name,Young Girl UW/NW,1,20,0.05,0.0011720753058384,42.659375000000004,42.659375000000004,False
5,product_type_name,Hat/brim,1,20,0.05,0.0013185847190682002,37.919444444444444,37.919444444444444,False
5,department_name,Men Sport Tops,1,20,0.05,0.0020511317852172,24.376785714285717,24.376785714285717,False
5,product_type_name,Pyjama set,2,20,0.1,0.0054208482895026005,18.447297297297297,18.447297297297297,True
5,graphical_appearance_name,Mixed solid/pattern,1,20,0.05,0.0035162259175152005,14.219791666666667,14.219791666666667,False
5,department_name,Gloves/Hats,1,20,0.05,0.0035894806241301004,13.929591836734694,13.929591836734694,False
5,graphical_appearance_name,Treatment,1,20,0.05,0.003955754157204601,12.639814814814814,12.639814814814814,False
5,department_name,Baby basics,1,20,0.05,0.0042487729836642,11.768103448275864,11.768103448275864,False
5,department_name,Other items,1,20,0.05,0.0042487729836642,11.768103448275864,11.768103448275864,False
5,product_group_name,Nightwear,2,20,0.1,0.009669621273166801,10.341666666666667,10.341666666666667,True
5,section_name,Girls Underwear & Basics,1,20,0.05,0.004834810636583401,10.341666666666667,10.341666666666667,False
5,product_type_name,Garment Set,1,20,0.05,0.005127829463043,9.750714285714286,9.750714285714286,False
5,section_name,Kids Boy,1,20,0.05,0.0056406124093473006,8.864285714285716,8.864285714285716,False
5,section_name,Men H&M Sport,1,20,0.05,0.0057871218225771,8.63987341772152,8.63987341772152,False
5,department_name,Nightwear,1,20,0.05,0.006080140649036701,8.223493975903615,8.223493975903615,False
5,department_name,Functional Lingerie,1,20,0.05,0.006373159475496301,7.8454022988505745,7.8454022988505745,False
5,product_type_name,Other accessories,1,20,0.05,0.006959197128415501,7.184736842105264,7.184736842105264,False
5,department_name,Denim trousers,1,20,0.05,0.007984763021024101,6.261926605504587,6.261926605504587,False
5,section_name,Denim Men,1,20,0.05,0.0085708006739433,5.833760683760684,5.833760683760684,False
5,colour_group_name,Orange,1,20,0.05,0.008790564793788001,5.687916666666666,5.687916666666666,False
5,colour_group_name,Grey,3,20,0.15,0.031059995604717602,4.8293632075471695,4.8293632075471695,True
5,colour_group_name,Yellow,1,20,0.05,0.011354479525309501,4.403548387096774,4.403548387096774,False
5,graphical_appearance_name,Other structure,2,20,0.1,0.022855468463848803,4.375320512820513,4.375320512820513,False
5,department_name,Skirt,1,20,0.05,0.011647498351769101,4.292767295597485,4.292767295597485,False
5,department_name,Dress,3,20,0.15,0.035894806241301,4.178877551020408,4.178877551020408,False
5,graphical_appearance_name,Lace,1,20,0.05,0.012673064244377702,3.9453757225433526,3.9453757225433526,False
5,perceived_colour_master_name,Orange,2,20,0.1,0.0273972602739726,3.6500000000000004,3.6500000000000004,False
5,section_name,Womens Jackets,1,20,0.05,0.0136986301369863,3.6500000000000004,3.6500000000000004,False
5,product_type_name,Earring,1,20,0.05,0.014724196029594901,3.395771144278607,3.395771144278607,False
5,colour_group_name,Light Orange,1,20,0.05,0.014724196029594901,3.395771144278607,3.395771144278607,False
5,department_name,Outwear,1,20,0.05,0.0150172148560545,3.3295121951219517,3.3295121951219517,False
5,colour_group_name,Blue,2,20,0.1,0.033330891509779505,3.0002197802197803,3.0002197802197803,False
5,product_type_name,Swimwear bottom,1,20,0.05,0.016702073108197203,2.993640350877193,2.993640350877193,False
5,garment_group_name,Outdoor,2,20,0.1,0.033697165042854006,2.967608695652174,2.967608695652174,False
5,product_type_name,Bikini top,1,20,0.05,0.0171416013478866,2.916880341880342,2.916880341880342,False
5,section_name,Baby Essentials & Complements,1,20,0.05,0.017727639000805803,2.8204545454545453,2.8204545454545453,False
5,perceived_colour_master_name,Grey,4,20,0.2,0.07113032012306791,2.8117404737384137,2.8117404737384137,False
5,section_name,"Womens Swimwear, beachwear",2,20,0.1,0.0374331550802139,2.6714285714285717,2.6714285714285717,False
5,colour_group_name,Yellowish Brown,1,20,0.05,0.0187532048934144,2.6662109375000003,2.6662109375000003,False
5,garment_group_name,Swimwear,2,20,0.1,0.038531975679437405,2.5952471482889736,2.5952471482889736,False
5,department_name,Swimwear,2,20,0.1,0.038531975679437405,2.5952471482889736,2.5952471482889736,False
5,garment_group_name,Skirts,1,20,0.05,0.0195590066661783,2.556367041198502,2.556367041198502,False
5,product_group_name,Swimwear,2,20,0.1,0.0397773056918907,2.513996316758748,2.513996316758748,False
5,section_name,Womens Big accessories,1,20,0.05,0.019925280199252802,2.5093750000000004,2.5093750000000004,False
5,product_type_name,Hoodie,1,20,0.05,0.0206578272654018,2.420390070921986,2.420390070921986,False
5,colour_group_name,Pink,1,20,0.05,0.021024100798476303,2.3782229965156794,2.3782229965156794,False
5,colour_group_name,Gold,1,20,0.05,0.021829902571240203,2.290436241610738,2.290436241610738,False
5,garment_group_name,Dresses Ladies,3,20,0.15,0.06651527360632921,2.2551211453744493,2.2551211453744493,False
5,index_group_name,Baby/Children,3,20,0.15,0.06680829243278881,2.2452302631578944,2.2452302631578944,False
5,perceived_colour_master_name,Yellow,1,20,0.05,0.022635704344004103,2.2088996763754047,2.2088996763754047,False
5,colour_group_name,Beige,2,20,0.1,0.04585744634092741,2.1806709265175717,2.1806709265175717,False
5,department_name,Jewellery,1,20,0.05,0.0230752325836935,2.166825396825397,2.166825396825397,False
5,section_name,Mama,1,20,0.05,0.023294996703538202,2.1463836477987424,2.1463836477987424,False
5,section_name,Womens Small accessories,2,20,0.1,0.0514248040436598,1.9445868945868947,1.9445868945868947,False
5,product_group_name,Garment Full body,5,20,0.25,0.1304666324811369,1.9161987647389107,1.9161987647389107,False
5,perceived_colour_master_name,Brown,1,20,0.05,0.026151930261519303,1.911904761904762,1.911904761904762,False
5,graphical_appearance_name,All over pattern,4,20,0.2,0.10709838107098381,1.8674418604651164,1.8674418604651164,False
5,perceived_colour_master_name,Green,1,20,0.05,0.027910043220276903,1.7914698162729659,1.7914698162729659,False
5,garment_group_name,"Under-, Nightwear",3,20,0.15,0.08475569555343931,1.7697925669835781,1.7697925669835781,False
5,product_type_name,Dress,4,20,0.2,0.11750054941029961,1.70211970074813,1.70211970074813,False
5,colour_group_name,Dark Grey,1,20,0.05,0.029375137352574902,1.70211970074813,1.70211970074813,False
5,perceived_colour_master_name,Metal,1,20,0.05,0.030254193831953703,1.6526634382566587,1.6526634382566587,False
5,product_group_name,Accessories,3,20,0.15,0.092300930334774,1.6251190476190476,1.6251190476190476,False
5,graphical_appearance_name,Melange,2,20,0.1,0.0617537176763607,1.6193357058125744,1.6193357058125744,False
5,product_type_name,Jacket,1,20,0.05,0.0312797597245623,1.5984777517564404,1.5984777517564404,False
5,section_name,Womens Tailoring,2,20,0.1,0.06343857592850341,1.5763279445727483,1.5763279445727483,False
5,garment_group_name,Accessories,3,20,0.15,0.0962566844919786,1.5583333333333333,1.5583333333333333,False
5,product_type_name,Bra,1,20,0.05,0.0326715991502454,1.5303811659192827,1.5303811659192827,False
5,index_group_name,Sport,1,20,0.05,0.033111127389934804,1.510066371681416,1.510066371681416,False
5,product_type_name,Skirt,1,20,0.05,0.033404146216394405,1.4968201754385966,1.4968201754385966,False
5,perceived_colour_master_name,Pink,2,20,0.1,0.06702805655263351,1.4919125683060108,1.4919125683060108,False
5,section_name,"Womens Nightwear, Socks & Tigh",1,20,0.05,0.034869240348692404,1.4339285714285714,1.4339285714285714,False
5,colour_group_name,Light Pink,1,20,0.05,0.036773862720679805,1.3596613545816734,1.3596613545816734,False
5,index_group_name,Ladieswear,15,20,0.75,0.5894806241301004,1.2723064496085497,1.2723064496085497,False
5,section_name,Womens Casual,1,20,0.05,0.039557541572046,1.2639814814814816,1.2639814814814816,False
5,section_name,Womens Everyday Collection,3,20,0.15,0.12218885063365321,1.2276079136690647,1.2276079136690647,False
5,perceived_colour_master_name,Beige,2,20,0.1,0.08482895026005421,1.1788428324697755,1.1788428324697755,False
5,garment_group_name,Trousers Denim,1,20,0.05,0.0430737674895612,1.1607993197278912,1.1607993197278912,False
5,department_name,Blouse,1,20,0.05,0.043293531609405904,1.154906937394247,1.154906937394247,False
5,department_name,Trouser,1,20,0.05,0.0446121163284741,1.1207717569786537,1.1207717569786537,False
5,product_type_name,Blouse,1,20,0.05,0.045344663394623105,1.1026655896607431,1.1026655896607431,False
5,section_name,Womens Lingerie,1,20,0.05,0.05765145410592631,0.8672808132147396,0.8672808132147396,False
5,perceived_colour_master_name,Blue,2,20,0.1,0.11933191707567212,0.8379987722529159,0.8379987722529159,False
5,department_name,Jersey,1,20,0.05,0.060801406490367006,0.8223493975903615,0.8223493975903615,False
5,product_type_name,Trousers,2,20,0.1,0.1310526701340561,0.7630519843487983,0.7630519843487983,False
5,garment_group_name,Knitwear,1,20,0.05,0.06695480184601861,0.7467724288840263,0.7467724288840263,False
5,product_group_name,Underwear,1,20,0.05,0.06768734891216761,0.7386904761904761,0.7386904761904761,False
5,product_group_name,Garment Lower body,3,20,0.15,0.2052596879349498,0.7307815845824411,0.7307815845824411,False
5,colour_group_name,Black,4,20,0.2,0.28027250750860744,0.7135912179822269,0.7135912179822269,False
5,graphical_appearance_name,Solid,8,20,0.4,0.5812760969892315,0.6881411468178954,0.6881411468178954,False
5,graphical_appearance_name,Denim,1,20,0.05,0.074719800747198,0.6691666666666668,0.6691666666666668,False
5,product_type_name,Sweater,1,20,0.05,0.0791883378507069,0.6314061054579094,0.6314061054579094,False
5,garment_group_name,Trousers,1,20,0.05,0.0825580543549923,0.6056344276841171,0.6056344276841171,False
5,garment_group_name,Blouses,1,20,0.05,0.0860742802725075,0.5808936170212766,0.5808936170212766,False
5,garment_group_name,Jersey Basic,1,20,0.05,0.09003003442971211,0.5553702196908056,0.5553702196908056,False
5,perceived_colour_master_name,Black,3,20,0.15,0.28173760164090544,0.5324102964118564,0.5324102964118564,False
5,colour_group_name,White,1,20,0.05,0.0960369203721339,0.5206331045003815,0.5206331045003815,False
5,product_group_name,Garment Upper body,4,20,0.2,0.38905574683173394,0.5140651478064395,0.5140651478064395,False
5,index_group_name,Menswear,1,20,0.05,0.10438795692623251,0.4789824561403509,0.4789824561403509,False
5,perceived_colour_master_name,White,1,20,0.05,0.12797597245623032,0.3906983400114482,0.3906983400114482,False
5,garment_group_name,Jersey Fancy,1,20,0.05,0.16672771225551242,0.299890158172232,0.299890158172232,False
6,department_name,Kids Boy Knitwear,1,20,0.05,0.0005127829463043,97.50714285714287,97.50714285714287,False
6,department_name,Young Girl UW/NW,1,20,0.05,0.0011720753058384,42.659375000000004,42.659375000000004,False
6,product_type_name,Hat/brim,1,20,0.05,0.0013185847190682002,37.919444444444444,37.919444444444444,False
6,department_name,Men Sport Tops,1,20,0.05,0.0020511317852172,24.376785714285717,24.376785714285717,False
6,product_type_name,Pyjama set,2,20,0.1,0.0054208482895026005,18.447297297297297,18.447297297297297,True
6,graphical_appearance_name,Mixed solid/pattern,1,20,0.05,0.0035162259175152005,14.219791666666667,14.219791666666667,False
6,department_name,Gloves/Hats,1,20,0.05,0.0035894806241301004,13.929591836734694,13.929591836734694,False
6,graphical_appearance_name,Treatment,1,20,0.05,0.003955754157204601,12.639814814814814,12.639814814814814,False
6,department_name,Baby basics,1,20,0.05,0.0042487729836642,11.768103448275864,11.768103448275864,False
6,department_name,Other items,1,20,0.05,0.0042487729836642,11.768103448275864,11.768103448275864,False
6,product_group_name,Nightwear,2,20,0.1,0.009669621273166801,10.341666666666667,10.341666666666667,True
6,section_name,Girls Underwear & Basics,1,20,0.05,0.004834810636583401,10.341666666666667,10.341666666666667,False
6,product_type_name,Garment Set,1,20,0.05,0.005127829463043,9.750714285714286,9.750714285714286,False
6,section_name,Kids Boy,1,20,0.05,0.0056406124093473006,8.864285714285716,8.864285714285716,False
6,section_name,Men H&M Sport,1,20,0.05,0.0057871218225771,8.63987341772152,8.63987341772152,False
6,department_name,Nightwear,1,20,0.05,0.006080140649036701,8.223493975903615,8.223493975903615,False
6,department_name,Functional Lingerie,1,20,0.05,0.006373159475496301,7.8454022988505745,7.8454022988505745,False
6,product_type_name,Other accessories,1,20,0.05,0.006959197128415501,7.184736842105264,7.184736842105264,False
6,department_name,Denim trousers,1,20,0.05,0.007984763021024101,6.261926605504587,6.261926605504587,False
6,section_name,Denim Men,1,20,0.05,0.0085708006739433,5.833760683760684,5.833760683760684,False
6,colour_group_name,Orange,1,20,0.05,0.008790564793788001,5.687916666666666,5.687916666666666,False
6,colour_group_name,Grey,3,20,0.15,0.031059995604717602,4.8293632075471695,4.8293632075471695,True
6,colour_group_name,Yellow,1,20,0.05,0.011354479525309501,4.403548387096774,4.403548387096774,False
6,graphical_appearance_name,Other structure,2,20,0.1,0.022855468463848803,4.375320512820513,4.375320512820513,False
6,department_name,Skirt,1,20,0.05,0.011647498351769101,4.292767295597485,4.292767295597485,False
6,department_name,Dress,3,20,0.15,0.035894806241301,4.178877551020408,4.178877551020408,False
6,graphical_appearance_name,Lace,1,20,0.05,0.012673064244377702,3.9453757225433526,3.9453757225433526,False
6,perceived_colour_master_name,Orange,2,20,0.1,0.0273972602739726,3.6500000000000004,3.6500000000000004,False
6,section_name,Womens Jackets,1,20,0.05,0.0136986301369863,3.6500000000000004,3.6500000000000004,False
6,product_type_name,Earring,1,20,0.05,0.014724196029594901,3.395771144278607,3.395771144278607,False
6,colour_group_name,Light Orange,1,20,0.05,0.014724196029594901,3.395771144278607,3.395771144278607,False
6,department_name,Outwear,1,20,0.05,0.0150172148560545,3.3295121951219517,3.3295121951219517,False
6,colour_group_name,Blue,2,20,0.1,0.033330891509779505,3.0002197802197803,3.0002197802197803,False
6,product_type_name,Swimwear bottom,1,20,0.05,0.016702073108197203,2.993640350877193,2.993640350877193,False
6,garment_group_name,Outdoor,2,20,0.1,0.033697165042854006,2.967608695652174,2.967608695652174,False
6,product_type_name,Bikini top,1,20,0.05,0.0171416013478866,2.916880341880342,2.916880341880342,False
6,section_name,Baby Essentials & Complements,1,20,0.05,0.017727639000805803,2.8204545454545453,2.8204545454545453,False
6,perceived_colour_master_name,Grey,4,20,0.2,0.07113032012306791,2.8117404737384137,2.8117404737384137,False
6,section_name,"Womens Swimwear, beachwear",2,20,0.1,0.0374331550802139,2.6714285714285717,2.6714285714285717,False
6,colour_group_name,Yellowish Brown,1,20,0.05,0.0187532048934144,2.6662109375000003,2.6662109375000003,False
6,garment_group_name,Swimwear,2,20,0.1,0.038531975679437405,2.5952471482889736,2.5952471482889736,False
6,department_name,Swimwear,2,20,0.1,0.038531975679437405,2.5952471482889736,2.5952471482889736,False
6,garment_group_name,Skirts,1,20,0.05,0.0195590066661783,2.556367041198502,2.556367041198502,False
6,product_group_name,Swimwear,2,20,0.1,0.0397773056918907,2.513996316758748,2.513996316758748,False
6,section_name,Womens Big accessories,1,20,0.05,0.019925280199252802,2.5093750000000004,2.5093750000000004,False
6,product_type_name,Hoodie,1,20,0.05,0.0206578272654018,2.420390070921986,2.420390070921986,False
6,colour_group_name,Pink,1,20,0.05,0.021024100798476303,2.3782229965156794,2.3782229965156794,False
6,colour_group_name,Gold,1,20,0.05,0.021829902571240203,2.290436241610738,2.290436241610738,False
6,garment_group_name,Dresses Ladies,3,20,0.15,0.06651527360632921,2.2551211453744493,2.2551211453744493,False
6,index_group_name,Baby/Children,3,20,0.15,0.06680829243278881,2.2452302631578944,2.2452302631578944,False
6,perceived_colour_master_name,Yellow,1,20,0.05,0.022635704344004103,2.2088996763754047,2.2088996763754047,False
6,colour_group_name,Beige,2,20,0.1,0.04585744634092741,2.1806709265175717,2.1806709265175717,False
6,department_name,Jewellery,1,20,0.05,0.0230752325836935,2.166825396825397,2.166825396825397,False
6,section_name,Mama,1,20,0.05,0.023294996703538202,2.1463836477987424,2.1463836477987424,False
6,section_name,Womens Small accessories,2,20,0.1,0.0514248040436598,1.9445868945868947,1.9445868945868947,False
6,product_group_name,Garment Full body,5,20,0.25,0.1304666324811369,1.9161987647389107,1.9161987647389107,False
6,perceived_colour_master_name,Brown,1,20,0.05,0.026151930261519303,1.911904761904762,1.911904761904762,False
6,graphical_appearance_name,All over pattern,4,20,0.2,0.10709838107098381,1.8674418604651164,1.8674418604651164,False
6,perceived_colour_master_name,Green,1,20,0.05,0.027910043220276903,1.7914698162729659,1.7914698162729659,False
6,garment_group_name,"Under-, Nightwear",3,20,0.15,0.08475569555343931,1.7697925669835781,1.7697925669835781,False
6,product_type_name,Dress,4,20,0.2,0.11750054941029961,1.70211970074813,1.70211970074813,False
6,colour_group_name,Dark Grey,1,20,0.05,0.029375137352574902,1.70211970074813,1.70211970074813,False
6,perceived_colour_master_name,Metal,1,20,0.05,0.030254193831953703,1.6526634382566587,1.6526634382566587,False
6,product_group_name,Accessories,3,20,0.15,0.092300930334774,1.6251190476190476,1.6251190476190476,False
6,graphical_appearance_name,Melange,2,20,0.1,0.0617537176763607,1.6193357058125744,1.6193357058125744,False
6,product_type_name,Jacket,1,20,0.05,0.0312797597245623,1.5984777517564404,1.5984777517564404,False
6,section_name,Womens Tailoring,2,20,0.1,0.06343857592850341,1.5763279445727483,1.5763279445727483,False
6,garment_group_name,Accessories,3,20,0.15,0.0962566844919786,1.5583333333333333,1.5583333333333333,False
6,product_type_name,Bra,1,20,0.05,0.0326715991502454,1.5303811659192827,1.5303811659192827,False
6,index_group_name,Sport,1,20,0.05,0.033111127389934804,1.510066371681416,1.510066371681416,False
6,product_type_name,Skirt,1,20,0.05,0.033404146216394405,1.4968201754385966,1.4968201754385966,False
6,perceived_colour_master_name,Pink,2,20,0.1,0.06702805655263351,1.4919125683060108,1.4919125683060108,False
6,section_name,"Womens Nightwear, Socks & Tigh",1,20,0.05,0.034869240348692404,1.4339285714285714,1.4339285714285714,False
6,colour_group_name,Light Pink,1,20,0.05,0.036773862720679805,1.3596613545816734,1.3596613545816734,False
6,index_group_name,Ladieswear,15,20,0.75,0.5894806241301004,1.2723064496085497,1.2723064496085497,False
6,section_name,Womens Casual,1,20,0.05,0.039557541572046,1.2639814814814816,1.2639814814814816,False
6,section_name,Womens Everyday Collection,3,20,0.15,0.12218885063365321,1.2276079136690647,1.2276079136690647,False
6,perceived_colour_master_name,Beige,2,20,0.1,0.08482895026005421,1.1788428324697755,1.1788428324697755,False
6,garment_group_name,Trousers Denim,1,20,0.05,0.0430737674895612,1.1607993197278912,1.1607993197278912,False
6,department_name,Blouse,1,20,0.05,0.043293531609405904,1.154906937394247,1.154906937394247,False
6,department_name,Trouser,1,20,0.05,0.0446121163284741,1.1207717569786537,1.1207717569786537,False
6,product_type_name,Blouse,1,20,0.05,0.045344663394623105,1.1026655896607431,1.1026655896607431,False
6,section_name,Womens Lingerie,1,20,0.05,0.05765145410592631,0.8672808132147396,0.8672808132147396,False
6,perceived_colour_master_name,Blue,2,20,0.1,0.11933191707567212,0.8379987722529159,0.8379987722529159,False
6,department_name,Jersey,1,20,0.05,0.060801406490367006,0.8223493975903615,0.8223493975903615,False
6,product_type_name,Trousers,2,20,0.1,0.1310526701340561,0.7630519843487983,0.7630519843487983,False
6,garment_group_name,Knitwear,1,20,0.05,0.06695480184601861,0.7467724288840263,0.7467724288840263,False
6,product_group_name,Underwear,1,20,0.05,0.06768734891216761,0.7386904761904761,0.7386904761904761,False
6,product_group_name,Garment Lower body,3,20,0.15,0.2052596879349498,0.7307815845824411,0.7307815845824411,False
6,colour_group_name,Black,4,20,0.2,0.28027250750860744,0.7135912179822269,0.7135912179822269,False
6,graphical_appearance_name,Solid,8,20,0.4,0.5812760969892315,0.6881411468178954,0.6881411468178954,False
6,graphical_appearance_name,Denim,1,20,0.05,0.074719800747198,0.6691666666666668,0.6691666666666668,False
6,product_type_name,Sweater,1,20,0.05,0.0791883378507069,0.6314061054579094,0.6314061054579094,False
6,garment_group_name,Trousers,1,20,0.05,0.0825580543549923,0.6056344276841171,0.6056344276841171,False
6,garment_group_name,Blouses,1,20,0.05,0.0860742802725075,0.5808936170212766,0.5808936170212766,False
6,garment_group_name,Jersey Basic,1,20,0.05,0.09003003442971211,0.5553702196908056,0.5553702196908056,False
6,perceived_colour_master_name,Black,3,20,0.15,0.28173760164090544,0.5324102964118564,0.5324102964118564,False
6,colour_group_name,White,1,20,0.05,0.0960369203721339,0.5206331045003815,0.5206331045003815,False
6,product_group_name,Garment Upper body,4,20,0.2,0.38905574683173394,0.5140651478064395,0.5140651478064395,False
6,index_group_name,Menswear,1,20,0.05,0.10438795692623251,0.4789824561403509,0.4789824561403509,False
6,perceived_colour_master_name,White,1,20,0.05,0.12797597245623032,0.3906983400114482,0.3906983400114482,False
6,garment_group_name,Jersey Fancy,1,20,0.05,0.16672771225551242,0.299890158172232,0.299890158172232,False
7,department_name,Kids Boy Knitwear,1,20,0.05,0.0005127829463043,97.50714285714287,97.50714285714287,False
7,department_name,Young Girl UW/NW,1,20,0.05,0.0011720753058384,42.659375000000004,42.659375000000004,False
7,product_type_name,Hat/brim,1,20,0.05,0.0013185847190682002,37.919444444444444,37.919444444444444,False
7,department_name,Men Sport Tops,1,20,0.05,0.0020511317852172,24.376785714285717,24.376785714285717,False
7,product_type_name,Pyjama set,2,20,0.1,0.0054208482895026005,18.447297297297297,18.447297297297297,True
7,graphical_appearance_name,Mixed solid/pattern,1,20,0.05,0.0035162259175152005,14.219791666666667,14.219791666666667,False
7,department_name,Gloves/Hats,1,20,0.05,0.0035894806241301004,13.929591836734694,13.929591836734694,False
7,graphical_appearance_name,Treatment,1,20,0.05,0.003955754157204601,12.639814814814814,12.639814814814814,False
7,department_name,Baby basics,1,20,0.05,0.0042487729836642,11.768103448275864,11.768103448275864,False
7,department_name,Other items,1,20,0.05,0.0042487729836642,11.768103448275864,11.768103448275864,False
7,product_group_name,Nightwear,2,20,0.1,0.009669621273166801,10.341666666666667,10.341666666666667,True
7,section_name,Girls Underwear & Basics,1,20,0.05,0.004834810636583401,10.341666666666667,10.341666666666667,False
7,product_type_name,Garment Set,1,20,0.05,0.005127829463043,9.750714285714286,9.750714285714286,False
7,section_name,Kids Boy,1,20,0.05,0.0056406124093473006,8.864285714285716,8.864285714285716,False
7,section_name,Men H&M Sport,1,20,0.05,0.0057871218225771,8.63987341772152,8.63987341772152,False
7,department_name,Nightwear,1,20,0.05,0.006080140649036701,8.223493975903615,8.223493975903615,False
7,department_name,Functional Lingerie,1,20,0.05,0.006373159475496301,7.8454022988505745,7.8454022988505745,False
7,product_type_name,Other accessories,1,20,0.05,0.006959197128415501,7.184736842105264,7.184736842105264,False
7,department_name,Denim trousers,1,20,0.05,0.007984763021024101,6.261926605504587,6.261926605504587,False
7,section_name,Denim Men,1,20,0.05,0.0085708006739433,5.833760683760684,5.833760683760684,False
7,colour_group_name,Orange,1,20,0.05,0.008790564793788001,5.687916666666666,5.687916666666666,False
7,colour_group_name,Grey,3,20,0.15,0.031059995604717602,4.8293632075471695,4.8293632075471695,True
7,colour_group_name,Yellow,1,20,0.05,0.011354479525309501,4.403548387096774,4.403548387096774,False
7,graphical_appearance_name,Other structure,2,20,0.1,0.022855468463848803,4.375320512820513,4.375320512820513,False
7,department_name,Skirt,1,20,0.05,0.011647498351769101,4.292767295597485,4.292767295597485,False
7,department_name,Dress,3,20,0.15,0.035894806241301,4.178877551020408,4.178877551020408,False
7,graphical_appearance_name,Lace,1,20,0.05,0.012673064244377702,3.9453757225433526,3.9453757225433526,False
7,perceived_colour_master_name,Orange,2,20,0.1,0.0273972602739726,3.6500000000000004,3.6500000000000004,False
7,section_name,Womens Jackets,1,20,0.05,0.0136986301369863,3.6500000000000004,3.6500000000000004,False
7,product_type_name,Earring,1,20,0.05,0.014724196029594901,3.395771144278607,3.395771144278607,False
7,colour_group_name,Light Orange,1,20,0.05,0.014724196029594901,3.395771144278607,3.395771144278607,False
7,department_name,Outwear,1,20,0.05,0.0150172148560545,3.3295121951219517,3.3295121951219517,False
7,colour_group_name,Blue,2,20,0.1,0.033330891509779505,3.0002197802197803,3.0002197802197803,False
7,product_type_name,Swimwear bottom,1,20,0.05,0.016702073108197203,2.993640350877193,2.993640350877193,False
7,garment_group_name,Outdoor,2,20,0.1,0.033697165042854006,2.967608695652174,2.967608695652174,False
7,product_type_name,Bikini top,1,20,0.05,0.0171416013478866,2.916880341880342,2.916880341880342,False
7,section_name,Baby Essentials & Complements,1,20,0.05,0.017727639000805803,2.8204545454545453,2.8204545454545453,False
7,perceived_colour_master_name,Grey,4,20,0.2,0.07113032012306791,2.8117404737384137,2.8117404737384137,False
7,section_name,"Womens Swimwear, beachwear",2,20,0.1,0.0374331550802139,2.6714285714285717,2.6714285714285717,False
7,colour_group_name,Yellowish Brown,1,20,0.05,0.0187532048934144,2.6662109375000003,2.6662109375000003,False
7,garment_group_name,Swimwear,2,20,0.1,0.038531975679437405,2.5952471482889736,2.5952471482889736,False
7,department_name,Swimwear,2,20,0.1,0.038531975679437405,2.5952471482889736,2.5952471482889736,False
7,garment_group_name,Skirts,1,20,0.05,0.0195590066661783,2.556367041198502,2.556367041198502,False
7,product_group_name,Swimwear,2,20,0.1,0.0397773056918907,2.513996316758748,2.513996316758748,False
7,section_name,Womens Big accessories,1,20,0.05,0.019925280199252802,2.5093750000000004,2.5093750000000004,False
7,product_type_name,Hoodie,1,20,0.05,0.0206578272654018,2.420390070921986,2.420390070921986,False
7,colour_group_name,Pink,1,20,0.05,0.021024100798476303,2.3782229965156794,2.3782229965156794,False
7,colour_group_name,Gold,1,20,0.05,0.021829902571240203,2.290436241610738,2.290436241610738,False
7,garment_group_name,Dresses Ladies,3,20,0.15,0.06651527360632921,2.2551211453744493,2.2551211453744493,False
7,index_group_name,Baby/Children,3,20,0.15,0.06680829243278881,2.2452302631578944,2.2452302631578944,False
7,perceived_colour_master_name,Yellow,1,20,0.05,0.022635704344004103,2.2088996763754047,2.2088996763754047,False
7,colour_group_name,Beige,2,20,0.1,0.04585744634092741,2.1806709265175717,2.1806709265175717,False
7,department_name,Jewellery,1,20,0.05,0.0230752325836935,2.166825396825397,2.166825396825397,False
7,section_name,Mama,1,20,0.05,0.023294996703538202,2.1463836477987424,2.1463836477987424,False
7,section_name,Womens Small accessories,2,20,0.1,0.0514248040436598,1.9445868945868947,1.9445868945868947,False
7,product_group_name,Garment Full body,5,20,0.25,0.1304666324811369,1.9161987647389107,1.9161987647389107,False
7,perceived_colour_master_name,Brown,1,20,0.05,0.026151930261519303,1.911904761904762,1.911904761904762,False
7,graphical_appearance_name,All over pattern,4,20,0.2,0.10709838107098381,1.8674418604651164,1.8674418604651164,False
7,perceived_colour_master_name,Green,1,20,0.05,0.027910043220276903,1.7914698162729659,1.7914698162729659,False
7,garment_group_name,"Under-, Nightwear",3,20,0.15,0.08475569555343931,1.7697925669835781,1.7697925669835781,False
7,product_type_name,Dress,4,20,0.2,0.11750054941029961,1.70211970074813,1.70211970074813,False
7,colour_group_name,Dark Grey,1,20,0.05,0.029375137352574902,1.70211970074813,1.70211970074813,False
7,perceived_colour_master_name,Metal,1,20,0.05,0.030254193831953703,1.6526634382566587,1.6526634382566587,False
7,product_group_name,Accessories,3,20,0.15,0.092300930334774,1.6251190476190476,1.6251190476190476,False
7,graphical_appearance_name,Melange,2,20,0.1,0.0617537176763607,1.6193357058125744,1.6193357058125744,False
7,product_type_name,Jacket,1,20,0.05,0.0312797597245623,1.5984777517564404,1.5984777517564404,False
7,section_name,Womens Tailoring,2,20,0.1,0.06343857592850341,1.5763279445727483,1.5763279445727483,False
7,garment_group_name,Accessories,3,20,0.15,0.0962566844919786,1.5583333333333333,1.5583333333333333,False
7,product_type_name,Bra,1,20,0.05,0.0326715991502454,1.5303811659192827,1.5303811659192827,False
7,index_group_name,Sport,1,20,0.05,0.033111127389934804,1.510066371681416,1.510066371681416,False
7,product_type_name,Skirt,1,20,0.05,0.033404146216394405,1.4968201754385966,1.4968201754385966,False
7,perceived_colour_master_name,Pink,2,20,0.1,0.06702805655263351,1.4919125683060108,1.4919125683060108,False
7,section_name,"Womens Nightwear, Socks & Tigh",1,20,0.05,0.034869240348692404,1.4339285714285714,1.4339285714285714,False
7,colour_group_name,Light Pink,1,20,0.05,0.036773862720679805,1.3596613545816734,1.3596613545816734,False
7,index_group_name,Ladieswear,15,20,0.75,0.5894806241301004,1.2723064496085497,1.2723064496085497,False
7,section_name,Womens Casual,1,20,0.05,0.039557541572046,1.2639814814814816,1.2639814814814816,False
7,section_name,Womens Everyday Collection,3,20,0.15,0.12218885063365321,1.2276079136690647,1.2276079136690647,False
7,perceived_colour_master_name,Beige,2,20,0.1,0.08482895026005421,1.1788428324697755,1.1788428324697755,False
7,garment_group_name,Trousers Denim,1,20,0.05,0.0430737674895612,1.1607993197278912,1.1607993197278912,False
7,department_name,Blouse,1,20,0.05,0.043293531609405904,1.154906937394247,1.154906937394247,False
7,department_name,Trouser,1,20,0.05,0.0446121163284741,1.1207717569786537,1.1207717569786537,False
7,product_type_name,Blouse,1,20,0.05,0.045344663394623105,1.1026655896607431,1.1026655896607431,False
7,section_name,Womens Lingerie,1,20,0.05,0.05765145410592631,0.8672808132147396,0.8672808132147396,False
7,perceived_colour_master_name,Blue,2,20,0.1,0.11933191707567212,0.8379987722529159,0.8379987722529159,False
7,department_name,Jersey,1,20,0.05,0.060801406490367006,0.8223493975903615,0.8223493975903615,False
7,product_type_name,Trousers,2,20,0.1,0.1310526701340561,0.7630519843487983,0.7630519843487983,False
7,garment_group_name,Knitwear,1,20,0.05,0.06695480184601861,0.7467724288840263,0.7467724288840263,False
7,product_group_name,Underwear,1,20,0.05,0.06768734891216761,0.7386904761904761,0.7386904761904761,False
7,product_group_name,Garment Lower body,3,20,0.15,0.2052596879349498,0.7307815845824411,0.7307815845824411,False
7,colour_group_name,Black,4,20,0.2,0.28027250750860744,0.7135912179822269,0.7135912179822269,False
7,graphical_appearance_name,Solid,8,20,0.4,0.5812760969892315,0.6881411468178954,0.6881411468178954,False
7,graphical_appearance_name,Denim,1,20,0.05,0.074719800747198,0.6691666666666668,0.6691666666666668,False
7,product_type_name,Sweater,1,20,0.05,0.0791883378507069,0.6314061054579094,0.6314061054579094,False
7,garment_group_name,Trousers,1,20,0.05,0.0825580543549923,0.6056344276841171,0.6056344276841171,False
7,garment_group_name,Blouses,1,20,0.05,0.0860742802725075,0.5808936170212766,0.5808936170212766,False
7,garment_group_name,Jersey Basic,1,20,0.05,0.09003003442971211,0.5553702196908056,0.5553702196908056,False
7,perceived_colour_master_name,Black,3,20,0.15,0.28173760164090544,0.5324102964118564,0.5324102964118564,False
7,colour_group_name,White,1,20,0.05,0.0960369203721339,0.5206331045003815,0.5206331045003815,False
7,product_group_name,Garment Upper body,4,20,0.2,0.38905574683173394,0.5140651478064395,0.5140651478064395,False
7,index_group_name,Menswear,1,20,0.05,0.10438795692623251,0.4789824561403509,0.4789824561403509,False
7,perceived_colour_master_name,White,1,20,0.05,0.12797597245623032,0.3906983400114482,0.3906983400114482,False
7,garment_group_name,Jersey Fancy,1,20,0.05,0.16672771225551242,0.299890158172232,0.299890158172232,False
8,department_name,Kids Boy Knitwear,1,20,0.05,0.0005127829463043,97.50714285714287,97.50714285714287,False
8,product_type_name,Hat/brim,1,20,0.05,0.0013185847190682002,37.919444444444444,37.919444444444444,False
8,department_name,Men Sport Tops,1,20,0.05,0.0020511317852172,24.376785714285717,24.376785714285717,False
8,department_name,Young Boy Jersey Basic,1,20,0.05,0.0025639147315215,19.501428571428573,19.501428571428573,False
8,department_name,Shirt,3,20,0.15,0.009156838326862501,16.3812,16.3812,True
8,graphical_appearance_name,Mixed solid/pattern,1,20,0.05,0.0035162259175152005,14.219791666666667,14.219791666666667,False
8,department_name,Gloves/Hats,1,20,0.05,0.0035894806241301004,13.929591836734694,13.929591836734694,False
8,graphical_appearance_name,Application/3D,1,20,0.05,0.0040290088638195,12.410000000000002,12.410000000000002,False
8,garment_group_name,Shirts,3,20,0.15,0.012526554831147901,11.97456140350877,11.97456140350877,True
8,colour_group_name,Light Turquoise,1,20,0.05,0.0049080653431983,10.187313432835822,10.187313432835822,False
8,section_name,Contemporary Casual,2,20,0.1,0.010621932459160502,9.41448275862069,9.41448275862069,True
8,department_name,Suit jacket,1,20,0.05,0.0053475935828877,9.350000000000001,9.350000000000001,False
8,product_type_name,Pyjama set,1,20,0.05,0.0054208482895026005,9.223648648648648,9.223648648648648,False
8,department_name,Newborn,1,20,0.05,0.0055673577027324,8.98092105263158,8.98092105263158,False
8,section_name,Kids Boy,1,20,0.05,0.0056406124093473006,8.864285714285716,8.864285714285716,False
8,section_name,Men H&M Sport,1,20,0.05,0.0057871218225771,8.63987341772152,8.63987341772152,False
8,department_name,Nightwear,1,20,0.05,0.006080140649036701,8.223493975903615,8.223493975903615,False
8,product_type_name,Bodysuit,1,20,0.05,0.006299904768881401,7.936627906976745,7.936627906976745,False
8,section_name,Boys Underwear & Basics,1,20,0.05,0.006373159475496301,7.8454022988505745,7.8454022988505745,False
8,department_name,Belts,1,20,0.05,0.0066661783019559,7.500549450549451,7.500549450549451,False
8,department_name,Denim trousers,1,20,0.05,0.007984763021024101,6.261926605504587,6.261926605504587,False
8,product_type_name,Belt,1,20,0.05,0.0082045271408688,6.094196428571429,6.094196428571429,False
8,section_name,Denim Men,1,20,0.05,0.0085708006739433,5.833760683760684,5.833760683760684,False
8,colour_group_name,Orange,1,20,0.05,0.008790564793788001,5.687916666666666,5.687916666666666,False
8,perceived_colour_master_name,Turquoise,1,20,0.05,0.009230093033477401,5.417063492063492,5.417063492063492,False
8,product_group_name,Nightwear,1,20,0.05,0.009669621273166801,5.170833333333333,5.170833333333333,False
8,section_name,Womens Big accessories,2,20,0.1,0.019925280199252802,5.018750000000001,5.018750000000001,False
8,product_type_name,Shirt,3,20,0.15,0.031646033257636805,4.7399305555555555,4.7399305555555555,False
8,graphical_appearance_name,Other structure,2,20,0.1,0.022855468463848803,4.375320512820513,4.375320512820513,False
8,colour_group_name,Dark Red,1,20,0.05,0.0128195736576075,3.900285714285715,3.900285714285715,False
8,garment_group_name,Dressed,1,20,0.05,0.013112592484067102,3.813128491620112,3.813128491620112,False
8,product_type_name,Blazer,1,20,0.05,0.014211413083290601,3.5182989690721653,3.5182989690721653,False
8,colour_group_name,Blue,2,20,0.1,0.033330891509779505,3.0002197802197803,3.0002197802197803,False
8,product_type_name,Swimwear bottom,1,20,0.05,0.016702073108197203,2.993640350877193,2.993640350877193,False
8,product_type_name,Bikini top,1,20,0.05,0.0171416013478866,2.916880341880342,2.916880341880342,False
8,department_name,Casual Lingerie,1,20,0.05,0.017581129587576003,2.843958333333333,2.843958333333333,False
8,section_name,Baby Essentials & Complements,1,20,0.05,0.017727639000805803,2.8204545454545453,2.8204545454545453,False
8,department_name,Dress,2,20,0.1,0.035894806241301,2.785918367346939,2.785918367346939,False
8,section_name,Contemporary Smart,1,20,0.05,0.0180206578272654,2.7745934959349596,2.7745934959349596,False
8,colour_group_name,Light Pink,2,20,0.1,0.036773862720679805,2.7193227091633467,2.7193227091633467,False
8,colour_group_name,Dark Green,1,20,0.05,0.018533440773569703,2.6978260869565216,2.6978260869565216,False
8,section_name,"Womens Swimwear, beachwear",2,20,0.1,0.0374331550802139,2.6714285714285717,2.6714285714285717,False
8,colour_group_name,Yellowish Brown,1,20,0.05,0.0187532048934144,2.6662109375000003,2.6662109375000003,False
8,garment_group_name,Swimwear,2,20,0.1,0.038531975679437405,2.5952471482889736,2.5952471482889736,False
8,department_name,Swimwear,2,20,0.1,0.038531975679437405,2.5952471482889736,2.5952471482889736,False
8,product_group_name,Swimwear,2,20,0.1,0.0397773056918907,2.513996316758748,2.513996316758748,False
8,product_type_name,Hoodie,1,20,0.05,0.0206578272654018,2.420390070921986,2.420390070921986,False
8,department_name,Dresses,1,20,0.05,0.021024100798476303,2.3782229965156794,2.3782229965156794,False
8,garment_group_name,Dresses Ladies,3,20,0.15,0.06651527360632921,2.2551211453744493,2.2551211453744493,False
8,index_group_name,Baby/Children,3,20,0.15,0.06680829243278881,2.2452302631578944,2.2452302631578944,False
8,graphical_appearance_name,Check,1,20,0.05,0.023001977877078604,2.1737261146496816,2.1737261146496816,False
8,perceived_colour_master_name,Red,1,20,0.05,0.0232217419969233,2.1531545741324924,2.1531545741324924,False
8,section_name,Mama,1,20,0.05,0.023294996703538202,2.1463836477987424,2.1463836477987424,False
8,graphical_appearance_name,Denim,3,20,0.15,0.074719800747198,2.0075000000000003,2.0075000000000003,False
8,index_group_name,Menswear,4,20,0.2,0.10438795692623251,1.9159298245614036,1.9159298245614036,False
8,perceived_colour_master_name,Brown,1,20,0.05,0.026151930261519303,1.911904761904762,1.911904761904762,False
8,colour_group_name,Light Blue,1,20,0.05,0.026957732034283203,1.8547554347826087,1.8547554347826087,False
8,perceived_colour_master_name,Orange,1,20,0.05,0.0273972602739726,1.8250000000000002,1.8250000000000002,False
8,perceived_colour_master_name,Green,1,20,0.05,0.027910043220276903,1.7914698162729659,1.7914698162729659,False
8,product_type_name,Dress,4,20,0.2,0.11750054941029961,1.70211970074813,1.70211970074813,False
8,perceived_colour_master_name,Blue,4,20,0.2,0.11933191707567212,1.6759975445058317,1.6759975445058317,False
8,colour_group_name,Grey,1,20,0.05,0.031059995604717602,1.6097877358490567,1.6097877358490567,False
8,product_type_name,Underwear bottom,1,20,0.05,0.031133250311332503,1.606,1.606,False
8,section_name,Womens Tailoring,2,20,0.1,0.06343857592850341,1.5763279445727483,1.5763279445727483,False
8,product_group_name,Garment Full body,4,20,0.2,0.1304666324811369,1.5329590117911287,1.5329590117911287,False
8,index_group_name,Sport,1,20,0.05,0.033111127389934804,1.510066371681416,1.510066371681416,False
8,perceived_colour_master_name,Pink,2,20,0.1,0.06702805655263351,1.4919125683060108,1.4919125683060108,False
8,garment_group_name,Outdoor,1,20,0.05,0.033697165042854006,1.483804347826087,1.483804347826087,False
8,section_name,"Womens Nightwear, Socks & Tigh",1,20,0.05,0.034869240348692404,1.4339285714285714,1.4339285714285714,False
8,section_name,Womens Casual,1,20,0.05,0.039557541572046,1.2639814814814816,1.2639814814814816,False
8,garment_group_name,"Under-, Nightwear",2,20,0.1,0.08475569555343931,1.1798617113223855,1.1798617113223855,False
8,garment_group_name,Trousers Denim,1,20,0.05,0.0430737674895612,1.1607993197278912,1.1607993197278912,False
8,product_group_name,Garment Upper body,9,20,0.45,0.38905574683173394,1.156646582564489,1.156646582564489,False
8,department_name,Blouse,1,20,0.05,0.043293531609405904,1.154906937394247,1.154906937394247,False
8,product_type_name,Blouse,1,20,0.05,0.045344663394623105,1.1026655896607431,1.1026655896607431,False
8,colour_group_name,Beige,1,20,0.05,0.04585744634092741,1.0903354632587858,1.0903354632587858,False
8,product_group_name,Accessories,2,20,0.1,0.092300930334774,1.0834126984126986,1.0834126984126986,False
8,colour_group_name,White,2,20,0.1,0.0960369203721339,1.041266209000763,1.041266209000763,False
8,garment_group_name,Accessories,2,20,0.1,0.0962566844919786,1.038888888888889,1.038888888888889,False
8,graphical_appearance_name,Solid,11,20,0.55,0.5812760969892315,0.9461940768746062,0.9461940768746062,False
8,index_group_name,Ladieswear,11,20,0.55,0.5894806241301004,0.9330247297129365,0.9330247297129365,False
8,colour_group_name,Black,5,20,0.25,0.28027250750860744,0.8919890224777836,0.8919890224777836,False
8,perceived_colour_master_name,Black,5,20,0.25,0.28173760164090544,0.8873504940197607,0.8873504940197607,False
8,product_type_name,T-shirt,1,20,0.05,0.05757819939931141,0.8683842239185751,0.8683842239185751,False
8,section_name,Womens Lingerie,1,20,0.05,0.05765145410592631,0.8672808132147396,0.8672808132147396,False
8,colour_group_name,Dark Blue,1,20,0.05,0.058970038824994506,0.847888198757764,0.847888198757764,False
8,department_name,Jersey,1,20,0.05,0.060801406490367006,0.8223493975903615,0.8223493975903615,False
8,perceived_colour_master_name,White,2,20,0.1,0.12797597245623032,0.7813966800228964,0.7813966800228964,False
8,garment_group_name,Knitwear,1,20,0.05,0.06695480184601861,0.7467724288840263,0.7467724288840263,False
8,product_group_name,Underwear,1,20,0.05,0.06768734891216761,0.7386904761904761,0.7386904761904761,False
8,perceived_colour_master_name,Grey,1,20,0.05,0.07113032012306791,0.7029351184346034,0.7029351184346034,False
8,product_type_name,Sweater,1,20,0.05,0.0791883378507069,0.6314061054579094,0.6314061054579094,False
8,garment_group_name,Jersey Fancy,2,20,0.1,0.16672771225551242,0.599780316344464,0.599780316344464,False
8,perceived_colour_master_name,Beige,1,20,0.05,0.08482895026005421,0.5894214162348878,0.5894214162348878,False
8,garment_group_name,Blouses,1,20,0.05,0.0860742802725075,0.5808936170212766,0.5808936170212766,False
8,garment_group_name,Jersey Basic,1,20,0.05,0.09003003442971211,0.5553702196908056,0.5553702196908056,False
8,section_name,Divided Collection,1,20,0.05,0.10409493809977291,0.48033075299085154,0.48033075299085154,False
8,graphical_appearance_name,All over pattern,1,20,0.05,0.10709838107098381,0.4668604651162791,0.4668604651162791,False
8,section_name,Womens Everyday Collection,1,20,0.05,0.12218885063365321,0.40920263788968825,0.40920263788968825,False
8,product_type_name,Trousers,1,20,0.05,0.1310526701340561,0.38152599217439914,0.38152599217439914,False
8,product_group_name,Garment Lower body,1,20,0.05,0.2052596879349498,0.2435938615274804,0.2435938615274804,False
8,index_group_name,Divided,1,20,0.05,0.2062119991209435,0.2424689165186501,0.2424689165186501,False
9,department_name,Kids Boy Knitwear,1,20,0.05,0.0005127829463043,97.50714285714287,97.50714285714287,False
9,product_type_name,Hat/brim,1,20,0.05,0.0013185847190682002,37.919444444444444,37.919444444444444,False
9,department_name,Men Sport Tops,1,20,0.05,0.0020511317852172,24.376785714285717,24.376785714285717,False
9,department_name,Young Boy Jersey Basic,1,20,0.05,0.0025639147315215,19.501428571428573,19.501428571428573,False
9,department_name,Shirt,3,20,0.15,0.009156838326862501,16.3812,16.3812,True
9,graphical_appearance_name,Mixed solid/pattern,1,20,0.05,0.0035162259175152005,14.219791666666667,14.219791666666667,False
9,department_name,Gloves/Hats,1,20,0.05,0.0035894806241301004,13.929591836734694,13.929591836734694,False
9,graphical_appearance_name,Application/3D,1,20,0.05,0.0040290088638195,12.410000000000002,12.410000000000002,False
9,garment_group_name,Shirts,3,20,0.15,0.012526554831147901,11.97456140350877,11.97456140350877,True
9,colour_group_name,Light Turquoise,1,20,0.05,0.0049080653431983,10.187313432835822,10.187313432835822,False
9,section_name,Contemporary Casual,2,20,0.1,0.010621932459160502,9.41448275862069,9.41448275862069,True
9,department_name,Suit jacket,1,20,0.05,0.0053475935828877,9.350000000000001,9.350000000000001,False
9,product_type_name,Pyjama set,1,20,0.05,0.0054208482895026005,9.223648648648648,9.223648648648648,False
9,department_name,Newborn,1,20,0.05,0.0055673577027324,8.98092105263158,8.98092105263158,False
9,section_name,Kids Boy,1,20,0.05,0.0056406124093473006,8.864285714285716,8.864285714285716,False
9,section_name,Men H&M Sport,1,20,0.05,0.0057871218225771,8.63987341772152,8.63987341772152,False
9,department_name,Nightwear,1,20,0.05,0.006080140649036701,8.223493975903615,8.223493975903615,False
9,product_type_name,Bodysuit,1,20,0.05,0.006299904768881401,7.936627906976745,7.936627906976745,False
9,section_name,Boys Underwear & Basics,1,20,0.05,0.006373159475496301,7.8454022988505745,7.8454022988505745,False
9,department_name,Belts,1,20,0.05,0.0066661783019559,7.500549450549451,7.500549450549451,False
9,department_name,Denim trousers,1,20,0.05,0.007984763021024101,6.261926605504587,6.261926605504587,False
9,product_type_name,Belt,1,20,0.05,0.0082045271408688,6.094196428571429,6.094196428571429,False
9,section_name,Denim Men,1,20,0.05,0.0085708006739433,5.833760683760684,5.833760683760684,False
9,colour_group_name,Orange,1,20,0.05,0.008790564793788001,5.687916666666666,5.687916666666666,False
9,perceived_colour_master_name,Turquoise,1,20,0.05,0.009230093033477401,5.417063492063492,5.417063492063492,False
9,product_group_name,Nightwear,1,20,0.05,0.009669621273166801,5.170833333333333,5.170833333333333,False
9,section_name,Womens Big accessories,2,20,0.1,0.019925280199252802,5.018750000000001,5.018750000000001,False
9,product_type_name,Shirt,3,20,0.15,0.031646033257636805,4.7399305555555555,4.7399305555555555,False
9,graphical_appearance_name,Other structure,2,20,0.1,0.022855468463848803,4.375320512820513,4.375320512820513,False
9,colour_group_name,Dark Red,1,20,0.05,0.0128195736576075,3.900285714285715,3.900285714285715,False
9,garment_group_name,Dressed,1,20,0.05,0.013112592484067102,3.813128491620112,3.813128491620112,False
9,product_type_name,Blazer,1,20,0.05,0.014211413083290601,3.5182989690721653,3.5182989690721653,False
9,colour_group_name,Blue,2,20,0.1,0.033330891509779505,3.0002197802197803,3.0002197802197803,False
9,product_type_name,Swimwear bottom,1,20,0.05,0.016702073108197203,2.993640350877193,2.993640350877193,False
9,product_type_name,Bikini top,1,20,0.05,0.0171416013478866,2.916880341880342,2.916880341880342,False
9,department_name,Casual Lingerie,1,20,0.05,0.017581129587576003,2.843958333333333,2.843958333333333,False
9,section_name,Baby Essentials & Complements,1,20,0.05,0.017727639000805803,2.8204545454545453,2.8204545454545453,False
9,department_name,Dress,2,20,0.1,0.035894806241301,2.785918367346939,2.785918367346939,False
9,section_name,Contemporary Smart,1,20,0.05,0.0180206578272654,2.7745934959349596,2.7745934959349596,False
9,colour_group_name,Light Pink,2,20,0.1,0.036773862720679805,2.7193227091633467,2.7193227091633467,False
9,colour_group_name,Dark Green,1,20,0.05,0.018533440773569703,2.6978260869565216,2.6978260869565216,False
9,section_name,"Womens Swimwear, beachwear",2,20,0.1,0.0374331550802139,2.6714285714285717,2.6714285714285717,False
9,colour_group_name,Yellowish Brown,1,20,0.05,0.0187532048934144,2.6662109375000003,2.6662109375000003,False
9,garment_group_name,Swimwear,2,20,0.1,0.038531975679437405,2.5952471482889736,2.5952471482889736,False
9,department_name,Swimwear,2,20,0.1,0.038531975679437405,2.5952471482889736,2.5952471482889736,False
9,product_group_name,Swimwear,2,20,0.1,0.0397773056918907,2.513996316758748,2.513996316758748,False
9,product_type_name,Hoodie,1,20,0.05,0.0206578272654018,2.420390070921986,2.420390070921986,False
9,department_name,Dresses,1,20,0.05,0.021024100798476303,2.3782229965156794,2.3782229965156794,False
9,garment_group_name,Dresses Ladies,3,20,0.15,0.06651527360632921,2.2551211453744493,2.2551211453744493,False
9,index_group_name,Baby/Children,3,20,0.15,0.06680829243278881,2.2452302631578944,2.2452302631578944,False
9,graphical_appearance_name,Check,1,20,0.05,0.023001977877078604,2.1737261146496816,2.1737261146496816,False
9,perceived_colour_master_name,Red,1,20,0.05,0.0232217419969233,2.1531545741324924,2.1531545741324924,False
9,section_name,Mama,1,20,0.05,0.023294996703538202,2.1463836477987424,2.1463836477987424,False
9,graphical_appearance_name,Denim,3,20,0.15,0.074719800747198,2.0075000000000003,2.0075000000000003,False
9,index_group_name,Menswear,4,20,0.2,0.10438795692623251,1.9159298245614036,1.9159298245614036,False
9,perceived_colour_master_name,Brown,1,20,0.05,0.026151930261519303,1.911904761904762,1.911904761904762,False
9,colour_group_name,Light Blue,1,20,0.05,0.026957732034283203,1.8547554347826087,1.8547554347826087,False
9,perceived_colour_master_name,Orange,1,20,0.05,0.0273972602739726,1.8250000000000002,1.8250000000000002,False
9,perceived_colour_master_name,Green,1,20,0.05,0.027910043220276903,1.7914698162729659,1.7914698162729659,False
9,product_type_name,Dress,4,20,0.2,0.11750054941029961,1.70211970074813,1.70211970074813,False
9,perceived_colour_master_name,Blue,4,20,0.2,0.11933191707567212,1.6759975445058317,1.6759975445058317,False
9,colour_group_name,Grey,1,20,0.05,0.031059995604717602,1.6097877358490567,1.6097877358490567,False
9,product_type_name,Underwear bottom,1,20,0.05,0.031133250311332503,1.606,1.606,False
9,section_name,Womens Tailoring,2,20,0.1,0.06343857592850341,1.5763279445727483,1.5763279445727483,False
9,product_group_name,Garment Full body,4,20,0.2,0.1304666324811369,1.5329590117911287,1.5329590117911287,False
9,index_group_name,Sport,1,20,0.05,0.033111127389934804,1.510066371681416,1.510066371681416,False
9,perceived_colour_master_name,Pink,2,20,0.1,0.06702805655263351,1.4919125683060108,1.4919125683060108,False
9,garment_group_name,Outdoor,1,20,0.05,0.033697165042854006,1.483804347826087,1.483804347826087,False
9,section_name,"Womens Nightwear, Socks & Tigh",1,20,0.05,0.034869240348692404,1.4339285714285714,1.4339285714285714,False
9,section_name,Womens Casual,1,20,0.05,0.039557541572046,1.2639814814814816,1.2639814814814816,False
9,garment_group_name,"Under-, Nightwear",2,20,0.1,0.08475569555343931,1.1798617113223855,1.1798617113223855,False
9,garment_group_name,Trousers Denim,1,20,0.05,0.0430737674895612,1.1607993197278912,1.1607993197278912,False
9,product_group_name,Garment Upper body,9,20,0.45,0.38905574683173394,1.156646582564489,1.156646582564489,False
9,department_name,Blouse,1,20,0.05,0.043293531609405904,1.154906937394247,1.154906937394247,False
9,product_type_name,Blouse,1,20,0.05,0.045344663394623105,1.1026655896607431,1.1026655896607431,False
9,colour_group_name,Beige,1,20,0.05,0.04585744634092741,1.0903354632587858,1.0903354632587858,False
9,product_group_name,Accessories,2,20,0.1,0.092300930334774,1.0834126984126986,1.0834126984126986,False
9,colour_group_name,White,2,20,0.1,0.0960369203721339,1.041266209000763,1.041266209000763,False
9,garment_group_name,Accessories,2,20,0.1,0.0962566844919786,1.038888888888889,1.038888888888889,False
9,graphical_appearance_name,Solid,11,20,0.55,0.5812760969892315,0.9461940768746062,0.9461940768746062,False
9,index_group_name,Ladieswear,11,20,0.55,0.5894806241301004,0.9330247297129365,0.9330247297129365,False
9,colour_group_name,Black,5,20,0.25,0.28027250750860744,0.8919890224777836,0.8919890224777836,False
9,perceived_colour_master_name,Black,5,20,0.25,0.28173760164090544,0.8873504940197607,0.8873504940197607,False
9,product_type_name,T-shirt,1,20,0.05,0.05757819939931141,0.8683842239185751,0.8683842239185751,False
9,section_name,Womens Lingerie,1,20,0.05,0.05765145410592631,0.8672808132147396,0.8672808132147396,False
9,colour_group_name,Dark Blue,1,20,0.05,0.058970038824994506,0.847888198757764,0.847888198757764,False
9,department_name,Jersey,1,20,0.05,0.060801406490367006,0.8223493975903615,0.8223493975903615,False
9,perceived_colour_master_name,White,2,20,0.1,0.12797597245623032,0.7813966800228964,0.7813966800228964,False
9,garment_group_name,Knitwear,1,20,0.05,0.06695480184601861,0.7467724288840263,0.7467724288840263,False
9,product_group_name,Underwear,1,20,0.05,0.06768734891216761,0.7386904761904761,0.7386904761904761,False
9,perceived_colour_master_name,Grey,1,20,0.05,0.07113032012306791,0.7029351184346034,0.7029351184346034,False
9,product_type_name,Sweater,1,20,0.05,0.0791883378507069,0.6314061054579094,0.6314061054579094,False
9,garment_group_name,Jersey Fancy,2,20,0.1,0.16672771225551242,0.599780316344464,0.599780316344464,False
9,perceived_colour_master_name,Beige,1,20,0.05,0.08482895026005421,0.5894214162348878,0.5894214162348878,False
9,garment_group_name,Blouses,1,20,0.05,0.0860742802725075,0.5808936170212766,0.5808936170212766,False
9,garment_group_name,Jersey Basic,1,20,0.05,0.09003003442971211,0.5553702196908056,0.5553702196908056,False
9,section_name,Divided Collection,1,20,0.05,0.10409493809977291,0.48033075299085154,0.48033075299085154,False
9,graphical_appearance_name,All over pattern,1,20,0.05,0.10709838107098381,0.4668604651162791,0.4668604651162791,False
9,section_name,Womens Everyday Collection,1,20,0.05,0.12218885063365321,0.40920263788968825,0.40920263788968825,False
9,product_type_name,Trousers,1,20,0.05,0.1310526701340561,0.38152599217439914,0.38152599217439914,False
9,product_group_name,Garment Lower body,1,20,0.05,0.2052596879349498,0.2435938615274804,0.2435938615274804,False
9,index_group_name,Divided,1,20,0.05,0.2062119991209435,0.2424689165186501,0.2424689165186501,False
10,department_name,Kids Boy Knitwear,1,20,0.05,0.0005127829463043,97.50714285714287,97.50714285714287,False
10,department_name,Young Girl UW/NW,1,20,0.05,0.0011720753058384,42.659375000000004,42.659375000000004,False
10,product_type_name,Hat/brim,1,20,0.05,0.0013185847190682002,37.919444444444444,37.919444444444444,False
10,department_name,Men Sport Tops,1,20,0.05,0.0020511317852172,24.376785714285717,24.376785714285717,False
10,product_type_name,Pyjama set,2,20,0.1,0.0054208482895026005,18.447297297297297,18.447297297297297,True
10,graphical_appearance_name,Mixed solid/pattern,1,20,0.05,0.0035162259175152005,14.219791666666667,14.219791666666667,False
10,department_name,Gloves/Hats,1,20,0.05,0.0035894806241301004,13.929591836734694,13.929591836734694,False
10,graphical_appearance_name,Treatment,1,20,0.05,0.003955754157204601,12.639814814814814,12.639814814814814,False
10,department_name,Baby basics,1,20,0.05,0.0042487729836642,11.768103448275864,11.768103448275864,False
10,department_name,Other items,1,20,0.05,0.0042487729836642,11.768103448275864,11.768103448275864,False
10,product_group_name,Nightwear,2,20,0.1,0.009669621273166801,10.341666666666667,10.341666666666667,True
10,section_name,Girls Underwear & Basics,1,20,0.05,0.004834810636583401,10.341666666666667,10.341666666666667,False
10,product_type_name,Garment Set,1,20,0.05,0.005127829463043,9.750714285714286,9.750714285714286,False
10,section_name,Kids Boy,1,20,0.05,0.0056406124093473006,8.864285714285716,8.864285714285716,False
10,section_name,Men H&M Sport,1,20,0.05,0.0057871218225771,8.63987341772152,8.63987341772152,False
10,department_name,Nightwear,1,20,0.05,0.006080140649036701,8.223493975903615,8.223493975903615,False
10,department_name,Functional Lingerie,1,20,0.05,0.006373159475496301,7.8454022988505745,7.8454022988505745,False
10,product_type_name,Other accessories,1,20,0.05,0.006959197128415501,7.184736842105264,7.184736842105264,False
10,department_name,Denim trousers,1,20,0.05,0.007984763021024101,6.261926605504587,6.261926605504587,False
10,section_name,Denim Men,1,20,0.05,0.0085708006739433,5.833760683760684,5.833760683760684,False
10,colour_group_name,Orange,1,20,0.05,0.008790564793788001,5.687916666666666,5.687916666666666,False
10,colour_group_name,Grey,3,20,0.15,0.031059995604717602,4.8293632075471695,4.8293632075471695,True
10,colour_group_name,Yellow,1,20,0.05,0.011354479525309501,4.403548387096774,4.403548387096774,False
10,graphical_appearance_name,Other structure,2,20,0.1,0.022855468463848803,4.375320512820513,4.375320512820513,False
10,department_name,Skirt,1,20,0.05,0.011647498351769101,4.292767295597485,4.292767295597485,False
10,department_name,Dress,3,20,0.15,0.035894806241301,4.178877551020408,4.178877551020408,False
10,graphical_appearance_name,Lace,1,20,0.05,0.012673064244377702,3.9453757225433526,3.9453757225433526,False
10,perceived_colour_master_name,Orange,2,20,0.1,0.0273972602739726,3.6500000000000004,3.6500000000000004,False
10,section_name,Womens Jackets,1,20,0.05,0.0136986301369863,3.6500000000000004,3.6500000000000004,False
10,product_type_name,Earring,1,20,0.05,0.014724196029594901,3.395771144278607,3.395771144278607,False
10,colour_group_name,Light Orange,1,20,0.05,0.014724196029594901,3.395771144278607,3.395771144278607,False
10,department_name,Outwear,1,20,0.05,0.0150172148560545,3.3295121951219517,3.3295121951219517,False
10,colour_group_name,Blue,2,20,0.1,0.033330891509779505,3.0002197802197803,3.0002197802197803,False
10,product_type_name,Swimwear bottom,1,20,0.05,0.016702073108197203,2.993640350877193,2.993640350877193,False
10,garment_group_name,Outdoor,2,20,0.1,0.033697165042854006,2.967608695652174,2.967608695652174,False
10,product_type_name,Bikini top,1,20,0.05,0.0171416013478866,2.916880341880342,2.916880341880342,False
10,section_name,Baby Essentials & Complements,1,20,0.05,0.017727639000805803,2.8204545454545453,2.8204545454545453,False
10,perceived_colour_master_name,Grey,4,20,0.2,0.07113032012306791,2.8117404737384137,2.8117404737384137,False
10,section_name,"Womens Swimwear, beachwear",2,20,0.1,0.0374331550802139,2.6714285714285717,2.6714285714285717,False
10,colour_group_name,Yellowish Brown,1,20,0.05,0.0187532048934144,2.6662109375000003,2.6662109375000003,False
10,garment_group_name,Swimwear,2,20,0.1,0.038531975679437405,2.5952471482889736,2.5952471482889736,False
10,department_name,Swimwear,2,20,0.1,0.038531975679437405,2.5952471482889736,2.5952471482889736,False
10,garment_group_name,Skirts,1,20,0.05,0.0195590066661783,2.556367041198502,2.556367041198502,False
10,product_group_name,Swimwear,2,20,0.1,0.0397773056918907,2.513996316758748,2.513996316758748,False
10,section_name,Womens Big accessories,1,20,0.05,0.019925280199252802,2.5093750000000004,2.5093750000000004,False
10,product_type_name,Hoodie,1,20,0.05,0.0206578272654018,2.420390070921986,2.420390070921986,False
10,colour_group_name,Pink,1,20,0.05,0.021024100798476303,2.3782229965156794,2.3782229965156794,False
10,colour_group_name,Gold,1,20,0.05,0.021829902571240203,2.290436241610738,2.290436241610738,False
10,garment_group_name,Dresses Ladies,3,20,0.15,0.06651527360632921,2.2551211453744493,2.2551211453744493,False
10,index_group_name,Baby/Children,3,20,0.15,0.06680829243278881,2.2452302631578944,2.2452302631578944,False
10,perceived_colour_master_name,Yellow,1,20,0.05,0.022635704344004103,2.2088996763754047,2.2088996763754047,False
10,colour_group_name,Beige,2,20,0.1,0.04585744634092741,2.1806709265175717,2.1806709265175717,False
10,department_name,Jewellery,1,20,0.05,0.0230752325836935,2.166825396825397,2.166825396825397,False
10,section_name,Mama,1,20,0.05,0.023294996703538202,2.1463836477987424,2.1463836477987424,False
10,section_name,Womens Small accessories,2,20,0.1,0.0514248040436598,1.9445868945868947,1.9445868945868947,False
10,product_group_name,Garment Full body,5,20,0.25,0.1304666324811369,1.9161987647389107,1.9161987647389107,False
10,perceived_colour_master_name,Brown,1,20,0.05,0.026151930261519303,1.911904761904762,1.911904761904762,False
10,graphical_appearance_name,All over pattern,4,20,0.2,0.10709838107098381,1.8674418604651164,1.8674418604651164,False
10,perceived_colour_master_name,Green,1,20,0.05,0.027910043220276903,1.7914698162729659,1.7914698162729659,False
10,garment_group_name,"Under-, Nightwear",3,20,0.15,0.08475569555343931,1.7697925669835781,1.7697925669835781,False
10,product_type_name,Dress,4,20,0.2,0.11750054941029961,1.70211970074813,1.70211970074813,False
10,colour_group_name,Dark Grey,1,20,0.05,0.029375137352574902,1.70211970074813,1.70211970074813,False
10,perceived_colour_master_name,Metal,1,20,0.05,0.030254193831953703,1.6526634382566587,1.6526634382566587,False
10,product_group_name,Accessories,3,20,0.15,0.092300930334774,1.6251190476190476,1.6251190476190476,False
10,graphical_appearance_name,Melange,2,20,0.1,0.0617537176763607,1.6193357058125744,1.6193357058125744,False
10,product_type_name,Jacket,1,20,0.05,0.0312797597245623,1.5984777517564404,1.5984777517564404,False
10,section_name,Womens Tailoring,2,20,0.1,0.06343857592850341,1.5763279445727483,1.5763279445727483,False
10,garment_group_name,Accessories,3,20,0.15,0.0962566844919786,1.5583333333333333,1.5583333333333333,False
10,product_type_name,Bra,1,20,0.05,0.0326715991502454,1.5303811659192827,1.5303811659192827,False
10,index_group_name,Sport,1,20,0.05,0.033111127389934804,1.510066371681416,1.510066371681416,False
10,product_type_name,Skirt,1,20,0.05,0.033404146216394405,1.4968201754385966,1.4968201754385966,False
10,perceived_colour_master_name,Pink,2,20,0.1,0.06702805655263351,1.4919125683060108,1.4919125683060108,False
10,section_name,"Womens Nightwear, Socks & Tigh",1,20,0.05,0.034869240348692404,1.4339285714285714,1.4339285714285714,False
10,colour_group_name,Light Pink,1,20,0.05,0.036773862720679805,1.3596613545816734,1.3596613545816734,False
10,index_group_name,Ladieswear,15,20,0.75,0.5894806241301004,1.2723064496085497,1.2723064496085497,False
10,section_name,Womens Casual,1,20,0.05,0.039557541572046,1.2639814814814816,1.2639814814814816,False
10,section_name,Womens Everyday Collection,3,20,0.15,0.12218885063365321,1.2276079136690647,1.2276079136690647,False
10,perceived_colour_master_name,Beige,2,20,0.1,0.08482895026005421,1.1788428324697755,1.1788428324697755,False
10,garment_group_name,Trousers Denim,1,20,0.05,0.0430737674895612,1.1607993197278912,1.1607993197278912,False
10,department_name,Blouse,1,20,0.05,0.043293531609405904,1.154906937394247,1.154906937394247,False
10,department_name,Trouser,1,20,0.05,0.0446121163284741,1.1207717569786537,1.1207717569786537,False
10,product_type_name,Blouse,1,20,0.05,0.045344663394623105,1.1026655896607431,1.1026655896607431,False
10,section_name,Womens Lingerie,1,20,0.05,0.05765145410592631,0.8672808132147396,0.8672808132147396,False
10,perceived_colour_master_name,Blue,2,20,0.1,0.11933191707567212,0.8379987722529159,0.8379987722529159,False
10,department_name,Jersey,1,20,0.05,0.060801406490367006,0.8223493975903615,0.8223493975903615,False
10,product_type_name,Trousers,2,20,0.1,0.1310526701340561,0.7630519843487983,0.7630519843487983,False
10,garment_group_name,Knitwear,1,20,0.05,0.06695480184601861,0.7467724288840263,0.7467724288840263,False
10,product_group_name,Underwear,1,20,0.05,0.06768734891216761,0.7386904761904761,0.7386904761904761,False
10,product_group_name,Garment Lower body,3,20,0.15,0.2052596879349498,0.7307815845824411,0.7307815845824411,False
10,colour_group_name,Black,4,20,0.2,0.28027250750860744,0.7135912179822269,0.7135912179822269,False
10,graphical_appearance_name,Solid,8,20,0.4,0.5812760969892315,0.6881411468178954,0.6881411468178954,False
10,graphical_appearance_name,Denim,1,20,0.05,0.074719800747198,0.6691666666666668,0.6691666666666668,False
10,product_type_name,Sweater,1,20,0.05,0.0791883378507069,0.6314061054579094,0.6314061054579094,False
10,garment_group_name,Trousers,1,20,0.05,0.0825580543549923,0.6056344276841171,0.6056344276841171,False
10,garment_group_name,Blouses,1,20,0.05,0.0860742802725075,0.5808936170212766,0.5808936170212766,False
10,garment_group_name,Jersey Basic,1,20,0.05,0.09003003442971211,0.5553702196908056,0.5553702196908056,False
10,perceived_colour_master_name,Black,3,20,0.15,0.28173760164090544,0.5324102964118564,0.5324102964118564,False
10,colour_group_name,White,1,20,0.05,0.0960369203721339,0.5206331045003815,0.5206331045003815,False
10,product_group_name,Garment Upper body,4,20,0.2,0.38905574683173394,0.5140651478064395,0.5140651478064395,False
10,index_group_name,Menswear,1,20,0.05,0.10438795692623251,0.4789824561403509,0.4789824561403509,False
10,perceived_colour_master_name,White,1,20,0.05,0.12797597245623032,0.3906983400114482,0.3906983400114482,False
10,garment_group_name,Jersey Fancy,1,20,0.05,0.16672771225551242,0.299890158172232,0.299890158172232,False
11,department_name,Kids Boy Knitwear,1,20,0.05,0.0005127829463043,97.50714285714287,97.50714285714287,False
11,product_type_name,Hat/brim,1,20,0.05,0.0013185847190682002,37.919444444444444,37.919444444444444,False
11,department_name,Men Sport Tops,1,20,0.05,0.0020511317852172,24.376785714285717,24.376785714285717,False
11,department_name,Young Boy Jersey Basic,1,20,0.05,0.0025639147315215,19.501428571428573,19.501428571428573,False
11,department_name,Shirt,3,20,0.15,0.009156838326862501,16.3812,16.3812,True
11,graphical_appearance_name,Mixed solid/pattern,1,20,0.05,0.0035162259175152005,14.219791666666667,14.219791666666667,False
11,department_name,Gloves/Hats,1,20,0.05,0.0035894806241301004,13.929591836734694,13.929591836734694,False
11,graphical_appearance_name,Application/3D,1,20,0.05,0.0040290088638195,12.410000000000002,12.410000000000002,False
11,garment_group_name,Shirts,3,20,0.15,0.012526554831147901,11.97456140350877,11.97456140350877,True
11,colour_group_name,Light Turquoise,1,20,0.05,0.0049080653431983,10.187313432835822,10.187313432835822,False
11,section_name,Contemporary Casual,2,20,0.1,0.010621932459160502,9.41448275862069,9.41448275862069,True
11,department_name,Suit jacket,1,20,0.05,0.0053475935828877,9.350000000000001,9.350000000000001,False
11,product_type_name,Pyjama set,1,20,0.05,0.0054208482895026005,9.223648648648648,9.223648648648648,False
11,department_name,Newborn,1,20,0.05,0.0055673577027324,8.98092105263158,8.98092105263158,False
11,section_name,Kids Boy,1,20,0.05,0.0056406124093473006,8.864285714285716,8.864285714285716,False
11,section_name,Men H&M Sport,1,20,0.05,0.0057871218225771,8.63987341772152,8.63987341772152,False
11,department_name,Nightwear,1,20,0.05,0.006080140649036701,8.223493975903615,8.223493975903615,False
11,product_type_name,Bodysuit,1,20,0.05,0.006299904768881401,7.936627906976745,7.936627906976745,False
11,section_name,Boys Underwear & Basics,1,20,0.05,0.006373159475496301,7.8454022988505745,7.8454022988505745,False
11,department_name,Belts,1,20,0.05,0.0066661783019559,7.500549450549451,7.500549450549451,False
11,department_name,Denim trousers,1,20,0.05,0.007984763021024101,6.261926605504587,6.261926605504587,False
11,product_type_name,Belt,1,20,0.05,0.0082045271408688,6.094196428571429,6.094196428571429,False
11,section_name,Denim Men,1,20,0.05,0.0085708006739433,5.833760683760684,5.833760683760684,False
11,colour_group_name,Orange,1,20,0.05,0.008790564793788001,5.687916666666666,5.687916666666666,False
11,perceived_colour_master_name,Turquoise,1,20,0.05,0.009230093033477401,5.417063492063492,5.417063492063492,False
11,product_group_name,Nightwear,1,20,0.05,0.009669621273166801,5.170833333333333,5.170833333333333,False
11,section_name,Womens Big accessories,2,20,0.1,0.019925280199252802,5.018750000000001,5.018750000000001,False
11,product_type_name,Shirt,3,20,0.15,0.031646033257636805,4.7399305555555555,4.7399305555555555,False
11,graphical_appearance_name,Other structure,2,20,0.1,0.022855468463848803,4.375320512820513,4.375320512820513,False
11,colour_group_name,Dark Red,1,20,0.05,0.0128195736576075,3.900285714285715,3.900285714285715,False
11,garment_group_name,Dressed,1,20,0.05,0.013112592484067102,3.813128491620112,3.813128491620112,False
11,product_type_name,Blazer,1,20,0.05,0.014211413083290601,3.5182989690721653,3.5182989690721653,False
11,colour_group_name,Blue,2,20,0.1,0.033330891509779505,3.0002197802197803,3.0002197802197803,False
11,product_type_name,Swimwear bottom,1,20,0.05,0.016702073108197203,2.993640350877193,2.993640350877193,False
11,product_type_name,Bikini top,1,20,0.05,0.0171416013478866,2.916880341880342,2.916880341880342,False
11,department_name,Casual Lingerie,1,20,0.05,0.017581129587576003,2.843958333333333,2.843958333333333,False
11,section_name,Baby Essentials & Complements,1,20,0.05,0.017727639000805803,2.8204545454545453,2.8204545454545453,False
11,department_name,Dress,2,20,0.1,0.035894806241301,2.785918367346939,2.785918367346939,False
11,section_name,Contemporary Smart,1,20,0.05,0.0180206578272654,2.7745934959349596,2.7745934959349596,False
11,colour_group_name,Light Pink,2,20,0.1,0.036773862720679805,2.7193227091633467,2.7193227091633467,False
11,colour_group_name,Dark Green,1,20,0.05,0.018533440773569703,2.6978260869565216,2.6978260869565216,False
11,section_name,"Womens Swimwear, beachwear",2,20,0.1,0.0374331550802139,2.6714285714285717,2.6714285714285717,False
11,colour_group_name,Yellowish Brown,1,20,0.05,0.0187532048934144,2.6662109375000003,2.6662109375000003,False
11,garment_group_name,Swimwear,2,20,0.1,0.038531975679437405,2.5952471482889736,2.5952471482889736,False
11,department_name,Swimwear,2,20,0.1,0.038531975679437405,2.5952471482889736,2.5952471482889736,False
11,product_group_name,Swimwear,2,20,0.1,0.0397773056918907,2.513996316758748,2.513996316758748,False
11,product_type_name,Hoodie,1,20,0.05,0.0206578272654018,2.420390070921986,2.420390070921986,False
11,department_name,Dresses,1,20,0.05,0.021024100798476303,2.3782229965156794,2.3782229965156794,False
11,garment_group_name,Dresses Ladies,3,20,0.15,0.06651527360632921,2.2551211453744493,2.2551211453744493,False
11,index_group_name,Baby/Children,3,20,0.15,0.06680829243278881,2.2452302631578944,2.2452302631578944,False
11,graphical_appearance_name,Check,1,20,0.05,0.023001977877078604,2.1737261146496816,2.1737261146496816,False
11,perceived_colour_master_name,Red,1,20,0.05,0.0232217419969233,2.1531545741324924,2.1531545741324924,False
11,section_name,Mama,1,20,0.05,0.023294996703538202,2.1463836477987424,2.1463836477987424,False
11,graphical_appearance_name,Denim,3,20,0.15,0.074719800747198,2.0075000000000003,2.0075000000000003,False
11,index_group_name,Menswear,4,20,0.2,0.10438795692623251,1.9159298245614036,1.9159298245614036,False
11,perceived_colour_master_name,Brown,1,20,0.05,0.026151930261519303,1.911904761904762,1.911904761904762,False
11,colour_group_name,Light Blue,1,20,0.05,0.026957732034283203,1.8547554347826087,1.8547554347826087,False
11,perceived_colour_master_name,Orange,1,20,0.05,0.0273972602739726,1.8250000000000002,1.8250000000000002,False
11,perceived_colour_master_name,Green,1,20,0.05,0.027910043220276903,1.7914698162729659,1.7914698162729659,False
11,product_type_name,Dress,4,20,0.2,0.11750054941029961,1.70211970074813,1.70211970074813,False
11,perceived_colour_master_name,Blue,4,20,0.2,0.11933191707567212,1.6759975445058317,1.6759975445058317,False
11,colour_group_name,Grey,1,20,0.05,0.031059995604717602,1.6097877358490567,1.6097877358490567,False
11,product_type_name,Underwear bottom,1,20,0.05,0.031133250311332503,1.606,1.606,False
11,section_name,Womens Tailoring,2,20,0.1,0.06343857592850341,1.5763279445727483,1.5763279445727483,False
11,product_group_name,Garment Full body,4,20,0.2,0.1304666324811369,1.5329590117911287,1.5329590117911287,False
11,index_group_name,Sport,1,20,0.05,0.033111127389934804,1.510066371681416,1.510066371681416,False
11,perceived_colour_master_name,Pink,2,20,0.1,0.06702805655263351,1.4919125683060108,1.4919125683060108,False
11,garment_group_name,Outdoor,1,20,0.05,0.033697165042854006,1.483804347826087,1.483804347826087,False
11,section_name,"Womens Nightwear, Socks & Tigh",1,20,0.05,0.034869240348692404,1.4339285714285714,1.4339285714285714,False
11,section_name,Womens Casual,1,20,0.05,0.039557541572046,1.2639814814814816,1.2639814814814816,False
11,garment_group_name,"Under-, Nightwear",2,20,0.1,0.08475569555343931,1.1798617113223855,1.1798617113223855,False
11,garment_group_name,Trousers Denim,1,20,0.05,0.0430737674895612,1.1607993197278912,1.1607993197278912,False
11,product_group_name,Garment Upper body,9,20,0.45,0.38905574683173394,1.156646582564489,1.156646582564489,False
11,department_name,Blouse,1,20,0.05,0.043293531609405904,1.154906937394247,1.154906937394247,False
11,product_type_name,Blouse,1,20,0.05,0.045344663394623105,1.1026655896607431,1.1026655896607431,False
11,colour_group_name,Beige,1,20,0.05,0.04585744634092741,1.0903354632587858,1.0903354632587858,False
11,product_group_name,Accessories,2,20,0.1,0.092300930334774,1.0834126984126986,1.0834126984126986,False
11,colour_group_name,White,2,20,0.1,0.0960369203721339,1.041266209000763,1.041266209000763,False
11,garment_group_name,Accessories,2,20,0.1,0.0962566844919786,1.038888888888889,1.038888888888889,False
11,graphical_appearance_name,Solid,11,20,0.55,0.5812760969892315,0.9461940768746062,0.9461940768746062,False
11,index_group_name,Ladieswear,11,20,0.55,0.5894806241301004,0.9330247297129365,0.9330247297129365,False
11,colour_group_name,Black,5,20,0.25,0.28027250750860744,0.8919890224777836,0.8919890224777836,False
11,perceived_colour_master_name,Black,5,20,0.25,0.28173760164090544,0.8873504940197607,0.8873504940197607,False
11,product_type_name,T-shirt,1,20,0.05,0.05757819939931141,0.8683842239185751,0.8683842239185751,False
11,section_name,Womens Lingerie,1,20,0.05,0.05765145410592631,0.8672808132147396,0.8672808132147396,False
11,colour_group_name,Dark Blue,1,20,0.05,0.058970038824994506,0.847888198757764,0.847888198757764,False
11,department_name,Jersey,1,20,0.05,0.060801406490367006,0.8223493975903615,0.8223493975903615,False
11,perceived_colour_master_name,White,2,20,0.1,0.12797597245623032,0.7813966800228964,0.7813966800228964,False
11,garment_group_name,Knitwear,1,20,0.05,0.06695480184601861,0.7467724288840263,0.7467724288840263,False
11,product_group_name,Underwear,1,20,0.05,0.06768734891216761,0.7386904761904761,0.7386904761904761,False
11,perceived_colour_master_name,Grey,1,20,0.05,0.07113032012306791,0.7029351184346034,0.7029351184346034,False
11,product_type_name,Sweater,1,20,0.05,0.0791883378507069,0.6314061054579094,0.6314061054579094,False
11,garment_group_name,Jersey Fancy,2,20,0.1,0.16672771225551242,0.599780316344464,0.599780316344464,False
11,perceived_colour_master_name,Beige,1,20,0.05,0.08482895026005421,0.5894214162348878,0.5894214162348878,False
11,garment_group_name,Blouses,1,20,0.05,0.0860742802725075,0.5808936170212766,0.5808936170212766,False
11,garment_group_name,Jersey Basic,1,20,0.05,0.09003003442971211,0.5553702196908056,0.5553702196908056,False
11,section_name,Divided Collection,1,20,0.05,0.10409493809977291,0.48033075299085154,0.48033075299085154,False
11,graphical_appearance_name,All over pattern,1,20,0.05,0.10709838107098381,0.4668604651162791,0.4668604651162791,False
11,section_name,Womens Everyday Collection,1,20,0.05,0.12218885063365321,0.40920263788968825,0.40920263788968825,False
11,product_type_name,Trousers,1,20,0.05,0.1310526701340561,0.38152599217439914,0.38152599217439914,False
11,product_group_name,Garment Lower body,1,20,0.05,0.2052596879349498,0.2435938615274804,0.2435938615274804,False
11,index_group_name,Divided,1,20,0.05,0.2062119991209435,0.2424689165186501,0.2424689165186501,False
12,department_name,Kids Boy Knitwear,1,20,0.05,0.0005127829463043,97.50714285714287,97.50714285714287,False
12,department_name,Young Girl UW/NW,1,20,0.05,0.0011720753058384,42.659375000000004,42.659375000000004,False
12,product_type_name,Hat/brim,1,20,0.05,0.0013185847190682002,37.919444444444444,37.919444444444444,False
12,department_name,Men Sport Tops,1,20,0.05,0.0020511317852172,24.376785714285717,24.376785714285717,False
12,product_type_name,Pyjama set,2,20,0.1,0.0054208482895026005,18.447297297297297,18.447297297297297,True
12,graphical_appearance_name,Mixed solid/pattern,1,20,0.05,0.0035162259175152005,14.219791666666667,14.219791666666667,False
12,department_name,Gloves/Hats,1,20,0.05,0.0035894806241301004,13.929591836734694,13.929591836734694,False
12,graphical_appearance_name,Treatment,1,20,0.05,0.003955754157204601,12.639814814814814,12.639814814814814,False
12,department_name,Baby basics,1,20,0.05,0.0042487729836642,11.768103448275864,11.768103448275864,False
12,department_name,Other items,1,20,0.05,0.0042487729836642,11.768103448275864,11.768103448275864,False
12,product_group_name,Nightwear,2,20,0.1,0.009669621273166801,10.341666666666667,10.341666666666667,True
12,section_name,Girls Underwear & Basics,1,20,0.05,0.004834810636583401,10.341666666666667,10.341666666666667,False
12,product_type_name,Garment Set,1,20,0.05,0.005127829463043,9.750714285714286,9.750714285714286,False
12,section_name,Kids Boy,1,20,0.05,0.0056406124093473006,8.864285714285716,8.864285714285716,False
12,section_name,Men H&M Sport,1,20,0.05,0.0057871218225771,8.63987341772152,8.63987341772152,False
12,department_name,Nightwear,1,20,0.05,0.006080140649036701,8.223493975903615,8.223493975903615,False
12,department_name,Functional Lingerie,1,20,0.05,0.006373159475496301,7.8454022988505745,7.8454022988505745,False
12,product_type_name,Other accessories,1,20,0.05,0.006959197128415501,7.184736842105264,7.184736842105264,False
12,department_name,Denim trousers,1,20,0.05,0.007984763021024101,6.261926605504587,6.261926605504587,False
12,section_name,Denim Men,1,20,0.05,0.0085708006739433,5.833760683760684,5.833760683760684,False
12,colour_group_name,Orange,1,20,0.05,0.008790564793788001,5.687916666666666,5.687916666666666,False
12,colour_group_name,Grey,3,20,0.15,0.031059995604717602,4.8293632075471695,4.8293632075471695,True
12,colour_group_name,Yellow,1,20,0.05,0.011354479525309501,4.403548387096774,4.403548387096774,False
12,graphical_appearance_name,Other structure,2,20,0.1,0.022855468463848803,4.375320512820513,4.375320512820513,False
12,department_name,Skirt,1,20,0.05,0.011647498351769101,4.292767295597485,4.292767295597485,False
12,department_name,Dress,3,20,0.15,0.035894806241301,4.178877551020408,4.178877551020408,False
12,graphical_appearance_name,Lace,1,20,0.05,0.012673064244377702,3.9453757225433526,3.9453757225433526,False
12,perceived_colour_master_name,Orange,2,20,0.1,0.0273972602739726,3.6500000000000004,3.6500000000000004,False
12,section_name,Womens Jackets,1,20,0.05,0.0136986301369863,3.6500000000000004,3.6500000000000004,False
12,product_type_name,Earring,1,20,0.05,0.014724196029594901,3.395771144278607,3.395771144278607,False
12,colour_group_name,Light Orange,1,20,0.05,0.014724196029594901,3.395771144278607,3.395771144278607,False
12,department_name,Outwear,1,20,0.05,0.0150172148560545,3.3295121951219517,3.3295121951219517,False
12,colour_group_name,Blue,2,20,0.1,0.033330891509779505,3.0002197802197803,3.0002197802197803,False
12,product_type_name,Swimwear bottom,1,20,0.05,0.016702073108197203,2.993640350877193,2.993640350877193,False
12,garment_group_name,Outdoor,2,20,0.1,0.033697165042854006,2.967608695652174,2.967608695652174,False
12,product_type_name,Bikini top,1,20,0.05,0.0171416013478866,2.916880341880342,2.916880341880342,False
12,section_name,Baby Essentials & Complements,1,20,0.05,0.017727639000805803,2.8204545454545453,2.8204545454545453,False
12,perceived_colour_master_name,Grey,4,20,0.2,0.07113032012306791,2.8117404737384137,2.8117404737384137,False
12,section_name,"Womens Swimwear, beachwear",2,20,0.1,0.0374331550802139,2.6714285714285717,2.6714285714285717,False
12,colour_group_name,Yellowish Brown,1,20,0.05,0.0187532048934144,2.6662109375000003,2.6662109375000003,False
12,garment_group_name,Swimwear,2,20,0.1,0.038531975679437405,2.5952471482889736,2.5952471482889736,False
12,department_name,Swimwear,2,20,0.1,0.038531975679437405,2.5952471482889736,2.5952471482889736,False
12,garment_group_name,Skirts,1,20,0.05,0.0195590066661783,2.556367041198502,2.556367041198502,False
12,product_group_name,Swimwear,2,20,0.1,0.0397773056918907,2.513996316758748,2.513996316758748,False
12,section_name,Womens Big accessories,1,20,0.05,0.019925280199252802,2.5093750000000004,2.5093750000000004,False
12,product_type_name,Hoodie,1,20,0.05,0.0206578272654018,2.420390070921986,2.420390070921986,False
12,colour_group_name,Pink,1,20,0.05,0.021024100798476303,2.3782229965156794,2.3782229965156794,False
12,colour_group_name,Gold,1,20,0.05,0.021829902571240203,2.290436241610738,2.290436241610738,False
12,garment_group_name,Dresses Ladies,3,20,0.15,0.06651527360632921,2.2551211453744493,2.2551211453744493,False
12,index_group_name,Baby/Children,3,20,0.15,0.06680829243278881,2.2452302631578944,2.2452302631578944,False
12,perceived_colour_master_name,Yellow,1,20,0.05,0.022635704344004103,2.2088996763754047,2.2088996763754047,False
12,colour_group_name,Beige,2,20,0.1,0.04585744634092741,2.1806709265175717,2.1806709265175717,False
12,department_name,Jewellery,1,20,0.05,0.0230752325836935,2.166825396825397,2.166825396825397,False
12,section_name,Mama,1,20,0.05,0.023294996703538202,2.1463836477987424,2.1463836477987424,False
12,section_name,Womens Small accessories,2,20,0.1,0.0514248040436598,1.9445868945868947,1.9445868945868947,False
12,product_group_name,Garment Full body,5,20,0.25,0.1304666324811369,1.9161987647389107,1.9161987647389107,False
12,perceived_colour_master_name,Brown,1,20,0.05,0.026151930261519303,1.911904761904762,1.911904761904762,False
12,graphical_appearance_name,All over pattern,4,20,0.2,0.10709838107098381,1.8674418604651164,1.8674418604651164,False
12,perceived_colour_master_name,Green,1,20,0.05,0.027910043220276903,1.7914698162729659,1.7914698162729659,False
12,garment_group_name,"Under-, Nightwear",3,20,0.15,0.08475569555343931,1.7697925669835781,1.7697925669835781,False
12,product_type_name,Dress,4,20,0.2,0.11750054941029961,1.70211970074813,1.70211970074813,False
12,colour_group_name,Dark Grey,1,20,0.05,0.029375137352574902,1.70211970074813,1.70211970074813,False
12,perceived_colour_master_name,Metal,1,20,0.05,0.030254193831953703,1.6526634382566587,1.6526634382566587,False
12,product_group_name,Accessories,3,20,0.15,0.092300930334774,1.6251190476190476,1.6251190476190476,False
12,graphical_appearance_name,Melange,2,20,0.1,0.0617537176763607,1.6193357058125744,1.6193357058125744,False
12,product_type_name,Jacket,1,20,0.05,0.0312797597245623,1.5984777517564404,1.5984777517564404,False
12,section_name,Womens Tailoring,2,20,0.1,0.06343857592850341,1.5763279445727483,1.5763279445727483,False
12,garment_group_name,Accessories,3,20,0.15,0.0962566844919786,1.5583333333333333,1.5583333333333333,False
12,product_type_name,Bra,1,20,0.05,0.0326715991502454,1.5303811659192827,1.5303811659192827,False
12,index_group_name,Sport,1,20,0.05,0.033111127389934804,1.510066371681416,1.510066371681416,False
12,product_type_name,Skirt,1,20,0.05,0.033404146216394405,1.4968201754385966,1.4968201754385966,False
12,perceived_colour_master_name,Pink,2,20,0.1,0.06702805655263351,1.4919125683060108,1.4919125683060108,False
12,section_name,"Womens Nightwear, Socks & Tigh",1,20,0.05,0.034869240348692404,1.4339285714285714,1.4339285714285714,False
12,colour_group_name,Light Pink,1,20,0.05,0.036773862720679805,1.3596613545816734,1.3596613545816734,False
12,index_group_name,Ladieswear,15,20,0.75,0.5894806241301004,1.2723064496085497,1.2723064496085497,False
12,section_name,Womens Casual,1,20,0.05,0.039557541572046,1.2639814814814816,1.2639814814814816,False
12,section_name,Womens Everyday Collection,3,20,0.15,0.12218885063365321,1.2276079136690647,1.2276079136690647,False
12,perceived_colour_master_name,Beige,2,20,0.1,0.08482895026005421,1.1788428324697755,1.1788428324697755,False
12,garment_group_name,Trousers Denim,1,20,0.05,0.0430737674895612,1.1607993197278912,1.1607993197278912,False
12,department_name,Blouse,1,20,0.05,0.043293531609405904,1.154906937394247,1.154906937394247,False
12,department_name,Trouser,1,20,0.05,0.0446121163284741,1.1207717569786537,1.1207717569786537,False
12,product_type_name,Blouse,1,20,0.05,0.045344663394623105,1.1026655896607431,1.1026655896607431,False
12,section_name,Womens Lingerie,1,20,0.05,0.05765145410592631,0.8672808132147396,0.8672808132147396,False
12,perceived_colour_master_name,Blue,2,20,0.1,0.11933191707567212,0.8379987722529159,0.8379987722529159,False
12,department_name,Jersey,1,20,0.05,0.060801406490367006,0.8223493975903615,0.8223493975903615,False
12,product_type_name,Trousers,2,20,0.1,0.1310526701340561,0.7630519843487983,0.7630519843487983,False
12,garment_group_name,Knitwear,1,20,0.05,0.06695480184601861,0.7467724288840263,0.7467724288840263,False
12,product_group_name,Underwear,1,20,0.05,0.06768734891216761,0.7386904761904761,0.7386904761904761,False
12,product_group_name,Garment Lower body,3,20,0.15,0.2052596879349498,0.7307815845824411,0.7307815845824411,False
12,colour_group_name,Black,4,20,0.2,0.28027250750860744,0.7135912179822269,0.7135912179822269,False
12,graphical_appearance_name,Solid,8,20,0.4,0.5812760969892315,0.6881411468178954,0.6881411468178954,False
12,graphical_appearance_name,Denim,1,20,0.05,0.074719800747198,0.6691666666666668,0.6691666666666668,False
12,product_type_name,Sweater,1,20,0.05,0.0791883378507069,0.6314061054579094,0.6314061054579094,False
12,garment_group_name,Trousers,1,20,0.05,0.0825580543549923,0.6056344276841171,0.6056344276841171,False
12,garment_group_name,Blouses,1,20,0.05,0.0860742802725075,0.5808936170212766,0.5808936170212766,False
12,garment_group_name,Jersey Basic,1,20,0.05,0.09003003442971211,0.5553702196908056,0.5553702196908056,False
12,perceived_colour_master_name,Black,3,20,0.15,0.28173760164090544,0.5324102964118564,0.5324102964118564,False
12,colour_group_name,White,1,20,0.05,0.0960369203721339,0.5206331045003815,0.5206331045003815,False
12,product_group_name,Garment Upper body,4,20,0.2,0.38905574683173394,0.5140651478064395,0.5140651478064395,False
12,index_group_name,Menswear,1,20,0.05,0.10438795692623251,0.4789824561403509,0.4789824561403509,False
12,perceived_colour_master_name,White,1,20,0.05,0.12797597245623032,0.3906983400114482,0.3906983400114482,False
12,garment_group_name,Jersey Fancy,1,20,0.05,0.16672771225551242,0.299890158172232,0.299890158172232,False
13,product_type_name,Pyjama bottom,1,20,0.05,0.0025639147315215,19.501428571428573,19.501428571428573,False
13,department_name,Loungewear,3,20,0.15,0.009596366566551901,15.630916030534351,15.630916030534351,True
13,department_name,Ladies Sport Bottoms,2,20,0.1,0.0068859424218006005,14.522340425531917,14.522340425531917,True
13,department_name,Shopbasket Socks,1,20,0.05,0.0044685371035089,11.189344262295084,11.189344262295084,False
13,product_type_name,Unknown,1,20,0.05,0.006080140649036701,8.223493975903615,8.223493975903615,False
13,product_group_name,Unknown,1,20,0.05,0.006080140649036701,8.223493975903615,8.223493975903615,False
13,department_name,Tops Knitwear,2,20,0.1,0.014357922496520402,6.964795918367347,6.964795918367347,True
13,section_name,"Womens Nightwear, Socks & Tigh",4,20,0.2,0.034869240348692404,5.735714285714286,5.735714285714286,False
13,department_name,Jersey Basic,3,20,0.15,0.026737967914438502,5.61,5.61,False
13,section_name,Womens Everyday Basics,3,20,0.15,0.027177496154127904,5.519272237196765,5.519272237196765,False
13,product_type_name,Leggings/Tights,2,20,0.1,0.018313676653725002,5.4604,5.4604,False
13,product_group_name,Nightwear,1,20,0.05,0.009669621273166801,5.170833333333333,5.170833333333333,False
13,colour_group_name,Green,1,20,0.05,0.009742875979781702,5.131954887218045,5.131954887218045,False
13,product_type_name,Hoodie,2,20,0.1,0.0206578272654018,4.840780141843972,4.840780141843972,False
13,colour_group_name,Light Beige,4,20,0.2,0.0478353234195297,4.181010719754978,4.181010719754978,False
13,section_name,Ladies H&M Sport,2,20,0.1,0.0265182037945938,3.770994475138122,3.770994475138122,False
13,section_name,Womens Jackets,1,20,0.05,0.0136986301369863,3.6500000000000004,3.6500000000000004,False
13,department_name,Basic 1,2,20,0.1,0.029228627939345102,3.4213032581453637,3.4213032581453637,False
13,graphical_appearance_name,Placement print,1,20,0.05,0.014650941322980001,3.4127500000000004,3.4127500000000004,False
13,department_name,Outwear,1,20,0.05,0.0150172148560545,3.3295121951219517,3.3295121951219517,False
13,product_type_name,Sweater,5,20,0.25,0.0791883378507069,3.157030527289547,3.157030527289547,False
13,section_name,Divided Basics,2,20,0.1,0.03208556149732621,3.1166666666666667,3.1166666666666667,False
13,department_name,Trousers,1,20,0.05,0.0164823089883525,3.0335555555555556,3.0335555555555556,False
13,index_group_name,Sport,2,20,0.1,0.033111127389934804,3.020132743362832,3.020132743362832,False
13,garment_group_name,Knitwear,4,20,0.2,0.06695480184601861,2.987089715536105,2.987089715536105,False
13,department_name,Denim Trousers,1,20,0.05,0.0171416013478866,2.916880341880342,2.916880341880342,False
13,garment_group_name,Jersey Basic,5,20,0.25,0.09003003442971211,2.7768510984540278,2.7768510984540278,False
13,colour_group_name,Dark Green,1,20,0.05,0.018533440773569703,2.6978260869565216,2.6978260869565216,False
13,department_name,Knitwear,2,20,0.1,0.039557541572046,2.527962962962963,2.527962962962963,False
13,perceived_colour_master_name,Beige,4,20,0.2,0.08482895026005421,2.357685664939551,2.357685664939551,False
13,product_type_name,Socks,1,20,0.05,0.0240275437696872,2.0809451219512196,2.0809451219512196,False
13,department_name,Jersey fancy,1,20,0.05,0.0247600908358362,2.0193786982248523,2.0193786982248523,False
13,product_type_name,Top,2,20,0.1,0.050692256977510806,1.9726878612716763,1.9726878612716763,False
13,section_name,H&M+,1,20,0.05,0.026811222621053402,1.8648907103825139,1.8648907103825139,False
13,perceived_colour_master_name,Green,1,20,0.05,0.027910043220276903,1.7914698162729659,1.7914698162729659,False
13,colour_group_name,Black,10,20,0.5,0.28027250750860744,1.783978044955567,1.783978044955567,False
13,perceived_colour_master_name,Black,10,20,0.5,0.28173760164090544,1.7747009880395215,1.7747009880395215,False
13,garment_group_name,"Under-, Nightwear",3,20,0.15,0.08475569555343931,1.7697925669835781,1.7697925669835781,False
13,section_name,Ladies Denim,1,20,0.05,0.028862354406270604,1.7323604060913707,1.7323604060913707,False
13,product_type_name,Vest top,1,20,0.05,0.030107684418723902,1.660705596107056,1.660705596107056,False
13,garment_group_name,Socks and Tights,1,20,0.05,0.030254193831953703,1.6526634382566587,1.6526634382566587,False
13,product_group_name,Socks & Tights,1,20,0.05,0.030766976778258005,1.6251190476190476,1.6251190476190476,False
13,graphical_appearance_name,Melange,2,20,0.1,0.0617537176763607,1.6193357058125744,1.6193357058125744,False
13,colour_group_name,Grey,1,20,0.05,0.031059995604717602,1.6097877358490567,1.6097877358490567,False
13,product_type_name,Jacket,1,20,0.05,0.0312797597245623,1.5984777517564404,1.5984777517564404,False
13,colour_group_name,Blue,1,20,0.05,0.033330891509779505,1.5001098901098902,1.5001098901098902,False
13,garment_group_name,Outdoor,1,20,0.05,0.033697165042854006,1.483804347826087,1.483804347826087,False
13,index_group_name,Divided,6,20,0.3,0.2062119991209435,1.4548134991119006,1.4548134991119006,False
13,section_name,Divided Collection,3,20,0.15,0.10409493809977291,1.4409922589725546,1.4409922589725546,False
13,product_group_name,Garment Upper body,11,20,0.55,0.38905574683173394,1.4136791564677087,1.4136791564677087,False
13,perceived_colour_master_name,Grey,2,20,0.1,0.07113032012306791,1.4058702368692069,1.4058702368692069,False
13,graphical_appearance_name,Solid,15,20,0.75,0.5812760969892315,1.290264650283554,1.290264650283554,False
13,section_name,Womens Everyday Collection,3,20,0.15,0.12218885063365321,1.2276079136690647,1.2276079136690647,False
13,product_group_name,Garment Lower body,5,20,0.25,0.2052596879349498,1.2179693076374019,1.2179693076374019,False
13,garment_group_name,Jersey Fancy,4,20,0.2,0.16672771225551242,1.199560632688928,1.199560632688928,False
13,garment_group_name,Trousers Denim,1,20,0.05,0.0430737674895612,1.1607993197278912,1.1607993197278912,False
13,product_type_name,Trousers,3,20,0.15,0.1310526701340561,1.1445779765231974,1.1445779765231974,False
13,index_group_name,Ladieswear,12,20,0.6,0.5894806241301004,1.0178451596868396,1.0178451596868396,False
13,colour_group_name,Dark Blue,1,20,0.05,0.058970038824994506,0.847888198757764,0.847888198757764,False
13,perceived_colour_master_name,Blue,2,20,0.1,0.11933191707567212,0.8379987722529159,0.8379987722529159,False
13,department_name,Jersey,1,20,0.05,0.060801406490367006,0.8223493975903615,0.8223493975903615,False
13,graphical_appearance_name,Denim,1,20,0.05,0.074719800747198,0.6691666666666668,0.6691666666666668,False
13,garment_group_name,Trousers,1,20,0.05,0.0825580543549923,0.6056344276841171,0.6056344276841171,False
13,colour_group_name,White,1,20,0.05,0.0960369203721339,0.5206331045003815,0.5206331045003815,False
13,graphical_appearance_name,All over pattern,1,20,0.05,0.10709838107098381,0.4668604651162791,0.4668604651162791,False
13,product_type_name,Dress,1,20,0.05,0.11750054941029961,0.4255299251870325,0.4255299251870325,False
13,perceived_colour_master_name,White,1,20,0.05,0.12797597245623032,0.3906983400114482,0.3906983400114482,False
13,product_group_name,Garment Full body,1,20,0.05,0.1304666324811369,0.3832397529477822,0.3832397529477822,False
14,department_name,Kids Boy Knitwear,1,20,0.05,0.0005127829463043,97.50714285714287,97.50714285714287,False
14,department_name,Young Girl UW/NW,1,20,0.05,0.0011720753058384,42.659375000000004,42.659375000000004,False
14,product_type_name,Hat/brim,1,20,0.05,0.0013185847190682002,37.919444444444444,37.919444444444444,False
14,department_name,Men Sport Tops,1,20,0.05,0.0020511317852172,24.376785714285717,24.376785714285717,False
14,product_type_name,Pyjama set,2,20,0.1,0.0054208482895026005,18.447297297297297,18.447297297297297,True
14,graphical_appearance_name,Mixed solid/pattern,1,20,0.05,0.0035162259175152005,14.219791666666667,14.219791666666667,False
14,department_name,Gloves/Hats,1,20,0.05,0.0035894806241301004,13.929591836734694,13.929591836734694,False
14,graphical_appearance_name,Treatment,1,20,0.05,0.003955754157204601,12.639814814814814,12.639814814814814,False
14,department_name,Baby basics,1,20,0.05,0.0042487729836642,11.768103448275864,11.768103448275864,False
14,department_name,Other items,1,20,0.05,0.0042487729836642,11.768103448275864,11.768103448275864,False
14,product_group_name,Nightwear,2,20,0.1,0.009669621273166801,10.341666666666667,10.341666666666667,True
14,section_name,Girls Underwear & Basics,1,20,0.05,0.004834810636583401,10.341666666666667,10.341666666666667,False
14,product_type_name,Garment Set,1,20,0.05,0.005127829463043,9.750714285714286,9.750714285714286,False
14,section_name,Kids Boy,1,20,0.05,0.0056406124093473006,8.864285714285716,8.864285714285716,False
14,section_name,Men H&M Sport,1,20,0.05,0.0057871218225771,8.63987341772152,8.63987341772152,False
14,department_name,Nightwear,1,20,0.05,0.006080140649036701,8.223493975903615,8.223493975903615,False
14,department_name,Functional Lingerie,1,20,0.05,0.006373159475496301,7.8454022988505745,7.8454022988505745,False
14,product_type_name,Other accessories,1,20,0.05,0.006959197128415501,7.184736842105264,7.184736842105264,False
14,department_name,Denim trousers,1,20,0.05,0.007984763021024101,6.261926605504587,6.261926605504587,False
14,section_name,Denim Men,1,20,0.05,0.0085708006739433,5.833760683760684,5.833760683760684,False
14,colour_group_name,Orange,1,20,0.05,0.008790564793788001,5.687916666666666,5.687916666666666,False
14,colour_group_name,Grey,3,20,0.15,0.031059995604717602,4.8293632075471695,4.8293632075471695,True
14,colour_group_name,Yellow,1,20,0.05,0.011354479525309501,4.403548387096774,4.403548387096774,False
14,graphical_appearance_name,Other structure,2,20,0.1,0.022855468463848803,4.375320512820513,4.375320512820513,False
14,department_name,Skirt,1,20,0.05,0.011647498351769101,4.292767295597485,4.292767295597485,False
14,department_name,Dress,3,20,0.15,0.035894806241301,4.178877551020408,4.178877551020408,False
14,graphical_appearance_name,Lace,1,20,0.05,0.012673064244377702,3.9453757225433526,3.9453757225433526,False
14,perceived_colour_master_name,Orange,2,20,0.1,0.0273972602739726,3.6500000000000004,3.6500000000000004,False
14,section_name,Womens Jackets,1,20,0.05,0.0136986301369863,3.6500000000000004,3.6500000000000004,False
14,product_type_name,Earring,1,20,0.05,0.014724196029594901,3.395771144278607,3.395771144278607,False
14,colour_group_name,Light Orange,1,20,0.05,0.014724196029594901,3.395771144278607,3.395771144278607,False
14,department_name,Outwear,1,20,0.05,0.0150172148560545,3.3295121951219517,3.3295121951219517,False
14,colour_group_name,Blue,2,20,0.1,0.033330891509779505,3.0002197802197803,3.0002197802197803,False
14,product_type_name,Swimwear bottom,1,20,0.05,0.016702073108197203,2.993640350877193,2.993640350877193,False
14,garment_group_name,Outdoor,2,20,0.1,0.033697165042854006,2.967608695652174,2.967608695652174,False
14,product_type_name,Bikini top,1,20,0.05,0.0171416013478866,2.916880341880342,2.916880341880342,False
14,section_name,Baby Essentials & Complements,1,20,0.05,0.017727639000805803,2.8204545454545453,2.8204545454545453,False
14,perceived_colour_master_name,Grey,4,20,0.2,0.07113032012306791,2.8117404737384137,2.8117404737384137,False
14,section_name,"Womens Swimwear, beachwear",2,20,0.1,0.0374331550802139,2.6714285714285717,2.6714285714285717,False
14,colour_group_name,Yellowish Brown,1,20,0.05,0.0187532048934144,2.6662109375000003,2.6662109375000003,False
14,garment_group_name,Swimwear,2,20,0.1,0.038531975679437405,2.5952471482889736,2.5952471482889736,False
14,department_name,Swimwear,2,20,0.1,0.038531975679437405,2.5952471482889736,2.5952471482889736,False
14,garment_group_name,Skirts,1,20,0.05,0.0195590066661783,2.556367041198502,2.556367041198502,False
14,product_group_name,Swimwear,2,20,0.1,0.0397773056918907,2.513996316758748,2.513996316758748,False
14,section_name,Womens Big accessories,1,20,0.05,0.019925280199252802,2.5093750000000004,2.5093750000000004,False
14,product_type_name,Hoodie,1,20,0.05,0.0206578272654018,2.420390070921986,2.420390070921986,False
14,colour_group_name,Pink,1,20,0.05,0.021024100798476303,2.3782229965156794,2.3782229965156794,False
14,colour_group_name,Gold,1,20,0.05,0.021829902571240203,2.290436241610738,2.290436241610738,False
14,garment_group_name,Dresses Ladies,3,20,0.15,0.06651527360632921,2.2551211453744493,2.2551211453744493,False
14,index_group_name,Baby/Children,3,20,0.15,0.06680829243278881,2.2452302631578944,2.2452302631578944,False
14,perceived_colour_master_name,Yellow,1,20,0.05,0.022635704344004103,2.2088996763754047,2.2088996763754047,False
14,colour_group_name,Beige,2,20,0.1,0.04585744634092741,2.1806709265175717,2.1806709265175717,False
14,department_name,Jewellery,1,20,0.05,0.0230752325836935,2.166825396825397,2.166825396825397,False
14,section_name,Mama,1,20,0.05,0.023294996703538202,2.1463836477987424,2.1463836477987424,False
14,section_name,Womens Small accessories,2,20,0.1,0.0514248040436598,1.9445868945868947,1.9445868945868947,False
14,product_group_name,Garment Full body,5,20,0.25,0.1304666324811369,1.9161987647389107,1.9161987647389107,False
14,perceived_colour_master_name,Brown,1,20,0.05,0.026151930261519303,1.911904761904762,1.911904761904762,False
14,graphical_appearance_name,All over pattern,4,20,0.2,0.10709838107098381,1.8674418604651164,1.8674418604651164,False
14,perceived_colour_master_name,Green,1,20,0.05,0.027910043220276903,1.7914698162729659,1.7914698162729659,False
14,garment_group_name,"Under-, Nightwear",3,20,0.15,0.08475569555343931,1.7697925669835781,1.7697925669835781,False
14,product_type_name,Dress,4,20,0.2,0.11750054941029961,1.70211970074813,1.70211970074813,False
14,colour_group_name,Dark Grey,1,20,0.05,0.029375137352574902,1.70211970074813,1.70211970074813,False
14,perceived_colour_master_name,Metal,1,20,0.05,0.030254193831953703,1.6526634382566587,1.6526634382566587,False
14,product_group_name,Accessories,3,20,0.15,0.092300930334774,1.6251190476190476,1.6251190476190476,False
14,graphical_appearance_name,Melange,2,20,0.1,0.0617537176763607,1.6193357058125744,1.6193357058125744,False
14,product_type_name,Jacket,1,20,0.05,0.0312797597245623,1.5984777517564404,1.5984777517564404,False
14,section_name,Womens Tailoring,2,20,0.1,0.06343857592850341,1.5763279445727483,1.5763279445727483,False
14,garment_group_name,Accessories,3,20,0.15,0.0962566844919786,1.5583333333333333,1.5583333333333333,False
14,product_type_name,Bra,1,20,0.05,0.0326715991502454,1.5303811659192827,1.5303811659192827,False
14,index_group_name,Sport,1,20,0.05,0.033111127389934804,1.510066371681416,1.510066371681416,False
14,product_type_name,Skirt,1,20,0.05,0.033404146216394405,1.4968201754385966,1.4968201754385966,False
14,perceived_colour_master_name,Pink,2,20,0.1,0.06702805655263351,1.4919125683060108,1.4919125683060108,False
14,section_name,"Womens Nightwear, Socks & Tigh",1,20,0.05,0.034869240348692404,1.4339285714285714,1.4339285714285714,False
14,colour_group_name,Light Pink,1,20,0.05,0.036773862720679805,1.3596613545816734,1.3596613545816734,False
14,index_group_name,Ladieswear,15,20,0.75,0.5894806241301004,1.2723064496085497,1.2723064496085497,False
14,section_name,Womens Casual,1,20,0.05,0.039557541572046,1.2639814814814816,1.2639814814814816,False
14,section_name,Womens Everyday Collection,3,20,0.15,0.12218885063365321,1.2276079136690647,1.2276079136690647,False
14,perceived_colour_master_name,Beige,2,20,0.1,0.08482895026005421,1.1788428324697755,1.1788428324697755,False
14,garment_group_name,Trousers Denim,1,20,0.05,0.0430737674895612,1.1607993197278912,1.1607993197278912,False
14,department_name,Blouse,1,20,0.05,0.043293531609405904,1.154906937394247,1.154906937394247,False
14,department_name,Trouser,1,20,0.05,0.0446121163284741,1.1207717569786537,1.1207717569786537,False
14,product_type_name,Blouse,1,20,0.05,0.045344663394623105,1.1026655896607431,1.1026655896607431,False
14,section_name,Womens Lingerie,1,20,0.05,0.05765145410592631,0.8672808132147396,0.8672808132147396,False
14,perceived_colour_master_name,Blue,2,20,0.1,0.11933191707567212,0.8379987722529159,0.8379987722529159,False
14,department_name,Jersey,1,20,0.05,0.060801406490367006,0.8223493975903615,0.8223493975903615,False
14,product_type_name,Trousers,2,20,0.1,0.1310526701340561,0.7630519843487983,0.7630519843487983,False
14,garment_group_name,Knitwear,1,20,0.05,0.06695480184601861,0.7467724288840263,0.7467724288840263,False
14,product_group_name,Underwear,1,20,0.05,0.06768734891216761,0.7386904761904761,0.7386904761904761,False
14,product_group_name,Garment Lower body,3,20,0.15,0.2052596879349498,0.7307815845824411,0.7307815845824411,False
14,colour_group_name,Black,4,20,0.2,0.28027250750860744,0.7135912179822269,0.7135912179822269,False
14,graphical_appearance_name,Solid,8,20,0.4,0.5812760969892315,0.6881411468178954,0.6881411468178954,False
14,graphical_appearance_name,Denim,1,20,0.05,0.074719800747198,0.6691666666666668,0.6691666666666668,False
14,product_type_name,Sweater,1,20,0.05,0.0791883378507069,0.6314061054579094,0.6314061054579094,False
14,garment_group_name,Trousers,1,20,0.05,0.0825580543549923,0.6056344276841171,0.6056344276841171,False
14,garment_group_name,Blouses,1,20,0.05,0.0860742802725075,0.5808936170212766,0.5808936170212766,False
14,garment_group_name,Jersey Basic,1,20,0.05,0.09003003442971211,0.5553702196908056,0.5553702196908056,False
14,perceived_colour_master_name,Black,3,20,0.15,0.28173760164090544,0.5324102964118564,0.5324102964118564,False
14,colour_group_name,White,1,20,0.05,0.0960369203721339,0.5206331045003815,0.5206331045003815,False
14,product_group_name,Garment Upper body,4,20,0.2,0.38905574683173394,0.5140651478064395,0.5140651478064395,False
14,index_group_name,Menswear,1,20,0.05,0.10438795692623251,0.4789824561403509,0.4789824561403509,False
14,perceived_colour_master_name,White,1,20,0.05,0.12797597245623032,0.3906983400114482,0.3906983400114482,False
14,garment_group_name,Jersey Fancy,1,20,0.05,0.16672771225551242,0.299890158172232,0.299890158172232,False
15,product_type_name,Pyjama bottom,1,20,0.05,0.0025639147315215,19.501428571428573,19.501428571428573,False
15,department_name,Loungewear,3,20,0.15,0.009596366566551901,15.630916030534351,15.630916030534351,True
15,department_name,Ladies Sport Bottoms,2,20,0.1,0.0068859424218006005,14.522340425531917,14.522340425531917,True
15,department_name,Shopbasket Socks,1,20,0.05,0.0044685371035089,11.189344262295084,11.189344262295084,False
15,product_type_name,Unknown,1,20,0.05,0.006080140649036701,8.223493975903615,8.223493975903615,False
15,product_group_name,Unknown,1,20,0.05,0.006080140649036701,8.223493975903615,8.223493975903615,False
15,department_name,Tops Knitwear,2,20,0.1,0.014357922496520402,6.964795918367347,6.964795918367347,True
15,section_name,"Womens Nightwear, Socks & Tigh",4,20,0.2,0.034869240348692404,5.735714285714286,5.735714285714286,False
15,department_name,Jersey Basic,3,20,0.15,0.026737967914438502,5.61,5.61,False
15,section_name,Womens Everyday Basics,3,20,0.15,0.027177496154127904,5.519272237196765,5.519272237196765,False
15,product_type_name,Leggings/Tights,2,20,0.1,0.018313676653725002,5.4604,5.4604,False
15,product_group_name,Nightwear,1,20,0.05,0.009669621273166801,5.170833333333333,5.170833333333333,False
15,colour_group_name,Green,1,20,0.05,0.009742875979781702,5.131954887218045,5.131954887218045,False
15,product_type_name,Hoodie,2,20,0.1,0.0206578272654018,4.840780141843972,4.840780141843972,False
15,colour_group_name,Light Beige,4,20,0.2,0.0478353234195297,4.181010719754978,4.181010719754978,False
15,section_name,Ladies H&M Sport,2,20,0.1,0.0265182037945938,3.770994475138122,3.770994475138122,False
15,section_name,Womens Jackets,1,20,0.05,0.0136986301369863,3.6500000000000004,3.6500000000000004,False
15,department_name,Basic 1,2,20,0.1,0.029228627939345102,3.4213032581453637,3.4213032581453637,False
15,graphical_appearance_name,Placement print,1,20,0.05,0.014650941322980001,3.4127500000000004,3.4127500000000004,False
15,department_name,Outwear,1,20,0.05,0.0150172148560545,3.3295121951219517,3.3295121951219517,False
15,product_type_name,Sweater,5,20,0.25,0.0791883378507069,3.157030527289547,3.157030527289547,False
15,section_name,Divided Basics,2,20,0.1,0.03208556149732621,3.1166666666666667,3.1166666666666667,False
15,department_name,Trousers,1,20,0.05,0.0164823089883525,3.0335555555555556,3.0335555555555556,False
15,index_group_name,Sport,2,20,0.1,0.033111127389934804,3.020132743362832,3.020132743362832,False
15,garment_group_name,Knitwear,4,20,0.2,0.06695480184601861,2.987089715536105,2.987089715536105,False
15,department_name,Denim Trousers,1,20,0.05,0.0171416013478866,2.916880341880342,2.916880341880342,False
15,garment_group_name,Jersey Basic,5,20,0.25,0.09003003442971211,2.7768510984540278,2.7768510984540278,False
15,colour_group_name,Dark Green,1,20,0.05,0.018533440773569703,2.6978260869565216,2.6978260869565216,False
15,department_name,Knitwear,2,20,0.1,0.039557541572046,2.527962962962963,2.527962962962963,False
15,perceived_colour_master_name,Beige,4,20,0.2,0.08482895026005421,2.357685664939551,2.357685664939551,False
15,product_type_name,Socks,1,20,0.05,0.0240275437696872,2.0809451219512196,2.0809451219512196,False
15,department_name,Jersey fancy,1,20,0.05,0.0247600908358362,2.0193786982248523,2.0193786982248523,False
15,product_type_name,Top,2,20,0.1,0.050692256977510806,1.9726878612716763,1.9726878612716763,False
15,section_name,H&M+,1,20,0.05,0.026811222621053402,1.8648907103825139,1.8648907103825139,False
15,perceived_colour_master_name,Green,1,20,0.05,0.027910043220276903,1.7914698162729659,1.7914698162729659,False
15,colour_group_name,Black,10,20,0.5,0.28027250750860744,1.783978044955567,1.783978044955567,False
15,perceived_colour_master_name,Black,10,20,0.5,0.28173760164090544,1.7747009880395215,1.7747009880395215,False
15,garment_group_name,"Under-, Nightwear",3,20,0.15,0.08475569555343931,1.7697925669835781,1.7697925669835781,False
15,section_name,Ladies Denim,1,20,0.05,0.028862354406270604,1.7323604060913707,1.7323604060913707,False
15,product_type_name,Vest top,1,20,0.05,0.030107684418723902,1.660705596107056,1.660705596107056,False
15,garment_group_name,Socks and Tights,1,20,0.05,0.030254193831953703,1.6526634382566587,1.6526634382566587,False
15,product_group_name,Socks & Tights,1,20,0.05,0.030766976778258005,1.6251190476190476,1.6251190476190476,False
15,graphical_appearance_name,Melange,2,20,0.1,0.0617537176763607,1.6193357058125744,1.6193357058125744,False
15,colour_group_name,Grey,1,20,0.05,0.031059995604717602,1.6097877358490567,1.6097877358490567,False
15,product_type_name,Jacket,1,20,0.05,0.0312797597245623,1.5984777517564404,1.5984777517564404,False
15,colour_group_name,Blue,1,20,0.05,0.033330891509779505,1.5001098901098902,1.5001098901098902,False
15,garment_group_name,Outdoor,1,20,0.05,0.033697165042854006,1.483804347826087,1.483804347826087,False
15,index_group_name,Divided,6,20,0.3,0.2062119991209435,1.4548134991119006,1.4548134991119006,False
15,section_name,Divided Collection,3,20,0.15,0.10409493809977291,1.4409922589725546,1.4409922589725546,False
15,product_group_name,Garment Upper body,11,20,0.55,0.38905574683173394,1.4136791564677087,1.4136791564677087,False
15,perceived_colour_master_name,Grey,2,20,0.1,0.07113032012306791,1.4058702368692069,1.4058702368692069,False
15,graphical_appearance_name,Solid,15,20,0.75,0.5812760969892315,1.290264650283554,1.290264650283554,False
15,section_name,Womens Everyday Collection,3,20,0.15,0.12218885063365321,1.2276079136690647,1.2276079136690647,False
15,product_group_name,Garment Lower body,5,20,0.25,0.2052596879349498,1.2179693076374019,1.2179693076374019,False
15,garment_group_name,Jersey Fancy,4,20,0.2,0.16672771225551242,1.199560632688928,1.199560632688928,False
15,garment_group_name,Trousers Denim,1,20,0.05,0.0430737674895612,1.1607993197278912,1.1607993197278912,False
15,product_type_name,Trousers,3,20,0.15,0.1310526701340561,1.1445779765231974,1.1445779765231974,False
15,index_group_name,Ladieswear,12,20,0.6,0.5894806241301004,1.0178451596868396,1.0178451596868396,False
15,colour_group_name,Dark Blue,1,20,0.05,0.058970038824994506,0.847888198757764,0.847888198757764,False
15,perceived_colour_master_name,Blue,2,20,0.1,0.11933191707567212,0.8379987722529159,0.8379987722529159,False
15,department_name,Jersey,1,20,0.05,0.060801406490367006,0.8223493975903615,0.8223493975903615,False
15,graphical_appearance_name,Denim,1,20,0.05,0.074719800747198,0.6691666666666668,0.6691666666666668,False
15,garment_group_name,Trousers,1,20,0.05,0.0825580543549923,0.6056344276841171,0.6056344276841171,False
15,colour_group_name,White,1,20,0.05,0.0960369203721339,0.5206331045003815,0.5206331045003815,False
15,graphical_appearance_name,All over pattern,1,20,0.05,0.10709838107098381,0.4668604651162791,0.4668604651162791,False
15,product_type_name,Dress,1,20,0.05,0.11750054941029961,0.4255299251870325,0.4255299251870325,False
15,perceived_colour_master_name,White,1,20,0.05,0.12797597245623032,0.3906983400114482,0.3906983400114482,False
15,product_group_name,Garment Full body,1,20,0.05,0.1304666324811369,0.3832397529477822,0.3832397529477822,False
16,department_name,Kids Boy Knitwear,1,20,0.05,0.0005127829463043,97.50714285714287,97.50714285714287,False
16,product_type_name,Hat/brim,1,20,0.05,0.0013185847190682002,37.919444444444444,37.919444444444444,False
16,department_name,Men Sport Tops,1,20,0.05,0.0020511317852172,24.376785714285717,24.376785714285717,False
16,department_name,Young Boy Jersey Basic,1,20,0.05,0.0025639147315215,19.501428571428573,19.501428571428573,False
16,department_name,Shirt,3,20,0.15,0.009156838326862501,16.3812,16.3812,True
16,graphical_appearance_name,Mixed solid/pattern,1,20,0.05,0.0035162259175152005,14.219791666666667,14.219791666666667,False
16,department_name,Gloves/Hats,1,20,0.05,0.0035894806241301004,13.929591836734694,13.929591836734694,False
16,garment_group_name,Shirts,3,20,0.15,0.012526554831147901,11.97456140350877,11.97456140350877,True
16,colour_group_name,Light Turquoise,1,20,0.05,0.0049080653431983,10.187313432835822,10.187313432835822,False
16,section_name,Contemporary Casual,2,20,0.1,0.010621932459160502,9.41448275862069,9.41448275862069,True
16,department_name,Suit jacket,1,20,0.05,0.0053475935828877,9.350000000000001,9.350000000000001,False
16,product_type_name,Pyjama set,1,20,0.05,0.0054208482895026005,9.223648648648648,9.223648648648648,False
16,section_name,Kids Boy,1,20,0.05,0.0056406124093473006,8.864285714285716,8.864285714285716,False
16,section_name,Men H&M Sport,1,20,0.05,0.0057871218225771,8.63987341772152,8.63987341772152,False
16,department_name,Nightwear,1,20,0.05,0.006080140649036701,8.223493975903615,8.223493975903615,False
16,section_name,Boys Underwear & Basics,1,20,0.05,0.006373159475496301,7.8454022988505745,7.8454022988505745,False
16,department_name,Denim trousers,1,20,0.05,0.007984763021024101,6.261926605504587,6.261926605504587,False
16,section_name,Denim Men,1,20,0.05,0.0085708006739433,5.833760683760684,5.833760683760684,False
16,department_name,Casual Lingerie,2,20,0.1,0.017581129587576003,5.687916666666666,5.687916666666666,False
16,colour_group_name,Orange,1,20,0.05,0.008790564793788001,5.687916666666666,5.687916666666666,False
16,perceived_colour_master_name,Turquoise,1,20,0.05,0.009230093033477401,5.417063492063492,5.417063492063492,False
16,product_group_name,Nightwear,1,20,0.05,0.009669621273166801,5.170833333333333,5.170833333333333,False
16,colour_group_name,Green,1,20,0.05,0.009742875979781702,5.131954887218045,5.131954887218045,False
16,product_type_name,Shirt,3,20,0.15,0.031646033257636805,4.7399305555555555,4.7399305555555555,False
16,graphical_appearance_name,Other structure,2,20,0.1,0.022855468463848803,4.375320512820513,4.375320512820513,False
16,department_name,Dress,3,20,0.15,0.035894806241301,4.178877551020408,4.178877551020408,False
16,colour_group_name,Dark Red,1,20,0.05,0.0128195736576075,3.900285714285715,3.900285714285715,False
16,garment_group_name,Dressed,1,20,0.05,0.013112592484067102,3.813128491620112,3.813128491620112,False
16,perceived_colour_master_name,Green,2,20,0.1,0.027910043220276903,3.5829396325459317,3.5829396325459317,False
16,product_type_name,Blazer,1,20,0.05,0.014211413083290601,3.5182989690721653,3.5182989690721653,False
16,product_type_name,Underwear bottom,2,20,0.1,0.031133250311332503,3.212,3.212,False
16,garment_group_name,Dresses Ladies,4,20,0.2,0.06651527360632921,3.0068281938325994,3.0068281938325994,False
16,colour_group_name,Blue,2,20,0.1,0.033330891509779505,3.0002197802197803,3.0002197802197803,False
16,product_type_name,Swimwear bottom,1,20,0.05,0.016702073108197203,2.993640350877193,2.993640350877193,False
16,product_type_name,Bikini top,1,20,0.05,0.0171416013478866,2.916880341880342,2.916880341880342,False
16,section_name,Contemporary Smart,1,20,0.05,0.0180206578272654,2.7745934959349596,2.7745934959349596,False
16,colour_group_name,Light Pink,2,20,0.1,0.036773862720679805,2.7193227091633467,2.7193227091633467,False
16,colour_group_name,Dark Green,1,20,0.05,0.018533440773569703,2.6978260869565216,2.6978260869565216,False
16,section_name,"Womens Swimwear, beachwear",2,20,0.1,0.0374331550802139,2.6714285714285717,2.6714285714285717,False
16,colour_group_name,Yellowish Brown,1,20,0.05,0.0187532048934144,2.6662109375000003,2.6662109375000003,False
16,garment_group_name,Swimwear,2,20,0.1,0.038531975679437405,2.5952471482889736,2.5952471482889736,False
16,department_name,Swimwear,2,20,0.1,0.038531975679437405,2.5952471482889736,2.5952471482889736,False
16,product_group_name,Swimwear,2,20,0.1,0.0397773056918907,2.513996316758748,2.513996316758748,False
16,section_name,Womens Big accessories,1,20,0.05,0.019925280199252802,2.5093750000000004,2.5093750000000004,False
16,product_type_name,Hoodie,1,20,0.05,0.0206578272654018,2.420390070921986,2.420390070921986,False
16,department_name,Dresses,1,20,0.05,0.021024100798476303,2.3782229965156794,2.3782229965156794,False
16,section_name,Womens Tailoring,3,20,0.15,0.06343857592850341,2.364491916859122,2.364491916859122,False
16,graphical_appearance_name,Check,1,20,0.05,0.023001977877078604,2.1737261146496816,2.1737261146496816,False
16,perceived_colour_master_name,Red,1,20,0.05,0.0232217419969233,2.1531545741324924,2.1531545741324924,False
16,section_name,Mama,1,20,0.05,0.023294996703538202,2.1463836477987424,2.1463836477987424,False
16,product_type_name,Dress,5,20,0.25,0.11750054941029961,2.1276496259351623,2.1276496259351623,False
16,graphical_appearance_name,Denim,3,20,0.15,0.074719800747198,2.0075000000000003,2.0075000000000003,False
16,product_group_name,Garment Full body,5,20,0.25,0.1304666324811369,1.9161987647389107,1.9161987647389107,False
16,index_group_name,Menswear,4,20,0.2,0.10438795692623251,1.9159298245614036,1.9159298245614036,False
16,perceived_colour_master_name,Brown,1,20,0.05,0.026151930261519303,1.911904761904762,1.911904761904762,False
16,colour_group_name,Light Blue,1,20,0.05,0.026957732034283203,1.8547554347826087,1.8547554347826087,False
16,perceived_colour_master_name,Orange,1,20,0.05,0.0273972602739726,1.8250000000000002,1.8250000000000002,False
16,garment_group_name,"Under-, Nightwear",3,20,0.15,0.08475569555343931,1.7697925669835781,1.7697925669835781,False
16,section_name,Womens Lingerie,2,20,0.1,0.05765145410592631,1.7345616264294792,1.7345616264294792,False
16,perceived_colour_master_name,Blue,4,20,0.2,0.11933191707567212,1.6759975445058317,1.6759975445058317,False
16,colour_group_name,Grey,1,20,0.05,0.031059995604717602,1.6097877358490567,1.6097877358490567,False
16,index_group_name,Sport,1,20,0.05,0.033111127389934804,1.510066371681416,1.510066371681416,False
16,index_group_name,Baby/Children,2,20,0.1,0.06680829243278881,1.4968201754385966,1.4968201754385966,False
16,perceived_colour_master_name,Pink,2,20,0.1,0.06702805655263351,1.4919125683060108,1.4919125683060108,False
16,garment_group_name,Outdoor,1,20,0.05,0.033697165042854006,1.483804347826087,1.483804347826087,False
16,product_group_name,Underwear,2,20,0.1,0.06768734891216761,1.4773809523809522,1.4773809523809522,False
16,section_name,"Womens Nightwear, Socks & Tigh",1,20,0.05,0.034869240348692404,1.4339285714285714,1.4339285714285714,False
16,section_name,Womens Casual,1,20,0.05,0.039557541572046,1.2639814814814816,1.2639814814814816,False
16,garment_group_name,Trousers Denim,1,20,0.05,0.0430737674895612,1.1607993197278912,1.1607993197278912,False
16,department_name,Blouse,1,20,0.05,0.043293531609405904,1.154906937394247,1.154906937394247,False
16,product_type_name,Blouse,1,20,0.05,0.045344663394623105,1.1026655896607431,1.1026655896607431,False
16,colour_group_name,Beige,1,20,0.05,0.04585744634092741,1.0903354632587858,1.0903354632587858,False
16,graphical_appearance_name,Solid,12,20,0.6,0.5812760969892315,1.032211720226843,1.032211720226843,False
16,product_group_name,Garment Upper body,8,20,0.4,0.38905574683173394,1.028130295612879,1.028130295612879,False
16,index_group_name,Ladieswear,12,20,0.6,0.5894806241301004,1.0178451596868396,1.0178451596868396,False
16,colour_group_name,Black,5,20,0.25,0.28027250750860744,0.8919890224777836,0.8919890224777836,False
16,perceived_colour_master_name,Black,5,20,0.25,0.28173760164090544,0.8873504940197607,0.8873504940197607,False
16,product_type_name,T-shirt,1,20,0.05,0.05757819939931141,0.8683842239185751,0.8683842239185751,False
16,colour_group_name,Dark Blue,1,20,0.05,0.058970038824994506,0.847888198757764,0.847888198757764,False
16,department_name,Jersey,1,20,0.05,0.060801406490367006,0.8223493975903615,0.8223493975903615,False
16,garment_group_name,Knitwear,1,20,0.05,0.06695480184601861,0.7467724288840263,0.7467724288840263,False
16,perceived_colour_master_name,Grey,1,20,0.05,0.07113032012306791,0.7029351184346034,0.7029351184346034,False
16,product_type_name,Sweater,1,20,0.05,0.0791883378507069,0.6314061054579094,0.6314061054579094,False
16,perceived_colour_master_name,Beige,1,20,0.05,0.08482895026005421,0.5894214162348878,0.5894214162348878,False
16,garment_group_name,Blouses,1,20,0.05,0.0860742802725075,0.5808936170212766,0.5808936170212766,False
16,garment_group_name,Jersey Basic,1,20,0.05,0.09003003442971211,0.5553702196908056,0.5553702196908056,False
16,product_group_name,Accessories,1,20,0.05,0.092300930334774,0.5417063492063493,0.5417063492063493,False
16,colour_group_name,White,1,20,0.05,0.0960369203721339,0.5206331045003815,0.5206331045003815,False
16,garment_group_name,Accessories,1,20,0.05,0.0962566844919786,0.5194444444444445,0.5194444444444445,False
16,section_name,Divided Collection,1,20,0.05,0.10409493809977291,0.48033075299085154,0.48033075299085154,False
16,graphical_appearance_name,All over pattern,1,20,0.05,0.10709838107098381,0.4668604651162791,0.4668604651162791,False
16,section_name,Womens Everyday Collection,1,20,0.05,0.12218885063365321,0.40920263788968825,0.40920263788968825,False
16,perceived_colour_master_name,White,1,20,0.05,0.12797597245623032,0.3906983400114482,0.3906983400114482,False
16,product_type_name,Trousers,1,20,0.05,0.1310526701340561,0.38152599217439914,0.38152599217439914,False
16,garment_group_name,Jersey Fancy,1,20,0.05,0.16672771225551242,0.299890158172232,0.299890158172232,False
16,product_group_name,Garment Lower body,1,20,0.05,0.2052596879349498,0.2435938615274804,0.2435938615274804,False
16,index_group_name,Divided,1,20,0.05,0.2062119991209435,0.2424689165186501,0.2424689165186501,False
17,department_name,Kids Boy Knitwear,1,20,0.05,0.0005127829463043,97.50714285714287,97.50714285714287,False
17,department_name,Young Girl UW/NW,1,20,0.05,0.0011720753058384,42.659375000000004,42.659375000000004,False
17,product_type_name,Hat/brim,1,20,0.05,0.0013185847190682002,37.919444444444444,37.919444444444444,False
17,department_name,Men Sport Tops,1,20,0.05,0.0020511317852172,24.376785714285717,24.376785714285717,False
17,product_type_name,Pyjama set,2,20,0.1,0.0054208482895026005,18.447297297297297,18.447297297297297,True
17,graphical_appearance_name,Mixed solid/pattern,1,20,0.05,0.0035162259175152005,14.219791666666667,14.219791666666667,False
17,department_name,Gloves/Hats,1,20,0.05,0.0035894806241301004,13.929591836734694,13.929591836734694,False
17,graphical_appearance_name,Treatment,1,20,0.05,0.003955754157204601,12.639814814814814,12.639814814814814,False
17,department_name,Baby basics,1,20,0.05,0.0042487729836642,11.768103448275864,11.768103448275864,False
17,department_name,Other items,1,20,0.05,0.0042487729836642,11.768103448275864,11.768103448275864,False
17,product_group_name,Nightwear,2,20,0.1,0.009669621273166801,10.341666666666667,10.341666666666667,True
17,section_name,Girls Underwear & Basics,1,20,0.05,0.004834810636583401,10.341666666666667,10.341666666666667,False
17,product_type_name,Garment Set,1,20,0.05,0.005127829463043,9.750714285714286,9.750714285714286,False
17,section_name,Kids Boy,1,20,0.05,0.0056406124093473006,8.864285714285716,8.864285714285716,False
17,section_name,Men H&M Sport,1,20,0.05,0.0057871218225771,8.63987341772152,8.63987341772152,False
17,department_name,Nightwear,1,20,0.05,0.006080140649036701,8.223493975903615,8.223493975903615,False
17,department_name,Functional Lingerie,1,20,0.05,0.006373159475496301,7.8454022988505745,7.8454022988505745,False
17,product_type_name,Other accessories,1,20,0.05,0.006959197128415501,7.184736842105264,7.184736842105264,False
17,department_name,Denim trousers,1,20,0.05,0.007984763021024101,6.261926605504587,6.261926605504587,False
17,section_name,Denim Men,1,20,0.05,0.0085708006739433,5.833760683760684,5.833760683760684,False
17,colour_group_name,Orange,1,20,0.05,0.008790564793788001,5.687916666666666,5.687916666666666,False
17,colour_group_name,Grey,3,20,0.15,0.031059995604717602,4.8293632075471695,4.8293632075471695,True
17,colour_group_name,Yellow,1,20,0.05,0.011354479525309501,4.403548387096774,4.403548387096774,False
17,graphical_appearance_name,Other structure,2,20,0.1,0.022855468463848803,4.375320512820513,4.375320512820513,False
17,department_name,Skirt,1,20,0.05,0.011647498351769101,4.292767295597485,4.292767295597485,False
17,department_name,Dress,3,20,0.15,0.035894806241301,4.178877551020408,4.178877551020408,False
17,graphical_appearance_name,Lace,1,20,0.05,0.012673064244377702,3.9453757225433526,3.9453757225433526,False
17,perceived_colour_master_name,Orange,2,20,0.1,0.0273972602739726,3.6500000000000004,3.6500000000000004,False
17,section_name,Womens Jackets,1,20,0.05,0.0136986301369863,3.6500000000000004,3.6500000000000004,False
17,product_type_name,Earring,1,20,0.05,0.014724196029594901,3.395771144278607,3.395771144278607,False
17,colour_group_name,Light Orange,1,20,0.05,0.014724196029594901,3.395771144278607,3.395771144278607,False
17,department_name,Outwear,1,20,0.05,0.0150172148560545,3.3295121951219517,3.3295121951219517,False
17,colour_group_name,Blue,2,20,0.1,0.033330891509779505,3.0002197802197803,3.0002197802197803,False
17,product_type_name,Swimwear bottom,1,20,0.05,0.016702073108197203,2.993640350877193,2.993640350877193,False
17,garment_group_name,Outdoor,2,20,0.1,0.033697165042854006,2.967608695652174,2.967608695652174,False
17,product_type_name,Bikini top,1,20,0.05,0.0171416013478866,2.916880341880342,2.916880341880342,False
17,section_name,Baby Essentials & Complements,1,20,0.05,0.017727639000805803,2.8204545454545453,2.8204545454545453,False
17,perceived_colour_master_name,Grey,4,20,0.2,0.07113032012306791,2.8117404737384137,2.8117404737384137,False
17,section_name,"Womens Swimwear, beachwear",2,20,0.1,0.0374331550802139,2.6714285714285717,2.6714285714285717,False
17,colour_group_name,Yellowish Brown,1,20,0.05,0.0187532048934144,2.6662109375000003,2.6662109375000003,False
17,garment_group_name,Swimwear,2,20,0.1,0.038531975679437405,2.5952471482889736,2.5952471482889736,False
17,department_name,Swimwear,2,20,0.1,0.038531975679437405,2.5952471482889736,2.5952471482889736,False
17,garment_group_name,Skirts,1,20,0.05,0.0195590066661783,2.556367041198502,2.556367041198502,False
17,product_group_name,Swimwear,2,20,0.1,0.0397773056918907,2.513996316758748,2.513996316758748,False
17,section_name,Womens Big accessories,1,20,0.05,0.019925280199252802,2.5093750000000004,2.5093750000000004,False
17,product_type_name,Hoodie,1,20,0.05,0.0206578272654018,2.420390070921986,2.420390070921986,False
17,colour_group_name,Pink,1,20,0.05,0.021024100798476303,2.3782229965156794,2.3782229965156794,False
17,colour_group_name,Gold,1,20,0.05,0.021829902571240203,2.290436241610738,2.290436241610738,False
17,garment_group_name,Dresses Ladies,3,20,0.15,0.06651527360632921,2.2551211453744493,2.2551211453744493,False
17,index_group_name,Baby/Children,3,20,0.15,0.06680829243278881,2.2452302631578944,2.2452302631578944,False
17,perceived_colour_master_name,Yellow,1,20,0.05,0.022635704344004103,2.2088996763754047,2.2088996763754047,False
17,colour_group_name,Beige,2,20,0.1,0.04585744634092741,2.1806709265175717,2.1806709265175717,False
17,department_name,Jewellery,1,20,0.05,0.0230752325836935,2.166825396825397,2.166825396825397,False
17,section_name,Mama,1,20,0.05,0.023294996703538202,2.1463836477987424,2.1463836477987424,False
17,section_name,Womens Small accessories,2,20,0.1,0.0514248040436598,1.9445868945868947,1.9445868945868947,False
17,product_group_name,Garment Full body,5,20,0.25,0.1304666324811369,1.9161987647389107,1.9161987647389107,False
17,perceived_colour_master_name,Brown,1,20,0.05,0.026151930261519303,1.911904761904762,1.911904761904762,False
17,graphical_appearance_name,All over pattern,4,20,0.2,0.10709838107098381,1.8674418604651164,1.8674418604651164,False
17,perceived_colour_master_name,Green,1,20,0.05,0.027910043220276903,1.7914698162729659,1.7914698162729659,False
17,garment_group_name,"Under-, Nightwear",3,20,0.15,0.08475569555343931,1.7697925669835781,1.7697925669835781,False
17,product_type_name,Dress,4,20,0.2,0.11750054941029961,1.70211970074813,1.70211970074813,False
17,colour_group_name,Dark Grey,1,20,0.05,0.029375137352574902,1.70211970074813,1.70211970074813,False
17,perceived_colour_master_name,Metal,1,20,0.05,0.030254193831953703,1.6526634382566587,1.6526634382566587,False
17,product_group_name,Accessories,3,20,0.15,0.092300930334774,1.6251190476190476,1.6251190476190476,False
17,graphical_appearance_name,Melange,2,20,0.1,0.0617537176763607,1.6193357058125744,1.6193357058125744,False
17,product_type_name,Jacket,1,20,0.05,0.0312797597245623,1.5984777517564404,1.5984777517564404,False
17,section_name,Womens Tailoring,2,20,0.1,0.06343857592850341,1.5763279445727483,1.5763279445727483,False
17,garment_group_name,Accessories,3,20,0.15,0.0962566844919786,1.5583333333333333,1.5583333333333333,False
17,product_type_name,Bra,1,20,0.05,0.0326715991502454,1.5303811659192827,1.5303811659192827,False
17,index_group_name,Sport,1,20,0.05,0.033111127389934804,1.510066371681416,1.510066371681416,False
17,product_type_name,Skirt,1,20,0.05,0.033404146216394405,1.4968201754385966,1.4968201754385966,False
17,perceived_colour_master_name,Pink,2,20,0.1,0.06702805655263351,1.4919125683060108,1.4919125683060108,False
17,section_name,"Womens Nightwear, Socks & Tigh",1,20,0.05,0.034869240348692404,1.4339285714285714,1.4339285714285714,False
17,colour_group_name,Light Pink,1,20,0.05,0.036773862720679805,1.3596613545816734,1.3596613545816734,False
17,index_group_name,Ladieswear,15,20,0.75,0.5894806241301004,1.2723064496085497,1.2723064496085497,False
17,section_name,Womens Casual,1,20,0.05,0.039557541572046,1.2639814814814816,1.2639814814814816,False
17,section_name,Womens Everyday Collection,3,20,0.15,0.12218885063365321,1.2276079136690647,1.2276079136690647,False
17,perceived_colour_master_name,Beige,2,20,0.1,0.08482895026005421,1.1788428324697755,1.1788428324697755,False
17,garment_group_name,Trousers Denim,1,20,0.05,0.0430737674895612,1.1607993197278912,1.1607993197278912,False
17,department_name,Blouse,1,20,0.05,0.043293531609405904,1.154906937394247,1.154906937394247,False
17,department_name,Trouser,1,20,0.05,0.0446121163284741,1.1207717569786537,1.1207717569786537,False
17,product_type_name,Blouse,1,20,0.05,0.045344663394623105,1.1026655896607431,1.1026655896607431,False
17,section_name,Womens Lingerie,1,20,0.05,0.05765145410592631,0.8672808132147396,0.8672808132147396,False
17,perceived_colour_master_name,Blue,2,20,0.1,0.11933191707567212,0.8379987722529159,0.8379987722529159,False
17,department_name,Jersey,1,20,0.05,0.060801406490367006,0.8223493975903615,0.8223493975903615,False
17,product_type_name,Trousers,2,20,0.1,0.1310526701340561,0.7630519843487983,0.7630519843487983,False
17,garment_group_name,Knitwear,1,20,0.05,0.06695480184601861,0.7467724288840263,0.7467724288840263,False
17,product_group_name,Underwear,1,20,0.05,0.06768734891216761,0.7386904761904761,0.7386904761904761,False
17,product_group_name,Garment Lower body,3,20,0.15,0.2052596879349498,0.7307815845824411,0.7307815845824411,False
17,colour_group_name,Black,4,20,0.2,0.28027250750860744,0.7135912179822269,0.7135912179822269,False
17,graphical_appearance_name,Solid,8,20,0.4,0.5812760969892315,0.6881411468178954,0.6881411468178954,False
17,graphical_appearance_name,Denim,1,20,0.05,0.074719800747198,0.6691666666666668,0.6691666666666668,False
17,product_type_name,Sweater,1,20,0.05,0.0791883378507069,0.6314061054579094,0.6314061054579094,False
17,garment_group_name,Trousers,1,20,0.05,0.0825580543549923,0.6056344276841171,0.6056344276841171,False
17,garment_group_name,Blouses,1,20,0.05,0.0860742802725075,0.5808936170212766,0.5808936170212766,False
17,garment_group_name,Jersey Basic,1,20,0.05,0.09003003442971211,0.5553702196908056,0.5553702196908056,False
17,perceived_colour_master_name,Black,3,20,0.15,0.28173760164090544,0.5324102964118564,0.5324102964118564,False
17,colour_group_name,White,1,20,0.05,0.0960369203721339,0.5206331045003815,0.5206331045003815,False
17,product_group_name,Garment Upper body,4,20,0.2,0.38905574683173394,0.5140651478064395,0.5140651478064395,False
17,index_group_name,Menswear,1,20,0.05,0.10438795692623251,0.4789824561403509,0.4789824561403509,False
17,perceived_colour_master_name,White,1,20,0.05,0.12797597245623032,0.3906983400114482,0.3906983400114482,False
17,garment_group_name,Jersey Fancy,1,20,0.05,0.16672771225551242,0.299890158172232,0.299890158172232,False
18,department_name,Kids Boy Knitwear,1,20,0.05,0.0005127829463043,97.50714285714287,97.50714285714287,False
18,product_type_name,Hat/brim,1,20,0.05,0.0013185847190682002,37.919444444444444,37.919444444444444,False
18,department_name,Men Sport Tops,1,20,0.05,0.0020511317852172,24.376785714285717,24.376785714285717,False
18,department_name,Young Boy Jersey Basic,1,20,0.05,0.0025639147315215,19.501428571428573,19.501428571428573,False
18,department_name,Shirt,3,20,0.15,0.009156838326862501,16.3812,16.3812,True
18,graphical_appearance_name,Mixed solid/pattern,1,20,0.05,0.0035162259175152005,14.219791666666667,14.219791666666667,False
18,department_name,Gloves/Hats,1,20,0.05,0.0035894806241301004,13.929591836734694,13.929591836734694,False
18,graphical_appearance_name,Application/3D,1,20,0.05,0.0040290088638195,12.410000000000002,12.410000000000002,False
18,garment_group_name,Shirts,3,20,0.15,0.012526554831147901,11.97456140350877,11.97456140350877,True
18,colour_group_name,Light Turquoise,1,20,0.05,0.0049080653431983,10.187313432835822,10.187313432835822,False
18,section_name,Contemporary Casual,2,20,0.1,0.010621932459160502,9.41448275862069,9.41448275862069,True
18,department_name,Suit jacket,1,20,0.05,0.0053475935828877,9.350000000000001,9.350000000000001,False
18,product_type_name,Pyjama set,1,20,0.05,0.0054208482895026005,9.223648648648648,9.223648648648648,False
18,department_name,Newborn,1,20,0.05,0.0055673577027324,8.98092105263158,8.98092105263158,False
18,section_name,Kids Boy,1,20,0.05,0.0056406124093473006,8.864285714285716,8.864285714285716,False
18,section_name,Men H&M Sport,1,20,0.05,0.0057871218225771,8.63987341772152,8.63987341772152,False
18,department_name,Nightwear,1,20,0.05,0.006080140649036701,8.223493975903615,8.223493975903615,False
18,product_type_name,Bodysuit,1,20,0.05,0.006299904768881401,7.936627906976745,7.936627906976745,False
18,section_name,Boys Underwear & Basics,1,20,0.05,0.006373159475496301,7.8454022988505745,7.8454022988505745,False
18,department_name,Belts,1,20,0.05,0.0066661783019559,7.500549450549451,7.500549450549451,False
18,department_name,Denim trousers,1,20,0.05,0.007984763021024101,6.261926605504587,6.261926605504587,False
18,product_type_name,Belt,1,20,0.05,0.0082045271408688,6.094196428571429,6.094196428571429,False
18,section_name,Denim Men,1,20,0.05,0.0085708006739433,5.833760683760684,5.833760683760684,False
18,colour_group_name,Orange,1,20,0.05,0.008790564793788001,5.687916666666666,5.687916666666666,False
18,perceived_colour_master_name,Turquoise,1,20,0.05,0.009230093033477401,5.417063492063492,5.417063492063492,False
18,product_group_name,Nightwear,1,20,0.05,0.009669621273166801,5.170833333333333,5.170833333333333,False
18,section_name,Womens Big accessories,2,20,0.1,0.019925280199252802,5.018750000000001,5.018750000000001,False
18,product_type_name,Shirt,3,20,0.15,0.031646033257636805,4.7399305555555555,4.7399305555555555,False
18,graphical_appearance_name,Other structure,2,20,0.1,0.022855468463848803,4.375320512820513,4.375320512820513,False
18,colour_group_name,Dark Red,1,20,0.05,0.0128195736576075,3.900285714285715,3.900285714285715,False
18,garment_group_name,Dressed,1,20,0.05,0.013112592484067102,3.813128491620112,3.813128491620112,False
18,product_type_name,Blazer,1,20,0.05,0.014211413083290601,3.5182989690721653,3.5182989690721653,False
18,colour_group_name,Blue,2,20,0.1,0.033330891509779505,3.0002197802197803,3.0002197802197803,False
18,product_type_name,Swimwear bottom,1,20,0.05,0.016702073108197203,2.993640350877193,2.993640350877193,False
18,product_type_name,Bikini top,1,20,0.05,0.0171416013478866,2.916880341880342,2.916880341880342,False
18,department_name,Casual Lingerie,1,20,0.05,0.017581129587576003,2.843958333333333,2.843958333333333,False
18,section_name,Baby Essentials & Complements,1,20,0.05,0.017727639000805803,2.8204545454545453,2.8204545454545453,False
18,department_name,Dress,2,20,0.1,0.035894806241301,2.785918367346939,2.785918367346939,False
18,section_name,Contemporary Smart,1,20,0.05,0.0180206578272654,2.7745934959349596,2.7745934959349596,False
18,colour_group_name,Light Pink,2,20,0.1,0.036773862720679805,2.7193227091633467,2.7193227091633467,False
18,colour_group_name,Dark Green,1,20,0.05,0.018533440773569703,2.6978260869565216,2.6978260869565216,False
18,section_name,"Womens Swimwear, beachwear",2,20,0.1,0.0374331550802139,2.6714285714285717,2.6714285714285717,False
18,colour_group_name,Yellowish Brown,1,20,0.05,0.0187532048934144,2.6662109375000003,2.6662109375000003,False
18,garment_group_name,Swimwear,2,20,0.1,0.038531975679437405,2.5952471482889736,2.5952471482889736,False
18,department_name,Swimwear,2,20,0.1,0.038531975679437405,2.5952471482889736,2.5952471482889736,False
18,product_group_name,Swimwear,2,20,0.1,0.0397773056918907,2.513996316758748,2.513996316758748,False
18,product_type_name,Hoodie,1,20,0.05,0.0206578272654018,2.420390070921986,2.420390070921986,False
18,department_name,Dresses,1,20,0.05,0.021024100798476303,2.3782229965156794,2.3782229965156794,False
18,garment_group_name,Dresses Ladies,3,20,0.15,0.06651527360632921,2.2551211453744493,2.2551211453744493,False
18,index_group_name,Baby/Children,3,20,0.15,0.06680829243278881,2.2452302631578944,2.2452302631578944,False
18,graphical_appearance_name,Check,1,20,0.05,0.023001977877078604,2.1737261146496816,2.1737261146496816,False
18,perceived_colour_master_name,Red,1,20,0.05,0.0232217419969233,2.1531545741324924,2.1531545741324924,False
18,section_name,Mama,1,20,0.05,0.023294996703538202,2.1463836477987424,2.1463836477987424,False
18,graphical_appearance_name,Denim,3,20,0.15,0.074719800747198,2.0075000000000003,2.0075000000000003,False
18,index_group_name,Menswear,4,20,0.2,0.10438795692623251,1.9159298245614036,1.9159298245614036,False
18,perceived_colour_master_name,Brown,1,20,0.05,0.026151930261519303,1.911904761904762,1.911904761904762,False
18,colour_group_name,Light Blue,1,20,0.05,0.026957732034283203,1.8547554347826087,1.8547554347826087,False
18,perceived_colour_master_name,Orange,1,20,0.05,0.0273972602739726,1.8250000000000002,1.8250000000000002,False
18,perceived_colour_master_name,Green,1,20,0.05,0.027910043220276903,1.7914698162729659,1.7914698162729659,False
18,product_type_name,Dress,4,20,0.2,0.11750054941029961,1.70211970074813,1.70211970074813,False
18,perceived_colour_master_name,Blue,4,20,0.2,0.11933191707567212,1.6759975445058317,1.6759975445058317,False
18,colour_group_name,Grey,1,20,0.05,0.031059995604717602,1.6097877358490567,1.6097877358490567,False
18,product_type_name,Underwear bottom,1,20,0.05,0.031133250311332503,1.606,1.606,False
18,section_name,Womens Tailoring,2,20,0.1,0.06343857592850341,1.5763279445727483,1.5763279445727483,False
18,product_group_name,Garment Full body,4,20,0.2,0.1304666324811369,1.5329590117911287,1.5329590117911287,False
18,index_group_name,Sport,1,20,0.05,0.033111127389934804,1.510066371681416,1.510066371681416,False
18,perceived_colour_master_name,Pink,2,20,0.1,0.06702805655263351,1.4919125683060108,1.4919125683060108,False
18,garment_group_name,Outdoor,1,20,0.05,0.033697165042854006,1.483804347826087,1.483804347826087,False
18,section_name,"Womens Nightwear, Socks & Tigh",1,20,0.05,0.034869240348692404,1.4339285714285714,1.4339285714285714,False
18,section_name,Womens Casual,1,20,0.05,0.039557541572046,1.2639814814814816,1.2639814814814816,False
18,garment_group_name,"Under-, Nightwear",2,20,0.1,0.08475569555343931,1.1798617113223855,1.1798617113223855,False
18,garment_group_name,Trousers Denim,1,20,0.05,0.0430737674895612,1.1607993197278912,1.1607993197278912,False
18,product_group_name,Garment Upper body,9,20,0.45,0.38905574683173394,1.156646582564489,1.156646582564489,False
18,department_name,Blouse,1,20,0.05,0.043293531609405904,1.154906937394247,1.154906937394247,False
18,product_type_name,Blouse,1,20,0.05,0.045344663394623105,1.1026655896607431,1.1026655896607431,False
18,colour_group_name,Beige,1,20,0.05,0.04585744634092741,1.0903354632587858,1.0903354632587858,False
18,product_group_name,Accessories,2,20,0.1,0.092300930334774,1.0834126984126986,1.0834126984126986,False
18,colour_group_name,White,2,20,0.1,0.0960369203721339,1.041266209000763,1.041266209000763,False
18,garment_group_name,Accessories,2,20,0.1,0.0962566844919786,1.038888888888889,1.038888888888889,False
18,graphical_appearance_name,Solid,11,20,0.55,0.5812760969892315,0.9461940768746062,0.9461940768746062,False
18,index_group_name,Ladieswear,11,20,0.55,0.5894806241301004,0.9330247297129365,0.9330247297129365,False
18,colour_group_name,Black,5,20,0.25,0.28027250750860744,0.8919890224777836,0.8919890224777836,False
18,perceived_colour_master_name,Black,5,20,0.25,0.28173760164090544,0.8873504940197607,0.8873504940197607,False
18,product_type_name,T-shirt,1,20,0.05,0.05757819939931141,0.8683842239185751,0.8683842239185751,False
18,section_name,Womens Lingerie,1,20,0.05,0.05765145410592631,0.8672808132147396,0.8672808132147396,False
18,colour_group_name,Dark Blue,1,20,0.05,0.058970038824994506,0.847888198757764,0.847888198757764,False
18,department_name,Jersey,1,20,0.05,0.060801406490367006,0.8223493975903615,0.8223493975903615,False
18,perceived_colour_master_name,White,2,20,0.1,0.12797597245623032,0.7813966800228964,0.7813966800228964,False
18,garment_group_name,Knitwear,1,20,0.05,0.06695480184601861,0.7467724288840263,0.7467724288840263,False
18,product_group_name,Underwear,1,20,0.05,0.06768734891216761,0.7386904761904761,0.7386904761904761,False
18,perceived_colour_master_name,Grey,1,20,0.05,0.07113032012306791,0.7029351184346034,0.7029351184346034,False
18,product_type_name,Sweater,1,20,0.05,0.0791883378507069,0.6314061054579094,0.6314061054579094,False
18,garment_group_name,Jersey Fancy,2,20,0.1,0.16672771225551242,0.599780316344464,0.599780316344464,False
18,perceived_colour_master_name,Beige,1,20,0.05,0.08482895026005421,0.5894214162348878,0.5894214162348878,False
18,garment_group_name,Blouses,1,20,0.05,0.0860742802725075,0.5808936170212766,0.5808936170212766,False
18,garment_group_name,Jersey Basic,1,20,0.05,0.09003003442971211,0.5553702196908056,0.5553702196908056,False
18,section_name,Divided Collection,1,20,0.05,0.10409493809977291,0.48033075299085154,0.48033075299085154,False
18,graphical_appearance_name,All over pattern,1,20,0.05,0.10709838107098381,0.4668604651162791,0.4668604651162791,False
18,section_name,Womens Everyday Collection,1,20,0.05,0.12218885063365321,0.40920263788968825,0.40920263788968825,False
18,product_type_name,Trousers,1,20,0.05,0.1310526701340561,0.38152599217439914,0.38152599217439914,False
18,product_group_name,Garment Lower body,1,20,0.05,0.2052596879349498,0.2435938615274804,0.2435938615274804,False
18,index_group_name,Divided,1,20,0.05,0.2062119991209435,0.2424689165186501,0.2424689165186501,False
19,department_name,Kids Boy Knitwear,1,20,0.05,0.0005127829463043,97.50714285714287,97.50714285714287,False
19,department_name,Young Girl UW/NW,1,20,0.05,0.0011720753058384,42.659375000000004,42.659375000000004,False
19,product_type_name,Hat/brim,1,20,0.05,0.0013185847190682002,37.919444444444444,37.919444444444444,False
19,department_name,Men Sport Tops,1,20,0.05,0.0020511317852172,24.376785714285717,24.376785714285717,False
19,product_type_name,Pyjama set,2,20,0.1,0.0054208482895026005,18.447297297297297,18.447297297297297,True
19,graphical_appearance_name,Mixed solid/pattern,1,20,0.05,0.0035162259175152005,14.219791666666667,14.219791666666667,False
19,department_name,Gloves/Hats,1,20,0.05,0.0035894806241301004,13.929591836734694,13.929591836734694,False
19,graphical_appearance_name,Treatment,1,20,0.05,0.003955754157204601,12.639814814814814,12.639814814814814,False
19,department_name,Baby basics,1,20,0.05,0.0042487729836642,11.768103448275864,11.768103448275864,False
19,department_name,Other items,1,20,0.05,0.0042487729836642,11.768103448275864,11.768103448275864,False
19,product_group_name,Nightwear,2,20,0.1,0.009669621273166801,10.341666666666667,10.341666666666667,True
19,section_name,Girls Underwear & Basics,1,20,0.05,0.004834810636583401,10.341666666666667,10.341666666666667,False
19,product_type_name,Garment Set,1,20,0.05,0.005127829463043,9.750714285714286,9.750714285714286,False
19,section_name,Kids Boy,1,20,0.05,0.0056406124093473006,8.864285714285716,8.864285714285716,False
19,section_name,Men H&M Sport,1,20,0.05,0.0057871218225771,8.63987341772152,8.63987341772152,False
19,department_name,Nightwear,1,20,0.05,0.006080140649036701,8.223493975903615,8.223493975903615,False
19,department_name,Functional Lingerie,1,20,0.05,0.006373159475496301,7.8454022988505745,7.8454022988505745,False
19,product_type_name,Other accessories,1,20,0.05,0.006959197128415501,7.184736842105264,7.184736842105264,False
19,department_name,Denim trousers,1,20,0.05,0.007984763021024101,6.261926605504587,6.261926605504587,False
19,section_name,Denim Men,1,20,0.05,0.0085708006739433,5.833760683760684,5.833760683760684,False
19,colour_group_name,Orange,1,20,0.05,0.008790564793788001,5.687916666666666,5.687916666666666,False
19,colour_group_name,Grey,3,20,0.15,0.031059995604717602,4.8293632075471695,4.8293632075471695,True
19,colour_group_name,Yellow,1,20,0.05,0.011354479525309501,4.403548387096774,4.403548387096774,False
19,graphical_appearance_name,Other structure,2,20,0.1,0.022855468463848803,4.375320512820513,4.375320512820513,False
19,department_name,Skirt,1,20,0.05,0.011647498351769101,4.292767295597485,4.292767295597485,False
19,department_name,Dress,3,20,0.15,0.035894806241301,4.178877551020408,4.178877551020408,False
19,graphical_appearance_name,Lace,1,20,0.05,0.012673064244377702,3.9453757225433526,3.9453757225433526,False
19,perceived_colour_master_name,Orange,2,20,0.1,0.0273972602739726,3.6500000000000004,3.6500000000000004,False
19,section_name,Womens Jackets,1,20,0.05,0.0136986301369863,3.6500000000000004,3.6500000000000004,False
19,product_type_name,Earring,1,20,0.05,0.014724196029594901,3.395771144278607,3.395771144278607,False
19,colour_group_name,Light Orange,1,20,0.05,0.014724196029594901,3.395771144278607,3.395771144278607,False
19,department_name,Outwear,1,20,0.05,0.0150172148560545,3.3295121951219517,3.3295121951219517,False
19,colour_group_name,Blue,2,20,0.1,0.033330891509779505,3.0002197802197803,3.0002197802197803,False
19,product_type_name,Swimwear bottom,1,20,0.05,0.016702073108197203,2.993640350877193,2.993640350877193,False
19,garment_group_name,Outdoor,2,20,0.1,0.033697165042854006,2.967608695652174,2.967608695652174,False
19,product_type_name,Bikini top,1,20,0.05,0.0171416013478866,2.916880341880342,2.916880341880342,False
19,section_name,Baby Essentials & Complements,1,20,0.05,0.017727639000805803,2.8204545454545453,2.8204545454545453,False
19,perceived_colour_master_name,Grey,4,20,0.2,0.07113032012306791,2.8117404737384137,2.8117404737384137,False
19,section_name,"Womens Swimwear, beachwear",2,20,0.1,0.0374331550802139,2.6714285714285717,2.6714285714285717,False
19,colour_group_name,Yellowish Brown,1,20,0.05,0.0187532048934144,2.6662109375000003,2.6662109375000003,False
19,garment_group_name,Swimwear,2,20,0.1,0.038531975679437405,2.5952471482889736,2.5952471482889736,False
19,department_name,Swimwear,2,20,0.1,0.038531975679437405,2.5952471482889736,2.5952471482889736,False
19,garment_group_name,Skirts,1,20,0.05,0.0195590066661783,2.556367041198502,2.556367041198502,False
19,product_group_name,Swimwear,2,20,0.1,0.0397773056918907,2.513996316758748,2.513996316758748,False
19,section_name,Womens Big accessories,1,20,0.05,0.019925280199252802,2.5093750000000004,2.5093750000000004,False
19,product_type_name,Hoodie,1,20,0.05,0.0206578272654018,2.420390070921986,2.420390070921986,False
19,colour_group_name,Pink,1,20,0.05,0.021024100798476303,2.3782229965156794,2.3782229965156794,False
19,colour_group_name,Gold,1,20,0.05,0.021829902571240203,2.290436241610738,2.290436241610738,False
19,garment_group_name,Dresses Ladies,3,20,0.15,0.06651527360632921,2.2551211453744493,2.2551211453744493,False
19,index_group_name,Baby/Children,3,20,0.15,0.06680829243278881,2.2452302631578944,2.2452302631578944,False
19,perceived_colour_master_name,Yellow,1,20,0.05,0.022635704344004103,2.2088996763754047,2.2088996763754047,False
19,colour_group_name,Beige,2,20,0.1,0.04585744634092741,2.1806709265175717,2.1806709265175717,False
19,department_name,Jewellery,1,20,0.05,0.0230752325836935,2.166825396825397,2.166825396825397,False
19,section_name,Mama,1,20,0.05,0.023294996703538202,2.1463836477987424,2.1463836477987424,False
19,section_name,Womens Small accessories,2,20,0.1,0.0514248040436598,1.9445868945868947,1.9445868945868947,False
19,product_group_name,Garment Full body,5,20,0.25,0.1304666324811369,1.9161987647389107,1.9161987647389107,False
19,perceived_colour_master_name,Brown,1,20,0.05,0.026151930261519303,1.911904761904762,1.911904761904762,False
19,graphical_appearance_name,All over pattern,4,20,0.2,0.10709838107098381,1.8674418604651164,1.8674418604651164,False
19,perceived_colour_master_name,Green,1,20,0.05,0.027910043220276903,1.7914698162729659,1.7914698162729659,False
19,garment_group_name,"Under-, Nightwear",3,20,0.15,0.08475569555343931,1.7697925669835781,1.7697925669835781,False
19,product_type_name,Dress,4,20,0.2,0.11750054941029961,1.70211970074813,1.70211970074813,False
19,colour_group_name,Dark Grey,1,20,0.05,0.029375137352574902,1.70211970074813,1.70211970074813,False
19,perceived_colour_master_name,Metal,1,20,0.05,0.030254193831953703,1.6526634382566587,1.6526634382566587,False
19,product_group_name,Accessories,3,20,0.15,0.092300930334774,1.6251190476190476,1.6251190476190476,False
19,graphical_appearance_name,Melange,2,20,0.1,0.0617537176763607,1.6193357058125744,1.6193357058125744,False
19,product_type_name,Jacket,1,20,0.05,0.0312797597245623,1.5984777517564404,1.5984777517564404,False
19,section_name,Womens Tailoring,2,20,0.1,0.06343857592850341,1.5763279445727483,1.5763279445727483,False
19,garment_group_name,Accessories,3,20,0.15,0.0962566844919786,1.5583333333333333,1.5583333333333333,False
19,product_type_name,Bra,1,20,0.05,0.0326715991502454,1.5303811659192827,1.5303811659192827,False
19,index_group_name,Sport,1,20,0.05,0.033111127389934804,1.510066371681416,1.510066371681416,False
19,product_type_name,Skirt,1,20,0.05,0.033404146216394405,1.4968201754385966,1.4968201754385966,False
19,perceived_colour_master_name,Pink,2,20,0.1,0.06702805655263351,1.4919125683060108,1.4919125683060108,False
19,section_name,"Womens Nightwear, Socks & Tigh",1,20,0.05,0.034869240348692404,1.4339285714285714,1.4339285714285714,False
19,colour_group_name,Light Pink,1,20,0.05,0.036773862720679805,1.3596613545816734,1.3596613545816734,False
19,index_group_name,Ladieswear,15,20,0.75,0.5894806241301004,1.2723064496085497,1.2723064496085497,False
19,section_name,Womens Casual,1,20,0.05,0.039557541572046,1.2639814814814816,1.2639814814814816,False
19,section_name,Womens Everyday Collection,3,20,0.15,0.12218885063365321,1.2276079136690647,1.2276079136690647,False
19,perceived_colour_master_name,Beige,2,20,0.1,0.08482895026005421,1.1788428324697755,1.1788428324697755,False
19,garment_group_name,Trousers Denim,1,20,0.05,0.0430737674895612,1.1607993197278912,1.1607993197278912,False
19,department_name,Blouse,1,20,0.05,0.043293531609405904,1.154906937394247,1.154906937394247,False
19,department_name,Trouser,1,20,0.05,0.0446121163284741,1.1207717569786537,1.1207717569786537,False
19,product_type_name,Blouse,1,20,0.05,0.045344663394623105,1.1026655896607431,1.1026655896607431,False
19,section_name,Womens Lingerie,1,20,0.05,0.05765145410592631,0.8672808132147396,0.8672808132147396,False
19,perceived_colour_master_name,Blue,2,20,0.1,0.11933191707567212,0.8379987722529159,0.8379987722529159,False
19,department_name,Jersey,1,20,0.05,0.060801406490367006,0.8223493975903615,0.8223493975903615,False
19,product_type_name,Trousers,2,20,0.1,0.1310526701340561,0.7630519843487983,0.7630519843487983,False
19,garment_group_name,Knitwear,1,20,0.05,0.06695480184601861,0.7467724288840263,0.7467724288840263,False
19,product_group_name,Underwear,1,20,0.05,0.06768734891216761,0.7386904761904761,0.7386904761904761,False
19,product_group_name,Garment Lower body,3,20,0.15,0.2052596879349498,0.7307815845824411,0.7307815845824411,False
19,colour_group_name,Black,4,20,0.2,0.28027250750860744,0.7135912179822269,0.7135912179822269,False
19,graphical_appearance_name,Solid,8,20,0.4,0.5812760969892315,0.6881411468178954,0.6881411468178954,False
19,graphical_appearance_name,Denim,1,20,0.05,0.074719800747198,0.6691666666666668,0.6691666666666668,False
19,product_type_name,Sweater,1,20,0.05,0.0791883378507069,0.6314061054579094,0.6314061054579094,False
19,garment_group_name,Trousers,1,20,0.05,0.0825580543549923,0.6056344276841171,0.6056344276841171,False
19,garment_group_name,Blouses,1,20,0.05,0.0860742802725075,0.5808936170212766,0.5808936170212766,False
19,garment_group_name,Jersey Basic,1,20,0.05,0.09003003442971211,0.5553702196908056,0.5553702196908056,False
19,perceived_colour_master_name,Black,3,20,0.15,0.28173760164090544,0.5324102964118564,0.5324102964118564,False
19,colour_group_name,White,1,20,0.05,0.0960369203721339,0.5206331045003815,0.5206331045003815,False
19,product_group_name,Garment Upper body,4,20,0.2,0.38905574683173394,0.5140651478064395,0.5140651478064395,False
19,index_group_name,Menswear,1,20,0.05,0.10438795692623251,0.4789824561403509,0.4789824561403509,False
19,perceived_colour_master_name,White,1,20,0.05,0.12797597245623032,0.3906983400114482,0.3906983400114482,False
19,garment_group_name,Jersey Fancy,1,20,0.05,0.16672771225551242,0.299890158172232,0.299890158172232,False
20,department_name,Kids Boy Knitwear,1,20,0.05,0.0005127829463043,97.50714285714287,97.50714285714287,False
20,department_name,Young Girl UW/NW,1,20,0.05,0.0011720753058384,42.659375000000004,42.659375000000004,False
20,product_type_name,Hat/brim,1,20,0.05,0.0013185847190682002,37.919444444444444,37.919444444444444,False
20,department_name,Men Sport Tops,1,20,0.05,0.0020511317852172,24.376785714285717,24.376785714285717,False
20,product_type_name,Pyjama set,2,20,0.1,0.0054208482895026005,18.447297297297297,18.447297297297297,True
20,graphical_appearance_name,Mixed solid/pattern,1,20,0.05,0.0035162259175152005,14.219791666666667,14.219791666666667,False
20,department_name,Gloves/Hats,1,20,0.05,0.0035894806241301004,13.929591836734694,13.929591836734694,False
20,graphical_appearance_name,Treatment,1,20,0.05,0.003955754157204601,12.639814814814814,12.639814814814814,False
20,department_name,Baby basics,1,20,0.05,0.0042487729836642,11.768103448275864,11.768103448275864,False
20,department_name,Other items,1,20,0.05,0.0042487729836642,11.768103448275864,11.768103448275864,False
20,product_group_name,Nightwear,2,20,0.1,0.009669621273166801,10.341666666666667,10.341666666666667,True
20,section_name,Girls Underwear & Basics,1,20,0.05,0.004834810636583401,10.341666666666667,10.341666666666667,False
20,product_type_name,Garment Set,1,20,0.05,0.005127829463043,9.750714285714286,9.750714285714286,False
20,section_name,Kids Boy,1,20,0.05,0.0056406124093473006,8.864285714285716,8.864285714285716,False
20,section_name,Men H&M Sport,1,20,0.05,0.0057871218225771,8.63987341772152,8.63987341772152,False
20,department_name,Nightwear,1,20,0.05,0.006080140649036701,8.223493975903615,8.223493975903615,False
20,department_name,Functional Lingerie,1,20,0.05,0.006373159475496301,7.8454022988505745,7.8454022988505745,False
20,product_type_name,Other accessories,1,20,0.05,0.006959197128415501,7.184736842105264,7.184736842105264,False
20,department_name,Denim trousers,1,20,0.05,0.007984763021024101,6.261926605504587,6.261926605504587,False
20,section_name,Denim Men,1,20,0.05,0.0085708006739433,5.833760683760684,5.833760683760684,False
20,colour_group_name,Orange,1,20,0.05,0.008790564793788001,5.687916666666666,5.687916666666666,False
20,colour_group_name,Grey,3,20,0.15,0.031059995604717602,4.8293632075471695,4.8293632075471695,True
20,colour_group_name,Yellow,1,20,0.05,0.011354479525309501,4.403548387096774,4.403548387096774,False
20,graphical_appearance_name,Other structure,2,20,0.1,0.022855468463848803,4.375320512820513,4.375320512820513,False
20,department_name,Skirt,1,20,0.05,0.011647498351769101,4.292767295597485,4.292767295597485,False
20,department_name,Dress,3,20,0.15,0.035894806241301,4.178877551020408,4.178877551020408,False
20,graphical_appearance_name,Lace,1,20,0.05,0.012673064244377702,3.9453757225433526,3.9453757225433526,False
20,perceived_colour_master_name,Orange,2,20,0.1,0.0273972602739726,3.6500000000000004,3.6500000000000004,False
20,section_name,Womens Jackets,1,20,0.05,0.0136986301369863,3.6500000000000004,3.6500000000000004,False
20,product_type_name,Earring,1,20,0.05,0.014724196029594901,3.395771144278607,3.395771144278607,False
20,colour_group_name,Light Orange,1,20,0.05,0.014724196029594901,3.395771144278607,3.395771144278607,False
20,department_name,Outwear,1,20,0.05,0.0150172148560545,3.3295121951219517,3.3295121951219517,False
20,colour_group_name,Blue,2,20,0.1,0.033330891509779505,3.0002197802197803,3.0002197802197803,False
20,product_type_name,Swimwear bottom,1,20,0.05,0.016702073108197203,2.993640350877193,2.993640350877193,False
20,garment_group_name,Outdoor,2,20,0.1,0.033697165042854006,2.967608695652174,2.967608695652174,False
20,product_type_name,Bikini top,1,20,0.05,0.0171416013478866,2.916880341880342,2.916880341880342,False
20,section_name,Baby Essentials & Complements,1,20,0.05,0.017727639000805803,2.8204545454545453,2.8204545454545453,False
20,perceived_colour_master_name,Grey,4,20,0.2,0.07113032012306791,2.8117404737384137,2.8117404737384137,False
20,section_name,"Womens Swimwear, beachwear",2,20,0.1,0.0374331550802139,2.6714285714285717,2.6714285714285717,False
20,colour_group_name,Yellowish Brown,1,20,0.05,0.0187532048934144,2.6662109375000003,2.6662109375000003,False
20,garment_group_name,Swimwear,2,20,0.1,0.038531975679437405,2.5952471482889736,2.5952471482889736,False
20,department_name,Swimwear,2,20,0.1,0.038531975679437405,2.5952471482889736,2.5952471482889736,False
20,garment_group_name,Skirts,1,20,0.05,0.0195590066661783,2.556367041198502,2.556367041198502,False
20,product_group_name,Swimwear,2,20,0.1,0.0397773056918907,2.513996316758748,2.513996316758748,False
20,section_name,Womens Big accessories,1,20,0.05,0.019925280199252802,2.5093750000000004,2.5093750000000004,False
20,product_type_name,Hoodie,1,20,0.05,0.0206578272654018,2.420390070921986,2.420390070921986,False
20,colour_group_name,Pink,1,20,0.05,0.021024100798476303,2.3782229965156794,2.3782229965156794,False
20,colour_group_name,Gold,1,20,0.05,0.021829902571240203,2.290436241610738,2.290436241610738,False
20,garment_group_name,Dresses Ladies,3,20,0.15,0.06651527360632921,2.2551211453744493,2.2551211453744493,False
20,index_group_name,Baby/Children,3,20,0.15,0.06680829243278881,2.2452302631578944,2.2452302631578944,False
20,perceived_colour_master_name,Yellow,1,20,0.05,0.022635704344004103,2.2088996763754047,2.2088996763754047,False
20,colour_group_name,Beige,2,20,0.1,0.04585744634092741,2.1806709265175717,2.1806709265175717,False
20,department_name,Jewellery,1,20,0.05,0.0230752325836935,2.166825396825397,2.166825396825397,False
20,section_name,Mama,1,20,0.05,0.023294996703538202,2.1463836477987424,2.1463836477987424,False
20,section_name,Womens Small accessories,2,20,0.1,0.0514248040436598,1.9445868945868947,1.9445868945868947,False
20,product_group_name,Garment Full body,5,20,0.25,0.1304666324811369,1.9161987647389107,1.9161987647389107,False
20,perceived_colour_master_name,Brown,1,20,0.05,0.026151930261519303,1.911904761904762,1.911904761904762,False
20,graphical_appearance_name,All over pattern,4,20,0.2,0.10709838107098381,1.8674418604651164,1.8674418604651164,False
20,perceived_colour_master_name,Green,1,20,0.05,0.027910043220276903,1.7914698162729659,1.7914698162729659,False
20,garment_group_name,"Under-, Nightwear",3,20,0.15,0.08475569555343931,1.7697925669835781,1.7697925669835781,False
20,product_type_name,Dress,4,20,0.2,0.11750054941029961,1.70211970074813,1.70211970074813,False
20,colour_group_name,Dark Grey,1,20,0.05,0.029375137352574902,1.70211970074813,1.70211970074813,False
20,perceived_colour_master_name,Metal,1,20,0.05,0.030254193831953703,1.6526634382566587,1.6526634382566587,False
20,product_group_name,Accessories,3,20,0.15,0.092300930334774,1.6251190476190476,1.6251190476190476,False
20,graphical_appearance_name,Melange,2,20,0.1,0.0617537176763607,1.6193357058125744,1.6193357058125744,False
20,product_type_name,Jacket,1,20,0.05,0.0312797597245623,1.5984777517564404,1.5984777517564404,False
20,section_name,Womens Tailoring,2,20,0.1,0.06343857592850341,1.5763279445727483,1.5763279445727483,False
20,garment_group_name,Accessories,3,20,0.15,0.0962566844919786,1.5583333333333333,1.5583333333333333,False
20,product_type_name,Bra,1,20,0.05,0.0326715991502454,1.5303811659192827,1.5303811659192827,False
20,index_group_name,Sport,1,20,0.05,0.033111127389934804,1.510066371681416,1.510066371681416,False
20,product_type_name,Skirt,1,20,0.05,0.033404146216394405,1.4968201754385966,1.4968201754385966,False
20,perceived_colour_master_name,Pink,2,20,0.1,0.06702805655263351,1.4919125683060108,1.4919125683060108,False
20,section_name,"Womens Nightwear, Socks & Tigh",1,20,0.05,0.034869240348692404,1.4339285714285714,1.4339285714285714,False
20,colour_group_name,Light Pink,1,20,0.05,0.036773862720679805,1.3596613545816734,1.3596613545816734,False
20,index_group_name,Ladieswear,15,20,0.75,0.5894806241301004,1.2723064496085497,1.2723064496085497,False
20,section_name,Womens Casual,1,20,0.05,0.039557541572046,1.2639814814814816,1.2639814814814816,False
20,section_name,Womens Everyday Collection,3,20,0.15,0.12218885063365321,1.2276079136690647,1.2276079136690647,False
20,perceived_colour_master_name,Beige,2,20,0.1,0.08482895026005421,1.1788428324697755,1.1788428324697755,False
20,garment_group_name,Trousers Denim,1,20,0.05,0.0430737674895612,1.1607993197278912,1.1607993197278912,False
20,department_name,Blouse,1,20,0.05,0.043293531609405904,1.154906937394247,1.154906937394247,False
20,department_name,Trouser,1,20,0.05,0.0446121163284741,1.1207717569786537,1.1207717569786537,False
20,product_type_name,Blouse,1,20,0.05,0.045344663394623105,1.1026655896607431,1.1026655896607431,False
20,section_name,Womens Lingerie,1,20,0.05,0.05765145410592631,0.8672808132147396,0.8672808132147396,False
20,perceived_colour_master_name,Blue,2,20,0.1,0.11933191707567212,0.8379987722529159,0.8379987722529159,False
20,department_name,Jersey,1,20,0.05,0.060801406490367006,0.8223493975903615,0.8223493975903615,False
20,product_type_name,Trousers,2,20,0.1,0.1310526701340561,0.7630519843487983,0.7630519843487983,False
20,garment_group_name,Knitwear,1,20,0.05,0.06695480184601861,0.7467724288840263,0.7467724288840263,False
20,product_group_name,Underwear,1,20,0.05,0.06768734891216761,0.7386904761904761,0.7386904761904761,False
20,product_group_name,Garment Lower body,3,20,0.15,0.2052596879349498,0.7307815845824411,0.7307815845824411,False
20,colour_group_name,Black,4,20,0.2,0.28027250750860744,0.7135912179822269,0.7135912179822269,False
20,graphical_appearance_name,Solid,8,20,0.4,0.5812760969892315,0.6881411468178954,0.6881411468178954,False
20,graphical_appearance_name,Denim,1,20,0.05,0.074719800747198,0.6691666666666668,0.6691666666666668,False
20,product_type_name,Sweater,1,20,0.05,0.0791883378507069,0.6314061054579094,0.6314061054579094,False
20,garment_group_name,Trousers,1,20,0.05,0.0825580543549923,0.6056344276841171,0.6056344276841171,False
20,garment_group_name,Blouses,1,20,0.05,0.0860742802725075,0.5808936170212766,0.5808936170212766,False
20,garment_group_name,Jersey Basic,1,20,0.05,0.09003003442971211,0.5553702196908056,0.5553702196908056,False
20,perceived_colour_master_name,Black,3,20,0.15,0.28173760164090544,0.5324102964118564,0.5324102964118564,False
20,colour_group_name,White,1,20,0.05,0.0960369203721339,0.5206331045003815,0.5206331045003815,False
20,product_group_name,Garment Upper body,4,20,0.2,0.38905574683173394,0.5140651478064395,0.5140651478064395,False
20,index_group_name,Menswear,1,20,0.05,0.10438795692623251,0.4789824561403509,0.4789824561403509,False
20,perceived_colour_master_name,White,1,20,0.05,0.12797597245623032,0.3906983400114482,0.3906983400114482,False
20,garment_group_name,Jersey Fancy,1,20,0.05,0.16672771225551242,0.299890158172232,0.299890158172232,False
21,department_name,Kids Boy Knitwear,1,20,0.05,0.0005127829463043,97.50714285714287,97.50714285714287,False
21,product_type_name,Hat/brim,1,20,0.05,0.0013185847190682002,37.919444444444444,37.919444444444444,False
21,department_name,Men Sport Tops,1,20,0.05,0.0020511317852172,24.376785714285717,24.376785714285717,False
21,department_name,Young Boy Jersey Basic,1,20,0.05,0.0025639147315215,19.501428571428573,19.501428571428573,False
21,department_name,Shirt,3,20,0.15,0.009156838326862501,16.3812,16.3812,True
21,graphical_appearance_name,Mixed solid/pattern,1,20,0.05,0.0035162259175152005,14.219791666666667,14.219791666666667,False
21,department_name,Gloves/Hats,1,20,0.05,0.0035894806241301004,13.929591836734694,13.929591836734694,False
21,graphical_appearance_name,Application/3D,1,20,0.05,0.0040290088638195,12.410000000000002,12.410000000000002,False
21,garment_group_name,Shirts,3,20,0.15,0.012526554831147901,11.97456140350877,11.97456140350877,True
21,colour_group_name,Light Turquoise,1,20,0.05,0.0049080653431983,10.187313432835822,10.187313432835822,False
21,section_name,Contemporary Casual,2,20,0.1,0.010621932459160502,9.41448275862069,9.41448275862069,True
21,department_name,Suit jacket,1,20,0.05,0.0053475935828877,9.350000000000001,9.350000000000001,False
21,product_type_name,Pyjama set,1,20,0.05,0.0054208482895026005,9.223648648648648,9.223648648648648,False
21,department_name,Newborn,1,20,0.05,0.0055673577027324,8.98092105263158,8.98092105263158,False
21,section_name,Kids Boy,1,20,0.05,0.0056406124093473006,8.864285714285716,8.864285714285716,False
21,section_name,Men H&M Sport,1,20,0.05,0.0057871218225771,8.63987341772152,8.63987341772152,False
21,department_name,Nightwear,1,20,0.05,0.006080140649036701,8.223493975903615,8.223493975903615,False
21,product_type_name,Bodysuit,1,20,0.05,0.006299904768881401,7.936627906976745,7.936627906976745,False
21,section_name,Boys Underwear & Basics,1,20,0.05,0.006373159475496301,7.8454022988505745,7.8454022988505745,False
21,department_name,Belts,1,20,0.05,0.0066661783019559,7.500549450549451,7.500549450549451,False
21,department_name,Denim trousers,1,20,0.05,0.007984763021024101,6.261926605504587,6.261926605504587,False
21,product_type_name,Belt,1,20,0.05,0.0082045271408688,6.094196428571429,6.094196428571429,False
21,section_name,Denim Men,1,20,0.05,0.0085708006739433,5.833760683760684,5.833760683760684,False
21,colour_group_name,Orange,1,20,0.05,0.008790564793788001,5.687916666666666,5.687916666666666,False
21,perceived_colour_master_name,Turquoise,1,20,0.05,0.009230093033477401,5.417063492063492,5.417063492063492,False
21,product_group_name,Nightwear,1,20,0.05,0.009669621273166801,5.170833333333333,5.170833333333333,False
21,section_name,Womens Big accessories,2,20,0.1,0.019925280199252802,5.018750000000001,5.018750000000001,False
21,product_type_name,Shirt,3,20,0.15,0.031646033257636805,4.7399305555555555,4.7399305555555555,False
21,graphical_appearance_name,Other structure,2,20,0.1,0.022855468463848803,4.375320512820513,4.375320512820513,False
21,colour_group_name,Dark Red,1,20,0.05,0.0128195736576075,3.900285714285715,3.900285714285715,False
21,garment_group_name,Dressed,1,20,0.05,0.013112592484067102,3.813128491620112,3.813128491620112,False
21,product_type_name,Blazer,1,20,0.05,0.014211413083290601,3.5182989690721653,3.5182989690721653,False
21,colour_group_name,Blue,2,20,0.1,0.033330891509779505,3.0002197802197803,3.0002197802197803,False
21,product_type_name,Swimwear bottom,1,20,0.05,0.016702073108197203,2.993640350877193,2.993640350877193,False
21,product_type_name,Bikini top,1,20,0.05,0.0171416013478866,2.916880341880342,2.916880341880342,False
21,department_name,Casual Lingerie,1,20,0.05,0.017581129587576003,2.843958333333333,2.843958333333333,False
21,section_name,Baby Essentials & Complements,1,20,0.05,0.017727639000805803,2.8204545454545453,2.8204545454545453,False
21,department_name,Dress,2,20,0.1,0.035894806241301,2.785918367346939,2.785918367346939,False
21,section_name,Contemporary Smart,1,20,0.05,0.0180206578272654,2.7745934959349596,2.7745934959349596,False
21,colour_group_name,Light Pink,2,20,0.1,0.036773862720679805,2.7193227091633467,2.7193227091633467,False
21,colour_group_name,Dark Green,1,20,0.05,0.018533440773569703,2.6978260869565216,2.6978260869565216,False
21,section_name,"Womens Swimwear, beachwear",2,20,0.1,0.0374331550802139,2.6714285714285717,2.6714285714285717,False
21,colour_group_name,Yellowish Brown,1,20,0.05,0.0187532048934144,2.6662109375000003,2.6662109375000003,False
21,garment_group_name,Swimwear,2,20,0.1,0.038531975679437405,2.5952471482889736,2.5952471482889736,False
21,department_name,Swimwear,2,20,0.1,0.038531975679437405,2.5952471482889736,2.5952471482889736,False
21,product_group_name,Swimwear,2,20,0.1,0.0397773056918907,2.513996316758748,2.513996316758748,False
21,product_type_name,Hoodie,1,20,0.05,0.0206578272654018,2.420390070921986,2.420390070921986,False
21,department_name,Dresses,1,20,0.05,0.021024100798476303,2.3782229965156794,2.3782229965156794,False
21,garment_group_name,Dresses Ladies,3,20,0.15,0.06651527360632921,2.2551211453744493,2.2551211453744493,False
21,index_group_name,Baby/Children,3,20,0.15,0.06680829243278881,2.2452302631578944,2.2452302631578944,False
21,graphical_appearance_name,Check,1,20,0.05,0.023001977877078604,2.1737261146496816,2.1737261146496816,False
21,perceived_colour_master_name,Red,1,20,0.05,0.0232217419969233,2.1531545741324924,2.1531545741324924,False
21,section_name,Mama,1,20,0.05,0.023294996703538202,2.1463836477987424,2.1463836477987424,False
21,graphical_appearance_name,Denim,3,20,0.15,0.074719800747198,2.0075000000000003,2.0075000000000003,False
21,index_group_name,Menswear,4,20,0.2,0.10438795692623251,1.9159298245614036,1.9159298245614036,False
21,perceived_colour_master_name,Brown,1,20,0.05,0.026151930261519303,1.911904761904762,1.911904761904762,False
21,colour_group_name,Light Blue,1,20,0.05,0.026957732034283203,1.8547554347826087,1.8547554347826087,False
21,perceived_colour_master_name,Orange,1,20,0.05,0.0273972602739726,1.8250000000000002,1.8250000000000002,False
21,perceived_colour_master_name,Green,1,20,0.05,0.027910043220276903,1.7914698162729659,1.7914698162729659,False
21,product_type_name,Dress,4,20,0.2,0.11750054941029961,1.70211970074813,1.70211970074813,False
21,perceived_colour_master_name,Blue,4,20,0.2,0.11933191707567212,1.6759975445058317,1.6759975445058317,False
21,colour_group_name,Grey,1,20,0.05,0.031059995604717602,1.6097877358490567,1.6097877358490567,False
21,product_type_name,Underwear bottom,1,20,0.05,0.031133250311332503,1.606,1.606,False
21,section_name,Womens Tailoring,2,20,0.1,0.06343857592850341,1.5763279445727483,1.5763279445727483,False
21,product_group_name,Garment Full body,4,20,0.2,0.1304666324811369,1.5329590117911287,1.5329590117911287,False
21,index_group_name,Sport,1,20,0.05,0.033111127389934804,1.510066371681416,1.510066371681416,False
21,perceived_colour_master_name,Pink,2,20,0.1,0.06702805655263351,1.4919125683060108,1.4919125683060108,False
21,garment_group_name,Outdoor,1,20,0.05,0.033697165042854006,1.483804347826087,1.483804347826087,False
21,section_name,"Womens Nightwear, Socks & Tigh",1,20,0.05,0.034869240348692404,1.4339285714285714,1.4339285714285714,False
21,section_name,Womens Casual,1,20,0.05,0.039557541572046,1.2639814814814816,1.2639814814814816,False
21,garment_group_name,"Under-, Nightwear",2,20,0.1,0.08475569555343931,1.1798617113223855,1.1798617113223855,False
21,garment_group_name,Trousers Denim,1,20,0.05,0.0430737674895612,1.1607993197278912,1.1607993197278912,False
21,product_group_name,Garment Upper body,9,20,0.45,0.38905574683173394,1.156646582564489,1.156646582564489,False
21,department_name,Blouse,1,20,0.05,0.043293531609405904,1.154906937394247,1.154906937394247,False
21,product_type_name,Blouse,1,20,0.05,0.045344663394623105,1.1026655896607431,1.1026655896607431,False
21,colour_group_name,Beige,1,20,0.05,0.04585744634092741,1.0903354632587858,1.0903354632587858,False
21,product_group_name,Accessories,2,20,0.1,0.092300930334774,1.0834126984126986,1.0834126984126986,False
21,colour_group_name,White,2,20,0.1,0.0960369203721339,1.041266209000763,1.041266209000763,False
21,garment_group_name,Accessories,2,20,0.1,0.0962566844919786,1.038888888888889,1.038888888888889,False
21,graphical_appearance_name,Solid,11,20,0.55,0.5812760969892315,0.9461940768746062,0.9461940768746062,False
21,index_group_name,Ladieswear,11,20,0.55,0.5894806241301004,0.9330247297129365,0.9330247297129365,False
21,colour_group_name,Black,5,20,0.25,0.28027250750860744,0.8919890224777836,0.8919890224777836,False
21,perceived_colour_master_name,Black,5,20,0.25,0.28173760164090544,0.8873504940197607,0.8873504940197607,False
21,product_type_name,T-shirt,1,20,0.05,0.05757819939931141,0.8683842239185751,0.8683842239185751,False
21,section_name,Womens Lingerie,1,20,0.05,0.05765145410592631,0.8672808132147396,0.8672808132147396,False
21,colour_group_name,Dark Blue,1,20,0.05,0.058970038824994506,0.847888198757764,0.847888198757764,False
21,department_name,Jersey,1,20,0.05,0.060801406490367006,0.8223493975903615,0.8223493975903615,False
21,perceived_colour_master_name,White,2,20,0.1,0.12797597245623032,0.7813966800228964,0.7813966800228964,False
21,garment_group_name,Knitwear,1,20,0.05,0.06695480184601861,0.7467724288840263,0.7467724288840263,False
21,product_group_name,Underwear,1,20,0.05,0.06768734891216761,0.7386904761904761,0.7386904761904761,False
21,perceived_colour_master_name,Grey,1,20,0.05,0.07113032012306791,0.7029351184346034,0.7029351184346034,False
21,product_type_name,Sweater,1,20,0.05,0.0791883378507069,0.6314061054579094,0.6314061054579094,False
21,garment_group_name,Jersey Fancy,2,20,0.1,0.16672771225551242,0.599780316344464,0.599780316344464,False
21,perceived_colour_master_name,Beige,1,20,0.05,0.08482895026005421,0.5894214162348878,0.5894214162348878,False
21,garment_group_name,Blouses,1,20,0.05,0.0860742802725075,0.5808936170212766,0.5808936170212766,False
21,garment_group_name,Jersey Basic,1,20,0.05,0.09003003442971211,0.5553702196908056,0.5553702196908056,False
21,section_name,Divided Collection,1,20,0.05,0.10409493809977291,0.48033075299085154,0.48033075299085154,False
21,graphical_appearance_name,All over pattern,1,20,0.05,0.10709838107098381,0.4668604651162791,0.4668604651162791,False
21,section_name,Womens Everyday Collection,1,20,0.05,0.12218885063365321,0.40920263788968825,0.40920263788968825,False
21,product_type_name,Trousers,1,20,0.05,0.1310526701340561,0.38152599217439914,0.38152599217439914,False
21,product_group_name,Garment Lower body,1,20,0.05,0.2052596879349498,0.2435938615274804,0.2435938615274804,False
21,index_group_name,Divided,1,20,0.05,0.2062119991209435,0.2424689165186501,0.2424689165186501,False
22,department_name,Kids Boy Knitwear,1,20,0.05,0.0005127829463043,97.50714285714287,97.50714285714287,False
22,product_type_name,Hat/brim,1,20,0.05,0.0013185847190682002,37.919444444444444,37.919444444444444,False
22,department_name,Men Sport Tops,1,20,0.05,0.0020511317852172,24.376785714285717,24.376785714285717,False
22,department_name,Young Boy Jersey Basic,1,20,0.05,0.0025639147315215,19.501428571428573,19.501428571428573,False
22,department_name,Shirt,3,20,0.15,0.009156838326862501,16.3812,16.3812,True
22,graphical_appearance_name,Mixed solid/pattern,1,20,0.05,0.0035162259175152005,14.219791666666667,14.219791666666667,False
22,department_name,Gloves/Hats,1,20,0.05,0.0035894806241301004,13.929591836734694,13.929591836734694,False
22,graphical_appearance_name,Application/3D,1,20,0.05,0.0040290088638195,12.410000000000002,12.410000000000002,False
22,garment_group_name,Shirts,3,20,0.15,0.012526554831147901,11.97456140350877,11.97456140350877,True
22,colour_group_name,Light Turquoise,1,20,0.05,0.0049080653431983,10.187313432835822,10.187313432835822,False
22,section_name,Contemporary Casual,2,20,0.1,0.010621932459160502,9.41448275862069,9.41448275862069,True
22,department_name,Suit jacket,1,20,0.05,0.0053475935828877,9.350000000000001,9.350000000000001,False
22,product_type_name,Pyjama set,1,20,0.05,0.0054208482895026005,9.223648648648648,9.223648648648648,False
22,department_name,Newborn,1,20,0.05,0.0055673577027324,8.98092105263158,8.98092105263158,False
22,section_name,Kids Boy,1,20,0.05,0.0056406124093473006,8.864285714285716,8.864285714285716,False
22,section_name,Men H&M Sport,1,20,0.05,0.0057871218225771,8.63987341772152,8.63987341772152,False
22,department_name,Nightwear,1,20,0.05,0.006080140649036701,8.223493975903615,8.223493975903615,False
22,product_type_name,Bodysuit,1,20,0.05,0.006299904768881401,7.936627906976745,7.936627906976745,False
22,section_name,Boys Underwear & Basics,1,20,0.05,0.006373159475496301,7.8454022988505745,7.8454022988505745,False
22,department_name,Belts,1,20,0.05,0.0066661783019559,7.500549450549451,7.500549450549451,False
22,department_name,Denim trousers,1,20,0.05,0.007984763021024101,6.261926605504587,6.261926605504587,False
22,product_type_name,Belt,1,20,0.05,0.0082045271408688,6.094196428571429,6.094196428571429,False
22,section_name,Denim Men,1,20,0.05,0.0085708006739433,5.833760683760684,5.833760683760684,False
22,colour_group_name,Orange,1,20,0.05,0.008790564793788001,5.687916666666666,5.687916666666666,False
22,perceived_colour_master_name,Turquoise,1,20,0.05,0.009230093033477401,5.417063492063492,5.417063492063492,False
22,product_group_name,Nightwear,1,20,0.05,0.009669621273166801,5.170833333333333,5.170833333333333,False
22,section_name,Womens Big accessories,2,20,0.1,0.019925280199252802,5.018750000000001,5.018750000000001,False
22,product_type_name,Shirt,3,20,0.15,0.031646033257636805,4.7399305555555555,4.7399305555555555,False
22,graphical_appearance_name,Other structure,2,20,0.1,0.022855468463848803,4.375320512820513,4.375320512820513,False
22,colour_group_name,Dark Red,1,20,0.05,0.0128195736576075,3.900285714285715,3.900285714285715,False
22,garment_group_name,Dressed,1,20,0.05,0.013112592484067102,3.813128491620112,3.813128491620112,False
22,product_type_name,Blazer,1,20,0.05,0.014211413083290601,3.5182989690721653,3.5182989690721653,False
22,colour_group_name,Blue,2,20,0.1,0.033330891509779505,3.0002197802197803,3.0002197802197803,False
22,product_type_name,Swimwear bottom,1,20,0.05,0.016702073108197203,2.993640350877193,2.993640350877193,False
22,product_type_name,Bikini top,1,20,0.05,0.0171416013478866,2.916880341880342,2.916880341880342,False
22,department_name,Casual Lingerie,1,20,0.05,0.017581129587576003,2.843958333333333,2.843958333333333,False
22,section_name,Baby Essentials & Complements,1,20,0.05,0.017727639000805803,2.8204545454545453,2.8204545454545453,False
22,department_name,Dress,2,20,0.1,0.035894806241301,2.785918367346939,2.785918367346939,False
22,section_name,Contemporary Smart,1,20,0.05,0.0180206578272654,2.7745934959349596,2.7745934959349596,False
22,colour_group_name,Light Pink,2,20,0.1,0.036773862720679805,2.7193227091633467,2.7193227091633467,False
22,colour_group_name,Dark Green,1,20,0.05,0.018533440773569703,2.6978260869565216,2.6978260869565216,False
22,section_name,"Womens Swimwear, beachwear",2,20,0.1,0.0374331550802139,2.6714285714285717,2.6714285714285717,False
22,colour_group_name,Yellowish Brown,1,20,0.05,0.0187532048934144,2.6662109375000003,2.6662109375000003,False
22,garment_group_name,Swimwear,2,20,0.1,0.038531975679437405,2.5952471482889736,2.5952471482889736,False
22,department_name,Swimwear,2,20,0.1,0.038531975679437405,2.5952471482889736,2.5952471482889736,False
22,product_group_name,Swimwear,2,20,0.1,0.0397773056918907,2.513996316758748,2.513996316758748,False
22,product_type_name,Hoodie,1,20,0.05,0.0206578272654018,2.420390070921986,2.420390070921986,False
22,department_name,Dresses,1,20,0.05,0.021024100798476303,2.3782229965156794,2.3782229965156794,False
22,garment_group_name,Dresses Ladies,3,20,0.15,0.06651527360632921,2.2551211453744493,2.2551211453744493,False
22,index_group_name,Baby/Children,3,20,0.15,0.06680829243278881,2.2452302631578944,2.2452302631578944,False
22,graphical_appearance_name,Check,1,20,0.05,0.023001977877078604,2.1737261146496816,2.1737261146496816,False
22,perceived_colour_master_name,Red,1,20,0.05,0.0232217419969233,2.1531545741324924,2.1531545741324924,False
22,section_name,Mama,1,20,0.05,0.023294996703538202,2.1463836477987424,2.1463836477987424,False
22,graphical_appearance_name,Denim,3,20,0.15,0.074719800747198,2.0075000000000003,2.0075000000000003,False
22,index_group_name,Menswear,4,20,0.2,0.10438795692623251,1.9159298245614036,1.9159298245614036,False
22,perceived_colour_master_name,Brown,1,20,0.05,0.026151930261519303,1.911904761904762,1.911904761904762,False
22,colour_group_name,Light Blue,1,20,0.05,0.026957732034283203,1.8547554347826087,1.8547554347826087,False
22,perceived_colour_master_name,Orange,1,20,0.05,0.0273972602739726,1.8250000000000002,1.8250000000000002,False
22,perceived_colour_master_name,Green,1,20,0.05,0.027910043220276903,1.7914698162729659,1.7914698162729659,False
22,product_type_name,Dress,4,20,0.2,0.11750054941029961,1.70211970074813,1.70211970074813,False
22,perceived_colour_master_name,Blue,4,20,0.2,0.11933191707567212,1.6759975445058317,1.6759975445058317,False
22,colour_group_name,Grey,1,20,0.05,0.031059995604717602,1.6097877358490567,1.6097877358490567,False
22,product_type_name,Underwear bottom,1,20,0.05,0.031133250311332503,1.606,1.606,False
22,section_name,Womens Tailoring,2,20,0.1,0.06343857592850341,1.5763279445727483,1.5763279445727483,False
22,product_group_name,Garment Full body,4,20,0.2,0.1304666324811369,1.5329590117911287,1.5329590117911287,False
22,index_group_name,Sport,1,20,0.05,0.033111127389934804,1.510066371681416,1.510066371681416,False
22,perceived_colour_master_name,Pink,2,20,0.1,0.06702805655263351,1.4919125683060108,1.4919125683060108,False
22,garment_group_name,Outdoor,1,20,0.05,0.033697165042854006,1.483804347826087,1.483804347826087,False
22,section_name,"Womens Nightwear, Socks & Tigh",1,20,0.05,0.034869240348692404,1.4339285714285714,1.4339285714285714,False
22,section_name,Womens Casual,1,20,0.05,0.039557541572046,1.2639814814814816,1.2639814814814816,False
22,garment_group_name,"Under-, Nightwear",2,20,0.1,0.08475569555343931,1.1798617113223855,1.1798617113223855,False
22,garment_group_name,Trousers Denim,1,20,0.05,0.0430737674895612,1.1607993197278912,1.1607993197278912,False
22,product_group_name,Garment Upper body,9,20,0.45,0.38905574683173394,1.156646582564489,1.156646582564489,False
22,department_name,Blouse,1,20,0.05,0.043293531609405904,1.154906937394247,1.154906937394247,False
22,product_type_name,Blouse,1,20,0.05,0.045344663394623105,1.1026655896607431,1.1026655896607431,False
22,colour_group_name,Beige,1,20,0.05,0.04585744634092741,1.0903354632587858,1.0903354632587858,False
22,product_group_name,Accessories,2,20,0.1,0.092300930334774,1.0834126984126986,1.0834126984126986,False
22,colour_group_name,White,2,20,0.1,0.0960369203721339,1.041266209000763,1.041266209000763,False
22,garment_group_name,Accessories,2,20,0.1,0.0962566844919786,1.038888888888889,1.038888888888889,False
22,graphical_appearance_name,Solid,11,20,0.55,0.5812760969892315,0.9461940768746062,0.9461940768746062,False
22,index_group_name,Ladieswear,11,20,0.55,0.5894806241301004,0.9330247297129365,0.9330247297129365,False
22,colour_group_name,Black,5,20,0.25,0.28027250750860744,0.8919890224777836,0.8919890224777836,False
22,perceived_colour_master_name,Black,5,20,0.25,0.28173760164090544,0.8873504940197607,0.8873504940197607,False
22,product_type_name,T-shirt,1,20,0.05,0.05757819939931141,0.8683842239185751,0.8683842239185751,False
22,section_name,Womens Lingerie,1,20,0.05,0.05765145410592631,0.8672808132147396,0.8672808132147396,False
22,colour_group_name,Dark Blue,1,20,0.05,0.058970038824994506,0.847888198757764,0.847888198757764,False
22,department_name,Jersey,1,20,0.05,0.060801406490367006,0.8223493975903615,0.8223493975903615,False
22,perceived_colour_master_name,White,2,20,0.1,0.12797597245623032,0.7813966800228964,0.7813966800228964,False
22,garment_group_name,Knitwear,1,20,0.05,0.06695480184601861,0.7467724288840263,0.7467724288840263,False
22,product_group_name,Underwear,1,20,0.05,0.06768734891216761,0.7386904761904761,0.7386904761904761,False
22,perceived_colour_master_name,Grey,1,20,0.05,0.07113032012306791,0.7029351184346034,0.7029351184346034,False
22,product_type_name,Sweater,1,20,0.05,0.0791883378507069,0.6314061054579094,0.6314061054579094,False
22,garment_group_name,Jersey Fancy,2,20,0.1,0.16672771225551242,0.599780316344464,0.599780316344464,False
22,perceived_colour_master_name,Beige,1,20,0.05,0.08482895026005421,0.5894214162348878,0.5894214162348878,False
22,garment_group_name,Blouses,1,20,0.05,0.0860742802725075,0.5808936170212766,0.5808936170212766,False
22,garment_group_name,Jersey Basic,1,20,0.05,0.09003003442971211,0.5553702196908056,0.5553702196908056,False
22,section_name,Divided Collection,1,20,0.05,0.10409493809977291,0.48033075299085154,0.48033075299085154,False
22,graphical_appearance_name,All over pattern,1,20,0.05,0.10709838107098381,0.4668604651162791,0.4668604651162791,False
22,section_name,Womens Everyday Collection,1,20,0.05,0.12218885063365321,0.40920263788968825,0.40920263788968825,False
22,product_type_name,Trousers,1,20,0.05,0.1310526701340561,0.38152599217439914,0.38152599217439914,False
22,product_group_name,Garment Lower body,1,20,0.05,0.2052596879349498,0.2435938615274804,0.2435938615274804,False
22,index_group_name,Divided,1,20,0.05,0.2062119991209435,0.2424689165186501,0.2424689165186501,False
23,department_name,Kids Boy Knitwear,1,20,0.05,0.0005127829463043,97.50714285714287,97.50714285714287,False
23,product_type_name,Hat/brim,1,20,0.05,0.0013185847190682002,37.919444444444444,37.919444444444444,False
23,department_name,Men Sport Tops,1,20,0.05,0.0020511317852172,24.376785714285717,24.376785714285717,False
23,department_name,Young Boy Jersey Basic,1,20,0.05,0.0025639147315215,19.501428571428573,19.501428571428573,False
23,department_name,Shirt,3,20,0.15,0.009156838326862501,16.3812,16.3812,True
23,graphical_appearance_name,Mixed solid/pattern,1,20,0.05,0.0035162259175152005,14.219791666666667,14.219791666666667,False
23,department_name,Gloves/Hats,1,20,0.05,0.0035894806241301004,13.929591836734694,13.929591836734694,False
23,graphical_appearance_name,Application/3D,1,20,0.05,0.0040290088638195,12.410000000000002,12.410000000000002,False
23,garment_group_name,Shirts,3,20,0.15,0.012526554831147901,11.97456140350877,11.97456140350877,True
23,colour_group_name,Light Turquoise,1,20,0.05,0.0049080653431983,10.187313432835822,10.187313432835822,False
23,section_name,Contemporary Casual,2,20,0.1,0.010621932459160502,9.41448275862069,9.41448275862069,True
23,department_name,Suit jacket,1,20,0.05,0.0053475935828877,9.350000000000001,9.350000000000001,False
23,product_type_name,Pyjama set,1,20,0.05,0.0054208482895026005,9.223648648648648,9.223648648648648,False
23,department_name,Newborn,1,20,0.05,0.0055673577027324,8.98092105263158,8.98092105263158,False
23,section_name,Kids Boy,1,20,0.05,0.0056406124093473006,8.864285714285716,8.864285714285716,False
23,section_name,Men H&M Sport,1,20,0.05,0.0057871218225771,8.63987341772152,8.63987341772152,False
23,department_name,Nightwear,1,20,0.05,0.006080140649036701,8.223493975903615,8.223493975903615,False
23,product_type_name,Bodysuit,1,20,0.05,0.006299904768881401,7.936627906976745,7.936627906976745,False
23,section_name,Boys Underwear & Basics,1,20,0.05,0.006373159475496301,7.8454022988505745,7.8454022988505745,False
23,department_name,Belts,1,20,0.05,0.0066661783019559,7.500549450549451,7.500549450549451,False
23,department_name,Denim trousers,1,20,0.05,0.007984763021024101,6.261926605504587,6.261926605504587,False
23,product_type_name,Belt,1,20,0.05,0.0082045271408688,6.094196428571429,6.094196428571429,False
23,section_name,Denim Men,1,20,0.05,0.0085708006739433,5.833760683760684,5.833760683760684,False
23,colour_group_name,Orange,1,20,0.05,0.008790564793788001,5.687916666666666,5.687916666666666,False
23,perceived_colour_master_name,Turquoise,1,20,0.05,0.009230093033477401,5.417063492063492,5.417063492063492,False
23,product_group_name,Nightwear,1,20,0.05,0.009669621273166801,5.170833333333333,5.170833333333333,False
23,section_name,Womens Big accessories,2,20,0.1,0.019925280199252802,5.018750000000001,5.018750000000001,False
23,product_type_name,Shirt,3,20,0.15,0.031646033257636805,4.7399305555555555,4.7399305555555555,False
23,graphical_appearance_name,Other structure,2,20,0.1,0.022855468463848803,4.375320512820513,4.375320512820513,False
23,colour_group_name,Dark Red,1,20,0.05,0.0128195736576075,3.900285714285715,3.900285714285715,False
23,garment_group_name,Dressed,1,20,0.05,0.013112592484067102,3.813128491620112,3.813128491620112,False
23,product_type_name,Blazer,1,20,0.05,0.014211413083290601,3.5182989690721653,3.5182989690721653,False
23,colour_group_name,Blue,2,20,0.1,0.033330891509779505,3.0002197802197803,3.0002197802197803,False
23,product_type_name,Swimwear bottom,1,20,0.05,0.016702073108197203,2.993640350877193,2.993640350877193,False
23,product_type_name,Bikini top,1,20,0.05,0.0171416013478866,2.916880341880342,2.916880341880342,False
23,department_name,Casual Lingerie,1,20,0.05,0.017581129587576003,2.843958333333333,2.843958333333333,False
23,section_name,Baby Essentials & Complements,1,20,0.05,0.017727639000805803,2.8204545454545453,2.8204545454545453,False
23,department_name,Dress,2,20,0.1,0.035894806241301,2.785918367346939,2.785918367346939,False
23,section_name,Contemporary Smart,1,20,0.05,0.0180206578272654,2.7745934959349596,2.7745934959349596,False
23,colour_group_name,Light Pink,2,20,0.1,0.036773862720679805,2.7193227091633467,2.7193227091633467,False
23,colour_group_name,Dark Green,1,20,0.05,0.018533440773569703,2.6978260869565216,2.6978260869565216,False
23,section_name,"Womens Swimwear, beachwear",2,20,0.1,0.0374331550802139,2.6714285714285717,2.6714285714285717,False
23,colour_group_name,Yellowish Brown,1,20,0.05,0.0187532048934144,2.6662109375000003,2.6662109375000003,False
23,garment_group_name,Swimwear,2,20,0.1,0.038531975679437405,2.5952471482889736,2.5952471482889736,False
23,department_name,Swimwear,2,20,0.1,0.038531975679437405,2.5952471482889736,2.5952471482889736,False
23,product_group_name,Swimwear,2,20,0.1,0.0397773056918907,2.513996316758748,2.513996316758748,False
23,product_type_name,Hoodie,1,20,0.05,0.0206578272654018,2.420390070921986,2.420390070921986,False
23,department_name,Dresses,1,20,0.05,0.021024100798476303,2.3782229965156794,2.3782229965156794,False
23,garment_group_name,Dresses Ladies,3,20,0.15,0.06651527360632921,2.2551211453744493,2.2551211453744493,False
23,index_group_name,Baby/Children,3,20,0.15,0.06680829243278881,2.2452302631578944,2.2452302631578944,False
23,graphical_appearance_name,Check,1,20,0.05,0.023001977877078604,2.1737261146496816,2.1737261146496816,False
23,perceived_colour_master_name,Red,1,20,0.05,0.0232217419969233,2.1531545741324924,2.1531545741324924,False
23,section_name,Mama,1,20,0.05,0.023294996703538202,2.1463836477987424,2.1463836477987424,False
23,graphical_appearance_name,Denim,3,20,0.15,0.074719800747198,2.0075000000000003,2.0075000000000003,False
23,index_group_name,Menswear,4,20,0.2,0.10438795692623251,1.9159298245614036,1.9159298245614036,False
23,perceived_colour_master_name,Brown,1,20,0.05,0.026151930261519303,1.911904761904762,1.911904761904762,False
23,colour_group_name,Light Blue,1,20,0.05,0.026957732034283203,1.8547554347826087,1.8547554347826087,False
23,perceived_colour_master_name,Orange,1,20,0.05,0.0273972602739726,1.8250000000000002,1.8250000000000002,False
23,perceived_colour_master_name,Green,1,20,0.05,0.027910043220276903,1.7914698162729659,1.7914698162729659,False
23,product_type_name,Dress,4,20,0.2,0.11750054941029961,1.70211970074813,1.70211970074813,False
23,perceived_colour_master_name,Blue,4,20,0.2,0.11933191707567212,1.6759975445058317,1.6759975445058317,False
23,colour_group_name,Grey,1,20,0.05,0.031059995604717602,1.6097877358490567,1.6097877358490567,False
23,product_type_name,Underwear bottom,1,20,0.05,0.031133250311332503,1.606,1.606,False
23,section_name,Womens Tailoring,2,20,0.1,0.06343857592850341,1.5763279445727483,1.5763279445727483,False
23,product_group_name,Garment Full body,4,20,0.2,0.1304666324811369,1.5329590117911287,1.5329590117911287,False
23,index_group_name,Sport,1,20,0.05,0.033111127389934804,1.510066371681416,1.510066371681416,False
23,perceived_colour_master_name,Pink,2,20,0.1,0.06702805655263351,1.4919125683060108,1.4919125683060108,False
23,garment_group_name,Outdoor,1,20,0.05,0.033697165042854006,1.483804347826087,1.483804347826087,False
23,section_name,"Womens Nightwear, Socks & Tigh",1,20,0.05,0.034869240348692404,1.4339285714285714,1.4339285714285714,False
23,section_name,Womens Casual,1,20,0.05,0.039557541572046,1.2639814814814816,1.2639814814814816,False
23,garment_group_name,"Under-, Nightwear",2,20,0.1,0.08475569555343931,1.1798617113223855,1.1798617113223855,False
23,garment_group_name,Trousers Denim,1,20,0.05,0.0430737674895612,1.1607993197278912,1.1607993197278912,False
23,product_group_name,Garment Upper body,9,20,0.45,0.38905574683173394,1.156646582564489,1.156646582564489,False
23,department_name,Blouse,1,20,0.05,0.043293531609405904,1.154906937394247,1.154906937394247,False
23,product_type_name,Blouse,1,20,0.05,0.045344663394623105,1.1026655896607431,1.1026655896607431,False
23,colour_group_name,Beige,1,20,0.05,0.04585744634092741,1.0903354632587858,1.0903354632587858,False
23,product_group_name,Accessories,2,20,0.1,0.092300930334774,1.0834126984126986,1.0834126984126986,False
23,colour_group_name,White,2,20,0.1,0.0960369203721339,1.041266209000763,1.041266209000763,False
23,garment_group_name,Accessories,2,20,0.1,0.0962566844919786,1.038888888888889,1.038888888888889,False
23,graphical_appearance_name,Solid,11,20,0.55,0.5812760969892315,0.9461940768746062,0.9461940768746062,False
23,index_group_name,Ladieswear,11,20,0.55,0.5894806241301004,0.9330247297129365,0.9330247297129365,False
23,colour_group_name,Black,5,20,0.25,0.28027250750860744,0.8919890224777836,0.8919890224777836,False
23,perceived_colour_master_name,Black,5,20,0.25,0.28173760164090544,0.8873504940197607,0.8873504940197607,False
23,product_type_name,T-shirt,1,20,0.05,0.05757819939931141,0.8683842239185751,0.8683842239185751,False
23,section_name,Womens Lingerie,1,20,0.05,0.05765145410592631,0.8672808132147396,0.8672808132147396,False
23,colour_group_name,Dark Blue,1,20,0.05,0.058970038824994506,0.847888198757764,0.847888198757764,False
23,department_name,Jersey,1,20,0.05,0.060801406490367006,0.8223493975903615,0.8223493975903615,False
23,perceived_colour_master_name,White,2,20,0.1,0.12797597245623032,0.7813966800228964,0.7813966800228964,False
23,garment_group_name,Knitwear,1,20,0.05,0.06695480184601861,0.7467724288840263,0.7467724288840263,False
23,product_group_name,Underwear,1,20,0.05,0.06768734891216761,0.7386904761904761,0.7386904761904761,False
23,perceived_colour_master_name,Grey,1,20,0.05,0.07113032012306791,0.7029351184346034,0.7029351184346034,False
23,product_type_name,Sweater,1,20,0.05,0.0791883378507069,0.6314061054579094,0.6314061054579094,False
23,garment_group_name,Jersey Fancy,2,20,0.1,0.16672771225551242,0.599780316344464,0.599780316344464,False
23,perceived_colour_master_name,Beige,1,20,0.05,0.08482895026005421,0.5894214162348878,0.5894214162348878,False
23,garment_group_name,Blouses,1,20,0.05,0.0860742802725075,0.5808936170212766,0.5808936170212766,False
23,garment_group_name,Jersey Basic,1,20,0.05,0.09003003442971211,0.5553702196908056,0.5553702196908056,False
23,section_name,Divided Collection,1,20,0.05,0.10409493809977291,0.48033075299085154,0.48033075299085154,False
23,graphical_appearance_name,All over pattern,1,20,0.05,0.10709838107098381,0.4668604651162791,0.4668604651162791,False
23,section_name,Womens Everyday Collection,1,20,0.05,0.12218885063365321,0.40920263788968825,0.40920263788968825,False
23,product_type_name,Trousers,1,20,0.05,0.1310526701340561,0.38152599217439914,0.38152599217439914,False
23,product_group_name,Garment Lower body,1,20,0.05,0.2052596879349498,0.2435938615274804,0.2435938615274804,False
23,index_group_name,Divided,1,20,0.05,0.2062119991209435,0.2424689165186501,0.2424689165186501,False
24,product_type_name,Pyjama bottom,1,20,0.05,0.0025639147315215,19.501428571428573,19.501428571428573,False
24,department_name,Loungewear,3,20,0.15,0.009596366566551901,15.630916030534351,15.630916030534351,True
24,department_name,Ladies Sport Bottoms,2,20,0.1,0.0068859424218006005,14.522340425531917,14.522340425531917,True
24,department_name,Shopbasket Socks,1,20,0.05,0.0044685371035089,11.189344262295084,11.189344262295084,False
24,product_type_name,Unknown,1,20,0.05,0.006080140649036701,8.223493975903615,8.223493975903615,False
24,product_group_name,Unknown,1,20,0.05,0.006080140649036701,8.223493975903615,8.223493975903615,False
24,department_name,Tops Knitwear,2,20,0.1,0.014357922496520402,6.964795918367347,6.964795918367347,True
24,section_name,"Womens Nightwear, Socks & Tigh",4,20,0.2,0.034869240348692404,5.735714285714286,5.735714285714286,False
24,department_name,Jersey Basic,3,20,0.15,0.026737967914438502,5.61,5.61,False
24,section_name,Womens Everyday Basics,3,20,0.15,0.027177496154127904,5.519272237196765,5.519272237196765,False
24,product_type_name,Leggings/Tights,2,20,0.1,0.018313676653725002,5.4604,5.4604,False
24,product_group_name,Nightwear,1,20,0.05,0.009669621273166801,5.170833333333333,5.170833333333333,False
24,colour_group_name,Green,1,20,0.05,0.009742875979781702,5.131954887218045,5.131954887218045,False
24,product_type_name,Hoodie,2,20,0.1,0.0206578272654018,4.840780141843972,4.840780141843972,False
24,colour_group_name,Light Beige,4,20,0.2,0.0478353234195297,4.181010719754978,4.181010719754978,False
24,section_name,Ladies H&M Sport,2,20,0.1,0.0265182037945938,3.770994475138122,3.770994475138122,False
24,section_name,Womens Jackets,1,20,0.05,0.0136986301369863,3.6500000000000004,3.6500000000000004,False
24,department_name,Basic 1,2,20,0.1,0.029228627939345102,3.4213032581453637,3.4213032581453637,False
24,graphical_appearance_name,Placement print,1,20,0.05,0.014650941322980001,3.4127500000000004,3.4127500000000004,False
24,department_name,Outwear,1,20,0.05,0.0150172148560545,3.3295121951219517,3.3295121951219517,False
24,product_type_name,Sweater,5,20,0.25,0.0791883378507069,3.157030527289547,3.157030527289547,False
24,section_name,Divided Basics,2,20,0.1,0.03208556149732621,3.1166666666666667,3.1166666666666667,False
24,department_name,Trousers,1,20,0.05,0.0164823089883525,3.0335555555555556,3.0335555555555556,False
24,index_group_name,Sport,2,20,0.1,0.033111127389934804,3.020132743362832,3.020132743362832,False
24,garment_group_name,Knitwear,4,20,0.2,0.06695480184601861,2.987089715536105,2.987089715536105,False
24,department_name,Denim Trousers,1,20,0.05,0.0171416013478866,2.916880341880342,2.916880341880342,False
24,garment_group_name,Jersey Basic,5,20,0.25,0.09003003442971211,2.7768510984540278,2.7768510984540278,False
24,colour_group_name,Dark Green,1,20,0.05,0.018533440773569703,2.6978260869565216,2.6978260869565216,False
24,department_name,Knitwear,2,20,0.1,0.039557541572046,2.527962962962963,2.527962962962963,False
24,perceived_colour_master_name,Beige,4,20,0.2,0.08482895026005421,2.357685664939551,2.357685664939551,False
24,product_type_name,Socks,1,20,0.05,0.0240275437696872,2.0809451219512196,2.0809451219512196,False
24,department_name,Jersey fancy,1,20,0.05,0.0247600908358362,2.0193786982248523,2.0193786982248523,False
24,product_type_name,Top,2,20,0.1,0.050692256977510806,1.9726878612716763,1.9726878612716763,False
24,section_name,H&M+,1,20,0.05,0.026811222621053402,1.8648907103825139,1.8648907103825139,False
24,perceived_colour_master_name,Green,1,20,0.05,0.027910043220276903,1.7914698162729659,1.7914698162729659,False
24,colour_group_name,Black,10,20,0.5,0.28027250750860744,1.783978044955567,1.783978044955567,False
24,perceived_colour_master_name,Black,10,20,0.5,0.28173760164090544,1.7747009880395215,1.7747009880395215,False
24,garment_group_name,"Under-, Nightwear",3,20,0.15,0.08475569555343931,1.7697925669835781,1.7697925669835781,False
24,section_name,Ladies Denim,1,20,0.05,0.028862354406270604,1.7323604060913707,1.7323604060913707,False
24,product_type_name,Vest top,1,20,0.05,0.030107684418723902,1.660705596107056,1.660705596107056,False
24,garment_group_name,Socks and Tights,1,20,0.05,0.030254193831953703,1.6526634382566587,1.6526634382566587,False
24,product_group_name,Socks & Tights,1,20,0.05,0.030766976778258005,1.6251190476190476,1.6251190476190476,False
24,graphical_appearance_name,Melange,2,20,0.1,0.0617537176763607,1.6193357058125744,1.6193357058125744,False
24,colour_group_name,Grey,1,20,0.05,0.031059995604717602,1.6097877358490567,1.6097877358490567,False
24,product_type_name,Jacket,1,20,0.05,0.0312797597245623,1.5984777517564404,1.5984777517564404,False
24,colour_group_name,Blue,1,20,0.05,0.033330891509779505,1.5001098901098902,1.5001098901098902,False
24,garment_group_name,Outdoor,1,20,0.05,0.033697165042854006,1.483804347826087,1.483804347826087,False
24,index_group_name,Divided,6,20,0.3,0.2062119991209435,1.4548134991119006,1.4548134991119006,False
24,section_name,Divided Collection,3,20,0.15,0.10409493809977291,1.4409922589725546,1.4409922589725546,False
24,product_group_name,Garment Upper body,11,20,0.55,0.38905574683173394,1.4136791564677087,1.4136791564677087,False
24,perceived_colour_master_name,Grey,2,20,0.1,0.07113032012306791,1.4058702368692069,1.4058702368692069,False
24,graphical_appearance_name,Solid,15,20,0.75,0.5812760969892315,1.290264650283554,1.290264650283554,False
24,section_name,Womens Everyday Collection,3,20,0.15,0.12218885063365321,1.2276079136690647,1.2276079136690647,False
24,product_group_name,Garment Lower body,5,20,0.25,0.2052596879349498,1.2179693076374019,1.2179693076374019,False
24,garment_group_name,Jersey Fancy,4,20,0.2,0.16672771225551242,1.199560632688928,1.199560632688928,False
24,garment_group_name,Trousers Denim,1,20,0.05,0.0430737674895612,1.1607993197278912,1.1607993197278912,False
24,product_type_name,Trousers,3,20,0.15,0.1310526701340561,1.1445779765231974,1.1445779765231974,False
24,index_group_name,Ladieswear,12,20,0.6,0.5894806241301004,1.0178451596868396,1.0178451596868396,False
24,colour_group_name,Dark Blue,1,20,0.05,0.058970038824994506,0.847888198757764,0.847888198757764,False
24,perceived_colour_master_name,Blue,2,20,0.1,0.11933191707567212,0.8379987722529159,0.8379987722529159,False
24,department_name,Jersey,1,20,0.05,0.060801406490367006,0.8223493975903615,0.8223493975903615,False
24,graphical_appearance_name,Denim,1,20,0.05,0.074719800747198,0.6691666666666668,0.6691666666666668,False
24,garment_group_name,Trousers,1,20,0.05,0.0825580543549923,0.6056344276841171,0.6056344276841171,False
24,colour_group_name,White,1,20,0.05,0.0960369203721339,0.5206331045003815,0.5206331045003815,False
24,graphical_appearance_name,All over pattern,1,20,0.05,0.10709838107098381,0.4668604651162791,0.4668604651162791,False
24,product_type_name,Dress,1,20,0.05,0.11750054941029961,0.4255299251870325,0.4255299251870325,False
24,perceived_colour_master_name,White,1,20,0.05,0.12797597245623032,0.3906983400114482,0.3906983400114482,False
24,product_group_name,Garment Full body,1,20,0.05,0.1304666324811369,0.3832397529477822,0.3832397529477822,False
25,department_name,Kids Boy Knitwear,1,20,0.05,0.0005127829463043,97.50714285714287,97.50714285714287,False
25,product_type_name,Hat/brim,1,20,0.05,0.0013185847190682002,37.919444444444444,37.919444444444444,False
25,department_name,Men Sport Tops,1,20,0.05,0.0020511317852172,24.376785714285717,24.376785714285717,False
25,department_name,Young Boy Jersey Basic,1,20,0.05,0.0025639147315215,19.501428571428573,19.501428571428573,False
25,department_name,Shirt,3,20,0.15,0.009156838326862501,16.3812,16.3812,True
25,graphical_appearance_name,Mixed solid/pattern,1,20,0.05,0.0035162259175152005,14.219791666666667,14.219791666666667,False
25,department_name,Gloves/Hats,1,20,0.05,0.0035894806241301004,13.929591836734694,13.929591836734694,False
25,graphical_appearance_name,Application/3D,1,20,0.05,0.0040290088638195,12.410000000000002,12.410000000000002,False
25,garment_group_name,Shirts,3,20,0.15,0.012526554831147901,11.97456140350877,11.97456140350877,True
25,colour_group_name,Light Turquoise,1,20,0.05,0.0049080653431983,10.187313432835822,10.187313432835822,False
25,section_name,Contemporary Casual,2,20,0.1,0.010621932459160502,9.41448275862069,9.41448275862069,True
25,department_name,Suit jacket,1,20,0.05,0.0053475935828877,9.350000000000001,9.350000000000001,False
25,product_type_name,Pyjama set,1,20,0.05,0.0054208482895026005,9.223648648648648,9.223648648648648,False
25,department_name,Newborn,1,20,0.05,0.0055673577027324,8.98092105263158,8.98092105263158,False
25,section_name,Kids Boy,1,20,0.05,0.0056406124093473006,8.864285714285716,8.864285714285716,False
25,section_name,Men H&M Sport,1,20,0.05,0.0057871218225771,8.63987341772152,8.63987341772152,False
25,department_name,Nightwear,1,20,0.05,0.006080140649036701,8.223493975903615,8.223493975903615,False
25,product_type_name,Bodysuit,1,20,0.05,0.006299904768881401,7.936627906976745,7.936627906976745,False
25,section_name,Boys Underwear & Basics,1,20,0.05,0.006373159475496301,7.8454022988505745,7.8454022988505745,False
25,department_name,Belts,1,20,0.05,0.0066661783019559,7.500549450549451,7.500549450549451,False
25,department_name,Denim trousers,1,20,0.05,0.007984763021024101,6.261926605504587,6.261926605504587,False
25,product_type_name,Belt,1,20,0.05,0.0082045271408688,6.094196428571429,6.094196428571429,False
25,section_name,Denim Men,1,20,0.05,0.0085708006739433,5.833760683760684,5.833760683760684,False
25,colour_group_name,Orange,1,20,0.05,0.008790564793788001,5.687916666666666,5.687916666666666,False
25,perceived_colour_master_name,Turquoise,1,20,0.05,0.009230093033477401,5.417063492063492,5.417063492063492,False
25,product_group_name,Nightwear,1,20,0.05,0.009669621273166801,5.170833333333333,5.170833333333333,False
25,section_name,Womens Big accessories,2,20,0.1,0.019925280199252802,5.018750000000001,5.018750000000001,False
25,product_type_name,Shirt,3,20,0.15,0.031646033257636805,4.7399305555555555,4.7399305555555555,False
25,graphical_appearance_name,Other structure,2,20,0.1,0.022855468463848803,4.375320512820513,4.375320512820513,False
25,colour_group_name,Dark Red,1,20,0.05,0.0128195736576075,3.900285714285715,3.900285714285715,False
25,garment_group_name,Dressed,1,20,0.05,0.013112592484067102,3.813128491620112,3.813128491620112,False
25,product_type_name,Blazer,1,20,0.05,0.014211413083290601,3.5182989690721653,3.5182989690721653,False
25,colour_group_name,Blue,2,20,0.1,0.033330891509779505,3.0002197802197803,3.0002197802197803,False
25,product_type_name,Swimwear bottom,1,20,0.05,0.016702073108197203,2.993640350877193,2.993640350877193,False
25,product_type_name,Bikini top,1,20,0.05,0.0171416013478866,2.916880341880342,2.916880341880342,False
25,department_name,Casual Lingerie,1,20,0.05,0.017581129587576003,2.843958333333333,2.843958333333333,False
25,section_name,Baby Essentials & Complements,1,20,0.05,0.017727639000805803,2.8204545454545453,2.8204545454545453,False
25,department_name,Dress,2,20,0.1,0.035894806241301,2.785918367346939,2.785918367346939,False
25,section_name,Contemporary Smart,1,20,0.05,0.0180206578272654,2.7745934959349596,2.7745934959349596,False
25,colour_group_name,Light Pink,2,20,0.1,0.036773862720679805,2.7193227091633467,2.7193227091633467,False
25,colour_group_name,Dark Green,1,20,0.05,0.018533440773569703,2.6978260869565216,2.6978260869565216,False
25,section_name,"Womens Swimwear, beachwear",2,20,0.1,0.0374331550802139,2.6714285714285717,2.6714285714285717,False
25,colour_group_name,Yellowish Brown,1,20,0.05,0.0187532048934144,2.6662109375000003,2.6662109375000003,False
25,garment_group_name,Swimwear,2,20,0.1,0.038531975679437405,2.5952471482889736,2.5952471482889736,False
25,department_name,Swimwear,2,20,0.1,0.038531975679437405,2.5952471482889736,2.5952471482889736,False
25,product_group_name,Swimwear,2,20,0.1,0.0397773056918907,2.513996316758748,2.513996316758748,False
25,product_type_name,Hoodie,1,20,0.05,0.0206578272654018,2.420390070921986,2.420390070921986,False
25,department_name,Dresses,1,20,0.05,0.021024100798476303,2.3782229965156794,2.3782229965156794,False
25,garment_group_name,Dresses Ladies,3,20,0.15,0.06651527360632921,2.2551211453744493,2.2551211453744493,False
25,index_group_name,Baby/Children,3,20,0.15,0.06680829243278881,2.2452302631578944,2.2452302631578944,False
25,graphical_appearance_name,Check,1,20,0.05,0.023001977877078604,2.1737261146496816,2.1737261146496816,False
25,perceived_colour_master_name,Red,1,20,0.05,0.0232217419969233,2.1531545741324924,2.1531545741324924,False
25,section_name,Mama,1,20,0.05,0.023294996703538202,2.1463836477987424,2.1463836477987424,False
25,graphical_appearance_name,Denim,3,20,0.15,0.074719800747198,2.0075000000000003,2.0075000000000003,False
25,index_group_name,Menswear,4,20,0.2,0.10438795692623251,1.9159298245614036,1.9159298245614036,False
25,perceived_colour_master_name,Brown,1,20,0.05,0.026151930261519303,1.911904761904762,1.911904761904762,False
25,colour_group_name,Light Blue,1,20,0.05,0.026957732034283203,1.8547554347826087,1.8547554347826087,False
25,perceived_colour_master_name,Orange,1,20,0.05,0.0273972602739726,1.8250000000000002,1.8250000000000002,False
25,perceived_colour_master_name,Green,1,20,0.05,0.027910043220276903,1.7914698162729659,1.7914698162729659,False
25,product_type_name,Dress,4,20,0.2,0.11750054941029961,1.70211970074813,1.70211970074813,False
25,perceived_colour_master_name,Blue,4,20,0.2,0.11933191707567212,1.6759975445058317,1.6759975445058317,False
25,colour_group_name,Grey,1,20,0.05,0.031059995604717602,1.6097877358490567,1.6097877358490567,False
25,product_type_name,Underwear bottom,1,20,0.05,0.031133250311332503,1.606,1.606,False
25,section_name,Womens Tailoring,2,20,0.1,0.06343857592850341,1.5763279445727483,1.5763279445727483,False
25,product_group_name,Garment Full body,4,20,0.2,0.1304666324811369,1.5329590117911287,1.5329590117911287,False
25,index_group_name,Sport,1,20,0.05,0.033111127389934804,1.510066371681416,1.510066371681416,False
25,perceived_colour_master_name,Pink,2,20,0.1,0.06702805655263351,1.4919125683060108,1.4919125683060108,False
25,garment_group_name,Outdoor,1,20,0.05,0.033697165042854006,1.483804347826087,1.483804347826087,False
25,section_name,"Womens Nightwear, Socks & Tigh",1,20,0.05,0.034869240348692404,1.4339285714285714,1.4339285714285714,False
25,section_name,Womens Casual,1,20,0.05,0.039557541572046,1.2639814814814816,1.2639814814814816,False
25,garment_group_name,"Under-, Nightwear",2,20,0.1,0.08475569555343931,1.1798617113223855,1.1798617113223855,False
25,garment_group_name,Trousers Denim,1,20,0.05,0.0430737674895612,1.1607993197278912,1.1607993197278912,False
25,product_group_name,Garment Upper body,9,20,0.45,0.38905574683173394,1.156646582564489,1.156646582564489,False
25,department_name,Blouse,1,20,0.05,0.043293531609405904,1.154906937394247,1.154906937394247,False
25,product_type_name,Blouse,1,20,0.05,0.045344663394623105,1.1026655896607431,1.1026655896607431,False
25,colour_group_name,Beige,1,20,0.05,0.04585744634092741,1.0903354632587858,1.0903354632587858,False
25,product_group_name,Accessories,2,20,0.1,0.092300930334774,1.0834126984126986,1.0834126984126986,False
25,colour_group_name,White,2,20,0.1,0.0960369203721339,1.041266209000763,1.041266209000763,False
25,garment_group_name,Accessories,2,20,0.1,0.0962566844919786,1.038888888888889,1.038888888888889,False
25,graphical_appearance_name,Solid,11,20,0.55,0.5812760969892315,0.9461940768746062,0.9461940768746062,False
25,index_group_name,Ladieswear,11,20,0.55,0.5894806241301004,0.9330247297129365,0.9330247297129365,False
25,colour_group_name,Black,5,20,0.25,0.28027250750860744,0.8919890224777836,0.8919890224777836,False
25,perceived_colour_master_name,Black,5,20,0.25,0.28173760164090544,0.8873504940197607,0.8873504940197607,False
25,product_type_name,T-shirt,1,20,0.05,0.05757819939931141,0.8683842239185751,0.8683842239185751,False
25,section_name,Womens Lingerie,1,20,0.05,0.05765145410592631,0.8672808132147396,0.8672808132147396,False
25,colour_group_name,Dark Blue,1,20,0.05,0.058970038824994506,0.847888198757764,0.847888198757764,False
25,department_name,Jersey,1,20,0.05,0.060801406490367006,0.8223493975903615,0.8223493975903615,False
25,perceived_colour_master_name,White,2,20,0.1,0.12797597245623032,0.7813966800228964,0.7813966800228964,False
25,garment_group_name,Knitwear,1,20,0.05,0.06695480184601861,0.7467724288840263,0.7467724288840263,False
25,product_group_name,Underwear,1,20,0.05,0.06768734891216761,0.7386904761904761,0.7386904761904761,False
25,perceived_colour_master_name,Grey,1,20,0.05,0.07113032012306791,0.7029351184346034,0.7029351184346034,False
25,product_type_name,Sweater,1,20,0.05,0.0791883378507069,0.6314061054579094,0.6314061054579094,False
25,garment_group_name,Jersey Fancy,2,20,0.1,0.16672771225551242,0.599780316344464,0.599780316344464,False
25,perceived_colour_master_name,Beige,1,20,0.05,0.08482895026005421,0.5894214162348878,0.5894214162348878,False
25,garment_group_name,Blouses,1,20,0.05,0.0860742802725075,0.5808936170212766,0.5808936170212766,False
25,garment_group_name,Jersey Basic,1,20,0.05,0.09003003442971211,0.5553702196908056,0.5553702196908056,False
25,section_name,Divided Collection,1,20,0.05,0.10409493809977291,0.48033075299085154,0.48033075299085154,False
25,graphical_appearance_name,All over pattern,1,20,0.05,0.10709838107098381,0.4668604651162791,0.4668604651162791,False
25,section_name,Womens Everyday Collection,1,20,0.05,0.12218885063365321,0.40920263788968825,0.40920263788968825,False
25,product_type_name,Trousers,1,20,0.05,0.1310526701340561,0.38152599217439914,0.38152599217439914,False
25,product_group_name,Garment Lower body,1,20,0.05,0.2052596879349498,0.2435938615274804,0.2435938615274804,False
25,index_group_name,Divided,1,20,0.05,0.2062119991209435,0.2424689165186501,0.2424689165186501,False
26,department_name,Kids Boy Knitwear,1,20,0.05,0.0005127829463043,97.50714285714287,97.50714285714287,False
26,product_type_name,Hat/brim,1,20,0.05,0.0013185847190682002,37.919444444444444,37.919444444444444,False
26,department_name,Men Sport Tops,1,20,0.05,0.0020511317852172,24.376785714285717,24.376785714285717,False
26,department_name,Young Boy Jersey Basic,1,20,0.05,0.0025639147315215,19.501428571428573,19.501428571428573,False
26,department_name,Shirt,3,20,0.15,0.009156838326862501,16.3812,16.3812,True
26,graphical_appearance_name,Mixed solid/pattern,1,20,0.05,0.0035162259175152005,14.219791666666667,14.219791666666667,False
26,department_name,Gloves/Hats,1,20,0.05,0.0035894806241301004,13.929591836734694,13.929591836734694,False
26,graphical_appearance_name,Application/3D,1,20,0.05,0.0040290088638195,12.410000000000002,12.410000000000002,False
26,garment_group_name,Shirts,3,20,0.15,0.012526554831147901,11.97456140350877,11.97456140350877,True
26,colour_group_name,Light Turquoise,1,20,0.05,0.0049080653431983,10.187313432835822,10.187313432835822,False
26,section_name,Contemporary Casual,2,20,0.1,0.010621932459160502,9.41448275862069,9.41448275862069,True
26,department_name,Suit jacket,1,20,0.05,0.0053475935828877,9.350000000000001,9.350000000000001,False
26,product_type_name,Pyjama set,1,20,0.05,0.0054208482895026005,9.223648648648648,9.223648648648648,False
26,department_name,Newborn,1,20,0.05,0.0055673577027324,8.98092105263158,8.98092105263158,False
26,section_name,Kids Boy,1,20,0.05,0.0056406124093473006,8.864285714285716,8.864285714285716,False
26,section_name,Men H&M Sport,1,20,0.05,0.0057871218225771,8.63987341772152,8.63987341772152,False
26,department_name,Nightwear,1,20,0.05,0.006080140649036701,8.223493975903615,8.223493975903615,False
26,product_type_name,Bodysuit,1,20,0.05,0.006299904768881401,7.936627906976745,7.936627906976745,False
26,section_name,Boys Underwear & Basics,1,20,0.05,0.006373159475496301,7.8454022988505745,7.8454022988505745,False
26,department_name,Belts,1,20,0.05,0.0066661783019559,7.500549450549451,7.500549450549451,False
26,department_name,Denim trousers,1,20,0.05,0.007984763021024101,6.261926605504587,6.261926605504587,False
26,product_type_name,Belt,1,20,0.05,0.0082045271408688,6.094196428571429,6.094196428571429,False
26,section_name,Denim Men,1,20,0.05,0.0085708006739433,5.833760683760684,5.833760683760684,False
26,colour_group_name,Orange,1,20,0.05,0.008790564793788001,5.687916666666666,5.687916666666666,False
26,perceived_colour_master_name,Turquoise,1,20,0.05,0.009230093033477401,5.417063492063492,5.417063492063492,False
26,product_group_name,Nightwear,1,20,0.05,0.009669621273166801,5.170833333333333,5.170833333333333,False
26,section_name,Womens Big accessories,2,20,0.1,0.019925280199252802,5.018750000000001,5.018750000000001,False
26,product_type_name,Shirt,3,20,0.15,0.031646033257636805,4.7399305555555555,4.7399305555555555,False
26,graphical_appearance_name,Other structure,2,20,0.1,0.022855468463848803,4.375320512820513,4.375320512820513,False
26,colour_group_name,Dark Red,1,20,0.05,0.0128195736576075,3.900285714285715,3.900285714285715,False
26,garment_group_name,Dressed,1,20,0.05,0.013112592484067102,3.813128491620112,3.813128491620112,False
26,product_type_name,Blazer,1,20,0.05,0.014211413083290601,3.5182989690721653,3.5182989690721653,False
26,colour_group_name,Blue,2,20,0.1,0.033330891509779505,3.0002197802197803,3.0002197802197803,False
26,product_type_name,Swimwear bottom,1,20,0.05,0.016702073108197203,2.993640350877193,2.993640350877193,False
26,product_type_name,Bikini top,1,20,0.05,0.0171416013478866,2.916880341880342,2.916880341880342,False
26,department_name,Casual Lingerie,1,20,0.05,0.017581129587576003,2.843958333333333,2.843958333333333,False
26,section_name,Baby Essentials & Complements,1,20,0.05,0.017727639000805803,2.8204545454545453,2.8204545454545453,False
26,department_name,Dress,2,20,0.1,0.035894806241301,2.785918367346939,2.785918367346939,False
26,section_name,Contemporary Smart,1,20,0.05,0.0180206578272654,2.7745934959349596,2.7745934959349596,False
26,colour_group_name,Light Pink,2,20,0.1,0.036773862720679805,2.7193227091633467,2.7193227091633467,False
26,colour_group_name,Dark Green,1,20,0.05,0.018533440773569703,2.6978260869565216,2.6978260869565216,False
26,section_name,"Womens Swimwear, beachwear",2,20,0.1,0.0374331550802139,2.6714285714285717,2.6714285714285717,False
26,colour_group_name,Yellowish Brown,1,20,0.05,0.0187532048934144,2.6662109375000003,2.6662109375000003,False
26,garment_group_name,Swimwear,2,20,0.1,0.038531975679437405,2.5952471482889736,2.5952471482889736,False
26,department_name,Swimwear,2,20,0.1,0.038531975679437405,2.5952471482889736,2.5952471482889736,False
26,product_group_name,Swimwear,2,20,0.1,0.0397773056918907,2.513996316758748,2.513996316758748,False
26,product_type_name,Hoodie,1,20,0.05,0.0206578272654018,2.420390070921986,2.420390070921986,False
26,department_name,Dresses,1,20,0.05,0.021024100798476303,2.3782229965156794,2.3782229965156794,False
26,garment_group_name,Dresses Ladies,3,20,0.15,0.06651527360632921,2.2551211453744493,2.2551211453744493,False
26,index_group_name,Baby/Children,3,20,0.15,0.06680829243278881,2.2452302631578944,2.2452302631578944,False
26,graphical_appearance_name,Check,1,20,0.05,0.023001977877078604,2.1737261146496816,2.1737261146496816,False
26,perceived_colour_master_name,Red,1,20,0.05,0.0232217419969233,2.1531545741324924,2.1531545741324924,False
26,section_name,Mama,1,20,0.05,0.023294996703538202,2.1463836477987424,2.1463836477987424,False
26,graphical_appearance_name,Denim,3,20,0.15,0.074719800747198,2.0075000000000003,2.0075000000000003,False
26,index_group_name,Menswear,4,20,0.2,0.10438795692623251,1.9159298245614036,1.9159298245614036,False
26,perceived_colour_master_name,Brown,1,20,0.05,0.026151930261519303,1.911904761904762,1.911904761904762,False
26,colour_group_name,Light Blue,1,20,0.05,0.026957732034283203,1.8547554347826087,1.8547554347826087,False
26,perceived_colour_master_name,Orange,1,20,0.05,0.0273972602739726,1.8250000000000002,1.8250000000000002,False
26,perceived_colour_master_name,Green,1,20,0.05,0.027910043220276903,1.7914698162729659,1.7914698162729659,False
26,product_type_name,Dress,4,20,0.2,0.11750054941029961,1.70211970074813,1.70211970074813,False
26,perceived_colour_master_name,Blue,4,20,0.2,0.11933191707567212,1.6759975445058317,1.6759975445058317,False
26,colour_group_name,Grey,1,20,0.05,0.031059995604717602,1.6097877358490567,1.6097877358490567,False
26,product_type_name,Underwear bottom,1,20,0.05,0.031133250311332503,1.606,1.606,False
26,section_name,Womens Tailoring,2,20,0.1,0.06343857592850341,1.5763279445727483,1.5763279445727483,False
26,product_group_name,Garment Full body,4,20,0.2,0.1304666324811369,1.5329590117911287,1.5329590117911287,False
26,index_group_name,Sport,1,20,0.05,0.033111127389934804,1.510066371681416,1.510066371681416,False
26,perceived_colour_master_name,Pink,2,20,0.1,0.06702805655263351,1.4919125683060108,1.4919125683060108,False
26,garment_group_name,Outdoor,1,20,0.05,0.033697165042854006,1.483804347826087,1.483804347826087,False
26,section_name,"Womens Nightwear, Socks & Tigh",1,20,0.05,0.034869240348692404,1.4339285714285714,1.4339285714285714,False
26,section_name,Womens Casual,1,20,0.05,0.039557541572046,1.2639814814814816,1.2639814814814816,False
26,garment_group_name,"Under-, Nightwear",2,20,0.1,0.08475569555343931,1.1798617113223855,1.1798617113223855,False
26,garment_group_name,Trousers Denim,1,20,0.05,0.0430737674895612,1.1607993197278912,1.1607993197278912,False
26,product_group_name,Garment Upper body,9,20,0.45,0.38905574683173394,1.156646582564489,1.156646582564489,False
26,department_name,Blouse,1,20,0.05,0.043293531609405904,1.154906937394247,1.154906937394247,False
26,product_type_name,Blouse,1,20,0.05,0.045344663394623105,1.1026655896607431,1.1026655896607431,False
26,colour_group_name,Beige,1,20,0.05,0.04585744634092741,1.0903354632587858,1.0903354632587858,False
26,product_group_name,Accessories,2,20,0.1,0.092300930334774,1.0834126984126986,1.0834126984126986,False
26,colour_group_name,White,2,20,0.1,0.0960369203721339,1.041266209000763,1.041266209000763,False
26,garment_group_name,Accessories,2,20,0.1,0.0962566844919786,1.038888888888889,1.038888888888889,False
26,graphical_appearance_name,Solid,11,20,0.55,0.5812760969892315,0.9461940768746062,0.9461940768746062,False
26,index_group_name,Ladieswear,11,20,0.55,0.5894806241301004,0.9330247297129365,0.9330247297129365,False
26,colour_group_name,Black,5,20,0.25,0.28027250750860744,0.8919890224777836,0.8919890224777836,False
26,perceived_colour_master_name,Black,5,20,0.25,0.28173760164090544,0.8873504940197607,0.8873504940197607,False
26,product_type_name,T-shirt,1,20,0.05,0.05757819939931141,0.8683842239185751,0.8683842239185751,False
26,section_name,Womens Lingerie,1,20,0.05,0.05765145410592631,0.8672808132147396,0.8672808132147396,False
26,colour_group_name,Dark Blue,1,20,0.05,0.058970038824994506,0.847888198757764,0.847888198757764,False
26,department_name,Jersey,1,20,0.05,0.060801406490367006,0.8223493975903615,0.8223493975903615,False
26,perceived_colour_master_name,White,2,20,0.1,0.12797597245623032,0.7813966800228964,0.7813966800228964,False
26,garment_group_name,Knitwear,1,20,0.05,0.06695480184601861,0.7467724288840263,0.7467724288840263,False
26,product_group_name,Underwear,1,20,0.05,0.06768734891216761,0.7386904761904761,0.7386904761904761,False
26,perceived_colour_master_name,Grey,1,20,0.05,0.07113032012306791,0.7029351184346034,0.7029351184346034,False
26,product_type_name,Sweater,1,20,0.05,0.0791883378507069,0.6314061054579094,0.6314061054579094,False
26,garment_group_name,Jersey Fancy,2,20,0.1,0.16672771225551242,0.599780316344464,0.599780316344464,False
26,perceived_colour_master_name,Beige,1,20,0.05,0.08482895026005421,0.5894214162348878,0.5894214162348878,False
26,garment_group_name,Blouses,1,20,0.05,0.0860742802725075,0.5808936170212766,0.5808936170212766,False
26,garment_group_name,Jersey Basic,1,20,0.05,0.09003003442971211,0.5553702196908056,0.5553702196908056,False
26,section_name,Divided Collection,1,20,0.05,0.10409493809977291,0.48033075299085154,0.48033075299085154,False
26,graphical_appearance_name,All over pattern,1,20,0.05,0.10709838107098381,0.4668604651162791,0.4668604651162791,False
26,section_name,Womens Everyday Collection,1,20,0.05,0.12218885063365321,0.40920263788968825,0.40920263788968825,False
26,product_type_name,Trousers,1,20,0.05,0.1310526701340561,0.38152599217439914,0.38152599217439914,False
26,product_group_name,Garment Lower body,1,20,0.05,0.2052596879349498,0.2435938615274804,0.2435938615274804,False
26,index_group_name,Divided,1,20,0.05,0.2062119991209435,0.2424689165186501,0.2424689165186501,False
27,product_type_name,Pyjama bottom,1,20,0.05,0.0025639147315215,19.501428571428573,19.501428571428573,False
27,department_name,Loungewear,3,20,0.15,0.009596366566551901,15.630916030534351,15.630916030534351,True
27,department_name,Ladies Sport Bottoms,2,20,0.1,0.0068859424218006005,14.522340425531917,14.522340425531917,True
27,department_name,Shopbasket Socks,1,20,0.05,0.0044685371035089,11.189344262295084,11.189344262295084,False
27,product_type_name,Unknown,1,20,0.05,0.006080140649036701,8.223493975903615,8.223493975903615,False
27,product_group_name,Unknown,1,20,0.05,0.006080140649036701,8.223493975903615,8.223493975903615,False
27,department_name,Tops Knitwear,2,20,0.1,0.014357922496520402,6.964795918367347,6.964795918367347,True
27,section_name,"Womens Nightwear, Socks & Tigh",4,20,0.2,0.034869240348692404,5.735714285714286,5.735714285714286,False
27,department_name,Jersey Basic,3,20,0.15,0.026737967914438502,5.61,5.61,False
27,section_name,Womens Everyday Basics,3,20,0.15,0.027177496154127904,5.519272237196765,5.519272237196765,False
27,product_type_name,Leggings/Tights,2,20,0.1,0.018313676653725002,5.4604,5.4604,False
27,product_group_name,Nightwear,1,20,0.05,0.009669621273166801,5.170833333333333,5.170833333333333,False
27,colour_group_name,Green,1,20,0.05,0.009742875979781702,5.131954887218045,5.131954887218045,False
27,product_type_name,Hoodie,2,20,0.1,0.0206578272654018,4.840780141843972,4.840780141843972,False
27,colour_group_name,Light Beige,4,20,0.2,0.0478353234195297,4.181010719754978,4.181010719754978,False
27,section_name,Ladies H&M Sport,2,20,0.1,0.0265182037945938,3.770994475138122,3.770994475138122,False
27,section_name,Womens Jackets,1,20,0.05,0.0136986301369863,3.6500000000000004,3.6500000000000004,False
27,department_name,Basic 1,2,20,0.1,0.029228627939345102,3.4213032581453637,3.4213032581453637,False
27,graphical_appearance_name,Placement print,1,20,0.05,0.014650941322980001,3.4127500000000004,3.4127500000000004,False
27,department_name,Outwear,1,20,0.05,0.0150172148560545,3.3295121951219517,3.3295121951219517,False
27,product_type_name,Sweater,5,20,0.25,0.0791883378507069,3.157030527289547,3.157030527289547,False
27,section_name,Divided Basics,2,20,0.1,0.03208556149732621,3.1166666666666667,3.1166666666666667,False
27,department_name,Trousers,1,20,0.05,0.0164823089883525,3.0335555555555556,3.0335555555555556,False
27,index_group_name,Sport,2,20,0.1,0.033111127389934804,3.020132743362832,3.020132743362832,False
27,garment_group_name,Knitwear,4,20,0.2,0.06695480184601861,2.987089715536105,2.987089715536105,False
27,department_name,Denim Trousers,1,20,0.05,0.0171416013478866,2.916880341880342,2.916880341880342,False
27,garment_group_name,Jersey Basic,5,20,0.25,0.09003003442971211,2.7768510984540278,2.7768510984540278,False
27,colour_group_name,Dark Green,1,20,0.05,0.018533440773569703,2.6978260869565216,2.6978260869565216,False
27,department_name,Knitwear,2,20,0.1,0.039557541572046,2.527962962962963,2.527962962962963,False
27,perceived_colour_master_name,Beige,4,20,0.2,0.08482895026005421,2.357685664939551,2.357685664939551,False
27,product_type_name,Socks,1,20,0.05,0.0240275437696872,2.0809451219512196,2.0809451219512196,False
27,department_name,Jersey fancy,1,20,0.05,0.0247600908358362,2.0193786982248523,2.0193786982248523,False
27,product_type_name,Top,2,20,0.1,0.050692256977510806,1.9726878612716763,1.9726878612716763,False
27,section_name,H&M+,1,20,0.05,0.026811222621053402,1.8648907103825139,1.8648907103825139,False
27,perceived_colour_master_name,Green,1,20,0.05,0.027910043220276903,1.7914698162729659,1.7914698162729659,False
27,colour_group_name,Black,10,20,0.5,0.28027250750860744,1.783978044955567,1.783978044955567,False
27,perceived_colour_master_name,Black,10,20,0.5,0.28173760164090544,1.7747009880395215,1.7747009880395215,False
27,garment_group_name,"Under-, Nightwear",3,20,0.15,0.08475569555343931,1.7697925669835781,1.7697925669835781,False
27,section_name,Ladies Denim,1,20,0.05,0.028862354406270604,1.7323604060913707,1.7323604060913707,False
27,product_type_name,Vest top,1,20,0.05,0.030107684418723902,1.660705596107056,1.660705596107056,False
27,garment_group_name,Socks and Tights,1,20,0.05,0.030254193831953703,1.6526634382566587,1.6526634382566587,False
27,product_group_name,Socks & Tights,1,20,0.05,0.030766976778258005,1.6251190476190476,1.6251190476190476,False
27,graphical_appearance_name,Melange,2,20,0.1,0.0617537176763607,1.6193357058125744,1.6193357058125744,False
27,colour_group_name,Grey,1,20,0.05,0.031059995604717602,1.6097877358490567,1.6097877358490567,False
27,product_type_name,Jacket,1,20,0.05,0.0312797597245623,1.5984777517564404,1.5984777517564404,False
27,colour_group_name,Blue,1,20,0.05,0.033330891509779505,1.5001098901098902,1.5001098901098902,False
27,garment_group_name,Outdoor,1,20,0.05,0.033697165042854006,1.483804347826087,1.483804347826087,False
27,index_group_name,Divided,6,20,0.3,0.2062119991209435,1.4548134991119006,1.4548134991119006,False
27,section_name,Divided Collection,3,20,0.15,0.10409493809977291,1.4409922589725546,1.4409922589725546,False
27,product_group_name,Garment Upper body,11,20,0.55,0.38905574683173394,1.4136791564677087,1.4136791564677087,False
27,perceived_colour_master_name,Grey,2,20,0.1,0.07113032012306791,1.4058702368692069,1.4058702368692069,False
27,graphical_appearance_name,Solid,15,20,0.75,0.5812760969892315,1.290264650283554,1.290264650283554,False
27,section_name,Womens Everyday Collection,3,20,0.15,0.12218885063365321,1.2276079136690647,1.2276079136690647,False
27,product_group_name,Garment Lower body,5,20,0.25,0.2052596879349498,1.2179693076374019,1.2179693076374019,False
27,garment_group_name,Jersey Fancy,4,20,0.2,0.16672771225551242,1.199560632688928,1.199560632688928,False
27,garment_group_name,Trousers Denim,1,20,0.05,0.0430737674895612,1.1607993197278912,1.1607993197278912,False
27,product_type_name,Trousers,3,20,0.15,0.1310526701340561,1.1445779765231974,1.1445779765231974,False
27,index_group_name,Ladieswear,12,20,0.6,0.5894806241301004,1.0178451596868396,1.0178451596868396,False
27,colour_group_name,Dark Blue,1,20,0.05,0.058970038824994506,0.847888198757764,0.847888198757764,False
27,perceived_colour_master_name,Blue,2,20,0.1,0.11933191707567212,0.8379987722529159,0.8379987722529159,False
27,department_name,Jersey,1,20,0.05,0.060801406490367006,0.8223493975903615,0.8223493975903615,False
27,graphical_appearance_name,Denim,1,20,0.05,0.074719800747198,0.6691666666666668,0.6691666666666668,False
27,garment_group_name,Trousers,1,20,0.05,0.0825580543549923,0.6056344276841171,0.6056344276841171,False
27,colour_group_name,White,1,20,0.05,0.0960369203721339,0.5206331045003815,0.5206331045003815,False
27,graphical_appearance_name,All over pattern,1,20,0.05,0.10709838107098381,0.4668604651162791,0.4668604651162791,False
27,product_type_name,Dress,1,20,0.05,0.11750054941029961,0.4255299251870325,0.4255299251870325,False
27,perceived_colour_master_name,White,1,20,0.05,0.12797597245623032,0.3906983400114482,0.3906983400114482,False
27,product_group_name,Garment Full body,1,20,0.05,0.1304666324811369,0.3832397529477822,0.3832397529477822,False
28,department_name,Kids Boy Knitwear,1,20,0.05,0.0005127829463043,97.50714285714287,97.50714285714287,False
28,product_type_name,Hat/brim,1,20,0.05,0.0013185847190682002,37.919444444444444,37.919444444444444,False
28,department_name,Men Sport Tops,1,20,0.05,0.0020511317852172,24.376785714285717,24.376785714285717,False
28,department_name,Young Boy Jersey Basic,1,20,0.05,0.0025639147315215,19.501428571428573,19.501428571428573,False
28,department_name,Shirt,3,20,0.15,0.009156838326862501,16.3812,16.3812,True
28,graphical_appearance_name,Mixed solid/pattern,1,20,0.05,0.0035162259175152005,14.219791666666667,14.219791666666667,False
28,department_name,Gloves/Hats,1,20,0.05,0.0035894806241301004,13.929591836734694,13.929591836734694,False
28,graphical_appearance_name,Application/3D,1,20,0.05,0.0040290088638195,12.410000000000002,12.410000000000002,False
28,garment_group_name,Shirts,3,20,0.15,0.012526554831147901,11.97456140350877,11.97456140350877,True
28,colour_group_name,Light Turquoise,1,20,0.05,0.0049080653431983,10.187313432835822,10.187313432835822,False
28,section_name,Contemporary Casual,2,20,0.1,0.010621932459160502,9.41448275862069,9.41448275862069,True
28,department_name,Suit jacket,1,20,0.05,0.0053475935828877,9.350000000000001,9.350000000000001,False
28,product_type_name,Pyjama set,1,20,0.05,0.0054208482895026005,9.223648648648648,9.223648648648648,False
28,department_name,Newborn,1,20,0.05,0.0055673577027324,8.98092105263158,8.98092105263158,False
28,section_name,Kids Boy,1,20,0.05,0.0056406124093473006,8.864285714285716,8.864285714285716,False
28,section_name,Men H&M Sport,1,20,0.05,0.0057871218225771,8.63987341772152,8.63987341772152,False
28,department_name,Nightwear,1,20,0.05,0.006080140649036701,8.223493975903615,8.223493975903615,False
28,product_type_name,Bodysuit,1,20,0.05,0.006299904768881401,7.936627906976745,7.936627906976745,False
28,section_name,Boys Underwear & Basics,1,20,0.05,0.006373159475496301,7.8454022988505745,7.8454022988505745,False
28,department_name,Belts,1,20,0.05,0.0066661783019559,7.500549450549451,7.500549450549451,False
28,department_name,Denim trousers,1,20,0.05,0.007984763021024101,6.261926605504587,6.261926605504587,False
28,product_type_name,Belt,1,20,0.05,0.0082045271408688,6.094196428571429,6.094196428571429,False
28,section_name,Denim Men,1,20,0.05,0.0085708006739433,5.833760683760684,5.833760683760684,False
28,colour_group_name,Orange,1,20,0.05,0.008790564793788001,5.687916666666666,5.687916666666666,False
28,perceived_colour_master_name,Turquoise,1,20,0.05,0.009230093033477401,5.417063492063492,5.417063492063492,False
28,product_group_name,Nightwear,1,20,0.05,0.009669621273166801,5.170833333333333,5.170833333333333,False
28,section_name,Womens Big accessories,2,20,0.1,0.019925280199252802,5.018750000000001,5.018750000000001,False
28,product_type_name,Shirt,3,20,0.15,0.031646033257636805,4.7399305555555555,4.7399305555555555,False
28,graphical_appearance_name,Other structure,2,20,0.1,0.022855468463848803,4.375320512820513,4.375320512820513,False
28,colour_group_name,Dark Red,1,20,0.05,0.0128195736576075,3.900285714285715,3.900285714285715,False
28,garment_group_name,Dressed,1,20,0.05,0.013112592484067102,3.813128491620112,3.813128491620112,False
28,product_type_name,Blazer,1,20,0.05,0.014211413083290601,3.5182989690721653,3.5182989690721653,False
28,colour_group_name,Blue,2,20,0.1,0.033330891509779505,3.0002197802197803,3.0002197802197803,False
28,product_type_name,Swimwear bottom,1,20,0.05,0.016702073108197203,2.993640350877193,2.993640350877193,False
28,product_type_name,Bikini top,1,20,0.05,0.0171416013478866,2.916880341880342,2.916880341880342,False
28,department_name,Casual Lingerie,1,20,0.05,0.017581129587576003,2.843958333333333,2.843958333333333,False
28,section_name,Baby Essentials & Complements,1,20,0.05,0.017727639000805803,2.8204545454545453,2.8204545454545453,False
28,department_name,Dress,2,20,0.1,0.035894806241301,2.785918367346939,2.785918367346939,False
28,section_name,Contemporary Smart,1,20,0.05,0.0180206578272654,2.7745934959349596,2.7745934959349596,False
28,colour_group_name,Light Pink,2,20,0.1,0.036773862720679805,2.7193227091633467,2.7193227091633467,False
28,colour_group_name,Dark Green,1,20,0.05,0.018533440773569703,2.6978260869565216,2.6978260869565216,False
28,section_name,"Womens Swimwear, beachwear",2,20,0.1,0.0374331550802139,2.6714285714285717,2.6714285714285717,False
28,colour_group_name,Yellowish Brown,1,20,0.05,0.0187532048934144,2.6662109375000003,2.6662109375000003,False
28,garment_group_name,Swimwear,2,20,0.1,0.038531975679437405,2.5952471482889736,2.5952471482889736,False
28,department_name,Swimwear,2,20,0.1,0.038531975679437405,2.5952471482889736,2.5952471482889736,False
28,product_group_name,Swimwear,2,20,0.1,0.0397773056918907,2.513996316758748,2.513996316758748,False
28,product_type_name,Hoodie,1,20,0.05,0.0206578272654018,2.420390070921986,2.420390070921986,False
28,department_name,Dresses,1,20,0.05,0.021024100798476303,2.3782229965156794,2.3782229965156794,False
28,garment_group_name,Dresses Ladies,3,20,0.15,0.06651527360632921,2.2551211453744493,2.2551211453744493,False
28,index_group_name,Baby/Children,3,20,0.15,0.06680829243278881,2.2452302631578944,2.2452302631578944,False
28,graphical_appearance_name,Check,1,20,0.05,0.023001977877078604,2.1737261146496816,2.1737261146496816,False
28,perceived_colour_master_name,Red,1,20,0.05,0.0232217419969233,2.1531545741324924,2.1531545741324924,False
28,section_name,Mama,1,20,0.05,0.023294996703538202,2.1463836477987424,2.1463836477987424,False
28,graphical_appearance_name,Denim,3,20,0.15,0.074719800747198,2.0075000000000003,2.0075000000000003,False
28,index_group_name,Menswear,4,20,0.2,0.10438795692623251,1.9159298245614036,1.9159298245614036,False
28,perceived_colour_master_name,Brown,1,20,0.05,0.026151930261519303,1.911904761904762,1.911904761904762,False
28,colour_group_name,Light Blue,1,20,0.05,0.026957732034283203,1.8547554347826087,1.8547554347826087,False
28,perceived_colour_master_name,Orange,1,20,0.05,0.0273972602739726,1.8250000000000002,1.8250000000000002,False
28,perceived_colour_master_name,Green,1,20,0.05,0.027910043220276903,1.7914698162729659,1.7914698162729659,False
28,product_type_name,Dress,4,20,0.2,0.11750054941029961,1.70211970074813,1.70211970074813,False
28,perceived_colour_master_name,Blue,4,20,0.2,0.11933191707567212,1.6759975445058317,1.6759975445058317,False
28,colour_group_name,Grey,1,20,0.05,0.031059995604717602,1.6097877358490567,1.6097877358490567,False
28,product_type_name,Underwear bottom,1,20,0.05,0.031133250311332503,1.606,1.606,False
28,section_name,Womens Tailoring,2,20,0.1,0.06343857592850341,1.5763279445727483,1.5763279445727483,False
28,product_group_name,Garment Full body,4,20,0.2,0.1304666324811369,1.5329590117911287,1.5329590117911287,False
28,index_group_name,Sport,1,20,0.05,0.033111127389934804,1.510066371681416,1.510066371681416,False
28,perceived_colour_master_name,Pink,2,20,0.1,0.06702805655263351,1.4919125683060108,1.4919125683060108,False
28,garment_group_name,Outdoor,1,20,0.05,0.033697165042854006,1.483804347826087,1.483804347826087,False
28,section_name,"Womens Nightwear, Socks & Tigh",1,20,0.05,0.034869240348692404,1.4339285714285714,1.4339285714285714,False
28,section_name,Womens Casual,1,20,0.05,0.039557541572046,1.2639814814814816,1.2639814814814816,False
28,garment_group_name,"Under-, Nightwear",2,20,0.1,0.08475569555343931,1.1798617113223855,1.1798617113223855,False
28,garment_group_name,Trousers Denim,1,20,0.05,0.0430737674895612,1.1607993197278912,1.1607993197278912,False
28,product_group_name,Garment Upper body,9,20,0.45,0.38905574683173394,1.156646582564489,1.156646582564489,False
28,department_name,Blouse,1,20,0.05,0.043293531609405904,1.154906937394247,1.154906937394247,False
28,product_type_name,Blouse,1,20,0.05,0.045344663394623105,1.1026655896607431,1.1026655896607431,False
28,colour_group_name,Beige,1,20,0.05,0.04585744634092741,1.0903354632587858,1.0903354632587858,False
28,product_group_name,Accessories,2,20,0.1,0.092300930334774,1.0834126984126986,1.0834126984126986,False
28,colour_group_name,White,2,20,0.1,0.0960369203721339,1.041266209000763,1.041266209000763,False
28,garment_group_name,Accessories,2,20,0.1,0.0962566844919786,1.038888888888889,1.038888888888889,False
28,graphical_appearance_name,Solid,11,20,0.55,0.5812760969892315,0.9461940768746062,0.9461940768746062,False
28,index_group_name,Ladieswear,11,20,0.55,0.5894806241301004,0.9330247297129365,0.9330247297129365,False
28,colour_group_name,Black,5,20,0.25,0.28027250750860744,0.8919890224777836,0.8919890224777836,False
28,perceived_colour_master_name,Black,5,20,0.25,0.28173760164090544,0.8873504940197607,0.8873504940197607,False
28,product_type_name,T-shirt,1,20,0.05,0.05757819939931141,0.8683842239185751,0.8683842239185751,False
28,section_name,Womens Lingerie,1,20,0.05,0.05765145410592631,0.8672808132147396,0.8672808132147396,False
28,colour_group_name,Dark Blue,1,20,0.05,0.058970038824994506,0.847888198757764,0.847888198757764,False
28,department_name,Jersey,1,20,0.05,0.060801406490367006,0.8223493975903615,0.8223493975903615,False
28,perceived_colour_master_name,White,2,20,0.1,0.12797597245623032,0.7813966800228964,0.7813966800228964,False
28,garment_group_name,Knitwear,1,20,0.05,0.06695480184601861,0.7467724288840263,0.7467724288840263,False
28,product_group_name,Underwear,1,20,0.05,0.06768734891216761,0.7386904761904761,0.7386904761904761,False
28,perceived_colour_master_name,Grey,1,20,0.05,0.07113032012306791,0.7029351184346034,0.7029351184346034,False
28,product_type_name,Sweater,1,20,0.05,0.0791883378507069,0.6314061054579094,0.6314061054579094,False
28,garment_group_name,Jersey Fancy,2,20,0.1,0.16672771225551242,0.599780316344464,0.599780316344464,False
28,perceived_colour_master_name,Beige,1,20,0.05,0.08482895026005421,0.5894214162348878,0.5894214162348878,False
28,garment_group_name,Blouses,1,20,0.05,0.0860742802725075,0.5808936170212766,0.5808936170212766,False
28,garment_group_name,Jersey Basic,1,20,0.05,0.09003003442971211,0.5553702196908056,0.5553702196908056,False
28,section_name,Divided Collection,1,20,0.05,0.10409493809977291,0.48033075299085154,0.48033075299085154,False
28,graphical_appearance_name,All over pattern,1,20,0.05,0.10709838107098381,0.4668604651162791,0.4668604651162791,False
28,section_name,Womens Everyday Collection,1,20,0.05,0.12218885063365321,0.40920263788968825,0.40920263788968825,False
28,product_type_name,Trousers,1,20,0.05,0.1310526701340561,0.38152599217439914,0.38152599217439914,False
28,product_group_name,Garment Lower body,1,20,0.05,0.2052596879349498,0.2435938615274804,0.2435938615274804,False
28,index_group_name,Divided,1,20,0.05,0.2062119991209435,0.2424689165186501,0.2424689165186501,False
29,product_type_name,Pyjama bottom,1,20,0.05,0.0025639147315215,19.501428571428573,19.501428571428573,False
29,department_name,Loungewear,3,20,0.15,0.009596366566551901,15.630916030534351,15.630916030534351,True
29,department_name,Ladies Sport Bottoms,2,20,0.1,0.0068859424218006005,14.522340425531917,14.522340425531917,True
29,department_name,Shopbasket Socks,1,20,0.05,0.0044685371035089,11.189344262295084,11.189344262295084,False
29,product_type_name,Unknown,1,20,0.05,0.006080140649036701,8.223493975903615,8.223493975903615,False
29,product_group_name,Unknown,1,20,0.05,0.006080140649036701,8.223493975903615,8.223493975903615,False
29,department_name,Tops Knitwear,2,20,0.1,0.014357922496520402,6.964795918367347,6.964795918367347,True
29,section_name,"Womens Nightwear, Socks & Tigh",4,20,0.2,0.034869240348692404,5.735714285714286,5.735714285714286,False
29,department_name,Jersey Basic,3,20,0.15,0.026737967914438502,5.61,5.61,False
29,section_name,Womens Everyday Basics,3,20,0.15,0.027177496154127904,5.519272237196765,5.519272237196765,False
29,product_type_name,Leggings/Tights,2,20,0.1,0.018313676653725002,5.4604,5.4604,False
29,product_group_name,Nightwear,1,20,0.05,0.009669621273166801,5.170833333333333,5.170833333333333,False
29,colour_group_name,Green,1,20,0.05,0.009742875979781702,5.131954887218045,5.131954887218045,False
29,product_type_name,Hoodie,2,20,0.1,0.0206578272654018,4.840780141843972,4.840780141843972,False
29,colour_group_name,Light Beige,4,20,0.2,0.0478353234195297,4.181010719754978,4.181010719754978,False
29,section_name,Ladies H&M Sport,2,20,0.1,0.0265182037945938,3.770994475138122,3.770994475138122,False
29,section_name,Womens Jackets,1,20,0.05,0.0136986301369863,3.6500000000000004,3.6500000000000004,False
29,department_name,Basic 1,2,20,0.1,0.029228627939345102,3.4213032581453637,3.4213032581453637,False
29,graphical_appearance_name,Placement print,1,20,0.05,0.014650941322980001,3.4127500000000004,3.4127500000000004,False
29,department_name,Outwear,1,20,0.05,0.0150172148560545,3.3295121951219517,3.3295121951219517,False
29,product_type_name,Sweater,5,20,0.25,0.0791883378507069,3.157030527289547,3.157030527289547,False
29,section_name,Divided Basics,2,20,0.1,0.03208556149732621,3.1166666666666667,3.1166666666666667,False
29,department_name,Trousers,1,20,0.05,0.0164823089883525,3.0335555555555556,3.0335555555555556,False
29,index_group_name,Sport,2,20,0.1,0.033111127389934804,3.020132743362832,3.020132743362832,False
29,garment_group_name,Knitwear,4,20,0.2,0.06695480184601861,2.987089715536105,2.987089715536105,False
29,department_name,Denim Trousers,1,20,0.05,0.0171416013478866,2.916880341880342,2.916880341880342,False
29,garment_group_name,Jersey Basic,5,20,0.25,0.09003003442971211,2.7768510984540278,2.7768510984540278,False
29,colour_group_name,Dark Green,1,20,0.05,0.018533440773569703,2.6978260869565216,2.6978260869565216,False
29,department_name,Knitwear,2,20,0.1,0.039557541572046,2.527962962962963,2.527962962962963,False
29,perceived_colour_master_name,Beige,4,20,0.2,0.08482895026005421,2.357685664939551,2.357685664939551,False
29,product_type_name,Socks,1,20,0.05,0.0240275437696872,2.0809451219512196,2.0809451219512196,False
29,department_name,Jersey fancy,1,20,0.05,0.0247600908358362,2.0193786982248523,2.0193786982248523,False
29,product_type_name,Top,2,20,0.1,0.050692256977510806,1.9726878612716763,1.9726878612716763,False
29,section_name,H&M+,1,20,0.05,0.026811222621053402,1.8648907103825139,1.8648907103825139,False
29,perceived_colour_master_name,Green,1,20,0.05,0.027910043220276903,1.7914698162729659,1.7914698162729659,False
29,colour_group_name,Black,10,20,0.5,0.28027250750860744,1.783978044955567,1.783978044955567,False
29,perceived_colour_master_name,Black,10,20,0.5,0.28173760164090544,1.7747009880395215,1.7747009880395215,False
29,garment_group_name,"Under-, Nightwear",3,20,0.15,0.08475569555343931,1.7697925669835781,1.7697925669835781,False
29,section_name,Ladies Denim,1,20,0.05,0.028862354406270604,1.7323604060913707,1.7323604060913707,False
29,product_type_name,Vest top,1,20,0.05,0.030107684418723902,1.660705596107056,1.660705596107056,False
29,garment_group_name,Socks and Tights,1,20,0.05,0.030254193831953703,1.6526634382566587,1.6526634382566587,False
29,product_group_name,Socks & Tights,1,20,0.05,0.030766976778258005,1.6251190476190476,1.6251190476190476,False
29,graphical_appearance_name,Melange,2,20,0.1,0.0617537176763607,1.6193357058125744,1.6193357058125744,False
29,colour_group_name,Grey,1,20,0.05,0.031059995604717602,1.6097877358490567,1.6097877358490567,False
29,product_type_name,Jacket,1,20,0.05,0.0312797597245623,1.5984777517564404,1.5984777517564404,False
29,colour_group_name,Blue,1,20,0.05,0.033330891509779505,1.5001098901098902,1.5001098901098902,False
29,garment_group_name,Outdoor,1,20,0.05,0.033697165042854006,1.483804347826087,1.483804347826087,False
29,index_group_name,Divided,6,20,0.3,0.2062119991209435,1.4548134991119006,1.4548134991119006,False
29,section_name,Divided Collection,3,20,0.15,0.10409493809977291,1.4409922589725546,1.4409922589725546,False
29,product_group_name,Garment Upper body,11,20,0.55,0.38905574683173394,1.4136791564677087,1.4136791564677087,False
29,perceived_colour_master_name,Grey,2,20,0.1,0.07113032012306791,1.4058702368692069,1.4058702368692069,False
29,graphical_appearance_name,Solid,15,20,0.75,0.5812760969892315,1.290264650283554,1.290264650283554,False
29,section_name,Womens Everyday Collection,3,20,0.15,0.12218885063365321,1.2276079136690647,1.2276079136690647,False
29,product_group_name,Garment Lower body,5,20,0.25,0.2052596879349498,1.2179693076374019,1.2179693076374019,False
29,garment_group_name,Jersey Fancy,4,20,0.2,0.16672771225551242,1.199560632688928,1.199560632688928,False
29,garment_group_name,Trousers Denim,1,20,0.05,0.0430737674895612,1.1607993197278912,1.1607993197278912,False
29,product_type_name,Trousers,3,20,0.15,0.1310526701340561,1.1445779765231974,1.1445779765231974,False
29,index_group_name,Ladieswear,12,20,0.6,0.5894806241301004,1.0178451596868396,1.0178451596868396,False
29,colour_group_name,Dark Blue,1,20,0.05,0.058970038824994506,0.847888198757764,0.847888198757764,False
29,perceived_colour_master_name,Blue,2,20,0.1,0.11933191707567212,0.8379987722529159,0.8379987722529159,False
29,department_name,Jersey,1,20,0.05,0.060801406490367006,0.8223493975903615,0.8223493975903615,False
29,graphical_appearance_name,Denim,1,20,0.05,0.074719800747198,0.6691666666666668,0.6691666666666668,False
29,garment_group_name,Trousers,1,20,0.05,0.0825580543549923,0.6056344276841171,0.6056344276841171,False
29,colour_group_name,White,1,20,0.05,0.0960369203721339,0.5206331045003815,0.5206331045003815,False
29,graphical_appearance_name,All over pattern,1,20,0.05,0.10709838107098381,0.4668604651162791,0.4668604651162791,False
29,product_type_name,Dress,1,20,0.05,0.11750054941029961,0.4255299251870325,0.4255299251870325,False
29,perceived_colour_master_name,White,1,20,0.05,0.12797597245623032,0.3906983400114482,0.3906983400114482,False
29,product_group_name,Garment Full body,1,20,0.05,0.1304666324811369,0.3832397529477822,0.3832397529477822,False
30,department_name,Kids Boy Knitwear,1,20,0.05,0.0005127829463043,97.50714285714287,97.50714285714287,False
30,department_name,Young Girl UW/NW,1,20,0.05,0.0011720753058384,42.659375000000004,42.659375000000004,False
30,product_type_name,Hat/brim,1,20,0.05,0.0013185847190682002,37.919444444444444,37.919444444444444,False
30,department_name,Men Sport Tops,1,20,0.05,0.0020511317852172,24.376785714285717,24.376785714285717,False
30,product_type_name,Pyjama set,2,20,0.1,0.0054208482895026005,18.447297297297297,18.447297297297297,True
30,graphical_appearance_name,Mixed solid/pattern,1,20,0.05,0.0035162259175152005,14.219791666666667,14.219791666666667,False
30,department_name,Gloves/Hats,1,20,0.05,0.0035894806241301004,13.929591836734694,13.929591836734694,False
30,graphical_appearance_name,Treatment,1,20,0.05,0.003955754157204601,12.639814814814814,12.639814814814814,False
30,department_name,Baby basics,1,20,0.05,0.0042487729836642,11.768103448275864,11.768103448275864,False
30,department_name,Other items,1,20,0.05,0.0042487729836642,11.768103448275864,11.768103448275864,False
30,product_group_name,Nightwear,2,20,0.1,0.009669621273166801,10.341666666666667,10.341666666666667,True
30,section_name,Girls Underwear & Basics,1,20,0.05,0.004834810636583401,10.341666666666667,10.341666666666667,False
30,product_type_name,Garment Set,1,20,0.05,0.005127829463043,9.750714285714286,9.750714285714286,False
30,section_name,Kids Boy,1,20,0.05,0.0056406124093473006,8.864285714285716,8.864285714285716,False
30,section_name,Men H&M Sport,1,20,0.05,0.0057871218225771,8.63987341772152,8.63987341772152,False
30,department_name,Nightwear,1,20,0.05,0.006080140649036701,8.223493975903615,8.223493975903615,False
30,department_name,Functional Lingerie,1,20,0.05,0.006373159475496301,7.8454022988505745,7.8454022988505745,False
30,product_type_name,Other accessories,1,20,0.05,0.006959197128415501,7.184736842105264,7.184736842105264,False
30,department_name,Denim trousers,1,20,0.05,0.007984763021024101,6.261926605504587,6.261926605504587,False
30,section_name,Denim Men,1,20,0.05,0.0085708006739433,5.833760683760684,5.833760683760684,False
30,colour_group_name,Orange,1,20,0.05,0.008790564793788001,5.687916666666666,5.687916666666666,False
30,colour_group_name,Grey,3,20,0.15,0.031059995604717602,4.8293632075471695,4.8293632075471695,True
30,colour_group_name,Yellow,1,20,0.05,0.011354479525309501,4.403548387096774,4.403548387096774,False
30,graphical_appearance_name,Other structure,2,20,0.1,0.022855468463848803,4.375320512820513,4.375320512820513,False
30,department_name,Skirt,1,20,0.05,0.011647498351769101,4.292767295597485,4.292767295597485,False
30,department_name,Dress,3,20,0.15,0.035894806241301,4.178877551020408,4.178877551020408,False
30,graphical_appearance_name,Lace,1,20,0.05,0.012673064244377702,3.9453757225433526,3.9453757225433526,False
30,perceived_colour_master_name,Orange,2,20,0.1,0.0273972602739726,3.6500000000000004,3.6500000000000004,False
30,section_name,Womens Jackets,1,20,0.05,0.0136986301369863,3.6500000000000004,3.6500000000000004,False
30,product_type_name,Earring,1,20,0.05,0.014724196029594901,3.395771144278607,3.395771144278607,False
30,colour_group_name,Light Orange,1,20,0.05,0.014724196029594901,3.395771144278607,3.395771144278607,False
30,department_name,Outwear,1,20,0.05,0.0150172148560545,3.3295121951219517,3.3295121951219517,False
30,colour_group_name,Blue,2,20,0.1,0.033330891509779505,3.0002197802197803,3.0002197802197803,False
30,product_type_name,Swimwear bottom,1,20,0.05,0.016702073108197203,2.993640350877193,2.993640350877193,False
30,garment_group_name,Outdoor,2,20,0.1,0.033697165042854006,2.967608695652174,2.967608695652174,False
30,product_type_name,Bikini top,1,20,0.05,0.0171416013478866,2.916880341880342,2.916880341880342,False
30,section_name,Baby Essentials & Complements,1,20,0.05,0.017727639000805803,2.8204545454545453,2.8204545454545453,False
30,perceived_colour_master_name,Grey,4,20,0.2,0.07113032012306791,2.8117404737384137,2.8117404737384137,False
30,section_name,"Womens Swimwear, beachwear",2,20,0.1,0.0374331550802139,2.6714285714285717,2.6714285714285717,False
30,colour_group_name,Yellowish Brown,1,20,0.05,0.0187532048934144,2.6662109375000003,2.6662109375000003,False
30,garment_group_name,Swimwear,2,20,0.1,0.038531975679437405,2.5952471482889736,2.5952471482889736,False
30,department_name,Swimwear,2,20,0.1,0.038531975679437405,2.5952471482889736,2.5952471482889736,False
30,garment_group_name,Skirts,1,20,0.05,0.0195590066661783,2.556367041198502,2.556367041198502,False
30,product_group_name,Swimwear,2,20,0.1,0.0397773056918907,2.513996316758748,2.513996316758748,False
30,section_name,Womens Big accessories,1,20,0.05,0.019925280199252802,2.5093750000000004,2.5093750000000004,False
30,product_type_name,Hoodie,1,20,0.05,0.0206578272654018,2.420390070921986,2.420390070921986,False
30,colour_group_name,Pink,1,20,0.05,0.021024100798476303,2.3782229965156794,2.3782229965156794,False
30,colour_group_name,Gold,1,20,0.05,0.021829902571240203,2.290436241610738,2.290436241610738,False
30,garment_group_name,Dresses Ladies,3,20,0.15,0.06651527360632921,2.2551211453744493,2.2551211453744493,False
30,index_group_name,Baby/Children,3,20,0.15,0.06680829243278881,2.2452302631578944,2.2452302631578944,False
30,perceived_colour_master_name,Yellow,1,20,0.05,0.022635704344004103,2.2088996763754047,2.2088996763754047,False
30,colour_group_name,Beige,2,20,0.1,0.04585744634092741,2.1806709265175717,2.1806709265175717,False
30,department_name,Jewellery,1,20,0.05,0.0230752325836935,2.166825396825397,2.166825396825397,False
30,section_name,Mama,1,20,0.05,0.023294996703538202,2.1463836477987424,2.1463836477987424,False
30,section_name,Womens Small accessories,2,20,0.1,0.0514248040436598,1.9445868945868947,1.9445868945868947,False
30,product_group_name,Garment Full body,5,20,0.25,0.1304666324811369,1.9161987647389107,1.9161987647389107,False
30,perceived_colour_master_name,Brown,1,20,0.05,0.026151930261519303,1.911904761904762,1.911904761904762,False
30,graphical_appearance_name,All over pattern,4,20,0.2,0.10709838107098381,1.8674418604651164,1.8674418604651164,False
30,perceived_colour_master_name,Green,1,20,0.05,0.027910043220276903,1.7914698162729659,1.7914698162729659,False
30,garment_group_name,"Under-, Nightwear",3,20,0.15,0.08475569555343931,1.7697925669835781,1.7697925669835781,False
30,product_type_name,Dress,4,20,0.2,0.11750054941029961,1.70211970074813,1.70211970074813,False
30,colour_group_name,Dark Grey,1,20,0.05,0.029375137352574902,1.70211970074813,1.70211970074813,False
30,perceived_colour_master_name,Metal,1,20,0.05,0.030254193831953703,1.6526634382566587,1.6526634382566587,False
30,product_group_name,Accessories,3,20,0.15,0.092300930334774,1.6251190476190476,1.6251190476190476,False
30,graphical_appearance_name,Melange,2,20,0.1,0.0617537176763607,1.6193357058125744,1.6193357058125744,False
30,product_type_name,Jacket,1,20,0.05,0.0312797597245623,1.5984777517564404,1.5984777517564404,False
30,section_name,Womens Tailoring,2,20,0.1,0.06343857592850341,1.5763279445727483,1.5763279445727483,False
30,garment_group_name,Accessories,3,20,0.15,0.0962566844919786,1.5583333333333333,1.5583333333333333,False
30,product_type_name,Bra,1,20,0.05,0.0326715991502454,1.5303811659192827,1.5303811659192827,False
30,index_group_name,Sport,1,20,0.05,0.033111127389934804,1.510066371681416,1.510066371681416,False
30,product_type_name,Skirt,1,20,0.05,0.033404146216394405,1.4968201754385966,1.4968201754385966,False
30,perceived_colour_master_name,Pink,2,20,0.1,0.06702805655263351,1.4919125683060108,1.4919125683060108,False
30,section_name,"Womens Nightwear, Socks & Tigh",1,20,0.05,0.034869240348692404,1.4339285714285714,1.4339285714285714,False
30,colour_group_name,Light Pink,1,20,0.05,0.036773862720679805,1.3596613545816734,1.3596613545816734,False
30,index_group_name,Ladieswear,15,20,0.75,0.5894806241301004,1.2723064496085497,1.2723064496085497,False
30,section_name,Womens Casual,1,20,0.05,0.039557541572046,1.2639814814814816,1.2639814814814816,False
30,section_name,Womens Everyday Collection,3,20,0.15,0.12218885063365321,1.2276079136690647,1.2276079136690647,False
30,perceived_colour_master_name,Beige,2,20,0.1,0.08482895026005421,1.1788428324697755,1.1788428324697755,False
30,garment_group_name,Trousers Denim,1,20,0.05,0.0430737674895612,1.1607993197278912,1.1607993197278912,False
30,department_name,Blouse,1,20,0.05,0.043293531609405904,1.154906937394247,1.154906937394247,False
30,department_name,Trouser,1,20,0.05,0.0446121163284741,1.1207717569786537,1.1207717569786537,False
30,product_type_name,Blouse,1,20,0.05,0.045344663394623105,1.1026655896607431,1.1026655896607431,False
30,section_name,Womens Lingerie,1,20,0.05,0.05765145410592631,0.8672808132147396,0.8672808132147396,False
30,perceived_colour_master_name,Blue,2,20,0.1,0.11933191707567212,0.8379987722529159,0.8379987722529159,False
30,department_name,Jersey,1,20,0.05,0.060801406490367006,0.8223493975903615,0.8223493975903615,False
30,product_type_name,Trousers,2,20,0.1,0.1310526701340561,0.7630519843487983,0.7630519843487983,False
30,garment_group_name,Knitwear,1,20,0.05,0.06695480184601861,0.7467724288840263,0.7467724288840263,False
30,product_group_name,Underwear,1,20,0.05,0.06768734891216761,0.7386904761904761,0.7386904761904761,False
30,product_group_name,Garment Lower body,3,20,0.15,0.2052596879349498,0.7307815845824411,0.7307815845824411,False
30,colour_group_name,Black,4,20,0.2,0.28027250750860744,0.7135912179822269,0.7135912179822269,False
30,graphical_appearance_name,Solid,8,20,0.4,0.5812760969892315,0.6881411468178954,0.6881411468178954,False
30,graphical_appearance_name,Denim,1,20,0.05,0.074719800747198,0.6691666666666668,0.6691666666666668,False
30,product_type_name,Sweater,1,20,0.05,0.0791883378507069,0.6314061054579094,0.6314061054579094,False
30,garment_group_name,Trousers,1,20,0.05,0.0825580543549923,0.6056344276841171,0.6056344276841171,False
30,garment_group_name,Blouses,1,20,0.05,0.0860742802725075,0.5808936170212766,0.5808936170212766,False
30,garment_group_name,Jersey Basic,1,20,0.05,0.09003003442971211,0.5553702196908056,0.5553702196908056,False
30,perceived_colour_master_name,Black,3,20,0.15,0.28173760164090544,0.5324102964118564,0.5324102964118564,False
30,colour_group_name,White,1,20,0.05,0.0960369203721339,0.5206331045003815,0.5206331045003815,False
30,product_group_name,Garment Upper body,4,20,0.2,0.38905574683173394,0.5140651478064395,0.5140651478064395,False
30,index_group_name,Menswear,1,20,0.05,0.10438795692623251,0.4789824561403509,0.4789824561403509,False
30,perceived_colour_master_name,White,1,20,0.05,0.12797597245623032,0.3906983400114482,0.3906983400114482,False
30,garment_group_name,Jersey Fancy,1,20,0.05,0.16672771225551242,0.299890158172232,0.299890158172232,False
31,department_name,Kids Boy Knitwear,1,20,0.05,0.0005127829463043,97.50714285714287,97.50714285714287,False
31,product_type_name,Hat/brim,1,20,0.05,0.0013185847190682002,37.919444444444444,37.919444444444444,False
31,department_name,Men Sport Tops,1,20,0.05,0.0020511317852172,24.376785714285717,24.376785714285717,False
31,department_name,Young Boy Jersey Basic,1,20,0.05,0.0025639147315215,19.501428571428573,19.501428571428573,False
31,department_name,Shirt,3,20,0.15,0.009156838326862501,16.3812,16.3812,True
31,graphical_appearance_name,Mixed solid/pattern,1,20,0.05,0.0035162259175152005,14.219791666666667,14.219791666666667,False
31,department_name,Gloves/Hats,1,20,0.05,0.0035894806241301004,13.929591836734694,13.929591836734694,False
31,graphical_appearance_name,Application/3D,1,20,0.05,0.0040290088638195,12.410000000000002,12.410000000000002,False
31,garment_group_name,Shirts,3,20,0.15,0.012526554831147901,11.97456140350877,11.97456140350877,True
31,colour_group_name,Light Turquoise,1,20,0.05,0.0049080653431983,10.187313432835822,10.187313432835822,False
31,section_name,Contemporary Casual,2,20,0.1,0.010621932459160502,9.41448275862069,9.41448275862069,True
31,department_name,Suit jacket,1,20,0.05,0.0053475935828877,9.350000000000001,9.350000000000001,False
31,product_type_name,Pyjama set,1,20,0.05,0.0054208482895026005,9.223648648648648,9.223648648648648,False
31,department_name,Newborn,1,20,0.05,0.0055673577027324,8.98092105263158,8.98092105263158,False
31,section_name,Kids Boy,1,20,0.05,0.0056406124093473006,8.864285714285716,8.864285714285716,False
31,section_name,Men H&M Sport,1,20,0.05,0.0057871218225771,8.63987341772152,8.63987341772152,False
31,department_name,Nightwear,1,20,0.05,0.006080140649036701,8.223493975903615,8.223493975903615,False
31,product_type_name,Bodysuit,1,20,0.05,0.006299904768881401,7.936627906976745,7.936627906976745,False
31,section_name,Boys Underwear & Basics,1,20,0.05,0.006373159475496301,7.8454022988505745,7.8454022988505745,False
31,department_name,Belts,1,20,0.05,0.0066661783019559,7.500549450549451,7.500549450549451,False
31,department_name,Denim trousers,1,20,0.05,0.007984763021024101,6.261926605504587,6.261926605504587,False
31,product_type_name,Belt,1,20,0.05,0.0082045271408688,6.094196428571429,6.094196428571429,False
31,section_name,Denim Men,1,20,0.05,0.0085708006739433,5.833760683760684,5.833760683760684,False
31,colour_group_name,Orange,1,20,0.05,0.008790564793788001,5.687916666666666,5.687916666666666,False
31,perceived_colour_master_name,Turquoise,1,20,0.05,0.009230093033477401,5.417063492063492,5.417063492063492,False
31,product_group_name,Nightwear,1,20,0.05,0.009669621273166801,5.170833333333333,5.170833333333333,False
31,section_name,Womens Big accessories,2,20,0.1,0.019925280199252802,5.018750000000001,5.018750000000001,False
31,product_type_name,Shirt,3,20,0.15,0.031646033257636805,4.7399305555555555,4.7399305555555555,False
31,graphical_appearance_name,Other structure,2,20,0.1,0.022855468463848803,4.375320512820513,4.375320512820513,False
31,colour_group_name,Dark Red,1,20,0.05,0.0128195736576075,3.900285714285715,3.900285714285715,False
31,garment_group_name,Dressed,1,20,0.05,0.013112592484067102,3.813128491620112,3.813128491620112,False
31,product_type_name,Blazer,1,20,0.05,0.014211413083290601,3.5182989690721653,3.5182989690721653,False
31,colour_group_name,Blue,2,20,0.1,0.033330891509779505,3.0002197802197803,3.0002197802197803,False
31,product_type_name,Swimwear bottom,1,20,0.05,0.016702073108197203,2.993640350877193,2.993640350877193,False
31,product_type_name,Bikini top,1,20,0.05,0.0171416013478866,2.916880341880342,2.916880341880342,False
31,department_name,Casual Lingerie,1,20,0.05,0.017581129587576003,2.843958333333333,2.843958333333333,False
31,section_name,Baby Essentials & Complements,1,20,0.05,0.017727639000805803,2.8204545454545453,2.8204545454545453,False
31,department_name,Dress,2,20,0.1,0.035894806241301,2.785918367346939,2.785918367346939,False
31,section_name,Contemporary Smart,1,20,0.05,0.0180206578272654,2.7745934959349596,2.7745934959349596,False
31,colour_group_name,Light Pink,2,20,0.1,0.036773862720679805,2.7193227091633467,2.7193227091633467,False
31,colour_group_name,Dark Green,1,20,0.05,0.018533440773569703,2.6978260869565216,2.6978260869565216,False
31,section_name,"Womens Swimwear, beachwear",2,20,0.1,0.0374331550802139,2.6714285714285717,2.6714285714285717,False
31,colour_group_name,Yellowish Brown,1,20,0.05,0.0187532048934144,2.6662109375000003,2.6662109375000003,False
31,garment_group_name,Swimwear,2,20,0.1,0.038531975679437405,2.5952471482889736,2.5952471482889736,False
31,department_name,Swimwear,2,20,0.1,0.038531975679437405,2.5952471482889736,2.5952471482889736,False
31,product_group_name,Swimwear,2,20,0.1,0.0397773056918907,2.513996316758748,2.513996316758748,False
31,product_type_name,Hoodie,1,20,0.05,0.0206578272654018,2.420390070921986,2.420390070921986,False
31,department_name,Dresses,1,20,0.05,0.021024100798476303,2.3782229965156794,2.3782229965156794,False
31,garment_group_name,Dresses Ladies,3,20,0.15,0.06651527360632921,2.2551211453744493,2.2551211453744493,False
31,index_group_name,Baby/Children,3,20,0.15,0.06680829243278881,2.2452302631578944,2.2452302631578944,False
31,graphical_appearance_name,Check,1,20,0.05,0.023001977877078604,2.1737261146496816,2.1737261146496816,False
31,perceived_colour_master_name,Red,1,20,0.05,0.0232217419969233,2.1531545741324924,2.1531545741324924,False
31,section_name,Mama,1,20,0.05,0.023294996703538202,2.1463836477987424,2.1463836477987424,False
31,graphical_appearance_name,Denim,3,20,0.15,0.074719800747198,2.0075000000000003,2.0075000000000003,False
31,index_group_name,Menswear,4,20,0.2,0.10438795692623251,1.9159298245614036,1.9159298245614036,False
31,perceived_colour_master_name,Brown,1,20,0.05,0.026151930261519303,1.911904761904762,1.911904761904762,False
31,colour_group_name,Light Blue,1,20,0.05,0.026957732034283203,1.8547554347826087,1.8547554347826087,False
31,perceived_colour_master_name,Orange,1,20,0.05,0.0273972602739726,1.8250000000000002,1.8250000000000002,False
31,perceived_colour_master_name,Green,1,20,0.05,0.027910043220276903,1.7914698162729659,1.7914698162729659,False
31,product_type_name,Dress,4,20,0.2,0.11750054941029961,1.70211970074813,1.70211970074813,False
31,perceived_colour_master_name,Blue,4,20,0.2,0.11933191707567212,1.6759975445058317,1.6759975445058317,False
31,colour_group_name,Grey,1,20,0.05,0.031059995604717602,1.6097877358490567,1.6097877358490567,False
31,product_type_name,Underwear bottom,1,20,0.05,0.031133250311332503,1.606,1.606,False
31,section_name,Womens Tailoring,2,20,0.1,0.06343857592850341,1.5763279445727483,1.5763279445727483,False
31,product_group_name,Garment Full body,4,20,0.2,0.1304666324811369,1.5329590117911287,1.5329590117911287,False
31,index_group_name,Sport,1,20,0.05,0.033111127389934804,1.510066371681416,1.510066371681416,False
31,perceived_colour_master_name,Pink,2,20,0.1,0.06702805655263351,1.4919125683060108,1.4919125683060108,False
31,garment_group_name,Outdoor,1,20,0.05,0.033697165042854006,1.483804347826087,1.483804347826087,False
31,section_name,"Womens Nightwear, Socks & Tigh",1,20,0.05,0.034869240348692404,1.4339285714285714,1.4339285714285714,False
31,section_name,Womens Casual,1,20,0.05,0.039557541572046,1.2639814814814816,1.2639814814814816,False
31,garment_group_name,"Under-, Nightwear",2,20,0.1,0.08475569555343931,1.1798617113223855,1.1798617113223855,False
31,garment_group_name,Trousers Denim,1,20,0.05,0.0430737674895612,1.1607993197278912,1.1607993197278912,False
31,product_group_name,Garment Upper body,9,20,0.45,0.38905574683173394,1.156646582564489,1.156646582564489,False
31,department_name,Blouse,1,20,0.05,0.043293531609405904,1.154906937394247,1.154906937394247,False
31,product_type_name,Blouse,1,20,0.05,0.045344663394623105,1.1026655896607431,1.1026655896607431,False
31,colour_group_name,Beige,1,20,0.05,0.04585744634092741,1.0903354632587858,1.0903354632587858,False
31,product_group_name,Accessories,2,20,0.1,0.092300930334774,1.0834126984126986,1.0834126984126986,False
31,colour_group_name,White,2,20,0.1,0.0960369203721339,1.041266209000763,1.041266209000763,False
31,garment_group_name,Accessories,2,20,0.1,0.0962566844919786,1.038888888888889,1.038888888888889,False
31,graphical_appearance_name,Solid,11,20,0.55,0.5812760969892315,0.9461940768746062,0.9461940768746062,False
31,index_group_name,Ladieswear,11,20,0.55,0.5894806241301004,0.9330247297129365,0.9330247297129365,False
31,colour_group_name,Black,5,20,0.25,0.28027250750860744,0.8919890224777836,0.8919890224777836,False
31,perceived_colour_master_name,Black,5,20,0.25,0.28173760164090544,0.8873504940197607,0.8873504940197607,False
31,product_type_name,T-shirt,1,20,0.05,0.05757819939931141,0.8683842239185751,0.8683842239185751,False
31,section_name,Womens Lingerie,1,20,0.05,0.05765145410592631,0.8672808132147396,0.8672808132147396,False
31,colour_group_name,Dark Blue,1,20,0.05,0.058970038824994506,0.847888198757764,0.847888198757764,False
31,department_name,Jersey,1,20,0.05,0.060801406490367006,0.8223493975903615,0.8223493975903615,False
31,perceived_colour_master_name,White,2,20,0.1,0.12797597245623032,0.7813966800228964,0.7813966800228964,False
31,garment_group_name,Knitwear,1,20,0.05,0.06695480184601861,0.7467724288840263,0.7467724288840263,False
31,product_group_name,Underwear,1,20,0.05,0.06768734891216761,0.7386904761904761,0.7386904761904761,False
31,perceived_colour_master_name,Grey,1,20,0.05,0.07113032012306791,0.7029351184346034,0.7029351184346034,False
31,product_type_name,Sweater,1,20,0.05,0.0791883378507069,0.6314061054579094,0.6314061054579094,False
31,garment_group_name,Jersey Fancy,2,20,0.1,0.16672771225551242,0.599780316344464,0.599780316344464,False
31,perceived_colour_master_name,Beige,1,20,0.05,0.08482895026005421,0.5894214162348878,0.5894214162348878,False
31,garment_group_name,Blouses,1,20,0.05,0.0860742802725075,0.5808936170212766,0.5808936170212766,False
31,garment_group_name,Jersey Basic,1,20,0.05,0.09003003442971211,0.5553702196908056,0.5553702196908056,False
31,section_name,Divided Collection,1,20,0.05,0.10409493809977291,0.48033075299085154,0.48033075299085154,False
31,graphical_appearance_name,All over pattern,1,20,0.05,0.10709838107098381,0.4668604651162791,0.4668604651162791,False
31,section_name,Womens Everyday Collection,1,20,0.05,0.12218885063365321,0.40920263788968825,0.40920263788968825,False
31,product_type_name,Trousers,1,20,0.05,0.1310526701340561,0.38152599217439914,0.38152599217439914,False
31,product_group_name,Garment Lower body,1,20,0.05,0.2052596879349498,0.2435938615274804,0.2435938615274804,False
31,index_group_name,Divided,1,20,0.05,0.2062119991209435,0.2424689165186501,0.2424689165186501,False
32,department_name,Kids Boy Knitwear,1,20,0.05,0.0005127829463043,97.50714285714287,97.50714285714287,False
32,product_type_name,Hat/brim,1,20,0.05,0.0013185847190682002,37.919444444444444,37.919444444444444,False
32,department_name,Men Sport Tops,1,20,0.05,0.0020511317852172,24.376785714285717,24.376785714285717,False
32,department_name,Young Boy Jersey Basic,1,20,0.05,0.0025639147315215,19.501428571428573,19.501428571428573,False
32,department_name,Shirt,3,20,0.15,0.009156838326862501,16.3812,16.3812,True
32,graphical_appearance_name,Mixed solid/pattern,1,20,0.05,0.0035162259175152005,14.219791666666667,14.219791666666667,False
32,department_name,Gloves/Hats,1,20,0.05,0.0035894806241301004,13.929591836734694,13.929591836734694,False
32,graphical_appearance_name,Application/3D,1,20,0.05,0.0040290088638195,12.410000000000002,12.410000000000002,False
32,garment_group_name,Shirts,3,20,0.15,0.012526554831147901,11.97456140350877,11.97456140350877,True
32,colour_group_name,Light Turquoise,1,20,0.05,0.0049080653431983,10.187313432835822,10.187313432835822,False
32,section_name,Contemporary Casual,2,20,0.1,0.010621932459160502,9.41448275862069,9.41448275862069,True
32,department_name,Suit jacket,1,20,0.05,0.0053475935828877,9.350000000000001,9.350000000000001,False
32,product_type_name,Pyjama set,1,20,0.05,0.0054208482895026005,9.223648648648648,9.223648648648648,False
32,department_name,Newborn,1,20,0.05,0.0055673577027324,8.98092105263158,8.98092105263158,False
32,section_name,Kids Boy,1,20,0.05,0.0056406124093473006,8.864285714285716,8.864285714285716,False
32,section_name,Men H&M Sport,1,20,0.05,0.0057871218225771,8.63987341772152,8.63987341772152,False
32,department_name,Nightwear,1,20,0.05,0.006080140649036701,8.223493975903615,8.223493975903615,False
32,product_type_name,Bodysuit,1,20,0.05,0.006299904768881401,7.936627906976745,7.936627906976745,False
32,section_name,Boys Underwear & Basics,1,20,0.05,0.006373159475496301,7.8454022988505745,7.8454022988505745,False
32,department_name,Belts,1,20,0.05,0.0066661783019559,7.500549450549451,7.500549450549451,False
32,department_name,Denim trousers,1,20,0.05,0.007984763021024101,6.261926605504587,6.261926605504587,False
32,product_type_name,Belt,1,20,0.05,0.0082045271408688,6.094196428571429,6.094196428571429,False
32,section_name,Denim Men,1,20,0.05,0.0085708006739433,5.833760683760684,5.833760683760684,False
32,colour_group_name,Orange,1,20,0.05,0.008790564793788001,5.687916666666666,5.687916666666666,False
32,perceived_colour_master_name,Turquoise,1,20,0.05,0.009230093033477401,5.417063492063492,5.417063492063492,False
32,product_group_name,Nightwear,1,20,0.05,0.009669621273166801,5.170833333333333,5.170833333333333,False
32,section_name,Womens Big accessories,2,20,0.1,0.019925280199252802,5.018750000000001,5.018750000000001,False
32,product_type_name,Shirt,3,20,0.15,0.031646033257636805,4.7399305555555555,4.7399305555555555,False
32,graphical_appearance_name,Other structure,2,20,0.1,0.022855468463848803,4.375320512820513,4.375320512820513,False
32,colour_group_name,Dark Red,1,20,0.05,0.0128195736576075,3.900285714285715,3.900285714285715,False
32,garment_group_name,Dressed,1,20,0.05,0.013112592484067102,3.813128491620112,3.813128491620112,False
32,product_type_name,Blazer,1,20,0.05,0.014211413083290601,3.5182989690721653,3.5182989690721653,False
32,colour_group_name,Blue,2,20,0.1,0.033330891509779505,3.0002197802197803,3.0002197802197803,False
32,product_type_name,Swimwear bottom,1,20,0.05,0.016702073108197203,2.993640350877193,2.993640350877193,False
32,product_type_name,Bikini top,1,20,0.05,0.0171416013478866,2.916880341880342,2.916880341880342,False
32,department_name,Casual Lingerie,1,20,0.05,0.017581129587576003,2.843958333333333,2.843958333333333,False
32,section_name,Baby Essentials & Complements,1,20,0.05,0.017727639000805803,2.8204545454545453,2.8204545454545453,False
32,department_name,Dress,2,20,0.1,0.035894806241301,2.785918367346939,2.785918367346939,False
32,section_name,Contemporary Smart,1,20,0.05,0.0180206578272654,2.7745934959349596,2.7745934959349596,False
32,colour_group_name,Light Pink,2,20,0.1,0.036773862720679805,2.7193227091633467,2.7193227091633467,False
32,colour_group_name,Dark Green,1,20,0.05,0.018533440773569703,2.6978260869565216,2.6978260869565216,False
32,section_name,"Womens Swimwear, beachwear",2,20,0.1,0.0374331550802139,2.6714285714285717,2.6714285714285717,False
32,colour_group_name,Yellowish Brown,1,20,0.05,0.0187532048934144,2.6662109375000003,2.6662109375000003,False
32,garment_group_name,Swimwear,2,20,0.1,0.038531975679437405,2.5952471482889736,2.5952471482889736,False
32,department_name,Swimwear,2,20,0.1,0.038531975679437405,2.5952471482889736,2.5952471482889736,False
32,product_group_name,Swimwear,2,20,0.1,0.0397773056918907,2.513996316758748,2.513996316758748,False
32,product_type_name,Hoodie,1,20,0.05,0.0206578272654018,2.420390070921986,2.420390070921986,False
32,department_name,Dresses,1,20,0.05,0.021024100798476303,2.3782229965156794,2.3782229965156794,False
32,garment_group_name,Dresses Ladies,3,20,0.15,0.06651527360632921,2.2551211453744493,2.2551211453744493,False
32,index_group_name,Baby/Children,3,20,0.15,0.06680829243278881,2.2452302631578944,2.2452302631578944,False
32,graphical_appearance_name,Check,1,20,0.05,0.023001977877078604,2.1737261146496816,2.1737261146496816,False
32,perceived_colour_master_name,Red,1,20,0.05,0.0232217419969233,2.1531545741324924,2.1531545741324924,False
32,section_name,Mama,1,20,0.05,0.023294996703538202,2.1463836477987424,2.1463836477987424,False
32,graphical_appearance_name,Denim,3,20,0.15,0.074719800747198,2.0075000000000003,2.0075000000000003,False
32,index_group_name,Menswear,4,20,0.2,0.10438795692623251,1.9159298245614036,1.9159298245614036,False
32,perceived_colour_master_name,Brown,1,20,0.05,0.026151930261519303,1.911904761904762,1.911904761904762,False
32,colour_group_name,Light Blue,1,20,0.05,0.026957732034283203,1.8547554347826087,1.8547554347826087,False
32,perceived_colour_master_name,Orange,1,20,0.05,0.0273972602739726,1.8250000000000002,1.8250000000000002,False
32,perceived_colour_master_name,Green,1,20,0.05,0.027910043220276903,1.7914698162729659,1.7914698162729659,False
32,product_type_name,Dress,4,20,0.2,0.11750054941029961,1.70211970074813,1.70211970074813,False
32,perceived_colour_master_name,Blue,4,20,0.2,0.11933191707567212,1.6759975445058317,1.6759975445058317,False
32,colour_group_name,Grey,1,20,0.05,0.031059995604717602,1.6097877358490567,1.6097877358490567,False
32,product_type_name,Underwear bottom,1,20,0.05,0.031133250311332503,1.606,1.606,False
32,section_name,Womens Tailoring,2,20,0.1,0.06343857592850341,1.5763279445727483,1.5763279445727483,False
32,product_group_name,Garment Full body,4,20,0.2,0.1304666324811369,1.5329590117911287,1.5329590117911287,False
32,index_group_name,Sport,1,20,0.05,0.033111127389934804,1.510066371681416,1.510066371681416,False
32,perceived_colour_master_name,Pink,2,20,0.1,0.06702805655263351,1.4919125683060108,1.4919125683060108,False
32,garment_group_name,Outdoor,1,20,0.05,0.033697165042854006,1.483804347826087,1.483804347826087,False
32,section_name,"Womens Nightwear, Socks & Tigh",1,20,0.05,0.034869240348692404,1.4339285714285714,1.4339285714285714,False
32,section_name,Womens Casual,1,20,0.05,0.039557541572046,1.2639814814814816,1.2639814814814816,False
32,garment_group_name,"Under-, Nightwear",2,20,0.1,0.08475569555343931,1.1798617113223855,1.1798617113223855,False
32,garment_group_name,Trousers Denim,1,20,0.05,0.0430737674895612,1.1607993197278912,1.1607993197278912,False
32,product_group_name,Garment Upper body,9,20,0.45,0.38905574683173394,1.156646582564489,1.156646582564489,False
32,department_name,Blouse,1,20,0.05,0.043293531609405904,1.154906937394247,1.154906937394247,False
32,product_type_name,Blouse,1,20,0.05,0.045344663394623105,1.1026655896607431,1.1026655896607431,False
32,colour_group_name,Beige,1,20,0.05,0.04585744634092741,1.0903354632587858,1.0903354632587858,False
32,product_group_name,Accessories,2,20,0.1,0.092300930334774,1.0834126984126986,1.0834126984126986,False
32,colour_group_name,White,2,20,0.1,0.0960369203721339,1.041266209000763,1.041266209000763,False
32,garment_group_name,Accessories,2,20,0.1,0.0962566844919786,1.038888888888889,1.038888888888889,False
32,graphical_appearance_name,Solid,11,20,0.55,0.5812760969892315,0.9461940768746062,0.9461940768746062,False
32,index_group_name,Ladieswear,11,20,0.55,0.5894806241301004,0.9330247297129365,0.9330247297129365,False
32,colour_group_name,Black,5,20,0.25,0.28027250750860744,0.8919890224777836,0.8919890224777836,False
32,perceived_colour_master_name,Black,5,20,0.25,0.28173760164090544,0.8873504940197607,0.8873504940197607,False
32,product_type_name,T-shirt,1,20,0.05,0.05757819939931141,0.8683842239185751,0.8683842239185751,False
32,section_name,Womens Lingerie,1,20,0.05,0.05765145410592631,0.8672808132147396,0.8672808132147396,False
32,colour_group_name,Dark Blue,1,20,0.05,0.058970038824994506,0.847888198757764,0.847888198757764,False
32,department_name,Jersey,1,20,0.05,0.060801406490367006,0.8223493975903615,0.8223493975903615,False
32,perceived_colour_master_name,White,2,20,0.1,0.12797597245623032,0.7813966800228964,0.7813966800228964,False
32,garment_group_name,Knitwear,1,20,0.05,0.06695480184601861,0.7467724288840263,0.7467724288840263,False
32,product_group_name,Underwear,1,20,0.05,0.06768734891216761,0.7386904761904761,0.7386904761904761,False
32,perceived_colour_master_name,Grey,1,20,0.05,0.07113032012306791,0.7029351184346034,0.7029351184346034,False
32,product_type_name,Sweater,1,20,0.05,0.0791883378507069,0.6314061054579094,0.6314061054579094,False
32,garment_group_name,Jersey Fancy,2,20,0.1,0.16672771225551242,0.599780316344464,0.599780316344464,False
32,perceived_colour_master_name,Beige,1,20,0.05,0.08482895026005421,0.5894214162348878,0.5894214162348878,False
32,garment_group_name,Blouses,1,20,0.05,0.0860742802725075,0.5808936170212766,0.5808936170212766,False
32,garment_group_name,Jersey Basic,1,20,0.05,0.09003003442971211,0.5553702196908056,0.5553702196908056,False
32,section_name,Divided Collection,1,20,0.05,0.10409493809977291,0.48033075299085154,0.48033075299085154,False
32,graphical_appearance_name,All over pattern,1,20,0.05,0.10709838107098381,0.4668604651162791,0.4668604651162791,False
32,section_name,Womens Everyday Collection,1,20,0.05,0.12218885063365321,0.40920263788968825,0.40920263788968825,False
32,product_type_name,Trousers,1,20,0.05,0.1310526701340561,0.38152599217439914,0.38152599217439914,False
32,product_group_name,Garment Lower body,1,20,0.05,0.2052596879349498,0.2435938615274804,0.2435938615274804,False
32,index_group_name,Divided,1,20,0.05,0.2062119991209435,0.2424689165186501,0.2424689165186501,False
33,department_name,Kids Boy Knitwear,1,20,0.05,0.0005127829463043,97.50714285714287,97.50714285714287,False
33,product_type_name,Hat/brim,1,20,0.05,0.0013185847190682002,37.919444444444444,37.919444444444444,False
33,department_name,Men Sport Tops,1,20,0.05,0.0020511317852172,24.376785714285717,24.376785714285717,False
33,department_name,Young Boy Jersey Basic,1,20,0.05,0.0025639147315215,19.501428571428573,19.501428571428573,False
33,department_name,Shirt,3,20,0.15,0.009156838326862501,16.3812,16.3812,True
33,graphical_appearance_name,Mixed solid/pattern,1,20,0.05,0.0035162259175152005,14.219791666666667,14.219791666666667,False
33,department_name,Gloves/Hats,1,20,0.05,0.0035894806241301004,13.929591836734694,13.929591836734694,False
33,graphical_appearance_name,Application/3D,1,20,0.05,0.0040290088638195,12.410000000000002,12.410000000000002,False
33,garment_group_name,Shirts,3,20,0.15,0.012526554831147901,11.97456140350877,11.97456140350877,True
33,colour_group_name,Light Turquoise,1,20,0.05,0.0049080653431983,10.187313432835822,10.187313432835822,False
33,section_name,Contemporary Casual,2,20,0.1,0.010621932459160502,9.41448275862069,9.41448275862069,True
33,department_name,Suit jacket,1,20,0.05,0.0053475935828877,9.350000000000001,9.350000000000001,False
33,product_type_name,Pyjama set,1,20,0.05,0.0054208482895026005,9.223648648648648,9.223648648648648,False
33,department_name,Newborn,1,20,0.05,0.0055673577027324,8.98092105263158,8.98092105263158,False
33,section_name,Kids Boy,1,20,0.05,0.0056406124093473006,8.864285714285716,8.864285714285716,False
33,section_name,Men H&M Sport,1,20,0.05,0.0057871218225771,8.63987341772152,8.63987341772152,False
33,department_name,Nightwear,1,20,0.05,0.006080140649036701,8.223493975903615,8.223493975903615,False
33,product_type_name,Bodysuit,1,20,0.05,0.006299904768881401,7.936627906976745,7.936627906976745,False
33,section_name,Boys Underwear & Basics,1,20,0.05,0.006373159475496301,7.8454022988505745,7.8454022988505745,False
33,department_name,Belts,1,20,0.05,0.0066661783019559,7.500549450549451,7.500549450549451,False
33,department_name,Denim trousers,1,20,0.05,0.007984763021024101,6.261926605504587,6.261926605504587,False
33,product_type_name,Belt,1,20,0.05,0.0082045271408688,6.094196428571429,6.094196428571429,False
33,section_name,Denim Men,1,20,0.05,0.0085708006739433,5.833760683760684,5.833760683760684,False
33,colour_group_name,Orange,1,20,0.05,0.008790564793788001,5.687916666666666,5.687916666666666,False
33,perceived_colour_master_name,Turquoise,1,20,0.05,0.009230093033477401,5.417063492063492,5.417063492063492,False
33,product_group_name,Nightwear,1,20,0.05,0.009669621273166801,5.170833333333333,5.170833333333333,False
33,section_name,Womens Big accessories,2,20,0.1,0.019925280199252802,5.018750000000001,5.018750000000001,False
33,product_type_name,Shirt,3,20,0.15,0.031646033257636805,4.7399305555555555,4.7399305555555555,False
33,graphical_appearance_name,Other structure,2,20,0.1,0.022855468463848803,4.375320512820513,4.375320512820513,False
33,colour_group_name,Dark Red,1,20,0.05,0.0128195736576075,3.900285714285715,3.900285714285715,False
33,garment_group_name,Dressed,1,20,0.05,0.013112592484067102,3.813128491620112,3.813128491620112,False
33,product_type_name,Blazer,1,20,0.05,0.014211413083290601,3.5182989690721653,3.5182989690721653,False
33,colour_group_name,Blue,2,20,0.1,0.033330891509779505,3.0002197802197803,3.0002197802197803,False
33,product_type_name,Swimwear bottom,1,20,0.05,0.016702073108197203,2.993640350877193,2.993640350877193,False
33,product_type_name,Bikini top,1,20,0.05,0.0171416013478866,2.916880341880342,2.916880341880342,False
33,department_name,Casual Lingerie,1,20,0.05,0.017581129587576003,2.843958333333333,2.843958333333333,False
33,section_name,Baby Essentials & Complements,1,20,0.05,0.017727639000805803,2.8204545454545453,2.8204545454545453,False
33,department_name,Dress,2,20,0.1,0.035894806241301,2.785918367346939,2.785918367346939,False
33,section_name,Contemporary Smart,1,20,0.05,0.0180206578272654,2.7745934959349596,2.7745934959349596,False
33,colour_group_name,Light Pink,2,20,0.1,0.036773862720679805,2.7193227091633467,2.7193227091633467,False
33,colour_group_name,Dark Green,1,20,0.05,0.018533440773569703,2.6978260869565216,2.6978260869565216,False
33,section_name,"Womens Swimwear, beachwear",2,20,0.1,0.0374331550802139,2.6714285714285717,2.6714285714285717,False
33,colour_group_name,Yellowish Brown,1,20,0.05,0.0187532048934144,2.6662109375000003,2.6662109375000003,False
33,garment_group_name,Swimwear,2,20,0.1,0.038531975679437405,2.5952471482889736,2.5952471482889736,False
33,department_name,Swimwear,2,20,0.1,0.038531975679437405,2.5952471482889736,2.5952471482889736,False
33,product_group_name,Swimwear,2,20,0.1,0.0397773056918907,2.513996316758748,2.513996316758748,False
33,product_type_name,Hoodie,1,20,0.05,0.0206578272654018,2.420390070921986,2.420390070921986,False
33,department_name,Dresses,1,20,0.05,0.021024100798476303,2.3782229965156794,2.3782229965156794,False
33,garment_group_name,Dresses Ladies,3,20,0.15,0.06651527360632921,2.2551211453744493,2.2551211453744493,False
33,index_group_name,Baby/Children,3,20,0.15,0.06680829243278881,2.2452302631578944,2.2452302631578944,False
33,graphical_appearance_name,Check,1,20,0.05,0.023001977877078604,2.1737261146496816,2.1737261146496816,False
33,perceived_colour_master_name,Red,1,20,0.05,0.0232217419969233,2.1531545741324924,2.1531545741324924,False
33,section_name,Mama,1,20,0.05,0.023294996703538202,2.1463836477987424,2.1463836477987424,False
33,graphical_appearance_name,Denim,3,20,0.15,0.074719800747198,2.0075000000000003,2.0075000000000003,False
33,index_group_name,Menswear,4,20,0.2,0.10438795692623251,1.9159298245614036,1.9159298245614036,False
33,perceived_colour_master_name,Brown,1,20,0.05,0.026151930261519303,1.911904761904762,1.911904761904762,False
33,colour_group_name,Light Blue,1,20,0.05,0.026957732034283203,1.8547554347826087,1.8547554347826087,False
33,perceived_colour_master_name,Orange,1,20,0.05,0.0273972602739726,1.8250000000000002,1.8250000000000002,False
33,perceived_colour_master_name,Green,1,20,0.05,0.027910043220276903,1.7914698162729659,1.7914698162729659,False
33,product_type_name,Dress,4,20,0.2,0.11750054941029961,1.70211970074813,1.70211970074813,False
33,perceived_colour_master_name,Blue,4,20,0.2,0.11933191707567212,1.6759975445058317,1.6759975445058317,False
33,colour_group_name,Grey,1,20,0.05,0.031059995604717602,1.6097877358490567,1.6097877358490567,False
33,product_type_name,Underwear bottom,1,20,0.05,0.031133250311332503,1.606,1.606,False
33,section_name,Womens Tailoring,2,20,0.1,0.06343857592850341,1.5763279445727483,1.5763279445727483,False
33,product_group_name,Garment Full body,4,20,0.2,0.1304666324811369,1.5329590117911287,1.5329590117911287,False
33,index_group_name,Sport,1,20,0.05,0.033111127389934804,1.510066371681416,1.510066371681416,False
33,perceived_colour_master_name,Pink,2,20,0.1,0.06702805655263351,1.4919125683060108,1.4919125683060108,False
33,garment_group_name,Outdoor,1,20,0.05,0.033697165042854006,1.483804347826087,1.483804347826087,False
33,section_name,"Womens Nightwear, Socks & Tigh",1,20,0.05,0.034869240348692404,1.4339285714285714,1.4339285714285714,False
33,section_name,Womens Casual,1,20,0.05,0.039557541572046,1.2639814814814816,1.2639814814814816,False
33,garment_group_name,"Under-, Nightwear",2,20,0.1,0.08475569555343931,1.1798617113223855,1.1798617113223855,False
33,garment_group_name,Trousers Denim,1,20,0.05,0.0430737674895612,1.1607993197278912,1.1607993197278912,False
33,product_group_name,Garment Upper body,9,20,0.45,0.38905574683173394,1.156646582564489,1.156646582564489,False
33,department_name,Blouse,1,20,0.05,0.043293531609405904,1.154906937394247,1.154906937394247,False
33,product_type_name,Blouse,1,20,0.05,0.045344663394623105,1.1026655896607431,1.1026655896607431,False
33,colour_group_name,Beige,1,20,0.05,0.04585744634092741,1.0903354632587858,1.0903354632587858,False
33,product_group_name,Accessories,2,20,0.1,0.092300930334774,1.0834126984126986,1.0834126984126986,False
33,colour_group_name,White,2,20,0.1,0.0960369203721339,1.041266209000763,1.041266209000763,False
33,garment_group_name,Accessories,2,20,0.1,0.0962566844919786,1.038888888888889,1.038888888888889,False
33,graphical_appearance_name,Solid,11,20,0.55,0.5812760969892315,0.9461940768746062,0.9461940768746062,False
33,index_group_name,Ladieswear,11,20,0.55,0.5894806241301004,0.9330247297129365,0.9330247297129365,False
33,colour_group_name,Black,5,20,0.25,0.28027250750860744,0.8919890224777836,0.8919890224777836,False
33,perceived_colour_master_name,Black,5,20,0.25,0.28173760164090544,0.8873504940197607,0.8873504940197607,False
33,product_type_name,T-shirt,1,20,0.05,0.05757819939931141,0.8683842239185751,0.8683842239185751,False
33,section_name,Womens Lingerie,1,20,0.05,0.05765145410592631,0.8672808132147396,0.8672808132147396,False
33,colour_group_name,Dark Blue,1,20,0.05,0.058970038824994506,0.847888198757764,0.847888198757764,False
33,department_name,Jersey,1,20,0.05,0.060801406490367006,0.8223493975903615,0.8223493975903615,False
33,perceived_colour_master_name,White,2,20,0.1,0.12797597245623032,0.7813966800228964,0.7813966800228964,False
33,garment_group_name,Knitwear,1,20,0.05,0.06695480184601861,0.7467724288840263,0.7467724288840263,False
33,product_group_name,Underwear,1,20,0.05,0.06768734891216761,0.7386904761904761,0.7386904761904761,False
33,perceived_colour_master_name,Grey,1,20,0.05,0.07113032012306791,0.7029351184346034,0.7029351184346034,False
33,product_type_name,Sweater,1,20,0.05,0.0791883378507069,0.6314061054579094,0.6314061054579094,False
33,garment_group_name,Jersey Fancy,2,20,0.1,0.16672771225551242,0.599780316344464,0.599780316344464,False
33,perceived_colour_master_name,Beige,1,20,0.05,0.08482895026005421,0.5894214162348878,0.5894214162348878,False
33,garment_group_name,Blouses,1,20,0.05,0.0860742802725075,0.5808936170212766,0.5808936170212766,False
33,garment_group_name,Jersey Basic,1,20,0.05,0.09003003442971211,0.5553702196908056,0.5553702196908056,False
33,section_name,Divided Collection,1,20,0.05,0.10409493809977291,0.48033075299085154,0.48033075299085154,False
33,graphical_appearance_name,All over pattern,1,20,0.05,0.10709838107098381,0.4668604651162791,0.4668604651162791,False
33,section_name,Womens Everyday Collection,1,20,0.05,0.12218885063365321,0.40920263788968825,0.40920263788968825,False
33,product_type_name,Trousers,1,20,0.05,0.1310526701340561,0.38152599217439914,0.38152599217439914,False
33,product_group_name,Garment Lower body,1,20,0.05,0.2052596879349498,0.2435938615274804,0.2435938615274804,False
33,index_group_name,Divided,1,20,0.05,0.2062119991209435,0.2424689165186501,0.2424689165186501,False
34,department_name,Kids Boy Knitwear,1,20,0.05,0.0005127829463043,97.50714285714287,97.50714285714287,False
34,department_name,Young Girl UW/NW,1,20,0.05,0.0011720753058384,42.659375000000004,42.659375000000004,False
34,product_type_name,Hat/brim,1,20,0.05,0.0013185847190682002,37.919444444444444,37.919444444444444,False
34,department_name,Men Sport Tops,1,20,0.05,0.0020511317852172,24.376785714285717,24.376785714285717,False
34,product_type_name,Pyjama set,2,20,0.1,0.0054208482895026005,18.447297297297297,18.447297297297297,True
34,graphical_appearance_name,Mixed solid/pattern,1,20,0.05,0.0035162259175152005,14.219791666666667,14.219791666666667,False
34,department_name,Gloves/Hats,1,20,0.05,0.0035894806241301004,13.929591836734694,13.929591836734694,False
34,graphical_appearance_name,Treatment,1,20,0.05,0.003955754157204601,12.639814814814814,12.639814814814814,False
34,department_name,Baby basics,1,20,0.05,0.0042487729836642,11.768103448275864,11.768103448275864,False
34,department_name,Other items,1,20,0.05,0.0042487729836642,11.768103448275864,11.768103448275864,False
34,product_group_name,Nightwear,2,20,0.1,0.009669621273166801,10.341666666666667,10.341666666666667,True
34,section_name,Girls Underwear & Basics,1,20,0.05,0.004834810636583401,10.341666666666667,10.341666666666667,False
34,product_type_name,Garment Set,1,20,0.05,0.005127829463043,9.750714285714286,9.750714285714286,False
34,section_name,Kids Boy,1,20,0.05,0.0056406124093473006,8.864285714285716,8.864285714285716,False
34,section_name,Men H&M Sport,1,20,0.05,0.0057871218225771,8.63987341772152,8.63987341772152,False
34,department_name,Nightwear,1,20,0.05,0.006080140649036701,8.223493975903615,8.223493975903615,False
34,department_name,Functional Lingerie,1,20,0.05,0.006373159475496301,7.8454022988505745,7.8454022988505745,False
34,product_type_name,Other accessories,1,20,0.05,0.006959197128415501,7.184736842105264,7.184736842105264,False
34,department_name,Denim trousers,1,20,0.05,0.007984763021024101,6.261926605504587,6.261926605504587,False
34,section_name,Denim Men,1,20,0.05,0.0085708006739433,5.833760683760684,5.833760683760684,False
34,colour_group_name,Orange,1,20,0.05,0.008790564793788001,5.687916666666666,5.687916666666666,False
34,colour_group_name,Grey,3,20,0.15,0.031059995604717602,4.8293632075471695,4.8293632075471695,True
34,colour_group_name,Yellow,1,20,0.05,0.011354479525309501,4.403548387096774,4.403548387096774,False
34,graphical_appearance_name,Other structure,2,20,0.1,0.022855468463848803,4.375320512820513,4.375320512820513,False
34,department_name,Skirt,1,20,0.05,0.011647498351769101,4.292767295597485,4.292767295597485,False
34,department_name,Dress,3,20,0.15,0.035894806241301,4.178877551020408,4.178877551020408,False
34,graphical_appearance_name,Lace,1,20,0.05,0.012673064244377702,3.9453757225433526,3.9453757225433526,False
34,perceived_colour_master_name,Orange,2,20,0.1,0.0273972602739726,3.6500000000000004,3.6500000000000004,False
34,section_name,Womens Jackets,1,20,0.05,0.0136986301369863,3.6500000000000004,3.6500000000000004,False
34,product_type_name,Earring,1,20,0.05,0.014724196029594901,3.395771144278607,3.395771144278607,False
34,colour_group_name,Light Orange,1,20,0.05,0.014724196029594901,3.395771144278607,3.395771144278607,False
34,department_name,Outwear,1,20,0.05,0.0150172148560545,3.3295121951219517,3.3295121951219517,False
34,colour_group_name,Blue,2,20,0.1,0.033330891509779505,3.0002197802197803,3.0002197802197803,False
34,product_type_name,Swimwear bottom,1,20,0.05,0.016702073108197203,2.993640350877193,2.993640350877193,False
34,garment_group_name,Outdoor,2,20,0.1,0.033697165042854006,2.967608695652174,2.967608695652174,False
34,product_type_name,Bikini top,1,20,0.05,0.0171416013478866,2.916880341880342,2.916880341880342,False
34,section_name,Baby Essentials & Complements,1,20,0.05,0.017727639000805803,2.8204545454545453,2.8204545454545453,False
34,perceived_colour_master_name,Grey,4,20,0.2,0.07113032012306791,2.8117404737384137,2.8117404737384137,False
34,section_name,"Womens Swimwear, beachwear",2,20,0.1,0.0374331550802139,2.6714285714285717,2.6714285714285717,False
34,colour_group_name,Yellowish Brown,1,20,0.05,0.0187532048934144,2.6662109375000003,2.6662109375000003,False
34,garment_group_name,Swimwear,2,20,0.1,0.038531975679437405,2.5952471482889736,2.5952471482889736,False
34,department_name,Swimwear,2,20,0.1,0.038531975679437405,2.5952471482889736,2.5952471482889736,False
34,garment_group_name,Skirts,1,20,0.05,0.0195590066661783,2.556367041198502,2.556367041198502,False
34,product_group_name,Swimwear,2,20,0.1,0.0397773056918907,2.513996316758748,2.513996316758748,False
34,section_name,Womens Big accessories,1,20,0.05,0.019925280199252802,2.5093750000000004,2.5093750000000004,False
34,product_type_name,Hoodie,1,20,0.05,0.0206578272654018,2.420390070921986,2.420390070921986,False
34,colour_group_name,Pink,1,20,0.05,0.021024100798476303,2.3782229965156794,2.3782229965156794,False
34,colour_group_name,Gold,1,20,0.05,0.021829902571240203,2.290436241610738,2.290436241610738,False
34,garment_group_name,Dresses Ladies,3,20,0.15,0.06651527360632921,2.2551211453744493,2.2551211453744493,False
34,index_group_name,Baby/Children,3,20,0.15,0.06680829243278881,2.2452302631578944,2.2452302631578944,False
34,perceived_colour_master_name,Yellow,1,20,0.05,0.022635704344004103,2.2088996763754047,2.2088996763754047,False
34,colour_group_name,Beige,2,20,0.1,0.04585744634092741,2.1806709265175717,2.1806709265175717,False
34,department_name,Jewellery,1,20,0.05,0.0230752325836935,2.166825396825397,2.166825396825397,False
34,section_name,Mama,1,20,0.05,0.023294996703538202,2.1463836477987424,2.1463836477987424,False
34,section_name,Womens Small accessories,2,20,0.1,0.0514248040436598,1.9445868945868947,1.9445868945868947,False
34,product_group_name,Garment Full body,5,20,0.25,0.1304666324811369,1.9161987647389107,1.9161987647389107,False
34,perceived_colour_master_name,Brown,1,20,0.05,0.026151930261519303,1.911904761904762,1.911904761904762,False
34,graphical_appearance_name,All over pattern,4,20,0.2,0.10709838107098381,1.8674418604651164,1.8674418604651164,False
34,perceived_colour_master_name,Green,1,20,0.05,0.027910043220276903,1.7914698162729659,1.7914698162729659,False
34,garment_group_name,"Under-, Nightwear",3,20,0.15,0.08475569555343931,1.7697925669835781,1.7697925669835781,False
34,product_type_name,Dress,4,20,0.2,0.11750054941029961,1.70211970074813,1.70211970074813,False
34,colour_group_name,Dark Grey,1,20,0.05,0.029375137352574902,1.70211970074813,1.70211970074813,False
34,perceived_colour_master_name,Metal,1,20,0.05,0.030254193831953703,1.6526634382566587,1.6526634382566587,False
34,product_group_name,Accessories,3,20,0.15,0.092300930334774,1.6251190476190476,1.6251190476190476,False
34,graphical_appearance_name,Melange,2,20,0.1,0.0617537176763607,1.6193357058125744,1.6193357058125744,False
34,product_type_name,Jacket,1,20,0.05,0.0312797597245623,1.5984777517564404,1.5984777517564404,False
34,section_name,Womens Tailoring,2,20,0.1,0.06343857592850341,1.5763279445727483,1.5763279445727483,False
34,garment_group_name,Accessories,3,20,0.15,0.0962566844919786,1.5583333333333333,1.5583333333333333,False
34,product_type_name,Bra,1,20,0.05,0.0326715991502454,1.5303811659192827,1.5303811659192827,False
34,index_group_name,Sport,1,20,0.05,0.033111127389934804,1.510066371681416,1.510066371681416,False
34,product_type_name,Skirt,1,20,0.05,0.033404146216394405,1.4968201754385966,1.4968201754385966,False
34,perceived_colour_master_name,Pink,2,20,0.1,0.06702805655263351,1.4919125683060108,1.4919125683060108,False
34,section_name,"Womens Nightwear, Socks & Tigh",1,20,0.05,0.034869240348692404,1.4339285714285714,1.4339285714285714,False
34,colour_group_name,Light Pink,1,20,0.05,0.036773862720679805,1.3596613545816734,1.3596613545816734,False
34,index_group_name,Ladieswear,15,20,0.75,0.5894806241301004,1.2723064496085497,1.2723064496085497,False
34,section_name,Womens Casual,1,20,0.05,0.039557541572046,1.2639814814814816,1.2639814814814816,False
34,section_name,Womens Everyday Collection,3,20,0.15,0.12218885063365321,1.2276079136690647,1.2276079136690647,False
34,perceived_colour_master_name,Beige,2,20,0.1,0.08482895026005421,1.1788428324697755,1.1788428324697755,False
34,garment_group_name,Trousers Denim,1,20,0.05,0.0430737674895612,1.1607993197278912,1.1607993197278912,False
34,department_name,Blouse,1,20,0.05,0.043293531609405904,1.154906937394247,1.154906937394247,False
34,department_name,Trouser,1,20,0.05,0.0446121163284741,1.1207717569786537,1.1207717569786537,False
34,product_type_name,Blouse,1,20,0.05,0.045344663394623105,1.1026655896607431,1.1026655896607431,False
34,section_name,Womens Lingerie,1,20,0.05,0.05765145410592631,0.8672808132147396,0.8672808132147396,False
34,perceived_colour_master_name,Blue,2,20,0.1,0.11933191707567212,0.8379987722529159,0.8379987722529159,False
34,department_name,Jersey,1,20,0.05,0.060801406490367006,0.8223493975903615,0.8223493975903615,False
34,product_type_name,Trousers,2,20,0.1,0.1310526701340561,0.7630519843487983,0.7630519843487983,False
34,garment_group_name,Knitwear,1,20,0.05,0.06695480184601861,0.7467724288840263,0.7467724288840263,False
34,product_group_name,Underwear,1,20,0.05,0.06768734891216761,0.7386904761904761,0.7386904761904761,False
34,product_group_name,Garment Lower body,3,20,0.15,0.2052596879349498,0.7307815845824411,0.7307815845824411,False
34,colour_group_name,Black,4,20,0.2,0.28027250750860744,0.7135912179822269,0.7135912179822269,False
34,graphical_appearance_name,Solid,8,20,0.4,0.5812760969892315,0.6881411468178954,0.6881411468178954,False
34,graphical_appearance_name,Denim,1,20,0.05,0.074719800747198,0.6691666666666668,0.6691666666666668,False
34,product_type_name,Sweater,1,20,0.05,0.0791883378507069,0.6314061054579094,0.6314061054579094,False
34,garment_group_name,Trousers,1,20,0.05,0.0825580543549923,0.6056344276841171,0.6056344276841171,False
34,garment_group_name,Blouses,1,20,0.05,0.0860742802725075,0.5808936170212766,0.5808936170212766,False
34,garment_group_name,Jersey Basic,1,20,0.05,0.09003003442971211,0.5553702196908056,0.5553702196908056,False
34,perceived_colour_master_name,Black,3,20,0.15,0.28173760164090544,0.5324102964118564,0.5324102964118564,False
34,colour_group_name,White,1,20,0.05,0.0960369203721339,0.5206331045003815,0.5206331045003815,False
34,product_group_name,Garment Upper body,4,20,0.2,0.38905574683173394,0.5140651478064395,0.5140651478064395,False
34,index_group_name,Menswear,1,20,0.05,0.10438795692623251,0.4789824561403509,0.4789824561403509,False
34,perceived_colour_master_name,White,1,20,0.05,0.12797597245623032,0.3906983400114482,0.3906983400114482,False
34,garment_group_name,Jersey Fancy,1,20,0.05,0.16672771225551242,0.299890158172232,0.299890158172232,False
35,department_name,Kids Boy Knitwear,1,20,0.05,0.0005127829463043,97.50714285714287,97.50714285714287,False
35,product_type_name,Hat/brim,1,20,0.05,0.0013185847190682002,37.919444444444444,37.919444444444444,False
35,department_name,Young Boy Jersey Basic,1,20,0.05,0.0025639147315215,19.501428571428573,19.501428571428573,False
35,department_name,Newborn,2,20,0.1,0.0055673577027324,17.96184210526316,17.96184210526316,True
35,graphical_appearance_name,Mixed solid/pattern,1,20,0.05,0.0035162259175152005,14.219791666666667,14.219791666666667,False
35,department_name,Gloves/Hats,1,20,0.05,0.0035894806241301004,13.929591836734694,13.929591836734694,False
35,department_name,Baby basics,1,20,0.05,0.0042487729836642,11.768103448275864,11.768103448275864,False
35,product_type_name,Garment Set,1,20,0.05,0.005127829463043,9.750714285714286,9.750714285714286,False
35,colour_group_name,Light Green,1,20,0.05,0.005127829463043,9.750714285714286,9.750714285714286,False
35,department_name,Suit jacket,1,20,0.05,0.0053475935828877,9.350000000000001,9.350000000000001,False
35,section_name,Kids Boy,1,20,0.05,0.0056406124093473006,8.864285714285716,8.864285714285716,False
35,colour_group_name,Yellow,2,20,0.1,0.011354479525309501,8.807096774193548,8.807096774193548,True
35,section_name,Baby Essentials & Complements,3,20,0.15,0.017727639000805803,8.461363636363636,8.461363636363636,True
35,product_type_name,Jumpsuit/Playsuit,1,20,0.05,0.005933631235806901,8.426543209876543,8.426543209876543,False
35,department_name,Heavy Basic Jersey,1,20,0.05,0.006080140649036701,8.223493975903615,8.223493975903615,False
35,product_type_name,Bodysuit,1,20,0.05,0.006299904768881401,7.936627906976745,7.936627906976745,False
35,section_name,Boys Underwear & Basics,1,20,0.05,0.006373159475496301,7.8454022988505745,7.8454022988505745,False
35,department_name,Socks,1,20,0.05,0.0071057065416453005,7.036597938144331,7.036597938144331,False
35,department_name,Denim trousers,1,20,0.05,0.007984763021024101,6.261926605504587,6.261926605504587,False
35,section_name,Denim Men,1,20,0.05,0.0085708006739433,5.833760683760684,5.833760683760684,False
35,colour_group_name,Orange,1,20,0.05,0.008790564793788001,5.687916666666666,5.687916666666666,False
35,colour_group_name,Dark Orange,1,20,0.05,0.009230093033477401,5.417063492063492,5.417063492063492,False
35,department_name,Woven bottoms,1,20,0.05,0.009669621273166801,5.170833333333333,5.170833333333333,False
35,colour_group_name,Dark Grey,3,20,0.15,0.029375137352574902,5.106359102244389,5.106359102244389,False
35,perceived_colour_master_name,Yellow,2,20,0.1,0.022635704344004103,4.4177993527508095,4.4177993527508095,False
35,section_name,Mama,2,20,0.1,0.023294996703538202,4.292767295597485,4.292767295597485,False
35,department_name,Skirt,1,20,0.05,0.011647498351769101,4.292767295597485,4.292767295597485,False
35,colour_group_name,Dark Red,1,20,0.05,0.0128195736576075,3.900285714285715,3.900285714285715,False
35,garment_group_name,Dressed,1,20,0.05,0.013112592484067102,3.813128491620112,3.813128491620112,False
35,index_group_name,Baby/Children,5,20,0.25,0.06680829243278881,3.742050438596491,3.742050438596491,False
35,perceived_colour_master_name,Orange,2,20,0.1,0.0273972602739726,3.6500000000000004,3.6500000000000004,False
35,product_type_name,Blazer,1,20,0.05,0.014211413083290601,3.5182989690721653,3.5182989690721653,False
35,perceived_colour_master_name,Grey,5,20,0.25,0.07113032012306791,3.5146755921730173,3.5146755921730173,False
35,colour_group_name,Grey,2,20,0.1,0.031059995604717602,3.2195754716981133,3.2195754716981133,False
35,product_type_name,Swimwear bottom,1,20,0.05,0.016702073108197203,2.993640350877193,2.993640350877193,False
35,product_type_name,Bikini top,1,20,0.05,0.0171416013478866,2.916880341880342,2.916880341880342,False
35,department_name,Casual Lingerie,1,20,0.05,0.017581129587576003,2.843958333333333,2.843958333333333,False
35,section_name,Contemporary Smart,1,20,0.05,0.0180206578272654,2.7745934959349596,2.7745934959349596,False
35,colour_group_name,Light Pink,2,20,0.1,0.036773862720679805,2.7193227091633467,2.7193227091633467,False
35,colour_group_name,Dark Green,1,20,0.05,0.018533440773569703,2.6978260869565216,2.6978260869565216,False
35,section_name,"Womens Swimwear, beachwear",2,20,0.1,0.0374331550802139,2.6714285714285717,2.6714285714285717,False
35,colour_group_name,Yellowish Brown,1,20,0.05,0.0187532048934144,2.6662109375000003,2.6662109375000003,False
35,garment_group_name,Swimwear,2,20,0.1,0.038531975679437405,2.5952471482889736,2.5952471482889736,False
35,department_name,Swimwear,2,20,0.1,0.038531975679437405,2.5952471482889736,2.5952471482889736,False
35,garment_group_name,Skirts,1,20,0.05,0.0195590066661783,2.556367041198502,2.556367041198502,False
35,product_group_name,Swimwear,2,20,0.1,0.0397773056918907,2.513996316758748,2.513996316758748,False
35,section_name,Womens Big accessories,1,20,0.05,0.019925280199252802,2.5093750000000004,2.5093750000000004,False
35,product_type_name,Hoodie,1,20,0.05,0.0206578272654018,2.420390070921986,2.420390070921986,False
35,colour_group_name,Pink,1,20,0.05,0.021024100798476303,2.3782229965156794,2.3782229965156794,False
35,perceived_colour_master_name,Mole,1,20,0.05,0.021097355505091203,2.3699652777777778,2.3699652777777778,False
35,graphical_appearance_name,All over pattern,5,20,0.25,0.10709838107098381,2.3343023255813953,2.3343023255813953,False
35,department_name,Blouse,2,20,0.1,0.043293531609405904,2.309813874788494,2.309813874788494,False
35,perceived_colour_master_name,Pink,3,20,0.15,0.06702805655263351,2.237868852459016,2.237868852459016,False
35,product_type_name,Blouse,2,20,0.1,0.045344663394623105,2.2053311793214863,2.2053311793214863,False
35,graphical_appearance_name,Other structure,1,20,0.05,0.022855468463848803,2.1876602564102563,2.1876602564102563,False
35,graphical_appearance_name,Check,1,20,0.05,0.023001977877078604,2.1737261146496816,2.1737261146496816,False
35,perceived_colour_master_name,Red,1,20,0.05,0.0232217419969233,2.1531545741324924,2.1531545741324924,False
35,product_type_name,Socks,1,20,0.05,0.0240275437696872,2.0809451219512196,2.0809451219512196,False
35,perceived_colour_master_name,Brown,1,20,0.05,0.026151930261519303,1.911904761904762,1.911904761904762,False
35,perceived_colour_master_name,Green,1,20,0.05,0.027910043220276903,1.7914698162729659,1.7914698162729659,False
35,garment_group_name,Jersey Basic,3,20,0.15,0.09003003442971211,1.6661106590724166,1.6661106590724166,False
35,garment_group_name,Socks and Tights,1,20,0.05,0.030254193831953703,1.6526634382566587,1.6526634382566587,False
35,product_group_name,Socks & Tights,1,20,0.05,0.030766976778258005,1.6251190476190476,1.6251190476190476,False
35,product_type_name,Underwear bottom,1,20,0.05,0.031133250311332503,1.606,1.606,False
35,section_name,Womens Tailoring,2,20,0.1,0.06343857592850341,1.5763279445727483,1.5763279445727483,False
35,product_group_name,Garment Full body,4,20,0.2,0.1304666324811369,1.5329590117911287,1.5329590117911287,False
35,colour_group_name,Blue,1,20,0.05,0.033330891509779505,1.5001098901098902,1.5001098901098902,False
35,product_type_name,Skirt,1,20,0.05,0.033404146216394405,1.4968201754385966,1.4968201754385966,False
35,index_group_name,Menswear,3,20,0.15,0.10438795692623251,1.4369473684210525,1.4369473684210525,False
35,section_name,"Womens Nightwear, Socks & Tigh",1,20,0.05,0.034869240348692404,1.4339285714285714,1.4339285714285714,False
35,section_name,Men Underwear,1,20,0.05,0.0358215515346861,1.3958077709611454,1.3958077709611454,False
35,department_name,Dress,1,20,0.05,0.035894806241301,1.3929591836734696,1.3929591836734696,False
35,graphical_appearance_name,Denim,2,20,0.1,0.074719800747198,1.3383333333333336,1.3383333333333336,False
35,section_name,Womens Everyday Collection,3,20,0.15,0.12218885063365321,1.2276079136690647,1.2276079136690647,False
35,garment_group_name,Trousers,2,20,0.1,0.0825580543549923,1.2112688553682343,1.2112688553682343,False
35,garment_group_name,Blouses,2,20,0.1,0.0860742802725075,1.1617872340425532,1.1617872340425532,False
35,garment_group_name,Trousers Denim,1,20,0.05,0.0430737674895612,1.1607993197278912,1.1607993197278912,False
35,product_type_name,Trousers,3,20,0.15,0.1310526701340561,1.1445779765231974,1.1445779765231974,False
35,department_name,Trouser,1,20,0.05,0.0446121163284741,1.1207717569786537,1.1207717569786537,False
35,colour_group_name,Beige,1,20,0.05,0.04585744634092741,1.0903354632587858,1.0903354632587858,False
35,index_group_name,Ladieswear,12,20,0.6,0.5894806241301004,1.0178451596868396,1.0178451596868396,False
35,product_group_name,Garment Lower body,4,20,0.2,0.2052596879349498,0.9743754461099216,0.9743754461099216,False
35,garment_group_name,Jersey Fancy,3,20,0.15,0.16672771225551242,0.8996704745166959,0.8996704745166959,False
35,product_group_name,Garment Upper body,7,20,0.35,0.38905574683173394,0.8996140086612691,0.8996140086612691,False
35,product_type_name,T-shirt,1,20,0.05,0.05757819939931141,0.8683842239185751,0.8683842239185751,False
35,section_name,Womens Lingerie,1,20,0.05,0.05765145410592631,0.8672808132147396,0.8672808132147396,False
35,product_type_name,Dress,2,20,0.1,0.11750054941029961,0.851059850374065,0.851059850374065,False
35,colour_group_name,Dark Blue,1,20,0.05,0.058970038824994506,0.847888198757764,0.847888198757764,False
35,perceived_colour_master_name,Blue,2,20,0.1,0.11933191707567212,0.8379987722529159,0.8379987722529159,False
35,department_name,Jersey,1,20,0.05,0.060801406490367006,0.8223493975903615,0.8223493975903615,False
35,graphical_appearance_name,Melange,1,20,0.05,0.0617537176763607,0.8096678529062872,0.8096678529062872,False
35,graphical_appearance_name,Solid,9,20,0.45,0.5812760969892315,0.7741587901701323,0.7741587901701323,False
35,garment_group_name,Dresses Ladies,1,20,0.05,0.06651527360632921,0.7517070484581498,0.7517070484581498,False
35,garment_group_name,Knitwear,1,20,0.05,0.06695480184601861,0.7467724288840263,0.7467724288840263,False
35,product_group_name,Underwear,1,20,0.05,0.06768734891216761,0.7386904761904761,0.7386904761904761,False
35,product_type_name,Sweater,1,20,0.05,0.0791883378507069,0.6314061054579094,0.6314061054579094,False
35,garment_group_name,"Under-, Nightwear",1,20,0.05,0.08475569555343931,0.5899308556611927,0.5899308556611927,False
35,product_group_name,Accessories,1,20,0.05,0.092300930334774,0.5417063492063493,0.5417063492063493,False
35,garment_group_name,Accessories,1,20,0.05,0.0962566844919786,0.5194444444444445,0.5194444444444445,False
35,perceived_colour_master_name,Black,2,20,0.1,0.28173760164090544,0.3549401976079043,0.3549401976079043,False
35,colour_group_name,Black,1,20,0.05,0.28027250750860744,0.17839780449555673,0.17839780449555673,False
36,department_name,Kids Boy Knitwear,1,20,0.05,0.0005127829463043,97.50714285714287,97.50714285714287,False
36,department_name,Young Girl UW/NW,1,20,0.05,0.0011720753058384,42.659375000000004,42.659375000000004,False
36,product_type_name,Hat/brim,1,20,0.05,0.0013185847190682002,37.919444444444444,37.919444444444444,False
36,department_name,Men Sport Tops,1,20,0.05,0.0020511317852172,24.376785714285717,24.376785714285717,False
36,product_type_name,Pyjama set,2,20,0.1,0.0054208482895026005,18.447297297297297,18.447297297297297,True
36,graphical_appearance_name,Mixed solid/pattern,1,20,0.05,0.0035162259175152005,14.219791666666667,14.219791666666667,False
36,department_name,Gloves/Hats,1,20,0.05,0.0035894806241301004,13.929591836734694,13.929591836734694,False
36,graphical_appearance_name,Treatment,1,20,0.05,0.003955754157204601,12.639814814814814,12.639814814814814,False
36,department_name,Baby basics,1,20,0.05,0.0042487729836642,11.768103448275864,11.768103448275864,False
36,department_name,Other items,1,20,0.05,0.0042487729836642,11.768103448275864,11.768103448275864,False
36,product_group_name,Nightwear,2,20,0.1,0.009669621273166801,10.341666666666667,10.341666666666667,True
36,section_name,Girls Underwear & Basics,1,20,0.05,0.004834810636583401,10.341666666666667,10.341666666666667,False
36,product_type_name,Garment Set,1,20,0.05,0.005127829463043,9.750714285714286,9.750714285714286,False
36,section_name,Kids Boy,1,20,0.05,0.0056406124093473006,8.864285714285716,8.864285714285716,False
36,section_name,Men H&M Sport,1,20,0.05,0.0057871218225771,8.63987341772152,8.63987341772152,False
36,department_name,Nightwear,1,20,0.05,0.006080140649036701,8.223493975903615,8.223493975903615,False
36,department_name,Functional Lingerie,1,20,0.05,0.006373159475496301,7.8454022988505745,7.8454022988505745,False
36,product_type_name,Other accessories,1,20,0.05,0.006959197128415501,7.184736842105264,7.184736842105264,False
36,department_name,Denim trousers,1,20,0.05,0.007984763021024101,6.261926605504587,6.261926605504587,False
36,section_name,Denim Men,1,20,0.05,0.0085708006739433,5.833760683760684,5.833760683760684,False
36,colour_group_name,Orange,1,20,0.05,0.008790564793788001,5.687916666666666,5.687916666666666,False
36,colour_group_name,Grey,3,20,0.15,0.031059995604717602,4.8293632075471695,4.8293632075471695,True
36,colour_group_name,Yellow,1,20,0.05,0.011354479525309501,4.403548387096774,4.403548387096774,False
36,graphical_appearance_name,Other structure,2,20,0.1,0.022855468463848803,4.375320512820513,4.375320512820513,False
36,department_name,Skirt,1,20,0.05,0.011647498351769101,4.292767295597485,4.292767295597485,False
36,department_name,Dress,3,20,0.15,0.035894806241301,4.178877551020408,4.178877551020408,False
36,graphical_appearance_name,Lace,1,20,0.05,0.012673064244377702,3.9453757225433526,3.9453757225433526,False
36,perceived_colour_master_name,Orange,2,20,0.1,0.0273972602739726,3.6500000000000004,3.6500000000000004,False
36,section_name,Womens Jackets,1,20,0.05,0.0136986301369863,3.6500000000000004,3.6500000000000004,False
36,product_type_name,Earring,1,20,0.05,0.014724196029594901,3.395771144278607,3.395771144278607,False
36,colour_group_name,Light Orange,1,20,0.05,0.014724196029594901,3.395771144278607,3.395771144278607,False
36,department_name,Outwear,1,20,0.05,0.0150172148560545,3.3295121951219517,3.3295121951219517,False
36,colour_group_name,Blue,2,20,0.1,0.033330891509779505,3.0002197802197803,3.0002197802197803,False
36,product_type_name,Swimwear bottom,1,20,0.05,0.016702073108197203,2.993640350877193,2.993640350877193,False
36,garment_group_name,Outdoor,2,20,0.1,0.033697165042854006,2.967608695652174,2.967608695652174,False
36,product_type_name,Bikini top,1,20,0.05,0.0171416013478866,2.916880341880342,2.916880341880342,False
36,section_name,Baby Essentials & Complements,1,20,0.05,0.017727639000805803,2.8204545454545453,2.8204545454545453,False
36,perceived_colour_master_name,Grey,4,20,0.2,0.07113032012306791,2.8117404737384137,2.8117404737384137,False
36,section_name,"Womens Swimwear, beachwear",2,20,0.1,0.0374331550802139,2.6714285714285717,2.6714285714285717,False
36,colour_group_name,Yellowish Brown,1,20,0.05,0.0187532048934144,2.6662109375000003,2.6662109375000003,False
36,garment_group_name,Swimwear,2,20,0.1,0.038531975679437405,2.5952471482889736,2.5952471482889736,False
36,department_name,Swimwear,2,20,0.1,0.038531975679437405,2.5952471482889736,2.5952471482889736,False
36,garment_group_name,Skirts,1,20,0.05,0.0195590066661783,2.556367041198502,2.556367041198502,False
36,product_group_name,Swimwear,2,20,0.1,0.0397773056918907,2.513996316758748,2.513996316758748,False
36,section_name,Womens Big accessories,1,20,0.05,0.019925280199252802,2.5093750000000004,2.5093750000000004,False
36,product_type_name,Hoodie,1,20,0.05,0.0206578272654018,2.420390070921986,2.420390070921986,False
36,colour_group_name,Pink,1,20,0.05,0.021024100798476303,2.3782229965156794,2.3782229965156794,False
36,colour_group_name,Gold,1,20,0.05,0.021829902571240203,2.290436241610738,2.290436241610738,False
36,garment_group_name,Dresses Ladies,3,20,0.15,0.06651527360632921,2.2551211453744493,2.2551211453744493,False
36,index_group_name,Baby/Children,3,20,0.15,0.06680829243278881,2.2452302631578944,2.2452302631578944,False
36,perceived_colour_master_name,Yellow,1,20,0.05,0.022635704344004103,2.2088996763754047,2.2088996763754047,False
36,colour_group_name,Beige,2,20,0.1,0.04585744634092741,2.1806709265175717,2.1806709265175717,False
36,department_name,Jewellery,1,20,0.05,0.0230752325836935,2.166825396825397,2.166825396825397,False
36,section_name,Mama,1,20,0.05,0.023294996703538202,2.1463836477987424,2.1463836477987424,False
36,section_name,Womens Small accessories,2,20,0.1,0.0514248040436598,1.9445868945868947,1.9445868945868947,False
36,product_group_name,Garment Full body,5,20,0.25,0.1304666324811369,1.9161987647389107,1.9161987647389107,False
36,perceived_colour_master_name,Brown,1,20,0.05,0.026151930261519303,1.911904761904762,1.911904761904762,False
36,graphical_appearance_name,All over pattern,4,20,0.2,0.10709838107098381,1.8674418604651164,1.8674418604651164,False
36,perceived_colour_master_name,Green,1,20,0.05,0.027910043220276903,1.7914698162729659,1.7914698162729659,False
36,garment_group_name,"Under-, Nightwear",3,20,0.15,0.08475569555343931,1.7697925669835781,1.7697925669835781,False
36,product_type_name,Dress,4,20,0.2,0.11750054941029961,1.70211970074813,1.70211970074813,False
36,colour_group_name,Dark Grey,1,20,0.05,0.029375137352574902,1.70211970074813,1.70211970074813,False
36,perceived_colour_master_name,Metal,1,20,0.05,0.030254193831953703,1.6526634382566587,1.6526634382566587,False
36,product_group_name,Accessories,3,20,0.15,0.092300930334774,1.6251190476190476,1.6251190476190476,False
36,graphical_appearance_name,Melange,2,20,0.1,0.0617537176763607,1.6193357058125744,1.6193357058125744,False
36,product_type_name,Jacket,1,20,0.05,0.0312797597245623,1.5984777517564404,1.5984777517564404,False
36,section_name,Womens Tailoring,2,20,0.1,0.06343857592850341,1.5763279445727483,1.5763279445727483,False
36,garment_group_name,Accessories,3,20,0.15,0.0962566844919786,1.5583333333333333,1.5583333333333333,False
36,product_type_name,Bra,1,20,0.05,0.0326715991502454,1.5303811659192827,1.5303811659192827,False
36,index_group_name,Sport,1,20,0.05,0.033111127389934804,1.510066371681416,1.510066371681416,False
36,product_type_name,Skirt,1,20,0.05,0.033404146216394405,1.4968201754385966,1.4968201754385966,False
36,perceived_colour_master_name,Pink,2,20,0.1,0.06702805655263351,1.4919125683060108,1.4919125683060108,False
36,section_name,"Womens Nightwear, Socks & Tigh",1,20,0.05,0.034869240348692404,1.4339285714285714,1.4339285714285714,False
36,colour_group_name,Light Pink,1,20,0.05,0.036773862720679805,1.3596613545816734,1.3596613545816734,False
36,index_group_name,Ladieswear,15,20,0.75,0.5894806241301004,1.2723064496085497,1.2723064496085497,False
36,section_name,Womens Casual,1,20,0.05,0.039557541572046,1.2639814814814816,1.2639814814814816,False
36,section_name,Womens Everyday Collection,3,20,0.15,0.12218885063365321,1.2276079136690647,1.2276079136690647,False
36,perceived_colour_master_name,Beige,2,20,0.1,0.08482895026005421,1.1788428324697755,1.1788428324697755,False
36,garment_group_name,Trousers Denim,1,20,0.05,0.0430737674895612,1.1607993197278912,1.1607993197278912,False
36,department_name,Blouse,1,20,0.05,0.043293531609405904,1.154906937394247,1.154906937394247,False
36,department_name,Trouser,1,20,0.05,0.0446121163284741,1.1207717569786537,1.1207717569786537,False
36,product_type_name,Blouse,1,20,0.05,0.045344663394623105,1.1026655896607431,1.1026655896607431,False
36,section_name,Womens Lingerie,1,20,0.05,0.05765145410592631,0.8672808132147396,0.8672808132147396,False
36,perceived_colour_master_name,Blue,2,20,0.1,0.11933191707567212,0.8379987722529159,0.8379987722529159,False
36,department_name,Jersey,1,20,0.05,0.060801406490367006,0.8223493975903615,0.8223493975903615,False
36,product_type_name,Trousers,2,20,0.1,0.1310526701340561,0.7630519843487983,0.7630519843487983,False
36,garment_group_name,Knitwear,1,20,0.05,0.06695480184601861,0.7467724288840263,0.7467724288840263,False
36,product_group_name,Underwear,1,20,0.05,0.06768734891216761,0.7386904761904761,0.7386904761904761,False
36,product_group_name,Garment Lower body,3,20,0.15,0.2052596879349498,0.7307815845824411,0.7307815845824411,False
36,colour_group_name,Black,4,20,0.2,0.28027250750860744,0.7135912179822269,0.7135912179822269,False
36,graphical_appearance_name,Solid,8,20,0.4,0.5812760969892315,0.6881411468178954,0.6881411468178954,False
36,graphical_appearance_name,Denim,1,20,0.05,0.074719800747198,0.6691666666666668,0.6691666666666668,False
36,product_type_name,Sweater,1,20,0.05,0.0791883378507069,0.6314061054579094,0.6314061054579094,False
36,garment_group_name,Trousers,1,20,0.05,0.0825580543549923,0.6056344276841171,0.6056344276841171,False
36,garment_group_name,Blouses,1,20,0.05,0.0860742802725075,0.5808936170212766,0.5808936170212766,False
36,garment_group_name,Jersey Basic,1,20,0.05,0.09003003442971211,0.5553702196908056,0.5553702196908056,False
36,perceived_colour_master_name,Black,3,20,0.15,0.28173760164090544,0.5324102964118564,0.5324102964118564,False
36,colour_group_name,White,1,20,0.05,0.0960369203721339,0.5206331045003815,0.5206331045003815,False
36,product_group_name,Garment Upper body,4,20,0.2,0.38905574683173394,0.5140651478064395,0.5140651478064395,False
36,index_group_name,Menswear,1,20,0.05,0.10438795692623251,0.4789824561403509,0.4789824561403509,False
36,perceived_colour_master_name,White,1,20,0.05,0.12797597245623032,0.3906983400114482,0.3906983400114482,False
36,garment_group_name,Jersey Fancy,1,20,0.05,0.16672771225551242,0.299890158172232,0.299890158172232,False
37,department_name,Kids Boy Knitwear,1,20,0.05,0.0005127829463043,97.50714285714287,97.50714285714287,False
37,department_name,Young Girl UW/NW,1,20,0.05,0.0011720753058384,42.659375000000004,42.659375000000004,False
37,product_type_name,Hat/brim,1,20,0.05,0.0013185847190682002,37.919444444444444,37.919444444444444,False
37,department_name,Men Sport Tops,1,20,0.05,0.0020511317852172,24.376785714285717,24.376785714285717,False
37,product_type_name,Pyjama set,2,20,0.1,0.0054208482895026005,18.447297297297297,18.447297297297297,True
37,graphical_appearance_name,Mixed solid/pattern,1,20,0.05,0.0035162259175152005,14.219791666666667,14.219791666666667,False
37,department_name,Gloves/Hats,1,20,0.05,0.0035894806241301004,13.929591836734694,13.929591836734694,False
37,graphical_appearance_name,Treatment,1,20,0.05,0.003955754157204601,12.639814814814814,12.639814814814814,False
37,department_name,Baby basics,1,20,0.05,0.0042487729836642,11.768103448275864,11.768103448275864,False
37,department_name,Other items,1,20,0.05,0.0042487729836642,11.768103448275864,11.768103448275864,False
37,product_group_name,Nightwear,2,20,0.1,0.009669621273166801,10.341666666666667,10.341666666666667,True
37,section_name,Girls Underwear & Basics,1,20,0.05,0.004834810636583401,10.341666666666667,10.341666666666667,False
37,product_type_name,Garment Set,1,20,0.05,0.005127829463043,9.750714285714286,9.750714285714286,False
37,section_name,Kids Boy,1,20,0.05,0.0056406124093473006,8.864285714285716,8.864285714285716,False
37,section_name,Men H&M Sport,1,20,0.05,0.0057871218225771,8.63987341772152,8.63987341772152,False
37,department_name,Nightwear,1,20,0.05,0.006080140649036701,8.223493975903615,8.223493975903615,False
37,department_name,Functional Lingerie,1,20,0.05,0.006373159475496301,7.8454022988505745,7.8454022988505745,False
37,product_type_name,Other accessories,1,20,0.05,0.006959197128415501,7.184736842105264,7.184736842105264,False
37,department_name,Denim trousers,1,20,0.05,0.007984763021024101,6.261926605504587,6.261926605504587,False
37,section_name,Denim Men,1,20,0.05,0.0085708006739433,5.833760683760684,5.833760683760684,False
37,colour_group_name,Orange,1,20,0.05,0.008790564793788001,5.687916666666666,5.687916666666666,False
37,colour_group_name,Grey,3,20,0.15,0.031059995604717602,4.8293632075471695,4.8293632075471695,True
37,colour_group_name,Yellow,1,20,0.05,0.011354479525309501,4.403548387096774,4.403548387096774,False
37,graphical_appearance_name,Other structure,2,20,0.1,0.022855468463848803,4.375320512820513,4.375320512820513,False
37,department_name,Skirt,1,20,0.05,0.011647498351769101,4.292767295597485,4.292767295597485,False
37,department_name,Dress,3,20,0.15,0.035894806241301,4.178877551020408,4.178877551020408,False
37,graphical_appearance_name,Lace,1,20,0.05,0.012673064244377702,3.9453757225433526,3.9453757225433526,False
37,perceived_colour_master_name,Orange,2,20,0.1,0.0273972602739726,3.6500000000000004,3.6500000000000004,False
37,section_name,Womens Jackets,1,20,0.05,0.0136986301369863,3.6500000000000004,3.6500000000000004,False
37,product_type_name,Earring,1,20,0.05,0.014724196029594901,3.395771144278607,3.395771144278607,False
37,colour_group_name,Light Orange,1,20,0.05,0.014724196029594901,3.395771144278607,3.395771144278607,False
37,department_name,Outwear,1,20,0.05,0.0150172148560545,3.3295121951219517,3.3295121951219517,False
37,colour_group_name,Blue,2,20,0.1,0.033330891509779505,3.0002197802197803,3.0002197802197803,False
37,product_type_name,Swimwear bottom,1,20,0.05,0.016702073108197203,2.993640350877193,2.993640350877193,False
37,garment_group_name,Outdoor,2,20,0.1,0.033697165042854006,2.967608695652174,2.967608695652174,False
37,product_type_name,Bikini top,1,20,0.05,0.0171416013478866,2.916880341880342,2.916880341880342,False
37,section_name,Baby Essentials & Complements,1,20,0.05,0.017727639000805803,2.8204545454545453,2.8204545454545453,False
37,perceived_colour_master_name,Grey,4,20,0.2,0.07113032012306791,2.8117404737384137,2.8117404737384137,False
37,section_name,"Womens Swimwear, beachwear",2,20,0.1,0.0374331550802139,2.6714285714285717,2.6714285714285717,False
37,colour_group_name,Yellowish Brown,1,20,0.05,0.0187532048934144,2.6662109375000003,2.6662109375000003,False
37,garment_group_name,Swimwear,2,20,0.1,0.038531975679437405,2.5952471482889736,2.5952471482889736,False
37,department_name,Swimwear,2,20,0.1,0.038531975679437405,2.5952471482889736,2.5952471482889736,False
37,garment_group_name,Skirts,1,20,0.05,0.0195590066661783,2.556367041198502,2.556367041198502,False
37,product_group_name,Swimwear,2,20,0.1,0.0397773056918907,2.513996316758748,2.513996316758748,False
37,section_name,Womens Big accessories,1,20,0.05,0.019925280199252802,2.5093750000000004,2.5093750000000004,False
37,product_type_name,Hoodie,1,20,0.05,0.0206578272654018,2.420390070921986,2.420390070921986,False
37,colour_group_name,Pink,1,20,0.05,0.021024100798476303,2.3782229965156794,2.3782229965156794,False
37,colour_group_name,Gold,1,20,0.05,0.021829902571240203,2.290436241610738,2.290436241610738,False
37,garment_group_name,Dresses Ladies,3,20,0.15,0.06651527360632921,2.2551211453744493,2.2551211453744493,False
37,index_group_name,Baby/Children,3,20,0.15,0.06680829243278881,2.2452302631578944,2.2452302631578944,False
37,perceived_colour_master_name,Yellow,1,20,0.05,0.022635704344004103,2.2088996763754047,2.2088996763754047,False
37,colour_group_name,Beige,2,20,0.1,0.04585744634092741,2.1806709265175717,2.1806709265175717,False
37,department_name,Jewellery,1,20,0.05,0.0230752325836935,2.166825396825397,2.166825396825397,False
37,section_name,Mama,1,20,0.05,0.023294996703538202,2.1463836477987424,2.1463836477987424,False
37,section_name,Womens Small accessories,2,20,0.1,0.0514248040436598,1.9445868945868947,1.9445868945868947,False
37,product_group_name,Garment Full body,5,20,0.25,0.1304666324811369,1.9161987647389107,1.9161987647389107,False
37,perceived_colour_master_name,Brown,1,20,0.05,0.026151930261519303,1.911904761904762,1.911904761904762,False
37,graphical_appearance_name,All over pattern,4,20,0.2,0.10709838107098381,1.8674418604651164,1.8674418604651164,False
37,perceived_colour_master_name,Green,1,20,0.05,0.027910043220276903,1.7914698162729659,1.7914698162729659,False
37,garment_group_name,"Under-, Nightwear",3,20,0.15,0.08475569555343931,1.7697925669835781,1.7697925669835781,False
37,product_type_name,Dress,4,20,0.2,0.11750054941029961,1.70211970074813,1.70211970074813,False
37,colour_group_name,Dark Grey,1,20,0.05,0.029375137352574902,1.70211970074813,1.70211970074813,False
37,perceived_colour_master_name,Metal,1,20,0.05,0.030254193831953703,1.6526634382566587,1.6526634382566587,False
37,product_group_name,Accessories,3,20,0.15,0.092300930334774,1.6251190476190476,1.6251190476190476,False
37,graphical_appearance_name,Melange,2,20,0.1,0.0617537176763607,1.6193357058125744,1.6193357058125744,False
37,product_type_name,Jacket,1,20,0.05,0.0312797597245623,1.5984777517564404,1.5984777517564404,False
37,section_name,Womens Tailoring,2,20,0.1,0.06343857592850341,1.5763279445727483,1.5763279445727483,False
37,garment_group_name,Accessories,3,20,0.15,0.0962566844919786,1.5583333333333333,1.5583333333333333,False
37,product_type_name,Bra,1,20,0.05,0.0326715991502454,1.5303811659192827,1.5303811659192827,False
37,index_group_name,Sport,1,20,0.05,0.033111127389934804,1.510066371681416,1.510066371681416,False
37,product_type_name,Skirt,1,20,0.05,0.033404146216394405,1.4968201754385966,1.4968201754385966,False
37,perceived_colour_master_name,Pink,2,20,0.1,0.06702805655263351,1.4919125683060108,1.4919125683060108,False
37,section_name,"Womens Nightwear, Socks & Tigh",1,20,0.05,0.034869240348692404,1.4339285714285714,1.4339285714285714,False
37,colour_group_name,Light Pink,1,20,0.05,0.036773862720679805,1.3596613545816734,1.3596613545816734,False
37,index_group_name,Ladieswear,15,20,0.75,0.5894806241301004,1.2723064496085497,1.2723064496085497,False
37,section_name,Womens Casual,1,20,0.05,0.039557541572046,1.2639814814814816,1.2639814814814816,False
37,section_name,Womens Everyday Collection,3,20,0.15,0.12218885063365321,1.2276079136690647,1.2276079136690647,False
37,perceived_colour_master_name,Beige,2,20,0.1,0.08482895026005421,1.1788428324697755,1.1788428324697755,False
37,garment_group_name,Trousers Denim,1,20,0.05,0.0430737674895612,1.1607993197278912,1.1607993197278912,False
37,department_name,Blouse,1,20,0.05,0.043293531609405904,1.154906937394247,1.154906937394247,False
37,department_name,Trouser,1,20,0.05,0.0446121163284741,1.1207717569786537,1.1207717569786537,False
37,product_type_name,Blouse,1,20,0.05,0.045344663394623105,1.1026655896607431,1.1026655896607431,False
37,section_name,Womens Lingerie,1,20,0.05,0.05765145410592631,0.8672808132147396,0.8672808132147396,False
37,perceived_colour_master_name,Blue,2,20,0.1,0.11933191707567212,0.8379987722529159,0.8379987722529159,False
37,department_name,Jersey,1,20,0.05,0.060801406490367006,0.8223493975903615,0.8223493975903615,False
37,product_type_name,Trousers,2,20,0.1,0.1310526701340561,0.7630519843487983,0.7630519843487983,False
37,garment_group_name,Knitwear,1,20,0.05,0.06695480184601861,0.7467724288840263,0.7467724288840263,False
37,product_group_name,Underwear,1,20,0.05,0.06768734891216761,0.7386904761904761,0.7386904761904761,False
37,product_group_name,Garment Lower body,3,20,0.15,0.2052596879349498,0.7307815845824411,0.7307815845824411,False
37,colour_group_name,Black,4,20,0.2,0.28027250750860744,0.7135912179822269,0.7135912179822269,False
37,graphical_appearance_name,Solid,8,20,0.4,0.5812760969892315,0.6881411468178954,0.6881411468178954,False
37,graphical_appearance_name,Denim,1,20,0.05,0.074719800747198,0.6691666666666668,0.6691666666666668,False
37,product_type_name,Sweater,1,20,0.05,0.0791883378507069,0.6314061054579094,0.6314061054579094,False
37,garment_group_name,Trousers,1,20,0.05,0.0825580543549923,0.6056344276841171,0.6056344276841171,False
37,garment_group_name,Blouses,1,20,0.05,0.0860742802725075,0.5808936170212766,0.5808936170212766,False
37,garment_group_name,Jersey Basic,1,20,0.05,0.09003003442971211,0.5553702196908056,0.5553702196908056,False
37,perceived_colour_master_name,Black,3,20,0.15,0.28173760164090544,0.5324102964118564,0.5324102964118564,False
37,colour_group_name,White,1,20,0.05,0.0960369203721339,0.5206331045003815,0.5206331045003815,False
37,product_group_name,Garment Upper body,4,20,0.2,0.38905574683173394,0.5140651478064395,0.5140651478064395,False
37,index_group_name,Menswear,1,20,0.05,0.10438795692623251,0.4789824561403509,0.4789824561403509,False
37,perceived_colour_master_name,White,1,20,0.05,0.12797597245623032,0.3906983400114482,0.3906983400114482,False
37,garment_group_name,Jersey Fancy,1,20,0.05,0.16672771225551242,0.299890158172232,0.299890158172232,False
38,department_name,Kids Boy Knitwear,1,20,0.05,0.0005127829463043,97.50714285714287,97.50714285714287,False
38,department_name,Young Girl UW/NW,1,20,0.05,0.0011720753058384,42.659375000000004,42.659375000000004,False
38,product_type_name,Hat/brim,1,20,0.05,0.0013185847190682002,37.919444444444444,37.919444444444444,False
38,department_name,Men Sport Tops,1,20,0.05,0.0020511317852172,24.376785714285717,24.376785714285717,False
38,product_type_name,Pyjama set,2,20,0.1,0.0054208482895026005,18.447297297297297,18.447297297297297,True
38,graphical_appearance_name,Mixed solid/pattern,1,20,0.05,0.0035162259175152005,14.219791666666667,14.219791666666667,False
38,department_name,Gloves/Hats,1,20,0.05,0.0035894806241301004,13.929591836734694,13.929591836734694,False
38,graphical_appearance_name,Treatment,1,20,0.05,0.003955754157204601,12.639814814814814,12.639814814814814,False
38,department_name,Baby basics,1,20,0.05,0.0042487729836642,11.768103448275864,11.768103448275864,False
38,department_name,Other items,1,20,0.05,0.0042487729836642,11.768103448275864,11.768103448275864,False
38,product_group_name,Nightwear,2,20,0.1,0.009669621273166801,10.341666666666667,10.341666666666667,True
38,section_name,Girls Underwear & Basics,1,20,0.05,0.004834810636583401,10.341666666666667,10.341666666666667,False
38,product_type_name,Garment Set,1,20,0.05,0.005127829463043,9.750714285714286,9.750714285714286,False
38,section_name,Kids Boy,1,20,0.05,0.0056406124093473006,8.864285714285716,8.864285714285716,False
38,section_name,Men H&M Sport,1,20,0.05,0.0057871218225771,8.63987341772152,8.63987341772152,False
38,department_name,Nightwear,1,20,0.05,0.006080140649036701,8.223493975903615,8.223493975903615,False
38,department_name,Functional Lingerie,1,20,0.05,0.006373159475496301,7.8454022988505745,7.8454022988505745,False
38,product_type_name,Other accessories,1,20,0.05,0.006959197128415501,7.184736842105264,7.184736842105264,False
38,department_name,Denim trousers,1,20,0.05,0.007984763021024101,6.261926605504587,6.261926605504587,False
38,section_name,Denim Men,1,20,0.05,0.0085708006739433,5.833760683760684,5.833760683760684,False
38,colour_group_name,Orange,1,20,0.05,0.008790564793788001,5.687916666666666,5.687916666666666,False
38,colour_group_name,Grey,3,20,0.15,0.031059995604717602,4.8293632075471695,4.8293632075471695,True
38,colour_group_name,Yellow,1,20,0.05,0.011354479525309501,4.403548387096774,4.403548387096774,False
38,graphical_appearance_name,Other structure,2,20,0.1,0.022855468463848803,4.375320512820513,4.375320512820513,False
38,department_name,Skirt,1,20,0.05,0.011647498351769101,4.292767295597485,4.292767295597485,False
38,department_name,Dress,3,20,0.15,0.035894806241301,4.178877551020408,4.178877551020408,False
38,graphical_appearance_name,Lace,1,20,0.05,0.012673064244377702,3.9453757225433526,3.9453757225433526,False
38,perceived_colour_master_name,Orange,2,20,0.1,0.0273972602739726,3.6500000000000004,3.6500000000000004,False
38,section_name,Womens Jackets,1,20,0.05,0.0136986301369863,3.6500000000000004,3.6500000000000004,False
38,product_type_name,Earring,1,20,0.05,0.014724196029594901,3.395771144278607,3.395771144278607,False
38,colour_group_name,Light Orange,1,20,0.05,0.014724196029594901,3.395771144278607,3.395771144278607,False
38,department_name,Outwear,1,20,0.05,0.0150172148560545,3.3295121951219517,3.3295121951219517,False
38,colour_group_name,Blue,2,20,0.1,0.033330891509779505,3.0002197802197803,3.0002197802197803,False
38,product_type_name,Swimwear bottom,1,20,0.05,0.016702073108197203,2.993640350877193,2.993640350877193,False
38,garment_group_name,Outdoor,2,20,0.1,0.033697165042854006,2.967608695652174,2.967608695652174,False
38,product_type_name,Bikini top,1,20,0.05,0.0171416013478866,2.916880341880342,2.916880341880342,False
38,section_name,Baby Essentials & Complements,1,20,0.05,0.017727639000805803,2.8204545454545453,2.8204545454545453,False
38,perceived_colour_master_name,Grey,4,20,0.2,0.07113032012306791,2.8117404737384137,2.8117404737384137,False
38,section_name,"Womens Swimwear, beachwear",2,20,0.1,0.0374331550802139,2.6714285714285717,2.6714285714285717,False
38,colour_group_name,Yellowish Brown,1,20,0.05,0.0187532048934144,2.6662109375000003,2.6662109375000003,False
38,garment_group_name,Swimwear,2,20,0.1,0.038531975679437405,2.5952471482889736,2.5952471482889736,False
38,department_name,Swimwear,2,20,0.1,0.038531975679437405,2.5952471482889736,2.5952471482889736,False
38,garment_group_name,Skirts,1,20,0.05,0.0195590066661783,2.556367041198502,2.556367041198502,False
38,product_group_name,Swimwear,2,20,0.1,0.0397773056918907,2.513996316758748,2.513996316758748,False
38,section_name,Womens Big accessories,1,20,0.05,0.019925280199252802,2.5093750000000004,2.5093750000000004,False
38,product_type_name,Hoodie,1,20,0.05,0.0206578272654018,2.420390070921986,2.420390070921986,False
38,colour_group_name,Pink,1,20,0.05,0.021024100798476303,2.3782229965156794,2.3782229965156794,False
38,colour_group_name,Gold,1,20,0.05,0.021829902571240203,2.290436241610738,2.290436241610738,False
38,garment_group_name,Dresses Ladies,3,20,0.15,0.06651527360632921,2.2551211453744493,2.2551211453744493,False
38,index_group_name,Baby/Children,3,20,0.15,0.06680829243278881,2.2452302631578944,2.2452302631578944,False
38,perceived_colour_master_name,Yellow,1,20,0.05,0.022635704344004103,2.2088996763754047,2.2088996763754047,False
38,colour_group_name,Beige,2,20,0.1,0.04585744634092741,2.1806709265175717,2.1806709265175717,False
38,department_name,Jewellery,1,20,0.05,0.0230752325836935,2.166825396825397,2.166825396825397,False
38,section_name,Mama,1,20,0.05,0.023294996703538202,2.1463836477987424,2.1463836477987424,False
38,section_name,Womens Small accessories,2,20,0.1,0.0514248040436598,1.9445868945868947,1.9445868945868947,False
38,product_group_name,Garment Full body,5,20,0.25,0.1304666324811369,1.9161987647389107,1.9161987647389107,False
38,perceived_colour_master_name,Brown,1,20,0.05,0.026151930261519303,1.911904761904762,1.911904761904762,False
38,graphical_appearance_name,All over pattern,4,20,0.2,0.10709838107098381,1.8674418604651164,1.8674418604651164,False
38,perceived_colour_master_name,Green,1,20,0.05,0.027910043220276903,1.7914698162729659,1.7914698162729659,False
38,garment_group_name,"Under-, Nightwear",3,20,0.15,0.08475569555343931,1.7697925669835781,1.7697925669835781,False
38,product_type_name,Dress,4,20,0.2,0.11750054941029961,1.70211970074813,1.70211970074813,False
38,colour_group_name,Dark Grey,1,20,0.05,0.029375137352574902,1.70211970074813,1.70211970074813,False
38,perceived_colour_master_name,Metal,1,20,0.05,0.030254193831953703,1.6526634382566587,1.6526634382566587,False
38,product_group_name,Accessories,3,20,0.15,0.092300930334774,1.6251190476190476,1.6251190476190476,False
38,graphical_appearance_name,Melange,2,20,0.1,0.0617537176763607,1.6193357058125744,1.6193357058125744,False
38,product_type_name,Jacket,1,20,0.05,0.0312797597245623,1.5984777517564404,1.5984777517564404,False
38,section_name,Womens Tailoring,2,20,0.1,0.06343857592850341,1.5763279445727483,1.5763279445727483,False
38,garment_group_name,Accessories,3,20,0.15,0.0962566844919786,1.5583333333333333,1.5583333333333333,False
38,product_type_name,Bra,1,20,0.05,0.0326715991502454,1.5303811659192827,1.5303811659192827,False
38,index_group_name,Sport,1,20,0.05,0.033111127389934804,1.510066371681416,1.510066371681416,False
38,product_type_name,Skirt,1,20,0.05,0.033404146216394405,1.4968201754385966,1.4968201754385966,False
38,perceived_colour_master_name,Pink,2,20,0.1,0.06702805655263351,1.4919125683060108,1.4919125683060108,False
38,section_name,"Womens Nightwear, Socks & Tigh",1,20,0.05,0.034869240348692404,1.4339285714285714,1.4339285714285714,False
38,colour_group_name,Light Pink,1,20,0.05,0.036773862720679805,1.3596613545816734,1.3596613545816734,False
38,index_group_name,Ladieswear,15,20,0.75,0.5894806241301004,1.2723064496085497,1.2723064496085497,False
38,section_name,Womens Casual,1,20,0.05,0.039557541572046,1.2639814814814816,1.2639814814814816,False
38,section_name,Womens Everyday Collection,3,20,0.15,0.12218885063365321,1.2276079136690647,1.2276079136690647,False
38,perceived_colour_master_name,Beige,2,20,0.1,0.08482895026005421,1.1788428324697755,1.1788428324697755,False
38,garment_group_name,Trousers Denim,1,20,0.05,0.0430737674895612,1.1607993197278912,1.1607993197278912,False
38,department_name,Blouse,1,20,0.05,0.043293531609405904,1.154906937394247,1.154906937394247,False
38,department_name,Trouser,1,20,0.05,0.0446121163284741,1.1207717569786537,1.1207717569786537,False
38,product_type_name,Blouse,1,20,0.05,0.045344663394623105,1.1026655896607431,1.1026655896607431,False
38,section_name,Womens Lingerie,1,20,0.05,0.05765145410592631,0.8672808132147396,0.8672808132147396,False
38,perceived_colour_master_name,Blue,2,20,0.1,0.11933191707567212,0.8379987722529159,0.8379987722529159,False
38,department_name,Jersey,1,20,0.05,0.060801406490367006,0.8223493975903615,0.8223493975903615,False
38,product_type_name,Trousers,2,20,0.1,0.1310526701340561,0.7630519843487983,0.7630519843487983,False
38,garment_group_name,Knitwear,1,20,0.05,0.06695480184601861,0.7467724288840263,0.7467724288840263,False
38,product_group_name,Underwear,1,20,0.05,0.06768734891216761,0.7386904761904761,0.7386904761904761,False
38,product_group_name,Garment Lower body,3,20,0.15,0.2052596879349498,0.7307815845824411,0.7307815845824411,False
38,colour_group_name,Black,4,20,0.2,0.28027250750860744,0.7135912179822269,0.7135912179822269,False
38,graphical_appearance_name,Solid,8,20,0.4,0.5812760969892315,0.6881411468178954,0.6881411468178954,False
38,graphical_appearance_name,Denim,1,20,0.05,0.074719800747198,0.6691666666666668,0.6691666666666668,False
38,product_type_name,Sweater,1,20,0.05,0.0791883378507069,0.6314061054579094,0.6314061054579094,False
38,garment_group_name,Trousers,1,20,0.05,0.0825580543549923,0.6056344276841171,0.6056344276841171,False
38,garment_group_name,Blouses,1,20,0.05,0.0860742802725075,0.5808936170212766,0.5808936170212766,False
38,garment_group_name,Jersey Basic,1,20,0.05,0.09003003442971211,0.5553702196908056,0.5553702196908056,False
38,perceived_colour_master_name,Black,3,20,0.15,0.28173760164090544,0.5324102964118564,0.5324102964118564,False
38,colour_group_name,White,1,20,0.05,0.0960369203721339,0.5206331045003815,0.5206331045003815,False
38,product_group_name,Garment Upper body,4,20,0.2,0.38905574683173394,0.5140651478064395,0.5140651478064395,False
38,index_group_name,Menswear,1,20,0.05,0.10438795692623251,0.4789824561403509,0.4789824561403509,False
38,perceived_colour_master_name,White,1,20,0.05,0.12797597245623032,0.3906983400114482,0.3906983400114482,False
38,garment_group_name,Jersey Fancy,1,20,0.05,0.16672771225551242,0.299890158172232,0.299890158172232,False
39,department_name,Kids Boy Knitwear,1,20,0.05,0.0005127829463043,97.50714285714287,97.50714285714287,False
39,department_name,Young Girl UW/NW,1,20,0.05,0.0011720753058384,42.659375000000004,42.659375000000004,False
39,product_type_name,Hat/brim,1,20,0.05,0.0013185847190682002,37.919444444444444,37.919444444444444,False
39,department_name,Men Sport Tops,1,20,0.05,0.0020511317852172,24.376785714285717,24.376785714285717,False
39,product_type_name,Pyjama set,2,20,0.1,0.0054208482895026005,18.447297297297297,18.447297297297297,True
39,graphical_appearance_name,Mixed solid/pattern,1,20,0.05,0.0035162259175152005,14.219791666666667,14.219791666666667,False
39,department_name,Gloves/Hats,1,20,0.05,0.0035894806241301004,13.929591836734694,13.929591836734694,False
39,graphical_appearance_name,Treatment,1,20,0.05,0.003955754157204601,12.639814814814814,12.639814814814814,False
39,department_name,Baby basics,1,20,0.05,0.0042487729836642,11.768103448275864,11.768103448275864,False
39,department_name,Other items,1,20,0.05,0.0042487729836642,11.768103448275864,11.768103448275864,False
39,product_group_name,Nightwear,2,20,0.1,0.009669621273166801,10.341666666666667,10.341666666666667,True
39,section_name,Girls Underwear & Basics,1,20,0.05,0.004834810636583401,10.341666666666667,10.341666666666667,False
39,product_type_name,Garment Set,1,20,0.05,0.005127829463043,9.750714285714286,9.750714285714286,False
39,section_name,Kids Boy,1,20,0.05,0.0056406124093473006,8.864285714285716,8.864285714285716,False
39,section_name,Men H&M Sport,1,20,0.05,0.0057871218225771,8.63987341772152,8.63987341772152,False
39,department_name,Nightwear,1,20,0.05,0.006080140649036701,8.223493975903615,8.223493975903615,False
39,department_name,Functional Lingerie,1,20,0.05,0.006373159475496301,7.8454022988505745,7.8454022988505745,False
39,product_type_name,Other accessories,1,20,0.05,0.006959197128415501,7.184736842105264,7.184736842105264,False
39,department_name,Denim trousers,1,20,0.05,0.007984763021024101,6.261926605504587,6.261926605504587,False
39,section_name,Denim Men,1,20,0.05,0.0085708006739433,5.833760683760684,5.833760683760684,False
39,colour_group_name,Orange,1,20,0.05,0.008790564793788001,5.687916666666666,5.687916666666666,False
39,colour_group_name,Grey,3,20,0.15,0.031059995604717602,4.8293632075471695,4.8293632075471695,True
39,colour_group_name,Yellow,1,20,0.05,0.011354479525309501,4.403548387096774,4.403548387096774,False
39,graphical_appearance_name,Other structure,2,20,0.1,0.022855468463848803,4.375320512820513,4.375320512820513,False
39,department_name,Skirt,1,20,0.05,0.011647498351769101,4.292767295597485,4.292767295597485,False
39,department_name,Dress,3,20,0.15,0.035894806241301,4.178877551020408,4.178877551020408,False
39,graphical_appearance_name,Lace,1,20,0.05,0.012673064244377702,3.9453757225433526,3.9453757225433526,False
39,perceived_colour_master_name,Orange,2,20,0.1,0.0273972602739726,3.6500000000000004,3.6500000000000004,False
39,section_name,Womens Jackets,1,20,0.05,0.0136986301369863,3.6500000000000004,3.6500000000000004,False
39,product_type_name,Earring,1,20,0.05,0.014724196029594901,3.395771144278607,3.395771144278607,False
39,colour_group_name,Light Orange,1,20,0.05,0.014724196029594901,3.395771144278607,3.395771144278607,False
39,department_name,Outwear,1,20,0.05,0.0150172148560545,3.3295121951219517,3.3295121951219517,False
39,colour_group_name,Blue,2,20,0.1,0.033330891509779505,3.0002197802197803,3.0002197802197803,False
39,product_type_name,Swimwear bottom,1,20,0.05,0.016702073108197203,2.993640350877193,2.993640350877193,False
39,garment_group_name,Outdoor,2,20,0.1,0.033697165042854006,2.967608695652174,2.967608695652174,False
39,product_type_name,Bikini top,1,20,0.05,0.0171416013478866,2.916880341880342,2.916880341880342,False
39,section_name,Baby Essentials & Complements,1,20,0.05,0.017727639000805803,2.8204545454545453,2.8204545454545453,False
39,perceived_colour_master_name,Grey,4,20,0.2,0.07113032012306791,2.8117404737384137,2.8117404737384137,False
39,section_name,"Womens Swimwear, beachwear",2,20,0.1,0.0374331550802139,2.6714285714285717,2.6714285714285717,False
39,colour_group_name,Yellowish Brown,1,20,0.05,0.0187532048934144,2.6662109375000003,2.6662109375000003,False
39,garment_group_name,Swimwear,2,20,0.1,0.038531975679437405,2.5952471482889736,2.5952471482889736,False
39,department_name,Swimwear,2,20,0.1,0.038531975679437405,2.5952471482889736,2.5952471482889736,False
39,garment_group_name,Skirts,1,20,0.05,0.0195590066661783,2.556367041198502,2.556367041198502,False
39,product_group_name,Swimwear,2,20,0.1,0.0397773056918907,2.513996316758748,2.513996316758748,False
39,section_name,Womens Big accessories,1,20,0.05,0.019925280199252802,2.5093750000000004,2.5093750000000004,False
39,product_type_name,Hoodie,1,20,0.05,0.0206578272654018,2.420390070921986,2.420390070921986,False
39,colour_group_name,Pink,1,20,0.05,0.021024100798476303,2.3782229965156794,2.3782229965156794,False
39,colour_group_name,Gold,1,20,0.05,0.021829902571240203,2.290436241610738,2.290436241610738,False
39,garment_group_name,Dresses Ladies,3,20,0.15,0.06651527360632921,2.2551211453744493,2.2551211453744493,False
39,index_group_name,Baby/Children,3,20,0.15,0.06680829243278881,2.2452302631578944,2.2452302631578944,False
39,perceived_colour_master_name,Yellow,1,20,0.05,0.022635704344004103,2.2088996763754047,2.2088996763754047,False
39,colour_group_name,Beige,2,20,0.1,0.04585744634092741,2.1806709265175717,2.1806709265175717,False
39,department_name,Jewellery,1,20,0.05,0.0230752325836935,2.166825396825397,2.166825396825397,False
39,section_name,Mama,1,20,0.05,0.023294996703538202,2.1463836477987424,2.1463836477987424,False
39,section_name,Womens Small accessories,2,20,0.1,0.0514248040436598,1.9445868945868947,1.9445868945868947,False
39,product_group_name,Garment Full body,5,20,0.25,0.1304666324811369,1.9161987647389107,1.9161987647389107,False
39,perceived_colour_master_name,Brown,1,20,0.05,0.026151930261519303,1.911904761904762,1.911904761904762,False
39,graphical_appearance_name,All over pattern,4,20,0.2,0.10709838107098381,1.8674418604651164,1.8674418604651164,False
39,perceived_colour_master_name,Green,1,20,0.05,0.027910043220276903,1.7914698162729659,1.7914698162729659,False
39,garment_group_name,"Under-, Nightwear",3,20,0.15,0.08475569555343931,1.7697925669835781,1.7697925669835781,False
39,product_type_name,Dress,4,20,0.2,0.11750054941029961,1.70211970074813,1.70211970074813,False
39,colour_group_name,Dark Grey,1,20,0.05,0.029375137352574902,1.70211970074813,1.70211970074813,False
39,perceived_colour_master_name,Metal,1,20,0.05,0.030254193831953703,1.6526634382566587,1.6526634382566587,False
39,product_group_name,Accessories,3,20,0.15,0.092300930334774,1.6251190476190476,1.6251190476190476,False
39,graphical_appearance_name,Melange,2,20,0.1,0.0617537176763607,1.6193357058125744,1.6193357058125744,False
39,product_type_name,Jacket,1,20,0.05,0.0312797597245623,1.5984777517564404,1.5984777517564404,False
39,section_name,Womens Tailoring,2,20,0.1,0.06343857592850341,1.5763279445727483,1.5763279445727483,False
39,garment_group_name,Accessories,3,20,0.15,0.0962566844919786,1.5583333333333333,1.5583333333333333,False
39,product_type_name,Bra,1,20,0.05,0.0326715991502454,1.5303811659192827,1.5303811659192827,False
39,index_group_name,Sport,1,20,0.05,0.033111127389934804,1.510066371681416,1.510066371681416,False
39,product_type_name,Skirt,1,20,0.05,0.033404146216394405,1.4968201754385966,1.4968201754385966,False
39,perceived_colour_master_name,Pink,2,20,0.1,0.06702805655263351,1.4919125683060108,1.4919125683060108,False
39,section_name,"Womens Nightwear, Socks & Tigh",1,20,0.05,0.034869240348692404,1.4339285714285714,1.4339285714285714,False
39,colour_group_name,Light Pink,1,20,0.05,0.036773862720679805,1.3596613545816734,1.3596613545816734,False
39,index_group_name,Ladieswear,15,20,0.75,0.5894806241301004,1.2723064496085497,1.2723064496085497,False
39,section_name,Womens Casual,1,20,0.05,0.039557541572046,1.2639814814814816,1.2639814814814816,False
39,section_name,Womens Everyday Collection,3,20,0.15,0.12218885063365321,1.2276079136690647,1.2276079136690647,False
39,perceived_colour_master_name,Beige,2,20,0.1,0.08482895026005421,1.1788428324697755,1.1788428324697755,False
39,garment_group_name,Trousers Denim,1,20,0.05,0.0430737674895612,1.1607993197278912,1.1607993197278912,False
39,department_name,Blouse,1,20,0.05,0.043293531609405904,1.154906937394247,1.154906937394247,False
39,department_name,Trouser,1,20,0.05,0.0446121163284741,1.1207717569786537,1.1207717569786537,False
39,product_type_name,Blouse,1,20,0.05,0.045344663394623105,1.1026655896607431,1.1026655896607431,False
39,section_name,Womens Lingerie,1,20,0.05,0.05765145410592631,0.8672808132147396,0.8672808132147396,False
39,perceived_colour_master_name,Blue,2,20,0.1,0.11933191707567212,0.8379987722529159,0.8379987722529159,False
39,department_name,Jersey,1,20,0.05,0.060801406490367006,0.8223493975903615,0.8223493975903615,False
39,product_type_name,Trousers,2,20,0.1,0.1310526701340561,0.7630519843487983,0.7630519843487983,False
39,garment_group_name,Knitwear,1,20,0.05,0.06695480184601861,0.7467724288840263,0.7467724288840263,False
39,product_group_name,Underwear,1,20,0.05,0.06768734891216761,0.7386904761904761,0.7386904761904761,False
39,product_group_name,Garment Lower body,3,20,0.15,0.2052596879349498,0.7307815845824411,0.7307815845824411,False
39,colour_group_name,Black,4,20,0.2,0.28027250750860744,0.7135912179822269,0.7135912179822269,False
39,graphical_appearance_name,Solid,8,20,0.4,0.5812760969892315,0.6881411468178954,0.6881411468178954,False
39,graphical_appearance_name,Denim,1,20,0.05,0.074719800747198,0.6691666666666668,0.6691666666666668,False
39,product_type_name,Sweater,1,20,0.05,0.0791883378507069,0.6314061054579094,0.6314061054579094,False
39,garment_group_name,Trousers,1,20,0.05,0.0825580543549923,0.6056344276841171,0.6056344276841171,False
39,garment_group_name,Blouses,1,20,0.05,0.0860742802725075,0.5808936170212766,0.5808936170212766,False
39,garment_group_name,Jersey Basic,1,20,0.05,0.09003003442971211,0.5553702196908056,0.5553702196908056,False
39,perceived_colour_master_name,Black,3,20,0.15,0.28173760164090544,0.5324102964118564,0.5324102964118564,False
39,colour_group_name,White,1,20,0.05,0.0960369203721339,0.5206331045003815,0.5206331045003815,False
39,product_group_name,Garment Upper body,4,20,0.2,0.38905574683173394,0.5140651478064395,0.5140651478064395,False
39,index_group_name,Menswear,1,20,0.05,0.10438795692623251,0.4789824561403509,0.4789824561403509,False
39,perceived_colour_master_name,White,1,20,0.05,0.12797597245623032,0.3906983400114482,0.3906983400114482,False
39,garment_group_name,Jersey Fancy,1,20,0.05,0.16672771225551242,0.299890158172232,0.299890158172232,False
40,department_name,Loungewear,4,20,0.2,0.009596366566551901,20.8412213740458,20.8412213740458,True
40,product_type_name,Pyjama bottom,1,20,0.05,0.0025639147315215,19.501428571428573,19.501428571428573,False
40,department_name,Ladies Sport Bottoms,2,20,0.1,0.0068859424218006005,14.522340425531917,14.522340425531917,True
40,department_name,Shopbasket Socks,1,20,0.05,0.0044685371035089,11.189344262295084,11.189344262295084,False
40,product_type_name,Unknown,1,20,0.05,0.006080140649036701,8.223493975903615,8.223493975903615,False
40,product_group_name,Unknown,1,20,0.05,0.006080140649036701,8.223493975903615,8.223493975903615,False
40,section_name,"Womens Nightwear, Socks & Tigh",5,20,0.25,0.034869240348692404,7.169642857142857,7.169642857142857,True
40,department_name,Tops Knitwear,2,20,0.1,0.014357922496520402,6.964795918367347,6.964795918367347,False
40,department_name,Jersey Basic,3,20,0.15,0.026737967914438502,5.61,5.61,False
40,section_name,Womens Everyday Basics,3,20,0.15,0.027177496154127904,5.519272237196765,5.519272237196765,False
40,product_type_name,Leggings/Tights,2,20,0.1,0.018313676653725002,5.4604,5.4604,False
40,product_group_name,Nightwear,1,20,0.05,0.009669621273166801,5.170833333333333,5.170833333333333,False
40,colour_group_name,Green,1,20,0.05,0.009742875979781702,5.131954887218045,5.131954887218045,False
40,product_type_name,Hoodie,2,20,0.1,0.0206578272654018,4.840780141843972,4.840780141843972,False
40,colour_group_name,Light Beige,4,20,0.2,0.0478353234195297,4.181010719754978,4.181010719754978,False
40,section_name,Ladies H&M Sport,2,20,0.1,0.0265182037945938,3.770994475138122,3.770994475138122,False
40,section_name,Womens Jackets,1,20,0.05,0.0136986301369863,3.6500000000000004,3.6500000000000004,False
40,department_name,Basic 1,2,20,0.1,0.029228627939345102,3.4213032581453637,3.4213032581453637,False
40,graphical_appearance_name,Placement print,1,20,0.05,0.014650941322980001,3.4127500000000004,3.4127500000000004,False
40,department_name,Outwear,1,20,0.05,0.0150172148560545,3.3295121951219517,3.3295121951219517,False
40,product_type_name,Sweater,5,20,0.25,0.0791883378507069,3.157030527289547,3.157030527289547,False
40,section_name,Divided Basics,2,20,0.1,0.03208556149732621,3.1166666666666667,3.1166666666666667,False
40,department_name,Trousers,1,20,0.05,0.0164823089883525,3.0335555555555556,3.0335555555555556,False
40,index_group_name,Sport,2,20,0.1,0.033111127389934804,3.020132743362832,3.020132743362832,False
40,garment_group_name,Knitwear,4,20,0.2,0.06695480184601861,2.987089715536105,2.987089715536105,False
40,department_name,Denim Trousers,1,20,0.05,0.0171416013478866,2.916880341880342,2.916880341880342,False
40,garment_group_name,Jersey Basic,5,20,0.25,0.09003003442971211,2.7768510984540278,2.7768510984540278,False
40,colour_group_name,Dark Green,1,20,0.05,0.018533440773569703,2.6978260869565216,2.6978260869565216,False
40,department_name,Knitwear,2,20,0.1,0.039557541572046,2.527962962962963,2.527962962962963,False
40,garment_group_name,"Under-, Nightwear",4,20,0.2,0.08475569555343931,2.359723422644771,2.359723422644771,False
40,perceived_colour_master_name,Beige,4,20,0.2,0.08482895026005421,2.357685664939551,2.357685664939551,False
40,perceived_colour_master_name,Grey,3,20,0.15,0.07113032012306791,2.10880535530381,2.10880535530381,False
40,product_type_name,Socks,1,20,0.05,0.0240275437696872,2.0809451219512196,2.0809451219512196,False
40,department_name,Jersey fancy,1,20,0.05,0.0247600908358362,2.0193786982248523,2.0193786982248523,False
40,product_type_name,Top,2,20,0.1,0.050692256977510806,1.9726878612716763,1.9726878612716763,False
40,perceived_colour_master_name,Green,1,20,0.05,0.027910043220276903,1.7914698162729659,1.7914698162729659,False
40,section_name,Ladies Denim,1,20,0.05,0.028862354406270604,1.7323604060913707,1.7323604060913707,False
40,colour_group_name,Dark Grey,1,20,0.05,0.029375137352574902,1.70211970074813,1.70211970074813,False
40,product_type_name,Vest top,1,20,0.05,0.030107684418723902,1.660705596107056,1.660705596107056,False
40,garment_group_name,Socks and Tights,1,20,0.05,0.030254193831953703,1.6526634382566587,1.6526634382566587,False
40,product_group_name,Socks & Tights,1,20,0.05,0.030766976778258005,1.6251190476190476,1.6251190476190476,False
40,graphical_appearance_name,Melange,2,20,0.1,0.0617537176763607,1.6193357058125744,1.6193357058125744,False
40,colour_group_name,Grey,1,20,0.05,0.031059995604717602,1.6097877358490567,1.6097877358490567,False
40,colour_group_name,Black,9,20,0.45,0.28027250750860744,1.6055802404600104,1.6055802404600104,False
40,product_type_name,Jacket,1,20,0.05,0.0312797597245623,1.5984777517564404,1.5984777517564404,False
40,perceived_colour_master_name,Black,9,20,0.45,0.28173760164090544,1.5972308892355693,1.5972308892355693,False
40,product_type_name,Trousers,4,20,0.2,0.1310526701340561,1.5261039686975966,1.5261039686975966,False
40,colour_group_name,Blue,1,20,0.05,0.033330891509779505,1.5001098901098902,1.5001098901098902,False
40,garment_group_name,Outdoor,1,20,0.05,0.033697165042854006,1.483804347826087,1.483804347826087,False
40,product_group_name,Garment Lower body,6,20,0.3,0.2052596879349498,1.4615631691648823,1.4615631691648823,False
40,index_group_name,Divided,6,20,0.3,0.2062119991209435,1.4548134991119006,1.4548134991119006,False
40,section_name,Divided Collection,3,20,0.15,0.10409493809977291,1.4409922589725546,1.4409922589725546,False
40,product_group_name,Garment Upper body,11,20,0.55,0.38905574683173394,1.4136791564677087,1.4136791564677087,False
40,graphical_appearance_name,Solid,15,20,0.75,0.5812760969892315,1.290264650283554,1.290264650283554,False
40,section_name,Womens Everyday Collection,3,20,0.15,0.12218885063365321,1.2276079136690647,1.2276079136690647,False
40,garment_group_name,Trousers Denim,1,20,0.05,0.0430737674895612,1.1607993197278912,1.1607993197278912,False
40,index_group_name,Ladieswear,12,20,0.6,0.5894806241301004,1.0178451596868396,1.0178451596868396,False
40,garment_group_name,Jersey Fancy,3,20,0.15,0.16672771225551242,0.8996704745166959,0.8996704745166959,False
40,colour_group_name,Dark Blue,1,20,0.05,0.058970038824994506,0.847888198757764,0.847888198757764,False
40,perceived_colour_master_name,Blue,2,20,0.1,0.11933191707567212,0.8379987722529159,0.8379987722529159,False
40,graphical_appearance_name,Denim,1,20,0.05,0.074719800747198,0.6691666666666668,0.6691666666666668,False
40,garment_group_name,Trousers,1,20,0.05,0.0825580543549923,0.6056344276841171,0.6056344276841171,False
40,colour_group_name,White,1,20,0.05,0.0960369203721339,0.5206331045003815,0.5206331045003815,False
40,graphical_appearance_name,All over pattern,1,20,0.05,0.10709838107098381,0.4668604651162791,0.4668604651162791,False
40,perceived_colour_master_name,White,1,20,0.05,0.12797597245623032,0.3906983400114482,0.3906983400114482,False
41,department_name,Kids Boy Knitwear,1,20,0.05,0.0005127829463043,97.50714285714287,97.50714285714287,False
41,department_name,Young Girl UW/NW,1,20,0.05,0.0011720753058384,42.659375000000004,42.659375000000004,False
41,product_type_name,Hat/brim,1,20,0.05,0.0013185847190682002,37.919444444444444,37.919444444444444,False
41,department_name,Men Sport Tops,1,20,0.05,0.0020511317852172,24.376785714285717,24.376785714285717,False
41,product_type_name,Pyjama set,2,20,0.1,0.0054208482895026005,18.447297297297297,18.447297297297297,True
41,graphical_appearance_name,Mixed solid/pattern,1,20,0.05,0.0035162259175152005,14.219791666666667,14.219791666666667,False
41,department_name,Gloves/Hats,1,20,0.05,0.0035894806241301004,13.929591836734694,13.929591836734694,False
41,graphical_appearance_name,Treatment,1,20,0.05,0.003955754157204601,12.639814814814814,12.639814814814814,False
41,department_name,Baby basics,1,20,0.05,0.0042487729836642,11.768103448275864,11.768103448275864,False
41,department_name,Other items,1,20,0.05,0.0042487729836642,11.768103448275864,11.768103448275864,False
41,product_group_name,Nightwear,2,20,0.1,0.009669621273166801,10.341666666666667,10.341666666666667,True
41,section_name,Girls Underwear & Basics,1,20,0.05,0.004834810636583401,10.341666666666667,10.341666666666667,False
41,product_type_name,Garment Set,1,20,0.05,0.005127829463043,9.750714285714286,9.750714285714286,False
41,section_name,Kids Boy,1,20,0.05,0.0056406124093473006,8.864285714285716,8.864285714285716,False
41,section_name,Men H&M Sport,1,20,0.05,0.0057871218225771,8.63987341772152,8.63987341772152,False
41,department_name,Nightwear,1,20,0.05,0.006080140649036701,8.223493975903615,8.223493975903615,False
41,department_name,Functional Lingerie,1,20,0.05,0.006373159475496301,7.8454022988505745,7.8454022988505745,False
41,product_type_name,Other accessories,1,20,0.05,0.006959197128415501,7.184736842105264,7.184736842105264,False
41,department_name,Denim trousers,1,20,0.05,0.007984763021024101,6.261926605504587,6.261926605504587,False
41,section_name,Denim Men,1,20,0.05,0.0085708006739433,5.833760683760684,5.833760683760684,False
41,colour_group_name,Orange,1,20,0.05,0.008790564793788001,5.687916666666666,5.687916666666666,False
41,colour_group_name,Grey,3,20,0.15,0.031059995604717602,4.8293632075471695,4.8293632075471695,True
41,colour_group_name,Yellow,1,20,0.05,0.011354479525309501,4.403548387096774,4.403548387096774,False
41,graphical_appearance_name,Other structure,2,20,0.1,0.022855468463848803,4.375320512820513,4.375320512820513,False
41,department_name,Skirt,1,20,0.05,0.011647498351769101,4.292767295597485,4.292767295597485,False
41,department_name,Dress,3,20,0.15,0.035894806241301,4.178877551020408,4.178877551020408,False
41,graphical_appearance_name,Lace,1,20,0.05,0.012673064244377702,3.9453757225433526,3.9453757225433526,False
41,perceived_colour_master_name,Orange,2,20,0.1,0.0273972602739726,3.6500000000000004,3.6500000000000004,False
41,section_name,Womens Jackets,1,20,0.05,0.0136986301369863,3.6500000000000004,3.6500000000000004,False
41,product_type_name,Earring,1,20,0.05,0.014724196029594901,3.395771144278607,3.395771144278607,False
41,colour_group_name,Light Orange,1,20,0.05,0.014724196029594901,3.395771144278607,3.395771144278607,False
41,department_name,Outwear,1,20,0.05,0.0150172148560545,3.3295121951219517,3.3295121951219517,False
41,colour_group_name,Blue,2,20,0.1,0.033330891509779505,3.0002197802197803,3.0002197802197803,False
41,product_type_name,Swimwear bottom,1,20,0.05,0.016702073108197203,2.993640350877193,2.993640350877193,False
41,garment_group_name,Outdoor,2,20,0.1,0.033697165042854006,2.967608695652174,2.967608695652174,False
41,product_type_name,Bikini top,1,20,0.05,0.0171416013478866,2.916880341880342,2.916880341880342,False
41,section_name,Baby Essentials & Complements,1,20,0.05,0.017727639000805803,2.8204545454545453,2.8204545454545453,False
41,perceived_colour_master_name,Grey,4,20,0.2,0.07113032012306791,2.8117404737384137,2.8117404737384137,False
41,section_name,"Womens Swimwear, beachwear",2,20,0.1,0.0374331550802139,2.6714285714285717,2.6714285714285717,False
41,colour_group_name,Yellowish Brown,1,20,0.05,0.0187532048934144,2.6662109375000003,2.6662109375000003,False
41,garment_group_name,Swimwear,2,20,0.1,0.038531975679437405,2.5952471482889736,2.5952471482889736,False
41,department_name,Swimwear,2,20,0.1,0.038531975679437405,2.5952471482889736,2.5952471482889736,False
41,garment_group_name,Skirts,1,20,0.05,0.0195590066661783,2.556367041198502,2.556367041198502,False
41,product_group_name,Swimwear,2,20,0.1,0.0397773056918907,2.513996316758748,2.513996316758748,False
41,section_name,Womens Big accessories,1,20,0.05,0.019925280199252802,2.5093750000000004,2.5093750000000004,False
41,product_type_name,Hoodie,1,20,0.05,0.0206578272654018,2.420390070921986,2.420390070921986,False
41,colour_group_name,Pink,1,20,0.05,0.021024100798476303,2.3782229965156794,2.3782229965156794,False
41,colour_group_name,Gold,1,20,0.05,0.021829902571240203,2.290436241610738,2.290436241610738,False
41,garment_group_name,Dresses Ladies,3,20,0.15,0.06651527360632921,2.2551211453744493,2.2551211453744493,False
41,index_group_name,Baby/Children,3,20,0.15,0.06680829243278881,2.2452302631578944,2.2452302631578944,False
41,perceived_colour_master_name,Yellow,1,20,0.05,0.022635704344004103,2.2088996763754047,2.2088996763754047,False
41,colour_group_name,Beige,2,20,0.1,0.04585744634092741,2.1806709265175717,2.1806709265175717,False
41,department_name,Jewellery,1,20,0.05,0.0230752325836935,2.166825396825397,2.166825396825397,False
41,section_name,Mama,1,20,0.05,0.023294996703538202,2.1463836477987424,2.1463836477987424,False
41,section_name,Womens Small accessories,2,20,0.1,0.0514248040436598,1.9445868945868947,1.9445868945868947,False
41,product_group_name,Garment Full body,5,20,0.25,0.1304666324811369,1.9161987647389107,1.9161987647389107,False
41,perceived_colour_master_name,Brown,1,20,0.05,0.026151930261519303,1.911904761904762,1.911904761904762,False
41,graphical_appearance_name,All over pattern,4,20,0.2,0.10709838107098381,1.8674418604651164,1.8674418604651164,False
41,perceived_colour_master_name,Green,1,20,0.05,0.027910043220276903,1.7914698162729659,1.7914698162729659,False
41,garment_group_name,"Under-, Nightwear",3,20,0.15,0.08475569555343931,1.7697925669835781,1.7697925669835781,False
41,product_type_name,Dress,4,20,0.2,0.11750054941029961,1.70211970074813,1.70211970074813,False
41,colour_group_name,Dark Grey,1,20,0.05,0.029375137352574902,1.70211970074813,1.70211970074813,False
41,perceived_colour_master_name,Metal,1,20,0.05,0.030254193831953703,1.6526634382566587,1.6526634382566587,False
41,product_group_name,Accessories,3,20,0.15,0.092300930334774,1.6251190476190476,1.6251190476190476,False
41,graphical_appearance_name,Melange,2,20,0.1,0.0617537176763607,1.6193357058125744,1.6193357058125744,False
41,product_type_name,Jacket,1,20,0.05,0.0312797597245623,1.5984777517564404,1.5984777517564404,False
41,section_name,Womens Tailoring,2,20,0.1,0.06343857592850341,1.5763279445727483,1.5763279445727483,False
41,garment_group_name,Accessories,3,20,0.15,0.0962566844919786,1.5583333333333333,1.5583333333333333,False
41,product_type_name,Bra,1,20,0.05,0.0326715991502454,1.5303811659192827,1.5303811659192827,False
41,index_group_name,Sport,1,20,0.05,0.033111127389934804,1.510066371681416,1.510066371681416,False
41,product_type_name,Skirt,1,20,0.05,0.033404146216394405,1.4968201754385966,1.4968201754385966,False
41,perceived_colour_master_name,Pink,2,20,0.1,0.06702805655263351,1.4919125683060108,1.4919125683060108,False
41,section_name,"Womens Nightwear, Socks & Tigh",1,20,0.05,0.034869240348692404,1.4339285714285714,1.4339285714285714,False
41,colour_group_name,Light Pink,1,20,0.05,0.036773862720679805,1.3596613545816734,1.3596613545816734,False
41,index_group_name,Ladieswear,15,20,0.75,0.5894806241301004,1.2723064496085497,1.2723064496085497,False
41,section_name,Womens Casual,1,20,0.05,0.039557541572046,1.2639814814814816,1.2639814814814816,False
41,section_name,Womens Everyday Collection,3,20,0.15,0.12218885063365321,1.2276079136690647,1.2276079136690647,False
41,perceived_colour_master_name,Beige,2,20,0.1,0.08482895026005421,1.1788428324697755,1.1788428324697755,False
41,garment_group_name,Trousers Denim,1,20,0.05,0.0430737674895612,1.1607993197278912,1.1607993197278912,False
41,department_name,Blouse,1,20,0.05,0.043293531609405904,1.154906937394247,1.154906937394247,False
41,department_name,Trouser,1,20,0.05,0.0446121163284741,1.1207717569786537,1.1207717569786537,False
41,product_type_name,Blouse,1,20,0.05,0.045344663394623105,1.1026655896607431,1.1026655896607431,False
41,section_name,Womens Lingerie,1,20,0.05,0.05765145410592631,0.8672808132147396,0.8672808132147396,False
41,perceived_colour_master_name,Blue,2,20,0.1,0.11933191707567212,0.8379987722529159,0.8379987722529159,False
41,department_name,Jersey,1,20,0.05,0.060801406490367006,0.8223493975903615,0.8223493975903615,False
41,product_type_name,Trousers,2,20,0.1,0.1310526701340561,0.7630519843487983,0.7630519843487983,False
41,garment_group_name,Knitwear,1,20,0.05,0.06695480184601861,0.7467724288840263,0.7467724288840263,False
41,product_group_name,Underwear,1,20,0.05,0.06768734891216761,0.7386904761904761,0.7386904761904761,False
41,product_group_name,Garment Lower body,3,20,0.15,0.2052596879349498,0.7307815845824411,0.7307815845824411,False
41,colour_group_name,Black,4,20,0.2,0.28027250750860744,0.7135912179822269,0.7135912179822269,False
41,graphical_appearance_name,Solid,8,20,0.4,0.5812760969892315,0.6881411468178954,0.6881411468178954,False
41,graphical_appearance_name,Denim,1,20,0.05,0.074719800747198,0.6691666666666668,0.6691666666666668,False
41,product_type_name,Sweater,1,20,0.05,0.0791883378507069,0.6314061054579094,0.6314061054579094,False
41,garment_group_name,Trousers,1,20,0.05,0.0825580543549923,0.6056344276841171,0.6056344276841171,False
41,garment_group_name,Blouses,1,20,0.05,0.0860742802725075,0.5808936170212766,0.5808936170212766,False
41,garment_group_name,Jersey Basic,1,20,0.05,0.09003003442971211,0.5553702196908056,0.5553702196908056,False
41,perceived_colour_master_name,Black,3,20,0.15,0.28173760164090544,0.5324102964118564,0.5324102964118564,False
41,colour_group_name,White,1,20,0.05,0.0960369203721339,0.5206331045003815,0.5206331045003815,False
41,product_group_name,Garment Upper body,4,20,0.2,0.38905574683173394,0.5140651478064395,0.5140651478064395,False
41,index_group_name,Menswear,1,20,0.05,0.10438795692623251,0.4789824561403509,0.4789824561403509,False
41,perceived_colour_master_name,White,1,20,0.05,0.12797597245623032,0.3906983400114482,0.3906983400114482,False
41,garment_group_name,Jersey Fancy,1,20,0.05,0.16672771225551242,0.299890158172232,0.299890158172232,False
42,department_name,Kids Boy Knitwear,1,20,0.05,0.0005127829463043,97.50714285714287,97.50714285714287,False
42,department_name,Young Girl UW/NW,1,20,0.05,0.0011720753058384,42.659375000000004,42.659375000000004,False
42,product_type_name,Hat/brim,1,20,0.05,0.0013185847190682002,37.919444444444444,37.919444444444444,False
42,department_name,Men Sport Tops,1,20,0.05,0.0020511317852172,24.376785714285717,24.376785714285717,False
42,product_type_name,Pyjama set,2,20,0.1,0.0054208482895026005,18.447297297297297,18.447297297297297,True
42,graphical_appearance_name,Mixed solid/pattern,1,20,0.05,0.0035162259175152005,14.219791666666667,14.219791666666667,False
42,department_name,Gloves/Hats,1,20,0.05,0.0035894806241301004,13.929591836734694,13.929591836734694,False
42,graphical_appearance_name,Treatment,1,20,0.05,0.003955754157204601,12.639814814814814,12.639814814814814,False
42,department_name,Baby basics,1,20,0.05,0.0042487729836642,11.768103448275864,11.768103448275864,False
42,department_name,Other items,1,20,0.05,0.0042487729836642,11.768103448275864,11.768103448275864,False
42,product_group_name,Nightwear,2,20,0.1,0.009669621273166801,10.341666666666667,10.341666666666667,True
42,section_name,Girls Underwear & Basics,1,20,0.05,0.004834810636583401,10.341666666666667,10.341666666666667,False
42,product_type_name,Garment Set,1,20,0.05,0.005127829463043,9.750714285714286,9.750714285714286,False
42,section_name,Kids Boy,1,20,0.05,0.0056406124093473006,8.864285714285716,8.864285714285716,False
42,section_name,Men H&M Sport,1,20,0.05,0.0057871218225771,8.63987341772152,8.63987341772152,False
42,department_name,Nightwear,1,20,0.05,0.006080140649036701,8.223493975903615,8.223493975903615,False
42,department_name,Functional Lingerie,1,20,0.05,0.006373159475496301,7.8454022988505745,7.8454022988505745,False
42,product_type_name,Other accessories,1,20,0.05,0.006959197128415501,7.184736842105264,7.184736842105264,False
42,department_name,Denim trousers,1,20,0.05,0.007984763021024101,6.261926605504587,6.261926605504587,False
42,section_name,Denim Men,1,20,0.05,0.0085708006739433,5.833760683760684,5.833760683760684,False
42,colour_group_name,Orange,1,20,0.05,0.008790564793788001,5.687916666666666,5.687916666666666,False
42,colour_group_name,Grey,3,20,0.15,0.031059995604717602,4.8293632075471695,4.8293632075471695,True
42,colour_group_name,Yellow,1,20,0.05,0.011354479525309501,4.403548387096774,4.403548387096774,False
42,graphical_appearance_name,Other structure,2,20,0.1,0.022855468463848803,4.375320512820513,4.375320512820513,False
42,department_name,Skirt,1,20,0.05,0.011647498351769101,4.292767295597485,4.292767295597485,False
42,department_name,Dress,3,20,0.15,0.035894806241301,4.178877551020408,4.178877551020408,False
42,graphical_appearance_name,Lace,1,20,0.05,0.012673064244377702,3.9453757225433526,3.9453757225433526,False
42,perceived_colour_master_name,Orange,2,20,0.1,0.0273972602739726,3.6500000000000004,3.6500000000000004,False
42,section_name,Womens Jackets,1,20,0.05,0.0136986301369863,3.6500000000000004,3.6500000000000004,False
42,product_type_name,Earring,1,20,0.05,0.014724196029594901,3.395771144278607,3.395771144278607,False
42,colour_group_name,Light Orange,1,20,0.05,0.014724196029594901,3.395771144278607,3.395771144278607,False
42,department_name,Outwear,1,20,0.05,0.0150172148560545,3.3295121951219517,3.3295121951219517,False
42,colour_group_name,Blue,2,20,0.1,0.033330891509779505,3.0002197802197803,3.0002197802197803,False
42,product_type_name,Swimwear bottom,1,20,0.05,0.016702073108197203,2.993640350877193,2.993640350877193,False
42,garment_group_name,Outdoor,2,20,0.1,0.033697165042854006,2.967608695652174,2.967608695652174,False
42,product_type_name,Bikini top,1,20,0.05,0.0171416013478866,2.916880341880342,2.916880341880342,False
42,section_name,Baby Essentials & Complements,1,20,0.05,0.017727639000805803,2.8204545454545453,2.8204545454545453,False
42,perceived_colour_master_name,Grey,4,20,0.2,0.07113032012306791,2.8117404737384137,2.8117404737384137,False
42,section_name,"Womens Swimwear, beachwear",2,20,0.1,0.0374331550802139,2.6714285714285717,2.6714285714285717,False
42,colour_group_name,Yellowish Brown,1,20,0.05,0.0187532048934144,2.6662109375000003,2.6662109375000003,False
42,garment_group_name,Swimwear,2,20,0.1,0.038531975679437405,2.5952471482889736,2.5952471482889736,False
42,department_name,Swimwear,2,20,0.1,0.038531975679437405,2.5952471482889736,2.5952471482889736,False
42,garment_group_name,Skirts,1,20,0.05,0.0195590066661783,2.556367041198502,2.556367041198502,False
42,product_group_name,Swimwear,2,20,0.1,0.0397773056918907,2.513996316758748,2.513996316758748,False
42,section_name,Womens Big accessories,1,20,0.05,0.019925280199252802,2.5093750000000004,2.5093750000000004,False
42,product_type_name,Hoodie,1,20,0.05,0.0206578272654018,2.420390070921986,2.420390070921986,False
42,colour_group_name,Pink,1,20,0.05,0.021024100798476303,2.3782229965156794,2.3782229965156794,False
42,colour_group_name,Gold,1,20,0.05,0.021829902571240203,2.290436241610738,2.290436241610738,False
42,garment_group_name,Dresses Ladies,3,20,0.15,0.06651527360632921,2.2551211453744493,2.2551211453744493,False
42,index_group_name,Baby/Children,3,20,0.15,0.06680829243278881,2.2452302631578944,2.2452302631578944,False
42,perceived_colour_master_name,Yellow,1,20,0.05,0.022635704344004103,2.2088996763754047,2.2088996763754047,False
42,colour_group_name,Beige,2,20,0.1,0.04585744634092741,2.1806709265175717,2.1806709265175717,False
42,department_name,Jewellery,1,20,0.05,0.0230752325836935,2.166825396825397,2.166825396825397,False
42,section_name,Mama,1,20,0.05,0.023294996703538202,2.1463836477987424,2.1463836477987424,False
42,section_name,Womens Small accessories,2,20,0.1,0.0514248040436598,1.9445868945868947,1.9445868945868947,False
42,product_group_name,Garment Full body,5,20,0.25,0.1304666324811369,1.9161987647389107,1.9161987647389107,False
42,perceived_colour_master_name,Brown,1,20,0.05,0.026151930261519303,1.911904761904762,1.911904761904762,False
42,graphical_appearance_name,All over pattern,4,20,0.2,0.10709838107098381,1.8674418604651164,1.8674418604651164,False
42,perceived_colour_master_name,Green,1,20,0.05,0.027910043220276903,1.7914698162729659,1.7914698162729659,False
42,garment_group_name,"Under-, Nightwear",3,20,0.15,0.08475569555343931,1.7697925669835781,1.7697925669835781,False
42,product_type_name,Dress,4,20,0.2,0.11750054941029961,1.70211970074813,1.70211970074813,False
42,colour_group_name,Dark Grey,1,20,0.05,0.029375137352574902,1.70211970074813,1.70211970074813,False
42,perceived_colour_master_name,Metal,1,20,0.05,0.030254193831953703,1.6526634382566587,1.6526634382566587,False
42,product_group_name,Accessories,3,20,0.15,0.092300930334774,1.6251190476190476,1.6251190476190476,False
42,graphical_appearance_name,Melange,2,20,0.1,0.0617537176763607,1.6193357058125744,1.6193357058125744,False
42,product_type_name,Jacket,1,20,0.05,0.0312797597245623,1.5984777517564404,1.5984777517564404,False
42,section_name,Womens Tailoring,2,20,0.1,0.06343857592850341,1.5763279445727483,1.5763279445727483,False
42,garment_group_name,Accessories,3,20,0.15,0.0962566844919786,1.5583333333333333,1.5583333333333333,False
42,product_type_name,Bra,1,20,0.05,0.0326715991502454,1.5303811659192827,1.5303811659192827,False
42,index_group_name,Sport,1,20,0.05,0.033111127389934804,1.510066371681416,1.510066371681416,False
42,product_type_name,Skirt,1,20,0.05,0.033404146216394405,1.4968201754385966,1.4968201754385966,False
42,perceived_colour_master_name,Pink,2,20,0.1,0.06702805655263351,1.4919125683060108,1.4919125683060108,False
42,section_name,"Womens Nightwear, Socks & Tigh",1,20,0.05,0.034869240348692404,1.4339285714285714,1.4339285714285714,False
42,colour_group_name,Light Pink,1,20,0.05,0.036773862720679805,1.3596613545816734,1.3596613545816734,False
42,index_group_name,Ladieswear,15,20,0.75,0.5894806241301004,1.2723064496085497,1.2723064496085497,False
42,section_name,Womens Casual,1,20,0.05,0.039557541572046,1.2639814814814816,1.2639814814814816,False
42,section_name,Womens Everyday Collection,3,20,0.15,0.12218885063365321,1.2276079136690647,1.2276079136690647,False
42,perceived_colour_master_name,Beige,2,20,0.1,0.08482895026005421,1.1788428324697755,1.1788428324697755,False
42,garment_group_name,Trousers Denim,1,20,0.05,0.0430737674895612,1.1607993197278912,1.1607993197278912,False
42,department_name,Blouse,1,20,0.05,0.043293531609405904,1.154906937394247,1.154906937394247,False
42,department_name,Trouser,1,20,0.05,0.0446121163284741,1.1207717569786537,1.1207717569786537,False
42,product_type_name,Blouse,1,20,0.05,0.045344663394623105,1.1026655896607431,1.1026655896607431,False
42,section_name,Womens Lingerie,1,20,0.05,0.05765145410592631,0.8672808132147396,0.8672808132147396,False
42,perceived_colour_master_name,Blue,2,20,0.1,0.11933191707567212,0.8379987722529159,0.8379987722529159,False
42,department_name,Jersey,1,20,0.05,0.060801406490367006,0.8223493975903615,0.8223493975903615,False
42,product_type_name,Trousers,2,20,0.1,0.1310526701340561,0.7630519843487983,0.7630519843487983,False
42,garment_group_name,Knitwear,1,20,0.05,0.06695480184601861,0.7467724288840263,0.7467724288840263,False
42,product_group_name,Underwear,1,20,0.05,0.06768734891216761,0.7386904761904761,0.7386904761904761,False
42,product_group_name,Garment Lower body,3,20,0.15,0.2052596879349498,0.7307815845824411,0.7307815845824411,False
42,colour_group_name,Black,4,20,0.2,0.28027250750860744,0.7135912179822269,0.7135912179822269,False
42,graphical_appearance_name,Solid,8,20,0.4,0.5812760969892315,0.6881411468178954,0.6881411468178954,False
42,graphical_appearance_name,Denim,1,20,0.05,0.074719800747198,0.6691666666666668,0.6691666666666668,False
42,product_type_name,Sweater,1,20,0.05,0.0791883378507069,0.6314061054579094,0.6314061054579094,False
42,garment_group_name,Trousers,1,20,0.05,0.0825580543549923,0.6056344276841171,0.6056344276841171,False
42,garment_group_name,Blouses,1,20,0.05,0.0860742802725075,0.5808936170212766,0.5808936170212766,False
42,garment_group_name,Jersey Basic,1,20,0.05,0.09003003442971211,0.5553702196908056,0.5553702196908056,False
42,perceived_colour_master_name,Black,3,20,0.15,0.28173760164090544,0.5324102964118564,0.5324102964118564,False
42,colour_group_name,White,1,20,0.05,0.0960369203721339,0.5206331045003815,0.5206331045003815,False
42,product_group_name,Garment Upper body,4,20,0.2,0.38905574683173394,0.5140651478064395,0.5140651478064395,False
42,index_group_name,Menswear,1,20,0.05,0.10438795692623251,0.4789824561403509,0.4789824561403509,False
42,perceived_colour_master_name,White,1,20,0.05,0.12797597245623032,0.3906983400114482,0.3906983400114482,False
42,garment_group_name,Jersey Fancy,1,20,0.05,0.16672771225551242,0.299890158172232,0.299890158172232,False
43,department_name,Kids Boy Knitwear,1,20,0.05,0.0005127829463043,97.50714285714287,97.50714285714287,False
43,department_name,Young Girl UW/NW,1,20,0.05,0.0011720753058384,42.659375000000004,42.659375000000004,False
43,product_type_name,Hat/brim,1,20,0.05,0.0013185847190682002,37.919444444444444,37.919444444444444,False
43,department_name,Men Sport Tops,1,20,0.05,0.0020511317852172,24.376785714285717,24.376785714285717,False
43,product_type_name,Pyjama set,2,20,0.1,0.0054208482895026005,18.447297297297297,18.447297297297297,True
43,graphical_appearance_name,Mixed solid/pattern,1,20,0.05,0.0035162259175152005,14.219791666666667,14.219791666666667,False
43,department_name,Gloves/Hats,1,20,0.05,0.0035894806241301004,13.929591836734694,13.929591836734694,False
43,graphical_appearance_name,Treatment,1,20,0.05,0.003955754157204601,12.639814814814814,12.639814814814814,False
43,department_name,Baby basics,1,20,0.05,0.0042487729836642,11.768103448275864,11.768103448275864,False
43,department_name,Other items,1,20,0.05,0.0042487729836642,11.768103448275864,11.768103448275864,False
43,product_group_name,Nightwear,2,20,0.1,0.009669621273166801,10.341666666666667,10.341666666666667,True
43,section_name,Girls Underwear & Basics,1,20,0.05,0.004834810636583401,10.341666666666667,10.341666666666667,False
43,product_type_name,Garment Set,1,20,0.05,0.005127829463043,9.750714285714286,9.750714285714286,False
43,section_name,Kids Boy,1,20,0.05,0.0056406124093473006,8.864285714285716,8.864285714285716,False
43,section_name,Men H&M Sport,1,20,0.05,0.0057871218225771,8.63987341772152,8.63987341772152,False
43,department_name,Nightwear,1,20,0.05,0.006080140649036701,8.223493975903615,8.223493975903615,False
43,department_name,Functional Lingerie,1,20,0.05,0.006373159475496301,7.8454022988505745,7.8454022988505745,False
43,product_type_name,Other accessories,1,20,0.05,0.006959197128415501,7.184736842105264,7.184736842105264,False
43,department_name,Denim trousers,1,20,0.05,0.007984763021024101,6.261926605504587,6.261926605504587,False
43,section_name,Denim Men,1,20,0.05,0.0085708006739433,5.833760683760684,5.833760683760684,False
43,colour_group_name,Orange,1,20,0.05,0.008790564793788001,5.687916666666666,5.687916666666666,False
43,colour_group_name,Grey,3,20,0.15,0.031059995604717602,4.8293632075471695,4.8293632075471695,True
43,colour_group_name,Yellow,1,20,0.05,0.011354479525309501,4.403548387096774,4.403548387096774,False
43,graphical_appearance_name,Other structure,2,20,0.1,0.022855468463848803,4.375320512820513,4.375320512820513,False
43,department_name,Skirt,1,20,0.05,0.011647498351769101,4.292767295597485,4.292767295597485,False
43,department_name,Dress,3,20,0.15,0.035894806241301,4.178877551020408,4.178877551020408,False
43,graphical_appearance_name,Lace,1,20,0.05,0.012673064244377702,3.9453757225433526,3.9453757225433526,False
43,perceived_colour_master_name,Orange,2,20,0.1,0.0273972602739726,3.6500000000000004,3.6500000000000004,False
43,section_name,Womens Jackets,1,20,0.05,0.0136986301369863,3.6500000000000004,3.6500000000000004,False
43,product_type_name,Earring,1,20,0.05,0.014724196029594901,3.395771144278607,3.395771144278607,False
43,colour_group_name,Light Orange,1,20,0.05,0.014724196029594901,3.395771144278607,3.395771144278607,False
43,department_name,Outwear,1,20,0.05,0.0150172148560545,3.3295121951219517,3.3295121951219517,False
43,colour_group_name,Blue,2,20,0.1,0.033330891509779505,3.0002197802197803,3.0002197802197803,False
43,product_type_name,Swimwear bottom,1,20,0.05,0.016702073108197203,2.993640350877193,2.993640350877193,False
43,garment_group_name,Outdoor,2,20,0.1,0.033697165042854006,2.967608695652174,2.967608695652174,False
43,product_type_name,Bikini top,1,20,0.05,0.0171416013478866,2.916880341880342,2.916880341880342,False
43,section_name,Baby Essentials & Complements,1,20,0.05,0.017727639000805803,2.8204545454545453,2.8204545454545453,False
43,perceived_colour_master_name,Grey,4,20,0.2,0.07113032012306791,2.8117404737384137,2.8117404737384137,False
43,section_name,"Womens Swimwear, beachwear",2,20,0.1,0.0374331550802139,2.6714285714285717,2.6714285714285717,False
43,colour_group_name,Yellowish Brown,1,20,0.05,0.0187532048934144,2.6662109375000003,2.6662109375000003,False
43,garment_group_name,Swimwear,2,20,0.1,0.038531975679437405,2.5952471482889736,2.5952471482889736,False
43,department_name,Swimwear,2,20,0.1,0.038531975679437405,2.5952471482889736,2.5952471482889736,False
43,garment_group_name,Skirts,1,20,0.05,0.0195590066661783,2.556367041198502,2.556367041198502,False
43,product_group_name,Swimwear,2,20,0.1,0.0397773056918907,2.513996316758748,2.513996316758748,False
43,section_name,Womens Big accessories,1,20,0.05,0.019925280199252802,2.5093750000000004,2.5093750000000004,False
43,product_type_name,Hoodie,1,20,0.05,0.0206578272654018,2.420390070921986,2.420390070921986,False
43,colour_group_name,Pink,1,20,0.05,0.021024100798476303,2.3782229965156794,2.3782229965156794,False
43,colour_group_name,Gold,1,20,0.05,0.021829902571240203,2.290436241610738,2.290436241610738,False
43,garment_group_name,Dresses Ladies,3,20,0.15,0.06651527360632921,2.2551211453744493,2.2551211453744493,False
43,index_group_name,Baby/Children,3,20,0.15,0.06680829243278881,2.2452302631578944,2.2452302631578944,False
43,perceived_colour_master_name,Yellow,1,20,0.05,0.022635704344004103,2.2088996763754047,2.2088996763754047,False
43,colour_group_name,Beige,2,20,0.1,0.04585744634092741,2.1806709265175717,2.1806709265175717,False
43,department_name,Jewellery,1,20,0.05,0.0230752325836935,2.166825396825397,2.166825396825397,False
43,section_name,Mama,1,20,0.05,0.023294996703538202,2.1463836477987424,2.1463836477987424,False
43,section_name,Womens Small accessories,2,20,0.1,0.0514248040436598,1.9445868945868947,1.9445868945868947,False
43,product_group_name,Garment Full body,5,20,0.25,0.1304666324811369,1.9161987647389107,1.9161987647389107,False
43,perceived_colour_master_name,Brown,1,20,0.05,0.026151930261519303,1.911904761904762,1.911904761904762,False
43,graphical_appearance_name,All over pattern,4,20,0.2,0.10709838107098381,1.8674418604651164,1.8674418604651164,False
43,perceived_colour_master_name,Green,1,20,0.05,0.027910043220276903,1.7914698162729659,1.7914698162729659,False
43,garment_group_name,"Under-, Nightwear",3,20,0.15,0.08475569555343931,1.7697925669835781,1.7697925669835781,False
43,product_type_name,Dress,4,20,0.2,0.11750054941029961,1.70211970074813,1.70211970074813,False
43,colour_group_name,Dark Grey,1,20,0.05,0.029375137352574902,1.70211970074813,1.70211970074813,False
43,perceived_colour_master_name,Metal,1,20,0.05,0.030254193831953703,1.6526634382566587,1.6526634382566587,False
43,product_group_name,Accessories,3,20,0.15,0.092300930334774,1.6251190476190476,1.6251190476190476,False
43,graphical_appearance_name,Melange,2,20,0.1,0.0617537176763607,1.6193357058125744,1.6193357058125744,False
43,product_type_name,Jacket,1,20,0.05,0.0312797597245623,1.5984777517564404,1.5984777517564404,False
43,section_name,Womens Tailoring,2,20,0.1,0.06343857592850341,1.5763279445727483,1.5763279445727483,False
43,garment_group_name,Accessories,3,20,0.15,0.0962566844919786,1.5583333333333333,1.5583333333333333,False
43,product_type_name,Bra,1,20,0.05,0.0326715991502454,1.5303811659192827,1.5303811659192827,False
43,index_group_name,Sport,1,20,0.05,0.033111127389934804,1.510066371681416,1.510066371681416,False
43,product_type_name,Skirt,1,20,0.05,0.033404146216394405,1.4968201754385966,1.4968201754385966,False
43,perceived_colour_master_name,Pink,2,20,0.1,0.06702805655263351,1.4919125683060108,1.4919125683060108,False
43,section_name,"Womens Nightwear, Socks & Tigh",1,20,0.05,0.034869240348692404,1.4339285714285714,1.4339285714285714,False
43,colour_group_name,Light Pink,1,20,0.05,0.036773862720679805,1.3596613545816734,1.3596613545816734,False
43,index_group_name,Ladieswear,15,20,0.75,0.5894806241301004,1.2723064496085497,1.2723064496085497,False
43,section_name,Womens Casual,1,20,0.05,0.039557541572046,1.2639814814814816,1.2639814814814816,False
43,section_name,Womens Everyday Collection,3,20,0.15,0.12218885063365321,1.2276079136690647,1.2276079136690647,False
43,perceived_colour_master_name,Beige,2,20,0.1,0.08482895026005421,1.1788428324697755,1.1788428324697755,False
43,garment_group_name,Trousers Denim,1,20,0.05,0.0430737674895612,1.1607993197278912,1.1607993197278912,False
43,department_name,Blouse,1,20,0.05,0.043293531609405904,1.154906937394247,1.154906937394247,False
43,department_name,Trouser,1,20,0.05,0.0446121163284741,1.1207717569786537,1.1207717569786537,False
43,product_type_name,Blouse,1,20,0.05,0.045344663394623105,1.1026655896607431,1.1026655896607431,False
43,section_name,Womens Lingerie,1,20,0.05,0.05765145410592631,0.8672808132147396,0.8672808132147396,False
43,perceived_colour_master_name,Blue,2,20,0.1,0.11933191707567212,0.8379987722529159,0.8379987722529159,False
43,department_name,Jersey,1,20,0.05,0.060801406490367006,0.8223493975903615,0.8223493975903615,False
43,product_type_name,Trousers,2,20,0.1,0.1310526701340561,0.7630519843487983,0.7630519843487983,False
43,garment_group_name,Knitwear,1,20,0.05,0.06695480184601861,0.7467724288840263,0.7467724288840263,False
43,product_group_name,Underwear,1,20,0.05,0.06768734891216761,0.7386904761904761,0.7386904761904761,False
43,product_group_name,Garment Lower body,3,20,0.15,0.2052596879349498,0.7307815845824411,0.7307815845824411,False
43,colour_group_name,Black,4,20,0.2,0.28027250750860744,0.7135912179822269,0.7135912179822269,False
43,graphical_appearance_name,Solid,8,20,0.4,0.5812760969892315,0.6881411468178954,0.6881411468178954,False
43,graphical_appearance_name,Denim,1,20,0.05,0.074719800747198,0.6691666666666668,0.6691666666666668,False
43,product_type_name,Sweater,1,20,0.05,0.0791883378507069,0.6314061054579094,0.6314061054579094,False
43,garment_group_name,Trousers,1,20,0.05,0.0825580543549923,0.6056344276841171,0.6056344276841171,False
43,garment_group_name,Blouses,1,20,0.05,0.0860742802725075,0.5808936170212766,0.5808936170212766,False
43,garment_group_name,Jersey Basic,1,20,0.05,0.09003003442971211,0.5553702196908056,0.5553702196908056,False
43,perceived_colour_master_name,Black,3,20,0.15,0.28173760164090544,0.5324102964118564,0.5324102964118564,False
43,colour_group_name,White,1,20,0.05,0.0960369203721339,0.5206331045003815,0.5206331045003815,False
43,product_group_name,Garment Upper body,4,20,0.2,0.38905574683173394,0.5140651478064395,0.5140651478064395,False
43,index_group_name,Menswear,1,20,0.05,0.10438795692623251,0.4789824561403509,0.4789824561403509,False
43,perceived_colour_master_name,White,1,20,0.05,0.12797597245623032,0.3906983400114482,0.3906983400114482,False
43,garment_group_name,Jersey Fancy,1,20,0.05,0.16672771225551242,0.299890158172232,0.299890158172232,False
44,department_name,Kids Boy Knitwear,1,20,0.05,0.0005127829463043,97.50714285714287,97.50714285714287,False
44,department_name,Young Girl UW/NW,1,20,0.05,0.0011720753058384,42.659375000000004,42.659375000000004,False
44,product_type_name,Hat/brim,1,20,0.05,0.0013185847190682002,37.919444444444444,37.919444444444444,False
44,department_name,Men Sport Tops,1,20,0.05,0.0020511317852172,24.376785714285717,24.376785714285717,False
44,product_type_name,Pyjama set,2,20,0.1,0.0054208482895026005,18.447297297297297,18.447297297297297,True
44,graphical_appearance_name,Mixed solid/pattern,1,20,0.05,0.0035162259175152005,14.219791666666667,14.219791666666667,False
44,department_name,Gloves/Hats,1,20,0.05,0.0035894806241301004,13.929591836734694,13.929591836734694,False
44,graphical_appearance_name,Treatment,1,20,0.05,0.003955754157204601,12.639814814814814,12.639814814814814,False
44,department_name,Baby basics,1,20,0.05,0.0042487729836642,11.768103448275864,11.768103448275864,False
44,department_name,Other items,1,20,0.05,0.0042487729836642,11.768103448275864,11.768103448275864,False
44,product_group_name,Nightwear,2,20,0.1,0.009669621273166801,10.341666666666667,10.341666666666667,True
44,section_name,Girls Underwear & Basics,1,20,0.05,0.004834810636583401,10.341666666666667,10.341666666666667,False
44,product_type_name,Garment Set,1,20,0.05,0.005127829463043,9.750714285714286,9.750714285714286,False
44,section_name,Kids Boy,1,20,0.05,0.0056406124093473006,8.864285714285716,8.864285714285716,False
44,section_name,Men H&M Sport,1,20,0.05,0.0057871218225771,8.63987341772152,8.63987341772152,False
44,department_name,Nightwear,1,20,0.05,0.006080140649036701,8.223493975903615,8.223493975903615,False
44,department_name,Functional Lingerie,1,20,0.05,0.006373159475496301,7.8454022988505745,7.8454022988505745,False
44,product_type_name,Other accessories,1,20,0.05,0.006959197128415501,7.184736842105264,7.184736842105264,False
44,department_name,Denim trousers,1,20,0.05,0.007984763021024101,6.261926605504587,6.261926605504587,False
44,section_name,Denim Men,1,20,0.05,0.0085708006739433,5.833760683760684,5.833760683760684,False
44,colour_group_name,Orange,1,20,0.05,0.008790564793788001,5.687916666666666,5.687916666666666,False
44,colour_group_name,Grey,3,20,0.15,0.031059995604717602,4.8293632075471695,4.8293632075471695,True
44,colour_group_name,Yellow,1,20,0.05,0.011354479525309501,4.403548387096774,4.403548387096774,False
44,graphical_appearance_name,Other structure,2,20,0.1,0.022855468463848803,4.375320512820513,4.375320512820513,False
44,department_name,Skirt,1,20,0.05,0.011647498351769101,4.292767295597485,4.292767295597485,False
44,department_name,Dress,3,20,0.15,0.035894806241301,4.178877551020408,4.178877551020408,False
44,graphical_appearance_name,Lace,1,20,0.05,0.012673064244377702,3.9453757225433526,3.9453757225433526,False
44,perceived_colour_master_name,Orange,2,20,0.1,0.0273972602739726,3.6500000000000004,3.6500000000000004,False
44,section_name,Womens Jackets,1,20,0.05,0.0136986301369863,3.6500000000000004,3.6500000000000004,False
44,product_type_name,Earring,1,20,0.05,0.014724196029594901,3.395771144278607,3.395771144278607,False
44,colour_group_name,Light Orange,1,20,0.05,0.014724196029594901,3.395771144278607,3.395771144278607,False
44,department_name,Outwear,1,20,0.05,0.0150172148560545,3.3295121951219517,3.3295121951219517,False
44,colour_group_name,Blue,2,20,0.1,0.033330891509779505,3.0002197802197803,3.0002197802197803,False
44,product_type_name,Swimwear bottom,1,20,0.05,0.016702073108197203,2.993640350877193,2.993640350877193,False
44,garment_group_name,Outdoor,2,20,0.1,0.033697165042854006,2.967608695652174,2.967608695652174,False
44,product_type_name,Bikini top,1,20,0.05,0.0171416013478866,2.916880341880342,2.916880341880342,False
44,section_name,Baby Essentials & Complements,1,20,0.05,0.017727639000805803,2.8204545454545453,2.8204545454545453,False
44,perceived_colour_master_name,Grey,4,20,0.2,0.07113032012306791,2.8117404737384137,2.8117404737384137,False
44,section_name,"Womens Swimwear, beachwear",2,20,0.1,0.0374331550802139,2.6714285714285717,2.6714285714285717,False
44,colour_group_name,Yellowish Brown,1,20,0.05,0.0187532048934144,2.6662109375000003,2.6662109375000003,False
44,garment_group_name,Swimwear,2,20,0.1,0.038531975679437405,2.5952471482889736,2.5952471482889736,False
44,department_name,Swimwear,2,20,0.1,0.038531975679437405,2.5952471482889736,2.5952471482889736,False
44,garment_group_name,Skirts,1,20,0.05,0.0195590066661783,2.556367041198502,2.556367041198502,False
44,product_group_name,Swimwear,2,20,0.1,0.0397773056918907,2.513996316758748,2.513996316758748,False
44,section_name,Womens Big accessories,1,20,0.05,0.019925280199252802,2.5093750000000004,2.5093750000000004,False
44,product_type_name,Hoodie,1,20,0.05,0.0206578272654018,2.420390070921986,2.420390070921986,False
44,colour_group_name,Pink,1,20,0.05,0.021024100798476303,2.3782229965156794,2.3782229965156794,False
44,colour_group_name,Gold,1,20,0.05,0.021829902571240203,2.290436241610738,2.290436241610738,False
44,garment_group_name,Dresses Ladies,3,20,0.15,0.06651527360632921,2.2551211453744493,2.2551211453744493,False
44,index_group_name,Baby/Children,3,20,0.15,0.06680829243278881,2.2452302631578944,2.2452302631578944,False
44,perceived_colour_master_name,Yellow,1,20,0.05,0.022635704344004103,2.2088996763754047,2.2088996763754047,False
44,colour_group_name,Beige,2,20,0.1,0.04585744634092741,2.1806709265175717,2.1806709265175717,False
44,department_name,Jewellery,1,20,0.05,0.0230752325836935,2.166825396825397,2.166825396825397,False
44,section_name,Mama,1,20,0.05,0.023294996703538202,2.1463836477987424,2.1463836477987424,False
44,section_name,Womens Small accessories,2,20,0.1,0.0514248040436598,1.9445868945868947,1.9445868945868947,False
44,product_group_name,Garment Full body,5,20,0.25,0.1304666324811369,1.9161987647389107,1.9161987647389107,False
44,perceived_colour_master_name,Brown,1,20,0.05,0.026151930261519303,1.911904761904762,1.911904761904762,False
44,graphical_appearance_name,All over pattern,4,20,0.2,0.10709838107098381,1.8674418604651164,1.8674418604651164,False
44,perceived_colour_master_name,Green,1,20,0.05,0.027910043220276903,1.7914698162729659,1.7914698162729659,False
44,garment_group_name,"Under-, Nightwear",3,20,0.15,0.08475569555343931,1.7697925669835781,1.7697925669835781,False
44,product_type_name,Dress,4,20,0.2,0.11750054941029961,1.70211970074813,1.70211970074813,False
44,colour_group_name,Dark Grey,1,20,0.05,0.029375137352574902,1.70211970074813,1.70211970074813,False
44,perceived_colour_master_name,Metal,1,20,0.05,0.030254193831953703,1.6526634382566587,1.6526634382566587,False
44,product_group_name,Accessories,3,20,0.15,0.092300930334774,1.6251190476190476,1.6251190476190476,False
44,graphical_appearance_name,Melange,2,20,0.1,0.0617537176763607,1.6193357058125744,1.6193357058125744,False
44,product_type_name,Jacket,1,20,0.05,0.0312797597245623,1.5984777517564404,1.5984777517564404,False
44,section_name,Womens Tailoring,2,20,0.1,0.06343857592850341,1.5763279445727483,1.5763279445727483,False
44,garment_group_name,Accessories,3,20,0.15,0.0962566844919786,1.5583333333333333,1.5583333333333333,False
44,product_type_name,Bra,1,20,0.05,0.0326715991502454,1.5303811659192827,1.5303811659192827,False
44,index_group_name,Sport,1,20,0.05,0.033111127389934804,1.510066371681416,1.510066371681416,False
44,product_type_name,Skirt,1,20,0.05,0.033404146216394405,1.4968201754385966,1.4968201754385966,False
44,perceived_colour_master_name,Pink,2,20,0.1,0.06702805655263351,1.4919125683060108,1.4919125683060108,False
44,section_name,"Womens Nightwear, Socks & Tigh",1,20,0.05,0.034869240348692404,1.4339285714285714,1.4339285714285714,False
44,colour_group_name,Light Pink,1,20,0.05,0.036773862720679805,1.3596613545816734,1.3596613545816734,False
44,index_group_name,Ladieswear,15,20,0.75,0.5894806241301004,1.2723064496085497,1.2723064496085497,False
44,section_name,Womens Casual,1,20,0.05,0.039557541572046,1.2639814814814816,1.2639814814814816,False
44,section_name,Womens Everyday Collection,3,20,0.15,0.12218885063365321,1.2276079136690647,1.2276079136690647,False
44,perceived_colour_master_name,Beige,2,20,0.1,0.08482895026005421,1.1788428324697755,1.1788428324697755,False
44,garment_group_name,Trousers Denim,1,20,0.05,0.0430737674895612,1.1607993197278912,1.1607993197278912,False
44,department_name,Blouse,1,20,0.05,0.043293531609405904,1.154906937394247,1.154906937394247,False
44,department_name,Trouser,1,20,0.05,0.0446121163284741,1.1207717569786537,1.1207717569786537,False
44,product_type_name,Blouse,1,20,0.05,0.045344663394623105,1.1026655896607431,1.1026655896607431,False
44,section_name,Womens Lingerie,1,20,0.05,0.05765145410592631,0.8672808132147396,0.8672808132147396,False
44,perceived_colour_master_name,Blue,2,20,0.1,0.11933191707567212,0.8379987722529159,0.8379987722529159,False
44,department_name,Jersey,1,20,0.05,0.060801406490367006,0.8223493975903615,0.8223493975903615,False
44,product_type_name,Trousers,2,20,0.1,0.1310526701340561,0.7630519843487983,0.7630519843487983,False
44,garment_group_name,Knitwear,1,20,0.05,0.06695480184601861,0.7467724288840263,0.7467724288840263,False
44,product_group_name,Underwear,1,20,0.05,0.06768734891216761,0.7386904761904761,0.7386904761904761,False
44,product_group_name,Garment Lower body,3,20,0.15,0.2052596879349498,0.7307815845824411,0.7307815845824411,False
44,colour_group_name,Black,4,20,0.2,0.28027250750860744,0.7135912179822269,0.7135912179822269,False
44,graphical_appearance_name,Solid,8,20,0.4,0.5812760969892315,0.6881411468178954,0.6881411468178954,False
44,graphical_appearance_name,Denim,1,20,0.05,0.074719800747198,0.6691666666666668,0.6691666666666668,False
44,product_type_name,Sweater,1,20,0.05,0.0791883378507069,0.6314061054579094,0.6314061054579094,False
44,garment_group_name,Trousers,1,20,0.05,0.0825580543549923,0.6056344276841171,0.6056344276841171,False
44,garment_group_name,Blouses,1,20,0.05,0.0860742802725075,0.5808936170212766,0.5808936170212766,False
44,garment_group_name,Jersey Basic,1,20,0.05,0.09003003442971211,0.5553702196908056,0.5553702196908056,False
44,perceived_colour_master_name,Black,3,20,0.15,0.28173760164090544,0.5324102964118564,0.5324102964118564,False
44,colour_group_name,White,1,20,0.05,0.0960369203721339,0.5206331045003815,0.5206331045003815,False
44,product_group_name,Garment Upper body,4,20,0.2,0.38905574683173394,0.5140651478064395,0.5140651478064395,False
44,index_group_name,Menswear,1,20,0.05,0.10438795692623251,0.4789824561403509,0.4789824561403509,False
44,perceived_colour_master_name,White,1,20,0.05,0.12797597245623032,0.3906983400114482,0.3906983400114482,False
44,garment_group_name,Jersey Fancy,1,20,0.05,0.16672771225551242,0.299890158172232,0.299890158172232,False
45,department_name,Kids Boy Knitwear,1,20,0.05,0.0005127829463043,97.50714285714287,97.50714285714287,False
45,product_type_name,Hat/brim,1,20,0.05,0.0013185847190682002,37.919444444444444,37.919444444444444,False
45,department_name,Men Sport Tops,1,20,0.05,0.0020511317852172,24.376785714285717,24.376785714285717,False
45,department_name,Young Boy Jersey Basic,1,20,0.05,0.0025639147315215,19.501428571428573,19.501428571428573,False
45,department_name,Shirt,3,20,0.15,0.009156838326862501,16.3812,16.3812,True
45,graphical_appearance_name,Mixed solid/pattern,1,20,0.05,0.0035162259175152005,14.219791666666667,14.219791666666667,False
45,department_name,Gloves/Hats,1,20,0.05,0.0035894806241301004,13.929591836734694,13.929591836734694,False
45,graphical_appearance_name,Application/3D,1,20,0.05,0.0040290088638195,12.410000000000002,12.410000000000002,False
45,garment_group_name,Shirts,3,20,0.15,0.012526554831147901,11.97456140350877,11.97456140350877,True
45,colour_group_name,Light Turquoise,1,20,0.05,0.0049080653431983,10.187313432835822,10.187313432835822,False
45,section_name,Contemporary Casual,2,20,0.1,0.010621932459160502,9.41448275862069,9.41448275862069,True
45,department_name,Suit jacket,1,20,0.05,0.0053475935828877,9.350000000000001,9.350000000000001,False
45,product_type_name,Pyjama set,1,20,0.05,0.0054208482895026005,9.223648648648648,9.223648648648648,False
45,department_name,Newborn,1,20,0.05,0.0055673577027324,8.98092105263158,8.98092105263158,False
45,section_name,Kids Boy,1,20,0.05,0.0056406124093473006,8.864285714285716,8.864285714285716,False
45,section_name,Men H&M Sport,1,20,0.05,0.0057871218225771,8.63987341772152,8.63987341772152,False
45,department_name,Nightwear,1,20,0.05,0.006080140649036701,8.223493975903615,8.223493975903615,False
45,product_type_name,Bodysuit,1,20,0.05,0.006299904768881401,7.936627906976745,7.936627906976745,False
45,section_name,Boys Underwear & Basics,1,20,0.05,0.006373159475496301,7.8454022988505745,7.8454022988505745,False
45,department_name,Belts,1,20,0.05,0.0066661783019559,7.500549450549451,7.500549450549451,False
45,department_name,Denim trousers,1,20,0.05,0.007984763021024101,6.261926605504587,6.261926605504587,False
45,product_type_name,Belt,1,20,0.05,0.0082045271408688,6.094196428571429,6.094196428571429,False
45,section_name,Denim Men,1,20,0.05,0.0085708006739433,5.833760683760684,5.833760683760684,False
45,colour_group_name,Orange,1,20,0.05,0.008790564793788001,5.687916666666666,5.687916666666666,False
45,perceived_colour_master_name,Turquoise,1,20,0.05,0.009230093033477401,5.417063492063492,5.417063492063492,False
45,product_group_name,Nightwear,1,20,0.05,0.009669621273166801,5.170833333333333,5.170833333333333,False
45,section_name,Womens Big accessories,2,20,0.1,0.019925280199252802,5.018750000000001,5.018750000000001,False
45,product_type_name,Shirt,3,20,0.15,0.031646033257636805,4.7399305555555555,4.7399305555555555,False
45,graphical_appearance_name,Other structure,2,20,0.1,0.022855468463848803,4.375320512820513,4.375320512820513,False
45,colour_group_name,Dark Red,1,20,0.05,0.0128195736576075,3.900285714285715,3.900285714285715,False
45,garment_group_name,Dressed,1,20,0.05,0.013112592484067102,3.813128491620112,3.813128491620112,False
45,product_type_name,Blazer,1,20,0.05,0.014211413083290601,3.5182989690721653,3.5182989690721653,False
45,colour_group_name,Blue,2,20,0.1,0.033330891509779505,3.0002197802197803,3.0002197802197803,False
45,product_type_name,Swimwear bottom,1,20,0.05,0.016702073108197203,2.993640350877193,2.993640350877193,False
45,product_type_name,Bikini top,1,20,0.05,0.0171416013478866,2.916880341880342,2.916880341880342,False
45,department_name,Casual Lingerie,1,20,0.05,0.017581129587576003,2.843958333333333,2.843958333333333,False
45,section_name,Baby Essentials & Complements,1,20,0.05,0.017727639000805803,2.8204545454545453,2.8204545454545453,False
45,department_name,Dress,2,20,0.1,0.035894806241301,2.785918367346939,2.785918367346939,False
45,section_name,Contemporary Smart,1,20,0.05,0.0180206578272654,2.7745934959349596,2.7745934959349596,False
45,colour_group_name,Light Pink,2,20,0.1,0.036773862720679805,2.7193227091633467,2.7193227091633467,False
45,colour_group_name,Dark Green,1,20,0.05,0.018533440773569703,2.6978260869565216,2.6978260869565216,False
45,section_name,"Womens Swimwear, beachwear",2,20,0.1,0.0374331550802139,2.6714285714285717,2.6714285714285717,False
45,colour_group_name,Yellowish Brown,1,20,0.05,0.0187532048934144,2.6662109375000003,2.6662109375000003,False
45,garment_group_name,Swimwear,2,20,0.1,0.038531975679437405,2.5952471482889736,2.5952471482889736,False
45,department_name,Swimwear,2,20,0.1,0.038531975679437405,2.5952471482889736,2.5952471482889736,False
45,product_group_name,Swimwear,2,20,0.1,0.0397773056918907,2.513996316758748,2.513996316758748,False
45,product_type_name,Hoodie,1,20,0.05,0.0206578272654018,2.420390070921986,2.420390070921986,False
45,department_name,Dresses,1,20,0.05,0.021024100798476303,2.3782229965156794,2.3782229965156794,False
45,garment_group_name,Dresses Ladies,3,20,0.15,0.06651527360632921,2.2551211453744493,2.2551211453744493,False
45,index_group_name,Baby/Children,3,20,0.15,0.06680829243278881,2.2452302631578944,2.2452302631578944,False
45,graphical_appearance_name,Check,1,20,0.05,0.023001977877078604,2.1737261146496816,2.1737261146496816,False
45,perceived_colour_master_name,Red,1,20,0.05,0.0232217419969233,2.1531545741324924,2.1531545741324924,False
45,section_name,Mama,1,20,0.05,0.023294996703538202,2.1463836477987424,2.1463836477987424,False
45,graphical_appearance_name,Denim,3,20,0.15,0.074719800747198,2.0075000000000003,2.0075000000000003,False
45,index_group_name,Menswear,4,20,0.2,0.10438795692623251,1.9159298245614036,1.9159298245614036,False
45,perceived_colour_master_name,Brown,1,20,0.05,0.026151930261519303,1.911904761904762,1.911904761904762,False
45,colour_group_name,Light Blue,1,20,0.05,0.026957732034283203,1.8547554347826087,1.8547554347826087,False
45,perceived_colour_master_name,Orange,1,20,0.05,0.0273972602739726,1.8250000000000002,1.8250000000000002,False
45,perceived_colour_master_name,Green,1,20,0.05,0.027910043220276903,1.7914698162729659,1.7914698162729659,False
45,product_type_name,Dress,4,20,0.2,0.11750054941029961,1.70211970074813,1.70211970074813,False
45,perceived_colour_master_name,Blue,4,20,0.2,0.11933191707567212,1.6759975445058317,1.6759975445058317,False
45,colour_group_name,Grey,1,20,0.05,0.031059995604717602,1.6097877358490567,1.6097877358490567,False
45,product_type_name,Underwear bottom,1,20,0.05,0.031133250311332503,1.606,1.606,False
45,section_name,Womens Tailoring,2,20,0.1,0.06343857592850341,1.5763279445727483,1.5763279445727483,False
45,product_group_name,Garment Full body,4,20,0.2,0.1304666324811369,1.5329590117911287,1.5329590117911287,False
45,index_group_name,Sport,1,20,0.05,0.033111127389934804,1.510066371681416,1.510066371681416,False
45,perceived_colour_master_name,Pink,2,20,0.1,0.06702805655263351,1.4919125683060108,1.4919125683060108,False
45,garment_group_name,Outdoor,1,20,0.05,0.033697165042854006,1.483804347826087,1.483804347826087,False
45,section_name,"Womens Nightwear, Socks & Tigh",1,20,0.05,0.034869240348692404,1.4339285714285714,1.4339285714285714,False
45,section_name,Womens Casual,1,20,0.05,0.039557541572046,1.2639814814814816,1.2639814814814816,False
45,garment_group_name,"Under-, Nightwear",2,20,0.1,0.08475569555343931,1.1798617113223855,1.1798617113223855,False
45,garment_group_name,Trousers Denim,1,20,0.05,0.0430737674895612,1.1607993197278912,1.1607993197278912,False
45,product_group_name,Garment Upper body,9,20,0.45,0.38905574683173394,1.156646582564489,1.156646582564489,False
45,department_name,Blouse,1,20,0.05,0.043293531609405904,1.154906937394247,1.154906937394247,False
45,product_type_name,Blouse,1,20,0.05,0.045344663394623105,1.1026655896607431,1.1026655896607431,False
45,colour_group_name,Beige,1,20,0.05,0.04585744634092741,1.0903354632587858,1.0903354632587858,False
45,product_group_name,Accessories,2,20,0.1,0.092300930334774,1.0834126984126986,1.0834126984126986,False
45,colour_group_name,White,2,20,0.1,0.0960369203721339,1.041266209000763,1.041266209000763,False
45,garment_group_name,Accessories,2,20,0.1,0.0962566844919786,1.038888888888889,1.038888888888889,False
45,graphical_appearance_name,Solid,11,20,0.55,0.5812760969892315,0.9461940768746062,0.9461940768746062,False
45,index_group_name,Ladieswear,11,20,0.55,0.5894806241301004,0.9330247297129365,0.9330247297129365,False
45,colour_group_name,Black,5,20,0.25,0.28027250750860744,0.8919890224777836,0.8919890224777836,False
45,perceived_colour_master_name,Black,5,20,0.25,0.28173760164090544,0.8873504940197607,0.8873504940197607,False
45,product_type_name,T-shirt,1,20,0.05,0.05757819939931141,0.8683842239185751,0.8683842239185751,False
45,section_name,Womens Lingerie,1,20,0.05,0.05765145410592631,0.8672808132147396,0.8672808132147396,False
45,colour_group_name,Dark Blue,1,20,0.05,0.058970038824994506,0.847888198757764,0.847888198757764,False
45,department_name,Jersey,1,20,0.05,0.060801406490367006,0.8223493975903615,0.8223493975903615,False
45,perceived_colour_master_name,White,2,20,0.1,0.12797597245623032,0.7813966800228964,0.7813966800228964,False
45,garment_group_name,Knitwear,1,20,0.05,0.06695480184601861,0.7467724288840263,0.7467724288840263,False
45,product_group_name,Underwear,1,20,0.05,0.06768734891216761,0.7386904761904761,0.7386904761904761,False
45,perceived_colour_master_name,Grey,1,20,0.05,0.07113032012306791,0.7029351184346034,0.7029351184346034,False
45,product_type_name,Sweater,1,20,0.05,0.0791883378507069,0.6314061054579094,0.6314061054579094,False
45,garment_group_name,Jersey Fancy,2,20,0.1,0.16672771225551242,0.599780316344464,0.599780316344464,False
45,perceived_colour_master_name,Beige,1,20,0.05,0.08482895026005421,0.5894214162348878,0.5894214162348878,False
45,garment_group_name,Blouses,1,20,0.05,0.0860742802725075,0.5808936170212766,0.5808936170212766,False
45,garment_group_name,Jersey Basic,1,20,0.05,0.09003003442971211,0.5553702196908056,0.5553702196908056,False
45,section_name,Divided Collection,1,20,0.05,0.10409493809977291,0.48033075299085154,0.48033075299085154,False
45,graphical_appearance_name,All over pattern,1,20,0.05,0.10709838107098381,0.4668604651162791,0.4668604651162791,False
45,section_name,Womens Everyday Collection,1,20,0.05,0.12218885063365321,0.40920263788968825,0.40920263788968825,False
45,product_type_name,Trousers,1,20,0.05,0.1310526701340561,0.38152599217439914,0.38152599217439914,False
45,product_group_name,Garment Lower body,1,20,0.05,0.2052596879349498,0.2435938615274804,0.2435938615274804,False
45,index_group_name,Divided,1,20,0.05,0.2062119991209435,0.2424689165186501,0.2424689165186501,False
46,product_type_name,Pyjama bottom,1,20,0.05,0.0025639147315215,19.501428571428573,19.501428571428573,False
46,department_name,Loungewear,3,20,0.15,0.009596366566551901,15.630916030534351,15.630916030534351,True
46,department_name,Ladies Sport Bottoms,2,20,0.1,0.0068859424218006005,14.522340425531917,14.522340425531917,True
46,department_name,Shopbasket Socks,1,20,0.05,0.0044685371035089,11.189344262295084,11.189344262295084,False
46,product_type_name,Unknown,1,20,0.05,0.006080140649036701,8.223493975903615,8.223493975903615,False
46,product_group_name,Unknown,1,20,0.05,0.006080140649036701,8.223493975903615,8.223493975903615,False
46,department_name,Tops Knitwear,2,20,0.1,0.014357922496520402,6.964795918367347,6.964795918367347,True
46,section_name,"Womens Nightwear, Socks & Tigh",4,20,0.2,0.034869240348692404,5.735714285714286,5.735714285714286,False
46,department_name,Jersey Basic,3,20,0.15,0.026737967914438502,5.61,5.61,False
46,section_name,Womens Everyday Basics,3,20,0.15,0.027177496154127904,5.519272237196765,5.519272237196765,False
46,product_type_name,Leggings/Tights,2,20,0.1,0.018313676653725002,5.4604,5.4604,False
46,product_group_name,Nightwear,1,20,0.05,0.009669621273166801,5.170833333333333,5.170833333333333,False
46,colour_group_name,Green,1,20,0.05,0.009742875979781702,5.131954887218045,5.131954887218045,False
46,product_type_name,Hoodie,2,20,0.1,0.0206578272654018,4.840780141843972,4.840780141843972,False
46,colour_group_name,Light Beige,4,20,0.2,0.0478353234195297,4.181010719754978,4.181010719754978,False
46,section_name,Ladies H&M Sport,2,20,0.1,0.0265182037945938,3.770994475138122,3.770994475138122,False
46,section_name,Womens Jackets,1,20,0.05,0.0136986301369863,3.6500000000000004,3.6500000000000004,False
46,department_name,Basic 1,2,20,0.1,0.029228627939345102,3.4213032581453637,3.4213032581453637,False
46,graphical_appearance_name,Placement print,1,20,0.05,0.014650941322980001,3.4127500000000004,3.4127500000000004,False
46,department_name,Outwear,1,20,0.05,0.0150172148560545,3.3295121951219517,3.3295121951219517,False
46,product_type_name,Sweater,5,20,0.25,0.0791883378507069,3.157030527289547,3.157030527289547,False
46,section_name,Divided Basics,2,20,0.1,0.03208556149732621,3.1166666666666667,3.1166666666666667,False
46,department_name,Trousers,1,20,0.05,0.0164823089883525,3.0335555555555556,3.0335555555555556,False
46,index_group_name,Sport,2,20,0.1,0.033111127389934804,3.020132743362832,3.020132743362832,False
46,garment_group_name,Knitwear,4,20,0.2,0.06695480184601861,2.987089715536105,2.987089715536105,False
46,department_name,Denim Trousers,1,20,0.05,0.0171416013478866,2.916880341880342,2.916880341880342,False
46,garment_group_name,Jersey Basic,5,20,0.25,0.09003003442971211,2.7768510984540278,2.7768510984540278,False
46,colour_group_name,Dark Green,1,20,0.05,0.018533440773569703,2.6978260869565216,2.6978260869565216,False
46,department_name,Knitwear,2,20,0.1,0.039557541572046,2.527962962962963,2.527962962962963,False
46,perceived_colour_master_name,Beige,4,20,0.2,0.08482895026005421,2.357685664939551,2.357685664939551,False
46,product_type_name,Socks,1,20,0.05,0.0240275437696872,2.0809451219512196,2.0809451219512196,False
46,department_name,Jersey fancy,1,20,0.05,0.0247600908358362,2.0193786982248523,2.0193786982248523,False
46,product_type_name,Top,2,20,0.1,0.050692256977510806,1.9726878612716763,1.9726878612716763,False
46,section_name,H&M+,1,20,0.05,0.026811222621053402,1.8648907103825139,1.8648907103825139,False
46,perceived_colour_master_name,Green,1,20,0.05,0.027910043220276903,1.7914698162729659,1.7914698162729659,False
46,colour_group_name,Black,10,20,0.5,0.28027250750860744,1.783978044955567,1.783978044955567,False
46,perceived_colour_master_name,Black,10,20,0.5,0.28173760164090544,1.7747009880395215,1.7747009880395215,False
46,garment_group_name,"Under-, Nightwear",3,20,0.15,0.08475569555343931,1.7697925669835781,1.7697925669835781,False
46,section_name,Ladies Denim,1,20,0.05,0.028862354406270604,1.7323604060913707,1.7323604060913707,False
46,product_type_name,Vest top,1,20,0.05,0.030107684418723902,1.660705596107056,1.660705596107056,False
46,garment_group_name,Socks and Tights,1,20,0.05,0.030254193831953703,1.6526634382566587,1.6526634382566587,False
46,product_group_name,Socks & Tights,1,20,0.05,0.030766976778258005,1.6251190476190476,1.6251190476190476,False
46,graphical_appearance_name,Melange,2,20,0.1,0.0617537176763607,1.6193357058125744,1.6193357058125744,False
46,colour_group_name,Grey,1,20,0.05,0.031059995604717602,1.6097877358490567,1.6097877358490567,False
46,product_type_name,Jacket,1,20,0.05,0.0312797597245623,1.5984777517564404,1.5984777517564404,False
46,colour_group_name,Blue,1,20,0.05,0.033330891509779505,1.5001098901098902,1.5001098901098902,False
46,garment_group_name,Outdoor,1,20,0.05,0.033697165042854006,1.483804347826087,1.483804347826087,False
46,index_group_name,Divided,6,20,0.3,0.2062119991209435,1.4548134991119006,1.4548134991119006,False
46,section_name,Divided Collection,3,20,0.15,0.10409493809977291,1.4409922589725546,1.4409922589725546,False
46,product_group_name,Garment Upper body,11,20,0.55,0.38905574683173394,1.4136791564677087,1.4136791564677087,False
46,perceived_colour_master_name,Grey,2,20,0.1,0.07113032012306791,1.4058702368692069,1.4058702368692069,False
46,graphical_appearance_name,Solid,15,20,0.75,0.5812760969892315,1.290264650283554,1.290264650283554,False
46,section_name,Womens Everyday Collection,3,20,0.15,0.12218885063365321,1.2276079136690647,1.2276079136690647,False
46,product_group_name,Garment Lower body,5,20,0.25,0.2052596879349498,1.2179693076374019,1.2179693076374019,False
46,garment_group_name,Jersey Fancy,4,20,0.2,0.16672771225551242,1.199560632688928,1.199560632688928,False
46,garment_group_name,Trousers Denim,1,20,0.05,0.0430737674895612,1.1607993197278912,1.1607993197278912,False
46,product_type_name,Trousers,3,20,0.15,0.1310526701340561,1.1445779765231974,1.1445779765231974,False
46,index_group_name,Ladieswear,12,20,0.6,0.5894806241301004,1.0178451596868396,1.0178451596868396,False
46,colour_group_name,Dark Blue,1,20,0.05,0.058970038824994506,0.847888198757764,0.847888198757764,False
46,perceived_colour_master_name,Blue,2,20,0.1,0.11933191707567212,0.8379987722529159,0.8379987722529159,False
46,department_name,Jersey,1,20,0.05,0.060801406490367006,0.8223493975903615,0.8223493975903615,False
46,graphical_appearance_name,Denim,1,20,0.05,0.074719800747198,0.6691666666666668,0.6691666666666668,False
46,garment_group_name,Trousers,1,20,0.05,0.0825580543549923,0.6056344276841171,0.6056344276841171,False
46,colour_group_name,White,1,20,0.05,0.0960369203721339,0.5206331045003815,0.5206331045003815,False
46,graphical_appearance_name,All over pattern,1,20,0.05,0.10709838107098381,0.4668604651162791,0.4668604651162791,False
46,product_type_name,Dress,1,20,0.05,0.11750054941029961,0.4255299251870325,0.4255299251870325,False
46,perceived_colour_master_name,White,1,20,0.05,0.12797597245623032,0.3906983400114482,0.3906983400114482,False
46,product_group_name,Garment Full body,1,20,0.05,0.1304666324811369,0.3832397529477822,0.3832397529477822,False
47,department_name,Kids Boy Knitwear,1,20,0.05,0.0005127829463043,97.50714285714287,97.50714285714287,False
47,product_type_name,Hat/brim,1,20,0.05,0.0013185847190682002,37.919444444444444,37.919444444444444,False
47,department_name,Men Sport Tops,1,20,0.05,0.0020511317852172,24.376785714285717,24.376785714285717,False
47,department_name,Young Boy Jersey Basic,1,20,0.05,0.0025639147315215,19.501428571428573,19.501428571428573,False
47,department_name,Shirt,3,20,0.15,0.009156838326862501,16.3812,16.3812,True
47,graphical_appearance_name,Mixed solid/pattern,1,20,0.05,0.0035162259175152005,14.219791666666667,14.219791666666667,False
47,department_name,Gloves/Hats,1,20,0.05,0.0035894806241301004,13.929591836734694,13.929591836734694,False
47,graphical_appearance_name,Application/3D,1,20,0.05,0.0040290088638195,12.410000000000002,12.410000000000002,False
47,garment_group_name,Shirts,3,20,0.15,0.012526554831147901,11.97456140350877,11.97456140350877,True
47,colour_group_name,Light Turquoise,1,20,0.05,0.0049080653431983,10.187313432835822,10.187313432835822,False
47,section_name,Contemporary Casual,2,20,0.1,0.010621932459160502,9.41448275862069,9.41448275862069,True
47,department_name,Suit jacket,1,20,0.05,0.0053475935828877,9.350000000000001,9.350000000000001,False
47,product_type_name,Pyjama set,1,20,0.05,0.0054208482895026005,9.223648648648648,9.223648648648648,False
47,department_name,Newborn,1,20,0.05,0.0055673577027324,8.98092105263158,8.98092105263158,False
47,section_name,Kids Boy,1,20,0.05,0.0056406124093473006,8.864285714285716,8.864285714285716,False
47,section_name,Men H&M Sport,1,20,0.05,0.0057871218225771,8.63987341772152,8.63987341772152,False
47,department_name,Nightwear,1,20,0.05,0.006080140649036701,8.223493975903615,8.223493975903615,False
47,product_type_name,Bodysuit,1,20,0.05,0.006299904768881401,7.936627906976745,7.936627906976745,False
47,section_name,Boys Underwear & Basics,1,20,0.05,0.006373159475496301,7.8454022988505745,7.8454022988505745,False
47,department_name,Belts,1,20,0.05,0.0066661783019559,7.500549450549451,7.500549450549451,False
47,department_name,Denim trousers,1,20,0.05,0.007984763021024101,6.261926605504587,6.261926605504587,False
47,product_type_name,Belt,1,20,0.05,0.0082045271408688,6.094196428571429,6.094196428571429,False
47,section_name,Denim Men,1,20,0.05,0.0085708006739433,5.833760683760684,5.833760683760684,False
47,colour_group_name,Orange,1,20,0.05,0.008790564793788001,5.687916666666666,5.687916666666666,False
47,perceived_colour_master_name,Turquoise,1,20,0.05,0.009230093033477401,5.417063492063492,5.417063492063492,False
47,product_group_name,Nightwear,1,20,0.05,0.009669621273166801,5.170833333333333,5.170833333333333,False
47,section_name,Womens Big accessories,2,20,0.1,0.019925280199252802,5.018750000000001,5.018750000000001,False
47,product_type_name,Shirt,3,20,0.15,0.031646033257636805,4.7399305555555555,4.7399305555555555,False
47,graphical_appearance_name,Other structure,2,20,0.1,0.022855468463848803,4.375320512820513,4.375320512820513,False
47,colour_group_name,Dark Red,1,20,0.05,0.0128195736576075,3.900285714285715,3.900285714285715,False
47,garment_group_name,Dressed,1,20,0.05,0.013112592484067102,3.813128491620112,3.813128491620112,False
47,product_type_name,Blazer,1,20,0.05,0.014211413083290601,3.5182989690721653,3.5182989690721653,False
47,colour_group_name,Blue,2,20,0.1,0.033330891509779505,3.0002197802197803,3.0002197802197803,False
47,product_type_name,Swimwear bottom,1,20,0.05,0.016702073108197203,2.993640350877193,2.993640350877193,False
47,product_type_name,Bikini top,1,20,0.05,0.0171416013478866,2.916880341880342,2.916880341880342,False
47,department_name,Casual Lingerie,1,20,0.05,0.017581129587576003,2.843958333333333,2.843958333333333,False
47,section_name,Baby Essentials & Complements,1,20,0.05,0.017727639000805803,2.8204545454545453,2.8204545454545453,False
47,department_name,Dress,2,20,0.1,0.035894806241301,2.785918367346939,2.785918367346939,False
47,section_name,Contemporary Smart,1,20,0.05,0.0180206578272654,2.7745934959349596,2.7745934959349596,False
47,colour_group_name,Light Pink,2,20,0.1,0.036773862720679805,2.7193227091633467,2.7193227091633467,False
47,colour_group_name,Dark Green,1,20,0.05,0.018533440773569703,2.6978260869565216,2.6978260869565216,False
47,section_name,"Womens Swimwear, beachwear",2,20,0.1,0.0374331550802139,2.6714285714285717,2.6714285714285717,False
47,colour_group_name,Yellowish Brown,1,20,0.05,0.0187532048934144,2.6662109375000003,2.6662109375000003,False
47,garment_group_name,Swimwear,2,20,0.1,0.038531975679437405,2.5952471482889736,2.5952471482889736,False
47,department_name,Swimwear,2,20,0.1,0.038531975679437405,2.5952471482889736,2.5952471482889736,False
47,product_group_name,Swimwear,2,20,0.1,0.0397773056918907,2.513996316758748,2.513996316758748,False
47,product_type_name,Hoodie,1,20,0.05,0.0206578272654018,2.420390070921986,2.420390070921986,False
47,department_name,Dresses,1,20,0.05,0.021024100798476303,2.3782229965156794,2.3782229965156794,False
47,garment_group_name,Dresses Ladies,3,20,0.15,0.06651527360632921,2.2551211453744493,2.2551211453744493,False
47,index_group_name,Baby/Children,3,20,0.15,0.06680829243278881,2.2452302631578944,2.2452302631578944,False
47,graphical_appearance_name,Check,1,20,0.05,0.023001977877078604,2.1737261146496816,2.1737261146496816,False
47,perceived_colour_master_name,Red,1,20,0.05,0.0232217419969233,2.1531545741324924,2.1531545741324924,False
47,section_name,Mama,1,20,0.05,0.023294996703538202,2.1463836477987424,2.1463836477987424,False
47,graphical_appearance_name,Denim,3,20,0.15,0.074719800747198,2.0075000000000003,2.0075000000000003,False
47,index_group_name,Menswear,4,20,0.2,0.10438795692623251,1.9159298245614036,1.9159298245614036,False
47,perceived_colour_master_name,Brown,1,20,0.05,0.026151930261519303,1.911904761904762,1.911904761904762,False
47,colour_group_name,Light Blue,1,20,0.05,0.026957732034283203,1.8547554347826087,1.8547554347826087,False
47,perceived_colour_master_name,Orange,1,20,0.05,0.0273972602739726,1.8250000000000002,1.8250000000000002,False
47,perceived_colour_master_name,Green,1,20,0.05,0.027910043220276903,1.7914698162729659,1.7914698162729659,False
47,product_type_name,Dress,4,20,0.2,0.11750054941029961,1.70211970074813,1.70211970074813,False
47,perceived_colour_master_name,Blue,4,20,0.2,0.11933191707567212,1.6759975445058317,1.6759975445058317,False
47,colour_group_name,Grey,1,20,0.05,0.031059995604717602,1.6097877358490567,1.6097877358490567,False
47,product_type_name,Underwear bottom,1,20,0.05,0.031133250311332503,1.606,1.606,False
47,section_name,Womens Tailoring,2,20,0.1,0.06343857592850341,1.5763279445727483,1.5763279445727483,False
47,product_group_name,Garment Full body,4,20,0.2,0.1304666324811369,1.5329590117911287,1.5329590117911287,False
47,index_group_name,Sport,1,20,0.05,0.033111127389934804,1.510066371681416,1.510066371681416,False
47,perceived_colour_master_name,Pink,2,20,0.1,0.06702805655263351,1.4919125683060108,1.4919125683060108,False
47,garment_group_name,Outdoor,1,20,0.05,0.033697165042854006,1.483804347826087,1.483804347826087,False
47,section_name,"Womens Nightwear, Socks & Tigh",1,20,0.05,0.034869240348692404,1.4339285714285714,1.4339285714285714,False
47,section_name,Womens Casual,1,20,0.05,0.039557541572046,1.2639814814814816,1.2639814814814816,False
47,garment_group_name,"Under-, Nightwear",2,20,0.1,0.08475569555343931,1.1798617113223855,1.1798617113223855,False
47,garment_group_name,Trousers Denim,1,20,0.05,0.0430737674895612,1.1607993197278912,1.1607993197278912,False
47,product_group_name,Garment Upper body,9,20,0.45,0.38905574683173394,1.156646582564489,1.156646582564489,False
47,department_name,Blouse,1,20,0.05,0.043293531609405904,1.154906937394247,1.154906937394247,False
47,product_type_name,Blouse,1,20,0.05,0.045344663394623105,1.1026655896607431,1.1026655896607431,False
47,colour_group_name,Beige,1,20,0.05,0.04585744634092741,1.0903354632587858,1.0903354632587858,False
47,product_group_name,Accessories,2,20,0.1,0.092300930334774,1.0834126984126986,1.0834126984126986,False
47,colour_group_name,White,2,20,0.1,0.0960369203721339,1.041266209000763,1.041266209000763,False
47,garment_group_name,Accessories,2,20,0.1,0.0962566844919786,1.038888888888889,1.038888888888889,False
47,graphical_appearance_name,Solid,11,20,0.55,0.5812760969892315,0.9461940768746062,0.9461940768746062,False
47,index_group_name,Ladieswear,11,20,0.55,0.5894806241301004,0.9330247297129365,0.9330247297129365,False
47,colour_group_name,Black,5,20,0.25,0.28027250750860744,0.8919890224777836,0.8919890224777836,False
47,perceived_colour_master_name,Black,5,20,0.25,0.28173760164090544,0.8873504940197607,0.8873504940197607,False
47,product_type_name,T-shirt,1,20,0.05,0.05757819939931141,0.8683842239185751,0.8683842239185751,False
47,section_name,Womens Lingerie,1,20,0.05,0.05765145410592631,0.8672808132147396,0.8672808132147396,False
47,colour_group_name,Dark Blue,1,20,0.05,0.058970038824994506,0.847888198757764,0.847888198757764,False
47,department_name,Jersey,1,20,0.05,0.060801406490367006,0.8223493975903615,0.8223493975903615,False
47,perceived_colour_master_name,White,2,20,0.1,0.12797597245623032,0.7813966800228964,0.7813966800228964,False
47,garment_group_name,Knitwear,1,20,0.05,0.06695480184601861,0.7467724288840263,0.7467724288840263,False
47,product_group_name,Underwear,1,20,0.05,0.06768734891216761,0.7386904761904761,0.7386904761904761,False
47,perceived_colour_master_name,Grey,1,20,0.05,0.07113032012306791,0.7029351184346034,0.7029351184346034,False
47,product_type_name,Sweater,1,20,0.05,0.0791883378507069,0.6314061054579094,0.6314061054579094,False
47,garment_group_name,Jersey Fancy,2,20,0.1,0.16672771225551242,0.599780316344464,0.599780316344464,False
47,perceived_colour_master_name,Beige,1,20,0.05,0.08482895026005421,0.5894214162348878,0.5894214162348878,False
47,garment_group_name,Blouses,1,20,0.05,0.0860742802725075,0.5808936170212766,0.5808936170212766,False
47,garment_group_name,Jersey Basic,1,20,0.05,0.09003003442971211,0.5553702196908056,0.5553702196908056,False
47,section_name,Divided Collection,1,20,0.05,0.10409493809977291,0.48033075299085154,0.48033075299085154,False
47,graphical_appearance_name,All over pattern,1,20,0.05,0.10709838107098381,0.4668604651162791,0.4668604651162791,False
47,section_name,Womens Everyday Collection,1,20,0.05,0.12218885063365321,0.40920263788968825,0.40920263788968825,False
47,product_type_name,Trousers,1,20,0.05,0.1310526701340561,0.38152599217439914,0.38152599217439914,False
47,product_group_name,Garment Lower body,1,20,0.05,0.2052596879349498,0.2435938615274804,0.2435938615274804,False
47,index_group_name,Divided,1,20,0.05,0.2062119991209435,0.2424689165186501,0.2424689165186501,False
48,department_name,Kids Boy Knitwear,1,20,0.05,0.0005127829463043,97.50714285714287,97.50714285714287,False
48,department_name,Young Girl UW/NW,1,20,0.05,0.0011720753058384,42.659375000000004,42.659375000000004,False
48,product_type_name,Hat/brim,1,20,0.05,0.0013185847190682002,37.919444444444444,37.919444444444444,False
48,department_name,Men Sport Tops,1,20,0.05,0.0020511317852172,24.376785714285717,24.376785714285717,False
48,product_type_name,Pyjama set,2,20,0.1,0.0054208482895026005,18.447297297297297,18.447297297297297,True
48,graphical_appearance_name,Mixed solid/pattern,1,20,0.05,0.0035162259175152005,14.219791666666667,14.219791666666667,False
48,department_name,Gloves/Hats,1,20,0.05,0.0035894806241301004,13.929591836734694,13.929591836734694,False
48,graphical_appearance_name,Treatment,1,20,0.05,0.003955754157204601,12.639814814814814,12.639814814814814,False
48,department_name,Baby basics,1,20,0.05,0.0042487729836642,11.768103448275864,11.768103448275864,False
48,department_name,Other items,1,20,0.05,0.0042487729836642,11.768103448275864,11.768103448275864,False
48,product_group_name,Nightwear,2,20,0.1,0.009669621273166801,10.341666666666667,10.341666666666667,True
48,section_name,Girls Underwear & Basics,1,20,0.05,0.004834810636583401,10.341666666666667,10.341666666666667,False
48,product_type_name,Garment Set,1,20,0.05,0.005127829463043,9.750714285714286,9.750714285714286,False
48,section_name,Kids Boy,1,20,0.05,0.0056406124093473006,8.864285714285716,8.864285714285716,False
48,section_name,Men H&M Sport,1,20,0.05,0.0057871218225771,8.63987341772152,8.63987341772152,False
48,department_name,Nightwear,1,20,0.05,0.006080140649036701,8.223493975903615,8.223493975903615,False
48,department_name,Functional Lingerie,1,20,0.05,0.006373159475496301,7.8454022988505745,7.8454022988505745,False
48,product_type_name,Other accessories,1,20,0.05,0.006959197128415501,7.184736842105264,7.184736842105264,False
48,department_name,Denim trousers,1,20,0.05,0.007984763021024101,6.261926605504587,6.261926605504587,False
48,section_name,Denim Men,1,20,0.05,0.0085708006739433,5.833760683760684,5.833760683760684,False
48,colour_group_name,Orange,1,20,0.05,0.008790564793788001,5.687916666666666,5.687916666666666,False
48,colour_group_name,Grey,3,20,0.15,0.031059995604717602,4.8293632075471695,4.8293632075471695,True
48,colour_group_name,Yellow,1,20,0.05,0.011354479525309501,4.403548387096774,4.403548387096774,False
48,graphical_appearance_name,Other structure,2,20,0.1,0.022855468463848803,4.375320512820513,4.375320512820513,False
48,department_name,Skirt,1,20,0.05,0.011647498351769101,4.292767295597485,4.292767295597485,False
48,department_name,Dress,3,20,0.15,0.035894806241301,4.178877551020408,4.178877551020408,False
48,graphical_appearance_name,Lace,1,20,0.05,0.012673064244377702,3.9453757225433526,3.9453757225433526,False
48,perceived_colour_master_name,Orange,2,20,0.1,0.0273972602739726,3.6500000000000004,3.6500000000000004,False
48,section_name,Womens Jackets,1,20,0.05,0.0136986301369863,3.6500000000000004,3.6500000000000004,False
48,product_type_name,Earring,1,20,0.05,0.014724196029594901,3.395771144278607,3.395771144278607,False
48,colour_group_name,Light Orange,1,20,0.05,0.014724196029594901,3.395771144278607,3.395771144278607,False
48,department_name,Outwear,1,20,0.05,0.0150172148560545,3.3295121951219517,3.3295121951219517,False
48,colour_group_name,Blue,2,20,0.1,0.033330891509779505,3.0002197802197803,3.0002197802197803,False
48,product_type_name,Swimwear bottom,1,20,0.05,0.016702073108197203,2.993640350877193,2.993640350877193,False
48,garment_group_name,Outdoor,2,20,0.1,0.033697165042854006,2.967608695652174,2.967608695652174,False
48,product_type_name,Bikini top,1,20,0.05,0.0171416013478866,2.916880341880342,2.916880341880342,False
48,section_name,Baby Essentials & Complements,1,20,0.05,0.017727639000805803,2.8204545454545453,2.8204545454545453,False
48,perceived_colour_master_name,Grey,4,20,0.2,0.07113032012306791,2.8117404737384137,2.8117404737384137,False
48,section_name,"Womens Swimwear, beachwear",2,20,0.1,0.0374331550802139,2.6714285714285717,2.6714285714285717,False
48,colour_group_name,Yellowish Brown,1,20,0.05,0.0187532048934144,2.6662109375000003,2.6662109375000003,False
48,garment_group_name,Swimwear,2,20,0.1,0.038531975679437405,2.5952471482889736,2.5952471482889736,False
48,department_name,Swimwear,2,20,0.1,0.038531975679437405,2.5952471482889736,2.5952471482889736,False
48,garment_group_name,Skirts,1,20,0.05,0.0195590066661783,2.556367041198502,2.556367041198502,False
48,product_group_name,Swimwear,2,20,0.1,0.0397773056918907,2.513996316758748,2.513996316758748,False
48,section_name,Womens Big accessories,1,20,0.05,0.019925280199252802,2.5093750000000004,2.5093750000000004,False
48,product_type_name,Hoodie,1,20,0.05,0.0206578272654018,2.420390070921986,2.420390070921986,False
48,colour_group_name,Pink,1,20,0.05,0.021024100798476303,2.3782229965156794,2.3782229965156794,False
48,colour_group_name,Gold,1,20,0.05,0.021829902571240203,2.290436241610738,2.290436241610738,False
48,garment_group_name,Dresses Ladies,3,20,0.15,0.06651527360632921,2.2551211453744493,2.2551211453744493,False
48,index_group_name,Baby/Children,3,20,0.15,0.06680829243278881,2.2452302631578944,2.2452302631578944,False
48,perceived_colour_master_name,Yellow,1,20,0.05,0.022635704344004103,2.2088996763754047,2.2088996763754047,False
48,colour_group_name,Beige,2,20,0.1,0.04585744634092741,2.1806709265175717,2.1806709265175717,False
48,department_name,Jewellery,1,20,0.05,0.0230752325836935,2.166825396825397,2.166825396825397,False
48,section_name,Mama,1,20,0.05,0.023294996703538202,2.1463836477987424,2.1463836477987424,False
48,section_name,Womens Small accessories,2,20,0.1,0.0514248040436598,1.9445868945868947,1.9445868945868947,False
48,product_group_name,Garment Full body,5,20,0.25,0.1304666324811369,1.9161987647389107,1.9161987647389107,False
48,perceived_colour_master_name,Brown,1,20,0.05,0.026151930261519303,1.911904761904762,1.911904761904762,False
48,graphical_appearance_name,All over pattern,4,20,0.2,0.10709838107098381,1.8674418604651164,1.8674418604651164,False
48,perceived_colour_master_name,Green,1,20,0.05,0.027910043220276903,1.7914698162729659,1.7914698162729659,False
48,garment_group_name,"Under-, Nightwear",3,20,0.15,0.08475569555343931,1.7697925669835781,1.7697925669835781,False
48,product_type_name,Dress,4,20,0.2,0.11750054941029961,1.70211970074813,1.70211970074813,False
48,colour_group_name,Dark Grey,1,20,0.05,0.029375137352574902,1.70211970074813,1.70211970074813,False
48,perceived_colour_master_name,Metal,1,20,0.05,0.030254193831953703,1.6526634382566587,1.6526634382566587,False
48,product_group_name,Accessories,3,20,0.15,0.092300930334774,1.6251190476190476,1.6251190476190476,False
48,graphical_appearance_name,Melange,2,20,0.1,0.0617537176763607,1.6193357058125744,1.6193357058125744,False
48,product_type_name,Jacket,1,20,0.05,0.0312797597245623,1.5984777517564404,1.5984777517564404,False
48,section_name,Womens Tailoring,2,20,0.1,0.06343857592850341,1.5763279445727483,1.5763279445727483,False
48,garment_group_name,Accessories,3,20,0.15,0.0962566844919786,1.5583333333333333,1.5583333333333333,False
48,product_type_name,Bra,1,20,0.05,0.0326715991502454,1.5303811659192827,1.5303811659192827,False
48,index_group_name,Sport,1,20,0.05,0.033111127389934804,1.510066371681416,1.510066371681416,False
48,product_type_name,Skirt,1,20,0.05,0.033404146216394405,1.4968201754385966,1.4968201754385966,False
48,perceived_colour_master_name,Pink,2,20,0.1,0.06702805655263351,1.4919125683060108,1.4919125683060108,False
48,section_name,"Womens Nightwear, Socks & Tigh",1,20,0.05,0.034869240348692404,1.4339285714285714,1.4339285714285714,False
48,colour_group_name,Light Pink,1,20,0.05,0.036773862720679805,1.3596613545816734,1.3596613545816734,False
48,index_group_name,Ladieswear,15,20,0.75,0.5894806241301004,1.2723064496085497,1.2723064496085497,False
48,section_name,Womens Casual,1,20,0.05,0.039557541572046,1.2639814814814816,1.2639814814814816,False
48,section_name,Womens Everyday Collection,3,20,0.15,0.12218885063365321,1.2276079136690647,1.2276079136690647,False
48,perceived_colour_master_name,Beige,2,20,0.1,0.08482895026005421,1.1788428324697755,1.1788428324697755,False
48,garment_group_name,Trousers Denim,1,20,0.05,0.0430737674895612,1.1607993197278912,1.1607993197278912,False
48,department_name,Blouse,1,20,0.05,0.043293531609405904,1.154906937394247,1.154906937394247,False
48,department_name,Trouser,1,20,0.05,0.0446121163284741,1.1207717569786537,1.1207717569786537,False
48,product_type_name,Blouse,1,20,0.05,0.045344663394623105,1.1026655896607431,1.1026655896607431,False
48,section_name,Womens Lingerie,1,20,0.05,0.05765145410592631,0.8672808132147396,0.8672808132147396,False
48,perceived_colour_master_name,Blue,2,20,0.1,0.11933191707567212,0.8379987722529159,0.8379987722529159,False
48,department_name,Jersey,1,20,0.05,0.060801406490367006,0.8223493975903615,0.8223493975903615,False
48,product_type_name,Trousers,2,20,0.1,0.1310526701340561,0.7630519843487983,0.7630519843487983,False
48,garment_group_name,Knitwear,1,20,0.05,0.06695480184601861,0.7467724288840263,0.7467724288840263,False
48,product_group_name,Underwear,1,20,0.05,0.06768734891216761,0.7386904761904761,0.7386904761904761,False
48,product_group_name,Garment Lower body,3,20,0.15,0.2052596879349498,0.7307815845824411,0.7307815845824411,False
48,colour_group_name,Black,4,20,0.2,0.28027250750860744,0.7135912179822269,0.7135912179822269,False
48,graphical_appearance_name,Solid,8,20,0.4,0.5812760969892315,0.6881411468178954,0.6881411468178954,False
48,graphical_appearance_name,Denim,1,20,0.05,0.074719800747198,0.6691666666666668,0.6691666666666668,False
48,product_type_name,Sweater,1,20,0.05,0.0791883378507069,0.6314061054579094,0.6314061054579094,False
48,garment_group_name,Trousers,1,20,0.05,0.0825580543549923,0.6056344276841171,0.6056344276841171,False
48,garment_group_name,Blouses,1,20,0.05,0.0860742802725075,0.5808936170212766,0.5808936170212766,False
48,garment_group_name,Jersey Basic,1,20,0.05,0.09003003442971211,0.5553702196908056,0.5553702196908056,False
48,perceived_colour_master_name,Black,3,20,0.15,0.28173760164090544,0.5324102964118564,0.5324102964118564,False
48,colour_group_name,White,1,20,0.05,0.0960369203721339,0.5206331045003815,0.5206331045003815,False
48,product_group_name,Garment Upper body,4,20,0.2,0.38905574683173394,0.5140651478064395,0.5140651478064395,False
48,index_group_name,Menswear,1,20,0.05,0.10438795692623251,0.4789824561403509,0.4789824561403509,False
48,perceived_colour_master_name,White,1,20,0.05,0.12797597245623032,0.3906983400114482,0.3906983400114482,False
48,garment_group_name,Jersey Fancy,1,20,0.05,0.16672771225551242,0.299890158172232,0.299890158172232,False
49,department_name,Kids Boy Knitwear,1,20,0.05,0.0005127829463043,97.50714285714287,97.50714285714287,False
49,department_name,Young Girl UW/NW,1,20,0.05,0.0011720753058384,42.659375000000004,42.659375000000004,False
49,product_type_name,Hat/brim,1,20,0.05,0.0013185847190682002,37.919444444444444,37.919444444444444,False
49,department_name,Men Sport Tops,1,20,0.05,0.0020511317852172,24.376785714285717,24.376785714285717,False
49,product_type_name,Pyjama set,2,20,0.1,0.0054208482895026005,18.447297297297297,18.447297297297297,True
49,graphical_appearance_name,Mixed solid/pattern,1,20,0.05,0.0035162259175152005,14.219791666666667,14.219791666666667,False
49,department_name,Gloves/Hats,1,20,0.05,0.0035894806241301004,13.929591836734694,13.929591836734694,False
49,graphical_appearance_name,Treatment,1,20,0.05,0.003955754157204601,12.639814814814814,12.639814814814814,False
49,department_name,Baby basics,1,20,0.05,0.0042487729836642,11.768103448275864,11.768103448275864,False
49,department_name,Other items,1,20,0.05,0.0042487729836642,11.768103448275864,11.768103448275864,False
49,product_group_name,Nightwear,2,20,0.1,0.009669621273166801,10.341666666666667,10.341666666666667,True
49,section_name,Girls Underwear & Basics,1,20,0.05,0.004834810636583401,10.341666666666667,10.341666666666667,False
49,product_type_name,Garment Set,1,20,0.05,0.005127829463043,9.750714285714286,9.750714285714286,False
49,section_name,Kids Boy,1,20,0.05,0.0056406124093473006,8.864285714285716,8.864285714285716,False
49,section_name,Men H&M Sport,1,20,0.05,0.0057871218225771,8.63987341772152,8.63987341772152,False
49,department_name,Nightwear,1,20,0.05,0.006080140649036701,8.223493975903615,8.223493975903615,False
49,department_name,Functional Lingerie,1,20,0.05,0.006373159475496301,7.8454022988505745,7.8454022988505745,False
49,product_type_name,Other accessories,1,20,0.05,0.006959197128415501,7.184736842105264,7.184736842105264,False
49,department_name,Denim trousers,1,20,0.05,0.007984763021024101,6.261926605504587,6.261926605504587,False
49,section_name,Denim Men,1,20,0.05,0.0085708006739433,5.833760683760684,5.833760683760684,False
49,colour_group_name,Orange,1,20,0.05,0.008790564793788001,5.687916666666666,5.687916666666666,False
49,colour_group_name,Grey,3,20,0.15,0.031059995604717602,4.8293632075471695,4.8293632075471695,True
49,colour_group_name,Yellow,1,20,0.05,0.011354479525309501,4.403548387096774,4.403548387096774,False
49,graphical_appearance_name,Other structure,2,20,0.1,0.022855468463848803,4.375320512820513,4.375320512820513,False
49,department_name,Skirt,1,20,0.05,0.011647498351769101,4.292767295597485,4.292767295597485,False
49,department_name,Dress,3,20,0.15,0.035894806241301,4.178877551020408,4.178877551020408,False
49,graphical_appearance_name,Lace,1,20,0.05,0.012673064244377702,3.9453757225433526,3.9453757225433526,False
49,perceived_colour_master_name,Orange,2,20,0.1,0.0273972602739726,3.6500000000000004,3.6500000000000004,False
49,section_name,Womens Jackets,1,20,0.05,0.0136986301369863,3.6500000000000004,3.6500000000000004,False
49,product_type_name,Earring,1,20,0.05,0.014724196029594901,3.395771144278607,3.395771144278607,False
49,colour_group_name,Light Orange,1,20,0.05,0.014724196029594901,3.395771144278607,3.395771144278607,False
49,department_name,Outwear,1,20,0.05,0.0150172148560545,3.3295121951219517,3.3295121951219517,False
49,colour_group_name,Blue,2,20,0.1,0.033330891509779505,3.0002197802197803,3.0002197802197803,False
49,product_type_name,Swimwear bottom,1,20,0.05,0.016702073108197203,2.993640350877193,2.993640350877193,False
49,garment_group_name,Outdoor,2,20,0.1,0.033697165042854006,2.967608695652174,2.967608695652174,False
49,product_type_name,Bikini top,1,20,0.05,0.0171416013478866,2.916880341880342,2.916880341880342,False
49,section_name,Baby Essentials & Complements,1,20,0.05,0.017727639000805803,2.8204545454545453,2.8204545454545453,False
49,perceived_colour_master_name,Grey,4,20,0.2,0.07113032012306791,2.8117404737384137,2.8117404737384137,False
49,section_name,"Womens Swimwear, beachwear",2,20,0.1,0.0374331550802139,2.6714285714285717,2.6714285714285717,False
49,colour_group_name,Yellowish Brown,1,20,0.05,0.0187532048934144,2.6662109375000003,2.6662109375000003,False
49,garment_group_name,Swimwear,2,20,0.1,0.038531975679437405,2.5952471482889736,2.5952471482889736,False
49,department_name,Swimwear,2,20,0.1,0.038531975679437405,2.5952471482889736,2.5952471482889736,False
49,garment_group_name,Skirts,1,20,0.05,0.0195590066661783,2.556367041198502,2.556367041198502,False
49,product_group_name,Swimwear,2,20,0.1,0.0397773056918907,2.513996316758748,2.513996316758748,False
49,section_name,Womens Big accessories,1,20,0.05,0.019925280199252802,2.5093750000000004,2.5093750000000004,False
49,product_type_name,Hoodie,1,20,0.05,0.0206578272654018,2.420390070921986,2.420390070921986,False
49,colour_group_name,Pink,1,20,0.05,0.021024100798476303,2.3782229965156794,2.3782229965156794,False
49,colour_group_name,Gold,1,20,0.05,0.021829902571240203,2.290436241610738,2.290436241610738,False
49,garment_group_name,Dresses Ladies,3,20,0.15,0.06651527360632921,2.2551211453744493,2.2551211453744493,False
49,index_group_name,Baby/Children,3,20,0.15,0.06680829243278881,2.2452302631578944,2.2452302631578944,False
49,perceived_colour_master_name,Yellow,1,20,0.05,0.022635704344004103,2.2088996763754047,2.2088996763754047,False
49,colour_group_name,Beige,2,20,0.1,0.04585744634092741,2.1806709265175717,2.1806709265175717,False
49,department_name,Jewellery,1,20,0.05,0.0230752325836935,2.166825396825397,2.166825396825397,False
49,section_name,Mama,1,20,0.05,0.023294996703538202,2.1463836477987424,2.1463836477987424,False
49,section_name,Womens Small accessories,2,20,0.1,0.0514248040436598,1.9445868945868947,1.9445868945868947,False
49,product_group_name,Garment Full body,5,20,0.25,0.1304666324811369,1.9161987647389107,1.9161987647389107,False
49,perceived_colour_master_name,Brown,1,20,0.05,0.026151930261519303,1.911904761904762,1.911904761904762,False
49,graphical_appearance_name,All over pattern,4,20,0.2,0.10709838107098381,1.8674418604651164,1.8674418604651164,False
49,perceived_colour_master_name,Green,1,20,0.05,0.027910043220276903,1.7914698162729659,1.7914698162729659,False
49,garment_group_name,"Under-, Nightwear",3,20,0.15,0.08475569555343931,1.7697925669835781,1.7697925669835781,False
49,product_type_name,Dress,4,20,0.2,0.11750054941029961,1.70211970074813,1.70211970074813,False
49,colour_group_name,Dark Grey,1,20,0.05,0.029375137352574902,1.70211970074813,1.70211970074813,False
49,perceived_colour_master_name,Metal,1,20,0.05,0.030254193831953703,1.6526634382566587,1.6526634382566587,False
49,product_group_name,Accessories,3,20,0.15,0.092300930334774,1.6251190476190476,1.6251190476190476,False
49,graphical_appearance_name,Melange,2,20,0.1,0.0617537176763607,1.6193357058125744,1.6193357058125744,False
49,product_type_name,Jacket,1,20,0.05,0.0312797597245623,1.5984777517564404,1.5984777517564404,False
49,section_name,Womens Tailoring,2,20,0.1,0.06343857592850341,1.5763279445727483,1.5763279445727483,False
49,garment_group_name,Accessories,3,20,0.15,0.0962566844919786,1.5583333333333333,1.5583333333333333,False
49,product_type_name,Bra,1,20,0.05,0.0326715991502454,1.5303811659192827,1.5303811659192827,False
49,index_group_name,Sport,1,20,0.05,0.033111127389934804,1.510066371681416,1.510066371681416,False
49,product_type_name,Skirt,1,20,0.05,0.033404146216394405,1.4968201754385966,1.4968201754385966,False
49,perceived_colour_master_name,Pink,2,20,0.1,0.06702805655263351,1.4919125683060108,1.4919125683060108,False
49,section_name,"Womens Nightwear, Socks & Tigh",1,20,0.05,0.034869240348692404,1.4339285714285714,1.4339285714285714,False
49,colour_group_name,Light Pink,1,20,0.05,0.036773862720679805,1.3596613545816734,1.3596613545816734,False
49,index_group_name,Ladieswear,15,20,0.75,0.5894806241301004,1.2723064496085497,1.2723064496085497,False
49,section_name,Womens Casual,1,20,0.05,0.039557541572046,1.2639814814814816,1.2639814814814816,False
49,section_name,Womens Everyday Collection,3,20,0.15,0.12218885063365321,1.2276079136690647,1.2276079136690647,False
49,perceived_colour_master_name,Beige,2,20,0.1,0.08482895026005421,1.1788428324697755,1.1788428324697755,False
49,garment_group_name,Trousers Denim,1,20,0.05,0.0430737674895612,1.1607993197278912,1.1607993197278912,False
49,department_name,Blouse,1,20,0.05,0.043293531609405904,1.154906937394247,1.154906937394247,False
49,department_name,Trouser,1,20,0.05,0.0446121163284741,1.1207717569786537,1.1207717569786537,False
49,product_type_name,Blouse,1,20,0.05,0.045344663394623105,1.1026655896607431,1.1026655896607431,False
49,section_name,Womens Lingerie,1,20,0.05,0.05765145410592631,0.8672808132147396,0.8672808132147396,False
49,perceived_colour_master_name,Blue,2,20,0.1,0.11933191707567212,0.8379987722529159,0.8379987722529159,False
49,department_name,Jersey,1,20,0.05,0.060801406490367006,0.8223493975903615,0.8223493975903615,False
49,product_type_name,Trousers,2,20,0.1,0.1310526701340561,0.7630519843487983,0.7630519843487983,False
49,garment_group_name,Knitwear,1,20,0.05,0.06695480184601861,0.7467724288840263,0.7467724288840263,False
49,product_group_name,Underwear,1,20,0.05,0.06768734891216761,0.7386904761904761,0.7386904761904761,False
49,product_group_name,Garment Lower body,3,20,0.15,0.2052596879349498,0.7307815845824411,0.7307815845824411,False
49,colour_group_name,Black,4,20,0.2,0.28027250750860744,0.7135912179822269,0.7135912179822269,False
49,graphical_appearance_name,Solid,8,20,0.4,0.5812760969892315,0.6881411468178954,0.6881411468178954,False
49,graphical_appearance_name,Denim,1,20,0.05,0.074719800747198,0.6691666666666668,0.6691666666666668,False
49,product_type_name,Sweater,1,20,0.05,0.0791883378507069,0.6314061054579094,0.6314061054579094,False
49,garment_group_name,Trousers,1,20,0.05,0.0825580543549923,0.6056344276841171,0.6056344276841171,False
49,garment_group_name,Blouses,1,20,0.05,0.0860742802725075,0.5808936170212766,0.5808936170212766,False
49,garment_group_name,Jersey Basic,1,20,0.05,0.09003003442971211,0.5553702196908056,0.5553702196908056,False
49,perceived_colour_master_name,Black,3,20,0.15,0.28173760164090544,0.5324102964118564,0.5324102964118564,False
49,colour_group_name,White,1,20,0.05,0.0960369203721339,0.5206331045003815,0.5206331045003815,False
49,product_group_name,Garment Upper body,4,20,0.2,0.38905574683173394,0.5140651478064395,0.5140651478064395,False
49,index_group_name,Menswear,1,20,0.05,0.10438795692623251,0.4789824561403509,0.4789824561403509,False
49,perceived_colour_master_name,White,1,20,0.05,0.12797597245623032,0.3906983400114482,0.3906983400114482,False
49,garment_group_name,Jersey Fancy,1,20,0.05,0.16672771225551242,0.299890158172232,0.299890158172232,False
50,department_name,Kids Boy Knitwear,1,20,0.05,0.0005127829463043,97.50714285714287,97.50714285714287,False
50,product_type_name,Hat/brim,1,20,0.05,0.0013185847190682002,37.919444444444444,37.919444444444444,False
50,department_name,Men Sport Tops,1,20,0.05,0.0020511317852172,24.376785714285717,24.376785714285717,False
50,department_name,Young Boy Jersey Basic,1,20,0.05,0.0025639147315215,19.501428571428573,19.501428571428573,False
50,department_name,Shirt,3,20,0.15,0.009156838326862501,16.3812,16.3812,True
50,graphical_appearance_name,Mixed solid/pattern,1,20,0.05,0.0035162259175152005,14.219791666666667,14.219791666666667,False
50,department_name,Gloves/Hats,1,20,0.05,0.0035894806241301004,13.929591836734694,13.929591836734694,False
50,graphical_appearance_name,Application/3D,1,20,0.05,0.0040290088638195,12.410000000000002,12.410000000000002,False
50,garment_group_name,Shirts,3,20,0.15,0.012526554831147901,11.97456140350877,11.97456140350877,True
50,colour_group_name,Light Turquoise,1,20,0.05,0.0049080653431983,10.187313432835822,10.187313432835822,False
50,section_name,Contemporary Casual,2,20,0.1,0.010621932459160502,9.41448275862069,9.41448275862069,True
50,department_name,Suit jacket,1,20,0.05,0.0053475935828877,9.350000000000001,9.350000000000001,False
50,product_type_name,Pyjama set,1,20,0.05,0.0054208482895026005,9.223648648648648,9.223648648648648,False
50,department_name,Newborn,1,20,0.05,0.0055673577027324,8.98092105263158,8.98092105263158,False
50,section_name,Kids Boy,1,20,0.05,0.0056406124093473006,8.864285714285716,8.864285714285716,False
50,section_name,Men H&M Sport,1,20,0.05,0.0057871218225771,8.63987341772152,8.63987341772152,False
50,department_name,Nightwear,1,20,0.05,0.006080140649036701,8.223493975903615,8.223493975903615,False
50,product_type_name,Bodysuit,1,20,0.05,0.006299904768881401,7.936627906976745,7.936627906976745,False
50,section_name,Boys Underwear & Basics,1,20,0.05,0.006373159475496301,7.8454022988505745,7.8454022988505745,False
50,department_name,Belts,1,20,0.05,0.0066661783019559,7.500549450549451,7.500549450549451,False
50,department_name,Denim trousers,1,20,0.05,0.007984763021024101,6.261926605504587,6.261926605504587,False
50,product_type_name,Belt,1,20,0.05,0.0082045271408688,6.094196428571429,6.094196428571429,False
50,section_name,Denim Men,1,20,0.05,0.0085708006739433,5.833760683760684,5.833760683760684,False
50,colour_group_name,Orange,1,20,0.05,0.008790564793788001,5.687916666666666,5.687916666666666,False
50,perceived_colour_master_name,Turquoise,1,20,0.05,0.009230093033477401,5.417063492063492,5.417063492063492,False
50,product_group_name,Nightwear,1,20,0.05,0.009669621273166801,5.170833333333333,5.170833333333333,False
50,section_name,Womens Big accessories,2,20,0.1,0.019925280199252802,5.018750000000001,5.018750000000001,False
50,product_type_name,Shirt,3,20,0.15,0.031646033257636805,4.7399305555555555,4.7399305555555555,False
50,graphical_appearance_name,Other structure,2,20,0.1,0.022855468463848803,4.375320512820513,4.375320512820513,False
50,colour_group_name,Dark Red,1,20,0.05,0.0128195736576075,3.900285714285715,3.900285714285715,False
50,garment_group_name,Dressed,1,20,0.05,0.013112592484067102,3.813128491620112,3.813128491620112,False
50,product_type_name,Blazer,1,20,0.05,0.014211413083290601,3.5182989690721653,3.5182989690721653,False
50,colour_group_name,Blue,2,20,0.1,0.033330891509779505,3.0002197802197803,3.0002197802197803,False
50,product_type_name,Swimwear bottom,1,20,0.05,0.016702073108197203,2.993640350877193,2.993640350877193,False
50,product_type_name,Bikini top,1,20,0.05,0.0171416013478866,2.916880341880342,2.916880341880342,False
50,department_name,Casual Lingerie,1,20,0.05,0.017581129587576003,2.843958333333333,2.843958333333333,False
50,section_name,Baby Essentials & Complements,1,20,0.05,0.017727639000805803,2.8204545454545453,2.8204545454545453,False
50,department_name,Dress,2,20,0.1,0.035894806241301,2.785918367346939,2.785918367346939,False
50,section_name,Contemporary Smart,1,20,0.05,0.0180206578272654,2.7745934959349596,2.7745934959349596,False
50,colour_group_name,Light Pink,2,20,0.1,0.036773862720679805,2.7193227091633467,2.7193227091633467,False
50,colour_group_name,Dark Green,1,20,0.05,0.018533440773569703,2.6978260869565216,2.6978260869565216,False
50,section_name,"Womens Swimwear, beachwear",2,20,0.1,0.0374331550802139,2.6714285714285717,2.6714285714285717,False
50,colour_group_name,Yellowish Brown,1,20,0.05,0.0187532048934144,2.6662109375000003,2.6662109375000003,False
50,garment_group_name,Swimwear,2,20,0.1,0.038531975679437405,2.5952471482889736,2.5952471482889736,False
50,department_name,Swimwear,2,20,0.1,0.038531975679437405,2.5952471482889736,2.5952471482889736,False
50,product_group_name,Swimwear,2,20,0.1,0.0397773056918907,2.513996316758748,2.513996316758748,False
50,product_type_name,Hoodie,1,20,0.05,0.0206578272654018,2.420390070921986,2.420390070921986,False
50,department_name,Dresses,1,20,0.05,0.021024100798476303,2.3782229965156794,2.3782229965156794,False
50,garment_group_name,Dresses Ladies,3,20,0.15,0.06651527360632921,2.2551211453744493,2.2551211453744493,False
50,index_group_name,Baby/Children,3,20,0.15,0.06680829243278881,2.2452302631578944,2.2452302631578944,False
50,graphical_appearance_name,Check,1,20,0.05,0.023001977877078604,2.1737261146496816,2.1737261146496816,False
50,perceived_colour_master_name,Red,1,20,0.05,0.0232217419969233,2.1531545741324924,2.1531545741324924,False
50,section_name,Mama,1,20,0.05,0.023294996703538202,2.1463836477987424,2.1463836477987424,False
50,graphical_appearance_name,Denim,3,20,0.15,0.074719800747198,2.0075000000000003,2.0075000000000003,False
50,index_group_name,Menswear,4,20,0.2,0.10438795692623251,1.9159298245614036,1.9159298245614036,False
50,perceived_colour_master_name,Brown,1,20,0.05,0.026151930261519303,1.911904761904762,1.911904761904762,False
50,colour_group_name,Light Blue,1,20,0.05,0.026957732034283203,1.8547554347826087,1.8547554347826087,False
50,perceived_colour_master_name,Orange,1,20,0.05,0.0273972602739726,1.8250000000000002,1.8250000000000002,False
50,perceived_colour_master_name,Green,1,20,0.05,0.027910043220276903,1.7914698162729659,1.7914698162729659,False
50,product_type_name,Dress,4,20,0.2,0.11750054941029961,1.70211970074813,1.70211970074813,False
50,perceived_colour_master_name,Blue,4,20,0.2,0.11933191707567212,1.6759975445058317,1.6759975445058317,False
50,colour_group_name,Grey,1,20,0.05,0.031059995604717602,1.6097877358490567,1.6097877358490567,False
50,product_type_name,Underwear bottom,1,20,0.05,0.031133250311332503,1.606,1.606,False
50,section_name,Womens Tailoring,2,20,0.1,0.06343857592850341,1.5763279445727483,1.5763279445727483,False
50,product_group_name,Garment Full body,4,20,0.2,0.1304666324811369,1.5329590117911287,1.5329590117911287,False
50,index_group_name,Sport,1,20,0.05,0.033111127389934804,1.510066371681416,1.510066371681416,False
50,perceived_colour_master_name,Pink,2,20,0.1,0.06702805655263351,1.4919125683060108,1.4919125683060108,False
50,garment_group_name,Outdoor,1,20,0.05,0.033697165042854006,1.483804347826087,1.483804347826087,False
50,section_name,"Womens Nightwear, Socks & Tigh",1,20,0.05,0.034869240348692404,1.4339285714285714,1.4339285714285714,False
50,section_name,Womens Casual,1,20,0.05,0.039557541572046,1.2639814814814816,1.2639814814814816,False
50,garment_group_name,"Under-, Nightwear",2,20,0.1,0.08475569555343931,1.1798617113223855,1.1798617113223855,False
50,garment_group_name,Trousers Denim,1,20,0.05,0.0430737674895612,1.1607993197278912,1.1607993197278912,False
50,product_group_name,Garment Upper body,9,20,0.45,0.38905574683173394,1.156646582564489,1.156646582564489,False
50,department_name,Blouse,1,20,0.05,0.043293531609405904,1.154906937394247,1.154906937394247,False
50,product_type_name,Blouse,1,20,0.05,0.045344663394623105,1.1026655896607431,1.1026655896607431,False
50,colour_group_name,Beige,1,20,0.05,0.04585744634092741,1.0903354632587858,1.0903354632587858,False
50,product_group_name,Accessories,2,20,0.1,0.092300930334774,1.0834126984126986,1.0834126984126986,False
50,colour_group_name,White,2,20,0.1,0.0960369203721339,1.041266209000763,1.041266209000763,False
50,garment_group_name,Accessories,2,20,0.1,0.0962566844919786,1.038888888888889,1.038888888888889,False
50,graphical_appearance_name,Solid,11,20,0.55,0.5812760969892315,0.9461940768746062,0.9461940768746062,False
50,index_group_name,Ladieswear,11,20,0.55,0.5894806241301004,0.9330247297129365,0.9330247297129365,False
50,colour_group_name,Black,5,20,0.25,0.28027250750860744,0.8919890224777836,0.8919890224777836,False
50,perceived_colour_master_name,Black,5,20,0.25,0.28173760164090544,0.8873504940197607,0.8873504940197607,False
50,product_type_name,T-shirt,1,20,0.05,0.05757819939931141,0.8683842239185751,0.8683842239185751,False
50,section_name,Womens Lingerie,1,20,0.05,0.05765145410592631,0.8672808132147396,0.8672808132147396,False
50,colour_group_name,Dark Blue,1,20,0.05,0.058970038824994506,0.847888198757764,0.847888198757764,False
50,department_name,Jersey,1,20,0.05,0.060801406490367006,0.8223493975903615,0.8223493975903615,False
50,perceived_colour_master_name,White,2,20,0.1,0.12797597245623032,0.7813966800228964,0.7813966800228964,False
50,garment_group_name,Knitwear,1,20,0.05,0.06695480184601861,0.7467724288840263,0.7467724288840263,False
50,product_group_name,Underwear,1,20,0.05,0.06768734891216761,0.7386904761904761,0.7386904761904761,False
50,perceived_colour_master_name,Grey,1,20,0.05,0.07113032012306791,0.7029351184346034,0.7029351184346034,False
50,product_type_name,Sweater,1,20,0.05,0.0791883378507069,0.6314061054579094,0.6314061054579094,False
50,garment_group_name,Jersey Fancy,2,20,0.1,0.16672771225551242,0.599780316344464,0.599780316344464,False
50,perceived_colour_master_name,Beige,1,20,0.05,0.08482895026005421,0.5894214162348878,0.5894214162348878,False
50,garment_group_name,Blouses,1,20,0.05,0.0860742802725075,0.5808936170212766,0.5808936170212766,False
50,garment_group_name,Jersey Basic,1,20,0.05,0.09003003442971211,0.5553702196908056,0.5553702196908056,False
50,section_name,Divided Collection,1,20,0.05,0.10409493809977291,0.48033075299085154,0.48033075299085154,False
50,graphical_appearance_name,All over pattern,1,20,0.05,0.10709838107098381,0.4668604651162791,0.4668604651162791,False
50,section_name,Womens Everyday Collection,1,20,0.05,0.12218885063365321,0.40920263788968825,0.40920263788968825,False
50,product_type_name,Trousers,1,20,0.05,0.1310526701340561,0.38152599217439914,0.38152599217439914,False
50,product_group_name,Garment Lower body,1,20,0.05,0.2052596879349498,0.2435938615274804,0.2435938615274804,False
50,index_group_name,Divided,1,20,0.05,0.2062119991209435,0.2424689165186501,0.2424689165186501,False
51,product_type_name,Pyjama bottom,1,20,0.05,0.0025639147315215,19.501428571428573,19.501428571428573,False
51,department_name,Loungewear,3,20,0.15,0.009596366566551901,15.630916030534351,15.630916030534351,True
51,department_name,Ladies Sport Bottoms,2,20,0.1,0.0068859424218006005,14.522340425531917,14.522340425531917,True
51,department_name,Shopbasket Socks,1,20,0.05,0.0044685371035089,11.189344262295084,11.189344262295084,False
51,product_type_name,Unknown,1,20,0.05,0.006080140649036701,8.223493975903615,8.223493975903615,False
51,product_group_name,Unknown,1,20,0.05,0.006080140649036701,8.223493975903615,8.223493975903615,False
51,department_name,Tops Knitwear,2,20,0.1,0.014357922496520402,6.964795918367347,6.964795918367347,True
51,section_name,"Womens Nightwear, Socks & Tigh",4,20,0.2,0.034869240348692404,5.735714285714286,5.735714285714286,False
51,department_name,Jersey Basic,3,20,0.15,0.026737967914438502,5.61,5.61,False
51,section_name,Womens Everyday Basics,3,20,0.15,0.027177496154127904,5.519272237196765,5.519272237196765,False
51,product_type_name,Leggings/Tights,2,20,0.1,0.018313676653725002,5.4604,5.4604,False
51,product_group_name,Nightwear,1,20,0.05,0.009669621273166801,5.170833333333333,5.170833333333333,False
51,colour_group_name,Green,1,20,0.05,0.009742875979781702,5.131954887218045,5.131954887218045,False
51,product_type_name,Hoodie,2,20,0.1,0.0206578272654018,4.840780141843972,4.840780141843972,False
51,colour_group_name,Light Beige,4,20,0.2,0.0478353234195297,4.181010719754978,4.181010719754978,False
51,section_name,Ladies H&M Sport,2,20,0.1,0.0265182037945938,3.770994475138122,3.770994475138122,False
51,section_name,Womens Jackets,1,20,0.05,0.0136986301369863,3.6500000000000004,3.6500000000000004,False
51,department_name,Basic 1,2,20,0.1,0.029228627939345102,3.4213032581453637,3.4213032581453637,False
51,graphical_appearance_name,Placement print,1,20,0.05,0.014650941322980001,3.4127500000000004,3.4127500000000004,False
51,department_name,Outwear,1,20,0.05,0.0150172148560545,3.3295121951219517,3.3295121951219517,False
51,product_type_name,Sweater,5,20,0.25,0.0791883378507069,3.157030527289547,3.157030527289547,False
51,section_name,Divided Basics,2,20,0.1,0.03208556149732621,3.1166666666666667,3.1166666666666667,False
51,department_name,Trousers,1,20,0.05,0.0164823089883525,3.0335555555555556,3.0335555555555556,False
51,index_group_name,Sport,2,20,0.1,0.033111127389934804,3.020132743362832,3.020132743362832,False
51,garment_group_name,Knitwear,4,20,0.2,0.06695480184601861,2.987089715536105,2.987089715536105,False
51,department_name,Denim Trousers,1,20,0.05,0.0171416013478866,2.916880341880342,2.916880341880342,False
51,garment_group_name,Jersey Basic,5,20,0.25,0.09003003442971211,2.7768510984540278,2.7768510984540278,False
51,colour_group_name,Dark Green,1,20,0.05,0.018533440773569703,2.6978260869565216,2.6978260869565216,False
51,department_name,Knitwear,2,20,0.1,0.039557541572046,2.527962962962963,2.527962962962963,False
51,perceived_colour_master_name,Beige,4,20,0.2,0.08482895026005421,2.357685664939551,2.357685664939551,False
51,product_type_name,Socks,1,20,0.05,0.0240275437696872,2.0809451219512196,2.0809451219512196,False
51,department_name,Jersey fancy,1,20,0.05,0.0247600908358362,2.0193786982248523,2.0193786982248523,False
51,product_type_name,Top,2,20,0.1,0.050692256977510806,1.9726878612716763,1.9726878612716763,False
51,section_name,H&M+,1,20,0.05,0.026811222621053402,1.8648907103825139,1.8648907103825139,False
51,perceived_colour_master_name,Green,1,20,0.05,0.027910043220276903,1.7914698162729659,1.7914698162729659,False
51,colour_group_name,Black,10,20,0.5,0.28027250750860744,1.783978044955567,1.783978044955567,False
51,perceived_colour_master_name,Black,10,20,0.5,0.28173760164090544,1.7747009880395215,1.7747009880395215,False
51,garment_group_name,"Under-, Nightwear",3,20,0.15,0.08475569555343931,1.7697925669835781,1.7697925669835781,False
51,section_name,Ladies Denim,1,20,0.05,0.028862354406270604,1.7323604060913707,1.7323604060913707,False
51,product_type_name,Vest top,1,20,0.05,0.030107684418723902,1.660705596107056,1.660705596107056,False
51,garment_group_name,Socks and Tights,1,20,0.05,0.030254193831953703,1.6526634382566587,1.6526634382566587,False
51,product_group_name,Socks & Tights,1,20,0.05,0.030766976778258005,1.6251190476190476,1.6251190476190476,False
51,graphical_appearance_name,Melange,2,20,0.1,0.0617537176763607,1.6193357058125744,1.6193357058125744,False
51,colour_group_name,Grey,1,20,0.05,0.031059995604717602,1.6097877358490567,1.6097877358490567,False
51,product_type_name,Jacket,1,20,0.05,0.0312797597245623,1.5984777517564404,1.5984777517564404,False
51,colour_group_name,Blue,1,20,0.05,0.033330891509779505,1.5001098901098902,1.5001098901098902,False
51,garment_group_name,Outdoor,1,20,0.05,0.033697165042854006,1.483804347826087,1.483804347826087,False
51,index_group_name,Divided,6,20,0.3,0.2062119991209435,1.4548134991119006,1.4548134991119006,False
51,section_name,Divided Collection,3,20,0.15,0.10409493809977291,1.4409922589725546,1.4409922589725546,False
51,product_group_name,Garment Upper body,11,20,0.55,0.38905574683173394,1.4136791564677087,1.4136791564677087,False
51,perceived_colour_master_name,Grey,2,20,0.1,0.07113032012306791,1.4058702368692069,1.4058702368692069,False
51,graphical_appearance_name,Solid,15,20,0.75,0.5812760969892315,1.290264650283554,1.290264650283554,False
51,section_name,Womens Everyday Collection,3,20,0.15,0.12218885063365321,1.2276079136690647,1.2276079136690647,False
51,product_group_name,Garment Lower body,5,20,0.25,0.2052596879349498,1.2179693076374019,1.2179693076374019,False
51,garment_group_name,Jersey Fancy,4,20,0.2,0.16672771225551242,1.199560632688928,1.199560632688928,False
51,garment_group_name,Trousers Denim,1,20,0.05,0.0430737674895612,1.1607993197278912,1.1607993197278912,False
51,product_type_name,Trousers,3,20,0.15,0.1310526701340561,1.1445779765231974,1.1445779765231974,False
51,index_group_name,Ladieswear,12,20,0.6,0.5894806241301004,1.0178451596868396,1.0178451596868396,False
51,colour_group_name,Dark Blue,1,20,0.05,0.058970038824994506,0.847888198757764,0.847888198757764,False
51,perceived_colour_master_name,Blue,2,20,0.1,0.11933191707567212,0.8379987722529159,0.8379987722529159,False
51,department_name,Jersey,1,20,0.05,0.060801406490367006,0.8223493975903615,0.8223493975903615,False
51,graphical_appearance_name,Denim,1,20,0.05,0.074719800747198,0.6691666666666668,0.6691666666666668,False
51,garment_group_name,Trousers,1,20,0.05,0.0825580543549923,0.6056344276841171,0.6056344276841171,False
51,colour_group_name,White,1,20,0.05,0.0960369203721339,0.5206331045003815,0.5206331045003815,False
51,graphical_appearance_name,All over pattern,1,20,0.05,0.10709838107098381,0.4668604651162791,0.4668604651162791,False
51,product_type_name,Dress,1,20,0.05,0.11750054941029961,0.4255299251870325,0.4255299251870325,False
51,perceived_colour_master_name,White,1,20,0.05,0.12797597245623032,0.3906983400114482,0.3906983400114482,False
51,product_group_name,Garment Full body,1,20,0.05,0.1304666324811369,0.3832397529477822,0.3832397529477822,False
52,product_type_name,Pyjama bottom,1,20,0.05,0.0025639147315215,19.501428571428573,19.501428571428573,False
52,department_name,Loungewear,3,20,0.15,0.009596366566551901,15.630916030534351,15.630916030534351,True
52,department_name,Ladies Sport Bottoms,2,20,0.1,0.0068859424218006005,14.522340425531917,14.522340425531917,True
52,department_name,Shopbasket Socks,1,20,0.05,0.0044685371035089,11.189344262295084,11.189344262295084,False
52,product_type_name,Unknown,1,20,0.05,0.006080140649036701,8.223493975903615,8.223493975903615,False
52,product_group_name,Unknown,1,20,0.05,0.006080140649036701,8.223493975903615,8.223493975903615,False
52,department_name,Tops Knitwear,2,20,0.1,0.014357922496520402,6.964795918367347,6.964795918367347,True
52,section_name,"Womens Nightwear, Socks & Tigh",4,20,0.2,0.034869240348692404,5.735714285714286,5.735714285714286,False
52,department_name,Jersey Basic,3,20,0.15,0.026737967914438502,5.61,5.61,False
52,section_name,Womens Everyday Basics,3,20,0.15,0.027177496154127904,5.519272237196765,5.519272237196765,False
52,product_type_name,Leggings/Tights,2,20,0.1,0.018313676653725002,5.4604,5.4604,False
52,product_group_name,Nightwear,1,20,0.05,0.009669621273166801,5.170833333333333,5.170833333333333,False
52,colour_group_name,Green,1,20,0.05,0.009742875979781702,5.131954887218045,5.131954887218045,False
52,product_type_name,Hoodie,2,20,0.1,0.0206578272654018,4.840780141843972,4.840780141843972,False
52,colour_group_name,Light Beige,4,20,0.2,0.0478353234195297,4.181010719754978,4.181010719754978,False
52,section_name,Ladies H&M Sport,2,20,0.1,0.0265182037945938,3.770994475138122,3.770994475138122,False
52,section_name,Womens Jackets,1,20,0.05,0.0136986301369863,3.6500000000000004,3.6500000000000004,False
52,department_name,Basic 1,2,20,0.1,0.029228627939345102,3.4213032581453637,3.4213032581453637,False
52,graphical_appearance_name,Placement print,1,20,0.05,0.014650941322980001,3.4127500000000004,3.4127500000000004,False
52,department_name,Outwear,1,20,0.05,0.0150172148560545,3.3295121951219517,3.3295121951219517,False
52,product_type_name,Sweater,5,20,0.25,0.0791883378507069,3.157030527289547,3.157030527289547,False
52,section_name,Divided Basics,2,20,0.1,0.03208556149732621,3.1166666666666667,3.1166666666666667,False
52,department_name,Trousers,1,20,0.05,0.0164823089883525,3.0335555555555556,3.0335555555555556,False
52,index_group_name,Sport,2,20,0.1,0.033111127389934804,3.020132743362832,3.020132743362832,False
52,garment_group_name,Knitwear,4,20,0.2,0.06695480184601861,2.987089715536105,2.987089715536105,False
52,department_name,Denim Trousers,1,20,0.05,0.0171416013478866,2.916880341880342,2.916880341880342,False
52,garment_group_name,Jersey Basic,5,20,0.25,0.09003003442971211,2.7768510984540278,2.7768510984540278,False
52,colour_group_name,Dark Green,1,20,0.05,0.018533440773569703,2.6978260869565216,2.6978260869565216,False
52,department_name,Knitwear,2,20,0.1,0.039557541572046,2.527962962962963,2.527962962962963,False
52,perceived_colour_master_name,Beige,4,20,0.2,0.08482895026005421,2.357685664939551,2.357685664939551,False
52,product_type_name,Socks,1,20,0.05,0.0240275437696872,2.0809451219512196,2.0809451219512196,False
52,department_name,Jersey fancy,1,20,0.05,0.0247600908358362,2.0193786982248523,2.0193786982248523,False
52,product_type_name,Top,2,20,0.1,0.050692256977510806,1.9726878612716763,1.9726878612716763,False
52,section_name,H&M+,1,20,0.05,0.026811222621053402,1.8648907103825139,1.8648907103825139,False
52,perceived_colour_master_name,Green,1,20,0.05,0.027910043220276903,1.7914698162729659,1.7914698162729659,False
52,colour_group_name,Black,10,20,0.5,0.28027250750860744,1.783978044955567,1.783978044955567,False
52,perceived_colour_master_name,Black,10,20,0.5,0.28173760164090544,1.7747009880395215,1.7747009880395215,False
52,garment_group_name,"Under-, Nightwear",3,20,0.15,0.08475569555343931,1.7697925669835781,1.7697925669835781,False
52,section_name,Ladies Denim,1,20,0.05,0.028862354406270604,1.7323604060913707,1.7323604060913707,False
52,product_type_name,Vest top,1,20,0.05,0.030107684418723902,1.660705596107056,1.660705596107056,False
52,garment_group_name,Socks and Tights,1,20,0.05,0.030254193831953703,1.6526634382566587,1.6526634382566587,False
52,product_group_name,Socks & Tights,1,20,0.05,0.030766976778258005,1.6251190476190476,1.6251190476190476,False
52,graphical_appearance_name,Melange,2,20,0.1,0.0617537176763607,1.6193357058125744,1.6193357058125744,False
52,colour_group_name,Grey,1,20,0.05,0.031059995604717602,1.6097877358490567,1.6097877358490567,False
52,product_type_name,Jacket,1,20,0.05,0.0312797597245623,1.5984777517564404,1.5984777517564404,False
52,colour_group_name,Blue,1,20,0.05,0.033330891509779505,1.5001098901098902,1.5001098901098902,False
52,garment_group_name,Outdoor,1,20,0.05,0.033697165042854006,1.483804347826087,1.483804347826087,False
52,index_group_name,Divided,6,20,0.3,0.2062119991209435,1.4548134991119006,1.4548134991119006,False
52,section_name,Divided Collection,3,20,0.15,0.10409493809977291,1.4409922589725546,1.4409922589725546,False
52,product_group_name,Garment Upper body,11,20,0.55,0.38905574683173394,1.4136791564677087,1.4136791564677087,False
52,perceived_colour_master_name,Grey,2,20,0.1,0.07113032012306791,1.4058702368692069,1.4058702368692069,False
52,graphical_appearance_name,Solid,15,20,0.75,0.5812760969892315,1.290264650283554,1.290264650283554,False
52,section_name,Womens Everyday Collection,3,20,0.15,0.12218885063365321,1.2276079136690647,1.2276079136690647,False
52,product_group_name,Garment Lower body,5,20,0.25,0.2052596879349498,1.2179693076374019,1.2179693076374019,False
52,garment_group_name,Jersey Fancy,4,20,0.2,0.16672771225551242,1.199560632688928,1.199560632688928,False
52,garment_group_name,Trousers Denim,1,20,0.05,0.0430737674895612,1.1607993197278912,1.1607993197278912,False
52,product_type_name,Trousers,3,20,0.15,0.1310526701340561,1.1445779765231974,1.1445779765231974,False
52,index_group_name,Ladieswear,12,20,0.6,0.5894806241301004,1.0178451596868396,1.0178451596868396,False
52,colour_group_name,Dark Blue,1,20,0.05,0.058970038824994506,0.847888198757764,0.847888198757764,False
52,perceived_colour_master_name,Blue,2,20,0.1,0.11933191707567212,0.8379987722529159,0.8379987722529159,False
52,department_name,Jersey,1,20,0.05,0.060801406490367006,0.8223493975903615,0.8223493975903615,False
52,graphical_appearance_name,Denim,1,20,0.05,0.074719800747198,0.6691666666666668,0.6691666666666668,False
52,garment_group_name,Trousers,1,20,0.05,0.0825580543549923,0.6056344276841171,0.6056344276841171,False
52,colour_group_name,White,1,20,0.05,0.0960369203721339,0.5206331045003815,0.5206331045003815,False
52,graphical_appearance_name,All over pattern,1,20,0.05,0.10709838107098381,0.4668604651162791,0.4668604651162791,False
52,product_type_name,Dress,1,20,0.05,0.11750054941029961,0.4255299251870325,0.4255299251870325,False
52,perceived_colour_master_name,White,1,20,0.05,0.12797597245623032,0.3906983400114482,0.3906983400114482,False
52,product_group_name,Garment Full body,1,20,0.05,0.1304666324811369,0.3832397529477822,0.3832397529477822,False
53,product_type_name,Pyjama bottom,1,20,0.05,0.0025639147315215,19.501428571428573,19.501428571428573,False
53,department_name,Loungewear,3,20,0.15,0.009596366566551901,15.630916030534351,15.630916030534351,True
53,department_name,Ladies Sport Bottoms,2,20,0.1,0.0068859424218006005,14.522340425531917,14.522340425531917,True
53,department_name,Shopbasket Socks,1,20,0.05,0.0044685371035089,11.189344262295084,11.189344262295084,False
53,product_type_name,Unknown,1,20,0.05,0.006080140649036701,8.223493975903615,8.223493975903615,False
53,product_group_name,Unknown,1,20,0.05,0.006080140649036701,8.223493975903615,8.223493975903615,False
53,department_name,Tops Knitwear,2,20,0.1,0.014357922496520402,6.964795918367347,6.964795918367347,True
53,section_name,"Womens Nightwear, Socks & Tigh",4,20,0.2,0.034869240348692404,5.735714285714286,5.735714285714286,False
53,department_name,Jersey Basic,3,20,0.15,0.026737967914438502,5.61,5.61,False
53,section_name,Womens Everyday Basics,3,20,0.15,0.027177496154127904,5.519272237196765,5.519272237196765,False
53,product_type_name,Leggings/Tights,2,20,0.1,0.018313676653725002,5.4604,5.4604,False
53,product_group_name,Nightwear,1,20,0.05,0.009669621273166801,5.170833333333333,5.170833333333333,False
53,colour_group_name,Green,1,20,0.05,0.009742875979781702,5.131954887218045,5.131954887218045,False
53,product_type_name,Hoodie,2,20,0.1,0.0206578272654018,4.840780141843972,4.840780141843972,False
53,colour_group_name,Light Beige,4,20,0.2,0.0478353234195297,4.181010719754978,4.181010719754978,False
53,section_name,Ladies H&M Sport,2,20,0.1,0.0265182037945938,3.770994475138122,3.770994475138122,False
53,section_name,Womens Jackets,1,20,0.05,0.0136986301369863,3.6500000000000004,3.6500000000000004,False
53,department_name,Basic 1,2,20,0.1,0.029228627939345102,3.4213032581453637,3.4213032581453637,False
53,graphical_appearance_name,Placement print,1,20,0.05,0.014650941322980001,3.4127500000000004,3.4127500000000004,False
53,department_name,Outwear,1,20,0.05,0.0150172148560545,3.3295121951219517,3.3295121951219517,False
53,product_type_name,Sweater,5,20,0.25,0.0791883378507069,3.157030527289547,3.157030527289547,False
53,section_name,Divided Basics,2,20,0.1,0.03208556149732621,3.1166666666666667,3.1166666666666667,False
53,department_name,Trousers,1,20,0.05,0.0164823089883525,3.0335555555555556,3.0335555555555556,False
53,index_group_name,Sport,2,20,0.1,0.033111127389934804,3.020132743362832,3.020132743362832,False
53,garment_group_name,Knitwear,4,20,0.2,0.06695480184601861,2.987089715536105,2.987089715536105,False
53,department_name,Denim Trousers,1,20,0.05,0.0171416013478866,2.916880341880342,2.916880341880342,False
53,garment_group_name,Jersey Basic,5,20,0.25,0.09003003442971211,2.7768510984540278,2.7768510984540278,False
53,colour_group_name,Dark Green,1,20,0.05,0.018533440773569703,2.6978260869565216,2.6978260869565216,False
53,department_name,Knitwear,2,20,0.1,0.039557541572046,2.527962962962963,2.527962962962963,False
53,perceived_colour_master_name,Beige,4,20,0.2,0.08482895026005421,2.357685664939551,2.357685664939551,False
53,product_type_name,Socks,1,20,0.05,0.0240275437696872,2.0809451219512196,2.0809451219512196,False
53,department_name,Jersey fancy,1,20,0.05,0.0247600908358362,2.0193786982248523,2.0193786982248523,False
53,product_type_name,Top,2,20,0.1,0.050692256977510806,1.9726878612716763,1.9726878612716763,False
53,section_name,H&M+,1,20,0.05,0.026811222621053402,1.8648907103825139,1.8648907103825139,False
53,perceived_colour_master_name,Green,1,20,0.05,0.027910043220276903,1.7914698162729659,1.7914698162729659,False
53,colour_group_name,Black,10,20,0.5,0.28027250750860744,1.783978044955567,1.783978044955567,False
53,perceived_colour_master_name,Black,10,20,0.5,0.28173760164090544,1.7747009880395215,1.7747009880395215,False
53,garment_group_name,"Under-, Nightwear",3,20,0.15,0.08475569555343931,1.7697925669835781,1.7697925669835781,False
53,section_name,Ladies Denim,1,20,0.05,0.028862354406270604,1.7323604060913707,1.7323604060913707,False
53,product_type_name,Vest top,1,20,0.05,0.030107684418723902,1.660705596107056,1.660705596107056,False
53,garment_group_name,Socks and Tights,1,20,0.05,0.030254193831953703,1.6526634382566587,1.6526634382566587,False
53,product_group_name,Socks & Tights,1,20,0.05,0.030766976778258005,1.6251190476190476,1.6251190476190476,False
53,graphical_appearance_name,Melange,2,20,0.1,0.0617537176763607,1.6193357058125744,1.6193357058125744,False
53,colour_group_name,Grey,1,20,0.05,0.031059995604717602,1.6097877358490567,1.6097877358490567,False
53,product_type_name,Jacket,1,20,0.05,0.0312797597245623,1.5984777517564404,1.5984777517564404,False
53,colour_group_name,Blue,1,20,0.05,0.033330891509779505,1.5001098901098902,1.5001098901098902,False
53,garment_group_name,Outdoor,1,20,0.05,0.033697165042854006,1.483804347826087,1.483804347826087,False
53,index_group_name,Divided,6,20,0.3,0.2062119991209435,1.4548134991119006,1.4548134991119006,False
53,section_name,Divided Collection,3,20,0.15,0.10409493809977291,1.4409922589725546,1.4409922589725546,False
53,product_group_name,Garment Upper body,11,20,0.55,0.38905574683173394,1.4136791564677087,1.4136791564677087,False
53,perceived_colour_master_name,Grey,2,20,0.1,0.07113032012306791,1.4058702368692069,1.4058702368692069,False
53,graphical_appearance_name,Solid,15,20,0.75,0.5812760969892315,1.290264650283554,1.290264650283554,False
53,section_name,Womens Everyday Collection,3,20,0.15,0.12218885063365321,1.2276079136690647,1.2276079136690647,False
53,product_group_name,Garment Lower body,5,20,0.25,0.2052596879349498,1.2179693076374019,1.2179693076374019,False
53,garment_group_name,Jersey Fancy,4,20,0.2,0.16672771225551242,1.199560632688928,1.199560632688928,False
53,garment_group_name,Trousers Denim,1,20,0.05,0.0430737674895612,1.1607993197278912,1.1607993197278912,False
53,product_type_name,Trousers,3,20,0.15,0.1310526701340561,1.1445779765231974,1.1445779765231974,False
53,index_group_name,Ladieswear,12,20,0.6,0.5894806241301004,1.0178451596868396,1.0178451596868396,False
53,colour_group_name,Dark Blue,1,20,0.05,0.058970038824994506,0.847888198757764,0.847888198757764,False
53,perceived_colour_master_name,Blue,2,20,0.1,0.11933191707567212,0.8379987722529159,0.8379987722529159,False
53,department_name,Jersey,1,20,0.05,0.060801406490367006,0.8223493975903615,0.8223493975903615,False
53,graphical_appearance_name,Denim,1,20,0.05,0.074719800747198,0.6691666666666668,0.6691666666666668,False
53,garment_group_name,Trousers,1,20,0.05,0.0825580543549923,0.6056344276841171,0.6056344276841171,False
53,colour_group_name,White,1,20,0.05,0.0960369203721339,0.5206331045003815,0.5206331045003815,False
53,graphical_appearance_name,All over pattern,1,20,0.05,0.10709838107098381,0.4668604651162791,0.4668604651162791,False
53,product_type_name,Dress,1,20,0.05,0.11750054941029961,0.4255299251870325,0.4255299251870325,False
53,perceived_colour_master_name,White,1,20,0.05,0.12797597245623032,0.3906983400114482,0.3906983400114482,False
53,product_group_name,Garment Full body,1,20,0.05,0.1304666324811369,0.3832397529477822,0.3832397529477822,False
54,department_name,Kids Boy Knitwear,1,20,0.05,0.0005127829463043,97.50714285714287,97.50714285714287,False
54,department_name,Young Girl UW/NW,1,20,0.05,0.0011720753058384,42.659375000000004,42.659375000000004,False
54,product_type_name,Hat/brim,1,20,0.05,0.0013185847190682002,37.919444444444444,37.919444444444444,False
54,department_name,Men Sport Tops,1,20,0.05,0.0020511317852172,24.376785714285717,24.376785714285717,False
54,product_type_name,Pyjama set,2,20,0.1,0.0054208482895026005,18.447297297297297,18.447297297297297,True
54,graphical_appearance_name,Mixed solid/pattern,1,20,0.05,0.0035162259175152005,14.219791666666667,14.219791666666667,False
54,department_name,Gloves/Hats,1,20,0.05,0.0035894806241301004,13.929591836734694,13.929591836734694,False
54,graphical_appearance_name,Treatment,1,20,0.05,0.003955754157204601,12.639814814814814,12.639814814814814,False
54,department_name,Baby basics,1,20,0.05,0.0042487729836642,11.768103448275864,11.768103448275864,False
54,department_name,Other items,1,20,0.05,0.0042487729836642,11.768103448275864,11.768103448275864,False
54,product_group_name,Nightwear,2,20,0.1,0.009669621273166801,10.341666666666667,10.341666666666667,True
54,section_name,Girls Underwear & Basics,1,20,0.05,0.004834810636583401,10.341666666666667,10.341666666666667,False
54,product_type_name,Garment Set,1,20,0.05,0.005127829463043,9.750714285714286,9.750714285714286,False
54,section_name,Kids Boy,1,20,0.05,0.0056406124093473006,8.864285714285716,8.864285714285716,False
54,section_name,Men H&M Sport,1,20,0.05,0.0057871218225771,8.63987341772152,8.63987341772152,False
54,department_name,Nightwear,1,20,0.05,0.006080140649036701,8.223493975903615,8.223493975903615,False
54,department_name,Functional Lingerie,1,20,0.05,0.006373159475496301,7.8454022988505745,7.8454022988505745,False
54,product_type_name,Other accessories,1,20,0.05,0.006959197128415501,7.184736842105264,7.184736842105264,False
54,department_name,Denim trousers,1,20,0.05,0.007984763021024101,6.261926605504587,6.261926605504587,False
54,section_name,Denim Men,1,20,0.05,0.0085708006739433,5.833760683760684,5.833760683760684,False
54,colour_group_name,Orange,1,20,0.05,0.008790564793788001,5.687916666666666,5.687916666666666,False
54,colour_group_name,Grey,3,20,0.15,0.031059995604717602,4.8293632075471695,4.8293632075471695,True
54,colour_group_name,Yellow,1,20,0.05,0.011354479525309501,4.403548387096774,4.403548387096774,False
54,graphical_appearance_name,Other structure,2,20,0.1,0.022855468463848803,4.375320512820513,4.375320512820513,False
54,department_name,Skirt,1,20,0.05,0.011647498351769101,4.292767295597485,4.292767295597485,False
54,department_name,Dress,3,20,0.15,0.035894806241301,4.178877551020408,4.178877551020408,False
54,graphical_appearance_name,Lace,1,20,0.05,0.012673064244377702,3.9453757225433526,3.9453757225433526,False
54,perceived_colour_master_name,Orange,2,20,0.1,0.0273972602739726,3.6500000000000004,3.6500000000000004,False
54,section_name,Womens Jackets,1,20,0.05,0.0136986301369863,3.6500000000000004,3.6500000000000004,False
54,product_type_name,Earring,1,20,0.05,0.014724196029594901,3.395771144278607,3.395771144278607,False
54,colour_group_name,Light Orange,1,20,0.05,0.014724196029594901,3.395771144278607,3.395771144278607,False
54,department_name,Outwear,1,20,0.05,0.0150172148560545,3.3295121951219517,3.3295121951219517,False
54,colour_group_name,Blue,2,20,0.1,0.033330891509779505,3.0002197802197803,3.0002197802197803,False
54,product_type_name,Swimwear bottom,1,20,0.05,0.016702073108197203,2.993640350877193,2.993640350877193,False
54,garment_group_name,Outdoor,2,20,0.1,0.033697165042854006,2.967608695652174,2.967608695652174,False
54,product_type_name,Bikini top,1,20,0.05,0.0171416013478866,2.916880341880342,2.916880341880342,False
54,section_name,Baby Essentials & Complements,1,20,0.05,0.017727639000805803,2.8204545454545453,2.8204545454545453,False
54,perceived_colour_master_name,Grey,4,20,0.2,0.07113032012306791,2.8117404737384137,2.8117404737384137,False
54,section_name,"Womens Swimwear, beachwear",2,20,0.1,0.0374331550802139,2.6714285714285717,2.6714285714285717,False
54,colour_group_name,Yellowish Brown,1,20,0.05,0.0187532048934144,2.6662109375000003,2.6662109375000003,False
54,garment_group_name,Swimwear,2,20,0.1,0.038531975679437405,2.5952471482889736,2.5952471482889736,False
54,department_name,Swimwear,2,20,0.1,0.038531975679437405,2.5952471482889736,2.5952471482889736,False
54,garment_group_name,Skirts,1,20,0.05,0.0195590066661783,2.556367041198502,2.556367041198502,False
54,product_group_name,Swimwear,2,20,0.1,0.0397773056918907,2.513996316758748,2.513996316758748,False
54,section_name,Womens Big accessories,1,20,0.05,0.019925280199252802,2.5093750000000004,2.5093750000000004,False
54,product_type_name,Hoodie,1,20,0.05,0.0206578272654018,2.420390070921986,2.420390070921986,False
54,colour_group_name,Pink,1,20,0.05,0.021024100798476303,2.3782229965156794,2.3782229965156794,False
54,colour_group_name,Gold,1,20,0.05,0.021829902571240203,2.290436241610738,2.290436241610738,False
54,garment_group_name,Dresses Ladies,3,20,0.15,0.06651527360632921,2.2551211453744493,2.2551211453744493,False
54,index_group_name,Baby/Children,3,20,0.15,0.06680829243278881,2.2452302631578944,2.2452302631578944,False
54,perceived_colour_master_name,Yellow,1,20,0.05,0.022635704344004103,2.2088996763754047,2.2088996763754047,False
54,colour_group_name,Beige,2,20,0.1,0.04585744634092741,2.1806709265175717,2.1806709265175717,False
54,department_name,Jewellery,1,20,0.05,0.0230752325836935,2.166825396825397,2.166825396825397,False
54,section_name,Mama,1,20,0.05,0.023294996703538202,2.1463836477987424,2.1463836477987424,False
54,section_name,Womens Small accessories,2,20,0.1,0.0514248040436598,1.9445868945868947,1.9445868945868947,False
54,product_group_name,Garment Full body,5,20,0.25,0.1304666324811369,1.9161987647389107,1.9161987647389107,False
54,perceived_colour_master_name,Brown,1,20,0.05,0.026151930261519303,1.911904761904762,1.911904761904762,False
54,graphical_appearance_name,All over pattern,4,20,0.2,0.10709838107098381,1.8674418604651164,1.8674418604651164,False
54,perceived_colour_master_name,Green,1,20,0.05,0.027910043220276903,1.7914698162729659,1.7914698162729659,False
54,garment_group_name,"Under-, Nightwear",3,20,0.15,0.08475569555343931,1.7697925669835781,1.7697925669835781,False
54,product_type_name,Dress,4,20,0.2,0.11750054941029961,1.70211970074813,1.70211970074813,False
54,colour_group_name,Dark Grey,1,20,0.05,0.029375137352574902,1.70211970074813,1.70211970074813,False
54,perceived_colour_master_name,Metal,1,20,0.05,0.030254193831953703,1.6526634382566587,1.6526634382566587,False
54,product_group_name,Accessories,3,20,0.15,0.092300930334774,1.6251190476190476,1.6251190476190476,False
54,graphical_appearance_name,Melange,2,20,0.1,0.0617537176763607,1.6193357058125744,1.6193357058125744,False
54,product_type_name,Jacket,1,20,0.05,0.0312797597245623,1.5984777517564404,1.5984777517564404,False
54,section_name,Womens Tailoring,2,20,0.1,0.06343857592850341,1.5763279445727483,1.5763279445727483,False
54,garment_group_name,Accessories,3,20,0.15,0.0962566844919786,1.5583333333333333,1.5583333333333333,False
54,product_type_name,Bra,1,20,0.05,0.0326715991502454,1.5303811659192827,1.5303811659192827,False
54,index_group_name,Sport,1,20,0.05,0.033111127389934804,1.510066371681416,1.510066371681416,False
54,product_type_name,Skirt,1,20,0.05,0.033404146216394405,1.4968201754385966,1.4968201754385966,False
54,perceived_colour_master_name,Pink,2,20,0.1,0.06702805655263351,1.4919125683060108,1.4919125683060108,False
54,section_name,"Womens Nightwear, Socks & Tigh",1,20,0.05,0.034869240348692404,1.4339285714285714,1.4339285714285714,False
54,colour_group_name,Light Pink,1,20,0.05,0.036773862720679805,1.3596613545816734,1.3596613545816734,False
54,index_group_name,Ladieswear,15,20,0.75,0.5894806241301004,1.2723064496085497,1.2723064496085497,False
54,section_name,Womens Casual,1,20,0.05,0.039557541572046,1.2639814814814816,1.2639814814814816,False
54,section_name,Womens Everyday Collection,3,20,0.15,0.12218885063365321,1.2276079136690647,1.2276079136690647,False
54,perceived_colour_master_name,Beige,2,20,0.1,0.08482895026005421,1.1788428324697755,1.1788428324697755,False
54,garment_group_name,Trousers Denim,1,20,0.05,0.0430737674895612,1.1607993197278912,1.1607993197278912,False
54,department_name,Blouse,1,20,0.05,0.043293531609405904,1.154906937394247,1.154906937394247,False
54,department_name,Trouser,1,20,0.05,0.0446121163284741,1.1207717569786537,1.1207717569786537,False
54,product_type_name,Blouse,1,20,0.05,0.045344663394623105,1.1026655896607431,1.1026655896607431,False
54,section_name,Womens Lingerie,1,20,0.05,0.05765145410592631,0.8672808132147396,0.8672808132147396,False
54,perceived_colour_master_name,Blue,2,20,0.1,0.11933191707567212,0.8379987722529159,0.8379987722529159,False
54,department_name,Jersey,1,20,0.05,0.060801406490367006,0.8223493975903615,0.8223493975903615,False
54,product_type_name,Trousers,2,20,0.1,0.1310526701340561,0.7630519843487983,0.7630519843487983,False
54,garment_group_name,Knitwear,1,20,0.05,0.06695480184601861,0.7467724288840263,0.7467724288840263,False
54,product_group_name,Underwear,1,20,0.05,0.06768734891216761,0.7386904761904761,0.7386904761904761,False
54,product_group_name,Garment Lower body,3,20,0.15,0.2052596879349498,0.7307815845824411,0.7307815845824411,False
54,colour_group_name,Black,4,20,0.2,0.28027250750860744,0.7135912179822269,0.7135912179822269,False
54,graphical_appearance_name,Solid,8,20,0.4,0.5812760969892315,0.6881411468178954,0.6881411468178954,False
54,graphical_appearance_name,Denim,1,20,0.05,0.074719800747198,0.6691666666666668,0.6691666666666668,False
54,product_type_name,Sweater,1,20,0.05,0.0791883378507069,0.6314061054579094,0.6314061054579094,False
54,garment_group_name,Trousers,1,20,0.05,0.0825580543549923,0.6056344276841171,0.6056344276841171,False
54,garment_group_name,Blouses,1,20,0.05,0.0860742802725075,0.5808936170212766,0.5808936170212766,False
54,garment_group_name,Jersey Basic,1,20,0.05,0.09003003442971211,0.5553702196908056,0.5553702196908056,False
54,perceived_colour_master_name,Black,3,20,0.15,0.28173760164090544,0.5324102964118564,0.5324102964118564,False
54,colour_group_name,White,1,20,0.05,0.0960369203721339,0.5206331045003815,0.5206331045003815,False
54,product_group_name,Garment Upper body,4,20,0.2,0.38905574683173394,0.5140651478064395,0.5140651478064395,False
54,index_group_name,Menswear,1,20,0.05,0.10438795692623251,0.4789824561403509,0.4789824561403509,False
54,perceived_colour_master_name,White,1,20,0.05,0.12797597245623032,0.3906983400114482,0.3906983400114482,False
54,garment_group_name,Jersey Fancy,1,20,0.05,0.16672771225551242,0.299890158172232,0.299890158172232,False
55,department_name,Kids Boy Knitwear,1,20,0.05,0.0005127829463043,97.50714285714287,97.50714285714287,False
55,department_name,Young Girl UW/NW,1,20,0.05,0.0011720753058384,42.659375000000004,42.659375000000004,False
55,product_type_name,Hat/brim,1,20,0.05,0.0013185847190682002,37.919444444444444,37.919444444444444,False
55,department_name,Men Sport Tops,1,20,0.05,0.0020511317852172,24.376785714285717,24.376785714285717,False
55,product_type_name,Pyjama set,2,20,0.1,0.0054208482895026005,18.447297297297297,18.447297297297297,True
55,graphical_appearance_name,Mixed solid/pattern,1,20,0.05,0.0035162259175152005,14.219791666666667,14.219791666666667,False
55,department_name,Gloves/Hats,1,20,0.05,0.0035894806241301004,13.929591836734694,13.929591836734694,False
55,graphical_appearance_name,Treatment,1,20,0.05,0.003955754157204601,12.639814814814814,12.639814814814814,False
55,department_name,Baby basics,1,20,0.05,0.0042487729836642,11.768103448275864,11.768103448275864,False
55,department_name,Other items,1,20,0.05,0.0042487729836642,11.768103448275864,11.768103448275864,False
55,product_group_name,Nightwear,2,20,0.1,0.009669621273166801,10.341666666666667,10.341666666666667,True
55,section_name,Girls Underwear & Basics,1,20,0.05,0.004834810636583401,10.341666666666667,10.341666666666667,False
55,product_type_name,Garment Set,1,20,0.05,0.005127829463043,9.750714285714286,9.750714285714286,False
55,section_name,Kids Boy,1,20,0.05,0.0056406124093473006,8.864285714285716,8.864285714285716,False
55,section_name,Men H&M Sport,1,20,0.05,0.0057871218225771,8.63987341772152,8.63987341772152,False
55,department_name,Nightwear,1,20,0.05,0.006080140649036701,8.223493975903615,8.223493975903615,False
55,department_name,Functional Lingerie,1,20,0.05,0.006373159475496301,7.8454022988505745,7.8454022988505745,False
55,product_type_name,Other accessories,1,20,0.05,0.006959197128415501,7.184736842105264,7.184736842105264,False
55,department_name,Denim trousers,1,20,0.05,0.007984763021024101,6.261926605504587,6.261926605504587,False
55,section_name,Denim Men,1,20,0.05,0.0085708006739433,5.833760683760684,5.833760683760684,False
55,colour_group_name,Orange,1,20,0.05,0.008790564793788001,5.687916666666666,5.687916666666666,False
55,colour_group_name,Grey,3,20,0.15,0.031059995604717602,4.8293632075471695,4.8293632075471695,True
55,colour_group_name,Yellow,1,20,0.05,0.011354479525309501,4.403548387096774,4.403548387096774,False
55,graphical_appearance_name,Other structure,2,20,0.1,0.022855468463848803,4.375320512820513,4.375320512820513,False
55,department_name,Skirt,1,20,0.05,0.011647498351769101,4.292767295597485,4.292767295597485,False
55,department_name,Dress,3,20,0.15,0.035894806241301,4.178877551020408,4.178877551020408,False
55,graphical_appearance_name,Lace,1,20,0.05,0.012673064244377702,3.9453757225433526,3.9453757225433526,False
55,perceived_colour_master_name,Orange,2,20,0.1,0.0273972602739726,3.6500000000000004,3.6500000000000004,False
55,section_name,Womens Jackets,1,20,0.05,0.0136986301369863,3.6500000000000004,3.6500000000000004,False
55,product_type_name,Earring,1,20,0.05,0.014724196029594901,3.395771144278607,3.395771144278607,False
55,colour_group_name,Light Orange,1,20,0.05,0.014724196029594901,3.395771144278607,3.395771144278607,False
55,department_name,Outwear,1,20,0.05,0.0150172148560545,3.3295121951219517,3.3295121951219517,False
55,colour_group_name,Blue,2,20,0.1,0.033330891509779505,3.0002197802197803,3.0002197802197803,False
55,product_type_name,Swimwear bottom,1,20,0.05,0.016702073108197203,2.993640350877193,2.993640350877193,False
55,garment_group_name,Outdoor,2,20,0.1,0.033697165042854006,2.967608695652174,2.967608695652174,False
55,product_type_name,Bikini top,1,20,0.05,0.0171416013478866,2.916880341880342,2.916880341880342,False
55,section_name,Baby Essentials & Complements,1,20,0.05,0.017727639000805803,2.8204545454545453,2.8204545454545453,False
55,perceived_colour_master_name,Grey,4,20,0.2,0.07113032012306791,2.8117404737384137,2.8117404737384137,False
55,section_name,"Womens Swimwear, beachwear",2,20,0.1,0.0374331550802139,2.6714285714285717,2.6714285714285717,False
55,colour_group_name,Yellowish Brown,1,20,0.05,0.0187532048934144,2.6662109375000003,2.6662109375000003,False
55,garment_group_name,Swimwear,2,20,0.1,0.038531975679437405,2.5952471482889736,2.5952471482889736,False
55,department_name,Swimwear,2,20,0.1,0.038531975679437405,2.5952471482889736,2.5952471482889736,False
55,garment_group_name,Skirts,1,20,0.05,0.0195590066661783,2.556367041198502,2.556367041198502,False
55,product_group_name,Swimwear,2,20,0.1,0.0397773056918907,2.513996316758748,2.513996316758748,False
55,section_name,Womens Big accessories,1,20,0.05,0.019925280199252802,2.5093750000000004,2.5093750000000004,False
55,product_type_name,Hoodie,1,20,0.05,0.0206578272654018,2.420390070921986,2.420390070921986,False
55,colour_group_name,Pink,1,20,0.05,0.021024100798476303,2.3782229965156794,2.3782229965156794,False
55,colour_group_name,Gold,1,20,0.05,0.021829902571240203,2.290436241610738,2.290436241610738,False
55,garment_group_name,Dresses Ladies,3,20,0.15,0.06651527360632921,2.2551211453744493,2.2551211453744493,False
55,index_group_name,Baby/Children,3,20,0.15,0.06680829243278881,2.2452302631578944,2.2452302631578944,False
55,perceived_colour_master_name,Yellow,1,20,0.05,0.022635704344004103,2.2088996763754047,2.2088996763754047,False
55,colour_group_name,Beige,2,20,0.1,0.04585744634092741,2.1806709265175717,2.1806709265175717,False
55,department_name,Jewellery,1,20,0.05,0.0230752325836935,2.166825396825397,2.166825396825397,False
55,section_name,Mama,1,20,0.05,0.023294996703538202,2.1463836477987424,2.1463836477987424,False
55,section_name,Womens Small accessories,2,20,0.1,0.0514248040436598,1.9445868945868947,1.9445868945868947,False
55,product_group_name,Garment Full body,5,20,0.25,0.1304666324811369,1.9161987647389107,1.9161987647389107,False
55,perceived_colour_master_name,Brown,1,20,0.05,0.026151930261519303,1.911904761904762,1.911904761904762,False
55,graphical_appearance_name,All over pattern,4,20,0.2,0.10709838107098381,1.8674418604651164,1.8674418604651164,False
55,perceived_colour_master_name,Green,1,20,0.05,0.027910043220276903,1.7914698162729659,1.7914698162729659,False
55,garment_group_name,"Under-, Nightwear",3,20,0.15,0.08475569555343931,1.7697925669835781,1.7697925669835781,False
55,product_type_name,Dress,4,20,0.2,0.11750054941029961,1.70211970074813,1.70211970074813,False
55,colour_group_name,Dark Grey,1,20,0.05,0.029375137352574902,1.70211970074813,1.70211970074813,False
55,perceived_colour_master_name,Metal,1,20,0.05,0.030254193831953703,1.6526634382566587,1.6526634382566587,False
55,product_group_name,Accessories,3,20,0.15,0.092300930334774,1.6251190476190476,1.6251190476190476,False
55,graphical_appearance_name,Melange,2,20,0.1,0.0617537176763607,1.6193357058125744,1.6193357058125744,False
55,product_type_name,Jacket,1,20,0.05,0.0312797597245623,1.5984777517564404,1.5984777517564404,False
55,section_name,Womens Tailoring,2,20,0.1,0.06343857592850341,1.5763279445727483,1.5763279445727483,False
55,garment_group_name,Accessories,3,20,0.15,0.0962566844919786,1.5583333333333333,1.5583333333333333,False
55,product_type_name,Bra,1,20,0.05,0.0326715991502454,1.5303811659192827,1.5303811659192827,False
55,index_group_name,Sport,1,20,0.05,0.033111127389934804,1.510066371681416,1.510066371681416,False
55,product_type_name,Skirt,1,20,0.05,0.033404146216394405,1.4968201754385966,1.4968201754385966,False
55,perceived_colour_master_name,Pink,2,20,0.1,0.06702805655263351,1.4919125683060108,1.4919125683060108,False
55,section_name,"Womens Nightwear, Socks & Tigh",1,20,0.05,0.034869240348692404,1.4339285714285714,1.4339285714285714,False
55,colour_group_name,Light Pink,1,20,0.05,0.036773862720679805,1.3596613545816734,1.3596613545816734,False
55,index_group_name,Ladieswear,15,20,0.75,0.5894806241301004,1.2723064496085497,1.2723064496085497,False
55,section_name,Womens Casual,1,20,0.05,0.039557541572046,1.2639814814814816,1.2639814814814816,False
55,section_name,Womens Everyday Collection,3,20,0.15,0.12218885063365321,1.2276079136690647,1.2276079136690647,False
55,perceived_colour_master_name,Beige,2,20,0.1,0.08482895026005421,1.1788428324697755,1.1788428324697755,False
55,garment_group_name,Trousers Denim,1,20,0.05,0.0430737674895612,1.1607993197278912,1.1607993197278912,False
55,department_name,Blouse,1,20,0.05,0.043293531609405904,1.154906937394247,1.154906937394247,False
55,department_name,Trouser,1,20,0.05,0.0446121163284741,1.1207717569786537,1.1207717569786537,False
55,product_type_name,Blouse,1,20,0.05,0.045344663394623105,1.1026655896607431,1.1026655896607431,False
55,section_name,Womens Lingerie,1,20,0.05,0.05765145410592631,0.8672808132147396,0.8672808132147396,False
55,perceived_colour_master_name,Blue,2,20,0.1,0.11933191707567212,0.8379987722529159,0.8379987722529159,False
55,department_name,Jersey,1,20,0.05,0.060801406490367006,0.8223493975903615,0.8223493975903615,False
55,product_type_name,Trousers,2,20,0.1,0.1310526701340561,0.7630519843487983,0.7630519843487983,False
55,garment_group_name,Knitwear,1,20,0.05,0.06695480184601861,0.7467724288840263,0.7467724288840263,False
55,product_group_name,Underwear,1,20,0.05,0.06768734891216761,0.7386904761904761,0.7386904761904761,False
55,product_group_name,Garment Lower body,3,20,0.15,0.2052596879349498,0.7307815845824411,0.7307815845824411,False
55,colour_group_name,Black,4,20,0.2,0.28027250750860744,0.7135912179822269,0.7135912179822269,False
55,graphical_appearance_name,Solid,8,20,0.4,0.5812760969892315,0.6881411468178954,0.6881411468178954,False
55,graphical_appearance_name,Denim,1,20,0.05,0.074719800747198,0.6691666666666668,0.6691666666666668,False
55,product_type_name,Sweater,1,20,0.05,0.0791883378507069,0.6314061054579094,0.6314061054579094,False
55,garment_group_name,Trousers,1,20,0.05,0.0825580543549923,0.6056344276841171,0.6056344276841171,False
55,garment_group_name,Blouses,1,20,0.05,0.0860742802725075,0.5808936170212766,0.5808936170212766,False
55,garment_group_name,Jersey Basic,1,20,0.05,0.09003003442971211,0.5553702196908056,0.5553702196908056,False
55,perceived_colour_master_name,Black,3,20,0.15,0.28173760164090544,0.5324102964118564,0.5324102964118564,False
55,colour_group_name,White,1,20,0.05,0.0960369203721339,0.5206331045003815,0.5206331045003815,False
55,product_group_name,Garment Upper body,4,20,0.2,0.38905574683173394,0.5140651478064395,0.5140651478064395,False
55,index_group_name,Menswear,1,20,0.05,0.10438795692623251,0.4789824561403509,0.4789824561403509,False
55,perceived_colour_master_name,White,1,20,0.05,0.12797597245623032,0.3906983400114482,0.3906983400114482,False
55,garment_group_name,Jersey Fancy,1,20,0.05,0.16672771225551242,0.299890158172232,0.299890158172232,False
56,department_name,Kids Boy Knitwear,1,20,0.05,0.0005127829463043,97.50714285714287,97.50714285714287,False
56,department_name,Young Girl UW/NW,1,20,0.05,0.0011720753058384,42.659375000000004,42.659375000000004,False
56,product_type_name,Hat/brim,1,20,0.05,0.0013185847190682002,37.919444444444444,37.919444444444444,False
56,department_name,Men Sport Tops,1,20,0.05,0.0020511317852172,24.376785714285717,24.376785714285717,False
56,product_type_name,Pyjama set,2,20,0.1,0.0054208482895026005,18.447297297297297,18.447297297297297,True
56,graphical_appearance_name,Mixed solid/pattern,1,20,0.05,0.0035162259175152005,14.219791666666667,14.219791666666667,False
56,department_name,Gloves/Hats,1,20,0.05,0.0035894806241301004,13.929591836734694,13.929591836734694,False
56,graphical_appearance_name,Treatment,1,20,0.05,0.003955754157204601,12.639814814814814,12.639814814814814,False
56,department_name,Baby basics,1,20,0.05,0.0042487729836642,11.768103448275864,11.768103448275864,False
56,department_name,Other items,1,20,0.05,0.0042487729836642,11.768103448275864,11.768103448275864,False
56,product_group_name,Nightwear,2,20,0.1,0.009669621273166801,10.341666666666667,10.341666666666667,True
56,section_name,Girls Underwear & Basics,1,20,0.05,0.004834810636583401,10.341666666666667,10.341666666666667,False
56,product_type_name,Garment Set,1,20,0.05,0.005127829463043,9.750714285714286,9.750714285714286,False
56,section_name,Kids Boy,1,20,0.05,0.0056406124093473006,8.864285714285716,8.864285714285716,False
56,section_name,Men H&M Sport,1,20,0.05,0.0057871218225771,8.63987341772152,8.63987341772152,False
56,department_name,Nightwear,1,20,0.05,0.006080140649036701,8.223493975903615,8.223493975903615,False
56,department_name,Functional Lingerie,1,20,0.05,0.006373159475496301,7.8454022988505745,7.8454022988505745,False
56,product_type_name,Other accessories,1,20,0.05,0.006959197128415501,7.184736842105264,7.184736842105264,False
56,department_name,Denim trousers,1,20,0.05,0.007984763021024101,6.261926605504587,6.261926605504587,False
56,section_name,Denim Men,1,20,0.05,0.0085708006739433,5.833760683760684,5.833760683760684,False
56,colour_group_name,Orange,1,20,0.05,0.008790564793788001,5.687916666666666,5.687916666666666,False
56,colour_group_name,Grey,3,20,0.15,0.031059995604717602,4.8293632075471695,4.8293632075471695,True
56,colour_group_name,Yellow,1,20,0.05,0.011354479525309501,4.403548387096774,4.403548387096774,False
56,graphical_appearance_name,Other structure,2,20,0.1,0.022855468463848803,4.375320512820513,4.375320512820513,False
56,department_name,Skirt,1,20,0.05,0.011647498351769101,4.292767295597485,4.292767295597485,False
56,department_name,Dress,3,20,0.15,0.035894806241301,4.178877551020408,4.178877551020408,False
56,graphical_appearance_name,Lace,1,20,0.05,0.012673064244377702,3.9453757225433526,3.9453757225433526,False
56,perceived_colour_master_name,Orange,2,20,0.1,0.0273972602739726,3.6500000000000004,3.6500000000000004,False
56,section_name,Womens Jackets,1,20,0.05,0.0136986301369863,3.6500000000000004,3.6500000000000004,False
56,product_type_name,Earring,1,20,0.05,0.014724196029594901,3.395771144278607,3.395771144278607,False
56,colour_group_name,Light Orange,1,20,0.05,0.014724196029594901,3.395771144278607,3.395771144278607,False
56,department_name,Outwear,1,20,0.05,0.0150172148560545,3.3295121951219517,3.3295121951219517,False
56,colour_group_name,Blue,2,20,0.1,0.033330891509779505,3.0002197802197803,3.0002197802197803,False
56,product_type_name,Swimwear bottom,1,20,0.05,0.016702073108197203,2.993640350877193,2.993640350877193,False
56,garment_group_name,Outdoor,2,20,0.1,0.033697165042854006,2.967608695652174,2.967608695652174,False
56,product_type_name,Bikini top,1,20,0.05,0.0171416013478866,2.916880341880342,2.916880341880342,False
56,section_name,Baby Essentials & Complements,1,20,0.05,0.017727639000805803,2.8204545454545453,2.8204545454545453,False
56,perceived_colour_master_name,Grey,4,20,0.2,0.07113032012306791,2.8117404737384137,2.8117404737384137,False
56,section_name,"Womens Swimwear, beachwear",2,20,0.1,0.0374331550802139,2.6714285714285717,2.6714285714285717,False
56,colour_group_name,Yellowish Brown,1,20,0.05,0.0187532048934144,2.6662109375000003,2.6662109375000003,False
56,garment_group_name,Swimwear,2,20,0.1,0.038531975679437405,2.5952471482889736,2.5952471482889736,False
56,department_name,Swimwear,2,20,0.1,0.038531975679437405,2.5952471482889736,2.5952471482889736,False
56,garment_group_name,Skirts,1,20,0.05,0.0195590066661783,2.556367041198502,2.556367041198502,False
56,product_group_name,Swimwear,2,20,0.1,0.0397773056918907,2.513996316758748,2.513996316758748,False
56,section_name,Womens Big accessories,1,20,0.05,0.019925280199252802,2.5093750000000004,2.5093750000000004,False
56,product_type_name,Hoodie,1,20,0.05,0.0206578272654018,2.420390070921986,2.420390070921986,False
56,colour_group_name,Pink,1,20,0.05,0.021024100798476303,2.3782229965156794,2.3782229965156794,False
56,colour_group_name,Gold,1,20,0.05,0.021829902571240203,2.290436241610738,2.290436241610738,False
56,garment_group_name,Dresses Ladies,3,20,0.15,0.06651527360632921,2.2551211453744493,2.2551211453744493,False
56,index_group_name,Baby/Children,3,20,0.15,0.06680829243278881,2.2452302631578944,2.2452302631578944,False
56,perceived_colour_master_name,Yellow,1,20,0.05,0.022635704344004103,2.2088996763754047,2.2088996763754047,False
56,colour_group_name,Beige,2,20,0.1,0.04585744634092741,2.1806709265175717,2.1806709265175717,False
56,department_name,Jewellery,1,20,0.05,0.0230752325836935,2.166825396825397,2.166825396825397,False
56,section_name,Mama,1,20,0.05,0.023294996703538202,2.1463836477987424,2.1463836477987424,False
56,section_name,Womens Small accessories,2,20,0.1,0.0514248040436598,1.9445868945868947,1.9445868945868947,False
56,product_group_name,Garment Full body,5,20,0.25,0.1304666324811369,1.9161987647389107,1.9161987647389107,False
56,perceived_colour_master_name,Brown,1,20,0.05,0.026151930261519303,1.911904761904762,1.911904761904762,False
56,graphical_appearance_name,All over pattern,4,20,0.2,0.10709838107098381,1.8674418604651164,1.8674418604651164,False
56,perceived_colour_master_name,Green,1,20,0.05,0.027910043220276903,1.7914698162729659,1.7914698162729659,False
56,garment_group_name,"Under-, Nightwear",3,20,0.15,0.08475569555343931,1.7697925669835781,1.7697925669835781,False
56,product_type_name,Dress,4,20,0.2,0.11750054941029961,1.70211970074813,1.70211970074813,False
56,colour_group_name,Dark Grey,1,20,0.05,0.029375137352574902,1.70211970074813,1.70211970074813,False
56,perceived_colour_master_name,Metal,1,20,0.05,0.030254193831953703,1.6526634382566587,1.6526634382566587,False
56,product_group_name,Accessories,3,20,0.15,0.092300930334774,1.6251190476190476,1.6251190476190476,False
56,graphical_appearance_name,Melange,2,20,0.1,0.0617537176763607,1.6193357058125744,1.6193357058125744,False
56,product_type_name,Jacket,1,20,0.05,0.0312797597245623,1.5984777517564404,1.5984777517564404,False
56,section_name,Womens Tailoring,2,20,0.1,0.06343857592850341,1.5763279445727483,1.5763279445727483,False
56,garment_group_name,Accessories,3,20,0.15,0.0962566844919786,1.5583333333333333,1.5583333333333333,False
56,product_type_name,Bra,1,20,0.05,0.0326715991502454,1.5303811659192827,1.5303811659192827,False
56,index_group_name,Sport,1,20,0.05,0.033111127389934804,1.510066371681416,1.510066371681416,False
56,product_type_name,Skirt,1,20,0.05,0.033404146216394405,1.4968201754385966,1.4968201754385966,False
56,perceived_colour_master_name,Pink,2,20,0.1,0.06702805655263351,1.4919125683060108,1.4919125683060108,False
56,section_name,"Womens Nightwear, Socks & Tigh",1,20,0.05,0.034869240348692404,1.4339285714285714,1.4339285714285714,False
56,colour_group_name,Light Pink,1,20,0.05,0.036773862720679805,1.3596613545816734,1.3596613545816734,False
56,index_group_name,Ladieswear,15,20,0.75,0.5894806241301004,1.2723064496085497,1.2723064496085497,False
56,section_name,Womens Casual,1,20,0.05,0.039557541572046,1.2639814814814816,1.2639814814814816,False
56,section_name,Womens Everyday Collection,3,20,0.15,0.12218885063365321,1.2276079136690647,1.2276079136690647,False
56,perceived_colour_master_name,Beige,2,20,0.1,0.08482895026005421,1.1788428324697755,1.1788428324697755,False
56,garment_group_name,Trousers Denim,1,20,0.05,0.0430737674895612,1.1607993197278912,1.1607993197278912,False
56,department_name,Blouse,1,20,0.05,0.043293531609405904,1.154906937394247,1.154906937394247,False
56,department_name,Trouser,1,20,0.05,0.0446121163284741,1.1207717569786537,1.1207717569786537,False
56,product_type_name,Blouse,1,20,0.05,0.045344663394623105,1.1026655896607431,1.1026655896607431,False
56,section_name,Womens Lingerie,1,20,0.05,0.05765145410592631,0.8672808132147396,0.8672808132147396,False
56,perceived_colour_master_name,Blue,2,20,0.1,0.11933191707567212,0.8379987722529159,0.8379987722529159,False
56,department_name,Jersey,1,20,0.05,0.060801406490367006,0.8223493975903615,0.8223493975903615,False
56,product_type_name,Trousers,2,20,0.1,0.1310526701340561,0.7630519843487983,0.7630519843487983,False
56,garment_group_name,Knitwear,1,20,0.05,0.06695480184601861,0.7467724288840263,0.7467724288840263,False
56,product_group_name,Underwear,1,20,0.05,0.06768734891216761,0.7386904761904761,0.7386904761904761,False
56,product_group_name,Garment Lower body,3,20,0.15,0.2052596879349498,0.7307815845824411,0.7307815845824411,False
56,colour_group_name,Black,4,20,0.2,0.28027250750860744,0.7135912179822269,0.7135912179822269,False
56,graphical_appearance_name,Solid,8,20,0.4,0.5812760969892315,0.6881411468178954,0.6881411468178954,False
56,graphical_appearance_name,Denim,1,20,0.05,0.074719800747198,0.6691666666666668,0.6691666666666668,False
56,product_type_name,Sweater,1,20,0.05,0.0791883378507069,0.6314061054579094,0.6314061054579094,False
56,garment_group_name,Trousers,1,20,0.05,0.0825580543549923,0.6056344276841171,0.6056344276841171,False
56,garment_group_name,Blouses,1,20,0.05,0.0860742802725075,0.5808936170212766,0.5808936170212766,False
56,garment_group_name,Jersey Basic,1,20,0.05,0.09003003442971211,0.5553702196908056,0.5553702196908056,False
56,perceived_colour_master_name,Black,3,20,0.15,0.28173760164090544,0.5324102964118564,0.5324102964118564,False
56,colour_group_name,White,1,20,0.05,0.0960369203721339,0.5206331045003815,0.5206331045003815,False
56,product_group_name,Garment Upper body,4,20,0.2,0.38905574683173394,0.5140651478064395,0.5140651478064395,False
56,index_group_name,Menswear,1,20,0.05,0.10438795692623251,0.4789824561403509,0.4789824561403509,False
56,perceived_colour_master_name,White,1,20,0.05,0.12797597245623032,0.3906983400114482,0.3906983400114482,False
56,garment_group_name,Jersey Fancy,1,20,0.05,0.16672771225551242,0.299890158172232,0.299890158172232,False
57,department_name,Kids Boy Knitwear,1,20,0.05,0.0005127829463043,97.50714285714287,97.50714285714287,False
57,department_name,Young Girl UW/NW,1,20,0.05,0.0011720753058384,42.659375000000004,42.659375000000004,False
57,product_type_name,Hat/brim,1,20,0.05,0.0013185847190682002,37.919444444444444,37.919444444444444,False
57,department_name,Men Sport Tops,1,20,0.05,0.0020511317852172,24.376785714285717,24.376785714285717,False
57,product_type_name,Pyjama set,2,20,0.1,0.0054208482895026005,18.447297297297297,18.447297297297297,True
57,graphical_appearance_name,Mixed solid/pattern,1,20,0.05,0.0035162259175152005,14.219791666666667,14.219791666666667,False
57,department_name,Gloves/Hats,1,20,0.05,0.0035894806241301004,13.929591836734694,13.929591836734694,False
57,graphical_appearance_name,Treatment,1,20,0.05,0.003955754157204601,12.639814814814814,12.639814814814814,False
57,department_name,Baby basics,1,20,0.05,0.0042487729836642,11.768103448275864,11.768103448275864,False
57,department_name,Other items,1,20,0.05,0.0042487729836642,11.768103448275864,11.768103448275864,False
57,product_group_name,Nightwear,2,20,0.1,0.009669621273166801,10.341666666666667,10.341666666666667,True
57,section_name,Girls Underwear & Basics,1,20,0.05,0.004834810636583401,10.341666666666667,10.341666666666667,False
57,product_type_name,Garment Set,1,20,0.05,0.005127829463043,9.750714285714286,9.750714285714286,False
57,section_name,Kids Boy,1,20,0.05,0.0056406124093473006,8.864285714285716,8.864285714285716,False
57,section_name,Men H&M Sport,1,20,0.05,0.0057871218225771,8.63987341772152,8.63987341772152,False
57,department_name,Nightwear,1,20,0.05,0.006080140649036701,8.223493975903615,8.223493975903615,False
57,department_name,Functional Lingerie,1,20,0.05,0.006373159475496301,7.8454022988505745,7.8454022988505745,False
57,product_type_name,Other accessories,1,20,0.05,0.006959197128415501,7.184736842105264,7.184736842105264,False
57,department_name,Denim trousers,1,20,0.05,0.007984763021024101,6.261926605504587,6.261926605504587,False
57,section_name,Denim Men,1,20,0.05,0.0085708006739433,5.833760683760684,5.833760683760684,False
57,colour_group_name,Orange,1,20,0.05,0.008790564793788001,5.687916666666666,5.687916666666666,False
57,colour_group_name,Grey,3,20,0.15,0.031059995604717602,4.8293632075471695,4.8293632075471695,True
57,colour_group_name,Yellow,1,20,0.05,0.011354479525309501,4.403548387096774,4.403548387096774,False
57,graphical_appearance_name,Other structure,2,20,0.1,0.022855468463848803,4.375320512820513,4.375320512820513,False
57,department_name,Skirt,1,20,0.05,0.011647498351769101,4.292767295597485,4.292767295597485,False
57,department_name,Dress,3,20,0.15,0.035894806241301,4.178877551020408,4.178877551020408,False
57,graphical_appearance_name,Lace,1,20,0.05,0.012673064244377702,3.9453757225433526,3.9453757225433526,False
57,perceived_colour_master_name,Orange,2,20,0.1,0.0273972602739726,3.6500000000000004,3.6500000000000004,False
57,section_name,Womens Jackets,1,20,0.05,0.0136986301369863,3.6500000000000004,3.6500000000000004,False
57,product_type_name,Earring,1,20,0.05,0.014724196029594901,3.395771144278607,3.395771144278607,False
57,colour_group_name,Light Orange,1,20,0.05,0.014724196029594901,3.395771144278607,3.395771144278607,False
57,department_name,Outwear,1,20,0.05,0.0150172148560545,3.3295121951219517,3.3295121951219517,False
57,colour_group_name,Blue,2,20,0.1,0.033330891509779505,3.0002197802197803,3.0002197802197803,False
57,product_type_name,Swimwear bottom,1,20,0.05,0.016702073108197203,2.993640350877193,2.993640350877193,False
57,garment_group_name,Outdoor,2,20,0.1,0.033697165042854006,2.967608695652174,2.967608695652174,False
57,product_type_name,Bikini top,1,20,0.05,0.0171416013478866,2.916880341880342,2.916880341880342,False
57,section_name,Baby Essentials & Complements,1,20,0.05,0.017727639000805803,2.8204545454545453,2.8204545454545453,False
57,perceived_colour_master_name,Grey,4,20,0.2,0.07113032012306791,2.8117404737384137,2.8117404737384137,False
57,section_name,"Womens Swimwear, beachwear",2,20,0.1,0.0374331550802139,2.6714285714285717,2.6714285714285717,False
57,colour_group_name,Yellowish Brown,1,20,0.05,0.0187532048934144,2.6662109375000003,2.6662109375000003,False
57,garment_group_name,Swimwear,2,20,0.1,0.038531975679437405,2.5952471482889736,2.5952471482889736,False
57,department_name,Swimwear,2,20,0.1,0.038531975679437405,2.5952471482889736,2.5952471482889736,False
57,garment_group_name,Skirts,1,20,0.05,0.0195590066661783,2.556367041198502,2.556367041198502,False
57,product_group_name,Swimwear,2,20,0.1,0.0397773056918907,2.513996316758748,2.513996316758748,False
57,section_name,Womens Big accessories,1,20,0.05,0.019925280199252802,2.5093750000000004,2.5093750000000004,False
57,product_type_name,Hoodie,1,20,0.05,0.0206578272654018,2.420390070921986,2.420390070921986,False
57,colour_group_name,Pink,1,20,0.05,0.021024100798476303,2.3782229965156794,2.3782229965156794,False
57,colour_group_name,Gold,1,20,0.05,0.021829902571240203,2.290436241610738,2.290436241610738,False
57,garment_group_name,Dresses Ladies,3,20,0.15,0.06651527360632921,2.2551211453744493,2.2551211453744493,False
57,index_group_name,Baby/Children,3,20,0.15,0.06680829243278881,2.2452302631578944,2.2452302631578944,False
57,perceived_colour_master_name,Yellow,1,20,0.05,0.022635704344004103,2.2088996763754047,2.2088996763754047,False
57,colour_group_name,Beige,2,20,0.1,0.04585744634092741,2.1806709265175717,2.1806709265175717,False
57,department_name,Jewellery,1,20,0.05,0.0230752325836935,2.166825396825397,2.166825396825397,False
57,section_name,Mama,1,20,0.05,0.023294996703538202,2.1463836477987424,2.1463836477987424,False
57,section_name,Womens Small accessories,2,20,0.1,0.0514248040436598,1.9445868945868947,1.9445868945868947,False
57,product_group_name,Garment Full body,5,20,0.25,0.1304666324811369,1.9161987647389107,1.9161987647389107,False
57,perceived_colour_master_name,Brown,1,20,0.05,0.026151930261519303,1.911904761904762,1.911904761904762,False
57,graphical_appearance_name,All over pattern,4,20,0.2,0.10709838107098381,1.8674418604651164,1.8674418604651164,False
57,perceived_colour_master_name,Green,1,20,0.05,0.027910043220276903,1.7914698162729659,1.7914698162729659,False
57,garment_group_name,"Under-, Nightwear",3,20,0.15,0.08475569555343931,1.7697925669835781,1.7697925669835781,False
57,product_type_name,Dress,4,20,0.2,0.11750054941029961,1.70211970074813,1.70211970074813,False
57,colour_group_name,Dark Grey,1,20,0.05,0.029375137352574902,1.70211970074813,1.70211970074813,False
57,perceived_colour_master_name,Metal,1,20,0.05,0.030254193831953703,1.6526634382566587,1.6526634382566587,False
57,product_group_name,Accessories,3,20,0.15,0.092300930334774,1.6251190476190476,1.6251190476190476,False
57,graphical_appearance_name,Melange,2,20,0.1,0.0617537176763607,1.6193357058125744,1.6193357058125744,False
57,product_type_name,Jacket,1,20,0.05,0.0312797597245623,1.5984777517564404,1.5984777517564404,False
57,section_name,Womens Tailoring,2,20,0.1,0.06343857592850341,1.5763279445727483,1.5763279445727483,False
57,garment_group_name,Accessories,3,20,0.15,0.0962566844919786,1.5583333333333333,1.5583333333333333,False
57,product_type_name,Bra,1,20,0.05,0.0326715991502454,1.5303811659192827,1.5303811659192827,False
57,index_group_name,Sport,1,20,0.05,0.033111127389934804,1.510066371681416,1.510066371681416,False
57,product_type_name,Skirt,1,20,0.05,0.033404146216394405,1.4968201754385966,1.4968201754385966,False
57,perceived_colour_master_name,Pink,2,20,0.1,0.06702805655263351,1.4919125683060108,1.4919125683060108,False
57,section_name,"Womens Nightwear, Socks & Tigh",1,20,0.05,0.034869240348692404,1.4339285714285714,1.4339285714285714,False
57,colour_group_name,Light Pink,1,20,0.05,0.036773862720679805,1.3596613545816734,1.3596613545816734,False
57,index_group_name,Ladieswear,15,20,0.75,0.5894806241301004,1.2723064496085497,1.2723064496085497,False
57,section_name,Womens Casual,1,20,0.05,0.039557541572046,1.2639814814814816,1.2639814814814816,False
57,section_name,Womens Everyday Collection,3,20,0.15,0.12218885063365321,1.2276079136690647,1.2276079136690647,False
57,perceived_colour_master_name,Beige,2,20,0.1,0.08482895026005421,1.1788428324697755,1.1788428324697755,False
57,garment_group_name,Trousers Denim,1,20,0.05,0.0430737674895612,1.1607993197278912,1.1607993197278912,False
57,department_name,Blouse,1,20,0.05,0.043293531609405904,1.154906937394247,1.154906937394247,False
57,department_name,Trouser,1,20,0.05,0.0446121163284741,1.1207717569786537,1.1207717569786537,False
57,product_type_name,Blouse,1,20,0.05,0.045344663394623105,1.1026655896607431,1.1026655896607431,False
57,section_name,Womens Lingerie,1,20,0.05,0.05765145410592631,0.8672808132147396,0.8672808132147396,False
57,perceived_colour_master_name,Blue,2,20,0.1,0.11933191707567212,0.8379987722529159,0.8379987722529159,False
57,department_name,Jersey,1,20,0.05,0.060801406490367006,0.8223493975903615,0.8223493975903615,False
57,product_type_name,Trousers,2,20,0.1,0.1310526701340561,0.7630519843487983,0.7630519843487983,False
57,garment_group_name,Knitwear,1,20,0.05,0.06695480184601861,0.7467724288840263,0.7467724288840263,False
57,product_group_name,Underwear,1,20,0.05,0.06768734891216761,0.7386904761904761,0.7386904761904761,False
57,product_group_name,Garment Lower body,3,20,0.15,0.2052596879349498,0.7307815845824411,0.7307815845824411,False
57,colour_group_name,Black,4,20,0.2,0.28027250750860744,0.7135912179822269,0.7135912179822269,False
57,graphical_appearance_name,Solid,8,20,0.4,0.5812760969892315,0.6881411468178954,0.6881411468178954,False
57,graphical_appearance_name,Denim,1,20,0.05,0.074719800747198,0.6691666666666668,0.6691666666666668,False
57,product_type_name,Sweater,1,20,0.05,0.0791883378507069,0.6314061054579094,0.6314061054579094,False
57,garment_group_name,Trousers,1,20,0.05,0.0825580543549923,0.6056344276841171,0.6056344276841171,False
57,garment_group_name,Blouses,1,20,0.05,0.0860742802725075,0.5808936170212766,0.5808936170212766,False
57,garment_group_name,Jersey Basic,1,20,0.05,0.09003003442971211,0.5553702196908056,0.5553702196908056,False
57,perceived_colour_master_name,Black,3,20,0.15,0.28173760164090544,0.5324102964118564,0.5324102964118564,False
57,colour_group_name,White,1,20,0.05,0.0960369203721339,0.5206331045003815,0.5206331045003815,False
57,product_group_name,Garment Upper body,4,20,0.2,0.38905574683173394,0.5140651478064395,0.5140651478064395,False
57,index_group_name,Menswear,1,20,0.05,0.10438795692623251,0.4789824561403509,0.4789824561403509,False
57,perceived_colour_master_name,White,1,20,0.05,0.12797597245623032,0.3906983400114482,0.3906983400114482,False
57,garment_group_name,Jersey Fancy,1,20,0.05,0.16672771225551242,0.299890158172232,0.299890158172232,False
58,department_name,Kids Boy Knitwear,1,20,0.05,0.0005127829463043,97.50714285714287,97.50714285714287,False
58,product_type_name,Hat/brim,1,20,0.05,0.0013185847190682002,37.919444444444444,37.919444444444444,False
58,department_name,Men Sport Tops,1,20,0.05,0.0020511317852172,24.376785714285717,24.376785714285717,False
58,department_name,Young Boy Jersey Basic,1,20,0.05,0.0025639147315215,19.501428571428573,19.501428571428573,False
58,department_name,Shirt,3,20,0.15,0.009156838326862501,16.3812,16.3812,True
58,graphical_appearance_name,Mixed solid/pattern,1,20,0.05,0.0035162259175152005,14.219791666666667,14.219791666666667,False
58,department_name,Gloves/Hats,1,20,0.05,0.0035894806241301004,13.929591836734694,13.929591836734694,False
58,graphical_appearance_name,Application/3D,1,20,0.05,0.0040290088638195,12.410000000000002,12.410000000000002,False
58,garment_group_name,Shirts,3,20,0.15,0.012526554831147901,11.97456140350877,11.97456140350877,True
58,colour_group_name,Light Turquoise,1,20,0.05,0.0049080653431983,10.187313432835822,10.187313432835822,False
58,section_name,Contemporary Casual,2,20,0.1,0.010621932459160502,9.41448275862069,9.41448275862069,True
58,department_name,Suit jacket,1,20,0.05,0.0053475935828877,9.350000000000001,9.350000000000001,False
58,product_type_name,Pyjama set,1,20,0.05,0.0054208482895026005,9.223648648648648,9.223648648648648,False
58,department_name,Newborn,1,20,0.05,0.0055673577027324,8.98092105263158,8.98092105263158,False
58,section_name,Kids Boy,1,20,0.05,0.0056406124093473006,8.864285714285716,8.864285714285716,False
58,section_name,Men H&M Sport,1,20,0.05,0.0057871218225771,8.63987341772152,8.63987341772152,False
58,department_name,Nightwear,1,20,0.05,0.006080140649036701,8.223493975903615,8.223493975903615,False
58,product_type_name,Bodysuit,1,20,0.05,0.006299904768881401,7.936627906976745,7.936627906976745,False
58,section_name,Boys Underwear & Basics,1,20,0.05,0.006373159475496301,7.8454022988505745,7.8454022988505745,False
58,department_name,Belts,1,20,0.05,0.0066661783019559,7.500549450549451,7.500549450549451,False
58,department_name,Denim trousers,1,20,0.05,0.007984763021024101,6.261926605504587,6.261926605504587,False
58,product_type_name,Belt,1,20,0.05,0.0082045271408688,6.094196428571429,6.094196428571429,False
58,section_name,Denim Men,1,20,0.05,0.0085708006739433,5.833760683760684,5.833760683760684,False
58,colour_group_name,Orange,1,20,0.05,0.008790564793788001,5.687916666666666,5.687916666666666,False
58,perceived_colour_master_name,Turquoise,1,20,0.05,0.009230093033477401,5.417063492063492,5.417063492063492,False
58,product_group_name,Nightwear,1,20,0.05,0.009669621273166801,5.170833333333333,5.170833333333333,False
58,section_name,Womens Big accessories,2,20,0.1,0.019925280199252802,5.018750000000001,5.018750000000001,False
58,product_type_name,Shirt,3,20,0.15,0.031646033257636805,4.7399305555555555,4.7399305555555555,False
58,graphical_appearance_name,Other structure,2,20,0.1,0.022855468463848803,4.375320512820513,4.375320512820513,False
58,colour_group_name,Dark Red,1,20,0.05,0.0128195736576075,3.900285714285715,3.900285714285715,False
58,garment_group_name,Dressed,1,20,0.05,0.013112592484067102,3.813128491620112,3.813128491620112,False
58,product_type_name,Blazer,1,20,0.05,0.014211413083290601,3.5182989690721653,3.5182989690721653,False
58,colour_group_name,Blue,2,20,0.1,0.033330891509779505,3.0002197802197803,3.0002197802197803,False
58,product_type_name,Swimwear bottom,1,20,0.05,0.016702073108197203,2.993640350877193,2.993640350877193,False
58,product_type_name,Bikini top,1,20,0.05,0.0171416013478866,2.916880341880342,2.916880341880342,False
58,department_name,Casual Lingerie,1,20,0.05,0.017581129587576003,2.843958333333333,2.843958333333333,False
58,section_name,Baby Essentials & Complements,1,20,0.05,0.017727639000805803,2.8204545454545453,2.8204545454545453,False
58,department_name,Dress,2,20,0.1,0.035894806241301,2.785918367346939,2.785918367346939,False
58,section_name,Contemporary Smart,1,20,0.05,0.0180206578272654,2.7745934959349596,2.7745934959349596,False
58,colour_group_name,Light Pink,2,20,0.1,0.036773862720679805,2.7193227091633467,2.7193227091633467,False
58,colour_group_name,Dark Green,1,20,0.05,0.018533440773569703,2.6978260869565216,2.6978260869565216,False
58,section_name,"Womens Swimwear, beachwear",2,20,0.1,0.0374331550802139,2.6714285714285717,2.6714285714285717,False
58,colour_group_name,Yellowish Brown,1,20,0.05,0.0187532048934144,2.6662109375000003,2.6662109375000003,False
58,garment_group_name,Swimwear,2,20,0.1,0.038531975679437405,2.5952471482889736,2.5952471482889736,False
58,department_name,Swimwear,2,20,0.1,0.038531975679437405,2.5952471482889736,2.5952471482889736,False
58,product_group_name,Swimwear,2,20,0.1,0.0397773056918907,2.513996316758748,2.513996316758748,False
58,product_type_name,Hoodie,1,20,0.05,0.0206578272654018,2.420390070921986,2.420390070921986,False
58,department_name,Dresses,1,20,0.05,0.021024100798476303,2.3782229965156794,2.3782229965156794,False
58,garment_group_name,Dresses Ladies,3,20,0.15,0.06651527360632921,2.2551211453744493,2.2551211453744493,False
58,index_group_name,Baby/Children,3,20,0.15,0.06680829243278881,2.2452302631578944,2.2452302631578944,False
58,graphical_appearance_name,Check,1,20,0.05,0.023001977877078604,2.1737261146496816,2.1737261146496816,False
58,perceived_colour_master_name,Red,1,20,0.05,0.0232217419969233,2.1531545741324924,2.1531545741324924,False
58,section_name,Mama,1,20,0.05,0.023294996703538202,2.1463836477987424,2.1463836477987424,False
58,graphical_appearance_name,Denim,3,20,0.15,0.074719800747198,2.0075000000000003,2.0075000000000003,False
58,index_group_name,Menswear,4,20,0.2,0.10438795692623251,1.9159298245614036,1.9159298245614036,False
58,perceived_colour_master_name,Brown,1,20,0.05,0.026151930261519303,1.911904761904762,1.911904761904762,False
58,colour_group_name,Light Blue,1,20,0.05,0.026957732034283203,1.8547554347826087,1.8547554347826087,False
58,perceived_colour_master_name,Orange,1,20,0.05,0.0273972602739726,1.8250000000000002,1.8250000000000002,False
58,perceived_colour_master_name,Green,1,20,0.05,0.027910043220276903,1.7914698162729659,1.7914698162729659,False
58,product_type_name,Dress,4,20,0.2,0.11750054941029961,1.70211970074813,1.70211970074813,False
58,perceived_colour_master_name,Blue,4,20,0.2,0.11933191707567212,1.6759975445058317,1.6759975445058317,False
58,colour_group_name,Grey,1,20,0.05,0.031059995604717602,1.6097877358490567,1.6097877358490567,False
58,product_type_name,Underwear bottom,1,20,0.05,0.031133250311332503,1.606,1.606,False
58,section_name,Womens Tailoring,2,20,0.1,0.06343857592850341,1.5763279445727483,1.5763279445727483,False
58,product_group_name,Garment Full body,4,20,0.2,0.1304666324811369,1.5329590117911287,1.5329590117911287,False
58,index_group_name,Sport,1,20,0.05,0.033111127389934804,1.510066371681416,1.510066371681416,False
58,perceived_colour_master_name,Pink,2,20,0.1,0.06702805655263351,1.4919125683060108,1.4919125683060108,False
58,garment_group_name,Outdoor,1,20,0.05,0.033697165042854006,1.483804347826087,1.483804347826087,False
58,section_name,"Womens Nightwear, Socks & Tigh",1,20,0.05,0.034869240348692404,1.4339285714285714,1.4339285714285714,False
58,section_name,Womens Casual,1,20,0.05,0.039557541572046,1.2639814814814816,1.2639814814814816,False
58,garment_group_name,"Under-, Nightwear",2,20,0.1,0.08475569555343931,1.1798617113223855,1.1798617113223855,False
58,garment_group_name,Trousers Denim,1,20,0.05,0.0430737674895612,1.1607993197278912,1.1607993197278912,False
58,product_group_name,Garment Upper body,9,20,0.45,0.38905574683173394,1.156646582564489,1.156646582564489,False
58,department_name,Blouse,1,20,0.05,0.043293531609405904,1.154906937394247,1.154906937394247,False
58,product_type_name,Blouse,1,20,0.05,0.045344663394623105,1.1026655896607431,1.1026655896607431,False
58,colour_group_name,Beige,1,20,0.05,0.04585744634092741,1.0903354632587858,1.0903354632587858,False
58,product_group_name,Accessories,2,20,0.1,0.092300930334774,1.0834126984126986,1.0834126984126986,False
58,colour_group_name,White,2,20,0.1,0.0960369203721339,1.041266209000763,1.041266209000763,False
58,garment_group_name,Accessories,2,20,0.1,0.0962566844919786,1.038888888888889,1.038888888888889,False
58,graphical_appearance_name,Solid,11,20,0.55,0.5812760969892315,0.9461940768746062,0.9461940768746062,False
58,index_group_name,Ladieswear,11,20,0.55,0.5894806241301004,0.9330247297129365,0.9330247297129365,False
58,colour_group_name,Black,5,20,0.25,0.28027250750860744,0.8919890224777836,0.8919890224777836,False
58,perceived_colour_master_name,Black,5,20,0.25,0.28173760164090544,0.8873504940197607,0.8873504940197607,False
58,product_type_name,T-shirt,1,20,0.05,0.05757819939931141,0.8683842239185751,0.8683842239185751,False
58,section_name,Womens Lingerie,1,20,0.05,0.05765145410592631,0.8672808132147396,0.8672808132147396,False
58,colour_group_name,Dark Blue,1,20,0.05,0.058970038824994506,0.847888198757764,0.847888198757764,False
58,department_name,Jersey,1,20,0.05,0.060801406490367006,0.8223493975903615,0.8223493975903615,False
58,perceived_colour_master_name,White,2,20,0.1,0.12797597245623032,0.7813966800228964,0.7813966800228964,False
58,garment_group_name,Knitwear,1,20,0.05,0.06695480184601861,0.7467724288840263,0.7467724288840263,False
58,product_group_name,Underwear,1,20,0.05,0.06768734891216761,0.7386904761904761,0.7386904761904761,False
58,perceived_colour_master_name,Grey,1,20,0.05,0.07113032012306791,0.7029351184346034,0.7029351184346034,False
58,product_type_name,Sweater,1,20,0.05,0.0791883378507069,0.6314061054579094,0.6314061054579094,False
58,garment_group_name,Jersey Fancy,2,20,0.1,0.16672771225551242,0.599780316344464,0.599780316344464,False
58,perceived_colour_master_name,Beige,1,20,0.05,0.08482895026005421,0.5894214162348878,0.5894214162348878,False
58,garment_group_name,Blouses,1,20,0.05,0.0860742802725075,0.5808936170212766,0.5808936170212766,False
58,garment_group_name,Jersey Basic,1,20,0.05,0.09003003442971211,0.5553702196908056,0.5553702196908056,False
58,section_name,Divided Collection,1,20,0.05,0.10409493809977291,0.48033075299085154,0.48033075299085154,False
58,graphical_appearance_name,All over pattern,1,20,0.05,0.10709838107098381,0.4668604651162791,0.4668604651162791,False
58,section_name,Womens Everyday Collection,1,20,0.05,0.12218885063365321,0.40920263788968825,0.40920263788968825,False
58,product_type_name,Trousers,1,20,0.05,0.1310526701340561,0.38152599217439914,0.38152599217439914,False
58,product_group_name,Garment Lower body,1,20,0.05,0.2052596879349498,0.2435938615274804,0.2435938615274804,False
58,index_group_name,Divided,1,20,0.05,0.2062119991209435,0.2424689165186501,0.2424689165186501,False
59,department_name,Kids Boy Knitwear,1,20,0.05,0.0005127829463043,97.50714285714287,97.50714285714287,False
59,department_name,Young Girl UW/NW,1,20,0.05,0.0011720753058384,42.659375000000004,42.659375000000004,False
59,product_type_name,Hat/brim,1,20,0.05,0.0013185847190682002,37.919444444444444,37.919444444444444,False
59,department_name,Men Sport Tops,1,20,0.05,0.0020511317852172,24.376785714285717,24.376785714285717,False
59,product_type_name,Pyjama set,2,20,0.1,0.0054208482895026005,18.447297297297297,18.447297297297297,True
59,graphical_appearance_name,Mixed solid/pattern,1,20,0.05,0.0035162259175152005,14.219791666666667,14.219791666666667,False
59,department_name,Gloves/Hats,1,20,0.05,0.0035894806241301004,13.929591836734694,13.929591836734694,False
59,graphical_appearance_name,Treatment,1,20,0.05,0.003955754157204601,12.639814814814814,12.639814814814814,False
59,department_name,Baby basics,1,20,0.05,0.0042487729836642,11.768103448275864,11.768103448275864,False
59,department_name,Other items,1,20,0.05,0.0042487729836642,11.768103448275864,11.768103448275864,False
59,product_group_name,Nightwear,2,20,0.1,0.009669621273166801,10.341666666666667,10.341666666666667,True
59,section_name,Girls Underwear & Basics,1,20,0.05,0.004834810636583401,10.341666666666667,10.341666666666667,False
59,product_type_name,Garment Set,1,20,0.05,0.005127829463043,9.750714285714286,9.750714285714286,False
59,section_name,Kids Boy,1,20,0.05,0.0056406124093473006,8.864285714285716,8.864285714285716,False
59,section_name,Men H&M Sport,1,20,0.05,0.0057871218225771,8.63987341772152,8.63987341772152,False
59,department_name,Nightwear,1,20,0.05,0.006080140649036701,8.223493975903615,8.223493975903615,False
59,department_name,Functional Lingerie,1,20,0.05,0.006373159475496301,7.8454022988505745,7.8454022988505745,False
59,product_type_name,Other accessories,1,20,0.05,0.006959197128415501,7.184736842105264,7.184736842105264,False
59,department_name,Denim trousers,1,20,0.05,0.007984763021024101,6.261926605504587,6.261926605504587,False
59,section_name,Denim Men,1,20,0.05,0.0085708006739433,5.833760683760684,5.833760683760684,False
59,colour_group_name,Orange,1,20,0.05,0.008790564793788001,5.687916666666666,5.687916666666666,False
59,colour_group_name,Grey,3,20,0.15,0.031059995604717602,4.8293632075471695,4.8293632075471695,True
59,colour_group_name,Yellow,1,20,0.05,0.011354479525309501,4.403548387096774,4.403548387096774,False
59,graphical_appearance_name,Other structure,2,20,0.1,0.022855468463848803,4.375320512820513,4.375320512820513,False
59,department_name,Skirt,1,20,0.05,0.011647498351769101,4.292767295597485,4.292767295597485,False
59,department_name,Dress,3,20,0.15,0.035894806241301,4.178877551020408,4.178877551020408,False
59,graphical_appearance_name,Lace,1,20,0.05,0.012673064244377702,3.9453757225433526,3.9453757225433526,False
59,perceived_colour_master_name,Orange,2,20,0.1,0.0273972602739726,3.6500000000000004,3.6500000000000004,False
59,section_name,Womens Jackets,1,20,0.05,0.0136986301369863,3.6500000000000004,3.6500000000000004,False
59,product_type_name,Earring,1,20,0.05,0.014724196029594901,3.395771144278607,3.395771144278607,False
59,colour_group_name,Light Orange,1,20,0.05,0.014724196029594901,3.395771144278607,3.395771144278607,False
59,department_name,Outwear,1,20,0.05,0.0150172148560545,3.3295121951219517,3.3295121951219517,False
59,colour_group_name,Blue,2,20,0.1,0.033330891509779505,3.0002197802197803,3.0002197802197803,False
59,product_type_name,Swimwear bottom,1,20,0.05,0.016702073108197203,2.993640350877193,2.993640350877193,False
59,garment_group_name,Outdoor,2,20,0.1,0.033697165042854006,2.967608695652174,2.967608695652174,False
59,product_type_name,Bikini top,1,20,0.05,0.0171416013478866,2.916880341880342,2.916880341880342,False
59,section_name,Baby Essentials & Complements,1,20,0.05,0.017727639000805803,2.8204545454545453,2.8204545454545453,False
59,perceived_colour_master_name,Grey,4,20,0.2,0.07113032012306791,2.8117404737384137,2.8117404737384137,False
59,section_name,"Womens Swimwear, beachwear",2,20,0.1,0.0374331550802139,2.6714285714285717,2.6714285714285717,False
59,colour_group_name,Yellowish Brown,1,20,0.05,0.0187532048934144,2.6662109375000003,2.6662109375000003,False
59,garment_group_name,Swimwear,2,20,0.1,0.038531975679437405,2.5952471482889736,2.5952471482889736,False
59,department_name,Swimwear,2,20,0.1,0.038531975679437405,2.5952471482889736,2.5952471482889736,False
59,garment_group_name,Skirts,1,20,0.05,0.0195590066661783,2.556367041198502,2.556367041198502,False
59,product_group_name,Swimwear,2,20,0.1,0.0397773056918907,2.513996316758748,2.513996316758748,False
59,section_name,Womens Big accessories,1,20,0.05,0.019925280199252802,2.5093750000000004,2.5093750000000004,False
59,product_type_name,Hoodie,1,20,0.05,0.0206578272654018,2.420390070921986,2.420390070921986,False
59,colour_group_name,Pink,1,20,0.05,0.021024100798476303,2.3782229965156794,2.3782229965156794,False
59,colour_group_name,Gold,1,20,0.05,0.021829902571240203,2.290436241610738,2.290436241610738,False
59,garment_group_name,Dresses Ladies,3,20,0.15,0.06651527360632921,2.2551211453744493,2.2551211453744493,False
59,index_group_name,Baby/Children,3,20,0.15,0.06680829243278881,2.2452302631578944,2.2452302631578944,False
59,perceived_colour_master_name,Yellow,1,20,0.05,0.022635704344004103,2.2088996763754047,2.2088996763754047,False
59,colour_group_name,Beige,2,20,0.1,0.04585744634092741,2.1806709265175717,2.1806709265175717,False
59,department_name,Jewellery,1,20,0.05,0.0230752325836935,2.166825396825397,2.166825396825397,False
59,section_name,Mama,1,20,0.05,0.023294996703538202,2.1463836477987424,2.1463836477987424,False
59,section_name,Womens Small accessories,2,20,0.1,0.0514248040436598,1.9445868945868947,1.9445868945868947,False
59,product_group_name,Garment Full body,5,20,0.25,0.1304666324811369,1.9161987647389107,1.9161987647389107,False
59,perceived_colour_master_name,Brown,1,20,0.05,0.026151930261519303,1.911904761904762,1.911904761904762,False
59,graphical_appearance_name,All over pattern,4,20,0.2,0.10709838107098381,1.8674418604651164,1.8674418604651164,False
59,perceived_colour_master_name,Green,1,20,0.05,0.027910043220276903,1.7914698162729659,1.7914698162729659,False
59,garment_group_name,"Under-, Nightwear",3,20,0.15,0.08475569555343931,1.7697925669835781,1.7697925669835781,False
59,product_type_name,Dress,4,20,0.2,0.11750054941029961,1.70211970074813,1.70211970074813,False
59,colour_group_name,Dark Grey,1,20,0.05,0.029375137352574902,1.70211970074813,1.70211970074813,False
59,perceived_colour_master_name,Metal,1,20,0.05,0.030254193831953703,1.6526634382566587,1.6526634382566587,False
59,product_group_name,Accessories,3,20,0.15,0.092300930334774,1.6251190476190476,1.6251190476190476,False
59,graphical_appearance_name,Melange,2,20,0.1,0.0617537176763607,1.6193357058125744,1.6193357058125744,False
59,product_type_name,Jacket,1,20,0.05,0.0312797597245623,1.5984777517564404,1.5984777517564404,False
59,section_name,Womens Tailoring,2,20,0.1,0.06343857592850341,1.5763279445727483,1.5763279445727483,False
59,garment_group_name,Accessories,3,20,0.15,0.0962566844919786,1.5583333333333333,1.5583333333333333,False
59,product_type_name,Bra,1,20,0.05,0.0326715991502454,1.5303811659192827,1.5303811659192827,False
59,index_group_name,Sport,1,20,0.05,0.033111127389934804,1.510066371681416,1.510066371681416,False
59,product_type_name,Skirt,1,20,0.05,0.033404146216394405,1.4968201754385966,1.4968201754385966,False
59,perceived_colour_master_name,Pink,2,20,0.1,0.06702805655263351,1.4919125683060108,1.4919125683060108,False
59,section_name,"Womens Nightwear, Socks & Tigh",1,20,0.05,0.034869240348692404,1.4339285714285714,1.4339285714285714,False
59,colour_group_name,Light Pink,1,20,0.05,0.036773862720679805,1.3596613545816734,1.3596613545816734,False
59,index_group_name,Ladieswear,15,20,0.75,0.5894806241301004,1.2723064496085497,1.2723064496085497,False
59,section_name,Womens Casual,1,20,0.05,0.039557541572046,1.2639814814814816,1.2639814814814816,False
59,section_name,Womens Everyday Collection,3,20,0.15,0.12218885063365321,1.2276079136690647,1.2276079136690647,False
59,perceived_colour_master_name,Beige,2,20,0.1,0.08482895026005421,1.1788428324697755,1.1788428324697755,False
59,garment_group_name,Trousers Denim,1,20,0.05,0.0430737674895612,1.1607993197278912,1.1607993197278912,False
59,department_name,Blouse,1,20,0.05,0.043293531609405904,1.154906937394247,1.154906937394247,False
59,department_name,Trouser,1,20,0.05,0.0446121163284741,1.1207717569786537,1.1207717569786537,False
59,product_type_name,Blouse,1,20,0.05,0.045344663394623105,1.1026655896607431,1.1026655896607431,False
59,section_name,Womens Lingerie,1,20,0.05,0.05765145410592631,0.8672808132147396,0.8672808132147396,False
59,perceived_colour_master_name,Blue,2,20,0.1,0.11933191707567212,0.8379987722529159,0.8379987722529159,False
59,department_name,Jersey,1,20,0.05,0.060801406490367006,0.8223493975903615,0.8223493975903615,False
59,product_type_name,Trousers,2,20,0.1,0.1310526701340561,0.7630519843487983,0.7630519843487983,False
59,garment_group_name,Knitwear,1,20,0.05,0.06695480184601861,0.7467724288840263,0.7467724288840263,False
59,product_group_name,Underwear,1,20,0.05,0.06768734891216761,0.7386904761904761,0.7386904761904761,False
59,product_group_name,Garment Lower body,3,20,0.15,0.2052596879349498,0.7307815845824411,0.7307815845824411,False
59,colour_group_name,Black,4,20,0.2,0.28027250750860744,0.7135912179822269,0.7135912179822269,False
59,graphical_appearance_name,Solid,8,20,0.4,0.5812760969892315,0.6881411468178954,0.6881411468178954,False
59,graphical_appearance_name,Denim,1,20,0.05,0.074719800747198,0.6691666666666668,0.6691666666666668,False
59,product_type_name,Sweater,1,20,0.05,0.0791883378507069,0.6314061054579094,0.6314061054579094,False
59,garment_group_name,Trousers,1,20,0.05,0.0825580543549923,0.6056344276841171,0.6056344276841171,False
59,garment_group_name,Blouses,1,20,0.05,0.0860742802725075,0.5808936170212766,0.5808936170212766,False
59,garment_group_name,Jersey Basic,1,20,0.05,0.09003003442971211,0.5553702196908056,0.5553702196908056,False
59,perceived_colour_master_name,Black,3,20,0.15,0.28173760164090544,0.5324102964118564,0.5324102964118564,False
59,colour_group_name,White,1,20,0.05,0.0960369203721339,0.5206331045003815,0.5206331045003815,False
59,product_group_name,Garment Upper body,4,20,0.2,0.38905574683173394,0.5140651478064395,0.5140651478064395,False
59,index_group_name,Menswear,1,20,0.05,0.10438795692623251,0.4789824561403509,0.4789824561403509,False
59,perceived_colour_master_name,White,1,20,0.05,0.12797597245623032,0.3906983400114482,0.3906983400114482,False
59,garment_group_name,Jersey Fancy,1,20,0.05,0.16672771225551242,0.299890158172232,0.299890158172232,False
60,department_name,Kids Boy Knitwear,1,20,0.05,0.0005127829463043,97.50714285714287,97.50714285714287,False
60,department_name,Young Girl UW/NW,1,20,0.05,0.0011720753058384,42.659375000000004,42.659375000000004,False
60,product_type_name,Hat/brim,1,20,0.05,0.0013185847190682002,37.919444444444444,37.919444444444444,False
60,department_name,Men Sport Tops,1,20,0.05,0.0020511317852172,24.376785714285717,24.376785714285717,False
60,product_type_name,Pyjama set,2,20,0.1,0.0054208482895026005,18.447297297297297,18.447297297297297,True
60,graphical_appearance_name,Mixed solid/pattern,1,20,0.05,0.0035162259175152005,14.219791666666667,14.219791666666667,False
60,department_name,Gloves/Hats,1,20,0.05,0.0035894806241301004,13.929591836734694,13.929591836734694,False
60,graphical_appearance_name,Treatment,1,20,0.05,0.003955754157204601,12.639814814814814,12.639814814814814,False
60,department_name,Baby basics,1,20,0.05,0.0042487729836642,11.768103448275864,11.768103448275864,False
60,department_name,Other items,1,20,0.05,0.0042487729836642,11.768103448275864,11.768103448275864,False
60,product_group_name,Nightwear,2,20,0.1,0.009669621273166801,10.341666666666667,10.341666666666667,True
60,section_name,Girls Underwear & Basics,1,20,0.05,0.004834810636583401,10.341666666666667,10.341666666666667,False
60,product_type_name,Garment Set,1,20,0.05,0.005127829463043,9.750714285714286,9.750714285714286,False
60,section_name,Kids Boy,1,20,0.05,0.0056406124093473006,8.864285714285716,8.864285714285716,False
60,section_name,Men H&M Sport,1,20,0.05,0.0057871218225771,8.63987341772152,8.63987341772152,False
60,department_name,Nightwear,1,20,0.05,0.006080140649036701,8.223493975903615,8.223493975903615,False
60,department_name,Functional Lingerie,1,20,0.05,0.006373159475496301,7.8454022988505745,7.8454022988505745,False
60,product_type_name,Other accessories,1,20,0.05,0.006959197128415501,7.184736842105264,7.184736842105264,False
60,department_name,Denim trousers,1,20,0.05,0.007984763021024101,6.261926605504587,6.261926605504587,False
60,section_name,Denim Men,1,20,0.05,0.0085708006739433,5.833760683760684,5.833760683760684,False
60,colour_group_name,Orange,1,20,0.05,0.008790564793788001,5.687916666666666,5.687916666666666,False
60,colour_group_name,Grey,3,20,0.15,0.031059995604717602,4.8293632075471695,4.8293632075471695,True
60,colour_group_name,Yellow,1,20,0.05,0.011354479525309501,4.403548387096774,4.403548387096774,False
60,graphical_appearance_name,Other structure,2,20,0.1,0.022855468463848803,4.375320512820513,4.375320512820513,False
60,department_name,Skirt,1,20,0.05,0.011647498351769101,4.292767295597485,4.292767295597485,False
60,department_name,Dress,3,20,0.15,0.035894806241301,4.178877551020408,4.178877551020408,False
60,graphical_appearance_name,Lace,1,20,0.05,0.012673064244377702,3.9453757225433526,3.9453757225433526,False
60,perceived_colour_master_name,Orange,2,20,0.1,0.0273972602739726,3.6500000000000004,3.6500000000000004,False
60,section_name,Womens Jackets,1,20,0.05,0.0136986301369863,3.6500000000000004,3.6500000000000004,False
60,product_type_name,Earring,1,20,0.05,0.014724196029594901,3.395771144278607,3.395771144278607,False
60,colour_group_name,Light Orange,1,20,0.05,0.014724196029594901,3.395771144278607,3.395771144278607,False
60,department_name,Outwear,1,20,0.05,0.0150172148560545,3.3295121951219517,3.3295121951219517,False
60,colour_group_name,Blue,2,20,0.1,0.033330891509779505,3.0002197802197803,3.0002197802197803,False
60,product_type_name,Swimwear bottom,1,20,0.05,0.016702073108197203,2.993640350877193,2.993640350877193,False
60,garment_group_name,Outdoor,2,20,0.1,0.033697165042854006,2.967608695652174,2.967608695652174,False
60,product_type_name,Bikini top,1,20,0.05,0.0171416013478866,2.916880341880342,2.916880341880342,False
60,section_name,Baby Essentials & Complements,1,20,0.05,0.017727639000805803,2.8204545454545453,2.8204545454545453,False
60,perceived_colour_master_name,Grey,4,20,0.2,0.07113032012306791,2.8117404737384137,2.8117404737384137,False
60,section_name,"Womens Swimwear, beachwear",2,20,0.1,0.0374331550802139,2.6714285714285717,2.6714285714285717,False
60,colour_group_name,Yellowish Brown,1,20,0.05,0.0187532048934144,2.6662109375000003,2.6662109375000003,False
60,garment_group_name,Swimwear,2,20,0.1,0.038531975679437405,2.5952471482889736,2.5952471482889736,False
60,department_name,Swimwear,2,20,0.1,0.038531975679437405,2.5952471482889736,2.5952471482889736,False
60,garment_group_name,Skirts,1,20,0.05,0.0195590066661783,2.556367041198502,2.556367041198502,False
60,product_group_name,Swimwear,2,20,0.1,0.0397773056918907,2.513996316758748,2.513996316758748,False
60,section_name,Womens Big accessories,1,20,0.05,0.019925280199252802,2.5093750000000004,2.5093750000000004,False
60,product_type_name,Hoodie,1,20,0.05,0.0206578272654018,2.420390070921986,2.420390070921986,False
60,colour_group_name,Pink,1,20,0.05,0.021024100798476303,2.3782229965156794,2.3782229965156794,False
60,colour_group_name,Gold,1,20,0.05,0.021829902571240203,2.290436241610738,2.290436241610738,False
60,garment_group_name,Dresses Ladies,3,20,0.15,0.06651527360632921,2.2551211453744493,2.2551211453744493,False
60,index_group_name,Baby/Children,3,20,0.15,0.06680829243278881,2.2452302631578944,2.2452302631578944,False
60,perceived_colour_master_name,Yellow,1,20,0.05,0.022635704344004103,2.2088996763754047,2.2088996763754047,False
60,colour_group_name,Beige,2,20,0.1,0.04585744634092741,2.1806709265175717,2.1806709265175717,False
60,department_name,Jewellery,1,20,0.05,0.0230752325836935,2.166825396825397,2.166825396825397,False
60,section_name,Mama,1,20,0.05,0.023294996703538202,2.1463836477987424,2.1463836477987424,False
60,section_name,Womens Small accessories,2,20,0.1,0.0514248040436598,1.9445868945868947,1.9445868945868947,False
60,product_group_name,Garment Full body,5,20,0.25,0.1304666324811369,1.9161987647389107,1.9161987647389107,False
60,perceived_colour_master_name,Brown,1,20,0.05,0.026151930261519303,1.911904761904762,1.911904761904762,False
60,graphical_appearance_name,All over pattern,4,20,0.2,0.10709838107098381,1.8674418604651164,1.8674418604651164,False
60,perceived_colour_master_name,Green,1,20,0.05,0.027910043220276903,1.7914698162729659,1.7914698162729659,False
60,garment_group_name,"Under-, Nightwear",3,20,0.15,0.08475569555343931,1.7697925669835781,1.7697925669835781,False
60,product_type_name,Dress,4,20,0.2,0.11750054941029961,1.70211970074813,1.70211970074813,False
60,colour_group_name,Dark Grey,1,20,0.05,0.029375137352574902,1.70211970074813,1.70211970074813,False
60,perceived_colour_master_name,Metal,1,20,0.05,0.030254193831953703,1.6526634382566587,1.6526634382566587,False
60,product_group_name,Accessories,3,20,0.15,0.092300930334774,1.6251190476190476,1.6251190476190476,False
60,graphical_appearance_name,Melange,2,20,0.1,0.0617537176763607,1.6193357058125744,1.6193357058125744,False
60,product_type_name,Jacket,1,20,0.05,0.0312797597245623,1.5984777517564404,1.5984777517564404,False
60,section_name,Womens Tailoring,2,20,0.1,0.06343857592850341,1.5763279445727483,1.5763279445727483,False
60,garment_group_name,Accessories,3,20,0.15,0.0962566844919786,1.5583333333333333,1.5583333333333333,False
60,product_type_name,Bra,1,20,0.05,0.0326715991502454,1.5303811659192827,1.5303811659192827,False
60,index_group_name,Sport,1,20,0.05,0.033111127389934804,1.510066371681416,1.510066371681416,False
60,product_type_name,Skirt,1,20,0.05,0.033404146216394405,1.4968201754385966,1.4968201754385966,False
60,perceived_colour_master_name,Pink,2,20,0.1,0.06702805655263351,1.4919125683060108,1.4919125683060108,False
60,section_name,"Womens Nightwear, Socks & Tigh",1,20,0.05,0.034869240348692404,1.4339285714285714,1.4339285714285714,False
60,colour_group_name,Light Pink,1,20,0.05,0.036773862720679805,1.3596613545816734,1.3596613545816734,False
60,index_group_name,Ladieswear,15,20,0.75,0.5894806241301004,1.2723064496085497,1.2723064496085497,False
60,section_name,Womens Casual,1,20,0.05,0.039557541572046,1.2639814814814816,1.2639814814814816,False
60,section_name,Womens Everyday Collection,3,20,0.15,0.12218885063365321,1.2276079136690647,1.2276079136690647,False
60,perceived_colour_master_name,Beige,2,20,0.1,0.08482895026005421,1.1788428324697755,1.1788428324697755,False
60,garment_group_name,Trousers Denim,1,20,0.05,0.0430737674895612,1.1607993197278912,1.1607993197278912,False
60,department_name,Blouse,1,20,0.05,0.043293531609405904,1.154906937394247,1.154906937394247,False
60,department_name,Trouser,1,20,0.05,0.0446121163284741,1.1207717569786537,1.1207717569786537,False
60,product_type_name,Blouse,1,20,0.05,0.045344663394623105,1.1026655896607431,1.1026655896607431,False
60,section_name,Womens Lingerie,1,20,0.05,0.05765145410592631,0.8672808132147396,0.8672808132147396,False
60,perceived_colour_master_name,Blue,2,20,0.1,0.11933191707567212,0.8379987722529159,0.8379987722529159,False
60,department_name,Jersey,1,20,0.05,0.060801406490367006,0.8223493975903615,0.8223493975903615,False
60,product_type_name,Trousers,2,20,0.1,0.1310526701340561,0.7630519843487983,0.7630519843487983,False
60,garment_group_name,Knitwear,1,20,0.05,0.06695480184601861,0.7467724288840263,0.7467724288840263,False
60,product_group_name,Underwear,1,20,0.05,0.06768734891216761,0.7386904761904761,0.7386904761904761,False
60,product_group_name,Garment Lower body,3,20,0.15,0.2052596879349498,0.7307815845824411,0.7307815845824411,False
60,colour_group_name,Black,4,20,0.2,0.28027250750860744,0.7135912179822269,0.7135912179822269,False
60,graphical_appearance_name,Solid,8,20,0.4,0.5812760969892315,0.6881411468178954,0.6881411468178954,False
60,graphical_appearance_name,Denim,1,20,0.05,0.074719800747198,0.6691666666666668,0.6691666666666668,False
60,product_type_name,Sweater,1,20,0.05,0.0791883378507069,0.6314061054579094,0.6314061054579094,False
60,garment_group_name,Trousers,1,20,0.05,0.0825580543549923,0.6056344276841171,0.6056344276841171,False
60,garment_group_name,Blouses,1,20,0.05,0.0860742802725075,0.5808936170212766,0.5808936170212766,False
60,garment_group_name,Jersey Basic,1,20,0.05,0.09003003442971211,0.5553702196908056,0.5553702196908056,False
60,perceived_colour_master_name,Black,3,20,0.15,0.28173760164090544,0.5324102964118564,0.5324102964118564,False
60,colour_group_name,White,1,20,0.05,0.0960369203721339,0.5206331045003815,0.5206331045003815,False
60,product_group_name,Garment Upper body,4,20,0.2,0.38905574683173394,0.5140651478064395,0.5140651478064395,False
60,index_group_name,Menswear,1,20,0.05,0.10438795692623251,0.4789824561403509,0.4789824561403509,False
60,perceived_colour_master_name,White,1,20,0.05,0.12797597245623032,0.3906983400114482,0.3906983400114482,False
60,garment_group_name,Jersey Fancy,1,20,0.05,0.16672771225551242,0.299890158172232,0.299890158172232,False
61,department_name,Kids Boy Knitwear,1,20,0.05,0.0005127829463043,97.50714285714287,97.50714285714287,False
61,product_type_name,Hat/brim,1,20,0.05,0.0013185847190682002,37.919444444444444,37.919444444444444,False
61,department_name,Men Sport Tops,1,20,0.05,0.0020511317852172,24.376785714285717,24.376785714285717,False
61,department_name,Young Boy Jersey Basic,1,20,0.05,0.0025639147315215,19.501428571428573,19.501428571428573,False
61,department_name,Shirt,3,20,0.15,0.009156838326862501,16.3812,16.3812,True
61,graphical_appearance_name,Mixed solid/pattern,1,20,0.05,0.0035162259175152005,14.219791666666667,14.219791666666667,False
61,department_name,Gloves/Hats,1,20,0.05,0.0035894806241301004,13.929591836734694,13.929591836734694,False
61,graphical_appearance_name,Application/3D,1,20,0.05,0.0040290088638195,12.410000000000002,12.410000000000002,False
61,garment_group_name,Shirts,3,20,0.15,0.012526554831147901,11.97456140350877,11.97456140350877,True
61,colour_group_name,Light Turquoise,1,20,0.05,0.0049080653431983,10.187313432835822,10.187313432835822,False
61,section_name,Contemporary Casual,2,20,0.1,0.010621932459160502,9.41448275862069,9.41448275862069,True
61,department_name,Suit jacket,1,20,0.05,0.0053475935828877,9.350000000000001,9.350000000000001,False
61,product_type_name,Pyjama set,1,20,0.05,0.0054208482895026005,9.223648648648648,9.223648648648648,False
61,department_name,Newborn,1,20,0.05,0.0055673577027324,8.98092105263158,8.98092105263158,False
61,section_name,Kids Boy,1,20,0.05,0.0056406124093473006,8.864285714285716,8.864285714285716,False
61,section_name,Men H&M Sport,1,20,0.05,0.0057871218225771,8.63987341772152,8.63987341772152,False
61,department_name,Nightwear,1,20,0.05,0.006080140649036701,8.223493975903615,8.223493975903615,False
61,product_type_name,Bodysuit,1,20,0.05,0.006299904768881401,7.936627906976745,7.936627906976745,False
61,section_name,Boys Underwear & Basics,1,20,0.05,0.006373159475496301,7.8454022988505745,7.8454022988505745,False
61,department_name,Belts,1,20,0.05,0.0066661783019559,7.500549450549451,7.500549450549451,False
61,department_name,Denim trousers,1,20,0.05,0.007984763021024101,6.261926605504587,6.261926605504587,False
61,product_type_name,Belt,1,20,0.05,0.0082045271408688,6.094196428571429,6.094196428571429,False
61,section_name,Denim Men,1,20,0.05,0.0085708006739433,5.833760683760684,5.833760683760684,False
61,colour_group_name,Orange,1,20,0.05,0.008790564793788001,5.687916666666666,5.687916666666666,False
61,perceived_colour_master_name,Turquoise,1,20,0.05,0.009230093033477401,5.417063492063492,5.417063492063492,False
61,product_group_name,Nightwear,1,20,0.05,0.009669621273166801,5.170833333333333,5.170833333333333,False
61,section_name,Womens Big accessories,2,20,0.1,0.019925280199252802,5.018750000000001,5.018750000000001,False
61,product_type_name,Shirt,3,20,0.15,0.031646033257636805,4.7399305555555555,4.7399305555555555,False
61,graphical_appearance_name,Other structure,2,20,0.1,0.022855468463848803,4.375320512820513,4.375320512820513,False
61,colour_group_name,Dark Red,1,20,0.05,0.0128195736576075,3.900285714285715,3.900285714285715,False
61,garment_group_name,Dressed,1,20,0.05,0.013112592484067102,3.813128491620112,3.813128491620112,False
61,product_type_name,Blazer,1,20,0.05,0.014211413083290601,3.5182989690721653,3.5182989690721653,False
61,colour_group_name,Blue,2,20,0.1,0.033330891509779505,3.0002197802197803,3.0002197802197803,False
61,product_type_name,Swimwear bottom,1,20,0.05,0.016702073108197203,2.993640350877193,2.993640350877193,False
61,product_type_name,Bikini top,1,20,0.05,0.0171416013478866,2.916880341880342,2.916880341880342,False
61,department_name,Casual Lingerie,1,20,0.05,0.017581129587576003,2.843958333333333,2.843958333333333,False
61,section_name,Baby Essentials & Complements,1,20,0.05,0.017727639000805803,2.8204545454545453,2.8204545454545453,False
61,department_name,Dress,2,20,0.1,0.035894806241301,2.785918367346939,2.785918367346939,False
61,section_name,Contemporary Smart,1,20,0.05,0.0180206578272654,2.7745934959349596,2.7745934959349596,False
61,colour_group_name,Light Pink,2,20,0.1,0.036773862720679805,2.7193227091633467,2.7193227091633467,False
61,colour_group_name,Dark Green,1,20,0.05,0.018533440773569703,2.6978260869565216,2.6978260869565216,False
61,section_name,"Womens Swimwear, beachwear",2,20,0.1,0.0374331550802139,2.6714285714285717,2.6714285714285717,False
61,colour_group_name,Yellowish Brown,1,20,0.05,0.0187532048934144,2.6662109375000003,2.6662109375000003,False
61,garment_group_name,Swimwear,2,20,0.1,0.038531975679437405,2.5952471482889736,2.5952471482889736,False
61,department_name,Swimwear,2,20,0.1,0.038531975679437405,2.5952471482889736,2.5952471482889736,False
61,product_group_name,Swimwear,2,20,0.1,0.0397773056918907,2.513996316758748,2.513996316758748,False
61,product_type_name,Hoodie,1,20,0.05,0.0206578272654018,2.420390070921986,2.420390070921986,False
61,department_name,Dresses,1,20,0.05,0.021024100798476303,2.3782229965156794,2.3782229965156794,False
61,garment_group_name,Dresses Ladies,3,20,0.15,0.06651527360632921,2.2551211453744493,2.2551211453744493,False
61,index_group_name,Baby/Children,3,20,0.15,0.06680829243278881,2.2452302631578944,2.2452302631578944,False
61,graphical_appearance_name,Check,1,20,0.05,0.023001977877078604,2.1737261146496816,2.1737261146496816,False
61,perceived_colour_master_name,Red,1,20,0.05,0.0232217419969233,2.1531545741324924,2.1531545741324924,False
61,section_name,Mama,1,20,0.05,0.023294996703538202,2.1463836477987424,2.1463836477987424,False
61,graphical_appearance_name,Denim,3,20,0.15,0.074719800747198,2.0075000000000003,2.0075000000000003,False
61,index_group_name,Menswear,4,20,0.2,0.10438795692623251,1.9159298245614036,1.9159298245614036,False
61,perceived_colour_master_name,Brown,1,20,0.05,0.026151930261519303,1.911904761904762,1.911904761904762,False
61,colour_group_name,Light Blue,1,20,0.05,0.026957732034283203,1.8547554347826087,1.8547554347826087,False
61,perceived_colour_master_name,Orange,1,20,0.05,0.0273972602739726,1.8250000000000002,1.8250000000000002,False
61,perceived_colour_master_name,Green,1,20,0.05,0.027910043220276903,1.7914698162729659,1.7914698162729659,False
61,product_type_name,Dress,4,20,0.2,0.11750054941029961,1.70211970074813,1.70211970074813,False
61,perceived_colour_master_name,Blue,4,20,0.2,0.11933191707567212,1.6759975445058317,1.6759975445058317,False
61,colour_group_name,Grey,1,20,0.05,0.031059995604717602,1.6097877358490567,1.6097877358490567,False
61,product_type_name,Underwear bottom,1,20,0.05,0.031133250311332503,1.606,1.606,False
61,section_name,Womens Tailoring,2,20,0.1,0.06343857592850341,1.5763279445727483,1.5763279445727483,False
61,product_group_name,Garment Full body,4,20,0.2,0.1304666324811369,1.5329590117911287,1.5329590117911287,False
61,index_group_name,Sport,1,20,0.05,0.033111127389934804,1.510066371681416,1.510066371681416,False
61,perceived_colour_master_name,Pink,2,20,0.1,0.06702805655263351,1.4919125683060108,1.4919125683060108,False
61,garment_group_name,Outdoor,1,20,0.05,0.033697165042854006,1.483804347826087,1.483804347826087,False
61,section_name,"Womens Nightwear, Socks & Tigh",1,20,0.05,0.034869240348692404,1.4339285714285714,1.4339285714285714,False
61,section_name,Womens Casual,1,20,0.05,0.039557541572046,1.2639814814814816,1.2639814814814816,False
61,garment_group_name,"Under-, Nightwear",2,20,0.1,0.08475569555343931,1.1798617113223855,1.1798617113223855,False
61,garment_group_name,Trousers Denim,1,20,0.05,0.0430737674895612,1.1607993197278912,1.1607993197278912,False
61,product_group_name,Garment Upper body,9,20,0.45,0.38905574683173394,1.156646582564489,1.156646582564489,False
61,department_name,Blouse,1,20,0.05,0.043293531609405904,1.154906937394247,1.154906937394247,False
61,product_type_name,Blouse,1,20,0.05,0.045344663394623105,1.1026655896607431,1.1026655896607431,False
61,colour_group_name,Beige,1,20,0.05,0.04585744634092741,1.0903354632587858,1.0903354632587858,False
61,product_group_name,Accessories,2,20,0.1,0.092300930334774,1.0834126984126986,1.0834126984126986,False
61,colour_group_name,White,2,20,0.1,0.0960369203721339,1.041266209000763,1.041266209000763,False
61,garment_group_name,Accessories,2,20,0.1,0.0962566844919786,1.038888888888889,1.038888888888889,False
61,graphical_appearance_name,Solid,11,20,0.55,0.5812760969892315,0.9461940768746062,0.9461940768746062,False
61,index_group_name,Ladieswear,11,20,0.55,0.5894806241301004,0.9330247297129365,0.9330247297129365,False
61,colour_group_name,Black,5,20,0.25,0.28027250750860744,0.8919890224777836,0.8919890224777836,False
61,perceived_colour_master_name,Black,5,20,0.25,0.28173760164090544,0.8873504940197607,0.8873504940197607,False
61,product_type_name,T-shirt,1,20,0.05,0.05757819939931141,0.8683842239185751,0.8683842239185751,False
61,section_name,Womens Lingerie,1,20,0.05,0.05765145410592631,0.8672808132147396,0.8672808132147396,False
61,colour_group_name,Dark Blue,1,20,0.05,0.058970038824994506,0.847888198757764,0.847888198757764,False
61,department_name,Jersey,1,20,0.05,0.060801406490367006,0.8223493975903615,0.8223493975903615,False
61,perceived_colour_master_name,White,2,20,0.1,0.12797597245623032,0.7813966800228964,0.7813966800228964,False
61,garment_group_name,Knitwear,1,20,0.05,0.06695480184601861,0.7467724288840263,0.7467724288840263,False
61,product_group_name,Underwear,1,20,0.05,0.06768734891216761,0.7386904761904761,0.7386904761904761,False
61,perceived_colour_master_name,Grey,1,20,0.05,0.07113032012306791,0.7029351184346034,0.7029351184346034,False
61,product_type_name,Sweater,1,20,0.05,0.0791883378507069,0.6314061054579094,0.6314061054579094,False
61,garment_group_name,Jersey Fancy,2,20,0.1,0.16672771225551242,0.599780316344464,0.599780316344464,False
61,perceived_colour_master_name,Beige,1,20,0.05,0.08482895026005421,0.5894214162348878,0.5894214162348878,False
61,garment_group_name,Blouses,1,20,0.05,0.0860742802725075,0.5808936170212766,0.5808936170212766,False
61,garment_group_name,Jersey Basic,1,20,0.05,0.09003003442971211,0.5553702196908056,0.5553702196908056,False
61,section_name,Divided Collection,1,20,0.05,0.10409493809977291,0.48033075299085154,0.48033075299085154,False
61,graphical_appearance_name,All over pattern,1,20,0.05,0.10709838107098381,0.4668604651162791,0.4668604651162791,False
61,section_name,Womens Everyday Collection,1,20,0.05,0.12218885063365321,0.40920263788968825,0.40920263788968825,False
61,product_type_name,Trousers,1,20,0.05,0.1310526701340561,0.38152599217439914,0.38152599217439914,False
61,product_group_name,Garment Lower body,1,20,0.05,0.2052596879349498,0.2435938615274804,0.2435938615274804,False
61,index_group_name,Divided,1,20,0.05,0.2062119991209435,0.2424689165186501,0.2424689165186501,False
62,department_name,Kids Boy Knitwear,1,20,0.05,0.0005127829463043,97.50714285714287,97.50714285714287,False
62,department_name,Young Girl UW/NW,1,20,0.05,0.0011720753058384,42.659375000000004,42.659375000000004,False
62,product_type_name,Hat/brim,1,20,0.05,0.0013185847190682002,37.919444444444444,37.919444444444444,False
62,department_name,Men Sport Tops,1,20,0.05,0.0020511317852172,24.376785714285717,24.376785714285717,False
62,product_type_name,Pyjama set,2,20,0.1,0.0054208482895026005,18.447297297297297,18.447297297297297,True
62,graphical_appearance_name,Mixed solid/pattern,1,20,0.05,0.0035162259175152005,14.219791666666667,14.219791666666667,False
62,department_name,Gloves/Hats,1,20,0.05,0.0035894806241301004,13.929591836734694,13.929591836734694,False
62,graphical_appearance_name,Treatment,1,20,0.05,0.003955754157204601,12.639814814814814,12.639814814814814,False
62,department_name,Baby basics,1,20,0.05,0.0042487729836642,11.768103448275864,11.768103448275864,False
62,department_name,Other items,1,20,0.05,0.0042487729836642,11.768103448275864,11.768103448275864,False
62,product_group_name,Nightwear,2,20,0.1,0.009669621273166801,10.341666666666667,10.341666666666667,True
62,section_name,Girls Underwear & Basics,1,20,0.05,0.004834810636583401,10.341666666666667,10.341666666666667,False
62,product_type_name,Garment Set,1,20,0.05,0.005127829463043,9.750714285714286,9.750714285714286,False
62,section_name,Kids Boy,1,20,0.05,0.0056406124093473006,8.864285714285716,8.864285714285716,False
62,section_name,Men H&M Sport,1,20,0.05,0.0057871218225771,8.63987341772152,8.63987341772152,False
62,department_name,Nightwear,1,20,0.05,0.006080140649036701,8.223493975903615,8.223493975903615,False
62,department_name,Functional Lingerie,1,20,0.05,0.006373159475496301,7.8454022988505745,7.8454022988505745,False
62,product_type_name,Other accessories,1,20,0.05,0.006959197128415501,7.184736842105264,7.184736842105264,False
62,department_name,Denim trousers,1,20,0.05,0.007984763021024101,6.261926605504587,6.261926605504587,False
62,section_name,Denim Men,1,20,0.05,0.0085708006739433,5.833760683760684,5.833760683760684,False
62,colour_group_name,Orange,1,20,0.05,0.008790564793788001,5.687916666666666,5.687916666666666,False
62,colour_group_name,Grey,3,20,0.15,0.031059995604717602,4.8293632075471695,4.8293632075471695,True
62,colour_group_name,Yellow,1,20,0.05,0.011354479525309501,4.403548387096774,4.403548387096774,False
62,graphical_appearance_name,Other structure,2,20,0.1,0.022855468463848803,4.375320512820513,4.375320512820513,False
62,department_name,Skirt,1,20,0.05,0.011647498351769101,4.292767295597485,4.292767295597485,False
62,department_name,Dress,3,20,0.15,0.035894806241301,4.178877551020408,4.178877551020408,False
62,graphical_appearance_name,Lace,1,20,0.05,0.012673064244377702,3.9453757225433526,3.9453757225433526,False
62,perceived_colour_master_name,Orange,2,20,0.1,0.0273972602739726,3.6500000000000004,3.6500000000000004,False
62,section_name,Womens Jackets,1,20,0.05,0.0136986301369863,3.6500000000000004,3.6500000000000004,False
62,product_type_name,Earring,1,20,0.05,0.014724196029594901,3.395771144278607,3.395771144278607,False
62,colour_group_name,Light Orange,1,20,0.05,0.014724196029594901,3.395771144278607,3.395771144278607,False
62,department_name,Outwear,1,20,0.05,0.0150172148560545,3.3295121951219517,3.3295121951219517,False
62,colour_group_name,Blue,2,20,0.1,0.033330891509779505,3.0002197802197803,3.0002197802197803,False
62,product_type_name,Swimwear bottom,1,20,0.05,0.016702073108197203,2.993640350877193,2.993640350877193,False
62,garment_group_name,Outdoor,2,20,0.1,0.033697165042854006,2.967608695652174,2.967608695652174,False
62,product_type_name,Bikini top,1,20,0.05,0.0171416013478866,2.916880341880342,2.916880341880342,False
62,section_name,Baby Essentials & Complements,1,20,0.05,0.017727639000805803,2.8204545454545453,2.8204545454545453,False
62,perceived_colour_master_name,Grey,4,20,0.2,0.07113032012306791,2.8117404737384137,2.8117404737384137,False
62,section_name,"Womens Swimwear, beachwear",2,20,0.1,0.0374331550802139,2.6714285714285717,2.6714285714285717,False
62,colour_group_name,Yellowish Brown,1,20,0.05,0.0187532048934144,2.6662109375000003,2.6662109375000003,False
62,garment_group_name,Swimwear,2,20,0.1,0.038531975679437405,2.5952471482889736,2.5952471482889736,False
62,department_name,Swimwear,2,20,0.1,0.038531975679437405,2.5952471482889736,2.5952471482889736,False
62,garment_group_name,Skirts,1,20,0.05,0.0195590066661783,2.556367041198502,2.556367041198502,False
62,product_group_name,Swimwear,2,20,0.1,0.0397773056918907,2.513996316758748,2.513996316758748,False
62,section_name,Womens Big accessories,1,20,0.05,0.019925280199252802,2.5093750000000004,2.5093750000000004,False
62,product_type_name,Hoodie,1,20,0.05,0.0206578272654018,2.420390070921986,2.420390070921986,False
62,colour_group_name,Pink,1,20,0.05,0.021024100798476303,2.3782229965156794,2.3782229965156794,False
62,colour_group_name,Gold,1,20,0.05,0.021829902571240203,2.290436241610738,2.290436241610738,False
62,garment_group_name,Dresses Ladies,3,20,0.15,0.06651527360632921,2.2551211453744493,2.2551211453744493,False
62,index_group_name,Baby/Children,3,20,0.15,0.06680829243278881,2.2452302631578944,2.2452302631578944,False
62,perceived_colour_master_name,Yellow,1,20,0.05,0.022635704344004103,2.2088996763754047,2.2088996763754047,False
62,colour_group_name,Beige,2,20,0.1,0.04585744634092741,2.1806709265175717,2.1806709265175717,False
62,department_name,Jewellery,1,20,0.05,0.0230752325836935,2.166825396825397,2.166825396825397,False
62,section_name,Mama,1,20,0.05,0.023294996703538202,2.1463836477987424,2.1463836477987424,False
62,section_name,Womens Small accessories,2,20,0.1,0.0514248040436598,1.9445868945868947,1.9445868945868947,False
62,product_group_name,Garment Full body,5,20,0.25,0.1304666324811369,1.9161987647389107,1.9161987647389107,False
62,perceived_colour_master_name,Brown,1,20,0.05,0.026151930261519303,1.911904761904762,1.911904761904762,False
62,graphical_appearance_name,All over pattern,4,20,0.2,0.10709838107098381,1.8674418604651164,1.8674418604651164,False
62,perceived_colour_master_name,Green,1,20,0.05,0.027910043220276903,1.7914698162729659,1.7914698162729659,False
62,garment_group_name,"Under-, Nightwear",3,20,0.15,0.08475569555343931,1.7697925669835781,1.7697925669835781,False
62,product_type_name,Dress,4,20,0.2,0.11750054941029961,1.70211970074813,1.70211970074813,False
62,colour_group_name,Dark Grey,1,20,0.05,0.029375137352574902,1.70211970074813,1.70211970074813,False
62,perceived_colour_master_name,Metal,1,20,0.05,0.030254193831953703,1.6526634382566587,1.6526634382566587,False
62,product_group_name,Accessories,3,20,0.15,0.092300930334774,1.6251190476190476,1.6251190476190476,False
62,graphical_appearance_name,Melange,2,20,0.1,0.0617537176763607,1.6193357058125744,1.6193357058125744,False
62,product_type_name,Jacket,1,20,0.05,0.0312797597245623,1.5984777517564404,1.5984777517564404,False
62,section_name,Womens Tailoring,2,20,0.1,0.06343857592850341,1.5763279445727483,1.5763279445727483,False
62,garment_group_name,Accessories,3,20,0.15,0.0962566844919786,1.5583333333333333,1.5583333333333333,False
62,product_type_name,Bra,1,20,0.05,0.0326715991502454,1.5303811659192827,1.5303811659192827,False
62,index_group_name,Sport,1,20,0.05,0.033111127389934804,1.510066371681416,1.510066371681416,False
62,product_type_name,Skirt,1,20,0.05,0.033404146216394405,1.4968201754385966,1.4968201754385966,False
62,perceived_colour_master_name,Pink,2,20,0.1,0.06702805655263351,1.4919125683060108,1.4919125683060108,False
62,section_name,"Womens Nightwear, Socks & Tigh",1,20,0.05,0.034869240348692404,1.4339285714285714,1.4339285714285714,False
62,colour_group_name,Light Pink,1,20,0.05,0.036773862720679805,1.3596613545816734,1.3596613545816734,False
62,index_group_name,Ladieswear,15,20,0.75,0.5894806241301004,1.2723064496085497,1.2723064496085497,False
62,section_name,Womens Casual,1,20,0.05,0.039557541572046,1.2639814814814816,1.2639814814814816,False
62,section_name,Womens Everyday Collection,3,20,0.15,0.12218885063365321,1.2276079136690647,1.2276079136690647,False
62,perceived_colour_master_name,Beige,2,20,0.1,0.08482895026005421,1.1788428324697755,1.1788428324697755,False
62,garment_group_name,Trousers Denim,1,20,0.05,0.0430737674895612,1.1607993197278912,1.1607993197278912,False
62,department_name,Blouse,1,20,0.05,0.043293531609405904,1.154906937394247,1.154906937394247,False
62,department_name,Trouser,1,20,0.05,0.0446121163284741,1.1207717569786537,1.1207717569786537,False
62,product_type_name,Blouse,1,20,0.05,0.045344663394623105,1.1026655896607431,1.1026655896607431,False
62,section_name,Womens Lingerie,1,20,0.05,0.05765145410592631,0.8672808132147396,0.8672808132147396,False
62,perceived_colour_master_name,Blue,2,20,0.1,0.11933191707567212,0.8379987722529159,0.8379987722529159,False
62,department_name,Jersey,1,20,0.05,0.060801406490367006,0.8223493975903615,0.8223493975903615,False
62,product_type_name,Trousers,2,20,0.1,0.1310526701340561,0.7630519843487983,0.7630519843487983,False
62,garment_group_name,Knitwear,1,20,0.05,0.06695480184601861,0.7467724288840263,0.7467724288840263,False
62,product_group_name,Underwear,1,20,0.05,0.06768734891216761,0.7386904761904761,0.7386904761904761,False
62,product_group_name,Garment Lower body,3,20,0.15,0.2052596879349498,0.7307815845824411,0.7307815845824411,False
62,colour_group_name,Black,4,20,0.2,0.28027250750860744,0.7135912179822269,0.7135912179822269,False
62,graphical_appearance_name,Solid,8,20,0.4,0.5812760969892315,0.6881411468178954,0.6881411468178954,False
62,graphical_appearance_name,Denim,1,20,0.05,0.074719800747198,0.6691666666666668,0.6691666666666668,False
62,product_type_name,Sweater,1,20,0.05,0.0791883378507069,0.6314061054579094,0.6314061054579094,False
62,garment_group_name,Trousers,1,20,0.05,0.0825580543549923,0.6056344276841171,0.6056344276841171,False
62,garment_group_name,Blouses,1,20,0.05,0.0860742802725075,0.5808936170212766,0.5808936170212766,False
62,garment_group_name,Jersey Basic,1,20,0.05,0.09003003442971211,0.5553702196908056,0.5553702196908056,False
62,perceived_colour_master_name,Black,3,20,0.15,0.28173760164090544,0.5324102964118564,0.5324102964118564,False
62,colour_group_name,White,1,20,0.05,0.0960369203721339,0.5206331045003815,0.5206331045003815,False
62,product_group_name,Garment Upper body,4,20,0.2,0.38905574683173394,0.5140651478064395,0.5140651478064395,False
62,index_group_name,Menswear,1,20,0.05,0.10438795692623251,0.4789824561403509,0.4789824561403509,False
62,perceived_colour_master_name,White,1,20,0.05,0.12797597245623032,0.3906983400114482,0.3906983400114482,False
62,garment_group_name,Jersey Fancy,1,20,0.05,0.16672771225551242,0.299890158172232,0.299890158172232,False
63,product_type_name,Pyjama bottom,1,20,0.05,0.0025639147315215,19.501428571428573,19.501428571428573,False
63,department_name,Loungewear,3,20,0.15,0.009596366566551901,15.630916030534351,15.630916030534351,True
63,department_name,Ladies Sport Bottoms,2,20,0.1,0.0068859424218006005,14.522340425531917,14.522340425531917,True
63,department_name,Shopbasket Socks,1,20,0.05,0.0044685371035089,11.189344262295084,11.189344262295084,False
63,product_type_name,Unknown,1,20,0.05,0.006080140649036701,8.223493975903615,8.223493975903615,False
63,product_group_name,Unknown,1,20,0.05,0.006080140649036701,8.223493975903615,8.223493975903615,False
63,department_name,Tops Knitwear,2,20,0.1,0.014357922496520402,6.964795918367347,6.964795918367347,True
63,section_name,"Womens Nightwear, Socks & Tigh",4,20,0.2,0.034869240348692404,5.735714285714286,5.735714285714286,False
63,department_name,Jersey Basic,3,20,0.15,0.026737967914438502,5.61,5.61,False
63,section_name,Womens Everyday Basics,3,20,0.15,0.027177496154127904,5.519272237196765,5.519272237196765,False
63,product_type_name,Leggings/Tights,2,20,0.1,0.018313676653725002,5.4604,5.4604,False
63,product_group_name,Nightwear,1,20,0.05,0.009669621273166801,5.170833333333333,5.170833333333333,False
63,colour_group_name,Green,1,20,0.05,0.009742875979781702,5.131954887218045,5.131954887218045,False
63,product_type_name,Hoodie,2,20,0.1,0.0206578272654018,4.840780141843972,4.840780141843972,False
63,colour_group_name,Light Beige,4,20,0.2,0.0478353234195297,4.181010719754978,4.181010719754978,False
63,section_name,Ladies H&M Sport,2,20,0.1,0.0265182037945938,3.770994475138122,3.770994475138122,False
63,section_name,Womens Jackets,1,20,0.05,0.0136986301369863,3.6500000000000004,3.6500000000000004,False
63,department_name,Basic 1,2,20,0.1,0.029228627939345102,3.4213032581453637,3.4213032581453637,False
63,graphical_appearance_name,Placement print,1,20,0.05,0.014650941322980001,3.4127500000000004,3.4127500000000004,False
63,department_name,Outwear,1,20,0.05,0.0150172148560545,3.3295121951219517,3.3295121951219517,False
63,product_type_name,Sweater,5,20,0.25,0.0791883378507069,3.157030527289547,3.157030527289547,False
63,section_name,Divided Basics,2,20,0.1,0.03208556149732621,3.1166666666666667,3.1166666666666667,False
63,department_name,Trousers,1,20,0.05,0.0164823089883525,3.0335555555555556,3.0335555555555556,False
63,index_group_name,Sport,2,20,0.1,0.033111127389934804,3.020132743362832,3.020132743362832,False
63,garment_group_name,Knitwear,4,20,0.2,0.06695480184601861,2.987089715536105,2.987089715536105,False
63,department_name,Denim Trousers,1,20,0.05,0.0171416013478866,2.916880341880342,2.916880341880342,False
63,garment_group_name,Jersey Basic,5,20,0.25,0.09003003442971211,2.7768510984540278,2.7768510984540278,False
63,colour_group_name,Dark Green,1,20,0.05,0.018533440773569703,2.6978260869565216,2.6978260869565216,False
63,department_name,Knitwear,2,20,0.1,0.039557541572046,2.527962962962963,2.527962962962963,False
63,perceived_colour_master_name,Beige,4,20,0.2,0.08482895026005421,2.357685664939551,2.357685664939551,False
63,product_type_name,Socks,1,20,0.05,0.0240275437696872,2.0809451219512196,2.0809451219512196,False
63,department_name,Jersey fancy,1,20,0.05,0.0247600908358362,2.0193786982248523,2.0193786982248523,False
63,product_type_name,Top,2,20,0.1,0.050692256977510806,1.9726878612716763,1.9726878612716763,False
63,section_name,H&M+,1,20,0.05,0.026811222621053402,1.8648907103825139,1.8648907103825139,False
63,perceived_colour_master_name,Green,1,20,0.05,0.027910043220276903,1.7914698162729659,1.7914698162729659,False
63,colour_group_name,Black,10,20,0.5,0.28027250750860744,1.783978044955567,1.783978044955567,False
63,perceived_colour_master_name,Black,10,20,0.5,0.28173760164090544,1.7747009880395215,1.7747009880395215,False
63,garment_group_name,"Under-, Nightwear",3,20,0.15,0.08475569555343931,1.7697925669835781,1.7697925669835781,False
63,section_name,Ladies Denim,1,20,0.05,0.028862354406270604,1.7323604060913707,1.7323604060913707,False
63,product_type_name,Vest top,1,20,0.05,0.030107684418723902,1.660705596107056,1.660705596107056,False
63,garment_group_name,Socks and Tights,1,20,0.05,0.030254193831953703,1.6526634382566587,1.6526634382566587,False
63,product_group_name,Socks & Tights,1,20,0.05,0.030766976778258005,1.6251190476190476,1.6251190476190476,False
63,graphical_appearance_name,Melange,2,20,0.1,0.0617537176763607,1.6193357058125744,1.6193357058125744,False
63,colour_group_name,Grey,1,20,0.05,0.031059995604717602,1.6097877358490567,1.6097877358490567,False
63,product_type_name,Jacket,1,20,0.05,0.0312797597245623,1.5984777517564404,1.5984777517564404,False
63,colour_group_name,Blue,1,20,0.05,0.033330891509779505,1.5001098901098902,1.5001098901098902,False
63,garment_group_name,Outdoor,1,20,0.05,0.033697165042854006,1.483804347826087,1.483804347826087,False
63,index_group_name,Divided,6,20,0.3,0.2062119991209435,1.4548134991119006,1.4548134991119006,False
63,section_name,Divided Collection,3,20,0.15,0.10409493809977291,1.4409922589725546,1.4409922589725546,False
63,product_group_name,Garment Upper body,11,20,0.55,0.38905574683173394,1.4136791564677087,1.4136791564677087,False
63,perceived_colour_master_name,Grey,2,20,0.1,0.07113032012306791,1.4058702368692069,1.4058702368692069,False
63,graphical_appearance_name,Solid,15,20,0.75,0.5812760969892315,1.290264650283554,1.290264650283554,False
63,section_name,Womens Everyday Collection,3,20,0.15,0.12218885063365321,1.2276079136690647,1.2276079136690647,False
63,product_group_name,Garment Lower body,5,20,0.25,0.2052596879349498,1.2179693076374019,1.2179693076374019,False
63,garment_group_name,Jersey Fancy,4,20,0.2,0.16672771225551242,1.199560632688928,1.199560632688928,False
63,garment_group_name,Trousers Denim,1,20,0.05,0.0430737674895612,1.1607993197278912,1.1607993197278912,False
63,product_type_name,Trousers,3,20,0.15,0.1310526701340561,1.1445779765231974,1.1445779765231974,False
63,index_group_name,Ladieswear,12,20,0.6,0.5894806241301004,1.0178451596868396,1.0178451596868396,False
63,colour_group_name,Dark Blue,1,20,0.05,0.058970038824994506,0.847888198757764,0.847888198757764,False
63,perceived_colour_master_name,Blue,2,20,0.1,0.11933191707567212,0.8379987722529159,0.8379987722529159,False
63,department_name,Jersey,1,20,0.05,0.060801406490367006,0.8223493975903615,0.8223493975903615,False
63,graphical_appearance_name,Denim,1,20,0.05,0.074719800747198,0.6691666666666668,0.6691666666666668,False
63,garment_group_name,Trousers,1,20,0.05,0.0825580543549923,0.6056344276841171,0.6056344276841171,False
63,colour_group_name,White,1,20,0.05,0.0960369203721339,0.5206331045003815,0.5206331045003815,False
63,graphical_appearance_name,All over pattern,1,20,0.05,0.10709838107098381,0.4668604651162791,0.4668604651162791,False
63,product_type_name,Dress,1,20,0.05,0.11750054941029961,0.4255299251870325,0.4255299251870325,False
63,perceived_colour_master_name,White,1,20,0.05,0.12797597245623032,0.3906983400114482,0.3906983400114482,False
63,product_group_name,Garment Full body,1,20,0.05,0.1304666324811369,0.3832397529477822,0.3832397529477822,False
64,department_name,Kids Boy Knitwear,1,20,0.05,0.0005127829463043,97.50714285714287,97.50714285714287,False
64,product_type_name,Hat/brim,1,20,0.05,0.0013185847190682002,37.919444444444444,37.919444444444444,False
64,department_name,Men Sport Tops,1,20,0.05,0.0020511317852172,24.376785714285717,24.376785714285717,False
64,department_name,Young Boy Jersey Basic,1,20,0.05,0.0025639147315215,19.501428571428573,19.501428571428573,False
64,department_name,Shirt,3,20,0.15,0.009156838326862501,16.3812,16.3812,True
64,graphical_appearance_name,Mixed solid/pattern,1,20,0.05,0.0035162259175152005,14.219791666666667,14.219791666666667,False
64,department_name,Gloves/Hats,1,20,0.05,0.0035894806241301004,13.929591836734694,13.929591836734694,False
64,graphical_appearance_name,Application/3D,1,20,0.05,0.0040290088638195,12.410000000000002,12.410000000000002,False
64,garment_group_name,Shirts,3,20,0.15,0.012526554831147901,11.97456140350877,11.97456140350877,True
64,colour_group_name,Light Turquoise,1,20,0.05,0.0049080653431983,10.187313432835822,10.187313432835822,False
64,section_name,Contemporary Casual,2,20,0.1,0.010621932459160502,9.41448275862069,9.41448275862069,True
64,department_name,Suit jacket,1,20,0.05,0.0053475935828877,9.350000000000001,9.350000000000001,False
64,product_type_name,Pyjama set,1,20,0.05,0.0054208482895026005,9.223648648648648,9.223648648648648,False
64,department_name,Newborn,1,20,0.05,0.0055673577027324,8.98092105263158,8.98092105263158,False
64,section_name,Kids Boy,1,20,0.05,0.0056406124093473006,8.864285714285716,8.864285714285716,False
64,section_name,Men H&M Sport,1,20,0.05,0.0057871218225771,8.63987341772152,8.63987341772152,False
64,department_name,Nightwear,1,20,0.05,0.006080140649036701,8.223493975903615,8.223493975903615,False
64,product_type_name,Bodysuit,1,20,0.05,0.006299904768881401,7.936627906976745,7.936627906976745,False
64,section_name,Boys Underwear & Basics,1,20,0.05,0.006373159475496301,7.8454022988505745,7.8454022988505745,False
64,department_name,Belts,1,20,0.05,0.0066661783019559,7.500549450549451,7.500549450549451,False
64,department_name,Denim trousers,1,20,0.05,0.007984763021024101,6.261926605504587,6.261926605504587,False
64,product_type_name,Belt,1,20,0.05,0.0082045271408688,6.094196428571429,6.094196428571429,False
64,section_name,Denim Men,1,20,0.05,0.0085708006739433,5.833760683760684,5.833760683760684,False
64,colour_group_name,Orange,1,20,0.05,0.008790564793788001,5.687916666666666,5.687916666666666,False
64,perceived_colour_master_name,Turquoise,1,20,0.05,0.009230093033477401,5.417063492063492,5.417063492063492,False
64,product_group_name,Nightwear,1,20,0.05,0.009669621273166801,5.170833333333333,5.170833333333333,False
64,section_name,Womens Big accessories,2,20,0.1,0.019925280199252802,5.018750000000001,5.018750000000001,False
64,product_type_name,Shirt,3,20,0.15,0.031646033257636805,4.7399305555555555,4.7399305555555555,False
64,graphical_appearance_name,Other structure,2,20,0.1,0.022855468463848803,4.375320512820513,4.375320512820513,False
64,colour_group_name,Dark Red,1,20,0.05,0.0128195736576075,3.900285714285715,3.900285714285715,False
64,garment_group_name,Dressed,1,20,0.05,0.013112592484067102,3.813128491620112,3.813128491620112,False
64,product_type_name,Blazer,1,20,0.05,0.014211413083290601,3.5182989690721653,3.5182989690721653,False
64,colour_group_name,Blue,2,20,0.1,0.033330891509779505,3.0002197802197803,3.0002197802197803,False
64,product_type_name,Swimwear bottom,1,20,0.05,0.016702073108197203,2.993640350877193,2.993640350877193,False
64,product_type_name,Bikini top,1,20,0.05,0.0171416013478866,2.916880341880342,2.916880341880342,False
64,department_name,Casual Lingerie,1,20,0.05,0.017581129587576003,2.843958333333333,2.843958333333333,False
64,section_name,Baby Essentials & Complements,1,20,0.05,0.017727639000805803,2.8204545454545453,2.8204545454545453,False
64,department_name,Dress,2,20,0.1,0.035894806241301,2.785918367346939,2.785918367346939,False
64,section_name,Contemporary Smart,1,20,0.05,0.0180206578272654,2.7745934959349596,2.7745934959349596,False
64,colour_group_name,Light Pink,2,20,0.1,0.036773862720679805,2.7193227091633467,2.7193227091633467,False
64,colour_group_name,Dark Green,1,20,0.05,0.018533440773569703,2.6978260869565216,2.6978260869565216,False
64,section_name,"Womens Swimwear, beachwear",2,20,0.1,0.0374331550802139,2.6714285714285717,2.6714285714285717,False
64,colour_group_name,Yellowish Brown,1,20,0.05,0.0187532048934144,2.6662109375000003,2.6662109375000003,False
64,garment_group_name,Swimwear,2,20,0.1,0.038531975679437405,2.5952471482889736,2.5952471482889736,False
64,department_name,Swimwear,2,20,0.1,0.038531975679437405,2.5952471482889736,2.5952471482889736,False
64,product_group_name,Swimwear,2,20,0.1,0.0397773056918907,2.513996316758748,2.513996316758748,False
64,product_type_name,Hoodie,1,20,0.05,0.0206578272654018,2.420390070921986,2.420390070921986,False
64,department_name,Dresses,1,20,0.05,0.021024100798476303,2.3782229965156794,2.3782229965156794,False
64,garment_group_name,Dresses Ladies,3,20,0.15,0.06651527360632921,2.2551211453744493,2.2551211453744493,False
64,index_group_name,Baby/Children,3,20,0.15,0.06680829243278881,2.2452302631578944,2.2452302631578944,False
64,graphical_appearance_name,Check,1,20,0.05,0.023001977877078604,2.1737261146496816,2.1737261146496816,False
64,perceived_colour_master_name,Red,1,20,0.05,0.0232217419969233,2.1531545741324924,2.1531545741324924,False
64,section_name,Mama,1,20,0.05,0.023294996703538202,2.1463836477987424,2.1463836477987424,False
64,graphical_appearance_name,Denim,3,20,0.15,0.074719800747198,2.0075000000000003,2.0075000000000003,False
64,index_group_name,Menswear,4,20,0.2,0.10438795692623251,1.9159298245614036,1.9159298245614036,False
64,perceived_colour_master_name,Brown,1,20,0.05,0.026151930261519303,1.911904761904762,1.911904761904762,False
64,colour_group_name,Light Blue,1,20,0.05,0.026957732034283203,1.8547554347826087,1.8547554347826087,False
64,perceived_colour_master_name,Orange,1,20,0.05,0.0273972602739726,1.8250000000000002,1.8250000000000002,False
64,perceived_colour_master_name,Green,1,20,0.05,0.027910043220276903,1.7914698162729659,1.7914698162729659,False
64,product_type_name,Dress,4,20,0.2,0.11750054941029961,1.70211970074813,1.70211970074813,False
64,perceived_colour_master_name,Blue,4,20,0.2,0.11933191707567212,1.6759975445058317,1.6759975445058317,False
64,colour_group_name,Grey,1,20,0.05,0.031059995604717602,1.6097877358490567,1.6097877358490567,False
64,product_type_name,Underwear bottom,1,20,0.05,0.031133250311332503,1.606,1.606,False
64,section_name,Womens Tailoring,2,20,0.1,0.06343857592850341,1.5763279445727483,1.5763279445727483,False
64,product_group_name,Garment Full body,4,20,0.2,0.1304666324811369,1.5329590117911287,1.5329590117911287,False
64,index_group_name,Sport,1,20,0.05,0.033111127389934804,1.510066371681416,1.510066371681416,False
64,perceived_colour_master_name,Pink,2,20,0.1,0.06702805655263351,1.4919125683060108,1.4919125683060108,False
64,garment_group_name,Outdoor,1,20,0.05,0.033697165042854006,1.483804347826087,1.483804347826087,False
64,section_name,"Womens Nightwear, Socks & Tigh",1,20,0.05,0.034869240348692404,1.4339285714285714,1.4339285714285714,False
64,section_name,Womens Casual,1,20,0.05,0.039557541572046,1.2639814814814816,1.2639814814814816,False
64,garment_group_name,"Under-, Nightwear",2,20,0.1,0.08475569555343931,1.1798617113223855,1.1798617113223855,False
64,garment_group_name,Trousers Denim,1,20,0.05,0.0430737674895612,1.1607993197278912,1.1607993197278912,False
64,product_group_name,Garment Upper body,9,20,0.45,0.38905574683173394,1.156646582564489,1.156646582564489,False
64,department_name,Blouse,1,20,0.05,0.043293531609405904,1.154906937394247,1.154906937394247,False
64,product_type_name,Blouse,1,20,0.05,0.045344663394623105,1.1026655896607431,1.1026655896607431,False
64,colour_group_name,Beige,1,20,0.05,0.04585744634092741,1.0903354632587858,1.0903354632587858,False
64,product_group_name,Accessories,2,20,0.1,0.092300930334774,1.0834126984126986,1.0834126984126986,False
64,colour_group_name,White,2,20,0.1,0.0960369203721339,1.041266209000763,1.041266209000763,False
64,garment_group_name,Accessories,2,20,0.1,0.0962566844919786,1.038888888888889,1.038888888888889,False
64,graphical_appearance_name,Solid,11,20,0.55,0.5812760969892315,0.9461940768746062,0.9461940768746062,False
64,index_group_name,Ladieswear,11,20,0.55,0.5894806241301004,0.9330247297129365,0.9330247297129365,False
64,colour_group_name,Black,5,20,0.25,0.28027250750860744,0.8919890224777836,0.8919890224777836,False
64,perceived_colour_master_name,Black,5,20,0.25,0.28173760164090544,0.8873504940197607,0.8873504940197607,False
64,product_type_name,T-shirt,1,20,0.05,0.05757819939931141,0.8683842239185751,0.8683842239185751,False
64,section_name,Womens Lingerie,1,20,0.05,0.05765145410592631,0.8672808132147396,0.8672808132147396,False
64,colour_group_name,Dark Blue,1,20,0.05,0.058970038824994506,0.847888198757764,0.847888198757764,False
64,department_name,Jersey,1,20,0.05,0.060801406490367006,0.8223493975903615,0.8223493975903615,False
64,perceived_colour_master_name,White,2,20,0.1,0.12797597245623032,0.7813966800228964,0.7813966800228964,False
64,garment_group_name,Knitwear,1,20,0.05,0.06695480184601861,0.7467724288840263,0.7467724288840263,False
64,product_group_name,Underwear,1,20,0.05,0.06768734891216761,0.7386904761904761,0.7386904761904761,False
64,perceived_colour_master_name,Grey,1,20,0.05,0.07113032012306791,0.7029351184346034,0.7029351184346034,False
64,product_type_name,Sweater,1,20,0.05,0.0791883378507069,0.6314061054579094,0.6314061054579094,False
64,garment_group_name,Jersey Fancy,2,20,0.1,0.16672771225551242,0.599780316344464,0.599780316344464,False
64,perceived_colour_master_name,Beige,1,20,0.05,0.08482895026005421,0.5894214162348878,0.5894214162348878,False
64,garment_group_name,Blouses,1,20,0.05,0.0860742802725075,0.5808936170212766,0.5808936170212766,False
64,garment_group_name,Jersey Basic,1,20,0.05,0.09003003442971211,0.5553702196908056,0.5553702196908056,False
64,section_name,Divided Collection,1,20,0.05,0.10409493809977291,0.48033075299085154,0.48033075299085154,False
64,graphical_appearance_name,All over pattern,1,20,0.05,0.10709838107098381,0.4668604651162791,0.4668604651162791,False
64,section_name,Womens Everyday Collection,1,20,0.05,0.12218885063365321,0.40920263788968825,0.40920263788968825,False
64,product_type_name,Trousers,1,20,0.05,0.1310526701340561,0.38152599217439914,0.38152599217439914,False
64,product_group_name,Garment Lower body,1,20,0.05,0.2052596879349498,0.2435938615274804,0.2435938615274804,False
64,index_group_name,Divided,1,20,0.05,0.2062119991209435,0.2424689165186501,0.2424689165186501,False
65,department_name,Kids Boy Knitwear,1,20,0.05,0.0005127829463043,97.50714285714287,97.50714285714287,False
65,department_name,Young Girl UW/NW,1,20,0.05,0.0011720753058384,42.659375000000004,42.659375000000004,False
65,product_type_name,Hat/brim,1,20,0.05,0.0013185847190682002,37.919444444444444,37.919444444444444,False
65,department_name,Men Sport Tops,1,20,0.05,0.0020511317852172,24.376785714285717,24.376785714285717,False
65,product_type_name,Pyjama set,2,20,0.1,0.0054208482895026005,18.447297297297297,18.447297297297297,True
65,graphical_appearance_name,Mixed solid/pattern,1,20,0.05,0.0035162259175152005,14.219791666666667,14.219791666666667,False
65,department_name,Gloves/Hats,1,20,0.05,0.0035894806241301004,13.929591836734694,13.929591836734694,False
65,graphical_appearance_name,Treatment,1,20,0.05,0.003955754157204601,12.639814814814814,12.639814814814814,False
65,department_name,Baby basics,1,20,0.05,0.0042487729836642,11.768103448275864,11.768103448275864,False
65,department_name,Other items,1,20,0.05,0.0042487729836642,11.768103448275864,11.768103448275864,False
65,product_group_name,Nightwear,2,20,0.1,0.009669621273166801,10.341666666666667,10.341666666666667,True
65,section_name,Girls Underwear & Basics,1,20,0.05,0.004834810636583401,10.341666666666667,10.341666666666667,False
65,product_type_name,Garment Set,1,20,0.05,0.005127829463043,9.750714285714286,9.750714285714286,False
65,section_name,Kids Boy,1,20,0.05,0.0056406124093473006,8.864285714285716,8.864285714285716,False
65,section_name,Men H&M Sport,1,20,0.05,0.0057871218225771,8.63987341772152,8.63987341772152,False
65,department_name,Nightwear,1,20,0.05,0.006080140649036701,8.223493975903615,8.223493975903615,False
65,department_name,Functional Lingerie,1,20,0.05,0.006373159475496301,7.8454022988505745,7.8454022988505745,False
65,product_type_name,Other accessories,1,20,0.05,0.006959197128415501,7.184736842105264,7.184736842105264,False
65,department_name,Denim trousers,1,20,0.05,0.007984763021024101,6.261926605504587,6.261926605504587,False
65,section_name,Denim Men,1,20,0.05,0.0085708006739433,5.833760683760684,5.833760683760684,False
65,colour_group_name,Orange,1,20,0.05,0.008790564793788001,5.687916666666666,5.687916666666666,False
65,colour_group_name,Grey,3,20,0.15,0.031059995604717602,4.8293632075471695,4.8293632075471695,True
65,colour_group_name,Yellow,1,20,0.05,0.011354479525309501,4.403548387096774,4.403548387096774,False
65,graphical_appearance_name,Other structure,2,20,0.1,0.022855468463848803,4.375320512820513,4.375320512820513,False
65,department_name,Skirt,1,20,0.05,0.011647498351769101,4.292767295597485,4.292767295597485,False
65,department_name,Dress,3,20,0.15,0.035894806241301,4.178877551020408,4.178877551020408,False
65,graphical_appearance_name,Lace,1,20,0.05,0.012673064244377702,3.9453757225433526,3.9453757225433526,False
65,perceived_colour_master_name,Orange,2,20,0.1,0.0273972602739726,3.6500000000000004,3.6500000000000004,False
65,section_name,Womens Jackets,1,20,0.05,0.0136986301369863,3.6500000000000004,3.6500000000000004,False
65,product_type_name,Earring,1,20,0.05,0.014724196029594901,3.395771144278607,3.395771144278607,False
65,colour_group_name,Light Orange,1,20,0.05,0.014724196029594901,3.395771144278607,3.395771144278607,False
65,department_name,Outwear,1,20,0.05,0.0150172148560545,3.3295121951219517,3.3295121951219517,False
65,colour_group_name,Blue,2,20,0.1,0.033330891509779505,3.0002197802197803,3.0002197802197803,False
65,product_type_name,Swimwear bottom,1,20,0.05,0.016702073108197203,2.993640350877193,2.993640350877193,False
65,garment_group_name,Outdoor,2,20,0.1,0.033697165042854006,2.967608695652174,2.967608695652174,False
65,product_type_name,Bikini top,1,20,0.05,0.0171416013478866,2.916880341880342,2.916880341880342,False
65,section_name,Baby Essentials & Complements,1,20,0.05,0.017727639000805803,2.8204545454545453,2.8204545454545453,False
65,perceived_colour_master_name,Grey,4,20,0.2,0.07113032012306791,2.8117404737384137,2.8117404737384137,False
65,section_name,"Womens Swimwear, beachwear",2,20,0.1,0.0374331550802139,2.6714285714285717,2.6714285714285717,False
65,colour_group_name,Yellowish Brown,1,20,0.05,0.0187532048934144,2.6662109375000003,2.6662109375000003,False
65,garment_group_name,Swimwear,2,20,0.1,0.038531975679437405,2.5952471482889736,2.5952471482889736,False
65,department_name,Swimwear,2,20,0.1,0.038531975679437405,2.5952471482889736,2.5952471482889736,False
65,garment_group_name,Skirts,1,20,0.05,0.0195590066661783,2.556367041198502,2.556367041198502,False
65,product_group_name,Swimwear,2,20,0.1,0.0397773056918907,2.513996316758748,2.513996316758748,False
65,section_name,Womens Big accessories,1,20,0.05,0.019925280199252802,2.5093750000000004,2.5093750000000004,False
65,product_type_name,Hoodie,1,20,0.05,0.0206578272654018,2.420390070921986,2.420390070921986,False
65,colour_group_name,Pink,1,20,0.05,0.021024100798476303,2.3782229965156794,2.3782229965156794,False
65,colour_group_name,Gold,1,20,0.05,0.021829902571240203,2.290436241610738,2.290436241610738,False
65,garment_group_name,Dresses Ladies,3,20,0.15,0.06651527360632921,2.2551211453744493,2.2551211453744493,False
65,index_group_name,Baby/Children,3,20,0.15,0.06680829243278881,2.2452302631578944,2.2452302631578944,False
65,perceived_colour_master_name,Yellow,1,20,0.05,0.022635704344004103,2.2088996763754047,2.2088996763754047,False
65,colour_group_name,Beige,2,20,0.1,0.04585744634092741,2.1806709265175717,2.1806709265175717,False
65,department_name,Jewellery,1,20,0.05,0.0230752325836935,2.166825396825397,2.166825396825397,False
65,section_name,Mama,1,20,0.05,0.023294996703538202,2.1463836477987424,2.1463836477987424,False
65,section_name,Womens Small accessories,2,20,0.1,0.0514248040436598,1.9445868945868947,1.9445868945868947,False
65,product_group_name,Garment Full body,5,20,0.25,0.1304666324811369,1.9161987647389107,1.9161987647389107,False
65,perceived_colour_master_name,Brown,1,20,0.05,0.026151930261519303,1.911904761904762,1.911904761904762,False
65,graphical_appearance_name,All over pattern,4,20,0.2,0.10709838107098381,1.8674418604651164,1.8674418604651164,False
65,perceived_colour_master_name,Green,1,20,0.05,0.027910043220276903,1.7914698162729659,1.7914698162729659,False
65,garment_group_name,"Under-, Nightwear",3,20,0.15,0.08475569555343931,1.7697925669835781,1.7697925669835781,False
65,product_type_name,Dress,4,20,0.2,0.11750054941029961,1.70211970074813,1.70211970074813,False
65,colour_group_name,Dark Grey,1,20,0.05,0.029375137352574902,1.70211970074813,1.70211970074813,False
65,perceived_colour_master_name,Metal,1,20,0.05,0.030254193831953703,1.6526634382566587,1.6526634382566587,False
65,product_group_name,Accessories,3,20,0.15,0.092300930334774,1.6251190476190476,1.6251190476190476,False
65,graphical_appearance_name,Melange,2,20,0.1,0.0617537176763607,1.6193357058125744,1.6193357058125744,False
65,product_type_name,Jacket,1,20,0.05,0.0312797597245623,1.5984777517564404,1.5984777517564404,False
65,section_name,Womens Tailoring,2,20,0.1,0.06343857592850341,1.5763279445727483,1.5763279445727483,False
65,garment_group_name,Accessories,3,20,0.15,0.0962566844919786,1.5583333333333333,1.5583333333333333,False
65,product_type_name,Bra,1,20,0.05,0.0326715991502454,1.5303811659192827,1.5303811659192827,False
65,index_group_name,Sport,1,20,0.05,0.033111127389934804,1.510066371681416,1.510066371681416,False
65,product_type_name,Skirt,1,20,0.05,0.033404146216394405,1.4968201754385966,1.4968201754385966,False
65,perceived_colour_master_name,Pink,2,20,0.1,0.06702805655263351,1.4919125683060108,1.4919125683060108,False
65,section_name,"Womens Nightwear, Socks & Tigh",1,20,0.05,0.034869240348692404,1.4339285714285714,1.4339285714285714,False
65,colour_group_name,Light Pink,1,20,0.05,0.036773862720679805,1.3596613545816734,1.3596613545816734,False
65,index_group_name,Ladieswear,15,20,0.75,0.5894806241301004,1.2723064496085497,1.2723064496085497,False
65,section_name,Womens Casual,1,20,0.05,0.039557541572046,1.2639814814814816,1.2639814814814816,False
65,section_name,Womens Everyday Collection,3,20,0.15,0.12218885063365321,1.2276079136690647,1.2276079136690647,False
65,perceived_colour_master_name,Beige,2,20,0.1,0.08482895026005421,1.1788428324697755,1.1788428324697755,False
65,garment_group_name,Trousers Denim,1,20,0.05,0.0430737674895612,1.1607993197278912,1.1607993197278912,False
65,department_name,Blouse,1,20,0.05,0.043293531609405904,1.154906937394247,1.154906937394247,False
65,department_name,Trouser,1,20,0.05,0.0446121163284741,1.1207717569786537,1.1207717569786537,False
65,product_type_name,Blouse,1,20,0.05,0.045344663394623105,1.1026655896607431,1.1026655896607431,False
65,section_name,Womens Lingerie,1,20,0.05,0.05765145410592631,0.8672808132147396,0.8672808132147396,False
65,perceived_colour_master_name,Blue,2,20,0.1,0.11933191707567212,0.8379987722529159,0.8379987722529159,False
65,department_name,Jersey,1,20,0.05,0.060801406490367006,0.8223493975903615,0.8223493975903615,False
65,product_type_name,Trousers,2,20,0.1,0.1310526701340561,0.7630519843487983,0.7630519843487983,False
65,garment_group_name,Knitwear,1,20,0.05,0.06695480184601861,0.7467724288840263,0.7467724288840263,False
65,product_group_name,Underwear,1,20,0.05,0.06768734891216761,0.7386904761904761,0.7386904761904761,False
65,product_group_name,Garment Lower body,3,20,0.15,0.2052596879349498,0.7307815845824411,0.7307815845824411,False
65,colour_group_name,Black,4,20,0.2,0.28027250750860744,0.7135912179822269,0.7135912179822269,False
65,graphical_appearance_name,Solid,8,20,0.4,0.5812760969892315,0.6881411468178954,0.6881411468178954,False
65,graphical_appearance_name,Denim,1,20,0.05,0.074719800747198,0.6691666666666668,0.6691666666666668,False
65,product_type_name,Sweater,1,20,0.05,0.0791883378507069,0.6314061054579094,0.6314061054579094,False
65,garment_group_name,Trousers,1,20,0.05,0.0825580543549923,0.6056344276841171,0.6056344276841171,False
65,garment_group_name,Blouses,1,20,0.05,0.0860742802725075,0.5808936170212766,0.5808936170212766,False
65,garment_group_name,Jersey Basic,1,20,0.05,0.09003003442971211,0.5553702196908056,0.5553702196908056,False
65,perceived_colour_master_name,Black,3,20,0.15,0.28173760164090544,0.5324102964118564,0.5324102964118564,False
65,colour_group_name,White,1,20,0.05,0.0960369203721339,0.5206331045003815,0.5206331045003815,False
65,product_group_name,Garment Upper body,4,20,0.2,0.38905574683173394,0.5140651478064395,0.5140651478064395,False
65,index_group_name,Menswear,1,20,0.05,0.10438795692623251,0.4789824561403509,0.4789824561403509,False
65,perceived_colour_master_name,White,1,20,0.05,0.12797597245623032,0.3906983400114482,0.3906983400114482,False
65,garment_group_name,Jersey Fancy,1,20,0.05,0.16672771225551242,0.299890158172232,0.299890158172232,False
66,department_name,Kids Boy Knitwear,1,20,0.05,0.0005127829463043,97.50714285714287,97.50714285714287,False
66,department_name,Young Girl UW/NW,1,20,0.05,0.0011720753058384,42.659375000000004,42.659375000000004,False
66,product_type_name,Hat/brim,1,20,0.05,0.0013185847190682002,37.919444444444444,37.919444444444444,False
66,department_name,Men Sport Tops,1,20,0.05,0.0020511317852172,24.376785714285717,24.376785714285717,False
66,product_type_name,Pyjama set,2,20,0.1,0.0054208482895026005,18.447297297297297,18.447297297297297,True
66,graphical_appearance_name,Mixed solid/pattern,1,20,0.05,0.0035162259175152005,14.219791666666667,14.219791666666667,False
66,department_name,Gloves/Hats,1,20,0.05,0.0035894806241301004,13.929591836734694,13.929591836734694,False
66,graphical_appearance_name,Treatment,1,20,0.05,0.003955754157204601,12.639814814814814,12.639814814814814,False
66,department_name,Baby basics,1,20,0.05,0.0042487729836642,11.768103448275864,11.768103448275864,False
66,department_name,Other items,1,20,0.05,0.0042487729836642,11.768103448275864,11.768103448275864,False
66,product_group_name,Nightwear,2,20,0.1,0.009669621273166801,10.341666666666667,10.341666666666667,True
66,section_name,Girls Underwear & Basics,1,20,0.05,0.004834810636583401,10.341666666666667,10.341666666666667,False
66,product_type_name,Garment Set,1,20,0.05,0.005127829463043,9.750714285714286,9.750714285714286,False
66,section_name,Kids Boy,1,20,0.05,0.0056406124093473006,8.864285714285716,8.864285714285716,False
66,section_name,Men H&M Sport,1,20,0.05,0.0057871218225771,8.63987341772152,8.63987341772152,False
66,department_name,Nightwear,1,20,0.05,0.006080140649036701,8.223493975903615,8.223493975903615,False
66,department_name,Functional Lingerie,1,20,0.05,0.006373159475496301,7.8454022988505745,7.8454022988505745,False
66,product_type_name,Other accessories,1,20,0.05,0.006959197128415501,7.184736842105264,7.184736842105264,False
66,department_name,Denim trousers,1,20,0.05,0.007984763021024101,6.261926605504587,6.261926605504587,False
66,section_name,Denim Men,1,20,0.05,0.0085708006739433,5.833760683760684,5.833760683760684,False
66,colour_group_name,Orange,1,20,0.05,0.008790564793788001,5.687916666666666,5.687916666666666,False
66,colour_group_name,Grey,3,20,0.15,0.031059995604717602,4.8293632075471695,4.8293632075471695,True
66,colour_group_name,Yellow,1,20,0.05,0.011354479525309501,4.403548387096774,4.403548387096774,False
66,graphical_appearance_name,Other structure,2,20,0.1,0.022855468463848803,4.375320512820513,4.375320512820513,False
66,department_name,Skirt,1,20,0.05,0.011647498351769101,4.292767295597485,4.292767295597485,False
66,department_name,Dress,3,20,0.15,0.035894806241301,4.178877551020408,4.178877551020408,False
66,graphical_appearance_name,Lace,1,20,0.05,0.012673064244377702,3.9453757225433526,3.9453757225433526,False
66,perceived_colour_master_name,Orange,2,20,0.1,0.0273972602739726,3.6500000000000004,3.6500000000000004,False
66,section_name,Womens Jackets,1,20,0.05,0.0136986301369863,3.6500000000000004,3.6500000000000004,False
66,product_type_name,Earring,1,20,0.05,0.014724196029594901,3.395771144278607,3.395771144278607,False
66,colour_group_name,Light Orange,1,20,0.05,0.014724196029594901,3.395771144278607,3.395771144278607,False
66,department_name,Outwear,1,20,0.05,0.0150172148560545,3.3295121951219517,3.3295121951219517,False
66,colour_group_name,Blue,2,20,0.1,0.033330891509779505,3.0002197802197803,3.0002197802197803,False
66,product_type_name,Swimwear bottom,1,20,0.05,0.016702073108197203,2.993640350877193,2.993640350877193,False
66,garment_group_name,Outdoor,2,20,0.1,0.033697165042854006,2.967608695652174,2.967608695652174,False
66,product_type_name,Bikini top,1,20,0.05,0.0171416013478866,2.916880341880342,2.916880341880342,False
66,section_name,Baby Essentials & Complements,1,20,0.05,0.017727639000805803,2.8204545454545453,2.8204545454545453,False
66,perceived_colour_master_name,Grey,4,20,0.2,0.07113032012306791,2.8117404737384137,2.8117404737384137,False
66,section_name,"Womens Swimwear, beachwear",2,20,0.1,0.0374331550802139,2.6714285714285717,2.6714285714285717,False
66,colour_group_name,Yellowish Brown,1,20,0.05,0.0187532048934144,2.6662109375000003,2.6662109375000003,False
66,garment_group_name,Swimwear,2,20,0.1,0.038531975679437405,2.5952471482889736,2.5952471482889736,False
66,department_name,Swimwear,2,20,0.1,0.038531975679437405,2.5952471482889736,2.5952471482889736,False
66,garment_group_name,Skirts,1,20,0.05,0.0195590066661783,2.556367041198502,2.556367041198502,False
66,product_group_name,Swimwear,2,20,0.1,0.0397773056918907,2.513996316758748,2.513996316758748,False
66,section_name,Womens Big accessories,1,20,0.05,0.019925280199252802,2.5093750000000004,2.5093750000000004,False
66,product_type_name,Hoodie,1,20,0.05,0.0206578272654018,2.420390070921986,2.420390070921986,False
66,colour_group_name,Pink,1,20,0.05,0.021024100798476303,2.3782229965156794,2.3782229965156794,False
66,colour_group_name,Gold,1,20,0.05,0.021829902571240203,2.290436241610738,2.290436241610738,False
66,garment_group_name,Dresses Ladies,3,20,0.15,0.06651527360632921,2.2551211453744493,2.2551211453744493,False
66,index_group_name,Baby/Children,3,20,0.15,0.06680829243278881,2.2452302631578944,2.2452302631578944,False
66,perceived_colour_master_name,Yellow,1,20,0.05,0.022635704344004103,2.2088996763754047,2.2088996763754047,False
66,colour_group_name,Beige,2,20,0.1,0.04585744634092741,2.1806709265175717,2.1806709265175717,False
66,department_name,Jewellery,1,20,0.05,0.0230752325836935,2.166825396825397,2.166825396825397,False
66,section_name,Mama,1,20,0.05,0.023294996703538202,2.1463836477987424,2.1463836477987424,False
66,section_name,Womens Small accessories,2,20,0.1,0.0514248040436598,1.9445868945868947,1.9445868945868947,False
66,product_group_name,Garment Full body,5,20,0.25,0.1304666324811369,1.9161987647389107,1.9161987647389107,False
66,perceived_colour_master_name,Brown,1,20,0.05,0.026151930261519303,1.911904761904762,1.911904761904762,False
66,graphical_appearance_name,All over pattern,4,20,0.2,0.10709838107098381,1.8674418604651164,1.8674418604651164,False
66,perceived_colour_master_name,Green,1,20,0.05,0.027910043220276903,1.7914698162729659,1.7914698162729659,False
66,garment_group_name,"Under-, Nightwear",3,20,0.15,0.08475569555343931,1.7697925669835781,1.7697925669835781,False
66,product_type_name,Dress,4,20,0.2,0.11750054941029961,1.70211970074813,1.70211970074813,False
66,colour_group_name,Dark Grey,1,20,0.05,0.029375137352574902,1.70211970074813,1.70211970074813,False
66,perceived_colour_master_name,Metal,1,20,0.05,0.030254193831953703,1.6526634382566587,1.6526634382566587,False
66,product_group_name,Accessories,3,20,0.15,0.092300930334774,1.6251190476190476,1.6251190476190476,False
66,graphical_appearance_name,Melange,2,20,0.1,0.0617537176763607,1.6193357058125744,1.6193357058125744,False
66,product_type_name,Jacket,1,20,0.05,0.0312797597245623,1.5984777517564404,1.5984777517564404,False
66,section_name,Womens Tailoring,2,20,0.1,0.06343857592850341,1.5763279445727483,1.5763279445727483,False
66,garment_group_name,Accessories,3,20,0.15,0.0962566844919786,1.5583333333333333,1.5583333333333333,False
66,product_type_name,Bra,1,20,0.05,0.0326715991502454,1.5303811659192827,1.5303811659192827,False
66,index_group_name,Sport,1,20,0.05,0.033111127389934804,1.510066371681416,1.510066371681416,False
66,product_type_name,Skirt,1,20,0.05,0.033404146216394405,1.4968201754385966,1.4968201754385966,False
66,perceived_colour_master_name,Pink,2,20,0.1,0.06702805655263351,1.4919125683060108,1.4919125683060108,False
66,section_name,"Womens Nightwear, Socks & Tigh",1,20,0.05,0.034869240348692404,1.4339285714285714,1.4339285714285714,False
66,colour_group_name,Light Pink,1,20,0.05,0.036773862720679805,1.3596613545816734,1.3596613545816734,False
66,index_group_name,Ladieswear,15,20,0.75,0.5894806241301004,1.2723064496085497,1.2723064496085497,False
66,section_name,Womens Casual,1,20,0.05,0.039557541572046,1.2639814814814816,1.2639814814814816,False
66,section_name,Womens Everyday Collection,3,20,0.15,0.12218885063365321,1.2276079136690647,1.2276079136690647,False
66,perceived_colour_master_name,Beige,2,20,0.1,0.08482895026005421,1.1788428324697755,1.1788428324697755,False
66,garment_group_name,Trousers Denim,1,20,0.05,0.0430737674895612,1.1607993197278912,1.1607993197278912,False
66,department_name,Blouse,1,20,0.05,0.043293531609405904,1.154906937394247,1.154906937394247,False
66,department_name,Trouser,1,20,0.05,0.0446121163284741,1.1207717569786537,1.1207717569786537,False
66,product_type_name,Blouse,1,20,0.05,0.045344663394623105,1.1026655896607431,1.1026655896607431,False
66,section_name,Womens Lingerie,1,20,0.05,0.05765145410592631,0.8672808132147396,0.8672808132147396,False
66,perceived_colour_master_name,Blue,2,20,0.1,0.11933191707567212,0.8379987722529159,0.8379987722529159,False
66,department_name,Jersey,1,20,0.05,0.060801406490367006,0.8223493975903615,0.8223493975903615,False
66,product_type_name,Trousers,2,20,0.1,0.1310526701340561,0.7630519843487983,0.7630519843487983,False
66,garment_group_name,Knitwear,1,20,0.05,0.06695480184601861,0.7467724288840263,0.7467724288840263,False
66,product_group_name,Underwear,1,20,0.05,0.06768734891216761,0.7386904761904761,0.7386904761904761,False
66,product_group_name,Garment Lower body,3,20,0.15,0.2052596879349498,0.7307815845824411,0.7307815845824411,False
66,colour_group_name,Black,4,20,0.2,0.28027250750860744,0.7135912179822269,0.7135912179822269,False
66,graphical_appearance_name,Solid,8,20,0.4,0.5812760969892315,0.6881411468178954,0.6881411468178954,False
66,graphical_appearance_name,Denim,1,20,0.05,0.074719800747198,0.6691666666666668,0.6691666666666668,False
66,product_type_name,Sweater,1,20,0.05,0.0791883378507069,0.6314061054579094,0.6314061054579094,False
66,garment_group_name,Trousers,1,20,0.05,0.0825580543549923,0.6056344276841171,0.6056344276841171,False
66,garment_group_name,Blouses,1,20,0.05,0.0860742802725075,0.5808936170212766,0.5808936170212766,False
66,garment_group_name,Jersey Basic,1,20,0.05,0.09003003442971211,0.5553702196908056,0.5553702196908056,False
66,perceived_colour_master_name,Black,3,20,0.15,0.28173760164090544,0.5324102964118564,0.5324102964118564,False
66,colour_group_name,White,1,20,0.05,0.0960369203721339,0.5206331045003815,0.5206331045003815,False
66,product_group_name,Garment Upper body,4,20,0.2,0.38905574683173394,0.5140651478064395,0.5140651478064395,False
66,index_group_name,Menswear,1,20,0.05,0.10438795692623251,0.4789824561403509,0.4789824561403509,False
66,perceived_colour_master_name,White,1,20,0.05,0.12797597245623032,0.3906983400114482,0.3906983400114482,False
66,garment_group_name,Jersey Fancy,1,20,0.05,0.16672771225551242,0.299890158172232,0.299890158172232,False
67,department_name,Kids Boy Knitwear,1,20,0.05,0.0005127829463043,97.50714285714287,97.50714285714287,False
67,department_name,Young Girl UW/NW,1,20,0.05,0.0011720753058384,42.659375000000004,42.659375000000004,False
67,product_type_name,Hat/brim,1,20,0.05,0.0013185847190682002,37.919444444444444,37.919444444444444,False
67,department_name,Men Sport Tops,1,20,0.05,0.0020511317852172,24.376785714285717,24.376785714285717,False
67,product_type_name,Pyjama set,2,20,0.1,0.0054208482895026005,18.447297297297297,18.447297297297297,True
67,graphical_appearance_name,Mixed solid/pattern,1,20,0.05,0.0035162259175152005,14.219791666666667,14.219791666666667,False
67,department_name,Gloves/Hats,1,20,0.05,0.0035894806241301004,13.929591836734694,13.929591836734694,False
67,graphical_appearance_name,Treatment,1,20,0.05,0.003955754157204601,12.639814814814814,12.639814814814814,False
67,department_name,Baby basics,1,20,0.05,0.0042487729836642,11.768103448275864,11.768103448275864,False
67,department_name,Other items,1,20,0.05,0.0042487729836642,11.768103448275864,11.768103448275864,False
67,product_group_name,Nightwear,2,20,0.1,0.009669621273166801,10.341666666666667,10.341666666666667,True
67,section_name,Girls Underwear & Basics,1,20,0.05,0.004834810636583401,10.341666666666667,10.341666666666667,False
67,product_type_name,Garment Set,1,20,0.05,0.005127829463043,9.750714285714286,9.750714285714286,False
67,section_name,Kids Boy,1,20,0.05,0.0056406124093473006,8.864285714285716,8.864285714285716,False
67,section_name,Men H&M Sport,1,20,0.05,0.0057871218225771,8.63987341772152,8.63987341772152,False
67,department_name,Nightwear,1,20,0.05,0.006080140649036701,8.223493975903615,8.223493975903615,False
67,department_name,Functional Lingerie,1,20,0.05,0.006373159475496301,7.8454022988505745,7.8454022988505745,False
67,product_type_name,Other accessories,1,20,0.05,0.006959197128415501,7.184736842105264,7.184736842105264,False
67,department_name,Denim trousers,1,20,0.05,0.007984763021024101,6.261926605504587,6.261926605504587,False
67,section_name,Denim Men,1,20,0.05,0.0085708006739433,5.833760683760684,5.833760683760684,False
67,colour_group_name,Orange,1,20,0.05,0.008790564793788001,5.687916666666666,5.687916666666666,False
67,colour_group_name,Grey,3,20,0.15,0.031059995604717602,4.8293632075471695,4.8293632075471695,True
67,colour_group_name,Yellow,1,20,0.05,0.011354479525309501,4.403548387096774,4.403548387096774,False
67,graphical_appearance_name,Other structure,2,20,0.1,0.022855468463848803,4.375320512820513,4.375320512820513,False
67,department_name,Skirt,1,20,0.05,0.011647498351769101,4.292767295597485,4.292767295597485,False
67,department_name,Dress,3,20,0.15,0.035894806241301,4.178877551020408,4.178877551020408,False
67,graphical_appearance_name,Lace,1,20,0.05,0.012673064244377702,3.9453757225433526,3.9453757225433526,False
67,perceived_colour_master_name,Orange,2,20,0.1,0.0273972602739726,3.6500000000000004,3.6500000000000004,False
67,section_name,Womens Jackets,1,20,0.05,0.0136986301369863,3.6500000000000004,3.6500000000000004,False
67,product_type_name,Earring,1,20,0.05,0.014724196029594901,3.395771144278607,3.395771144278607,False
67,colour_group_name,Light Orange,1,20,0.05,0.014724196029594901,3.395771144278607,3.395771144278607,False
67,department_name,Outwear,1,20,0.05,0.0150172148560545,3.3295121951219517,3.3295121951219517,False
67,colour_group_name,Blue,2,20,0.1,0.033330891509779505,3.0002197802197803,3.0002197802197803,False
67,product_type_name,Swimwear bottom,1,20,0.05,0.016702073108197203,2.993640350877193,2.993640350877193,False
67,garment_group_name,Outdoor,2,20,0.1,0.033697165042854006,2.967608695652174,2.967608695652174,False
67,product_type_name,Bikini top,1,20,0.05,0.0171416013478866,2.916880341880342,2.916880341880342,False
67,section_name,Baby Essentials & Complements,1,20,0.05,0.017727639000805803,2.8204545454545453,2.8204545454545453,False
67,perceived_colour_master_name,Grey,4,20,0.2,0.07113032012306791,2.8117404737384137,2.8117404737384137,False
67,section_name,"Womens Swimwear, beachwear",2,20,0.1,0.0374331550802139,2.6714285714285717,2.6714285714285717,False
67,colour_group_name,Yellowish Brown,1,20,0.05,0.0187532048934144,2.6662109375000003,2.6662109375000003,False
67,garment_group_name,Swimwear,2,20,0.1,0.038531975679437405,2.5952471482889736,2.5952471482889736,False
67,department_name,Swimwear,2,20,0.1,0.038531975679437405,2.5952471482889736,2.5952471482889736,False
67,garment_group_name,Skirts,1,20,0.05,0.0195590066661783,2.556367041198502,2.556367041198502,False
67,product_group_name,Swimwear,2,20,0.1,0.0397773056918907,2.513996316758748,2.513996316758748,False
67,section_name,Womens Big accessories,1,20,0.05,0.019925280199252802,2.5093750000000004,2.5093750000000004,False
67,product_type_name,Hoodie,1,20,0.05,0.0206578272654018,2.420390070921986,2.420390070921986,False
67,colour_group_name,Pink,1,20,0.05,0.021024100798476303,2.3782229965156794,2.3782229965156794,False
67,colour_group_name,Gold,1,20,0.05,0.021829902571240203,2.290436241610738,2.290436241610738,False
67,garment_group_name,Dresses Ladies,3,20,0.15,0.06651527360632921,2.2551211453744493,2.2551211453744493,False
67,index_group_name,Baby/Children,3,20,0.15,0.06680829243278881,2.2452302631578944,2.2452302631578944,False
67,perceived_colour_master_name,Yellow,1,20,0.05,0.022635704344004103,2.2088996763754047,2.2088996763754047,False
67,colour_group_name,Beige,2,20,0.1,0.04585744634092741,2.1806709265175717,2.1806709265175717,False
67,department_name,Jewellery,1,20,0.05,0.0230752325836935,2.166825396825397,2.166825396825397,False
67,section_name,Mama,1,20,0.05,0.023294996703538202,2.1463836477987424,2.1463836477987424,False
67,section_name,Womens Small accessories,2,20,0.1,0.0514248040436598,1.9445868945868947,1.9445868945868947,False
67,product_group_name,Garment Full body,5,20,0.25,0.1304666324811369,1.9161987647389107,1.9161987647389107,False
67,perceived_colour_master_name,Brown,1,20,0.05,0.026151930261519303,1.911904761904762,1.911904761904762,False
67,graphical_appearance_name,All over pattern,4,20,0.2,0.10709838107098381,1.8674418604651164,1.8674418604651164,False
67,perceived_colour_master_name,Green,1,20,0.05,0.027910043220276903,1.7914698162729659,1.7914698162729659,False
67,garment_group_name,"Under-, Nightwear",3,20,0.15,0.08475569555343931,1.7697925669835781,1.7697925669835781,False
67,product_type_name,Dress,4,20,0.2,0.11750054941029961,1.70211970074813,1.70211970074813,False
67,colour_group_name,Dark Grey,1,20,0.05,0.029375137352574902,1.70211970074813,1.70211970074813,False
67,perceived_colour_master_name,Metal,1,20,0.05,0.030254193831953703,1.6526634382566587,1.6526634382566587,False
67,product_group_name,Accessories,3,20,0.15,0.092300930334774,1.6251190476190476,1.6251190476190476,False
67,graphical_appearance_name,Melange,2,20,0.1,0.0617537176763607,1.6193357058125744,1.6193357058125744,False
67,product_type_name,Jacket,1,20,0.05,0.0312797597245623,1.5984777517564404,1.5984777517564404,False
67,section_name,Womens Tailoring,2,20,0.1,0.06343857592850341,1.5763279445727483,1.5763279445727483,False
67,garment_group_name,Accessories,3,20,0.15,0.0962566844919786,1.5583333333333333,1.5583333333333333,False
67,product_type_name,Bra,1,20,0.05,0.0326715991502454,1.5303811659192827,1.5303811659192827,False
67,index_group_name,Sport,1,20,0.05,0.033111127389934804,1.510066371681416,1.510066371681416,False
67,product_type_name,Skirt,1,20,0.05,0.033404146216394405,1.4968201754385966,1.4968201754385966,False
67,perceived_colour_master_name,Pink,2,20,0.1,0.06702805655263351,1.4919125683060108,1.4919125683060108,False
67,section_name,"Womens Nightwear, Socks & Tigh",1,20,0.05,0.034869240348692404,1.4339285714285714,1.4339285714285714,False
67,colour_group_name,Light Pink,1,20,0.05,0.036773862720679805,1.3596613545816734,1.3596613545816734,False
67,index_group_name,Ladieswear,15,20,0.75,0.5894806241301004,1.2723064496085497,1.2723064496085497,False
67,section_name,Womens Casual,1,20,0.05,0.039557541572046,1.2639814814814816,1.2639814814814816,False
67,section_name,Womens Everyday Collection,3,20,0.15,0.12218885063365321,1.2276079136690647,1.2276079136690647,False
67,perceived_colour_master_name,Beige,2,20,0.1,0.08482895026005421,1.1788428324697755,1.1788428324697755,False
67,garment_group_name,Trousers Denim,1,20,0.05,0.0430737674895612,1.1607993197278912,1.1607993197278912,False
67,department_name,Blouse,1,20,0.05,0.043293531609405904,1.154906937394247,1.154906937394247,False
67,department_name,Trouser,1,20,0.05,0.0446121163284741,1.1207717569786537,1.1207717569786537,False
67,product_type_name,Blouse,1,20,0.05,0.045344663394623105,1.1026655896607431,1.1026655896607431,False
67,section_name,Womens Lingerie,1,20,0.05,0.05765145410592631,0.8672808132147396,0.8672808132147396,False
67,perceived_colour_master_name,Blue,2,20,0.1,0.11933191707567212,0.8379987722529159,0.8379987722529159,False
67,department_name,Jersey,1,20,0.05,0.060801406490367006,0.8223493975903615,0.8223493975903615,False
67,product_type_name,Trousers,2,20,0.1,0.1310526701340561,0.7630519843487983,0.7630519843487983,False
67,garment_group_name,Knitwear,1,20,0.05,0.06695480184601861,0.7467724288840263,0.7467724288840263,False
67,product_group_name,Underwear,1,20,0.05,0.06768734891216761,0.7386904761904761,0.7386904761904761,False
67,product_group_name,Garment Lower body,3,20,0.15,0.2052596879349498,0.7307815845824411,0.7307815845824411,False
67,colour_group_name,Black,4,20,0.2,0.28027250750860744,0.7135912179822269,0.7135912179822269,False
67,graphical_appearance_name,Solid,8,20,0.4,0.5812760969892315,0.6881411468178954,0.6881411468178954,False
67,graphical_appearance_name,Denim,1,20,0.05,0.074719800747198,0.6691666666666668,0.6691666666666668,False
67,product_type_name,Sweater,1,20,0.05,0.0791883378507069,0.6314061054579094,0.6314061054579094,False
67,garment_group_name,Trousers,1,20,0.05,0.0825580543549923,0.6056344276841171,0.6056344276841171,False
67,garment_group_name,Blouses,1,20,0.05,0.0860742802725075,0.5808936170212766,0.5808936170212766,False
67,garment_group_name,Jersey Basic,1,20,0.05,0.09003003442971211,0.5553702196908056,0.5553702196908056,False
67,perceived_colour_master_name,Black,3,20,0.15,0.28173760164090544,0.5324102964118564,0.5324102964118564,False
67,colour_group_name,White,1,20,0.05,0.0960369203721339,0.5206331045003815,0.5206331045003815,False
67,product_group_name,Garment Upper body,4,20,0.2,0.38905574683173394,0.5140651478064395,0.5140651478064395,False
67,index_group_name,Menswear,1,20,0.05,0.10438795692623251,0.4789824561403509,0.4789824561403509,False
67,perceived_colour_master_name,White,1,20,0.05,0.12797597245623032,0.3906983400114482,0.3906983400114482,False
67,garment_group_name,Jersey Fancy,1,20,0.05,0.16672771225551242,0.299890158172232,0.299890158172232,False
68,department_name,Kids Boy Knitwear,1,20,0.05,0.0005127829463043,97.50714285714287,97.50714285714287,False
68,department_name,Young Girl UW/NW,1,20,0.05,0.0011720753058384,42.659375000000004,42.659375000000004,False
68,product_type_name,Hat/brim,1,20,0.05,0.0013185847190682002,37.919444444444444,37.919444444444444,False
68,department_name,Men Sport Tops,1,20,0.05,0.0020511317852172,24.376785714285717,24.376785714285717,False
68,product_type_name,Pyjama set,2,20,0.1,0.0054208482895026005,18.447297297297297,18.447297297297297,True
68,graphical_appearance_name,Mixed solid/pattern,1,20,0.05,0.0035162259175152005,14.219791666666667,14.219791666666667,False
68,department_name,Gloves/Hats,1,20,0.05,0.0035894806241301004,13.929591836734694,13.929591836734694,False
68,graphical_appearance_name,Treatment,1,20,0.05,0.003955754157204601,12.639814814814814,12.639814814814814,False
68,department_name,Baby basics,1,20,0.05,0.0042487729836642,11.768103448275864,11.768103448275864,False
68,department_name,Other items,1,20,0.05,0.0042487729836642,11.768103448275864,11.768103448275864,False
68,product_group_name,Nightwear,2,20,0.1,0.009669621273166801,10.341666666666667,10.341666666666667,True
68,section_name,Girls Underwear & Basics,1,20,0.05,0.004834810636583401,10.341666666666667,10.341666666666667,False
68,product_type_name,Garment Set,1,20,0.05,0.005127829463043,9.750714285714286,9.750714285714286,False
68,section_name,Kids Boy,1,20,0.05,0.0056406124093473006,8.864285714285716,8.864285714285716,False
68,section_name,Men H&M Sport,1,20,0.05,0.0057871218225771,8.63987341772152,8.63987341772152,False
68,department_name,Nightwear,1,20,0.05,0.006080140649036701,8.223493975903615,8.223493975903615,False
68,department_name,Functional Lingerie,1,20,0.05,0.006373159475496301,7.8454022988505745,7.8454022988505745,False
68,product_type_name,Other accessories,1,20,0.05,0.006959197128415501,7.184736842105264,7.184736842105264,False
68,department_name,Denim trousers,1,20,0.05,0.007984763021024101,6.261926605504587,6.261926605504587,False
68,section_name,Denim Men,1,20,0.05,0.0085708006739433,5.833760683760684,5.833760683760684,False
68,colour_group_name,Orange,1,20,0.05,0.008790564793788001,5.687916666666666,5.687916666666666,False
68,colour_group_name,Grey,3,20,0.15,0.031059995604717602,4.8293632075471695,4.8293632075471695,True
68,colour_group_name,Yellow,1,20,0.05,0.011354479525309501,4.403548387096774,4.403548387096774,False
68,graphical_appearance_name,Other structure,2,20,0.1,0.022855468463848803,4.375320512820513,4.375320512820513,False
68,department_name,Skirt,1,20,0.05,0.011647498351769101,4.292767295597485,4.292767295597485,False
68,department_name,Dress,3,20,0.15,0.035894806241301,4.178877551020408,4.178877551020408,False
68,graphical_appearance_name,Lace,1,20,0.05,0.012673064244377702,3.9453757225433526,3.9453757225433526,False
68,perceived_colour_master_name,Orange,2,20,0.1,0.0273972602739726,3.6500000000000004,3.6500000000000004,False
68,section_name,Womens Jackets,1,20,0.05,0.0136986301369863,3.6500000000000004,3.6500000000000004,False
68,product_type_name,Earring,1,20,0.05,0.014724196029594901,3.395771144278607,3.395771144278607,False
68,colour_group_name,Light Orange,1,20,0.05,0.014724196029594901,3.395771144278607,3.395771144278607,False
68,department_name,Outwear,1,20,0.05,0.0150172148560545,3.3295121951219517,3.3295121951219517,False
68,colour_group_name,Blue,2,20,0.1,0.033330891509779505,3.0002197802197803,3.0002197802197803,False
68,product_type_name,Swimwear bottom,1,20,0.05,0.016702073108197203,2.993640350877193,2.993640350877193,False
68,garment_group_name,Outdoor,2,20,0.1,0.033697165042854006,2.967608695652174,2.967608695652174,False
68,product_type_name,Bikini top,1,20,0.05,0.0171416013478866,2.916880341880342,2.916880341880342,False
68,section_name,Baby Essentials & Complements,1,20,0.05,0.017727639000805803,2.8204545454545453,2.8204545454545453,False
68,perceived_colour_master_name,Grey,4,20,0.2,0.07113032012306791,2.8117404737384137,2.8117404737384137,False
68,section_name,"Womens Swimwear, beachwear",2,20,0.1,0.0374331550802139,2.6714285714285717,2.6714285714285717,False
68,colour_group_name,Yellowish Brown,1,20,0.05,0.0187532048934144,2.6662109375000003,2.6662109375000003,False
68,garment_group_name,Swimwear,2,20,0.1,0.038531975679437405,2.5952471482889736,2.5952471482889736,False
68,department_name,Swimwear,2,20,0.1,0.038531975679437405,2.5952471482889736,2.5952471482889736,False
68,garment_group_name,Skirts,1,20,0.05,0.0195590066661783,2.556367041198502,2.556367041198502,False
68,product_group_name,Swimwear,2,20,0.1,0.0397773056918907,2.513996316758748,2.513996316758748,False
68,section_name,Womens Big accessories,1,20,0.05,0.019925280199252802,2.5093750000000004,2.5093750000000004,False
68,product_type_name,Hoodie,1,20,0.05,0.0206578272654018,2.420390070921986,2.420390070921986,False
68,colour_group_name,Pink,1,20,0.05,0.021024100798476303,2.3782229965156794,2.3782229965156794,False
68,colour_group_name,Gold,1,20,0.05,0.021829902571240203,2.290436241610738,2.290436241610738,False
68,garment_group_name,Dresses Ladies,3,20,0.15,0.06651527360632921,2.2551211453744493,2.2551211453744493,False
68,index_group_name,Baby/Children,3,20,0.15,0.06680829243278881,2.2452302631578944,2.2452302631578944,False
68,perceived_colour_master_name,Yellow,1,20,0.05,0.022635704344004103,2.2088996763754047,2.2088996763754047,False
68,colour_group_name,Beige,2,20,0.1,0.04585744634092741,2.1806709265175717,2.1806709265175717,False
68,department_name,Jewellery,1,20,0.05,0.0230752325836935,2.166825396825397,2.166825396825397,False
68,section_name,Mama,1,20,0.05,0.023294996703538202,2.1463836477987424,2.1463836477987424,False
68,section_name,Womens Small accessories,2,20,0.1,0.0514248040436598,1.9445868945868947,1.9445868945868947,False
68,product_group_name,Garment Full body,5,20,0.25,0.1304666324811369,1.9161987647389107,1.9161987647389107,False
68,perceived_colour_master_name,Brown,1,20,0.05,0.026151930261519303,1.911904761904762,1.911904761904762,False
68,graphical_appearance_name,All over pattern,4,20,0.2,0.10709838107098381,1.8674418604651164,1.8674418604651164,False
68,perceived_colour_master_name,Green,1,20,0.05,0.027910043220276903,1.7914698162729659,1.7914698162729659,False
68,garment_group_name,"Under-, Nightwear",3,20,0.15,0.08475569555343931,1.7697925669835781,1.7697925669835781,False
68,product_type_name,Dress,4,20,0.2,0.11750054941029961,1.70211970074813,1.70211970074813,False
68,colour_group_name,Dark Grey,1,20,0.05,0.029375137352574902,1.70211970074813,1.70211970074813,False
68,perceived_colour_master_name,Metal,1,20,0.05,0.030254193831953703,1.6526634382566587,1.6526634382566587,False
68,product_group_name,Accessories,3,20,0.15,0.092300930334774,1.6251190476190476,1.6251190476190476,False
68,graphical_appearance_name,Melange,2,20,0.1,0.0617537176763607,1.6193357058125744,1.6193357058125744,False
68,product_type_name,Jacket,1,20,0.05,0.0312797597245623,1.5984777517564404,1.5984777517564404,False
68,section_name,Womens Tailoring,2,20,0.1,0.06343857592850341,1.5763279445727483,1.5763279445727483,False
68,garment_group_name,Accessories,3,20,0.15,0.0962566844919786,1.5583333333333333,1.5583333333333333,False
68,product_type_name,Bra,1,20,0.05,0.0326715991502454,1.5303811659192827,1.5303811659192827,False
68,index_group_name,Sport,1,20,0.05,0.033111127389934804,1.510066371681416,1.510066371681416,False
68,product_type_name,Skirt,1,20,0.05,0.033404146216394405,1.4968201754385966,1.4968201754385966,False
68,perceived_colour_master_name,Pink,2,20,0.1,0.06702805655263351,1.4919125683060108,1.4919125683060108,False
68,section_name,"Womens Nightwear, Socks & Tigh",1,20,0.05,0.034869240348692404,1.4339285714285714,1.4339285714285714,False
68,colour_group_name,Light Pink,1,20,0.05,0.036773862720679805,1.3596613545816734,1.3596613545816734,False
68,index_group_name,Ladieswear,15,20,0.75,0.5894806241301004,1.2723064496085497,1.2723064496085497,False
68,section_name,Womens Casual,1,20,0.05,0.039557541572046,1.2639814814814816,1.2639814814814816,False
68,section_name,Womens Everyday Collection,3,20,0.15,0.12218885063365321,1.2276079136690647,1.2276079136690647,False
68,perceived_colour_master_name,Beige,2,20,0.1,0.08482895026005421,1.1788428324697755,1.1788428324697755,False
68,garment_group_name,Trousers Denim,1,20,0.05,0.0430737674895612,1.1607993197278912,1.1607993197278912,False
68,department_name,Blouse,1,20,0.05,0.043293531609405904,1.154906937394247,1.154906937394247,False
68,department_name,Trouser,1,20,0.05,0.0446121163284741,1.1207717569786537,1.1207717569786537,False
68,product_type_name,Blouse,1,20,0.05,0.045344663394623105,1.1026655896607431,1.1026655896607431,False
68,section_name,Womens Lingerie,1,20,0.05,0.05765145410592631,0.8672808132147396,0.8672808132147396,False
68,perceived_colour_master_name,Blue,2,20,0.1,0.11933191707567212,0.8379987722529159,0.8379987722529159,False
68,department_name,Jersey,1,20,0.05,0.060801406490367006,0.8223493975903615,0.8223493975903615,False
68,product_type_name,Trousers,2,20,0.1,0.1310526701340561,0.7630519843487983,0.7630519843487983,False
68,garment_group_name,Knitwear,1,20,0.05,0.06695480184601861,0.7467724288840263,0.7467724288840263,False
68,product_group_name,Underwear,1,20,0.05,0.06768734891216761,0.7386904761904761,0.7386904761904761,False
68,product_group_name,Garment Lower body,3,20,0.15,0.2052596879349498,0.7307815845824411,0.7307815845824411,False
68,colour_group_name,Black,4,20,0.2,0.28027250750860744,0.7135912179822269,0.7135912179822269,False
68,graphical_appearance_name,Solid,8,20,0.4,0.5812760969892315,0.6881411468178954,0.6881411468178954,False
68,graphical_appearance_name,Denim,1,20,0.05,0.074719800747198,0.6691666666666668,0.6691666666666668,False
68,product_type_name,Sweater,1,20,0.05,0.0791883378507069,0.6314061054579094,0.6314061054579094,False
68,garment_group_name,Trousers,1,20,0.05,0.0825580543549923,0.6056344276841171,0.6056344276841171,False
68,garment_group_name,Blouses,1,20,0.05,0.0860742802725075,0.5808936170212766,0.5808936170212766,False
68,garment_group_name,Jersey Basic,1,20,0.05,0.09003003442971211,0.5553702196908056,0.5553702196908056,False
68,perceived_colour_master_name,Black,3,20,0.15,0.28173760164090544,0.5324102964118564,0.5324102964118564,False
68,colour_group_name,White,1,20,0.05,0.0960369203721339,0.5206331045003815,0.5206331045003815,False
68,product_group_name,Garment Upper body,4,20,0.2,0.38905574683173394,0.5140651478064395,0.5140651478064395,False
68,index_group_name,Menswear,1,20,0.05,0.10438795692623251,0.4789824561403509,0.4789824561403509,False
68,perceived_colour_master_name,White,1,20,0.05,0.12797597245623032,0.3906983400114482,0.3906983400114482,False
68,garment_group_name,Jersey Fancy,1,20,0.05,0.16672771225551242,0.299890158172232,0.299890158172232,False
69,product_type_name,Pyjama bottom,1,20,0.05,0.0025639147315215,19.501428571428573,19.501428571428573,False
69,department_name,Shopbasket Socks,1,20,0.05,0.0044685371035089,11.189344262295084,11.189344262295084,False
69,department_name,Suit jacket,1,20,0.05,0.0053475935828877,9.350000000000001,9.350000000000001,False
69,department_name,Ladies Sport Bras,2,20,0.1,0.014943960149439602,6.691666666666666,6.691666666666666,True
69,department_name,Trousers,2,20,0.1,0.0164823089883525,6.067111111111111,6.067111111111111,True
69,colour_group_name,Light Purple,1,20,0.05,0.008717310087173101,5.735714285714286,5.735714285714286,False
69,department_name,Loungewear,1,20,0.05,0.009596366566551901,5.21030534351145,5.21030534351145,False
69,product_group_name,Nightwear,1,20,0.05,0.009669621273166801,5.170833333333333,5.170833333333333,False
69,garment_group_name,Dressed,1,20,0.05,0.013112592484067102,3.813128491620112,3.813128491620112,False
69,section_name,Ladies H&M Sport,2,20,0.1,0.0265182037945938,3.770994475138122,3.770994475138122,True
69,department_name,Jersey Basic,2,20,0.1,0.026737967914438502,3.74,3.74,False
69,section_name,Womens Everyday Basics,2,20,0.1,0.027177496154127904,3.6795148247978435,3.6795148247978435,False
69,section_name,Womens Jackets,1,20,0.05,0.0136986301369863,3.6500000000000004,3.6500000000000004,False
69,product_type_name,Blazer,1,20,0.05,0.014211413083290601,3.5182989690721653,3.5182989690721653,False
69,department_name,Tops Knitwear,1,20,0.05,0.014357922496520402,3.4823979591836736,3.4823979591836736,False
69,department_name,Basic 1,2,20,0.1,0.029228627939345102,3.4213032581453637,3.4213032581453637,False
69,perceived_colour_master_name,Lilac Purple,1,20,0.05,0.014724196029594901,3.395771144278607,3.395771144278607,False
69,department_name,Outwear,1,20,0.05,0.0150172148560545,3.3295121951219517,3.3295121951219517,False
69,product_type_name,Shirt,2,20,0.1,0.031646033257636805,3.1599537037037035,3.1599537037037035,False
69,section_name,Divided Basics,2,20,0.1,0.03208556149732621,3.1166666666666667,3.1166666666666667,False
69,index_group_name,Sport,2,20,0.1,0.033111127389934804,3.020132743362832,3.020132743362832,False
69,department_name,Denim Trousers,1,20,0.05,0.0171416013478866,2.916880341880342,2.916880341880342,False
69,section_name,"Womens Nightwear, Socks & Tigh",2,20,0.1,0.034869240348692404,2.867857142857143,2.867857142857143,False
69,department_name,Expressive Lingerie,1,20,0.05,0.018313676653725002,2.7302,2.7302,False
69,colour_group_name,Dark Green,1,20,0.05,0.018533440773569703,2.6978260869565216,2.6978260869565216,False
69,product_type_name,Hoodie,1,20,0.05,0.0206578272654018,2.420390070921986,2.420390070921986,False
69,department_name,Blouse,2,20,0.1,0.043293531609405904,2.309813874788494,2.309813874788494,False
69,garment_group_name,Jersey Basic,4,20,0.2,0.09003003442971211,2.2214808787632223,2.2214808787632223,False
69,graphical_appearance_name,Check,1,20,0.05,0.023001977877078604,2.1737261146496816,2.1737261146496816,False
69,colour_group_name,Light Beige,2,20,0.1,0.0478353234195297,2.090505359877489,2.090505359877489,False
69,colour_group_name,White,4,20,0.2,0.0960369203721339,2.082532418001526,2.082532418001526,False
69,product_type_name,Socks,1,20,0.05,0.0240275437696872,2.0809451219512196,2.0809451219512196,False
69,product_type_name,Top,2,20,0.1,0.050692256977510806,1.9726878612716763,1.9726878612716763,False
69,perceived_colour_master_name,White,5,20,0.25,0.12797597245623032,1.9534917000572407,1.9534917000572407,False
69,product_type_name,Trousers,5,20,0.25,0.1310526701340561,1.9076299608719955,1.9076299608719955,False
69,product_type_name,Sweater,3,20,0.15,0.0791883378507069,1.894218316373728,1.894218316373728,False
69,section_name,H&M+,1,20,0.05,0.026811222621053402,1.8648907103825139,1.8648907103825139,False
69,garment_group_name,Trousers,3,20,0.15,0.0825580543549923,1.8169032830523513,1.8169032830523513,False
69,perceived_colour_master_name,Green,1,20,0.05,0.027910043220276903,1.7914698162729659,1.7914698162729659,False
69,colour_group_name,Black,10,20,0.5,0.28027250750860744,1.783978044955567,1.783978044955567,False
69,perceived_colour_master_name,Black,10,20,0.5,0.28173760164090544,1.7747009880395215,1.7747009880395215,False
69,section_name,Ladies Denim,1,20,0.05,0.028862354406270604,1.7323604060913707,1.7323604060913707,False
69,product_type_name,Vest top,1,20,0.05,0.030107684418723902,1.660705596107056,1.660705596107056,False
69,colour_group_name,Off White,1,20,0.05,0.030180939125338802,1.6566747572815534,1.6566747572815534,False
69,garment_group_name,Socks and Tights,1,20,0.05,0.030254193831953703,1.6526634382566587,1.6526634382566587,False
69,product_group_name,Socks & Tights,1,20,0.05,0.030766976778258005,1.6251190476190476,1.6251190476190476,False
69,product_type_name,Jacket,1,20,0.05,0.0312797597245623,1.5984777517564404,1.5984777517564404,False
69,section_name,Womens Tailoring,2,20,0.1,0.06343857592850341,1.5763279445727483,1.5763279445727483,False
69,product_type_name,Bra,1,20,0.05,0.0326715991502454,1.5303811659192827,1.5303811659192827,False
69,garment_group_name,Knitwear,2,20,0.1,0.06695480184601861,1.4935448577680526,1.4935448577680526,False
69,garment_group_name,Outdoor,1,20,0.05,0.033697165042854006,1.483804347826087,1.483804347826087,False
69,graphical_appearance_name,Solid,17,20,0.85,0.5812760969892315,1.4622999369880276,1.4622999369880276,False
69,index_group_name,Divided,6,20,0.3,0.2062119991209435,1.4548134991119006,1.4548134991119006,False
69,section_name,Divided Collection,3,20,0.15,0.10409493809977291,1.4409922589725546,1.4409922589725546,False
69,product_group_name,Garment Upper body,11,20,0.55,0.38905574683173394,1.4136791564677087,1.4136791564677087,False
69,department_name,Knitwear,1,20,0.05,0.039557541572046,1.2639814814814816,1.2639814814814816,False
69,section_name,Womens Everyday Collection,3,20,0.15,0.12218885063365321,1.2276079136690647,1.2276079136690647,False
69,product_group_name,Garment Lower body,5,20,0.25,0.2052596879349498,1.2179693076374019,1.2179693076374019,False
69,garment_group_name,"Under-, Nightwear",2,20,0.1,0.08475569555343931,1.1798617113223855,1.1798617113223855,False
69,perceived_colour_master_name,Beige,2,20,0.1,0.08482895026005421,1.1788428324697755,1.1788428324697755,False
69,garment_group_name,Blouses,2,20,0.1,0.0860742802725075,1.1617872340425532,1.1617872340425532,False
69,garment_group_name,Trousers Denim,1,20,0.05,0.0430737674895612,1.1607993197278912,1.1607993197278912,False
69,department_name,Trouser,1,20,0.05,0.0446121163284741,1.1207717569786537,1.1207717569786537,False
69,index_group_name,Ladieswear,12,20,0.6,0.5894806241301004,1.0178451596868396,1.0178451596868396,False
69,garment_group_name,Jersey Fancy,3,20,0.15,0.16672771225551242,0.8996704745166959,0.8996704745166959,False
69,section_name,Womens Lingerie,1,20,0.05,0.05765145410592631,0.8672808132147396,0.8672808132147396,False
69,colour_group_name,Dark Blue,1,20,0.05,0.058970038824994506,0.847888198757764,0.847888198757764,False
69,department_name,Jersey,1,20,0.05,0.060801406490367006,0.8223493975903615,0.8223493975903615,False
69,graphical_appearance_name,Melange,1,20,0.05,0.0617537176763607,0.8096678529062872,0.8096678529062872,False
69,product_group_name,Underwear,1,20,0.05,0.06768734891216761,0.7386904761904761,0.7386904761904761,False
69,graphical_appearance_name,Denim,1,20,0.05,0.074719800747198,0.6691666666666668,0.6691666666666668,False
69,product_type_name,Dress,1,20,0.05,0.11750054941029961,0.4255299251870325,0.4255299251870325,False
69,perceived_colour_master_name,Blue,1,20,0.05,0.11933191707567212,0.41899938612645793,0.41899938612645793,False
69,product_group_name,Garment Full body,1,20,0.05,0.1304666324811369,0.3832397529477822,0.3832397529477822,False
70,department_name,Kids Boy Knitwear,1,20,0.05,0.0005127829463043,97.50714285714287,97.50714285714287,False
70,product_type_name,Hat/brim,1,20,0.05,0.0013185847190682002,37.919444444444444,37.919444444444444,False
70,department_name,Men Sport Tops,1,20,0.05,0.0020511317852172,24.376785714285717,24.376785714285717,False
70,department_name,Young Boy Jersey Basic,1,20,0.05,0.0025639147315215,19.501428571428573,19.501428571428573,False
70,department_name,Shirt,3,20,0.15,0.009156838326862501,16.3812,16.3812,True
70,graphical_appearance_name,Mixed solid/pattern,1,20,0.05,0.0035162259175152005,14.219791666666667,14.219791666666667,False
70,department_name,Gloves/Hats,1,20,0.05,0.0035894806241301004,13.929591836734694,13.929591836734694,False
70,graphical_appearance_name,Application/3D,1,20,0.05,0.0040290088638195,12.410000000000002,12.410000000000002,False
70,garment_group_name,Shirts,3,20,0.15,0.012526554831147901,11.97456140350877,11.97456140350877,True
70,colour_group_name,Light Turquoise,1,20,0.05,0.0049080653431983,10.187313432835822,10.187313432835822,False
70,section_name,Contemporary Casual,2,20,0.1,0.010621932459160502,9.41448275862069,9.41448275862069,True
70,department_name,Suit jacket,1,20,0.05,0.0053475935828877,9.350000000000001,9.350000000000001,False
70,product_type_name,Pyjama set,1,20,0.05,0.0054208482895026005,9.223648648648648,9.223648648648648,False
70,department_name,Newborn,1,20,0.05,0.0055673577027324,8.98092105263158,8.98092105263158,False
70,section_name,Kids Boy,1,20,0.05,0.0056406124093473006,8.864285714285716,8.864285714285716,False
70,section_name,Men H&M Sport,1,20,0.05,0.0057871218225771,8.63987341772152,8.63987341772152,False
70,department_name,Nightwear,1,20,0.05,0.006080140649036701,8.223493975903615,8.223493975903615,False
70,product_type_name,Bodysuit,1,20,0.05,0.006299904768881401,7.936627906976745,7.936627906976745,False
70,section_name,Boys Underwear & Basics,1,20,0.05,0.006373159475496301,7.8454022988505745,7.8454022988505745,False
70,department_name,Belts,1,20,0.05,0.0066661783019559,7.500549450549451,7.500549450549451,False
70,department_name,Denim trousers,1,20,0.05,0.007984763021024101,6.261926605504587,6.261926605504587,False
70,product_type_name,Belt,1,20,0.05,0.0082045271408688,6.094196428571429,6.094196428571429,False
70,section_name,Denim Men,1,20,0.05,0.0085708006739433,5.833760683760684,5.833760683760684,False
70,colour_group_name,Orange,1,20,0.05,0.008790564793788001,5.687916666666666,5.687916666666666,False
70,perceived_colour_master_name,Turquoise,1,20,0.05,0.009230093033477401,5.417063492063492,5.417063492063492,False
70,product_group_name,Nightwear,1,20,0.05,0.009669621273166801,5.170833333333333,5.170833333333333,False
70,section_name,Womens Big accessories,2,20,0.1,0.019925280199252802,5.018750000000001,5.018750000000001,False
70,product_type_name,Shirt,3,20,0.15,0.031646033257636805,4.7399305555555555,4.7399305555555555,False
70,graphical_appearance_name,Other structure,2,20,0.1,0.022855468463848803,4.375320512820513,4.375320512820513,False
70,colour_group_name,Dark Red,1,20,0.05,0.0128195736576075,3.900285714285715,3.900285714285715,False
70,garment_group_name,Dressed,1,20,0.05,0.013112592484067102,3.813128491620112,3.813128491620112,False
70,product_type_name,Blazer,1,20,0.05,0.014211413083290601,3.5182989690721653,3.5182989690721653,False
70,colour_group_name,Blue,2,20,0.1,0.033330891509779505,3.0002197802197803,3.0002197802197803,False
70,product_type_name,Swimwear bottom,1,20,0.05,0.016702073108197203,2.993640350877193,2.993640350877193,False
70,product_type_name,Bikini top,1,20,0.05,0.0171416013478866,2.916880341880342,2.916880341880342,False
70,department_name,Casual Lingerie,1,20,0.05,0.017581129587576003,2.843958333333333,2.843958333333333,False
70,section_name,Baby Essentials & Complements,1,20,0.05,0.017727639000805803,2.8204545454545453,2.8204545454545453,False
70,department_name,Dress,2,20,0.1,0.035894806241301,2.785918367346939,2.785918367346939,False
70,section_name,Contemporary Smart,1,20,0.05,0.0180206578272654,2.7745934959349596,2.7745934959349596,False
70,colour_group_name,Light Pink,2,20,0.1,0.036773862720679805,2.7193227091633467,2.7193227091633467,False
70,colour_group_name,Dark Green,1,20,0.05,0.018533440773569703,2.6978260869565216,2.6978260869565216,False
70,section_name,"Womens Swimwear, beachwear",2,20,0.1,0.0374331550802139,2.6714285714285717,2.6714285714285717,False
70,colour_group_name,Yellowish Brown,1,20,0.05,0.0187532048934144,2.6662109375000003,2.6662109375000003,False
70,garment_group_name,Swimwear,2,20,0.1,0.038531975679437405,2.5952471482889736,2.5952471482889736,False
70,department_name,Swimwear,2,20,0.1,0.038531975679437405,2.5952471482889736,2.5952471482889736,False
70,product_group_name,Swimwear,2,20,0.1,0.0397773056918907,2.513996316758748,2.513996316758748,False
70,product_type_name,Hoodie,1,20,0.05,0.0206578272654018,2.420390070921986,2.420390070921986,False
70,department_name,Dresses,1,20,0.05,0.021024100798476303,2.3782229965156794,2.3782229965156794,False
70,garment_group_name,Dresses Ladies,3,20,0.15,0.06651527360632921,2.2551211453744493,2.2551211453744493,False
70,index_group_name,Baby/Children,3,20,0.15,0.06680829243278881,2.2452302631578944,2.2452302631578944,False
70,graphical_appearance_name,Check,1,20,0.05,0.023001977877078604,2.1737261146496816,2.1737261146496816,False
70,perceived_colour_master_name,Red,1,20,0.05,0.0232217419969233,2.1531545741324924,2.1531545741324924,False
70,section_name,Mama,1,20,0.05,0.023294996703538202,2.1463836477987424,2.1463836477987424,False
70,graphical_appearance_name,Denim,3,20,0.15,0.074719800747198,2.0075000000000003,2.0075000000000003,False
70,index_group_name,Menswear,4,20,0.2,0.10438795692623251,1.9159298245614036,1.9159298245614036,False
70,perceived_colour_master_name,Brown,1,20,0.05,0.026151930261519303,1.911904761904762,1.911904761904762,False
70,colour_group_name,Light Blue,1,20,0.05,0.026957732034283203,1.8547554347826087,1.8547554347826087,False
70,perceived_colour_master_name,Orange,1,20,0.05,0.0273972602739726,1.8250000000000002,1.8250000000000002,False
70,perceived_colour_master_name,Green,1,20,0.05,0.027910043220276903,1.7914698162729659,1.7914698162729659,False
70,product_type_name,Dress,4,20,0.2,0.11750054941029961,1.70211970074813,1.70211970074813,False
70,perceived_colour_master_name,Blue,4,20,0.2,0.11933191707567212,1.6759975445058317,1.6759975445058317,False
70,colour_group_name,Grey,1,20,0.05,0.031059995604717602,1.6097877358490567,1.6097877358490567,False
70,product_type_name,Underwear bottom,1,20,0.05,0.031133250311332503,1.606,1.606,False
70,section_name,Womens Tailoring,2,20,0.1,0.06343857592850341,1.5763279445727483,1.5763279445727483,False
70,product_group_name,Garment Full body,4,20,0.2,0.1304666324811369,1.5329590117911287,1.5329590117911287,False
70,index_group_name,Sport,1,20,0.05,0.033111127389934804,1.510066371681416,1.510066371681416,False
70,perceived_colour_master_name,Pink,2,20,0.1,0.06702805655263351,1.4919125683060108,1.4919125683060108,False
70,garment_group_name,Outdoor,1,20,0.05,0.033697165042854006,1.483804347826087,1.483804347826087,False
70,section_name,"Womens Nightwear, Socks & Tigh",1,20,0.05,0.034869240348692404,1.4339285714285714,1.4339285714285714,False
70,section_name,Womens Casual,1,20,0.05,0.039557541572046,1.2639814814814816,1.2639814814814816,False
70,garment_group_name,"Under-, Nightwear",2,20,0.1,0.08475569555343931,1.1798617113223855,1.1798617113223855,False
70,garment_group_name,Trousers Denim,1,20,0.05,0.0430737674895612,1.1607993197278912,1.1607993197278912,False
70,product_group_name,Garment Upper body,9,20,0.45,0.38905574683173394,1.156646582564489,1.156646582564489,False
70,department_name,Blouse,1,20,0.05,0.043293531609405904,1.154906937394247,1.154906937394247,False
70,product_type_name,Blouse,1,20,0.05,0.045344663394623105,1.1026655896607431,1.1026655896607431,False
70,colour_group_name,Beige,1,20,0.05,0.04585744634092741,1.0903354632587858,1.0903354632587858,False
70,product_group_name,Accessories,2,20,0.1,0.092300930334774,1.0834126984126986,1.0834126984126986,False
70,colour_group_name,White,2,20,0.1,0.0960369203721339,1.041266209000763,1.041266209000763,False
70,garment_group_name,Accessories,2,20,0.1,0.0962566844919786,1.038888888888889,1.038888888888889,False
70,graphical_appearance_name,Solid,11,20,0.55,0.5812760969892315,0.9461940768746062,0.9461940768746062,False
70,index_group_name,Ladieswear,11,20,0.55,0.5894806241301004,0.9330247297129365,0.9330247297129365,False
70,colour_group_name,Black,5,20,0.25,0.28027250750860744,0.8919890224777836,0.8919890224777836,False
70,perceived_colour_master_name,Black,5,20,0.25,0.28173760164090544,0.8873504940197607,0.8873504940197607,False
70,product_type_name,T-shirt,1,20,0.05,0.05757819939931141,0.8683842239185751,0.8683842239185751,False
70,section_name,Womens Lingerie,1,20,0.05,0.05765145410592631,0.8672808132147396,0.8672808132147396,False
70,colour_group_name,Dark Blue,1,20,0.05,0.058970038824994506,0.847888198757764,0.847888198757764,False
70,department_name,Jersey,1,20,0.05,0.060801406490367006,0.8223493975903615,0.8223493975903615,False
70,perceived_colour_master_name,White,2,20,0.1,0.12797597245623032,0.7813966800228964,0.7813966800228964,False
70,garment_group_name,Knitwear,1,20,0.05,0.06695480184601861,0.7467724288840263,0.7467724288840263,False
70,product_group_name,Underwear,1,20,0.05,0.06768734891216761,0.7386904761904761,0.7386904761904761,False
70,perceived_colour_master_name,Grey,1,20,0.05,0.07113032012306791,0.7029351184346034,0.7029351184346034,False
70,product_type_name,Sweater,1,20,0.05,0.0791883378507069,0.6314061054579094,0.6314061054579094,False
70,garment_group_name,Jersey Fancy,2,20,0.1,0.16672771225551242,0.599780316344464,0.599780316344464,False
70,perceived_colour_master_name,Beige,1,20,0.05,0.08482895026005421,0.5894214162348878,0.5894214162348878,False
70,garment_group_name,Blouses,1,20,0.05,0.0860742802725075,0.5808936170212766,0.5808936170212766,False
70,garment_group_name,Jersey Basic,1,20,0.05,0.09003003442971211,0.5553702196908056,0.5553702196908056,False
70,section_name,Divided Collection,1,20,0.05,0.10409493809977291,0.48033075299085154,0.48033075299085154,False
70,graphical_appearance_name,All over pattern,1,20,0.05,0.10709838107098381,0.4668604651162791,0.4668604651162791,False
70,section_name,Womens Everyday Collection,1,20,0.05,0.12218885063365321,0.40920263788968825,0.40920263788968825,False
70,product_type_name,Trousers,1,20,0.05,0.1310526701340561,0.38152599217439914,0.38152599217439914,False
70,product_group_name,Garment Lower body,1,20,0.05,0.2052596879349498,0.2435938615274804,0.2435938615274804,False
70,index_group_name,Divided,1,20,0.05,0.2062119991209435,0.2424689165186501,0.2424689165186501,False
71,department_name,Kids Boy Knitwear,1,20,0.05,0.0005127829463043,97.50714285714287,97.50714285714287,False
71,product_type_name,Hat/brim,1,20,0.05,0.0013185847190682002,37.919444444444444,37.919444444444444,False
71,department_name,Men Sport Tops,1,20,0.05,0.0020511317852172,24.376785714285717,24.376785714285717,False
71,department_name,Young Boy Jersey Basic,1,20,0.05,0.0025639147315215,19.501428571428573,19.501428571428573,False
71,department_name,Shirt,3,20,0.15,0.009156838326862501,16.3812,16.3812,True
71,graphical_appearance_name,Mixed solid/pattern,1,20,0.05,0.0035162259175152005,14.219791666666667,14.219791666666667,False
71,department_name,Gloves/Hats,1,20,0.05,0.0035894806241301004,13.929591836734694,13.929591836734694,False
71,graphical_appearance_name,Application/3D,1,20,0.05,0.0040290088638195,12.410000000000002,12.410000000000002,False
71,garment_group_name,Shirts,3,20,0.15,0.012526554831147901,11.97456140350877,11.97456140350877,True
71,colour_group_name,Light Turquoise,1,20,0.05,0.0049080653431983,10.187313432835822,10.187313432835822,False
71,section_name,Contemporary Casual,2,20,0.1,0.010621932459160502,9.41448275862069,9.41448275862069,True
71,department_name,Suit jacket,1,20,0.05,0.0053475935828877,9.350000000000001,9.350000000000001,False
71,product_type_name,Pyjama set,1,20,0.05,0.0054208482895026005,9.223648648648648,9.223648648648648,False
71,department_name,Newborn,1,20,0.05,0.0055673577027324,8.98092105263158,8.98092105263158,False
71,section_name,Kids Boy,1,20,0.05,0.0056406124093473006,8.864285714285716,8.864285714285716,False
71,section_name,Men H&M Sport,1,20,0.05,0.0057871218225771,8.63987341772152,8.63987341772152,False
71,department_name,Nightwear,1,20,0.05,0.006080140649036701,8.223493975903615,8.223493975903615,False
71,product_type_name,Bodysuit,1,20,0.05,0.006299904768881401,7.936627906976745,7.936627906976745,False
71,section_name,Boys Underwear & Basics,1,20,0.05,0.006373159475496301,7.8454022988505745,7.8454022988505745,False
71,department_name,Belts,1,20,0.05,0.0066661783019559,7.500549450549451,7.500549450549451,False
71,department_name,Denim trousers,1,20,0.05,0.007984763021024101,6.261926605504587,6.261926605504587,False
71,product_type_name,Belt,1,20,0.05,0.0082045271408688,6.094196428571429,6.094196428571429,False
71,section_name,Denim Men,1,20,0.05,0.0085708006739433,5.833760683760684,5.833760683760684,False
71,colour_group_name,Orange,1,20,0.05,0.008790564793788001,5.687916666666666,5.687916666666666,False
71,perceived_colour_master_name,Turquoise,1,20,0.05,0.009230093033477401,5.417063492063492,5.417063492063492,False
71,product_group_name,Nightwear,1,20,0.05,0.009669621273166801,5.170833333333333,5.170833333333333,False
71,section_name,Womens Big accessories,2,20,0.1,0.019925280199252802,5.018750000000001,5.018750000000001,False
71,product_type_name,Shirt,3,20,0.15,0.031646033257636805,4.7399305555555555,4.7399305555555555,False
71,graphical_appearance_name,Other structure,2,20,0.1,0.022855468463848803,4.375320512820513,4.375320512820513,False
71,colour_group_name,Dark Red,1,20,0.05,0.0128195736576075,3.900285714285715,3.900285714285715,False
71,garment_group_name,Dressed,1,20,0.05,0.013112592484067102,3.813128491620112,3.813128491620112,False
71,product_type_name,Blazer,1,20,0.05,0.014211413083290601,3.5182989690721653,3.5182989690721653,False
71,colour_group_name,Blue,2,20,0.1,0.033330891509779505,3.0002197802197803,3.0002197802197803,False
71,product_type_name,Swimwear bottom,1,20,0.05,0.016702073108197203,2.993640350877193,2.993640350877193,False
71,product_type_name,Bikini top,1,20,0.05,0.0171416013478866,2.916880341880342,2.916880341880342,False
71,department_name,Casual Lingerie,1,20,0.05,0.017581129587576003,2.843958333333333,2.843958333333333,False
71,section_name,Baby Essentials & Complements,1,20,0.05,0.017727639000805803,2.8204545454545453,2.8204545454545453,False
71,department_name,Dress,2,20,0.1,0.035894806241301,2.785918367346939,2.785918367346939,False
71,section_name,Contemporary Smart,1,20,0.05,0.0180206578272654,2.7745934959349596,2.7745934959349596,False
71,colour_group_name,Light Pink,2,20,0.1,0.036773862720679805,2.7193227091633467,2.7193227091633467,False
71,colour_group_name,Dark Green,1,20,0.05,0.018533440773569703,2.6978260869565216,2.6978260869565216,False
71,section_name,"Womens Swimwear, beachwear",2,20,0.1,0.0374331550802139,2.6714285714285717,2.6714285714285717,False
71,colour_group_name,Yellowish Brown,1,20,0.05,0.0187532048934144,2.6662109375000003,2.6662109375000003,False
71,garment_group_name,Swimwear,2,20,0.1,0.038531975679437405,2.5952471482889736,2.5952471482889736,False
71,department_name,Swimwear,2,20,0.1,0.038531975679437405,2.5952471482889736,2.5952471482889736,False
71,product_group_name,Swimwear,2,20,0.1,0.0397773056918907,2.513996316758748,2.513996316758748,False
71,product_type_name,Hoodie,1,20,0.05,0.0206578272654018,2.420390070921986,2.420390070921986,False
71,department_name,Dresses,1,20,0.05,0.021024100798476303,2.3782229965156794,2.3782229965156794,False
71,garment_group_name,Dresses Ladies,3,20,0.15,0.06651527360632921,2.2551211453744493,2.2551211453744493,False
71,index_group_name,Baby/Children,3,20,0.15,0.06680829243278881,2.2452302631578944,2.2452302631578944,False
71,graphical_appearance_name,Check,1,20,0.05,0.023001977877078604,2.1737261146496816,2.1737261146496816,False
71,perceived_colour_master_name,Red,1,20,0.05,0.0232217419969233,2.1531545741324924,2.1531545741324924,False
71,section_name,Mama,1,20,0.05,0.023294996703538202,2.1463836477987424,2.1463836477987424,False
71,graphical_appearance_name,Denim,3,20,0.15,0.074719800747198,2.0075000000000003,2.0075000000000003,False
71,index_group_name,Menswear,4,20,0.2,0.10438795692623251,1.9159298245614036,1.9159298245614036,False
71,perceived_colour_master_name,Brown,1,20,0.05,0.026151930261519303,1.911904761904762,1.911904761904762,False
71,colour_group_name,Light Blue,1,20,0.05,0.026957732034283203,1.8547554347826087,1.8547554347826087,False
71,perceived_colour_master_name,Orange,1,20,0.05,0.0273972602739726,1.8250000000000002,1.8250000000000002,False
71,perceived_colour_master_name,Green,1,20,0.05,0.027910043220276903,1.7914698162729659,1.7914698162729659,False
71,product_type_name,Dress,4,20,0.2,0.11750054941029961,1.70211970074813,1.70211970074813,False
71,perceived_colour_master_name,Blue,4,20,0.2,0.11933191707567212,1.6759975445058317,1.6759975445058317,False
71,colour_group_name,Grey,1,20,0.05,0.031059995604717602,1.6097877358490567,1.6097877358490567,False
71,product_type_name,Underwear bottom,1,20,0.05,0.031133250311332503,1.606,1.606,False
71,section_name,Womens Tailoring,2,20,0.1,0.06343857592850341,1.5763279445727483,1.5763279445727483,False
71,product_group_name,Garment Full body,4,20,0.2,0.1304666324811369,1.5329590117911287,1.5329590117911287,False
71,index_group_name,Sport,1,20,0.05,0.033111127389934804,1.510066371681416,1.510066371681416,False
71,perceived_colour_master_name,Pink,2,20,0.1,0.06702805655263351,1.4919125683060108,1.4919125683060108,False
71,garment_group_name,Outdoor,1,20,0.05,0.033697165042854006,1.483804347826087,1.483804347826087,False
71,section_name,"Womens Nightwear, Socks & Tigh",1,20,0.05,0.034869240348692404,1.4339285714285714,1.4339285714285714,False
71,section_name,Womens Casual,1,20,0.05,0.039557541572046,1.2639814814814816,1.2639814814814816,False
71,garment_group_name,"Under-, Nightwear",2,20,0.1,0.08475569555343931,1.1798617113223855,1.1798617113223855,False
71,garment_group_name,Trousers Denim,1,20,0.05,0.0430737674895612,1.1607993197278912,1.1607993197278912,False
71,product_group_name,Garment Upper body,9,20,0.45,0.38905574683173394,1.156646582564489,1.156646582564489,False
71,department_name,Blouse,1,20,0.05,0.043293531609405904,1.154906937394247,1.154906937394247,False
71,product_type_name,Blouse,1,20,0.05,0.045344663394623105,1.1026655896607431,1.1026655896607431,False
71,colour_group_name,Beige,1,20,0.05,0.04585744634092741,1.0903354632587858,1.0903354632587858,False
71,product_group_name,Accessories,2,20,0.1,0.092300930334774,1.0834126984126986,1.0834126984126986,False
71,colour_group_name,White,2,20,0.1,0.0960369203721339,1.041266209000763,1.041266209000763,False
71,garment_group_name,Accessories,2,20,0.1,0.0962566844919786,1.038888888888889,1.038888888888889,False
71,graphical_appearance_name,Solid,11,20,0.55,0.5812760969892315,0.9461940768746062,0.9461940768746062,False
71,index_group_name,Ladieswear,11,20,0.55,0.5894806241301004,0.9330247297129365,0.9330247297129365,False
71,colour_group_name,Black,5,20,0.25,0.28027250750860744,0.8919890224777836,0.8919890224777836,False
71,perceived_colour_master_name,Black,5,20,0.25,0.28173760164090544,0.8873504940197607,0.8873504940197607,False
71,product_type_name,T-shirt,1,20,0.05,0.05757819939931141,0.8683842239185751,0.8683842239185751,False
71,section_name,Womens Lingerie,1,20,0.05,0.05765145410592631,0.8672808132147396,0.8672808132147396,False
71,colour_group_name,Dark Blue,1,20,0.05,0.058970038824994506,0.847888198757764,0.847888198757764,False
71,department_name,Jersey,1,20,0.05,0.060801406490367006,0.8223493975903615,0.8223493975903615,False
71,perceived_colour_master_name,White,2,20,0.1,0.12797597245623032,0.7813966800228964,0.7813966800228964,False
71,garment_group_name,Knitwear,1,20,0.05,0.06695480184601861,0.7467724288840263,0.7467724288840263,False
71,product_group_name,Underwear,1,20,0.05,0.06768734891216761,0.7386904761904761,0.7386904761904761,False
71,perceived_colour_master_name,Grey,1,20,0.05,0.07113032012306791,0.7029351184346034,0.7029351184346034,False
71,product_type_name,Sweater,1,20,0.05,0.0791883378507069,0.6314061054579094,0.6314061054579094,False
71,garment_group_name,Jersey Fancy,2,20,0.1,0.16672771225551242,0.599780316344464,0.599780316344464,False
71,perceived_colour_master_name,Beige,1,20,0.05,0.08482895026005421,0.5894214162348878,0.5894214162348878,False
71,garment_group_name,Blouses,1,20,0.05,0.0860742802725075,0.5808936170212766,0.5808936170212766,False
71,garment_group_name,Jersey Basic,1,20,0.05,0.09003003442971211,0.5553702196908056,0.5553702196908056,False
71,section_name,Divided Collection,1,20,0.05,0.10409493809977291,0.48033075299085154,0.48033075299085154,False
71,graphical_appearance_name,All over pattern,1,20,0.05,0.10709838107098381,0.4668604651162791,0.4668604651162791,False
71,section_name,Womens Everyday Collection,1,20,0.05,0.12218885063365321,0.40920263788968825,0.40920263788968825,False
71,product_type_name,Trousers,1,20,0.05,0.1310526701340561,0.38152599217439914,0.38152599217439914,False
71,product_group_name,Garment Lower body,1,20,0.05,0.2052596879349498,0.2435938615274804,0.2435938615274804,False
71,index_group_name,Divided,1,20,0.05,0.2062119991209435,0.2424689165186501,0.2424689165186501,False
72,department_name,Kids Boy Knitwear,1,20,0.05,0.0005127829463043,97.50714285714287,97.50714285714287,False
72,department_name,Young Girl UW/NW,1,20,0.05,0.0011720753058384,42.659375000000004,42.659375000000004,False
72,product_type_name,Hat/brim,1,20,0.05,0.0013185847190682002,37.919444444444444,37.919444444444444,False
72,department_name,Men Sport Tops,1,20,0.05,0.0020511317852172,24.376785714285717,24.376785714285717,False
72,product_type_name,Pyjama set,2,20,0.1,0.0054208482895026005,18.447297297297297,18.447297297297297,True
72,graphical_appearance_name,Mixed solid/pattern,1,20,0.05,0.0035162259175152005,14.219791666666667,14.219791666666667,False
72,department_name,Gloves/Hats,1,20,0.05,0.0035894806241301004,13.929591836734694,13.929591836734694,False
72,graphical_appearance_name,Treatment,1,20,0.05,0.003955754157204601,12.639814814814814,12.639814814814814,False
72,department_name,Baby basics,1,20,0.05,0.0042487729836642,11.768103448275864,11.768103448275864,False
72,department_name,Other items,1,20,0.05,0.0042487729836642,11.768103448275864,11.768103448275864,False
72,product_group_name,Nightwear,2,20,0.1,0.009669621273166801,10.341666666666667,10.341666666666667,True
72,section_name,Girls Underwear & Basics,1,20,0.05,0.004834810636583401,10.341666666666667,10.341666666666667,False
72,product_type_name,Garment Set,1,20,0.05,0.005127829463043,9.750714285714286,9.750714285714286,False
72,section_name,Kids Boy,1,20,0.05,0.0056406124093473006,8.864285714285716,8.864285714285716,False
72,section_name,Men H&M Sport,1,20,0.05,0.0057871218225771,8.63987341772152,8.63987341772152,False
72,department_name,Nightwear,1,20,0.05,0.006080140649036701,8.223493975903615,8.223493975903615,False
72,department_name,Functional Lingerie,1,20,0.05,0.006373159475496301,7.8454022988505745,7.8454022988505745,False
72,product_type_name,Other accessories,1,20,0.05,0.006959197128415501,7.184736842105264,7.184736842105264,False
72,department_name,Denim trousers,1,20,0.05,0.007984763021024101,6.261926605504587,6.261926605504587,False
72,section_name,Denim Men,1,20,0.05,0.0085708006739433,5.833760683760684,5.833760683760684,False
72,colour_group_name,Orange,1,20,0.05,0.008790564793788001,5.687916666666666,5.687916666666666,False
72,colour_group_name,Grey,3,20,0.15,0.031059995604717602,4.8293632075471695,4.8293632075471695,True
72,colour_group_name,Yellow,1,20,0.05,0.011354479525309501,4.403548387096774,4.403548387096774,False
72,graphical_appearance_name,Other structure,2,20,0.1,0.022855468463848803,4.375320512820513,4.375320512820513,False
72,department_name,Skirt,1,20,0.05,0.011647498351769101,4.292767295597485,4.292767295597485,False
72,department_name,Dress,3,20,0.15,0.035894806241301,4.178877551020408,4.178877551020408,False
72,graphical_appearance_name,Lace,1,20,0.05,0.012673064244377702,3.9453757225433526,3.9453757225433526,False
72,perceived_colour_master_name,Orange,2,20,0.1,0.0273972602739726,3.6500000000000004,3.6500000000000004,False
72,section_name,Womens Jackets,1,20,0.05,0.0136986301369863,3.6500000000000004,3.6500000000000004,False
72,product_type_name,Earring,1,20,0.05,0.014724196029594901,3.395771144278607,3.395771144278607,False
72,colour_group_name,Light Orange,1,20,0.05,0.014724196029594901,3.395771144278607,3.395771144278607,False
72,department_name,Outwear,1,20,0.05,0.0150172148560545,3.3295121951219517,3.3295121951219517,False
72,colour_group_name,Blue,2,20,0.1,0.033330891509779505,3.0002197802197803,3.0002197802197803,False
72,product_type_name,Swimwear bottom,1,20,0.05,0.016702073108197203,2.993640350877193,2.993640350877193,False
72,garment_group_name,Outdoor,2,20,0.1,0.033697165042854006,2.967608695652174,2.967608695652174,False
72,product_type_name,Bikini top,1,20,0.05,0.0171416013478866,2.916880341880342,2.916880341880342,False
72,section_name,Baby Essentials & Complements,1,20,0.05,0.017727639000805803,2.8204545454545453,2.8204545454545453,False
72,perceived_colour_master_name,Grey,4,20,0.2,0.07113032012306791,2.8117404737384137,2.8117404737384137,False
72,section_name,"Womens Swimwear, beachwear",2,20,0.1,0.0374331550802139,2.6714285714285717,2.6714285714285717,False
72,colour_group_name,Yellowish Brown,1,20,0.05,0.0187532048934144,2.6662109375000003,2.6662109375000003,False
72,garment_group_name,Swimwear,2,20,0.1,0.038531975679437405,2.5952471482889736,2.5952471482889736,False
72,department_name,Swimwear,2,20,0.1,0.038531975679437405,2.5952471482889736,2.5952471482889736,False
72,garment_group_name,Skirts,1,20,0.05,0.0195590066661783,2.556367041198502,2.556367041198502,False
72,product_group_name,Swimwear,2,20,0.1,0.0397773056918907,2.513996316758748,2.513996316758748,False
72,section_name,Womens Big accessories,1,20,0.05,0.019925280199252802,2.5093750000000004,2.5093750000000004,False
72,product_type_name,Hoodie,1,20,0.05,0.0206578272654018,2.420390070921986,2.420390070921986,False
72,colour_group_name,Pink,1,20,0.05,0.021024100798476303,2.3782229965156794,2.3782229965156794,False
72,colour_group_name,Gold,1,20,0.05,0.021829902571240203,2.290436241610738,2.290436241610738,False
72,garment_group_name,Dresses Ladies,3,20,0.15,0.06651527360632921,2.2551211453744493,2.2551211453744493,False
72,index_group_name,Baby/Children,3,20,0.15,0.06680829243278881,2.2452302631578944,2.2452302631578944,False
72,perceived_colour_master_name,Yellow,1,20,0.05,0.022635704344004103,2.2088996763754047,2.2088996763754047,False
72,colour_group_name,Beige,2,20,0.1,0.04585744634092741,2.1806709265175717,2.1806709265175717,False
72,department_name,Jewellery,1,20,0.05,0.0230752325836935,2.166825396825397,2.166825396825397,False
72,section_name,Mama,1,20,0.05,0.023294996703538202,2.1463836477987424,2.1463836477987424,False
72,section_name,Womens Small accessories,2,20,0.1,0.0514248040436598,1.9445868945868947,1.9445868945868947,False
72,product_group_name,Garment Full body,5,20,0.25,0.1304666324811369,1.9161987647389107,1.9161987647389107,False
72,perceived_colour_master_name,Brown,1,20,0.05,0.026151930261519303,1.911904761904762,1.911904761904762,False
72,graphical_appearance_name,All over pattern,4,20,0.2,0.10709838107098381,1.8674418604651164,1.8674418604651164,False
72,perceived_colour_master_name,Green,1,20,0.05,0.027910043220276903,1.7914698162729659,1.7914698162729659,False
72,garment_group_name,"Under-, Nightwear",3,20,0.15,0.08475569555343931,1.7697925669835781,1.7697925669835781,False
72,product_type_name,Dress,4,20,0.2,0.11750054941029961,1.70211970074813,1.70211970074813,False
72,colour_group_name,Dark Grey,1,20,0.05,0.029375137352574902,1.70211970074813,1.70211970074813,False
72,perceived_colour_master_name,Metal,1,20,0.05,0.030254193831953703,1.6526634382566587,1.6526634382566587,False
72,product_group_name,Accessories,3,20,0.15,0.092300930334774,1.6251190476190476,1.6251190476190476,False
72,graphical_appearance_name,Melange,2,20,0.1,0.0617537176763607,1.6193357058125744,1.6193357058125744,False
72,product_type_name,Jacket,1,20,0.05,0.0312797597245623,1.5984777517564404,1.5984777517564404,False
72,section_name,Womens Tailoring,2,20,0.1,0.06343857592850341,1.5763279445727483,1.5763279445727483,False
72,garment_group_name,Accessories,3,20,0.15,0.0962566844919786,1.5583333333333333,1.5583333333333333,False
72,product_type_name,Bra,1,20,0.05,0.0326715991502454,1.5303811659192827,1.5303811659192827,False
72,index_group_name,Sport,1,20,0.05,0.033111127389934804,1.510066371681416,1.510066371681416,False
72,product_type_name,Skirt,1,20,0.05,0.033404146216394405,1.4968201754385966,1.4968201754385966,False
72,perceived_colour_master_name,Pink,2,20,0.1,0.06702805655263351,1.4919125683060108,1.4919125683060108,False
72,section_name,"Womens Nightwear, Socks & Tigh",1,20,0.05,0.034869240348692404,1.4339285714285714,1.4339285714285714,False
72,colour_group_name,Light Pink,1,20,0.05,0.036773862720679805,1.3596613545816734,1.3596613545816734,False
72,index_group_name,Ladieswear,15,20,0.75,0.5894806241301004,1.2723064496085497,1.2723064496085497,False
72,section_name,Womens Casual,1,20,0.05,0.039557541572046,1.2639814814814816,1.2639814814814816,False
72,section_name,Womens Everyday Collection,3,20,0.15,0.12218885063365321,1.2276079136690647,1.2276079136690647,False
72,perceived_colour_master_name,Beige,2,20,0.1,0.08482895026005421,1.1788428324697755,1.1788428324697755,False
72,garment_group_name,Trousers Denim,1,20,0.05,0.0430737674895612,1.1607993197278912,1.1607993197278912,False
72,department_name,Blouse,1,20,0.05,0.043293531609405904,1.154906937394247,1.154906937394247,False
72,department_name,Trouser,1,20,0.05,0.0446121163284741,1.1207717569786537,1.1207717569786537,False
72,product_type_name,Blouse,1,20,0.05,0.045344663394623105,1.1026655896607431,1.1026655896607431,False
72,section_name,Womens Lingerie,1,20,0.05,0.05765145410592631,0.8672808132147396,0.8672808132147396,False
72,perceived_colour_master_name,Blue,2,20,0.1,0.11933191707567212,0.8379987722529159,0.8379987722529159,False
72,department_name,Jersey,1,20,0.05,0.060801406490367006,0.8223493975903615,0.8223493975903615,False
72,product_type_name,Trousers,2,20,0.1,0.1310526701340561,0.7630519843487983,0.7630519843487983,False
72,garment_group_name,Knitwear,1,20,0.05,0.06695480184601861,0.7467724288840263,0.7467724288840263,False
72,product_group_name,Underwear,1,20,0.05,0.06768734891216761,0.7386904761904761,0.7386904761904761,False
72,product_group_name,Garment Lower body,3,20,0.15,0.2052596879349498,0.7307815845824411,0.7307815845824411,False
72,colour_group_name,Black,4,20,0.2,0.28027250750860744,0.7135912179822269,0.7135912179822269,False
72,graphical_appearance_name,Solid,8,20,0.4,0.5812760969892315,0.6881411468178954,0.6881411468178954,False
72,graphical_appearance_name,Denim,1,20,0.05,0.074719800747198,0.6691666666666668,0.6691666666666668,False
72,product_type_name,Sweater,1,20,0.05,0.0791883378507069,0.6314061054579094,0.6314061054579094,False
72,garment_group_name,Trousers,1,20,0.05,0.0825580543549923,0.6056344276841171,0.6056344276841171,False
72,garment_group_name,Blouses,1,20,0.05,0.0860742802725075,0.5808936170212766,0.5808936170212766,False
72,garment_group_name,Jersey Basic,1,20,0.05,0.09003003442971211,0.5553702196908056,0.5553702196908056,False
72,perceived_colour_master_name,Black,3,20,0.15,0.28173760164090544,0.5324102964118564,0.5324102964118564,False
72,colour_group_name,White,1,20,0.05,0.0960369203721339,0.5206331045003815,0.5206331045003815,False
72,product_group_name,Garment Upper body,4,20,0.2,0.38905574683173394,0.5140651478064395,0.5140651478064395,False
72,index_group_name,Menswear,1,20,0.05,0.10438795692623251,0.4789824561403509,0.4789824561403509,False
72,perceived_colour_master_name,White,1,20,0.05,0.12797597245623032,0.3906983400114482,0.3906983400114482,False
72,garment_group_name,Jersey Fancy,1,20,0.05,0.16672771225551242,0.299890158172232,0.299890158172232,False
73,product_type_name,Accessories set,1,20,0.05,0.0001465094132298,341.27500000000003,341.27500000000003,False
73,department_name,Kids Boy Knitwear,1,20,0.05,0.0005127829463043,97.50714285714287,97.50714285714287,False
73,department_name,Baby Toys/Acc,1,20,0.05,0.0009523111859937001,52.503846153846155,52.503846153846155,False
73,product_type_name,Dungarees,1,20,0.05,0.0013918394256831,35.92368421052632,35.92368421052632,False
73,colour_group_name,Other Pink,1,20,0.05,0.0019046223719874002,26.251923076923077,26.251923076923077,False
73,department_name,Mama Lingerie,1,20,0.05,0.0019046223719874002,26.251923076923077,26.251923076923077,False
73,department_name,Baby Socks,1,20,0.05,0.0019778770786023003,25.27962962962963,25.27962962962963,False
73,department_name,Shirt S&T,1,20,0.05,0.0026371694381364004,18.959722222222222,18.959722222222222,False
73,department_name,Shorts & Skirts,1,20,0.05,0.0033697165042854004,14.83804347826087,14.83804347826087,False
73,department_name,Woven Tops,1,20,0.05,0.004615046516738701,10.834126984126984,10.834126984126984,False
73,department_name,Suit jacket,1,20,0.05,0.0053475935828877,9.350000000000001,9.350000000000001,False
73,section_name,Kids Boy,1,20,0.05,0.0056406124093473006,8.864285714285716,8.864285714285716,False
73,department_name,Denim Other Garments,1,20,0.05,0.0066661783019559,7.500549450549451,7.500549450549451,False
73,product_type_name,Underwear Tights,1,20,0.05,0.006739433008570801,7.419021739130435,7.419021739130435,False
73,product_type_name,Other accessories,1,20,0.05,0.006959197128415501,7.184736842105264,7.184736842105264,False
73,department_name,Socks,1,20,0.05,0.0071057065416453005,7.036597938144331,7.036597938144331,False
73,department_name,Denim trousers,1,20,0.05,0.007984763021024101,6.261926605504587,6.261926605504587,False
73,section_name,Denim Men,1,20,0.05,0.0085708006739433,5.833760683760684,5.833760683760684,False
73,colour_group_name,Light Purple,1,20,0.05,0.008717310087173101,5.735714285714286,5.735714285714286,False
73,section_name,Baby Essentials & Complements,2,20,0.1,0.017727639000805803,5.640909090909091,5.640909090909091,True
73,product_type_name,Bag,1,20,0.05,0.009156838326862501,5.4604,5.4604,False
73,department_name,Bags,1,20,0.05,0.009596366566551901,5.21030534351145,5.21030534351145,False
73,department_name,Woven bottoms,1,20,0.05,0.009669621273166801,5.170833333333333,5.170833333333333,False
73,section_name,Men Suits & Tailoring,1,20,0.05,0.009742875979781702,5.131954887218045,5.131954887218045,False
73,colour_group_name,Grey,3,20,0.15,0.031059995604717602,4.8293632075471695,4.8293632075471695,True
73,department_name,Dresses,2,20,0.1,0.021024100798476303,4.756445993031359,4.756445993031359,True
73,graphical_appearance_name,Other structure,2,20,0.1,0.022855468463848803,4.375320512820513,4.375320512820513,False
73,graphical_appearance_name,Check,2,20,0.1,0.023001977877078604,4.347452229299363,4.347452229299363,False
73,section_name,Mama,2,20,0.1,0.023294996703538202,4.292767295597485,4.292767295597485,False
73,garment_group_name,Shirts,1,20,0.05,0.012526554831147901,3.9915204678362577,3.9915204678362577,False
73,colour_group_name,Dark Red,1,20,0.05,0.0128195736576075,3.900285714285715,3.900285714285715,False
73,garment_group_name,Dressed,1,20,0.05,0.013112592484067102,3.813128491620112,3.813128491620112,False
73,garment_group_name,Shorts,1,20,0.05,0.014064903670060802,3.554947916666667,3.554947916666667,False
73,product_type_name,Blazer,1,20,0.05,0.014211413083290601,3.5182989690721653,3.5182989690721653,False
73,graphical_appearance_name,Placement print,1,20,0.05,0.014650941322980001,3.4127500000000004,3.4127500000000004,False
73,perceived_colour_master_name,Lilac Purple,1,20,0.05,0.014724196029594901,3.395771144278607,3.395771144278607,False
73,colour_group_name,Light Grey,1,20,0.05,0.014797450736209802,3.378960396039604,3.378960396039604,False
73,garment_group_name,Socks and Tights,2,20,0.1,0.030254193831953703,3.3053268765133175,3.3053268765133175,False
73,department_name,Tops Woven,1,20,0.05,0.015236978975899202,3.2814903846153847,3.2814903846153847,False
73,department_name,Hair Accessories,1,20,0.05,0.015310233682514102,3.265789473684211,3.265789473684211,False
73,product_group_name,Socks & Tights,2,20,0.1,0.030766976778258005,3.250238095238095,3.250238095238095,False
73,product_type_name,Shirt,2,20,0.1,0.031646033257636805,3.1599537037037035,3.1599537037037035,False
73,product_type_name,Bikini top,1,20,0.05,0.0171416013478866,2.916880341880342,2.916880341880342,False
73,department_name,Casual Lingerie,1,20,0.05,0.017581129587576003,2.843958333333333,2.843958333333333,False
73,perceived_colour_master_name,Grey,4,20,0.2,0.07113032012306791,2.8117404737384137,2.8117404737384137,False
73,section_name,Womens Big accessories,1,20,0.05,0.019925280199252802,2.5093750000000004,2.5093750000000004,False
73,garment_group_name,Trousers Denim,2,20,0.1,0.0430737674895612,2.3215986394557824,2.3215986394557824,False
73,product_type_name,Shorts,1,20,0.05,0.022049666691084904,2.267607973421927,2.267607973421927,False
73,index_group_name,Baby/Children,3,20,0.15,0.06680829243278881,2.2452302631578944,2.2452302631578944,False
73,perceived_colour_master_name,Red,1,20,0.05,0.0232217419969233,2.1531545741324924,2.1531545741324924,False
73,colour_group_name,Light Beige,2,20,0.1,0.0478353234195297,2.090505359877489,2.090505359877489,False
73,product_type_name,Socks,1,20,0.05,0.0240275437696872,2.0809451219512196,2.0809451219512196,False
73,department_name,Jersey Basic,1,20,0.05,0.026737967914438502,1.87,1.87,False
73,section_name,Womens Everyday Basics,1,20,0.05,0.027177496154127904,1.8397574123989218,1.8397574123989218,False
73,colour_group_name,Greenish Khaki,1,20,0.05,0.027910043220276903,1.7914698162729659,1.7914698162729659,False
73,section_name,Womens Lingerie,2,20,0.1,0.05765145410592631,1.7345616264294792,1.7345616264294792,False
73,section_name,Ladies Denim,1,20,0.05,0.028862354406270604,1.7323604060913707,1.7323604060913707,False
73,product_group_name,Accessories,3,20,0.15,0.092300930334774,1.6251190476190476,1.6251190476190476,False
73,product_type_name,Underwear bottom,1,20,0.05,0.031133250311332503,1.606,1.606,False
73,perceived_colour_master_name,White,4,20,0.2,0.12797597245623032,1.5627933600457928,1.5627933600457928,False
73,colour_group_name,White,3,20,0.15,0.0960369203721339,1.561899313501144,1.561899313501144,False
73,garment_group_name,Accessories,3,20,0.15,0.0962566844919786,1.5583333333333333,1.5583333333333333,False
73,product_group_name,Garment Full body,4,20,0.2,0.1304666324811369,1.5329590117911287,1.5329590117911287,False
73,product_type_name,Bra,1,20,0.05,0.0326715991502454,1.5303811659192827,1.5303811659192827,False
73,garment_group_name,Dresses Ladies,2,20,0.1,0.06651527360632921,1.5034140969162997,1.5034140969162997,False
73,colour_group_name,Blue,1,20,0.05,0.033330891509779505,1.5001098901098902,1.5001098901098902,False
73,perceived_colour_master_name,Pink,2,20,0.1,0.06702805655263351,1.4919125683060108,1.4919125683060108,False
73,product_group_name,Underwear,2,20,0.1,0.06768734891216761,1.4773809523809522,1.4773809523809522,False
73,section_name,Divided Collection,3,20,0.15,0.10409493809977291,1.4409922589725546,1.4409922589725546,False
73,section_name,"Womens Nightwear, Socks & Tigh",1,20,0.05,0.034869240348692404,1.4339285714285714,1.4339285714285714,False
73,perceived_colour_master_name,Khaki green,1,20,0.05,0.035015749761922205,1.427928870292887,1.427928870292887,False
73,colour_group_name,Light Pink,1,20,0.05,0.036773862720679805,1.3596613545816734,1.3596613545816734,False
73,graphical_appearance_name,Denim,2,20,0.1,0.074719800747198,1.3383333333333336,1.3383333333333336,False
73,section_name,"Womens Swimwear, beachwear",1,20,0.05,0.0374331550802139,1.3357142857142859,1.3357142857142859,False
73,garment_group_name,Swimwear,1,20,0.05,0.038531975679437405,1.2976235741444868,1.2976235741444868,False
73,department_name,Swimwear,1,20,0.05,0.038531975679437405,1.2976235741444868,1.2976235741444868,False
73,product_type_name,Dress,3,20,0.15,0.11750054941029961,1.2765897755610973,1.2765897755610973,False
73,section_name,Womens Casual,1,20,0.05,0.039557541572046,1.2639814814814816,1.2639814814814816,False
73,product_group_name,Swimwear,1,20,0.05,0.0397773056918907,1.256998158379374,1.256998158379374,False
73,garment_group_name,"Under-, Nightwear",2,20,0.1,0.08475569555343931,1.1798617113223855,1.1798617113223855,False
73,garment_group_name,Blouses,2,20,0.1,0.0860742802725075,1.1617872340425532,1.1617872340425532,False
73,product_type_name,Blouse,1,20,0.05,0.045344663394623105,1.1026655896607431,1.1026655896607431,False
73,section_name,Womens Small accessories,1,20,0.05,0.0514248040436598,0.9722934472934474,0.9722934472934474,False
73,index_group_name,Divided,4,20,0.2,0.2062119991209435,0.9698756660746004,0.9698756660746004,False
73,index_group_name,Menswear,2,20,0.1,0.10438795692623251,0.9579649122807018,0.9579649122807018,False
73,graphical_appearance_name,All over pattern,2,20,0.1,0.10709838107098381,0.9337209302325582,0.9337209302325582,False
73,index_group_name,Ladieswear,11,20,0.55,0.5894806241301004,0.9330247297129365,0.9330247297129365,False
73,graphical_appearance_name,Solid,10,20,0.5,0.5812760969892315,0.8601764335223693,0.8601764335223693,False
73,colour_group_name,Dark Blue,1,20,0.05,0.058970038824994506,0.847888198757764,0.847888198757764,False
73,perceived_colour_master_name,Blue,2,20,0.1,0.11933191707567212,0.8379987722529159,0.8379987722529159,False
73,graphical_appearance_name,Melange,1,20,0.05,0.0617537176763607,0.8096678529062872,0.8096678529062872,False
73,product_type_name,Trousers,2,20,0.1,0.1310526701340561,0.7630519843487983,0.7630519843487983,False
73,garment_group_name,Knitwear,1,20,0.05,0.06695480184601861,0.7467724288840263,0.7467724288840263,False
73,product_group_name,Garment Lower body,3,20,0.15,0.2052596879349498,0.7307815845824411,0.7307815845824411,False
73,colour_group_name,Black,4,20,0.2,0.28027250750860744,0.7135912179822269,0.7135912179822269,False
73,perceived_colour_master_name,Black,4,20,0.2,0.28173760164090544,0.7098803952158086,0.7098803952158086,False
73,product_group_name,Garment Upper body,5,20,0.25,0.38905574683173394,0.6425814347580493,0.6425814347580493,False
73,product_type_name,Sweater,1,20,0.05,0.0791883378507069,0.6314061054579094,0.6314061054579094,False
73,garment_group_name,Trousers,1,20,0.05,0.0825580543549923,0.6056344276841171,0.6056344276841171,False
73,perceived_colour_master_name,Beige,1,20,0.05,0.08482895026005421,0.5894214162348878,0.5894214162348878,False
73,garment_group_name,Jersey Basic,1,20,0.05,0.09003003442971211,0.5553702196908056,0.5553702196908056,False
73,section_name,Womens Everyday Collection,1,20,0.05,0.12218885063365321,0.40920263788968825,0.40920263788968825,False
74,department_name,Kids Boy Knitwear,1,20,0.05,0.0005127829463043,97.50714285714287,97.50714285714287,False
74,product_type_name,Hat/brim,1,20,0.05,0.0013185847190682002,37.919444444444444,37.919444444444444,False
74,department_name,Men Sport Tops,1,20,0.05,0.0020511317852172,24.376785714285717,24.376785714285717,False
74,department_name,Young Boy Jersey Basic,1,20,0.05,0.0025639147315215,19.501428571428573,19.501428571428573,False
74,department_name,Shirt,3,20,0.15,0.009156838326862501,16.3812,16.3812,True
74,graphical_appearance_name,Mixed solid/pattern,1,20,0.05,0.0035162259175152005,14.219791666666667,14.219791666666667,False
74,department_name,Gloves/Hats,1,20,0.05,0.0035894806241301004,13.929591836734694,13.929591836734694,False
74,graphical_appearance_name,Application/3D,1,20,0.05,0.0040290088638195,12.410000000000002,12.410000000000002,False
74,garment_group_name,Shirts,3,20,0.15,0.012526554831147901,11.97456140350877,11.97456140350877,True
74,colour_group_name,Light Turquoise,1,20,0.05,0.0049080653431983,10.187313432835822,10.187313432835822,False
74,section_name,Contemporary Casual,2,20,0.1,0.010621932459160502,9.41448275862069,9.41448275862069,True
74,department_name,Suit jacket,1,20,0.05,0.0053475935828877,9.350000000000001,9.350000000000001,False
74,product_type_name,Pyjama set,1,20,0.05,0.0054208482895026005,9.223648648648648,9.223648648648648,False
74,department_name,Newborn,1,20,0.05,0.0055673577027324,8.98092105263158,8.98092105263158,False
74,section_name,Kids Boy,1,20,0.05,0.0056406124093473006,8.864285714285716,8.864285714285716,False
74,section_name,Men H&M Sport,1,20,0.05,0.0057871218225771,8.63987341772152,8.63987341772152,False
74,department_name,Nightwear,1,20,0.05,0.006080140649036701,8.223493975903615,8.223493975903615,False
74,product_type_name,Bodysuit,1,20,0.05,0.006299904768881401,7.936627906976745,7.936627906976745,False
74,section_name,Boys Underwear & Basics,1,20,0.05,0.006373159475496301,7.8454022988505745,7.8454022988505745,False
74,department_name,Belts,1,20,0.05,0.0066661783019559,7.500549450549451,7.500549450549451,False
74,department_name,Denim trousers,1,20,0.05,0.007984763021024101,6.261926605504587,6.261926605504587,False
74,product_type_name,Belt,1,20,0.05,0.0082045271408688,6.094196428571429,6.094196428571429,False
74,section_name,Denim Men,1,20,0.05,0.0085708006739433,5.833760683760684,5.833760683760684,False
74,colour_group_name,Orange,1,20,0.05,0.008790564793788001,5.687916666666666,5.687916666666666,False
74,perceived_colour_master_name,Turquoise,1,20,0.05,0.009230093033477401,5.417063492063492,5.417063492063492,False
74,product_group_name,Nightwear,1,20,0.05,0.009669621273166801,5.170833333333333,5.170833333333333,False
74,section_name,Womens Big accessories,2,20,0.1,0.019925280199252802,5.018750000000001,5.018750000000001,False
74,product_type_name,Shirt,3,20,0.15,0.031646033257636805,4.7399305555555555,4.7399305555555555,False
74,graphical_appearance_name,Other structure,2,20,0.1,0.022855468463848803,4.375320512820513,4.375320512820513,False
74,colour_group_name,Dark Red,1,20,0.05,0.0128195736576075,3.900285714285715,3.900285714285715,False
74,garment_group_name,Dressed,1,20,0.05,0.013112592484067102,3.813128491620112,3.813128491620112,False
74,product_type_name,Blazer,1,20,0.05,0.014211413083290601,3.5182989690721653,3.5182989690721653,False
74,colour_group_name,Blue,2,20,0.1,0.033330891509779505,3.0002197802197803,3.0002197802197803,False
74,product_type_name,Swimwear bottom,1,20,0.05,0.016702073108197203,2.993640350877193,2.993640350877193,False
74,product_type_name,Bikini top,1,20,0.05,0.0171416013478866,2.916880341880342,2.916880341880342,False
74,department_name,Casual Lingerie,1,20,0.05,0.017581129587576003,2.843958333333333,2.843958333333333,False
74,section_name,Baby Essentials & Complements,1,20,0.05,0.017727639000805803,2.8204545454545453,2.8204545454545453,False
74,department_name,Dress,2,20,0.1,0.035894806241301,2.785918367346939,2.785918367346939,False
74,section_name,Contemporary Smart,1,20,0.05,0.0180206578272654,2.7745934959349596,2.7745934959349596,False
74,colour_group_name,Light Pink,2,20,0.1,0.036773862720679805,2.7193227091633467,2.7193227091633467,False
74,colour_group_name,Dark Green,1,20,0.05,0.018533440773569703,2.6978260869565216,2.6978260869565216,False
74,section_name,"Womens Swimwear, beachwear",2,20,0.1,0.0374331550802139,2.6714285714285717,2.6714285714285717,False
74,colour_group_name,Yellowish Brown,1,20,0.05,0.0187532048934144,2.6662109375000003,2.6662109375000003,False
74,garment_group_name,Swimwear,2,20,0.1,0.038531975679437405,2.5952471482889736,2.5952471482889736,False
74,department_name,Swimwear,2,20,0.1,0.038531975679437405,2.5952471482889736,2.5952471482889736,False
74,product_group_name,Swimwear,2,20,0.1,0.0397773056918907,2.513996316758748,2.513996316758748,False
74,product_type_name,Hoodie,1,20,0.05,0.0206578272654018,2.420390070921986,2.420390070921986,False
74,department_name,Dresses,1,20,0.05,0.021024100798476303,2.3782229965156794,2.3782229965156794,False
74,garment_group_name,Dresses Ladies,3,20,0.15,0.06651527360632921,2.2551211453744493,2.2551211453744493,False
74,index_group_name,Baby/Children,3,20,0.15,0.06680829243278881,2.2452302631578944,2.2452302631578944,False
74,graphical_appearance_name,Check,1,20,0.05,0.023001977877078604,2.1737261146496816,2.1737261146496816,False
74,perceived_colour_master_name,Red,1,20,0.05,0.0232217419969233,2.1531545741324924,2.1531545741324924,False
74,section_name,Mama,1,20,0.05,0.023294996703538202,2.1463836477987424,2.1463836477987424,False
74,graphical_appearance_name,Denim,3,20,0.15,0.074719800747198,2.0075000000000003,2.0075000000000003,False
74,index_group_name,Menswear,4,20,0.2,0.10438795692623251,1.9159298245614036,1.9159298245614036,False
74,perceived_colour_master_name,Brown,1,20,0.05,0.026151930261519303,1.911904761904762,1.911904761904762,False
74,colour_group_name,Light Blue,1,20,0.05,0.026957732034283203,1.8547554347826087,1.8547554347826087,False
74,perceived_colour_master_name,Orange,1,20,0.05,0.0273972602739726,1.8250000000000002,1.8250000000000002,False
74,perceived_colour_master_name,Green,1,20,0.05,0.027910043220276903,1.7914698162729659,1.7914698162729659,False
74,product_type_name,Dress,4,20,0.2,0.11750054941029961,1.70211970074813,1.70211970074813,False
74,perceived_colour_master_name,Blue,4,20,0.2,0.11933191707567212,1.6759975445058317,1.6759975445058317,False
74,colour_group_name,Grey,1,20,0.05,0.031059995604717602,1.6097877358490567,1.6097877358490567,False
74,product_type_name,Underwear bottom,1,20,0.05,0.031133250311332503,1.606,1.606,False
74,section_name,Womens Tailoring,2,20,0.1,0.06343857592850341,1.5763279445727483,1.5763279445727483,False
74,product_group_name,Garment Full body,4,20,0.2,0.1304666324811369,1.5329590117911287,1.5329590117911287,False
74,index_group_name,Sport,1,20,0.05,0.033111127389934804,1.510066371681416,1.510066371681416,False
74,perceived_colour_master_name,Pink,2,20,0.1,0.06702805655263351,1.4919125683060108,1.4919125683060108,False
74,garment_group_name,Outdoor,1,20,0.05,0.033697165042854006,1.483804347826087,1.483804347826087,False
74,section_name,"Womens Nightwear, Socks & Tigh",1,20,0.05,0.034869240348692404,1.4339285714285714,1.4339285714285714,False
74,section_name,Womens Casual,1,20,0.05,0.039557541572046,1.2639814814814816,1.2639814814814816,False
74,garment_group_name,"Under-, Nightwear",2,20,0.1,0.08475569555343931,1.1798617113223855,1.1798617113223855,False
74,garment_group_name,Trousers Denim,1,20,0.05,0.0430737674895612,1.1607993197278912,1.1607993197278912,False
74,product_group_name,Garment Upper body,9,20,0.45,0.38905574683173394,1.156646582564489,1.156646582564489,False
74,department_name,Blouse,1,20,0.05,0.043293531609405904,1.154906937394247,1.154906937394247,False
74,product_type_name,Blouse,1,20,0.05,0.045344663394623105,1.1026655896607431,1.1026655896607431,False
74,colour_group_name,Beige,1,20,0.05,0.04585744634092741,1.0903354632587858,1.0903354632587858,False
74,product_group_name,Accessories,2,20,0.1,0.092300930334774,1.0834126984126986,1.0834126984126986,False
74,colour_group_name,White,2,20,0.1,0.0960369203721339,1.041266209000763,1.041266209000763,False
74,garment_group_name,Accessories,2,20,0.1,0.0962566844919786,1.038888888888889,1.038888888888889,False
74,graphical_appearance_name,Solid,11,20,0.55,0.5812760969892315,0.9461940768746062,0.9461940768746062,False
74,index_group_name,Ladieswear,11,20,0.55,0.5894806241301004,0.9330247297129365,0.9330247297129365,False
74,colour_group_name,Black,5,20,0.25,0.28027250750860744,0.8919890224777836,0.8919890224777836,False
74,perceived_colour_master_name,Black,5,20,0.25,0.28173760164090544,0.8873504940197607,0.8873504940197607,False
74,product_type_name,T-shirt,1,20,0.05,0.05757819939931141,0.8683842239185751,0.8683842239185751,False
74,section_name,Womens Lingerie,1,20,0.05,0.05765145410592631,0.8672808132147396,0.8672808132147396,False
74,colour_group_name,Dark Blue,1,20,0.05,0.058970038824994506,0.847888198757764,0.847888198757764,False
74,department_name,Jersey,1,20,0.05,0.060801406490367006,0.8223493975903615,0.8223493975903615,False
74,perceived_colour_master_name,White,2,20,0.1,0.12797597245623032,0.7813966800228964,0.7813966800228964,False
74,garment_group_name,Knitwear,1,20,0.05,0.06695480184601861,0.7467724288840263,0.7467724288840263,False
74,product_group_name,Underwear,1,20,0.05,0.06768734891216761,0.7386904761904761,0.7386904761904761,False
74,perceived_colour_master_name,Grey,1,20,0.05,0.07113032012306791,0.7029351184346034,0.7029351184346034,False
74,product_type_name,Sweater,1,20,0.05,0.0791883378507069,0.6314061054579094,0.6314061054579094,False
74,garment_group_name,Jersey Fancy,2,20,0.1,0.16672771225551242,0.599780316344464,0.599780316344464,False
74,perceived_colour_master_name,Beige,1,20,0.05,0.08482895026005421,0.5894214162348878,0.5894214162348878,False
74,garment_group_name,Blouses,1,20,0.05,0.0860742802725075,0.5808936170212766,0.5808936170212766,False
74,garment_group_name,Jersey Basic,1,20,0.05,0.09003003442971211,0.5553702196908056,0.5553702196908056,False
74,section_name,Divided Collection,1,20,0.05,0.10409493809977291,0.48033075299085154,0.48033075299085154,False
74,graphical_appearance_name,All over pattern,1,20,0.05,0.10709838107098381,0.4668604651162791,0.4668604651162791,False
74,section_name,Womens Everyday Collection,1,20,0.05,0.12218885063365321,0.40920263788968825,0.40920263788968825,False
74,product_type_name,Trousers,1,20,0.05,0.1310526701340561,0.38152599217439914,0.38152599217439914,False
74,product_group_name,Garment Lower body,1,20,0.05,0.2052596879349498,0.2435938615274804,0.2435938615274804,False
74,index_group_name,Divided,1,20,0.05,0.2062119991209435,0.2424689165186501,0.2424689165186501,False
75,department_name,Kids Boy Knitwear,1,20,0.05,0.0005127829463043,97.50714285714287,97.50714285714287,False
75,department_name,Young Girl UW/NW,1,20,0.05,0.0011720753058384,42.659375000000004,42.659375000000004,False
75,product_type_name,Hat/brim,1,20,0.05,0.0013185847190682002,37.919444444444444,37.919444444444444,False
75,department_name,Men Sport Tops,1,20,0.05,0.0020511317852172,24.376785714285717,24.376785714285717,False
75,product_type_name,Pyjama set,2,20,0.1,0.0054208482895026005,18.447297297297297,18.447297297297297,True
75,graphical_appearance_name,Mixed solid/pattern,1,20,0.05,0.0035162259175152005,14.219791666666667,14.219791666666667,False
75,department_name,Gloves/Hats,1,20,0.05,0.0035894806241301004,13.929591836734694,13.929591836734694,False
75,graphical_appearance_name,Treatment,1,20,0.05,0.003955754157204601,12.639814814814814,12.639814814814814,False
75,department_name,Baby basics,1,20,0.05,0.0042487729836642,11.768103448275864,11.768103448275864,False
75,department_name,Other items,1,20,0.05,0.0042487729836642,11.768103448275864,11.768103448275864,False
75,product_group_name,Nightwear,2,20,0.1,0.009669621273166801,10.341666666666667,10.341666666666667,True
75,section_name,Girls Underwear & Basics,1,20,0.05,0.004834810636583401,10.341666666666667,10.341666666666667,False
75,product_type_name,Garment Set,1,20,0.05,0.005127829463043,9.750714285714286,9.750714285714286,False
75,section_name,Kids Boy,1,20,0.05,0.0056406124093473006,8.864285714285716,8.864285714285716,False
75,section_name,Men H&M Sport,1,20,0.05,0.0057871218225771,8.63987341772152,8.63987341772152,False
75,department_name,Nightwear,1,20,0.05,0.006080140649036701,8.223493975903615,8.223493975903615,False
75,department_name,Functional Lingerie,1,20,0.05,0.006373159475496301,7.8454022988505745,7.8454022988505745,False
75,product_type_name,Other accessories,1,20,0.05,0.006959197128415501,7.184736842105264,7.184736842105264,False
75,department_name,Denim trousers,1,20,0.05,0.007984763021024101,6.261926605504587,6.261926605504587,False
75,section_name,Denim Men,1,20,0.05,0.0085708006739433,5.833760683760684,5.833760683760684,False
75,colour_group_name,Orange,1,20,0.05,0.008790564793788001,5.687916666666666,5.687916666666666,False
75,colour_group_name,Grey,3,20,0.15,0.031059995604717602,4.8293632075471695,4.8293632075471695,True
75,colour_group_name,Yellow,1,20,0.05,0.011354479525309501,4.403548387096774,4.403548387096774,False
75,graphical_appearance_name,Other structure,2,20,0.1,0.022855468463848803,4.375320512820513,4.375320512820513,False
75,department_name,Skirt,1,20,0.05,0.011647498351769101,4.292767295597485,4.292767295597485,False
75,department_name,Dress,3,20,0.15,0.035894806241301,4.178877551020408,4.178877551020408,False
75,graphical_appearance_name,Lace,1,20,0.05,0.012673064244377702,3.9453757225433526,3.9453757225433526,False
75,perceived_colour_master_name,Orange,2,20,0.1,0.0273972602739726,3.6500000000000004,3.6500000000000004,False
75,section_name,Womens Jackets,1,20,0.05,0.0136986301369863,3.6500000000000004,3.6500000000000004,False
75,product_type_name,Earring,1,20,0.05,0.014724196029594901,3.395771144278607,3.395771144278607,False
75,colour_group_name,Light Orange,1,20,0.05,0.014724196029594901,3.395771144278607,3.395771144278607,False
75,department_name,Outwear,1,20,0.05,0.0150172148560545,3.3295121951219517,3.3295121951219517,False
75,colour_group_name,Blue,2,20,0.1,0.033330891509779505,3.0002197802197803,3.0002197802197803,False
75,product_type_name,Swimwear bottom,1,20,0.05,0.016702073108197203,2.993640350877193,2.993640350877193,False
75,garment_group_name,Outdoor,2,20,0.1,0.033697165042854006,2.967608695652174,2.967608695652174,False
75,product_type_name,Bikini top,1,20,0.05,0.0171416013478866,2.916880341880342,2.916880341880342,False
75,section_name,Baby Essentials & Complements,1,20,0.05,0.017727639000805803,2.8204545454545453,2.8204545454545453,False
75,perceived_colour_master_name,Grey,4,20,0.2,0.07113032012306791,2.8117404737384137,2.8117404737384137,False
75,section_name,"Womens Swimwear, beachwear",2,20,0.1,0.0374331550802139,2.6714285714285717,2.6714285714285717,False
75,colour_group_name,Yellowish Brown,1,20,0.05,0.0187532048934144,2.6662109375000003,2.6662109375000003,False
75,garment_group_name,Swimwear,2,20,0.1,0.038531975679437405,2.5952471482889736,2.5952471482889736,False
75,department_name,Swimwear,2,20,0.1,0.038531975679437405,2.5952471482889736,2.5952471482889736,False
75,garment_group_name,Skirts,1,20,0.05,0.0195590066661783,2.556367041198502,2.556367041198502,False
75,product_group_name,Swimwear,2,20,0.1,0.0397773056918907,2.513996316758748,2.513996316758748,False
75,section_name,Womens Big accessories,1,20,0.05,0.019925280199252802,2.5093750000000004,2.5093750000000004,False
75,product_type_name,Hoodie,1,20,0.05,0.0206578272654018,2.420390070921986,2.420390070921986,False
75,colour_group_name,Pink,1,20,0.05,0.021024100798476303,2.3782229965156794,2.3782229965156794,False
75,colour_group_name,Gold,1,20,0.05,0.021829902571240203,2.290436241610738,2.290436241610738,False
75,garment_group_name,Dresses Ladies,3,20,0.15,0.06651527360632921,2.2551211453744493,2.2551211453744493,False
75,index_group_name,Baby/Children,3,20,0.15,0.06680829243278881,2.2452302631578944,2.2452302631578944,False
75,perceived_colour_master_name,Yellow,1,20,0.05,0.022635704344004103,2.2088996763754047,2.2088996763754047,False
75,colour_group_name,Beige,2,20,0.1,0.04585744634092741,2.1806709265175717,2.1806709265175717,False
75,department_name,Jewellery,1,20,0.05,0.0230752325836935,2.166825396825397,2.166825396825397,False
75,section_name,Mama,1,20,0.05,0.023294996703538202,2.1463836477987424,2.1463836477987424,False
75,section_name,Womens Small accessories,2,20,0.1,0.0514248040436598,1.9445868945868947,1.9445868945868947,False
75,product_group_name,Garment Full body,5,20,0.25,0.1304666324811369,1.9161987647389107,1.9161987647389107,False
75,perceived_colour_master_name,Brown,1,20,0.05,0.026151930261519303,1.911904761904762,1.911904761904762,False
75,graphical_appearance_name,All over pattern,4,20,0.2,0.10709838107098381,1.8674418604651164,1.8674418604651164,False
75,perceived_colour_master_name,Green,1,20,0.05,0.027910043220276903,1.7914698162729659,1.7914698162729659,False
75,garment_group_name,"Under-, Nightwear",3,20,0.15,0.08475569555343931,1.7697925669835781,1.7697925669835781,False
75,product_type_name,Dress,4,20,0.2,0.11750054941029961,1.70211970074813,1.70211970074813,False
75,colour_group_name,Dark Grey,1,20,0.05,0.029375137352574902,1.70211970074813,1.70211970074813,False
75,perceived_colour_master_name,Metal,1,20,0.05,0.030254193831953703,1.6526634382566587,1.6526634382566587,False
75,product_group_name,Accessories,3,20,0.15,0.092300930334774,1.6251190476190476,1.6251190476190476,False
75,graphical_appearance_name,Melange,2,20,0.1,0.0617537176763607,1.6193357058125744,1.6193357058125744,False
75,product_type_name,Jacket,1,20,0.05,0.0312797597245623,1.5984777517564404,1.5984777517564404,False
75,section_name,Womens Tailoring,2,20,0.1,0.06343857592850341,1.5763279445727483,1.5763279445727483,False
75,garment_group_name,Accessories,3,20,0.15,0.0962566844919786,1.5583333333333333,1.5583333333333333,False
75,product_type_name,Bra,1,20,0.05,0.0326715991502454,1.5303811659192827,1.5303811659192827,False
75,index_group_name,Sport,1,20,0.05,0.033111127389934804,1.510066371681416,1.510066371681416,False
75,product_type_name,Skirt,1,20,0.05,0.033404146216394405,1.4968201754385966,1.4968201754385966,False
75,perceived_colour_master_name,Pink,2,20,0.1,0.06702805655263351,1.4919125683060108,1.4919125683060108,False
75,section_name,"Womens Nightwear, Socks & Tigh",1,20,0.05,0.034869240348692404,1.4339285714285714,1.4339285714285714,False
75,colour_group_name,Light Pink,1,20,0.05,0.036773862720679805,1.3596613545816734,1.3596613545816734,False
75,index_group_name,Ladieswear,15,20,0.75,0.5894806241301004,1.2723064496085497,1.2723064496085497,False
75,section_name,Womens Casual,1,20,0.05,0.039557541572046,1.2639814814814816,1.2639814814814816,False
75,section_name,Womens Everyday Collection,3,20,0.15,0.12218885063365321,1.2276079136690647,1.2276079136690647,False
75,perceived_colour_master_name,Beige,2,20,0.1,0.08482895026005421,1.1788428324697755,1.1788428324697755,False
75,garment_group_name,Trousers Denim,1,20,0.05,0.0430737674895612,1.1607993197278912,1.1607993197278912,False
75,department_name,Blouse,1,20,0.05,0.043293531609405904,1.154906937394247,1.154906937394247,False
75,department_name,Trouser,1,20,0.05,0.0446121163284741,1.1207717569786537,1.1207717569786537,False
75,product_type_name,Blouse,1,20,0.05,0.045344663394623105,1.1026655896607431,1.1026655896607431,False
75,section_name,Womens Lingerie,1,20,0.05,0.05765145410592631,0.8672808132147396,0.8672808132147396,False
75,perceived_colour_master_name,Blue,2,20,0.1,0.11933191707567212,0.8379987722529159,0.8379987722529159,False
75,department_name,Jersey,1,20,0.05,0.060801406490367006,0.8223493975903615,0.8223493975903615,False
75,product_type_name,Trousers,2,20,0.1,0.1310526701340561,0.7630519843487983,0.7630519843487983,False
75,garment_group_name,Knitwear,1,20,0.05,0.06695480184601861,0.7467724288840263,0.7467724288840263,False
75,product_group_name,Underwear,1,20,0.05,0.06768734891216761,0.7386904761904761,0.7386904761904761,False
75,product_group_name,Garment Lower body,3,20,0.15,0.2052596879349498,0.7307815845824411,0.7307815845824411,False
75,colour_group_name,Black,4,20,0.2,0.28027250750860744,0.7135912179822269,0.7135912179822269,False
75,graphical_appearance_name,Solid,8,20,0.4,0.5812760969892315,0.6881411468178954,0.6881411468178954,False
75,graphical_appearance_name,Denim,1,20,0.05,0.074719800747198,0.6691666666666668,0.6691666666666668,False
75,product_type_name,Sweater,1,20,0.05,0.0791883378507069,0.6314061054579094,0.6314061054579094,False
75,garment_group_name,Trousers,1,20,0.05,0.0825580543549923,0.6056344276841171,0.6056344276841171,False
75,garment_group_name,Blouses,1,20,0.05,0.0860742802725075,0.5808936170212766,0.5808936170212766,False
75,garment_group_name,Jersey Basic,1,20,0.05,0.09003003442971211,0.5553702196908056,0.5553702196908056,False
75,perceived_colour_master_name,Black,3,20,0.15,0.28173760164090544,0.5324102964118564,0.5324102964118564,False
75,colour_group_name,White,1,20,0.05,0.0960369203721339,0.5206331045003815,0.5206331045003815,False
75,product_group_name,Garment Upper body,4,20,0.2,0.38905574683173394,0.5140651478064395,0.5140651478064395,False
75,index_group_name,Menswear,1,20,0.05,0.10438795692623251,0.4789824561403509,0.4789824561403509,False
75,perceived_colour_master_name,White,1,20,0.05,0.12797597245623032,0.3906983400114482,0.3906983400114482,False
75,garment_group_name,Jersey Fancy,1,20,0.05,0.16672771225551242,0.299890158172232,0.299890158172232,False
