prototype,feature,value,count,topk_size,topk_freq,global_freq,lift,score,selected
0,department_name,Trousers,8,20,0.4,0.0164823089883525,24.268444444444444,24.268444444444444,True
0,graphical_appearance_name,Embroidery,3,20,0.15,0.012087026591458501,12.41,12.41,True
0,department_name,Basic 1,7,20,0.35,0.029228627939345102,11.97456140350877,11.97456140350877,True
0,section_name,Divided Basics,7,20,0.35,0.03208556149732621,10.908333333333331,10.908333333333331,False
0,department_name,Denim Trousers,3,20,0.15,0.0171416013478866,8.750641025641025,8.750641025641025,False
0,product_type_name,Unknown,1,20,0.05,0.006080140649036701,8.223493975903615,8.223493975903615,False
0,product_group_name,Unknown,1,20,0.05,0.006080140649036701,8.223493975903615,8.223493975903615,False
0,colour_group_name,Grey,5,20,0.25,0.031059995604717602,8.048938679245284,8.048938679245284,False
0,section_name,Ladies Denim,3,20,0.15,0.028862354406270604,5.1970812182741115,5.1970812182741115,False
0,garment_group_name,Trousers,8,20,0.4,0.0825580543549923,4.845075421472937,4.845075421472937,False
0,index_group_name,Divided,19,20,0.95,0.2062119991209435,4.606909413854352,4.606909413854352,False
0,colour_group_name,Blue,3,20,0.15,0.033330891509779505,4.50032967032967,4.50032967032967,False
0,garment_group_name,Jersey Basic,8,20,0.4,0.09003003442971211,4.442961757526445,4.442961757526445,False
0,section_name,Divided Collection,9,20,0.45,0.10409493809977291,4.322976776917664,4.322976776917664,False
0,perceived_colour_master_name,Grey,6,20,0.3,0.07113032012306791,4.21761071060762,4.21761071060762,False
0,product_type_name,Trousers,10,20,0.5,0.1310526701340561,3.815259921743991,3.815259921743991,False
0,garment_group_name,Trousers Denim,3,20,0.15,0.0430737674895612,3.4823979591836736,3.4823979591836736,False
0,department_name,Tops Knitwear,1,20,0.05,0.014357922496520402,3.4823979591836736,3.4823979591836736,False
0,product_type_name,T-shirt,4,20,0.2,0.05757819939931141,3.4735368956743002,3.4735368956743002,False
0,colour_group_name,Dark Blue,4,20,0.2,0.058970038824994506,3.391552795031056,3.391552795031056,False
0,perceived_colour_master_name,Blue,7,20,0.35,0.11933191707567212,2.932995702885205,2.932995702885205,False
0,product_group_name,Garment Lower body,10,20,0.5,0.2052596879349498,2.4359386152748037,2.4359386152748037,False
0,graphical_appearance_name,Melange,3,20,0.15,0.0617537176763607,2.429003558718861,2.429003558718861,False
0,colour_group_name,Pink,1,20,0.05,0.021024100798476303,2.3782229965156794,2.3782229965156794,False
0,graphical_appearance_name,Denim,3,20,0.15,0.074719800747198,2.0075000000000003,2.0075000000000003,False
0,product_type_name,Top,2,20,0.1,0.050692256977510806,1.9726878612716763,1.9726878612716763,False
0,product_type_name,Sweater,3,20,0.15,0.0791883378507069,1.894218316373728,1.894218316373728,False
0,department_name,Jersey Basic,1,20,0.05,0.026737967914438502,1.87,1.87,False
0,section_name,Womens Everyday Basics,1,20,0.05,0.027177496154127904,1.8397574123989218,1.8397574123989218,False
0,colour_group_name,Greenish Khaki,1,20,0.05,0.027910043220276903,1.7914698162729659,1.7914698162729659,False
0,colour_group_name,Dark Grey,1,20,0.05,0.029375137352574902,1.70211970074813,1.70211970074813,False
0,perceived_colour_master_name,Khaki green,1,20,0.05,0.035015749761922205,1.427928870292887,1.427928870292887,False
0,product_group_name,Garment Upper body,9,20,0.45,0.38905574683173394,1.156646582564489,1.156646582564489,False
0,graphical_appearance_name,Solid,11,20,0.55,0.5812760969892315,0.9461940768746062,0.9461940768746062,False
0,garment_group_name,Knitwear,1,20,0.05,0.06695480184601861,0.7467724288840263,0.7467724288840263,False
0,perceived_colour_master_name,Pink,1,20,0.05,0.06702805655263351,0.7459562841530054,0.7459562841530054,False
0,colour_group_name,Black,4,20,0.2,0.28027250750860744,0.7135912179822269,0.7135912179822269,False
0,perceived_colour_master_name,Black,4,20,0.2,0.28173760164090544,0.7098803952158086,0.7098803952158086,False
0,colour_group_name,White,1,20,0.05,0.0960369203721339,0.5206331045003815,0.5206331045003815,False
0,perceived_colour_master_name,White,1,20,0.05,0.12797597245623032,0.3906983400114482,0.3906983400114482,False
0,index_group_name,Ladieswear,1,20,0.05,0.5894806241301004,0.08482042997390332,0.08482042997390332,False
1,product_type_name,Bikini top,7,20,0.35,0.0171416013478866,20.418162393162394,20.418162393162394,True
1,colour_group_name,Turquoise,1,20,0.05,0.0028569335579811004,17.50128205128205,17.50128205128205,False
1,section_name,"Womens Swimwear, beachwear",12,20,0.6,0.0374331550802139,16.02857142857143,16.02857142857143,True
1,garment_group_name,Swimwear,12,20,0.6,0.038531975679437405,15.57148288973384,15.57148288973384,False
1,department_name,Swimwear,12,20,0.6,0.038531975679437405,15.57148288973384,15.57148288973384,True
1,product_group_name,Swimwear,12,20,0.6,0.0397773056918907,15.083977900552485,15.083977900552485,False
1,product_type_name,Swimwear bottom,5,20,0.25,0.016702073108197203,14.968201754385964,14.968201754385964,False
1,department_name,Shorts & Skirts,1,20,0.05,0.0033697165042854004,14.83804347826087,14.83804347826087,False
1,colour_group_name,Dark Orange,2,20,0.1,0.009230093033477401,10.834126984126984,10.834126984126984,False
1,colour_group_name,Light Blue,5,20,0.25,0.026957732034283203,9.273777173913043,9.273777173913043,False
1,colour_group_name,Yellow,2,20,0.1,0.011354479525309501,8.807096774193548,8.807096774193548,False
1,product_type_name,Jumpsuit/Playsuit,1,20,0.05,0.005933631235806901,8.426543209876543,8.426543209876543,False
1,department_name,Denim Other Garments,1,20,0.05,0.0066661783019559,7.500549450549451,7.500549450549451,False
1,department_name,Tops Woven,2,20,0.1,0.015236978975899202,6.562980769230769,6.562980769230769,False
1,department_name,Skirts,1,20,0.05,0.007838253607794301,6.378971962616823,6.378971962616823,False
1,perceived_colour_master_name,Turquoise,1,20,0.05,0.009230093033477401,5.417063492063492,5.417063492063492,False
1,colour_group_name,Green,1,20,0.05,0.009742875979781702,5.131954887218045,5.131954887218045,False
1,product_type_name,Shorts,2,20,0.1,0.022049666691084904,4.535215946843854,4.535215946843854,False
1,perceived_colour_master_name,Yellow,2,20,0.1,0.022635704344004103,4.4177993527508095,4.4177993527508095,False
1,graphical_appearance_name,All over pattern,9,20,0.45,0.10709838107098381,4.201744186046512,4.201744186046512,False
1,perceived_colour_master_name,Orange,2,20,0.1,0.0273972602739726,3.6500000000000004,3.6500000000000004,False
1,garment_group_name,Shorts,1,20,0.05,0.014064903670060802,3.554947916666667,3.554947916666667,False
1,garment_group_name,Skirts,1,20,0.05,0.0195590066661783,2.556367041198502,2.556367041198502,False
1,department_name,Dresses,1,20,0.05,0.021024100798476303,2.3782229965156794,2.3782229965156794,False
1,perceived_colour_master_name,Blue,5,20,0.25,0.11933191707567212,2.0949969306322895,2.0949969306322895,False
1,section_name,Divided Collection,4,20,0.2,0.10409493809977291,1.9213230119634062,1.9213230119634062,False
1,perceived_colour_master_name,Green,1,20,0.05,0.027910043220276903,1.7914698162729659,1.7914698162729659,False
1,section_name,Ladies Denim,1,20,0.05,0.028862354406270604,1.7323604060913707,1.7323604060913707,False
1,graphical_appearance_name,Stripe,1,20,0.05,0.030034429712109,1.6647560975609759,1.6647560975609759,False
1,product_type_name,Vest top,1,20,0.05,0.030107684418723902,1.660705596107056,1.660705596107056,False
1,section_name,Womens Tailoring,2,20,0.1,0.06343857592850341,1.5763279445727483,1.5763279445727483,False
1,garment_group_name,Dresses Ladies,2,20,0.1,0.06651527360632921,1.5034140969162997,1.5034140969162997,False
1,product_type_name,Skirt,1,20,0.05,0.033404146216394405,1.4968201754385966,1.4968201754385966,False
1,colour_group_name,Black,8,20,0.4,0.28027250750860744,1.4271824359644538,1.4271824359644538,False
1,perceived_colour_master_name,Black,8,20,0.4,0.28173760164090544,1.4197607904316172,1.4197607904316172,False
1,department_name,Dress,1,20,0.05,0.035894806241301,1.3929591836734696,1.3929591836734696,False
1,graphical_appearance_name,Denim,2,20,0.1,0.074719800747198,1.3383333333333336,1.3383333333333336,False
1,index_group_name,Ladieswear,15,20,0.75,0.5894806241301004,1.2723064496085497,1.2723064496085497,False
1,section_name,Womens Casual,1,20,0.05,0.039557541572046,1.2639814814814816,1.2639814814814816,False
1,index_group_name,Divided,5,20,0.25,0.2062119991209435,1.2123445825932504,1.2123445825932504,False
1,garment_group_name,Blouses,2,20,0.1,0.0860742802725075,1.1617872340425532,1.1617872340425532,False
1,garment_group_name,Trousers Denim,1,20,0.05,0.0430737674895612,1.1607993197278912,1.1607993197278912,False
1,product_group_name,Garment Full body,3,20,0.15,0.1304666324811369,1.1497192588433465,1.1497192588433465,False
1,product_type_name,Blouse,1,20,0.05,0.045344663394623105,1.1026655896607431,1.1026655896607431,False
1,colour_group_name,Light Beige,1,20,0.05,0.0478353234195297,1.0452526799387445,1.0452526799387445,False
1,product_type_name,Dress,2,20,0.1,0.11750054941029961,0.851059850374065,0.851059850374065,False
1,department_name,Jersey,1,20,0.05,0.060801406490367006,0.8223493975903615,0.8223493975903615,False
1,product_group_name,Garment Lower body,3,20,0.15,0.2052596879349498,0.7307815845824411,0.7307815845824411,False
1,graphical_appearance_name,Solid,8,20,0.4,0.5812760969892315,0.6881411468178954,0.6881411468178954,False
1,perceived_colour_master_name,Beige,1,20,0.05,0.08482895026005421,0.5894214162348878,0.5894214162348878,False
1,garment_group_name,Jersey Fancy,1,20,0.05,0.16672771225551242,0.299890158172232,0.299890158172232,False
1,product_group_name,Garment Upper body,2,20,0.1,0.38905574683173394,0.25703257390321976,0.25703257390321976,False
2,department_name,Trousers & Skirt,1,20,0.05,0.0028569335579811004,17.50128205128205,17.50128205128205,False
2,department_name,Boots,2,20,0.1,0.0066661783019559,15.001098901098903,15.001098901098903,True
2,graphical_appearance_name,Contrast,1,20,0.05,0.0034429712109003002,14.522340425531917,14.522340425531917,False
2,product_type_name,Boots,2,20,0.1,0.009303347740092302,10.748818897637795,10.748818897637795,True
2,department_name,Suit jacket,1,20,0.05,0.0053475935828877,9.350000000000001,9.350000000000001,False
2,department_name,Skirt,2,20,0.1,0.011647498351769101,8.58553459119497,8.58553459119497,True
2,graphical_appearance_name,Other structure,3,20,0.15,0.022855468463848803,6.5629807692307685,6.5629807692307685,False
2,section_name,Womens Tailoring,8,20,0.4,0.06343857592850341,6.305311778290993,6.305311778290993,False
2,colour_group_name,Light Purple,1,20,0.05,0.008717310087173101,5.735714285714286,5.735714285714286,False
2,colour_group_name,Red,1,20,0.05,0.009156838326862501,5.4604,5.4604,False
2,colour_group_name,Yellowish Brown,2,20,0.1,0.0187532048934144,5.3324218750000005,5.3324218750000005,False
2,garment_group_name,Skirts,2,20,0.1,0.0195590066661783,5.112734082397004,5.112734082397004,False
2,colour_group_name,Off White,3,20,0.15,0.030180939125338802,4.97002427184466,4.97002427184466,False
2,product_type_name,Skirt,3,20,0.15,0.033404146216394405,4.490460526315789,4.490460526315789,False
2,section_name,Womens Shoes,2,20,0.1,0.023734524943227604,4.213271604938272,4.213271604938272,False
2,department_name,Dress,3,20,0.15,0.035894806241301,4.178877551020408,4.178877551020408,False
2,graphical_appearance_name,Lace,1,20,0.05,0.012673064244377702,3.9453757225433526,3.9453757225433526,False
2,perceived_colour_master_name,Brown,2,20,0.1,0.026151930261519303,3.823809523809524,3.823809523809524,False
2,garment_group_name,Dressed,1,20,0.05,0.013112592484067102,3.813128491620112,3.813128491620112,False
2,department_name,Knitwear,3,20,0.15,0.039557541572046,3.7919444444444443,3.7919444444444443,False
2,garment_group_name,Shoes,2,20,0.1,0.026811222621053402,3.7297814207650277,3.7297814207650277,False
2,product_group_name,Shoes,2,20,0.1,0.026957732034283203,3.7095108695652175,3.7095108695652175,False
2,department_name,Blouse & Dress,1,20,0.05,0.013478866017141601,3.7095108695652175,3.7095108695652175,False
2,product_type_name,Cardigan,1,20,0.05,0.014064903670060802,3.554947916666667,3.554947916666667,False
2,product_type_name,Blazer,1,20,0.05,0.014211413083290601,3.5182989690721653,3.5182989690721653,False
2,department_name,Blouse,3,20,0.15,0.043293531609405904,3.464720812182741,3.464720812182741,False
2,perceived_colour_master_name,Lilac Purple,1,20,0.05,0.014724196029594901,3.395771144278607,3.395771144278607,False
2,product_type_name,Blouse,3,20,0.15,0.045344663394623105,3.307996768982229,3.307996768982229,False
2,colour_group_name,Beige,3,20,0.15,0.04585744634092741,3.2710063897763577,3.2710063897763577,False
2,section_name,Womens Trend,2,20,0.1,0.030986740898102702,3.227186761229315,3.227186761229315,False
2,garment_group_name,Dresses Ladies,4,20,0.2,0.06651527360632921,3.0068281938325994,3.0068281938325994,False
2,section_name,Womens Everyday Collection,7,20,0.35,0.12218885063365321,2.8644184652278173,2.8644184652278173,False
2,department_name,Dresses,1,20,0.05,0.021024100798476303,2.3782229965156794,2.3782229965156794,False
2,perceived_colour_master_name,Beige,4,20,0.2,0.08482895026005421,2.357685664939551,2.357685664939551,False
2,graphical_appearance_name,All over pattern,5,20,0.25,0.10709838107098381,2.3343023255813953,2.3343023255813953,False
2,garment_group_name,Blouses,4,20,0.2,0.0860742802725075,2.3235744680851065,2.3235744680851065,False
2,department_name,Trouser,2,20,0.1,0.0446121163284741,2.2415435139573074,2.2415435139573074,False
2,garment_group_name,Knitwear,3,20,0.15,0.06695480184601861,2.2403172866520786,2.2403172866520786,False
2,perceived_colour_master_name,Red,1,20,0.05,0.0232217419969233,2.1531545741324924,2.1531545741324924,False
2,product_type_name,Dress,5,20,0.25,0.11750054941029961,2.1276496259351623,2.1276496259351623,False
2,colour_group_name,Light Beige,2,20,0.1,0.0478353234195297,2.090505359877489,2.090505359877489,False
2,department_name,Jersey fancy,1,20,0.05,0.0247600908358362,2.0193786982248523,2.0193786982248523,False
2,perceived_colour_master_name,White,5,20,0.25,0.12797597245623032,1.9534917000572407,1.9534917000572407,False
2,product_group_name,Garment Full body,5,20,0.25,0.1304666324811369,1.9161987647389107,1.9161987647389107,False
2,garment_group_name,Trousers,3,20,0.15,0.0825580543549923,1.8169032830523513,1.8169032830523513,False
2,colour_group_name,Greenish Khaki,1,20,0.05,0.027910043220276903,1.7914698162729659,1.7914698162729659,False
2,index_group_name,Ladieswear,19,20,0.95,0.5894806241301004,1.611588169504163,1.611588169504163,False
2,product_group_name,Garment Lower body,6,20,0.3,0.2052596879349498,1.4615631691648823,1.4615631691648823,False
2,perceived_colour_master_name,Khaki green,1,20,0.05,0.035015749761922205,1.427928870292887,1.427928870292887,False
2,colour_group_name,Light Pink,1,20,0.05,0.036773862720679805,1.3596613545816734,1.3596613545816734,False
2,product_type_name,Trousers,3,20,0.15,0.1310526701340561,1.1445779765231974,1.1445779765231974,False
2,product_type_name,Top,1,20,0.05,0.050692256977510806,0.9863439306358381,0.9863439306358381,False
2,product_group_name,Garment Upper body,7,20,0.35,0.38905574683173394,0.8996140086612691,0.8996140086612691,False
2,colour_group_name,Black,5,20,0.25,0.28027250750860744,0.8919890224777836,0.8919890224777836,False
2,perceived_colour_master_name,Black,5,20,0.25,0.28173760164090544,0.8873504940197607,0.8873504940197607,False
2,graphical_appearance_name,Solid,10,20,0.5,0.5812760969892315,0.8601764335223693,0.8601764335223693,False
2,perceived_colour_master_name,Pink,1,20,0.05,0.06702805655263351,0.7459562841530054,0.7459562841530054,False
2,product_type_name,Sweater,1,20,0.05,0.0791883378507069,0.6314061054579094,0.6314061054579094,False
2,colour_group_name,White,1,20,0.05,0.0960369203721339,0.5206331045003815,0.5206331045003815,False
2,section_name,Divided Collection,1,20,0.05,0.10409493809977291,0.48033075299085154,0.48033075299085154,False
2,garment_group_name,Jersey Fancy,1,20,0.05,0.16672771225551242,0.299890158172232,0.299890158172232,False
2,index_group_name,Divided,1,20,0.05,0.2062119991209435,0.2424689165186501,0.2424689165186501,False
3,department_name,Blanks,11,20,0.55,0.0014650941322980001,375.40250000000003,375.40250000000003,True
3,department_name,Promotion/ Other /Offer,1,20,0.05,0.0002930188264596,170.63750000000002,170.63750000000002,False
3,product_type_name,Hat/beanie,2,20,0.1,0.0038092447439748004,26.251923076923077,26.251923076923077,True
3,department_name,Knit & Woven,2,20,0.1,0.0045417918101238,22.017741935483873,22.017741935483873,True
3,section_name,Men Underwear,11,20,0.55,0.0358215515346861,15.353885480572599,15.353885480572599,False
3,section_name,Divided Accessories,4,20,0.2,0.013991648963445902,14.294240837696336,14.294240837696336,False
3,garment_group_name,Special Offers,1,20,0.05,0.0035162259175152005,14.219791666666667,14.219791666666667,False
3,colour_group_name,Dark Beige,3,20,0.15,0.012966083070837301,11.56864406779661,11.56864406779661,False
3,product_type_name,Bag,2,20,0.1,0.009156838326862501,10.9208,10.9208,False
3,colour_group_name,Yellowish Brown,4,20,0.2,0.0187532048934144,10.664843750000001,10.664843750000001,False
3,department_name,Tops Knitwear,3,20,0.15,0.014357922496520402,10.44719387755102,10.44719387755102,False
3,department_name,Bags,2,20,0.1,0.009596366566551901,10.4206106870229,10.4206106870229,False
3,graphical_appearance_name,Jacquard,1,20,0.05,0.005127829463043,9.750714285714286,9.750714285714286,False
3,perceived_colour_master_name,Brown,4,20,0.2,0.026151930261519303,7.647619047619048,7.647619047619048,False
3,product_type_name,Hoodie,3,20,0.15,0.0206578272654018,7.261170212765958,7.261170212765958,False
3,graphical_appearance_name,Placement print,2,20,0.1,0.014650941322980001,6.825500000000001,6.825500000000001,False
3,garment_group_name,Jersey Basic,11,20,0.55,0.09003003442971211,6.1090724165988615,6.1090724165988615,False
3,index_group_name,Menswear,11,20,0.55,0.10438795692623251,5.26880701754386,5.26880701754386,False
3,colour_group_name,Off White,3,20,0.15,0.030180939125338802,4.97002427184466,4.97002427184466,False
3,product_type_name,Cardigan,1,20,0.05,0.014064903670060802,3.554947916666667,3.554947916666667,False
3,department_name,Trousers,1,20,0.05,0.0164823089883525,3.0335555555555556,3.0335555555555556,False
3,perceived_colour_master_name,Beige,5,20,0.25,0.08482895026005421,2.9471070811744386,2.9471070811744386,False
3,product_type_name,Sweater,4,20,0.2,0.0791883378507069,2.5256244218316377,2.5256244218316377,False
3,section_name,Divided Projects,1,20,0.05,0.022049666691084904,2.267607973421927,2.267607973421927,False
3,garment_group_name,Knitwear,3,20,0.15,0.06695480184601861,2.2403172866520786,2.2403172866520786,False
3,index_group_name,Divided,9,20,0.45,0.2062119991209435,2.182220248667851,2.182220248667851,False
3,product_group_name,Accessories,4,20,0.2,0.092300930334774,2.166825396825397,2.166825396825397,False
3,colour_group_name,Light Beige,2,20,0.1,0.0478353234195297,2.090505359877489,2.090505359877489,False
3,garment_group_name,Accessories,4,20,0.2,0.0962566844919786,2.077777777777778,2.077777777777778,False
3,section_name,Divided Collection,4,20,0.2,0.10409493809977291,1.9213230119634062,1.9213230119634062,False
3,product_type_name,Trousers,5,20,0.25,0.1310526701340561,1.9076299608719955,1.9076299608719955,False
3,product_type_name,T-shirt,2,20,0.1,0.05757819939931141,1.7367684478371501,1.7367684478371501,False
3,colour_group_name,Dark Grey,1,20,0.05,0.029375137352574902,1.70211970074813,1.70211970074813,False
3,perceived_colour_master_name,White,4,20,0.2,0.12797597245623032,1.5627933600457928,1.5627933600457928,False
3,product_group_name,Garment Upper body,11,20,0.55,0.38905574683173394,1.4136791564677087,1.4136791564677087,False
3,graphical_appearance_name,Solid,15,20,0.75,0.5812760969892315,1.290264650283554,1.290264650283554,False
3,product_group_name,Garment Lower body,5,20,0.25,0.2052596879349498,1.2179693076374019,1.2179693076374019,False
3,perceived_colour_master_name,Black,6,20,0.3,0.28173760164090544,1.0648205928237129,1.0648205928237129,False
3,product_type_name,Top,1,20,0.05,0.050692256977510806,0.9863439306358381,0.9863439306358381,False
3,graphical_appearance_name,All over pattern,2,20,0.1,0.10709838107098381,0.9337209302325582,0.9337209302325582,False
3,colour_group_name,Black,5,20,0.25,0.28027250750860744,0.8919890224777836,0.8919890224777836,False
3,colour_group_name,Dark Blue,1,20,0.05,0.058970038824994506,0.847888198757764,0.847888198757764,False
3,garment_group_name,Trousers,1,20,0.05,0.0825580543549923,0.6056344276841171,0.6056344276841171,False
3,colour_group_name,White,1,20,0.05,0.0960369203721339,0.5206331045003815,0.5206331045003815,False
3,perceived_colour_master_name,Blue,1,20,0.05,0.11933191707567212,0.41899938612645793,0.41899938612645793,False
4,section_name,Mama,18,20,0.9,0.023294996703538202,38.63490566037736,38.63490566037736,True
4,department_name,Mama Lingerie,1,20,0.05,0.0019046223719874002,26.251923076923077,26.251923076923077,False
4,department_name,Woven bottoms,5,20,0.25,0.009669621273166801,25.854166666666664,25.854166666666664,True
4,product_type_name,Leggings/Tights,4,20,0.2,0.018313676653725002,10.9208,10.9208,True
4,department_name,Jersey,11,20,0.55,0.060801406490367006,9.045843373493977,9.045843373493977,False
4,product_type_name,Underwear Tights,1,20,0.05,0.006739433008570801,7.419021739130435,7.419021739130435,False
4,department_name,Tights basic,1,20,0.05,0.008277781847483701,6.040265486725664,6.040265486725664,False
4,colour_group_name,Dark Orange,1,20,0.05,0.009230093033477401,5.417063492063492,5.417063492063492,False
4,perceived_colour_master_name,Lilac Purple,1,20,0.05,0.014724196029594901,3.395771144278607,3.395771144278607,False
4,graphical_appearance_name,Stripe,2,20,0.1,0.030034429712109,3.3295121951219517,3.3295121951219517,False
4,garment_group_name,Jersey Fancy,11,20,0.55,0.16672771225551242,3.2987917398945523,3.2987917398945523,False
4,colour_group_name,Grey,2,20,0.1,0.031059995604717602,3.2195754716981133,3.2195754716981133,False
4,garment_group_name,Trousers,5,20,0.25,0.0825580543549923,3.0281721384205857,3.0281721384205857,False
4,product_group_name,Garment Lower body,11,20,0.55,0.2052596879349498,2.6795324768022843,2.6795324768022843,False
4,graphical_appearance_name,Denim,4,20,0.2,0.074719800747198,2.676666666666667,2.676666666666667,False
4,colour_group_name,Dark Blue,3,20,0.15,0.058970038824994506,2.543664596273292,2.543664596273292,False
4,department_name,Knitwear,2,20,0.1,0.039557541572046,2.527962962962963,2.527962962962963,False
4,colour_group_name,Pink,1,20,0.05,0.021024100798476303,2.3782229965156794,2.3782229965156794,False
4,product_type_name,Trousers,6,20,0.3,0.1310526701340561,2.2891559530463947,2.2891559530463947,False
4,perceived_colour_master_name,Red,1,20,0.05,0.0232217419969233,2.1531545741324924,2.1531545741324924,False
4,perceived_colour_master_name,Grey,3,20,0.15,0.07113032012306791,2.10880535530381,2.10880535530381,False
4,product_type_name,Top,2,20,0.1,0.050692256977510806,1.9726878612716763,1.9726878612716763,False
4,product_type_name,T-shirt,2,20,0.1,0.05757819939931141,1.7367684478371501,1.7367684478371501,False
4,colour_group_name,Dark Grey,1,20,0.05,0.029375137352574902,1.70211970074813,1.70211970074813,False
4,index_group_name,Ladieswear,20,20,1.0,0.5894806241301004,1.6964085994780662,1.6964085994780662,False
4,colour_group_name,Off White,1,20,0.05,0.030180939125338802,1.6566747572815534,1.6566747572815534,False
4,garment_group_name,Socks and Tights,1,20,0.05,0.030254193831953703,1.6526634382566587,1.6526634382566587,False
4,product_group_name,Socks & Tights,1,20,0.05,0.030766976778258005,1.6251190476190476,1.6251190476190476,False
4,graphical_appearance_name,Melange,2,20,0.1,0.0617537176763607,1.6193357058125744,1.6193357058125744,False
4,product_type_name,Underwear bottom,1,20,0.05,0.031133250311332503,1.606,1.606,False
4,colour_group_name,Black,9,20,0.45,0.28027250750860744,1.6055802404600104,1.6055802404600104,False
4,perceived_colour_master_name,Black,9,20,0.45,0.28173760164090544,1.5972308892355693,1.5972308892355693,False
4,product_type_name,Skirt,1,20,0.05,0.033404146216394405,1.4968201754385966,1.4968201754385966,False
4,garment_group_name,Knitwear,2,20,0.1,0.06695480184601861,1.4935448577680526,1.4935448577680526,False
4,section_name,"Womens Nightwear, Socks & Tigh",1,20,0.05,0.034869240348692404,1.4339285714285714,1.4339285714285714,False
4,product_type_name,Sweater,2,20,0.1,0.0791883378507069,1.2628122109158189,1.2628122109158189,False
4,perceived_colour_master_name,White,3,20,0.15,0.12797597245623032,1.1720950200343445,1.1720950200343445,False
4,colour_group_name,White,2,20,0.1,0.0960369203721339,1.041266209000763,1.041266209000763,False
4,graphical_appearance_name,Solid,12,20,0.6,0.5812760969892315,1.032211720226843,1.032211720226843,False
4,section_name,Womens Lingerie,1,20,0.05,0.05765145410592631,0.8672808132147396,0.8672808132147396,False
4,perceived_colour_master_name,Blue,2,20,0.1,0.11933191707567212,0.8379987722529159,0.8379987722529159,False
4,product_group_name,Garment Upper body,6,20,0.3,0.38905574683173394,0.7710977217096592,0.7710977217096592,False
4,perceived_colour_master_name,Pink,1,20,0.05,0.06702805655263351,0.7459562841530054,0.7459562841530054,False
4,product_group_name,Underwear,1,20,0.05,0.06768734891216761,0.7386904761904761,0.7386904761904761,False
4,garment_group_name,"Under-, Nightwear",1,20,0.05,0.08475569555343931,0.5899308556611927,0.5899308556611927,False
4,product_type_name,Dress,1,20,0.05,0.11750054941029961,0.4255299251870325,0.4255299251870325,False
4,product_group_name,Garment Full body,1,20,0.05,0.1304666324811369,0.3832397529477822,0.3832397529477822,False
5,colour_group_name,Dark Turquoise,2,20,0.1,0.0027104241447513003,36.894594594594594,36.894594594594594,True
5,department_name,Suit,4,20,0.2,0.0057871218225771,34.55949367088608,34.55949367088608,True
5,colour_group_name,Turquoise,1,20,0.05,0.0028569335579811004,17.50128205128205,17.50128205128205,False
5,perceived_colour_master_name,Turquoise,3,20,0.15,0.009230093033477401,16.251190476190473,16.251190476190473,True
5,section_name,Womens Tailoring,20,20,1.0,0.06343857592850341,15.763279445727482,15.763279445727482,False
5,garment_group_name,Dressed,4,20,0.2,0.013112592484067102,15.252513966480448,15.252513966480448,False
5,product_type_name,Blazer,4,20,0.2,0.014211413083290601,14.073195876288661,14.073195876288661,False
5,graphical_appearance_name,Other structure,5,20,0.25,0.022855468463848803,10.938301282051281,10.938301282051281,False
5,product_type_name,Top,11,20,0.55,0.050692256977510806,10.84978323699422,10.84978323699422,False
5,colour_group_name,Dark Green,4,20,0.2,0.018533440773569703,10.791304347826086,10.791304347826086,False
5,department_name,Jersey,11,20,0.55,0.060801406490367006,9.045843373493977,9.045843373493977,False
5,department_name,Skirt,2,20,0.1,0.011647498351769101,8.58553459119497,8.58553459119497,False
5,garment_group_name,Skirts,2,20,0.1,0.0195590066661783,5.112734082397004,5.112734082397004,False
5,perceived_colour_master_name,Khaki green,3,20,0.15,0.035015749761922205,4.283786610878661,4.283786610878661,False
5,colour_group_name,Dark Red,1,20,0.05,0.0128195736576075,3.900285714285715,3.900285714285715,False
5,colour_group_name,Dark Beige,1,20,0.05,0.012966083070837301,3.856214689265537,3.856214689265537,False
5,perceived_colour_master_name,Green,2,20,0.1,0.027910043220276903,3.5829396325459317,3.5829396325459317,False
5,garment_group_name,Jersey Fancy,11,20,0.55,0.16672771225551242,3.2987917398945523,3.2987917398945523,False
5,colour_group_name,Grey,2,20,0.1,0.031059995604717602,3.2195754716981133,3.2195754716981133,False
5,colour_group_name,Light Beige,3,20,0.15,0.0478353234195297,3.135758039816233,3.135758039816233,False
5,product_type_name,Skirt,2,20,0.1,0.033404146216394405,2.993640350877193,2.993640350877193,False
5,perceived_colour_master_name,Beige,4,20,0.2,0.08482895026005421,2.357685664939551,2.357685664939551,False
5,department_name,Trouser,2,20,0.1,0.0446121163284741,2.2415435139573074,2.2415435139573074,False
5,perceived_colour_master_name,Red,1,20,0.05,0.0232217419969233,2.1531545741324924,2.1531545741324924,False
5,product_group_name,Garment Upper body,16,20,0.8,0.38905574683173394,2.056260591225758,2.056260591225758,False
5,colour_group_name,Greenish Khaki,1,20,0.05,0.027910043220276903,1.7914698162729659,1.7914698162729659,False
5,index_group_name,Ladieswear,20,20,1.0,0.5894806241301004,1.6964085994780662,1.6964085994780662,False
5,colour_group_name,Dark Blue,2,20,0.1,0.058970038824994506,1.695776397515528,1.695776397515528,False
5,perceived_colour_master_name,Grey,2,20,0.1,0.07113032012306791,1.4058702368692069,1.4058702368692069,False
5,garment_group_name,Trousers,2,20,0.1,0.0825580543549923,1.2112688553682343,1.2112688553682343,False
5,graphical_appearance_name,Solid,14,20,0.7,0.5812760969892315,1.204247006931317,1.204247006931317,False
5,department_name,Blouse,1,20,0.05,0.043293531609405904,1.154906937394247,1.154906937394247,False
5,product_type_name,Blouse,1,20,0.05,0.045344663394623105,1.1026655896607431,1.1026655896607431,False
5,product_group_name,Garment Lower body,4,20,0.2,0.2052596879349498,0.9743754461099216,0.9743754461099216,False
5,perceived_colour_master_name,Blue,2,20,0.1,0.11933191707567212,0.8379987722529159,0.8379987722529159,False
5,product_type_name,Trousers,2,20,0.1,0.1310526701340561,0.7630519843487983,0.7630519843487983,False
5,garment_group_name,Blouses,1,20,0.05,0.0860742802725075,0.5808936170212766,0.5808936170212766,False
5,colour_group_name,White,1,20,0.05,0.0960369203721339,0.5206331045003815,0.5206331045003815,False
5,graphical_appearance_name,All over pattern,1,20,0.05,0.10709838107098381,0.4668604651162791,0.4668604651162791,False
5,perceived_colour_master_name,White,1,20,0.05,0.12797597245623032,0.3906983400114482,0.3906983400114482,False
5,colour_group_name,Black,2,20,0.1,0.28027250750860744,0.35679560899111346,0.35679560899111346,False
5,perceived_colour_master_name,Black,2,20,0.1,0.28173760164090544,0.3549401976079043,0.3549401976079043,False
6,department_name,Blanks,11,20,0.55,0.0014650941322980001,375.40250000000003,375.40250000000003,True
6,department_name,Promotion/ Other /Offer,1,20,0.05,0.0002930188264596,170.63750000000002,170.63750000000002,False
6,product_type_name,Hat/beanie,2,20,0.1,0.0038092447439748004,26.251923076923077,26.251923076923077,True
6,department_name,Knit & Woven,2,20,0.1,0.0045417918101238,22.017741935483873,22.017741935483873,True
6,section_name,Men Underwear,11,20,0.55,0.0358215515346861,15.353885480572599,15.353885480572599,False
6,section_name,Divided Accessories,4,20,0.2,0.013991648963445902,14.294240837696336,14.294240837696336,False
6,garment_group_name,Special Offers,1,20,0.05,0.0035162259175152005,14.219791666666667,14.219791666666667,False
6,colour_group_name,Dark Beige,3,20,0.15,0.012966083070837301,11.56864406779661,11.56864406779661,False
6,product_type_name,Bag,2,20,0.1,0.009156838326862501,10.9208,10.9208,False
6,colour_group_name,Yellowish Brown,4,20,0.2,0.0187532048934144,10.664843750000001,10.664843750000001,False
6,department_name,Tops Knitwear,3,20,0.15,0.014357922496520402,10.44719387755102,10.44719387755102,False
6,department_name,Bags,2,20,0.1,0.009596366566551901,10.4206106870229,10.4206106870229,False
6,graphical_appearance_name,Jacquard,1,20,0.05,0.005127829463043,9.750714285714286,9.750714285714286,False
6,perceived_colour_master_name,Brown,4,20,0.2,0.026151930261519303,7.647619047619048,7.647619047619048,False
6,product_type_name,Hoodie,3,20,0.15,0.0206578272654018,7.261170212765958,7.261170212765958,False
6,graphical_appearance_name,Placement print,2,20,0.1,0.014650941322980001,6.825500000000001,6.825500000000001,False
6,garment_group_name,Jersey Basic,11,20,0.55,0.09003003442971211,6.1090724165988615,6.1090724165988615,False
6,index_group_name,Menswear,11,20,0.55,0.10438795692623251,5.26880701754386,5.26880701754386,False
6,colour_group_name,Off White,3,20,0.15,0.030180939125338802,4.97002427184466,4.97002427184466,False
6,product_type_name,Cardigan,1,20,0.05,0.014064903670060802,3.554947916666667,3.554947916666667,False
6,department_name,Trousers,1,20,0.05,0.0164823089883525,3.0335555555555556,3.0335555555555556,False
6,perceived_colour_master_name,Beige,5,20,0.25,0.08482895026005421,2.9471070811744386,2.9471070811744386,False
6,product_type_name,Sweater,4,20,0.2,0.0791883378507069,2.5256244218316377,2.5256244218316377,False
6,section_name,Divided Projects,1,20,0.05,0.022049666691084904,2.267607973421927,2.267607973421927,False
6,garment_group_name,Knitwear,3,20,0.15,0.06695480184601861,2.2403172866520786,2.2403172866520786,False
6,index_group_name,Divided,9,20,0.45,0.2062119991209435,2.182220248667851,2.182220248667851,False
6,product_group_name,Accessories,4,20,0.2,0.092300930334774,2.166825396825397,2.166825396825397,False
6,colour_group_name,Light Beige,2,20,0.1,0.0478353234195297,2.090505359877489,2.090505359877489,False
6,garment_group_name,Accessories,4,20,0.2,0.0962566844919786,2.077777777777778,2.077777777777778,False
6,section_name,Divided Collection,4,20,0.2,0.10409493809977291,1.9213230119634062,1.9213230119634062,False
6,product_type_name,Trousers,5,20,0.25,0.1310526701340561,1.9076299608719955,1.9076299608719955,False
6,product_type_name,T-shirt,2,20,0.1,0.05757819939931141,1.7367684478371501,1.7367684478371501,False
6,colour_group_name,Dark Grey,1,20,0.05,0.029375137352574902,1.70211970074813,1.70211970074813,False
6,perceived_colour_master_name,White,4,20,0.2,0.12797597245623032,1.5627933600457928,1.5627933600457928,False
6,product_group_name,Garment Upper body,11,20,0.55,0.38905574683173394,1.4136791564677087,1.4136791564677087,False
6,graphical_appearance_name,Solid,15,20,0.75,0.5812760969892315,1.290264650283554,1.290264650283554,False
6,product_group_name,Garment Lower body,5,20,0.25,0.2052596879349498,1.2179693076374019,1.2179693076374019,False
6,perceived_colour_master_name,Black,6,20,0.3,0.28173760164090544,1.0648205928237129,1.0648205928237129,False
6,product_type_name,Top,1,20,0.05,0.050692256977510806,0.9863439306358381,0.9863439306358381,False
6,graphical_appearance_name,All over pattern,2,20,0.1,0.10709838107098381,0.9337209302325582,0.9337209302325582,False
6,colour_group_name,Black,5,20,0.25,0.28027250750860744,0.8919890224777836,0.8919890224777836,False
6,colour_group_name,Dark Blue,1,20,0.05,0.058970038824994506,0.847888198757764,0.847888198757764,False
6,garment_group_name,Trousers,1,20,0.05,0.0825580543549923,0.6056344276841171,0.6056344276841171,False
6,colour_group_name,White,1,20,0.05,0.0960369203721339,0.5206331045003815,0.5206331045003815,False
6,perceived_colour_master_name,Blue,1,20,0.05,0.11933191707567212,0.41899938612645793,0.41899938612645793,False
7,department_name,Projects Woven Bottoms,1,20,0.05,0.0024906600249066002,20.075000000000003,20.075000000000003,False
7,product_type_name,Pyjama bottom,1,20,0.05,0.0025639147315215,19.501428571428573,19.501428571428573,False
7,department_name,Trousers & Skirt,1,20,0.05,0.0028569335579811004,17.50128205128205,17.50128205128205,False
7,graphical_appearance_name,Contrast,1,20,0.05,0.0034429712109003002,14.522340425531917,14.522340425531917,False
7,department_name,Suit jacket,1,20,0.05,0.0053475935828877,9.350000000000001,9.350000000000001,False
7,department_name,Skirt,2,20,0.1,0.011647498351769101,8.58553459119497,8.58553459119497,True
7,product_type_name,Unknown,1,20,0.05,0.006080140649036701,8.223493975903615,8.223493975903615,False
7,product_group_name,Unknown,1,20,0.05,0.006080140649036701,8.223493975903615,8.223493975903615,False
7,department_name,Boots,1,20,0.05,0.0066661783019559,7.500549450549451,7.500549450549451,False
7,graphical_appearance_name,Other structure,3,20,0.15,0.022855468463848803,6.5629807692307685,6.5629807692307685,True
7,product_type_name,Skirt,4,20,0.2,0.033404146216394405,5.987280701754386,5.987280701754386,True
7,colour_group_name,Light Purple,1,20,0.05,0.008717310087173101,5.735714285714286,5.735714285714286,False
7,section_name,Womens Tailoring,7,20,0.35,0.06343857592850341,5.517147806004618,5.517147806004618,False
7,product_type_name,Boots,1,20,0.05,0.009303347740092302,5.374409448818898,5.374409448818898,False
7,department_name,Loungewear,1,20,0.05,0.009596366566551901,5.21030534351145,5.21030534351145,False
7,product_group_name,Nightwear,1,20,0.05,0.009669621273166801,5.170833333333333,5.170833333333333,False
7,garment_group_name,Skirts,2,20,0.1,0.0195590066661783,5.112734082397004,5.112734082397004,False
7,colour_group_name,Off White,3,20,0.15,0.030180939125338802,4.97002427184466,4.97002427184466,False
7,department_name,Blouse,4,20,0.2,0.043293531609405904,4.619627749576988,4.619627749576988,False
7,department_name,Dress,3,20,0.15,0.035894806241301,4.178877551020408,4.178877551020408,False
7,graphical_appearance_name,Lace,1,20,0.05,0.012673064244377702,3.9453757225433526,3.9453757225433526,False
7,garment_group_name,Dressed,1,20,0.05,0.013112592484067102,3.813128491620112,3.813128491620112,False
7,department_name,Knitwear,3,20,0.15,0.039557541572046,3.7919444444444443,3.7919444444444443,False
7,department_name,Blouse & Dress,1,20,0.05,0.013478866017141601,3.7095108695652175,3.7095108695652175,False
7,product_type_name,Cardigan,1,20,0.05,0.014064903670060802,3.554947916666667,3.554947916666667,False
7,product_type_name,Blazer,1,20,0.05,0.014211413083290601,3.5182989690721653,3.5182989690721653,False
7,colour_group_name,Light Orange,1,20,0.05,0.014724196029594901,3.395771144278607,3.395771144278607,False
7,perceived_colour_master_name,Lilac Purple,1,20,0.05,0.014724196029594901,3.395771144278607,3.395771144278607,False
7,product_type_name,Blouse,3,20,0.15,0.045344663394623105,3.307996768982229,3.307996768982229,False
7,section_name,Womens Everyday Collection,8,20,0.4,0.12218885063365321,3.273621103117506,3.273621103117506,False
7,section_name,Womens Trend,2,20,0.1,0.030986740898102702,3.227186761229315,3.227186761229315,False
7,garment_group_name,Blouses,5,20,0.25,0.0860742802725075,2.904468085106383,2.904468085106383,False
7,colour_group_name,Yellowish Brown,1,20,0.05,0.0187532048934144,2.6662109375000003,2.6662109375000003,False
7,perceived_colour_master_name,White,6,20,0.3,0.12797597245623032,2.344190040068689,2.344190040068689,False
7,section_name,Divided Projects,1,20,0.05,0.022049666691084904,2.267607973421927,2.267607973421927,False
7,garment_group_name,Dresses Ladies,3,20,0.15,0.06651527360632921,2.2551211453744493,2.2551211453744493,False
7,garment_group_name,Knitwear,3,20,0.15,0.06695480184601861,2.2403172866520786,2.2403172866520786,False
7,colour_group_name,Beige,2,20,0.1,0.04585744634092741,2.1806709265175717,2.1806709265175717,False
7,graphical_appearance_name,Check,1,20,0.05,0.023001977877078604,2.1737261146496816,2.1737261146496816,False
7,section_name,Womens Shoes,1,20,0.05,0.023734524943227604,2.106635802469136,2.106635802469136,False
7,colour_group_name,Light Beige,2,20,0.1,0.0478353234195297,2.090505359877489,2.090505359877489,False
7,department_name,Jersey fancy,1,20,0.05,0.0247600908358362,2.0193786982248523,2.0193786982248523,False
7,perceived_colour_master_name,Brown,1,20,0.05,0.026151930261519303,1.911904761904762,1.911904761904762,False
7,garment_group_name,Shoes,1,20,0.05,0.026811222621053402,1.8648907103825139,1.8648907103825139,False
7,product_group_name,Shoes,1,20,0.05,0.026957732034283203,1.8547554347826087,1.8547554347826087,False
7,perceived_colour_master_name,Orange,1,20,0.05,0.0273972602739726,1.8250000000000002,1.8250000000000002,False
7,garment_group_name,Trousers,3,20,0.15,0.0825580543549923,1.8169032830523513,1.8169032830523513,False
7,colour_group_name,Greenish Khaki,1,20,0.05,0.027910043220276903,1.7914698162729659,1.7914698162729659,False
7,perceived_colour_master_name,Beige,3,20,0.15,0.08482895026005421,1.768264248704663,1.768264248704663,False
7,product_type_name,Dress,4,20,0.2,0.11750054941029961,1.70211970074813,1.70211970074813,False
7,index_group_name,Ladieswear,19,20,0.95,0.5894806241301004,1.611588169504163,1.611588169504163,False
7,product_group_name,Garment Full body,4,20,0.2,0.1304666324811369,1.5329590117911287,1.5329590117911287,False
7,product_group_name,Garment Lower body,6,20,0.3,0.2052596879349498,1.4615631691648823,1.4615631691648823,False
7,section_name,"Womens Nightwear, Socks & Tigh",1,20,0.05,0.034869240348692404,1.4339285714285714,1.4339285714285714,False
7,perceived_colour_master_name,Khaki green,1,20,0.05,0.035015749761922205,1.427928870292887,1.427928870292887,False
7,graphical_appearance_name,All over pattern,3,20,0.15,0.10709838107098381,1.400581395348837,1.400581395348837,False
7,colour_group_name,Light Pink,1,20,0.05,0.036773862720679805,1.3596613545816734,1.3596613545816734,False
7,department_name,Trouser,1,20,0.05,0.0446121163284741,1.1207717569786537,1.1207717569786537,False
7,colour_group_name,Black,6,20,0.3,0.28027250750860744,1.0703868269733403,1.0703868269733403,False
7,perceived_colour_master_name,Black,6,20,0.3,0.28173760164090544,1.0648205928237129,1.0648205928237129,False
7,colour_group_name,White,2,20,0.1,0.0960369203721339,1.041266209000763,1.041266209000763,False
7,product_type_name,Top,1,20,0.05,0.050692256977510806,0.9863439306358381,0.9863439306358381,False
7,graphical_appearance_name,Solid,11,20,0.55,0.5812760969892315,0.9461940768746062,0.9461940768746062,False
7,product_group_name,Garment Upper body,7,20,0.35,0.38905574683173394,0.8996140086612691,0.8996140086612691,False
7,product_type_name,Trousers,2,20,0.1,0.1310526701340561,0.7630519843487983,0.7630519843487983,False
7,perceived_colour_master_name,Pink,1,20,0.05,0.06702805655263351,0.7459562841530054,0.7459562841530054,False
7,product_type_name,Sweater,1,20,0.05,0.0791883378507069,0.6314061054579094,0.6314061054579094,False
7,garment_group_name,"Under-, Nightwear",1,20,0.05,0.08475569555343931,0.5899308556611927,0.5899308556611927,False
7,garment_group_name,Jersey Fancy,1,20,0.05,0.16672771225551242,0.299890158172232,0.299890158172232,False
7,index_group_name,Divided,1,20,0.05,0.2062119991209435,0.2424689165186501,0.2424689165186501,False
8,department_name,Trousers & Skirt,1,20,0.05,0.0028569335579811004,17.50128205128205,17.50128205128205,False
8,graphical_appearance_name,Contrast,1,20,0.05,0.0034429712109003002,14.522340425531917,14.522340425531917,False
8,department_name,Suit jacket,1,20,0.05,0.0053475935828877,9.350000000000001,9.350000000000001,False
8,department_name,Skirt,2,20,0.1,0.011647498351769101,8.58553459119497,8.58553459119497,True
8,product_type_name,Unknown,1,20,0.05,0.006080140649036701,8.223493975903615,8.223493975903615,False
8,product_group_name,Unknown,1,20,0.05,0.006080140649036701,8.223493975903615,8.223493975903615,False
8,department_name,Boots,1,20,0.05,0.0066661783019559,7.500549450549451,7.500549450549451,False
8,graphical_appearance_name,Other structure,3,20,0.15,0.022855468463848803,6.5629807692307685,6.5629807692307685,True
8,colour_group_name,Light Purple,1,20,0.05,0.008717310087173101,5.735714285714286,5.735714285714286,False
8,department_name,Dress,4,20,0.2,0.035894806241301,5.571836734693878,5.571836734693878,True
8,section_name,Womens Tailoring,7,20,0.35,0.06343857592850341,5.517147806004618,5.517147806004618,False
8,product_type_name,Boots,1,20,0.05,0.009303347740092302,5.374409448818898,5.374409448818898,False
8,garment_group_name,Skirts,2,20,0.1,0.0195590066661783,5.112734082397004,5.112734082397004,False
8,department_name,Blouse,4,20,0.2,0.043293531609405904,4.619627749576988,4.619627749576988,False
8,product_type_name,Skirt,3,20,0.15,0.033404146216394405,4.490460526315789,4.490460526315789,False
8,colour_group_name,Beige,4,20,0.2,0.04585744634092741,4.361341853035143,4.361341853035143,False
8,garment_group_name,Dressed,1,20,0.05,0.013112592484067102,3.813128491620112,3.813128491620112,False
8,department_name,Knitwear,3,20,0.15,0.039557541572046,3.7919444444444443,3.7919444444444443,False
8,garment_group_name,Dresses Ladies,5,20,0.25,0.06651527360632921,3.758535242290749,3.758535242290749,False
8,department_name,Blouse & Dress,1,20,0.05,0.013478866017141601,3.7095108695652175,3.7095108695652175,False
8,section_name,Womens Everyday Collection,9,20,0.45,0.12218885063365321,3.6828237410071942,3.6828237410071942,False
8,product_type_name,Cardigan,1,20,0.05,0.014064903670060802,3.554947916666667,3.554947916666667,False
8,product_type_name,Blazer,1,20,0.05,0.014211413083290601,3.5182989690721653,3.5182989690721653,False
8,perceived_colour_master_name,Lilac Purple,1,20,0.05,0.014724196029594901,3.395771144278607,3.395771144278607,False
8,colour_group_name,Off White,2,20,0.1,0.030180939125338802,3.313349514563107,3.313349514563107,False
8,product_type_name,Blouse,3,20,0.15,0.045344663394623105,3.307996768982229,3.307996768982229,False
8,section_name,Womens Trend,2,20,0.1,0.030986740898102702,3.227186761229315,3.227186761229315,False
8,garment_group_name,Blouses,5,20,0.25,0.0860742802725075,2.904468085106383,2.904468085106383,False
8,colour_group_name,Yellowish Brown,1,20,0.05,0.0187532048934144,2.6662109375000003,2.6662109375000003,False
8,product_type_name,Dress,6,20,0.3,0.11750054941029961,2.5531795511221946,2.5531795511221946,False
8,department_name,Dresses,1,20,0.05,0.021024100798476303,2.3782229965156794,2.3782229965156794,False
8,perceived_colour_master_name,Mole,1,20,0.05,0.021097355505091203,2.3699652777777778,2.3699652777777778,False
8,perceived_colour_master_name,Beige,4,20,0.2,0.08482895026005421,2.357685664939551,2.357685664939551,False
8,product_group_name,Garment Full body,6,20,0.3,0.1304666324811369,2.299438517686693,2.299438517686693,False
8,department_name,Trouser,2,20,0.1,0.0446121163284741,2.2415435139573074,2.2415435139573074,False
8,garment_group_name,Knitwear,3,20,0.15,0.06695480184601861,2.2403172866520786,2.2403172866520786,False
8,section_name,Womens Shoes,1,20,0.05,0.023734524943227604,2.106635802469136,2.106635802469136,False
8,colour_group_name,Light Beige,2,20,0.1,0.0478353234195297,2.090505359877489,2.090505359877489,False
8,perceived_colour_master_name,White,5,20,0.25,0.12797597245623032,1.9534917000572407,1.9534917000572407,False
8,perceived_colour_master_name,Brown,1,20,0.05,0.026151930261519303,1.911904761904762,1.911904761904762,False
8,graphical_appearance_name,All over pattern,4,20,0.2,0.10709838107098381,1.8674418604651164,1.8674418604651164,False
8,garment_group_name,Shoes,1,20,0.05,0.026811222621053402,1.8648907103825139,1.8648907103825139,False
8,product_group_name,Shoes,1,20,0.05,0.026957732034283203,1.8547554347826087,1.8547554347826087,False
8,garment_group_name,Trousers,3,20,0.15,0.0825580543549923,1.8169032830523513,1.8169032830523513,False
8,colour_group_name,Greenish Khaki,1,20,0.05,0.027910043220276903,1.7914698162729659,1.7914698162729659,False
8,index_group_name,Ladieswear,19,20,0.95,0.5894806241301004,1.611588169504163,1.611588169504163,False
8,product_group_name,Garment Lower body,6,20,0.3,0.2052596879349498,1.4615631691648823,1.4615631691648823,False
8,perceived_colour_master_name,Khaki green,1,20,0.05,0.035015749761922205,1.427928870292887,1.427928870292887,False
8,colour_group_name,Light Pink,1,20,0.05,0.036773862720679805,1.3596613545816734,1.3596613545816734,False
8,product_type_name,Trousers,3,20,0.15,0.1310526701340561,1.1445779765231974,1.1445779765231974,False
8,colour_group_name,Black,6,20,0.3,0.28027250750860744,1.0703868269733403,1.0703868269733403,False
8,perceived_colour_master_name,Black,6,20,0.3,0.28173760164090544,1.0648205928237129,1.0648205928237129,False
8,colour_group_name,White,2,20,0.1,0.0960369203721339,1.041266209000763,1.041266209000763,False
8,graphical_appearance_name,Solid,12,20,0.6,0.5812760969892315,1.032211720226843,1.032211720226843,False
8,product_group_name,Garment Upper body,6,20,0.3,0.38905574683173394,0.7710977217096592,0.7710977217096592,False
8,perceived_colour_master_name,Pink,1,20,0.05,0.06702805655263351,0.7459562841530054,0.7459562841530054,False
8,product_type_name,Sweater,1,20,0.05,0.0791883378507069,0.6314061054579094,0.6314061054579094,False
8,section_name,Divided Collection,1,20,0.05,0.10409493809977291,0.48033075299085154,0.48033075299085154,False
8,index_group_name,Divided,1,20,0.05,0.2062119991209435,0.2424689165186501,0.2424689165186501,False
9,department_name,Woven top,5,20,0.25,0.007032451835030401,35.549479166666664,35.549479166666664,True
9,section_name,H&M+,18,20,0.9,0.026811222621053402,33.56803278688525,33.56803278688525,True
9,colour_group_name,Greyish Beige,1,20,0.05,0.0040290088638195,12.410000000000002,12.410000000000002,False
9,department_name,Woven bottoms,2,20,0.1,0.009669621273166801,10.341666666666667,10.341666666666667,True
9,department_name,OL Extended Sizes,1,20,0.05,0.005054574756428101,9.892028985507247,9.892028985507247,False
9,department_name,Divided+,1,20,0.05,0.007398725368104901,6.757920792079208,6.757920792079208,False
9,department_name,Knitwear,5,20,0.25,0.039557541572046,6.319907407407408,6.319907407407408,False
9,colour_group_name,Dark Orange,1,20,0.05,0.009230093033477401,5.417063492063492,5.417063492063492,False
9,department_name,Jersey,6,20,0.3,0.060801406490367006,4.934096385542168,4.934096385542168,False
9,colour_group_name,Yellow,1,20,0.05,0.011354479525309501,4.403548387096774,4.403548387096774,False
9,graphical_appearance_name,Check,2,20,0.1,0.023001977877078604,4.347452229299363,4.347452229299363,False
9,perceived_colour_master_name,Khaki green,3,20,0.15,0.035015749761922205,4.283786610878661,4.283786610878661,False
9,garment_group_name,Knitwear,5,20,0.25,0.06695480184601861,3.733862144420131,3.733862144420131,False
9,colour_group_name,Greenish Khaki,2,20,0.1,0.027910043220276903,3.5829396325459317,3.5829396325459317,False
9,product_type_name,Cardigan,1,20,0.05,0.014064903670060802,3.554947916666667,3.554947916666667,False
9,product_type_name,Sweater,5,20,0.25,0.0791883378507069,3.157030527289547,3.157030527289547,False
9,product_type_name,Top,3,20,0.15,0.050692256977510806,2.959031791907514,2.959031791907514,False
9,garment_group_name,Unknown,1,20,0.05,0.016921837228041903,2.9547619047619045,2.9547619047619045,False
9,garment_group_name,Blouses,5,20,0.25,0.0860742802725075,2.904468085106383,2.904468085106383,False
9,product_type_name,Leggings/Tights,1,20,0.05,0.018313676653725002,2.7302,2.7302,False
9,colour_group_name,Dark Green,1,20,0.05,0.018533440773569703,2.6978260869565216,2.6978260869565216,False
9,product_type_name,Hoodie,1,20,0.05,0.0206578272654018,2.420390070921986,2.420390070921986,False
9,perceived_colour_master_name,Mole,1,20,0.05,0.021097355505091203,2.3699652777777778,2.3699652777777778,False
9,section_name,Divided Projects,1,20,0.05,0.022049666691084904,2.267607973421927,2.267607973421927,False
9,perceived_colour_master_name,Yellow,1,20,0.05,0.022635704344004103,2.2088996763754047,2.2088996763754047,False
9,colour_group_name,Black,11,20,0.55,0.28027250750860744,1.962375849451124,1.962375849451124,False
9,perceived_colour_master_name,Black,11,20,0.55,0.28173760164090544,1.9521710868434738,1.9521710868434738,False
9,perceived_colour_master_name,Brown,1,20,0.05,0.026151930261519303,1.911904761904762,1.911904761904762,False
9,garment_group_name,Jersey Fancy,6,20,0.3,0.16672771225551242,1.7993409490333918,1.7993409490333918,False
9,perceived_colour_master_name,Green,1,20,0.05,0.027910043220276903,1.7914698162729659,1.7914698162729659,False
9,product_type_name,Dress,4,20,0.2,0.11750054941029961,1.70211970074813,1.70211970074813,False
9,colour_group_name,Dark Grey,1,20,0.05,0.029375137352574902,1.70211970074813,1.70211970074813,False
9,product_group_name,Garment Upper body,13,20,0.65,0.38905574683173394,1.6707117303709282,1.6707117303709282,False
9,graphical_appearance_name,Stripe,1,20,0.05,0.030034429712109,1.6647560975609759,1.6647560975609759,False
9,colour_group_name,Off White,1,20,0.05,0.030180939125338802,1.6566747572815534,1.6566747572815534,False
9,product_type_name,Shirt,1,20,0.05,0.031646033257636805,1.5799768518518518,1.5799768518518518,False
9,section_name,Divided Basics,1,20,0.05,0.03208556149732621,1.5583333333333333,1.5583333333333333,False
9,product_group_name,Garment Full body,4,20,0.2,0.1304666324811369,1.5329590117911287,1.5329590117911287,False
9,index_group_name,Ladieswear,18,20,0.9,0.5894806241301004,1.5267677395302597,1.5267677395302597,False
9,graphical_appearance_name,Solid,16,20,0.8,0.5812760969892315,1.3762822936357908,1.3762822936357908,False
9,garment_group_name,Trousers,2,20,0.1,0.0825580543549923,1.2112688553682343,1.2112688553682343,False
9,product_type_name,Blouse,1,20,0.05,0.045344663394623105,1.1026655896607431,1.1026655896607431,False
9,colour_group_name,Beige,1,20,0.05,0.04585744634092741,1.0903354632587858,1.0903354632587858,False
9,product_type_name,T-shirt,1,20,0.05,0.05757819939931141,0.8683842239185751,0.8683842239185751,False
9,product_type_name,Trousers,2,20,0.1,0.1310526701340561,0.7630519843487983,0.7630519843487983,False
9,product_group_name,Garment Lower body,3,20,0.15,0.2052596879349498,0.7307815845824411,0.7307815845824411,False
9,perceived_colour_master_name,Grey,1,20,0.05,0.07113032012306791,0.7029351184346034,0.7029351184346034,False
9,garment_group_name,Jersey Basic,1,20,0.05,0.09003003442971211,0.5553702196908056,0.5553702196908056,False
9,index_group_name,Divided,2,20,0.1,0.2062119991209435,0.4849378330373002,0.4849378330373002,False
9,graphical_appearance_name,All over pattern,1,20,0.05,0.10709838107098381,0.4668604651162791,0.4668604651162791,False
9,perceived_colour_master_name,White,1,20,0.05,0.12797597245623032,0.3906983400114482,0.3906983400114482,False
10,department_name,Woven top,5,20,0.25,0.007032451835030401,35.549479166666664,35.549479166666664,True
10,section_name,H&M+,18,20,0.9,0.026811222621053402,33.56803278688525,33.56803278688525,True
10,colour_group_name,Greyish Beige,1,20,0.05,0.0040290088638195,12.410000000000002,12.410000000000002,False
10,department_name,Woven bottoms,2,20,0.1,0.009669621273166801,10.341666666666667,10.341666666666667,True
10,department_name,OL Extended Sizes,1,20,0.05,0.005054574756428101,9.892028985507247,9.892028985507247,False
10,department_name,Divided+,1,20,0.05,0.007398725368104901,6.757920792079208,6.757920792079208,False
10,department_name,Knitwear,5,20,0.25,0.039557541572046,6.319907407407408,6.319907407407408,False
10,colour_group_name,Dark Orange,1,20,0.05,0.009230093033477401,5.417063492063492,5.417063492063492,False
10,department_name,Jersey,6,20,0.3,0.060801406490367006,4.934096385542168,4.934096385542168,False
10,colour_group_name,Yellow,1,20,0.05,0.011354479525309501,4.403548387096774,4.403548387096774,False
10,graphical_appearance_name,Check,2,20,0.1,0.023001977877078604,4.347452229299363,4.347452229299363,False
10,perceived_colour_master_name,Khaki green,3,20,0.15,0.035015749761922205,4.283786610878661,4.283786610878661,False
10,garment_group_name,Knitwear,5,20,0.25,0.06695480184601861,3.733862144420131,3.733862144420131,False
10,colour_group_name,Greenish Khaki,2,20,0.1,0.027910043220276903,3.5829396325459317,3.5829396325459317,False
10,product_type_name,Cardigan,1,20,0.05,0.014064903670060802,3.554947916666667,3.554947916666667,False
10,product_type_name,Sweater,5,20,0.25,0.0791883378507069,3.157030527289547,3.157030527289547,False
10,product_type_name,Top,3,20,0.15,0.050692256977510806,2.959031791907514,2.959031791907514,False
10,garment_group_name,Unknown,1,20,0.05,0.016921837228041903,2.9547619047619045,2.9547619047619045,False
10,garment_group_name,Blouses,5,20,0.25,0.0860742802725075,2.904468085106383,2.904468085106383,False
10,product_type_name,Leggings/Tights,1,20,0.05,0.018313676653725002,2.7302,2.7302,False
10,colour_group_name,Dark Green,1,20,0.05,0.018533440773569703,2.6978260869565216,2.6978260869565216,False
10,product_type_name,Hoodie,1,20,0.05,0.0206578272654018,2.420390070921986,2.420390070921986,False
10,perceived_colour_master_name,Mole,1,20,0.05,0.021097355505091203,2.3699652777777778,2.3699652777777778,False
10,section_name,Divided Projects,1,20,0.05,0.022049666691084904,2.267607973421927,2.267607973421927,False
10,perceived_colour_master_name,Yellow,1,20,0.05,0.022635704344004103,2.2088996763754047,2.2088996763754047,False
10,colour_group_name,Black,11,20,0.55,0.28027250750860744,1.962375849451124,1.962375849451124,False
10,perceived_colour_master_name,Black,11,20,0.55,0.28173760164090544,1.9521710868434738,1.9521710868434738,False
10,perceived_colour_master_name,Brown,1,20,0.05,0.026151930261519303,1.911904761904762,1.911904761904762,False
10,garment_group_name,Jersey Fancy,6,20,0.3,0.16672771225551242,1.7993409490333918,1.7993409490333918,False
10,perceived_colour_master_name,Green,1,20,0.05,0.027910043220276903,1.7914698162729659,1.7914698162729659,False
10,product_type_name,Dress,4,20,0.2,0.11750054941029961,1.70211970074813,1.70211970074813,False
10,colour_group_name,Dark Grey,1,20,0.05,0.029375137352574902,1.70211970074813,1.70211970074813,False
10,product_group_name,Garment Upper body,13,20,0.65,0.38905574683173394,1.6707117303709282,1.6707117303709282,False
10,graphical_appearance_name,Stripe,1,20,0.05,0.030034429712109,1.6647560975609759,1.6647560975609759,False
10,colour_group_name,Off White,1,20,0.05,0.030180939125338802,1.6566747572815534,1.6566747572815534,False
10,product_type_name,Shirt,1,20,0.05,0.031646033257636805,1.5799768518518518,1.5799768518518518,False
10,section_name,Divided Basics,1,20,0.05,0.03208556149732621,1.5583333333333333,1.5583333333333333,False
10,product_group_name,Garment Full body,4,20,0.2,0.1304666324811369,1.5329590117911287,1.5329590117911287,False
10,index_group_name,Ladieswear,18,20,0.9,0.5894806241301004,1.5267677395302597,1.5267677395302597,False
10,graphical_appearance_name,Solid,16,20,0.8,0.5812760969892315,1.3762822936357908,1.3762822936357908,False
10,garment_group_name,Trousers,2,20,0.1,0.0825580543549923,1.2112688553682343,1.2112688553682343,False
10,product_type_name,Blouse,1,20,0.05,0.045344663394623105,1.1026655896607431,1.1026655896607431,False
10,colour_group_name,Beige,1,20,0.05,0.04585744634092741,1.0903354632587858,1.0903354632587858,False
10,product_type_name,T-shirt,1,20,0.05,0.05757819939931141,0.8683842239185751,0.8683842239185751,False
10,product_type_name,Trousers,2,20,0.1,0.1310526701340561,0.7630519843487983,0.7630519843487983,False
10,product_group_name,Garment Lower body,3,20,0.15,0.2052596879349498,0.7307815845824411,0.7307815845824411,False
10,perceived_colour_master_name,Grey,1,20,0.05,0.07113032012306791,0.7029351184346034,0.7029351184346034,False
10,garment_group_name,Jersey Basic,1,20,0.05,0.09003003442971211,0.5553702196908056,0.5553702196908056,False
10,index_group_name,Divided,2,20,0.1,0.2062119991209435,0.4849378330373002,0.4849378330373002,False
10,graphical_appearance_name,All over pattern,1,20,0.05,0.10709838107098381,0.4668604651162791,0.4668604651162791,False
10,perceived_colour_master_name,White,1,20,0.05,0.12797597245623032,0.3906983400114482,0.3906983400114482,False
11,department_name,Heavy Basic Jersey,11,20,0.55,0.006080140649036701,90.45843373493976,90.45843373493976,True
11,section_name,Men Underwear,14,20,0.7,0.0358215515346861,19.541308793456032,19.541308793456032,True
11,department_name,Denim trousers,2,20,0.1,0.007984763021024101,12.523853211009174,12.523853211009174,True
11,section_name,Denim Men,2,20,0.1,0.0085708006739433,11.667521367521369,11.667521367521369,False
11,department_name,Light Basic Jersey,3,20,0.15,0.013771884843601201,10.891755319148936,10.891755319148936,False
11,colour_group_name,Dark Green,4,20,0.2,0.018533440773569703,10.791304347826086,10.791304347826086,False
11,colour_group_name,Light Turquoise,1,20,0.05,0.0049080653431983,10.187313432835822,10.187313432835822,False
11,index_group_name,Menswear,18,20,0.9,0.10438795692623251,8.621684210526317,8.621684210526317,False
11,garment_group_name,Jersey Basic,15,20,0.75,0.09003003442971211,8.330553295362083,8.330553295362083,False
11,product_type_name,Hoodie,3,20,0.15,0.0206578272654018,7.261170212765958,7.261170212765958,False
11,product_type_name,Sweater,11,20,0.55,0.0791883378507069,6.945467160037004,6.945467160037004,False
11,section_name,Contemporary Smart,2,20,0.1,0.0180206578272654,5.549186991869919,5.549186991869919,False
11,perceived_colour_master_name,Green,3,20,0.15,0.027910043220276903,5.374409448818898,5.374409448818898,False
11,colour_group_name,Yellowish Brown,2,20,0.1,0.0187532048934144,5.3324218750000005,5.3324218750000005,False
11,perceived_colour_master_name,Brown,2,20,0.1,0.026151930261519303,3.823809523809524,3.823809523809524,False
11,colour_group_name,Dark Grey,2,20,0.1,0.029375137352574902,3.40423940149626,3.40423940149626,False
11,graphical_appearance_name,Melange,4,20,0.2,0.0617537176763607,3.2386714116251487,3.2386714116251487,False
11,colour_group_name,Grey,2,20,0.1,0.031059995604717602,3.2195754716981133,3.2195754716981133,False
11,perceived_colour_master_name,Grey,4,20,0.2,0.07113032012306791,2.8117404737384137,2.8117404737384137,False
11,product_type_name,T-shirt,3,20,0.15,0.05757819939931141,2.605152671755725,2.605152671755725,False
11,department_name,Knitwear,2,20,0.1,0.039557541572046,2.527962962962963,2.527962962962963,False
11,garment_group_name,Trousers Denim,2,20,0.1,0.0430737674895612,2.3215986394557824,2.3215986394557824,False
11,product_group_name,Garment Upper body,18,20,0.9,0.38905574683173394,2.313293165128978,2.313293165128978,False
11,graphical_appearance_name,Check,1,20,0.05,0.023001977877078604,2.1737261146496816,2.1737261146496816,False
11,department_name,Jersey Basic,1,20,0.05,0.026737967914438502,1.87,1.87,False
11,section_name,Womens Everyday Basics,1,20,0.05,0.027177496154127904,1.8397574123989218,1.8397574123989218,False
11,product_type_name,Shirt,1,20,0.05,0.031646033257636805,1.5799768518518518,1.5799768518518518,False
11,colour_group_name,Blue,1,20,0.05,0.033330891509779505,1.5001098901098902,1.5001098901098902,False
11,garment_group_name,Knitwear,2,20,0.1,0.06695480184601861,1.4935448577680526,1.4935448577680526,False
11,perceived_colour_master_name,Khaki green,1,20,0.05,0.035015749761922205,1.427928870292887,1.427928870292887,False
11,graphical_appearance_name,Denim,2,20,0.1,0.074719800747198,1.3383333333333336,1.3383333333333336,False
11,section_name,Womens Casual,1,20,0.05,0.039557541572046,1.2639814814814816,1.2639814814814816,False
11,perceived_colour_master_name,Blue,3,20,0.15,0.11933191707567212,1.2569981583793737,1.2569981583793737,False
11,department_name,Blouse,1,20,0.05,0.043293531609405904,1.154906937394247,1.154906937394247,False
11,graphical_appearance_name,Solid,13,20,0.65,0.5812760969892315,1.11822936357908,1.11822936357908,False
11,colour_group_name,Light Beige,1,20,0.05,0.0478353234195297,1.0452526799387445,1.0452526799387445,False
11,colour_group_name,White,2,20,0.1,0.0960369203721339,1.041266209000763,1.041266209000763,False
11,colour_group_name,Dark Blue,1,20,0.05,0.058970038824994506,0.847888198757764,0.847888198757764,False
11,perceived_colour_master_name,White,2,20,0.1,0.12797597245623032,0.7813966800228964,0.7813966800228964,False
11,product_type_name,Trousers,2,20,0.1,0.1310526701340561,0.7630519843487983,0.7630519843487983,False
11,colour_group_name,Black,4,20,0.2,0.28027250750860744,0.7135912179822269,0.7135912179822269,False
11,perceived_colour_master_name,Black,4,20,0.2,0.28173760164090544,0.7098803952158086,0.7098803952158086,False
11,perceived_colour_master_name,Beige,1,20,0.05,0.08482895026005421,0.5894214162348878,0.5894214162348878,False
11,garment_group_name,Blouses,1,20,0.05,0.0860742802725075,0.5808936170212766,0.5808936170212766,False
11,product_group_name,Garment Lower body,2,20,0.1,0.2052596879349498,0.4871877230549608,0.4871877230549608,False
11,index_group_name,Ladieswear,2,20,0.1,0.5894806241301004,0.16964085994780664,0.16964085994780664,False
12,product_type_name,Pyjama bottom,1,20,0.05,0.0025639147315215,19.501428571428573,19.501428571428573,False
12,department_name,Trousers & Skirt,1,20,0.05,0.0028569335579811004,17.50128205128205,17.50128205128205,False
12,graphical_appearance_name,Contrast,1,20,0.05,0.0034429712109003002,14.522340425531917,14.522340425531917,False
12,department_name,Suit jacket,1,20,0.05,0.0053475935828877,9.350000000000001,9.350000000000001,False
12,department_name,Skirt,2,20,0.1,0.011647498351769101,8.58553459119497,8.58553459119497,True
12,department_name,Boots,1,20,0.05,0.0066661783019559,7.500549450549451,7.500549450549451,False
12,graphical_appearance_name,Other structure,3,20,0.15,0.022855468463848803,6.5629807692307685,6.5629807692307685,True
12,section_name,Womens Tailoring,8,20,0.4,0.06343857592850341,6.305311778290993,6.305311778290993,True
12,colour_group_name,Light Purple,1,20,0.05,0.008717310087173101,5.735714285714286,5.735714285714286,False
12,department_name,Dress,4,20,0.2,0.035894806241301,5.571836734693878,5.571836734693878,False
12,colour_group_name,Red,1,20,0.05,0.009156838326862501,5.4604,5.4604,False
12,product_type_name,Boots,1,20,0.05,0.009303347740092302,5.374409448818898,5.374409448818898,False
12,colour_group_name,Yellowish Brown,2,20,0.1,0.0187532048934144,5.3324218750000005,5.3324218750000005,False
12,department_name,Loungewear,1,20,0.05,0.009596366566551901,5.21030534351145,5.21030534351145,False
12,product_group_name,Nightwear,1,20,0.05,0.009669621273166801,5.170833333333333,5.170833333333333,False
12,garment_group_name,Skirts,2,20,0.1,0.0195590066661783,5.112734082397004,5.112734082397004,False
12,colour_group_name,Off White,3,20,0.15,0.030180939125338802,4.97002427184466,4.97002427184466,False
12,product_type_name,Skirt,3,20,0.15,0.033404146216394405,4.490460526315789,4.490460526315789,False
12,graphical_appearance_name,Lace,1,20,0.05,0.012673064244377702,3.9453757225433526,3.9453757225433526,False
12,perceived_colour_master_name,Brown,2,20,0.1,0.026151930261519303,3.823809523809524,3.823809523809524,False
12,garment_group_name,Dressed,1,20,0.05,0.013112592484067102,3.813128491620112,3.813128491620112,False
12,garment_group_name,Dresses Ladies,5,20,0.25,0.06651527360632921,3.758535242290749,3.758535242290749,False
12,department_name,Blouse & Dress,1,20,0.05,0.013478866017141601,3.7095108695652175,3.7095108695652175,False
12,product_type_name,Cardigan,1,20,0.05,0.014064903670060802,3.554947916666667,3.554947916666667,False
12,product_type_name,Blazer,1,20,0.05,0.014211413083290601,3.5182989690721653,3.5182989690721653,False
12,department_name,Blouse,3,20,0.15,0.043293531609405904,3.464720812182741,3.464720812182741,False
12,colour_group_name,Light Orange,1,20,0.05,0.014724196029594901,3.395771144278607,3.395771144278607,False
12,perceived_colour_master_name,Lilac Purple,1,20,0.05,0.014724196029594901,3.395771144278607,3.395771144278607,False
12,product_type_name,Blouse,3,20,0.15,0.045344663394623105,3.307996768982229,3.307996768982229,False
12,colour_group_name,Beige,3,20,0.15,0.04585744634092741,3.2710063897763577,3.2710063897763577,False
12,section_name,Womens Trend,2,20,0.1,0.030986740898102702,3.227186761229315,3.227186761229315,False
12,section_name,Womens Everyday Collection,7,20,0.35,0.12218885063365321,2.8644184652278173,2.8644184652278173,False
12,product_type_name,Dress,6,20,0.3,0.11750054941029961,2.5531795511221946,2.5531795511221946,False
12,department_name,Knitwear,2,20,0.1,0.039557541572046,2.527962962962963,2.527962962962963,False
12,department_name,Dresses,1,20,0.05,0.021024100798476303,2.3782229965156794,2.3782229965156794,False
12,perceived_colour_master_name,Beige,4,20,0.2,0.08482895026005421,2.357685664939551,2.357685664939551,False
12,garment_group_name,Blouses,4,20,0.2,0.0860742802725075,2.3235744680851065,2.3235744680851065,False
12,product_group_name,Garment Full body,6,20,0.3,0.1304666324811369,2.299438517686693,2.299438517686693,False
12,department_name,Trouser,2,20,0.1,0.0446121163284741,2.2415435139573074,2.2415435139573074,False
12,perceived_colour_master_name,Red,1,20,0.05,0.0232217419969233,2.1531545741324924,2.1531545741324924,False
12,section_name,Womens Shoes,1,20,0.05,0.023734524943227604,2.106635802469136,2.106635802469136,False
12,colour_group_name,Light Beige,2,20,0.1,0.0478353234195297,2.090505359877489,2.090505359877489,False
12,department_name,Jersey fancy,1,20,0.05,0.0247600908358362,2.0193786982248523,2.0193786982248523,False
12,graphical_appearance_name,All over pattern,4,20,0.2,0.10709838107098381,1.8674418604651164,1.8674418604651164,False
12,garment_group_name,Shoes,1,20,0.05,0.026811222621053402,1.8648907103825139,1.8648907103825139,False
12,product_group_name,Shoes,1,20,0.05,0.026957732034283203,1.8547554347826087,1.8547554347826087,False
12,perceived_colour_master_name,Orange,1,20,0.05,0.0273972602739726,1.8250000000000002,1.8250000000000002,False
12,garment_group_name,Trousers,3,20,0.15,0.0825580543549923,1.8169032830523513,1.8169032830523513,False
12,colour_group_name,Greenish Khaki,1,20,0.05,0.027910043220276903,1.7914698162729659,1.7914698162729659,False
12,index_group_name,Ladieswear,19,20,0.95,0.5894806241301004,1.611588169504163,1.611588169504163,False
12,perceived_colour_master_name,White,4,20,0.2,0.12797597245623032,1.5627933600457928,1.5627933600457928,False
12,garment_group_name,Knitwear,2,20,0.1,0.06695480184601861,1.4935448577680526,1.4935448577680526,False
12,product_group_name,Garment Lower body,6,20,0.3,0.2052596879349498,1.4615631691648823,1.4615631691648823,False
12,section_name,"Womens Nightwear, Socks & Tigh",1,20,0.05,0.034869240348692404,1.4339285714285714,1.4339285714285714,False
12,perceived_colour_master_name,Khaki green,1,20,0.05,0.035015749761922205,1.427928870292887,1.427928870292887,False
12,colour_group_name,Light Pink,1,20,0.05,0.036773862720679805,1.3596613545816734,1.3596613545816734,False
12,product_type_name,Trousers,3,20,0.15,0.1310526701340561,1.1445779765231974,1.1445779765231974,False
12,product_type_name,Top,1,20,0.05,0.050692256977510806,0.9863439306358381,0.9863439306358381,False
12,graphical_appearance_name,Solid,11,20,0.55,0.5812760969892315,0.9461940768746062,0.9461940768746062,False
12,colour_group_name,Black,5,20,0.25,0.28027250750860744,0.8919890224777836,0.8919890224777836,False
12,perceived_colour_master_name,Black,5,20,0.25,0.28173760164090544,0.8873504940197607,0.8873504940197607,False
12,product_group_name,Garment Upper body,6,20,0.3,0.38905574683173394,0.7710977217096592,0.7710977217096592,False
12,perceived_colour_master_name,Pink,1,20,0.05,0.06702805655263351,0.7459562841530054,0.7459562841530054,False
12,garment_group_name,"Under-, Nightwear",1,20,0.05,0.08475569555343931,0.5899308556611927,0.5899308556611927,False
12,section_name,Divided Collection,1,20,0.05,0.10409493809977291,0.48033075299085154,0.48033075299085154,False
12,garment_group_name,Jersey Fancy,1,20,0.05,0.16672771225551242,0.299890158172232,0.299890158172232,False
12,index_group_name,Divided,1,20,0.05,0.2062119991209435,0.2424689165186501,0.2424689165186501,False
13,department_name,Socks,8,20,0.4,0.0071057065416453005,56.292783505154645,56.292783505154645,True
13,graphical_appearance_name,Glittering/Metallic,5,20,0.25,0.0055673577027324,44.9046052631579,44.9046052631579,True
13,graphical_appearance_name,Other pattern,1,20,0.05,0.0015383488389129002,32.50238095238095,32.50238095238095,False
13,department_name,Clean Lingerie,4,20,0.2,0.0107684418723903,18.57278911564626,18.57278911564626,True
13,product_type_name,Socks,8,20,0.4,0.0240275437696872,16.647560975609757,16.647560975609757,False
13,garment_group_name,Socks and Tights,8,20,0.4,0.030254193831953703,13.22130750605327,13.22130750605327,False
13,product_group_name,Socks & Tights,8,20,0.4,0.030766976778258005,13.00095238095238,13.00095238095238,False
13,section_name,"Womens Nightwear, Socks & Tigh",8,20,0.4,0.034869240348692404,11.471428571428572,11.471428571428572,False
13,department_name,Ladies Sport Bras,3,20,0.15,0.014943960149439602,10.0375,10.0375,False
13,product_type_name,Unknown,1,20,0.05,0.006080140649036701,8.223493975903615,8.223493975903615,False
13,product_group_name,Unknown,1,20,0.05,0.006080140649036701,8.223493975903615,8.223493975903615,False
13,department_name,Expressive Lingerie,3,20,0.15,0.018313676653725002,8.1906,8.1906,False
13,product_type_name,Underwear bottom,5,20,0.25,0.031133250311332503,8.03,8.03,False
13,section_name,Womens Lingerie,9,20,0.45,0.05765145410592631,7.805527318932656,7.805527318932656,False
13,colour_group_name,Light Orange,2,20,0.1,0.014724196029594901,6.791542288557214,6.791542288557214,False
13,colour_group_name,Dark Pink,1,20,0.05,0.007911508314409201,6.319907407407407,6.319907407407407,False
13,product_group_name,Underwear,8,20,0.4,0.06768734891216761,5.909523809523809,5.909523809523809,False
13,department_name,Casual Lingerie,2,20,0.1,0.017581129587576003,5.687916666666666,5.687916666666666,False
13,section_name,Ladies H&M Sport,3,20,0.15,0.0265182037945938,5.656491712707182,5.656491712707182,False
13,colour_group_name,Yellowish Brown,2,20,0.1,0.0187532048934144,5.3324218750000005,5.3324218750000005,False
13,garment_group_name,"Under-, Nightwear",9,20,0.45,0.08475569555343931,5.309377700950734,5.309377700950734,False
13,colour_group_name,Green,1,20,0.05,0.009742875979781702,5.131954887218045,5.131954887218045,False
13,product_type_name,Bra,3,20,0.15,0.0326715991502454,4.591143497757847,4.591143497757847,False
13,index_group_name,Sport,3,20,0.15,0.033111127389934804,4.5301991150442475,4.5301991150442475,False
13,perceived_colour_master_name,Brown,2,20,0.1,0.026151930261519303,3.823809523809524,3.823809523809524,False
13,colour_group_name,Light Blue,2,20,0.1,0.026957732034283203,3.7095108695652175,3.7095108695652175,False
13,perceived_colour_master_name,Orange,2,20,0.1,0.0273972602739726,3.6500000000000004,3.6500000000000004,False
13,colour_group_name,Light Grey,1,20,0.05,0.014797450736209802,3.378960396039604,3.378960396039604,False
13,colour_group_name,Light Pink,2,20,0.1,0.036773862720679805,2.7193227091633467,2.7193227091633467,False
13,perceived_colour_master_name,Pink,3,20,0.15,0.06702805655263351,2.237868852459016,2.237868852459016,False
13,colour_group_name,Beige,2,20,0.1,0.04585744634092741,2.1806709265175717,2.1806709265175717,False
13,product_type_name,Top,2,20,0.1,0.050692256977510806,1.9726878612716763,1.9726878612716763,False
13,product_type_name,Vest top,1,20,0.05,0.030107684418723902,1.660705596107056,1.660705596107056,False
13,colour_group_name,White,3,20,0.15,0.0960369203721339,1.561899313501144,1.561899313501144,False
13,index_group_name,Ladieswear,17,20,0.85,0.5894806241301004,1.4419473095563564,1.4419473095563564,False
13,perceived_colour_master_name,Khaki green,1,20,0.05,0.035015749761922205,1.427928870292887,1.427928870292887,False
13,graphical_appearance_name,All over pattern,3,20,0.15,0.10709838107098381,1.400581395348837,1.400581395348837,False
13,perceived_colour_master_name,Beige,2,20,0.1,0.08482895026005421,1.1788428324697755,1.1788428324697755,False
13,perceived_colour_master_name,White,3,20,0.15,0.12797597245623032,1.1720950200343445,1.1720950200343445,False
13,graphical_appearance_name,Solid,11,20,0.55,0.5812760969892315,0.9461940768746062,0.9461940768746062,False
13,garment_group_name,Jersey Fancy,3,20,0.15,0.16672771225551242,0.8996704745166959,0.8996704745166959,False
13,perceived_colour_master_name,Blue,2,20,0.1,0.11933191707567212,0.8379987722529159,0.8379987722529159,False
13,colour_group_name,Black,4,20,0.2,0.28027250750860744,0.7135912179822269,0.7135912179822269,False
13,perceived_colour_master_name,Black,4,20,0.2,0.28173760164090544,0.7098803952158086,0.7098803952158086,False
13,perceived_colour_master_name,Grey,1,20,0.05,0.07113032012306791,0.7029351184346034,0.7029351184346034,False
13,product_group_name,Garment Upper body,3,20,0.15,0.38905574683173394,0.3855488608548296,0.3855488608548296,False
14,department_name,Woven top,5,20,0.25,0.007032451835030401,35.549479166666664,35.549479166666664,True
14,section_name,H&M+,18,20,0.9,0.026811222621053402,33.56803278688525,33.56803278688525,True
14,colour_group_name,Greyish Beige,1,20,0.05,0.0040290088638195,12.410000000000002,12.410000000000002,False
14,department_name,Woven bottoms,2,20,0.1,0.009669621273166801,10.341666666666667,10.341666666666667,True
14,department_name,OL Extended Sizes,1,20,0.05,0.005054574756428101,9.892028985507247,9.892028985507247,False
14,department_name,Divided+,1,20,0.05,0.007398725368104901,6.757920792079208,6.757920792079208,False
14,department_name,Knitwear,5,20,0.25,0.039557541572046,6.319907407407408,6.319907407407408,False
14,colour_group_name,Dark Orange,1,20,0.05,0.009230093033477401,5.417063492063492,5.417063492063492,False
14,department_name,Jersey,6,20,0.3,0.060801406490367006,4.934096385542168,4.934096385542168,False
14,colour_group_name,Yellow,1,20,0.05,0.011354479525309501,4.403548387096774,4.403548387096774,False
14,graphical_appearance_name,Check,2,20,0.1,0.023001977877078604,4.347452229299363,4.347452229299363,False
14,perceived_colour_master_name,Khaki green,3,20,0.15,0.035015749761922205,4.283786610878661,4.283786610878661,False
14,garment_group_name,Knitwear,5,20,0.25,0.06695480184601861,3.733862144420131,3.733862144420131,False
14,colour_group_name,Greenish Khaki,2,20,0.1,0.027910043220276903,3.5829396325459317,3.5829396325459317,False
14,product_type_name,Cardigan,1,20,0.05,0.014064903670060802,3.554947916666667,3.554947916666667,False
14,product_type_name,Sweater,5,20,0.25,0.0791883378507069,3.157030527289547,3.157030527289547,False
14,product_type_name,Top,3,20,0.15,0.050692256977510806,2.959031791907514,2.959031791907514,False
14,garment_group_name,Unknown,1,20,0.05,0.016921837228041903,2.9547619047619045,2.9547619047619045,False
14,garment_group_name,Blouses,5,20,0.25,0.0860742802725075,2.904468085106383,2.904468085106383,False
14,product_type_name,Leggings/Tights,1,20,0.05,0.018313676653725002,2.7302,2.7302,False
14,colour_group_name,Dark Green,1,20,0.05,0.018533440773569703,2.6978260869565216,2.6978260869565216,False
14,product_type_name,Hoodie,1,20,0.05,0.0206578272654018,2.420390070921986,2.420390070921986,False
14,perceived_colour_master_name,Mole,1,20,0.05,0.021097355505091203,2.3699652777777778,2.3699652777777778,False
14,section_name,Divided Projects,1,20,0.05,0.022049666691084904,2.267607973421927,2.267607973421927,False
14,perceived_colour_master_name,Yellow,1,20,0.05,0.022635704344004103,2.2088996763754047,2.2088996763754047,False
14,colour_group_name,Black,11,20,0.55,0.28027250750860744,1.962375849451124,1.962375849451124,False
14,perceived_colour_master_name,Black,11,20,0.55,0.28173760164090544,1.9521710868434738,1.9521710868434738,False
14,perceived_colour_master_name,Brown,1,20,0.05,0.026151930261519303,1.911904761904762,1.911904761904762,False
14,garment_group_name,Jersey Fancy,6,20,0.3,0.16672771225551242,1.7993409490333918,1.7993409490333918,False
14,perceived_colour_master_name,Green,1,20,0.05,0.027910043220276903,1.7914698162729659,1.7914698162729659,False
14,product_type_name,Dress,4,20,0.2,0.11750054941029961,1.70211970074813,1.70211970074813,False
14,colour_group_name,Dark Grey,1,20,0.05,0.029375137352574902,1.70211970074813,1.70211970074813,False
14,product_group_name,Garment Upper body,13,20,0.65,0.38905574683173394,1.6707117303709282,1.6707117303709282,False
14,graphical_appearance_name,Stripe,1,20,0.05,0.030034429712109,1.6647560975609759,1.6647560975609759,False
14,colour_group_name,Off White,1,20,0.05,0.030180939125338802,1.6566747572815534,1.6566747572815534,False
14,product_type_name,Shirt,1,20,0.05,0.031646033257636805,1.5799768518518518,1.5799768518518518,False
14,section_name,Divided Basics,1,20,0.05,0.03208556149732621,1.5583333333333333,1.5583333333333333,False
14,product_group_name,Garment Full body,4,20,0.2,0.1304666324811369,1.5329590117911287,1.5329590117911287,False
14,index_group_name,Ladieswear,18,20,0.9,0.5894806241301004,1.5267677395302597,1.5267677395302597,False
14,graphical_appearance_name,Solid,16,20,0.8,0.5812760969892315,1.3762822936357908,1.3762822936357908,False
14,garment_group_name,Trousers,2,20,0.1,0.0825580543549923,1.2112688553682343,1.2112688553682343,False
14,product_type_name,Blouse,1,20,0.05,0.045344663394623105,1.1026655896607431,1.1026655896607431,False
14,colour_group_name,Beige,1,20,0.05,0.04585744634092741,1.0903354632587858,1.0903354632587858,False
14,product_type_name,T-shirt,1,20,0.05,0.05757819939931141,0.8683842239185751,0.8683842239185751,False
14,product_type_name,Trousers,2,20,0.1,0.1310526701340561,0.7630519843487983,0.7630519843487983,False
14,product_group_name,Garment Lower body,3,20,0.15,0.2052596879349498,0.7307815845824411,0.7307815845824411,False
14,perceived_colour_master_name,Grey,1,20,0.05,0.07113032012306791,0.7029351184346034,0.7029351184346034,False
14,garment_group_name,Jersey Basic,1,20,0.05,0.09003003442971211,0.5553702196908056,0.5553702196908056,False
14,index_group_name,Divided,2,20,0.1,0.2062119991209435,0.4849378330373002,0.4849378330373002,False
14,graphical_appearance_name,All over pattern,1,20,0.05,0.10709838107098381,0.4668604651162791,0.4668604651162791,False
14,perceived_colour_master_name,White,1,20,0.05,0.12797597245623032,0.3906983400114482,0.3906983400114482,False
15,department_name,Woven top,5,20,0.25,0.007032451835030401,35.549479166666664,35.549479166666664,True
15,section_name,H&M+,18,20,0.9,0.026811222621053402,33.56803278688525,33.56803278688525,True
15,colour_group_name,Greyish Beige,1,20,0.05,0.0040290088638195,12.410000000000002,12.410000000000002,False
15,department_name,Woven bottoms,2,20,0.1,0.009669621273166801,10.341666666666667,10.341666666666667,True
15,department_name,OL Extended Sizes,1,20,0.05,0.005054574756428101,9.892028985507247,9.892028985507247,False
15,department_name,Divided+,1,20,0.05,0.007398725368104901,6.757920792079208,6.757920792079208,False
15,department_name,Knitwear,5,20,0.25,0.039557541572046,6.319907407407408,6.319907407407408,False
15,colour_group_name,Dark Orange,1,20,0.05,0.009230093033477401,5.417063492063492,5.417063492063492,False
15,department_name,Jersey,6,20,0.3,0.060801406490367006,4.934096385542168,4.934096385542168,False
15,colour_group_name,Yellow,1,20,0.05,0.011354479525309501,4.403548387096774,4.403548387096774,False
15,graphical_appearance_name,Check,2,20,0.1,0.023001977877078604,4.347452229299363,4.347452229299363,False
15,perceived_colour_master_name,Khaki green,3,20,0.15,0.035015749761922205,4.283786610878661,4.283786610878661,False
15,garment_group_name,Knitwear,5,20,0.25,0.06695480184601861,3.733862144420131,3.733862144420131,False
15,colour_group_name,Greenish Khaki,2,20,0.1,0.027910043220276903,3.5829396325459317,3.5829396325459317,False
15,product_type_name,Cardigan,1,20,0.05,0.014064903670060802,3.554947916666667,3.554947916666667,False
15,product_type_name,Sweater,5,20,0.25,0.0791883378507069,3.157030527289547,3.157030527289547,False
15,product_type_name,Top,3,20,0.15,0.050692256977510806,2.959031791907514,2.959031791907514,False
15,garment_group_name,Unknown,1,20,0.05,0.016921837228041903,2.9547619047619045,2.9547619047619045,False
15,garment_group_name,Blouses,5,20,0.25,0.0860742802725075,2.904468085106383,2.904468085106383,False
15,product_type_name,Leggings/Tights,1,20,0.05,0.018313676653725002,2.7302,2.7302,False
15,colour_group_name,Dark Green,1,20,0.05,0.018533440773569703,2.6978260869565216,2.6978260869565216,False
15,product_type_name,Hoodie,1,20,0.05,0.0206578272654018,2.420390070921986,2.420390070921986,False
15,perceived_colour_master_name,Mole,1,20,0.05,0.021097355505091203,2.3699652777777778,2.3699652777777778,False
15,section_name,Divided Projects,1,20,0.05,0.022049666691084904,2.267607973421927,2.267607973421927,False
15,perceived_colour_master_name,Yellow,1,20,0.05,0.022635704344004103,2.2088996763754047,2.2088996763754047,False
15,colour_group_name,Black,11,20,0.55,0.28027250750860744,1.962375849451124,1.962375849451124,False
15,perceived_colour_master_name,Black,11,20,0.55,0.28173760164090544,1.9521710868434738,1.9521710868434738,False
15,perceived_colour_master_name,Brown,1,20,0.05,0.026151930261519303,1.911904761904762,1.911904761904762,False
15,garment_group_name,Jersey Fancy,6,20,0.3,0.16672771225551242,1.7993409490333918,1.7993409490333918,False
15,perceived_colour_master_name,Green,1,20,0.05,0.027910043220276903,1.7914698162729659,1.7914698162729659,False
15,product_type_name,Dress,4,20,0.2,0.11750054941029961,1.70211970074813,1.70211970074813,False
15,colour_group_name,Dark Grey,1,20,0.05,0.029375137352574902,1.70211970074813,1.70211970074813,False
15,product_group_name,Garment Upper body,13,20,0.65,0.38905574683173394,1.6707117303709282,1.6707117303709282,False
15,graphical_appearance_name,Stripe,1,20,0.05,0.030034429712109,1.6647560975609759,1.6647560975609759,False
15,colour_group_name,Off White,1,20,0.05,0.030180939125338802,1.6566747572815534,1.6566747572815534,False
15,product_type_name,Shirt,1,20,0.05,0.031646033257636805,1.5799768518518518,1.5799768518518518,False
15,section_name,Divided Basics,1,20,0.05,0.03208556149732621,1.5583333333333333,1.5583333333333333,False
15,product_group_name,Garment Full body,4,20,0.2,0.1304666324811369,1.5329590117911287,1.5329590117911287,False
15,index_group_name,Ladieswear,18,20,0.9,0.5894806241301004,1.5267677395302597,1.5267677395302597,False
15,graphical_appearance_name,Solid,16,20,0.8,0.5812760969892315,1.3762822936357908,1.3762822936357908,False
15,garment_group_name,Trousers,2,20,0.1,0.0825580543549923,1.2112688553682343,1.2112688553682343,False
15,product_type_name,Blouse,1,20,0.05,0.045344663394623105,1.1026655896607431,1.1026655896607431,False
15,colour_group_name,Beige,1,20,0.05,0.04585744634092741,1.0903354632587858,1.0903354632587858,False
15,product_type_name,T-shirt,1,20,0.05,0.05757819939931141,0.8683842239185751,0.8683842239185751,False
15,product_type_name,Trousers,2,20,0.1,0.1310526701340561,0.7630519843487983,0.7630519843487983,False
15,product_group_name,Garment Lower body,3,20,0.15,0.2052596879349498,0.7307815845824411,0.7307815845824411,False
15,perceived_colour_master_name,Grey,1,20,0.05,0.07113032012306791,0.7029351184346034,0.7029351184346034,False
15,garment_group_name,Jersey Basic,1,20,0.05,0.09003003442971211,0.5553702196908056,0.5553702196908056,False
15,index_group_name,Divided,2,20,0.1,0.2062119991209435,0.4849378330373002,0.4849378330373002,False
15,graphical_appearance_name,All over pattern,1,20,0.05,0.10709838107098381,0.4668604651162791,0.4668604651162791,False
15,perceived_colour_master_name,White,1,20,0.05,0.12797597245623032,0.3906983400114482,0.3906983400114482,False
16,department_name,Projects Woven Bottoms,1,20,0.05,0.0024906600249066002,20.075000000000003,20.075000000000003,False
16,product_type_name,Pyjama bottom,1,20,0.05,0.0025639147315215,19.501428571428573,19.501428571428573,False
16,department_name,Trousers & Skirt,1,20,0.05,0.0028569335579811004,17.50128205128205,17.50128205128205,False
16,graphical_appearance_name,Contrast,1,20,0.05,0.0034429712109003002,14.522340425531917,14.522340425531917,False
16,department_name,Suit jacket,1,20,0.05,0.0053475935828877,9.350000000000001,9.350000000000001,False
16,department_name,Skirt,2,20,0.1,0.011647498351769101,8.58553459119497,8.58553459119497,True
16,product_type_name,Unknown,1,20,0.05,0.006080140649036701,8.223493975903615,8.223493975903615,False
16,product_group_name,Unknown,1,20,0.05,0.006080140649036701,8.223493975903615,8.223493975903615,False
16,department_name,Boots,1,20,0.05,0.0066661783019559,7.500549450549451,7.500549450549451,False
16,graphical_appearance_name,Other structure,3,20,0.15,0.022855468463848803,6.5629807692307685,6.5629807692307685,True
16,product_type_name,Skirt,4,20,0.2,0.033404146216394405,5.987280701754386,5.987280701754386,True
16,colour_group_name,Light Purple,1,20,0.05,0.008717310087173101,5.735714285714286,5.735714285714286,False
16,section_name,Womens Tailoring,7,20,0.35,0.06343857592850341,5.517147806004618,5.517147806004618,False
16,colour_group_name,Red,1,20,0.05,0.009156838326862501,5.4604,5.4604,False
16,product_type_name,Boots,1,20,0.05,0.009303347740092302,5.374409448818898,5.374409448818898,False
16,department_name,Loungewear,1,20,0.05,0.009596366566551901,5.21030534351145,5.21030534351145,False
16,product_group_name,Nightwear,1,20,0.05,0.009669621273166801,5.170833333333333,5.170833333333333,False
16,garment_group_name,Skirts,2,20,0.1,0.0195590066661783,5.112734082397004,5.112734082397004,False
16,colour_group_name,Off White,3,20,0.15,0.030180939125338802,4.97002427184466,4.97002427184466,False
16,department_name,Dress,3,20,0.15,0.035894806241301,4.178877551020408,4.178877551020408,False
16,graphical_appearance_name,Lace,1,20,0.05,0.012673064244377702,3.9453757225433526,3.9453757225433526,False
16,garment_group_name,Dressed,1,20,0.05,0.013112592484067102,3.813128491620112,3.813128491620112,False
16,department_name,Knitwear,3,20,0.15,0.039557541572046,3.7919444444444443,3.7919444444444443,False
16,section_name,Womens Everyday Collection,9,20,0.45,0.12218885063365321,3.6828237410071942,3.6828237410071942,False
16,product_type_name,Cardigan,1,20,0.05,0.014064903670060802,3.554947916666667,3.554947916666667,False
16,product_type_name,Blazer,1,20,0.05,0.014211413083290601,3.5182989690721653,3.5182989690721653,False
16,department_name,Blouse,3,20,0.15,0.043293531609405904,3.464720812182741,3.464720812182741,False
16,colour_group_name,Light Orange,1,20,0.05,0.014724196029594901,3.395771144278607,3.395771144278607,False
16,perceived_colour_master_name,Lilac Purple,1,20,0.05,0.014724196029594901,3.395771144278607,3.395771144278607,False
16,department_name,Trouser,3,20,0.15,0.0446121163284741,3.3623152709359605,3.3623152709359605,False
16,colour_group_name,Beige,3,20,0.15,0.04585744634092741,3.2710063897763577,3.2710063897763577,False
16,garment_group_name,Trousers,5,20,0.25,0.0825580543549923,3.0281721384205857,3.0281721384205857,False
16,perceived_colour_master_name,Mole,1,20,0.05,0.021097355505091203,2.3699652777777778,2.3699652777777778,False
16,perceived_colour_master_name,White,6,20,0.3,0.12797597245623032,2.344190040068689,2.344190040068689,False
16,section_name,Divided Projects,1,20,0.05,0.022049666691084904,2.267607973421927,2.267607973421927,False
16,garment_group_name,Dresses Ladies,3,20,0.15,0.06651527360632921,2.2551211453744493,2.2551211453744493,False
16,garment_group_name,Knitwear,3,20,0.15,0.06695480184601861,2.2403172866520786,2.2403172866520786,False
16,product_type_name,Blouse,2,20,0.1,0.045344663394623105,2.2053311793214863,2.2053311793214863,False
16,graphical_appearance_name,Check,1,20,0.05,0.023001977877078604,2.1737261146496816,2.1737261146496816,False
16,perceived_colour_master_name,Red,1,20,0.05,0.0232217419969233,2.1531545741324924,2.1531545741324924,False
16,section_name,Womens Shoes,1,20,0.05,0.023734524943227604,2.106635802469136,2.106635802469136,False
16,colour_group_name,Light Beige,2,20,0.1,0.0478353234195297,2.090505359877489,2.090505359877489,False
16,department_name,Jersey fancy,1,20,0.05,0.0247600908358362,2.0193786982248523,2.0193786982248523,False
16,product_group_name,Garment Lower body,8,20,0.4,0.2052596879349498,1.948750892219843,1.948750892219843,False
16,garment_group_name,Shoes,1,20,0.05,0.026811222621053402,1.8648907103825139,1.8648907103825139,False
16,product_group_name,Shoes,1,20,0.05,0.026957732034283203,1.8547554347826087,1.8547554347826087,False
16,perceived_colour_master_name,Orange,1,20,0.05,0.0273972602739726,1.8250000000000002,1.8250000000000002,False
16,colour_group_name,Greenish Khaki,1,20,0.05,0.027910043220276903,1.7914698162729659,1.7914698162729659,False
16,perceived_colour_master_name,Beige,3,20,0.15,0.08482895026005421,1.768264248704663,1.768264248704663,False
16,garment_group_name,Blouses,3,20,0.15,0.0860742802725075,1.7426808510638299,1.7426808510638299,False
16,section_name,Womens Trend,1,20,0.05,0.030986740898102702,1.6135933806146574,1.6135933806146574,False
16,index_group_name,Ladieswear,19,20,0.95,0.5894806241301004,1.611588169504163,1.611588169504163,False
16,product_type_name,Trousers,4,20,0.2,0.1310526701340561,1.5261039686975966,1.5261039686975966,False
16,section_name,"Womens Nightwear, Socks & Tigh",1,20,0.05,0.034869240348692404,1.4339285714285714,1.4339285714285714,False
16,perceived_colour_master_name,Khaki green,1,20,0.05,0.035015749761922205,1.427928870292887,1.427928870292887,False
16,product_type_name,Dress,3,20,0.15,0.11750054941029961,1.2765897755610973,1.2765897755610973,False
16,product_group_name,Garment Full body,3,20,0.15,0.1304666324811369,1.1497192588433465,1.1497192588433465,False
16,colour_group_name,Black,6,20,0.3,0.28027250750860744,1.0703868269733403,1.0703868269733403,False
16,perceived_colour_master_name,Black,6,20,0.3,0.28173760164090544,1.0648205928237129,1.0648205928237129,False
16,colour_group_name,White,2,20,0.1,0.0960369203721339,1.041266209000763,1.041266209000763,False
16,graphical_appearance_name,Solid,12,20,0.6,0.5812760969892315,1.032211720226843,1.032211720226843,False
16,product_type_name,Top,1,20,0.05,0.050692256977510806,0.9863439306358381,0.9863439306358381,False
16,graphical_appearance_name,All over pattern,2,20,0.1,0.10709838107098381,0.9337209302325582,0.9337209302325582,False
16,product_group_name,Garment Upper body,6,20,0.3,0.38905574683173394,0.7710977217096592,0.7710977217096592,False
16,product_type_name,Sweater,1,20,0.05,0.0791883378507069,0.6314061054579094,0.6314061054579094,False
16,garment_group_name,"Under-, Nightwear",1,20,0.05,0.08475569555343931,0.5899308556611927,0.5899308556611927,False
16,garment_group_name,Jersey Fancy,1,20,0.05,0.16672771225551242,0.299890158172232,0.299890158172232,False
16,index_group_name,Divided,1,20,0.05,0.2062119991209435,0.2424689165186501,0.2424689165186501,False
17,department_name,Trousers,8,20,0.4,0.0164823089883525,24.268444444444444,24.268444444444444,True
17,graphical_appearance_name,Embroidery,3,20,0.15,0.012087026591458501,12.41,12.41,True
17,department_name,Basic 1,7,20,0.35,0.029228627939345102,11.97456140350877,11.97456140350877,True
17,section_name,Divided Basics,7,20,0.35,0.03208556149732621,10.908333333333331,10.908333333333331,False
17,department_name,Denim Trousers,3,20,0.15,0.0171416013478866,8.750641025641025,8.750641025641025,False
17,product_type_name,Unknown,1,20,0.05,0.006080140649036701,8.223493975903615,8.223493975903615,False
17,product_group_name,Unknown,1,20,0.05,0.006080140649036701,8.223493975903615,8.223493975903615,False
17,colour_group_name,Grey,5,20,0.25,0.031059995604717602,8.048938679245284,8.048938679245284,False
17,section_name,Ladies Denim,3,20,0.15,0.028862354406270604,5.1970812182741115,5.1970812182741115,False
17,garment_group_name,Trousers,8,20,0.4,0.0825580543549923,4.845075421472937,4.845075421472937,False
17,index_group_name,Divided,19,20,0.95,0.2062119991209435,4.606909413854352,4.606909413854352,False
17,colour_group_name,Blue,3,20,0.15,0.033330891509779505,4.50032967032967,4.50032967032967,False
17,garment_group_name,Jersey Basic,8,20,0.4,0.09003003442971211,4.442961757526445,4.442961757526445,False
17,section_name,Divided Collection,9,20,0.45,0.10409493809977291,4.322976776917664,4.322976776917664,False
17,perceived_colour_master_name,Grey,6,20,0.3,0.07113032012306791,4.21761071060762,4.21761071060762,False
17,product_type_name,Trousers,10,20,0.5,0.1310526701340561,3.815259921743991,3.815259921743991,False
17,colour_group_name,Greenish Khaki,2,20,0.1,0.027910043220276903,3.5829396325459317,3.5829396325459317,False
17,garment_group_name,Trousers Denim,3,20,0.15,0.0430737674895612,3.4823979591836736,3.4823979591836736,False
17,department_name,Tops Knitwear,1,20,0.05,0.014357922496520402,3.4823979591836736,3.4823979591836736,False
17,colour_group_name,Dark Blue,4,20,0.2,0.058970038824994506,3.391552795031056,3.391552795031056,False
17,product_type_name,Top,3,20,0.15,0.050692256977510806,2.959031791907514,2.959031791907514,False
17,perceived_colour_master_name,Blue,7,20,0.35,0.11933191707567212,2.932995702885205,2.932995702885205,False
17,perceived_colour_master_name,Khaki green,2,20,0.1,0.035015749761922205,2.855857740585774,2.855857740585774,False
17,product_type_name,T-shirt,3,20,0.15,0.05757819939931141,2.605152671755725,2.605152671755725,False
17,product_group_name,Garment Lower body,10,20,0.5,0.2052596879349498,2.4359386152748037,2.4359386152748037,False
17,graphical_appearance_name,Melange,3,20,0.15,0.0617537176763607,2.429003558718861,2.429003558718861,False
17,graphical_appearance_name,Denim,3,20,0.15,0.074719800747198,2.0075000000000003,2.0075000000000003,False
17,product_type_name,Sweater,3,20,0.15,0.0791883378507069,1.894218316373728,1.894218316373728,False
17,department_name,Jersey Basic,1,20,0.05,0.026737967914438502,1.87,1.87,False
17,section_name,Womens Everyday Basics,1,20,0.05,0.027177496154127904,1.8397574123989218,1.8397574123989218,False
17,colour_group_name,Dark Grey,1,20,0.05,0.029375137352574902,1.70211970074813,1.70211970074813,False
17,product_group_name,Garment Upper body,9,20,0.45,0.38905574683173394,1.156646582564489,1.156646582564489,False
17,graphical_appearance_name,Solid,11,20,0.55,0.5812760969892315,0.9461940768746062,0.9461940768746062,False
17,garment_group_name,Knitwear,1,20,0.05,0.06695480184601861,0.7467724288840263,0.7467724288840263,False
17,colour_group_name,Black,4,20,0.2,0.28027250750860744,0.7135912179822269,0.7135912179822269,False
17,perceived_colour_master_name,Black,4,20,0.2,0.28173760164090544,0.7098803952158086,0.7098803952158086,False
17,colour_group_name,White,1,20,0.05,0.0960369203721339,0.5206331045003815,0.5206331045003815,False
17,perceived_colour_master_name,White,1,20,0.05,0.12797597245623032,0.3906983400114482,0.3906983400114482,False
17,index_group_name,Ladieswear,1,20,0.05,0.5894806241301004,0.08482042997390332,0.08482042997390332,False
18,department_name,Trousers,8,20,0.4,0.0164823089883525,24.268444444444444,24.268444444444444,True
18,department_name,Basic 1,8,20,0.4,0.029228627939345102,13.685213032581455,13.685213032581455,True
18,section_name,Divided Basics,8,20,0.4,0.03208556149732621,12.466666666666667,12.466666666666667,True
18,graphical_appearance_name,Embroidery,3,20,0.15,0.012087026591458501,12.41,12.41,False
18,department_name,Denim Trousers,3,20,0.15,0.0171416013478866,8.750641025641025,8.750641025641025,False
18,product_type_name,Unknown,1,20,0.05,0.006080140649036701,8.223493975903615,8.223493975903615,False
18,product_group_name,Unknown,1,20,0.05,0.006080140649036701,8.223493975903615,8.223493975903615,False
18,colour_group_name,Grey,4,20,0.2,0.031059995604717602,6.439150943396227,6.439150943396227,False
18,section_name,Ladies Denim,3,20,0.15,0.028862354406270604,5.1970812182741115,5.1970812182741115,False
18,garment_group_name,Jersey Basic,9,20,0.45,0.09003003442971211,4.99833197721725,4.99833197721725,False
18,garment_group_name,Trousers,8,20,0.4,0.0825580543549923,4.845075421472937,4.845075421472937,False
18,index_group_name,Divided,19,20,0.95,0.2062119991209435,4.606909413854352,4.606909413854352,False
18,colour_group_name,Blue,3,20,0.15,0.033330891509779505,4.50032967032967,4.50032967032967,False
18,section_name,Divided Collection,8,20,0.4,0.10409493809977291,3.8426460239268123,3.8426460239268123,False
18,product_type_name,Trousers,10,20,0.5,0.1310526701340561,3.815259921743991,3.815259921743991,False
18,colour_group_name,Greenish Khaki,2,20,0.1,0.027910043220276903,3.5829396325459317,3.5829396325459317,False
18,perceived_colour_master_name,Grey,5,20,0.25,0.07113032012306791,3.5146755921730173,3.5146755921730173,False
18,garment_group_name,Trousers Denim,3,20,0.15,0.0430737674895612,3.4823979591836736,3.4823979591836736,False
18,product_type_name,T-shirt,4,20,0.2,0.05757819939931141,3.4735368956743002,3.4735368956743002,False
18,colour_group_name,Dark Blue,4,20,0.2,0.058970038824994506,3.391552795031056,3.391552795031056,False
18,product_type_name,Top,3,20,0.15,0.050692256977510806,2.959031791907514,2.959031791907514,False
18,perceived_colour_master_name,Blue,7,20,0.35,0.11933191707567212,2.932995702885205,2.932995702885205,False
18,perceived_colour_master_name,Khaki green,2,20,0.1,0.035015749761922205,2.855857740585774,2.855857740585774,False
18,product_group_name,Garment Lower body,10,20,0.5,0.2052596879349498,2.4359386152748037,2.4359386152748037,False
18,colour_group_name,Pink,1,20,0.05,0.021024100798476303,2.3782229965156794,2.3782229965156794,False
18,graphical_appearance_name,Denim,3,20,0.15,0.074719800747198,2.0075000000000003,2.0075000000000003,False
18,department_name,Jersey Basic,1,20,0.05,0.026737967914438502,1.87,1.87,False
18,section_name,Womens Everyday Basics,1,20,0.05,0.027177496154127904,1.8397574123989218,1.8397574123989218,False
18,colour_group_name,Dark Grey,1,20,0.05,0.029375137352574902,1.70211970074813,1.70211970074813,False
18,graphical_appearance_name,Melange,2,20,0.1,0.0617537176763607,1.6193357058125744,1.6193357058125744,False
18,product_type_name,Sweater,2,20,0.1,0.0791883378507069,1.2628122109158189,1.2628122109158189,False
18,product_group_name,Garment Upper body,9,20,0.45,0.38905574683173394,1.156646582564489,1.156646582564489,False
18,graphical_appearance_name,Solid,12,20,0.6,0.5812760969892315,1.032211720226843,1.032211720226843,False
18,perceived_colour_master_name,Pink,1,20,0.05,0.06702805655263351,0.7459562841530054,0.7459562841530054,False
18,colour_group_name,Black,4,20,0.2,0.28027250750860744,0.7135912179822269,0.7135912179822269,False
18,perceived_colour_master_name,Black,4,20,0.2,0.28173760164090544,0.7098803952158086,0.7098803952158086,False
18,colour_group_name,White,1,20,0.05,0.0960369203721339,0.5206331045003815,0.5206331045003815,False
18,perceived_colour_master_name,White,1,20,0.05,0.12797597245623032,0.3906983400114482,0.3906983400114482,False
18,index_group_name,Ladieswear,1,20,0.05,0.5894806241301004,0.08482042997390332,0.08482042997390332,False
19,department_name,Trousers & Skirt,1,20,0.05,0.0028569335579811004,17.50128205128205,17.50128205128205,False
19,graphical_appearance_name,Contrast,1,20,0.05,0.0034429712109003002,14.522340425531917,14.522340425531917,False
19,department_name,Suit jacket,1,20,0.05,0.0053475935828877,9.350000000000001,9.350000000000001,False
19,department_name,Skirt,2,20,0.1,0.011647498351769101,8.58553459119497,8.58553459119497,True
19,product_type_name,Unknown,1,20,0.05,0.006080140649036701,8.223493975903615,8.223493975903615,False
19,product_group_name,Unknown,1,20,0.05,0.006080140649036701,8.223493975903615,8.223493975903615,False
19,graphical_appearance_name,Other structure,3,20,0.15,0.022855468463848803,6.5629807692307685,6.5629807692307685,True
19,section_name,Womens Tailoring,8,20,0.4,0.06343857592850341,6.305311778290993,6.305311778290993,True
19,colour_group_name,Light Purple,1,20,0.05,0.008717310087173101,5.735714285714286,5.735714285714286,False
19,department_name,Dress,4,20,0.2,0.035894806241301,5.571836734693878,5.571836734693878,False
19,colour_group_name,Red,1,20,0.05,0.009156838326862501,5.4604,5.4604,False
19,garment_group_name,Skirts,2,20,0.1,0.0195590066661783,5.112734082397004,5.112734082397004,False
19,department_name,Blouse,4,20,0.2,0.043293531609405904,4.619627749576988,4.619627749576988,False
19,product_type_name,Skirt,3,20,0.15,0.033404146216394405,4.490460526315789,4.490460526315789,False
19,colour_group_name,Beige,4,20,0.2,0.04585744634092741,4.361341853035143,4.361341853035143,False
19,garment_group_name,Dressed,1,20,0.05,0.013112592484067102,3.813128491620112,3.813128491620112,False
19,department_name,Knitwear,3,20,0.15,0.039557541572046,3.7919444444444443,3.7919444444444443,False
19,garment_group_name,Dresses Ladies,5,20,0.25,0.06651527360632921,3.758535242290749,3.758535242290749,False
19,department_name,Blouse & Dress,1,20,0.05,0.013478866017141601,3.7095108695652175,3.7095108695652175,False
19,section_name,Womens Everyday Collection,9,20,0.45,0.12218885063365321,3.6828237410071942,3.6828237410071942,False
19,product_type_name,Cardigan,1,20,0.05,0.014064903670060802,3.554947916666667,3.554947916666667,False
19,product_type_name,Blazer,1,20,0.05,0.014211413083290601,3.5182989690721653,3.5182989690721653,False
19,perceived_colour_master_name,Lilac Purple,1,20,0.05,0.014724196029594901,3.395771144278607,3.395771144278607,False
19,department_name,Trouser,3,20,0.15,0.0446121163284741,3.3623152709359605,3.3623152709359605,False
19,colour_group_name,Off White,2,20,0.1,0.030180939125338802,3.313349514563107,3.313349514563107,False
19,product_type_name,Blouse,3,20,0.15,0.045344663394623105,3.307996768982229,3.307996768982229,False
19,section_name,Womens Trend,2,20,0.1,0.030986740898102702,3.227186761229315,3.227186761229315,False
19,garment_group_name,Blouses,5,20,0.25,0.0860742802725075,2.904468085106383,2.904468085106383,False
19,colour_group_name,Yellowish Brown,1,20,0.05,0.0187532048934144,2.6662109375000003,2.6662109375000003,False
19,product_type_name,Dress,6,20,0.3,0.11750054941029961,2.5531795511221946,2.5531795511221946,False
19,garment_group_name,Trousers,4,20,0.2,0.0825580543549923,2.4225377107364685,2.4225377107364685,False
19,department_name,Dresses,1,20,0.05,0.021024100798476303,2.3782229965156794,2.3782229965156794,False
19,perceived_colour_master_name,Mole,1,20,0.05,0.021097355505091203,2.3699652777777778,2.3699652777777778,False
19,perceived_colour_master_name,Beige,4,20,0.2,0.08482895026005421,2.357685664939551,2.357685664939551,False
19,product_group_name,Garment Full body,6,20,0.3,0.1304666324811369,2.299438517686693,2.299438517686693,False
19,garment_group_name,Knitwear,3,20,0.15,0.06695480184601861,2.2403172866520786,2.2403172866520786,False
19,perceived_colour_master_name,Red,1,20,0.05,0.0232217419969233,2.1531545741324924,2.1531545741324924,False
19,colour_group_name,Light Beige,2,20,0.1,0.0478353234195297,2.090505359877489,2.090505359877489,False
19,perceived_colour_master_name,White,5,20,0.25,0.12797597245623032,1.9534917000572407,1.9534917000572407,False
19,perceived_colour_master_name,Brown,1,20,0.05,0.026151930261519303,1.911904761904762,1.911904761904762,False
19,colour_group_name,Greenish Khaki,1,20,0.05,0.027910043220276903,1.7914698162729659,1.7914698162729659,False
19,product_group_name,Garment Lower body,7,20,0.35,0.2052596879349498,1.7051570306923627,1.7051570306923627,False
19,index_group_name,Ladieswear,19,20,0.95,0.5894806241301004,1.611588169504163,1.611588169504163,False
19,product_type_name,Trousers,4,20,0.2,0.1310526701340561,1.5261039686975966,1.5261039686975966,False
19,perceived_colour_master_name,Khaki green,1,20,0.05,0.035015749761922205,1.427928870292887,1.427928870292887,False
19,graphical_appearance_name,All over pattern,3,20,0.15,0.10709838107098381,1.400581395348837,1.400581395348837,False
19,colour_group_name,Light Pink,1,20,0.05,0.036773862720679805,1.3596613545816734,1.3596613545816734,False
19,graphical_appearance_name,Solid,13,20,0.65,0.5812760969892315,1.11822936357908,1.11822936357908,False
19,colour_group_name,White,2,20,0.1,0.0960369203721339,1.041266209000763,1.041266209000763,False
19,colour_group_name,Black,5,20,0.25,0.28027250750860744,0.8919890224777836,0.8919890224777836,False
19,perceived_colour_master_name,Black,5,20,0.25,0.28173760164090544,0.8873504940197607,0.8873504940197607,False
19,product_group_name,Garment Upper body,6,20,0.3,0.38905574683173394,0.7710977217096592,0.7710977217096592,False
19,perceived_colour_master_name,Pink,1,20,0.05,0.06702805655263351,0.7459562841530054,0.7459562841530054,False
19,product_type_name,Sweater,1,20,0.05,0.0791883378507069,0.6314061054579094,0.6314061054579094,False
19,section_name,Divided Collection,1,20,0.05,0.10409493809977291,0.48033075299085154,0.48033075299085154,False
19,index_group_name,Divided,1,20,0.05,0.2062119991209435,0.2424689165186501,0.2424689165186501,False
20,department_name,Trousers & Skirt,1,20,0.05,0.0028569335579811004,17.50128205128205,17.50128205128205,False
20,graphical_appearance_name,Contrast,1,20,0.05,0.0034429712109003002,14.522340425531917,14.522340425531917,False
20,department_name,Suit jacket,1,20,0.05,0.0053475935828877,9.350000000000001,9.350000000000001,False
20,department_name,Skirt,2,20,0.1,0.011647498351769101,8.58553459119497,8.58553459119497,True
20,product_type_name,Unknown,1,20,0.05,0.006080140649036701,8.223493975903615,8.223493975903615,False
20,product_group_name,Unknown,1,20,0.05,0.006080140649036701,8.223493975903615,8.223493975903615,False
20,department_name,Boots,1,20,0.05,0.0066661783019559,7.500549450549451,7.500549450549451,False
20,graphical_appearance_name,Other structure,3,20,0.15,0.022855468463848803,6.5629807692307685,6.5629807692307685,True
20,section_name,Womens Tailoring,8,20,0.4,0.06343857592850341,6.305311778290993,6.305311778290993,True
20,colour_group_name,Light Purple,1,20,0.05,0.008717310087173101,5.735714285714286,5.735714285714286,False
20,department_name,Dress,4,20,0.2,0.035894806241301,5.571836734693878,5.571836734693878,False
20,colour_group_name,Red,1,20,0.05,0.009156838326862501,5.4604,5.4604,False
20,product_type_name,Boots,1,20,0.05,0.009303347740092302,5.374409448818898,5.374409448818898,False
20,garment_group_name,Skirts,2,20,0.1,0.0195590066661783,5.112734082397004,5.112734082397004,False
20,department_name,Blouse,4,20,0.2,0.043293531609405904,4.619627749576988,4.619627749576988,False
20,product_type_name,Skirt,3,20,0.15,0.033404146216394405,4.490460526315789,4.490460526315789,False
20,garment_group_name,Dressed,1,20,0.05,0.013112592484067102,3.813128491620112,3.813128491620112,False
20,department_name,Knitwear,3,20,0.15,0.039557541572046,3.7919444444444443,3.7919444444444443,False
20,garment_group_name,Dresses Ladies,5,20,0.25,0.06651527360632921,3.758535242290749,3.758535242290749,False
20,department_name,Blouse & Dress,1,20,0.05,0.013478866017141601,3.7095108695652175,3.7095108695652175,False
20,product_type_name,Cardigan,1,20,0.05,0.014064903670060802,3.554947916666667,3.554947916666667,False
20,product_type_name,Blazer,1,20,0.05,0.014211413083290601,3.5182989690721653,3.5182989690721653,False
20,perceived_colour_master_name,Lilac Purple,1,20,0.05,0.014724196029594901,3.395771144278607,3.395771144278607,False
20,colour_group_name,Off White,2,20,0.1,0.030180939125338802,3.313349514563107,3.313349514563107,False
20,product_type_name,Blouse,3,20,0.15,0.045344663394623105,3.307996768982229,3.307996768982229,False
20,section_name,Womens Everyday Collection,8,20,0.4,0.12218885063365321,3.273621103117506,3.273621103117506,False
20,colour_group_name,Beige,3,20,0.15,0.04585744634092741,3.2710063897763577,3.2710063897763577,False
20,section_name,Womens Trend,2,20,0.1,0.030986740898102702,3.227186761229315,3.227186761229315,False
20,garment_group_name,Blouses,5,20,0.25,0.0860742802725075,2.904468085106383,2.904468085106383,False
20,colour_group_name,Yellowish Brown,1,20,0.05,0.0187532048934144,2.6662109375000003,2.6662109375000003,False
20,product_type_name,Dress,6,20,0.3,0.11750054941029961,2.5531795511221946,2.5531795511221946,False
20,department_name,Dresses,1,20,0.05,0.021024100798476303,2.3782229965156794,2.3782229965156794,False
20,perceived_colour_master_name,Beige,4,20,0.2,0.08482895026005421,2.357685664939551,2.357685664939551,False
20,product_group_name,Garment Full body,6,20,0.3,0.1304666324811369,2.299438517686693,2.299438517686693,False
20,department_name,Trouser,2,20,0.1,0.0446121163284741,2.2415435139573074,2.2415435139573074,False
20,garment_group_name,Knitwear,3,20,0.15,0.06695480184601861,2.2403172866520786,2.2403172866520786,False
20,perceived_colour_master_name,Red,1,20,0.05,0.0232217419969233,2.1531545741324924,2.1531545741324924,False
20,section_name,Womens Shoes,1,20,0.05,0.023734524943227604,2.106635802469136,2.106635802469136,False
20,colour_group_name,Light Beige,2,20,0.1,0.0478353234195297,2.090505359877489,2.090505359877489,False
20,perceived_colour_master_name,White,5,20,0.25,0.12797597245623032,1.9534917000572407,1.9534917000572407,False
20,perceived_colour_master_name,Brown,1,20,0.05,0.026151930261519303,1.911904761904762,1.911904761904762,False
20,graphical_appearance_name,All over pattern,4,20,0.2,0.10709838107098381,1.8674418604651164,1.8674418604651164,False
20,garment_group_name,Shoes,1,20,0.05,0.026811222621053402,1.8648907103825139,1.8648907103825139,False
20,product_group_name,Shoes,1,20,0.05,0.026957732034283203,1.8547554347826087,1.8547554347826087,False
20,garment_group_name,Trousers,3,20,0.15,0.0825580543549923,1.8169032830523513,1.8169032830523513,False
20,colour_group_name,Greenish Khaki,1,20,0.05,0.027910043220276903,1.7914698162729659,1.7914698162729659,False
20,index_group_name,Ladieswear,19,20,0.95,0.5894806241301004,1.611588169504163,1.611588169504163,False
20,product_group_name,Garment Lower body,6,20,0.3,0.2052596879349498,1.4615631691648823,1.4615631691648823,False
20,perceived_colour_master_name,Khaki green,1,20,0.05,0.035015749761922205,1.427928870292887,1.427928870292887,False
20,colour_group_name,Light Pink,1,20,0.05,0.036773862720679805,1.3596613545816734,1.3596613545816734,False
20,product_type_name,Trousers,3,20,0.15,0.1310526701340561,1.1445779765231974,1.1445779765231974,False
20,colour_group_name,Black,6,20,0.3,0.28027250750860744,1.0703868269733403,1.0703868269733403,False
20,perceived_colour_master_name,Black,6,20,0.3,0.28173760164090544,1.0648205928237129,1.0648205928237129,False
20,colour_group_name,White,2,20,0.1,0.0960369203721339,1.041266209000763,1.041266209000763,False
20,graphical_appearance_name,Solid,12,20,0.6,0.5812760969892315,1.032211720226843,1.032211720226843,False
20,product_group_name,Garment Upper body,6,20,0.3,0.38905574683173394,0.7710977217096592,0.7710977217096592,False
20,perceived_colour_master_name,Pink,1,20,0.05,0.06702805655263351,0.7459562841530054,0.7459562841530054,False
20,product_type_name,Sweater,1,20,0.05,0.0791883378507069,0.6314061054579094,0.6314061054579094,False
20,section_name,Divided Collection,1,20,0.05,0.10409493809977291,0.48033075299085154,0.48033075299085154,False
20,index_group_name,Divided,1,20,0.05,0.2062119991209435,0.2424689165186501,0.2424689165186501,False
21,department_name,Ladies Sport Bras,18,20,0.9,0.014943960149439602,60.225,60.225,True
21,section_name,Ladies H&M Sport,20,20,1.0,0.0265182037945938,37.709944751381215,37.709944751381215,True
21,index_group_name,Sport,20,20,1.0,0.033111127389934804,30.201327433628318,30.201327433628318,True
21,graphical_appearance_name,Mesh,1,20,0.05,0.0017581129587576003,28.439583333333335,28.439583333333335,False
21,department_name,Ladies Sport Bottoms,2,20,0.1,0.0068859424218006005,14.522340425531917,14.522340425531917,False
21,colour_group_name,Green,2,20,0.1,0.009742875979781702,10.26390977443609,10.26390977443609,False
21,product_type_name,Top,10,20,0.5,0.050692256977510806,9.863439306358382,9.863439306358382,False
21,product_type_name,Vest top,5,20,0.25,0.030107684418723902,8.30352798053528,8.30352798053528,False
21,colour_group_name,Dark Pink,1,20,0.05,0.007911508314409201,6.319907407407407,6.319907407407407,False
21,garment_group_name,Jersey Fancy,20,20,1.0,0.16672771225551242,5.997803163444639,5.997803163444639,False
21,colour_group_name,Orange,1,20,0.05,0.008790564793788001,5.687916666666666,5.687916666666666,False
21,graphical_appearance_name,Melange,7,20,0.35,0.0617537176763607,5.6676749703440095,5.6676749703440095,False
21,product_type_name,Leggings/Tights,2,20,0.1,0.018313676653725002,5.4604,5.4604,False
21,colour_group_name,Light Pink,2,20,0.1,0.036773862720679805,2.7193227091633467,2.7193227091633467,False
21,product_type_name,T-shirt,3,20,0.15,0.05757819939931141,2.605152671755725,2.605152671755725,False
21,product_group_name,Garment Upper body,18,20,0.9,0.38905574683173394,2.313293165128978,2.313293165128978,False
21,perceived_colour_master_name,Pink,3,20,0.15,0.06702805655263351,2.237868852459016,2.237868852459016,False
21,perceived_colour_master_name,Orange,1,20,0.05,0.0273972602739726,1.8250000000000002,1.8250000000000002,False
21,colour_group_name,Greenish Khaki,1,20,0.05,0.027910043220276903,1.7914698162729659,1.7914698162729659,False
21,perceived_colour_master_name,Black,10,20,0.5,0.28173760164090544,1.7747009880395215,1.7747009880395215,False
21,colour_group_name,Dark Grey,1,20,0.05,0.029375137352574902,1.70211970074813,1.70211970074813,False
21,colour_group_name,Black,9,20,0.45,0.28027250750860744,1.6055802404600104,1.6055802404600104,False
21,perceived_colour_master_name,Khaki green,1,20,0.05,0.035015749761922205,1.427928870292887,1.427928870292887,False
21,perceived_colour_master_name,Grey,2,20,0.1,0.07113032012306791,1.4058702368692069,1.4058702368692069,False
21,colour_group_name,Beige,1,20,0.05,0.04585744634092741,1.0903354632587858,1.0903354632587858,False
21,colour_group_name,White,2,20,0.1,0.0960369203721339,1.041266209000763,1.041266209000763,False
21,graphical_appearance_name,Solid,11,20,0.55,0.5812760969892315,0.9461940768746062,0.9461940768746062,False
21,perceived_colour_master_name,White,2,20,0.1,0.12797597245623032,0.7813966800228964,0.7813966800228964,False
21,perceived_colour_master_name,Beige,1,20,0.05,0.08482895026005421,0.5894214162348878,0.5894214162348878,False
21,product_group_name,Garment Lower body,2,20,0.1,0.2052596879349498,0.4871877230549608,0.4871877230549608,False
21,graphical_appearance_name,All over pattern,1,20,0.05,0.10709838107098381,0.4668604651162791,0.4668604651162791,False
22,section_name,Mama,18,20,0.9,0.023294996703538202,38.63490566037736,38.63490566037736,True
22,department_name,Mama Lingerie,1,20,0.05,0.0019046223719874002,26.251923076923077,26.251923076923077,False
22,department_name,Woven bottoms,5,20,0.25,0.009669621273166801,25.854166666666664,25.854166666666664,True
22,product_type_name,Leggings/Tights,4,20,0.2,0.018313676653725002,10.9208,10.9208,True
22,department_name,Jersey,11,20,0.55,0.060801406490367006,9.045843373493977,9.045843373493977,False
22,product_type_name,Underwear Tights,1,20,0.05,0.006739433008570801,7.419021739130435,7.419021739130435,False
22,department_name,Tights basic,1,20,0.05,0.008277781847483701,6.040265486725664,6.040265486725664,False
22,colour_group_name,Dark Orange,1,20,0.05,0.009230093033477401,5.417063492063492,5.417063492063492,False
22,perceived_colour_master_name,Lilac Purple,1,20,0.05,0.014724196029594901,3.395771144278607,3.395771144278607,False
22,graphical_appearance_name,Stripe,2,20,0.1,0.030034429712109,3.3295121951219517,3.3295121951219517,False
22,garment_group_name,Jersey Fancy,11,20,0.55,0.16672771225551242,3.2987917398945523,3.2987917398945523,False
22,colour_group_name,Grey,2,20,0.1,0.031059995604717602,3.2195754716981133,3.2195754716981133,False
22,garment_group_name,Trousers,5,20,0.25,0.0825580543549923,3.0281721384205857,3.0281721384205857,False
22,product_group_name,Garment Lower body,11,20,0.55,0.2052596879349498,2.6795324768022843,2.6795324768022843,False
22,graphical_appearance_name,Denim,4,20,0.2,0.074719800747198,2.676666666666667,2.676666666666667,False
22,colour_group_name,Dark Blue,3,20,0.15,0.058970038824994506,2.543664596273292,2.543664596273292,False
22,department_name,Knitwear,2,20,0.1,0.039557541572046,2.527962962962963,2.527962962962963,False
22,colour_group_name,Pink,1,20,0.05,0.021024100798476303,2.3782229965156794,2.3782229965156794,False
22,product_type_name,Trousers,6,20,0.3,0.1310526701340561,2.2891559530463947,2.2891559530463947,False
22,perceived_colour_master_name,Red,1,20,0.05,0.0232217419969233,2.1531545741324924,2.1531545741324924,False
22,perceived_colour_master_name,Grey,3,20,0.15,0.07113032012306791,2.10880535530381,2.10880535530381,False
22,product_type_name,Top,2,20,0.1,0.050692256977510806,1.9726878612716763,1.9726878612716763,False
22,product_type_name,T-shirt,2,20,0.1,0.05757819939931141,1.7367684478371501,1.7367684478371501,False
22,colour_group_name,Dark Grey,1,20,0.05,0.029375137352574902,1.70211970074813,1.70211970074813,False
22,index_group_name,Ladieswear,20,20,1.0,0.5894806241301004,1.6964085994780662,1.6964085994780662,False
22,colour_group_name,Off White,1,20,0.05,0.030180939125338802,1.6566747572815534,1.6566747572815534,False
22,garment_group_name,Socks and Tights,1,20,0.05,0.030254193831953703,1.6526634382566587,1.6526634382566587,False
22,product_group_name,Socks & Tights,1,20,0.05,0.030766976778258005,1.6251190476190476,1.6251190476190476,False
22,graphical_appearance_name,Melange,2,20,0.1,0.0617537176763607,1.6193357058125744,1.6193357058125744,False
22,product_type_name,Underwear bottom,1,20,0.05,0.031133250311332503,1.606,1.606,False
22,colour_group_name,Black,9,20,0.45,0.28027250750860744,1.6055802404600104,1.6055802404600104,False
22,perceived_colour_master_name,Black,9,20,0.45,0.28173760164090544,1.5972308892355693,1.5972308892355693,False
22,product_type_name,Skirt,1,20,0.05,0.033404146216394405,1.4968201754385966,1.4968201754385966,False
22,garment_group_name,Knitwear,2,20,0.1,0.06695480184601861,1.4935448577680526,1.4935448577680526,False
22,section_name,"Womens Nightwear, Socks & Tigh",1,20,0.05,0.034869240348692404,1.4339285714285714,1.4339285714285714,False
22,product_type_name,Sweater,2,20,0.1,0.0791883378507069,1.2628122109158189,1.2628122109158189,False
22,perceived_colour_master_name,White,3,20,0.15,0.12797597245623032,1.1720950200343445,1.1720950200343445,False
22,colour_group_name,White,2,20,0.1,0.0960369203721339,1.041266209000763,1.041266209000763,False
22,graphical_appearance_name,Solid,12,20,0.6,0.5812760969892315,1.032211720226843,1.032211720226843,False
22,section_name,Womens Lingerie,1,20,0.05,0.05765145410592631,0.8672808132147396,0.8672808132147396,False
22,perceived_colour_master_name,Blue,2,20,0.1,0.11933191707567212,0.8379987722529159,0.8379987722529159,False
22,product_group_name,Garment Upper body,6,20,0.3,0.38905574683173394,0.7710977217096592,0.7710977217096592,False
22,perceived_colour_master_name,Pink,1,20,0.05,0.06702805655263351,0.7459562841530054,0.7459562841530054,False
22,product_group_name,Underwear,1,20,0.05,0.06768734891216761,0.7386904761904761,0.7386904761904761,False
22,garment_group_name,"Under-, Nightwear",1,20,0.05,0.08475569555343931,0.5899308556611927,0.5899308556611927,False
22,product_type_name,Dress,1,20,0.05,0.11750054941029961,0.4255299251870325,0.4255299251870325,False
22,product_group_name,Garment Full body,1,20,0.05,0.1304666324811369,0.3832397529477822,0.3832397529477822,False
23,department_name,Trousers & Skirt,1,20,0.05,0.0028569335579811004,17.50128205128205,17.50128205128205,False
23,graphical_appearance_name,Contrast,1,20,0.05,0.0034429712109003002,14.522340425531917,14.522340425531917,False
23,department_name,Suit jacket,1,20,0.05,0.0053475935828877,9.350000000000001,9.350000000000001,False
23,department_name,Skirt,2,20,0.1,0.011647498351769101,8.58553459119497,8.58553459119497,True
23,product_type_name,Unknown,1,20,0.05,0.006080140649036701,8.223493975903615,8.223493975903615,False
23,product_group_name,Unknown,1,20,0.05,0.006080140649036701,8.223493975903615,8.223493975903615,False
23,department_name,Boots,1,20,0.05,0.0066661783019559,7.500549450549451,7.500549450549451,False
23,graphical_appearance_name,Other structure,3,20,0.15,0.022855468463848803,6.5629807692307685,6.5629807692307685,True
23,section_name,Womens Tailoring,8,20,0.4,0.06343857592850341,6.305311778290993,6.305311778290993,True
23,colour_group_name,Light Purple,1,20,0.05,0.008717310087173101,5.735714285714286,5.735714285714286,False
23,department_name,Dress,4,20,0.2,0.035894806241301,5.571836734693878,5.571836734693878,False
23,colour_group_name,Red,1,20,0.05,0.009156838326862501,5.4604,5.4604,False
23,product_type_name,Boots,1,20,0.05,0.009303347740092302,5.374409448818898,5.374409448818898,False
23,garment_group_name,Skirts,2,20,0.1,0.0195590066661783,5.112734082397004,5.112734082397004,False
23,department_name,Blouse,4,20,0.2,0.043293531609405904,4.619627749576988,4.619627749576988,False
23,product_type_name,Skirt,3,20,0.15,0.033404146216394405,4.490460526315789,4.490460526315789,False
23,garment_group_name,Dressed,1,20,0.05,0.013112592484067102,3.813128491620112,3.813128491620112,False
23,department_name,Knitwear,3,20,0.15,0.039557541572046,3.7919444444444443,3.7919444444444443,False
23,garment_group_name,Dresses Ladies,5,20,0.25,0.06651527360632921,3.758535242290749,3.758535242290749,False
23,department_name,Blouse & Dress,1,20,0.05,0.013478866017141601,3.7095108695652175,3.7095108695652175,False
23,product_type_name,Cardigan,1,20,0.05,0.014064903670060802,3.554947916666667,3.554947916666667,False
23,product_type_name,Blazer,1,20,0.05,0.014211413083290601,3.5182989690721653,3.5182989690721653,False
23,perceived_colour_master_name,Lilac Purple,1,20,0.05,0.014724196029594901,3.395771144278607,3.395771144278607,False
23,colour_group_name,Off White,2,20,0.1,0.030180939125338802,3.313349514563107,3.313349514563107,False
23,product_type_name,Blouse,3,20,0.15,0.045344663394623105,3.307996768982229,3.307996768982229,False
23,section_name,Womens Everyday Collection,8,20,0.4,0.12218885063365321,3.273621103117506,3.273621103117506,False
23,colour_group_name,Beige,3,20,0.15,0.04585744634092741,3.2710063897763577,3.2710063897763577,False
23,section_name,Womens Trend,2,20,0.1,0.030986740898102702,3.227186761229315,3.227186761229315,False
23,garment_group_name,Blouses,5,20,0.25,0.0860742802725075,2.904468085106383,2.904468085106383,False
23,colour_group_name,Yellowish Brown,1,20,0.05,0.0187532048934144,2.6662109375000003,2.6662109375000003,False
23,product_type_name,Dress,6,20,0.3,0.11750054941029961,2.5531795511221946,2.5531795511221946,False
23,department_name,Dresses,1,20,0.05,0.021024100798476303,2.3782229965156794,2.3782229965156794,False
23,perceived_colour_master_name,Beige,4,20,0.2,0.08482895026005421,2.357685664939551,2.357685664939551,False
23,product_group_name,Garment Full body,6,20,0.3,0.1304666324811369,2.299438517686693,2.299438517686693,False
23,department_name,Trouser,2,20,0.1,0.0446121163284741,2.2415435139573074,2.2415435139573074,False
23,garment_group_name,Knitwear,3,20,0.15,0.06695480184601861,2.2403172866520786,2.2403172866520786,False
23,perceived_colour_master_name,Red,1,20,0.05,0.0232217419969233,2.1531545741324924,2.1531545741324924,False
23,section_name,Womens Shoes,1,20,0.05,0.023734524943227604,2.106635802469136,2.106635802469136,False
23,colour_group_name,Light Beige,2,20,0.1,0.0478353234195297,2.090505359877489,2.090505359877489,False
23,perceived_colour_master_name,White,5,20,0.25,0.12797597245623032,1.9534917000572407,1.9534917000572407,False
23,perceived_colour_master_name,Brown,1,20,0.05,0.026151930261519303,1.911904761904762,1.911904761904762,False
23,graphical_appearance_name,All over pattern,4,20,0.2,0.10709838107098381,1.8674418604651164,1.8674418604651164,False
23,garment_group_name,Shoes,1,20,0.05,0.026811222621053402,1.8648907103825139,1.8648907103825139,False
23,product_group_name,Shoes,1,20,0.05,0.026957732034283203,1.8547554347826087,1.8547554347826087,False
23,garment_group_name,Trousers,3,20,0.15,0.0825580543549923,1.8169032830523513,1.8169032830523513,False
23,colour_group_name,Greenish Khaki,1,20,0.05,0.027910043220276903,1.7914698162729659,1.7914698162729659,False
23,index_group_name,Ladieswear,19,20,0.95,0.5894806241301004,1.611588169504163,1.611588169504163,False
23,product_group_name,Garment Lower body,6,20,0.3,0.2052596879349498,1.4615631691648823,1.4615631691648823,False
23,perceived_colour_master_name,Khaki green,1,20,0.05,0.035015749761922205,1.427928870292887,1.427928870292887,False
23,colour_group_name,Light Pink,1,20,0.05,0.036773862720679805,1.3596613545816734,1.3596613545816734,False
23,product_type_name,Trousers,3,20,0.15,0.1310526701340561,1.1445779765231974,1.1445779765231974,False
23,colour_group_name,Black,6,20,0.3,0.28027250750860744,1.0703868269733403,1.0703868269733403,False
23,perceived_colour_master_name,Black,6,20,0.3,0.28173760164090544,1.0648205928237129,1.0648205928237129,False
23,colour_group_name,White,2,20,0.1,0.0960369203721339,1.041266209000763,1.041266209000763,False
23,graphical_appearance_name,Solid,12,20,0.6,0.5812760969892315,1.032211720226843,1.032211720226843,False
23,product_group_name,Garment Upper body,6,20,0.3,0.38905574683173394,0.7710977217096592,0.7710977217096592,False
23,perceived_colour_master_name,Pink,1,20,0.05,0.06702805655263351,0.7459562841530054,0.7459562841530054,False
23,product_type_name,Sweater,1,20,0.05,0.0791883378507069,0.6314061054579094,0.6314061054579094,False
23,section_name,Divided Collection,1,20,0.05,0.10409493809977291,0.48033075299085154,0.48033075299085154,False
23,index_group_name,Divided,1,20,0.05,0.2062119991209435,0.2424689165186501,0.2424689165186501,False
24,product_type_name,Pyjama bottom,1,20,0.05,0.0025639147315215,19.501428571428573,19.501428571428573,False
24,department_name,Trousers & Skirt,1,20,0.05,0.0028569335579811004,17.50128205128205,17.50128205128205,False
24,department_name,Boots,2,20,0.1,0.0066661783019559,15.001098901098903,15.001098901098903,True
24,graphical_appearance_name,Contrast,1,20,0.05,0.0034429712109003002,14.522340425531917,14.522340425531917,False
24,product_type_name,Boots,2,20,0.1,0.009303347740092302,10.748818897637795,10.748818897637795,True
24,department_name,Suit jacket,1,20,0.05,0.0053475935828877,9.350000000000001,9.350000000000001,False
24,department_name,Skirt,2,20,0.1,0.011647498351769101,8.58553459119497,8.58553459119497,True
24,product_type_name,Unknown,1,20,0.05,0.006080140649036701,8.223493975903615,8.223493975903615,False
24,product_group_name,Unknown,1,20,0.05,0.006080140649036701,8.223493975903615,8.223493975903615,False
24,graphical_appearance_name,Other structure,3,20,0.15,0.022855468463848803,6.5629807692307685,6.5629807692307685,False
24,colour_group_name,Light Purple,1,20,0.05,0.008717310087173101,5.735714285714286,5.735714285714286,False
24,section_name,Womens Tailoring,7,20,0.35,0.06343857592850341,5.517147806004618,5.517147806004618,False
24,colour_group_name,Yellowish Brown,2,20,0.1,0.0187532048934144,5.3324218750000005,5.3324218750000005,False
24,department_name,Loungewear,1,20,0.05,0.009596366566551901,5.21030534351145,5.21030534351145,False
24,product_group_name,Nightwear,1,20,0.05,0.009669621273166801,5.170833333333333,5.170833333333333,False
24,garment_group_name,Skirts,2,20,0.1,0.0195590066661783,5.112734082397004,5.112734082397004,False
24,colour_group_name,Off White,3,20,0.15,0.030180939125338802,4.97002427184466,4.97002427184466,False
24,department_name,Blouse,4,20,0.2,0.043293531609405904,4.619627749576988,4.619627749576988,False
24,product_type_name,Skirt,3,20,0.15,0.033404146216394405,4.490460526315789,4.490460526315789,False
24,section_name,Womens Shoes,2,20,0.1,0.023734524943227604,4.213271604938272,4.213271604938272,False
24,department_name,Dress,3,20,0.15,0.035894806241301,4.178877551020408,4.178877551020408,False
24,graphical_appearance_name,Lace,1,20,0.05,0.012673064244377702,3.9453757225433526,3.9453757225433526,False
24,perceived_colour_master_name,Brown,2,20,0.1,0.026151930261519303,3.823809523809524,3.823809523809524,False
24,garment_group_name,Dressed,1,20,0.05,0.013112592484067102,3.813128491620112,3.813128491620112,False
24,garment_group_name,Shoes,2,20,0.1,0.026811222621053402,3.7297814207650277,3.7297814207650277,False
24,product_group_name,Shoes,2,20,0.1,0.026957732034283203,3.7095108695652175,3.7095108695652175,False
24,department_name,Blouse & Dress,1,20,0.05,0.013478866017141601,3.7095108695652175,3.7095108695652175,False
24,product_type_name,Cardigan,1,20,0.05,0.014064903670060802,3.554947916666667,3.554947916666667,False
24,product_type_name,Blazer,1,20,0.05,0.014211413083290601,3.5182989690721653,3.5182989690721653,False
24,colour_group_name,Light Orange,1,20,0.05,0.014724196029594901,3.395771144278607,3.395771144278607,False
24,perceived_colour_master_name,Lilac Purple,1,20,0.05,0.014724196029594901,3.395771144278607,3.395771144278607,False
24,product_type_name,Blouse,3,20,0.15,0.045344663394623105,3.307996768982229,3.307996768982229,False
24,colour_group_name,Beige,3,20,0.15,0.04585744634092741,3.2710063897763577,3.2710063897763577,False
24,section_name,Womens Trend,2,20,0.1,0.030986740898102702,3.227186761229315,3.227186761229315,False
24,garment_group_name,Dresses Ladies,4,20,0.2,0.06651527360632921,3.0068281938325994,3.0068281938325994,False
24,garment_group_name,Blouses,5,20,0.25,0.0860742802725075,2.904468085106383,2.904468085106383,False
24,section_name,Womens Everyday Collection,7,20,0.35,0.12218885063365321,2.8644184652278173,2.8644184652278173,False
24,department_name,Knitwear,2,20,0.1,0.039557541572046,2.527962962962963,2.527962962962963,False
24,department_name,Dresses,1,20,0.05,0.021024100798476303,2.3782229965156794,2.3782229965156794,False
24,perceived_colour_master_name,Beige,4,20,0.2,0.08482895026005421,2.357685664939551,2.357685664939551,False
24,graphical_appearance_name,All over pattern,5,20,0.25,0.10709838107098381,2.3343023255813953,2.3343023255813953,False
24,product_type_name,Dress,5,20,0.25,0.11750054941029961,2.1276496259351623,2.1276496259351623,False
24,colour_group_name,Light Beige,2,20,0.1,0.0478353234195297,2.090505359877489,2.090505359877489,False
24,department_name,Jersey fancy,1,20,0.05,0.0247600908358362,2.0193786982248523,2.0193786982248523,False
24,perceived_colour_master_name,White,5,20,0.25,0.12797597245623032,1.9534917000572407,1.9534917000572407,False
24,product_group_name,Garment Full body,5,20,0.25,0.1304666324811369,1.9161987647389107,1.9161987647389107,False
24,perceived_colour_master_name,Orange,1,20,0.05,0.0273972602739726,1.8250000000000002,1.8250000000000002,False
24,colour_group_name,Greenish Khaki,1,20,0.05,0.027910043220276903,1.7914698162729659,1.7914698162729659,False
24,index_group_name,Ladieswear,19,20,0.95,0.5894806241301004,1.611588169504163,1.611588169504163,False
24,garment_group_name,Knitwear,2,20,0.1,0.06695480184601861,1.4935448577680526,1.4935448577680526,False
24,section_name,"Womens Nightwear, Socks & Tigh",1,20,0.05,0.034869240348692404,1.4339285714285714,1.4339285714285714,False
24,perceived_colour_master_name,Khaki green,1,20,0.05,0.035015749761922205,1.427928870292887,1.427928870292887,False
24,colour_group_name,Light Pink,1,20,0.05,0.036773862720679805,1.3596613545816734,1.3596613545816734,False
24,product_group_name,Garment Lower body,5,20,0.25,0.2052596879349498,1.2179693076374019,1.2179693076374019,False
24,garment_group_name,Trousers,2,20,0.1,0.0825580543549923,1.2112688553682343,1.2112688553682343,False
24,department_name,Trouser,1,20,0.05,0.0446121163284741,1.1207717569786537,1.1207717569786537,False
24,product_type_name,Top,1,20,0.05,0.050692256977510806,0.9863439306358381,0.9863439306358381,False
24,colour_group_name,Black,5,20,0.25,0.28027250750860744,0.8919890224777836,0.8919890224777836,False
24,perceived_colour_master_name,Black,5,20,0.25,0.28173760164090544,0.8873504940197607,0.8873504940197607,False
24,graphical_appearance_name,Solid,10,20,0.5,0.5812760969892315,0.8601764335223693,0.8601764335223693,False
24,product_group_name,Garment Upper body,6,20,0.3,0.38905574683173394,0.7710977217096592,0.7710977217096592,False
24,product_type_name,Trousers,2,20,0.1,0.1310526701340561,0.7630519843487983,0.7630519843487983,False
24,perceived_colour_master_name,Pink,1,20,0.05,0.06702805655263351,0.7459562841530054,0.7459562841530054,False
24,garment_group_name,"Under-, Nightwear",1,20,0.05,0.08475569555343931,0.5899308556611927,0.5899308556611927,False
24,colour_group_name,White,1,20,0.05,0.0960369203721339,0.5206331045003815,0.5206331045003815,False
24,section_name,Divided Collection,1,20,0.05,0.10409493809977291,0.48033075299085154,0.48033075299085154,False
24,garment_group_name,Jersey Fancy,1,20,0.05,0.16672771225551242,0.299890158172232,0.299890158172232,False
24,index_group_name,Divided,1,20,0.05,0.2062119991209435,0.2424689165186501,0.2424689165186501,False
25,department_name,Socks,8,20,0.4,0.0071057065416453005,56.292783505154645,56.292783505154645,True
25,graphical_appearance_name,Glittering/Metallic,5,20,0.25,0.0055673577027324,44.9046052631579,44.9046052631579,True
25,graphical_appearance_name,Other pattern,1,20,0.05,0.0015383488389129002,32.50238095238095,32.50238095238095,False
25,product_type_name,Socks,8,20,0.4,0.0240275437696872,16.647560975609757,16.647560975609757,True
25,department_name,Clean Lingerie,3,20,0.15,0.0107684418723903,13.929591836734694,13.929591836734694,False
25,garment_group_name,Socks and Tights,8,20,0.4,0.030254193831953703,13.22130750605327,13.22130750605327,False
25,product_group_name,Socks & Tights,8,20,0.4,0.030766976778258005,13.00095238095238,13.00095238095238,False
25,section_name,"Womens Nightwear, Socks & Tigh",8,20,0.4,0.034869240348692404,11.471428571428572,11.471428571428572,False
25,department_name,Ladies Sport Bras,3,20,0.15,0.014943960149439602,10.0375,10.0375,False
25,department_name,Casual Lingerie,3,20,0.15,0.017581129587576003,8.531875,8.531875,False
25,product_type_name,Unknown,1,20,0.05,0.006080140649036701,8.223493975903615,8.223493975903615,False
25,product_group_name,Unknown,1,20,0.05,0.006080140649036701,8.223493975903615,8.223493975903615,False
25,department_name,Expressive Lingerie,3,20,0.15,0.018313676653725002,8.1906,8.1906,False
25,product_type_name,Underwear bottom,5,20,0.25,0.031133250311332503,8.03,8.03,False
25,section_name,Womens Lingerie,9,20,0.45,0.05765145410592631,7.805527318932656,7.805527318932656,False
25,colour_group_name,Light Orange,2,20,0.1,0.014724196029594901,6.791542288557214,6.791542288557214,False
25,colour_group_name,Dark Pink,1,20,0.05,0.007911508314409201,6.319907407407407,6.319907407407407,False
25,product_group_name,Underwear,8,20,0.4,0.06768734891216761,5.909523809523809,5.909523809523809,False
25,section_name,Ladies H&M Sport,3,20,0.15,0.0265182037945938,5.656491712707182,5.656491712707182,False
25,colour_group_name,Yellowish Brown,2,20,0.1,0.0187532048934144,5.3324218750000005,5.3324218750000005,False
25,garment_group_name,"Under-, Nightwear",9,20,0.45,0.08475569555343931,5.309377700950734,5.309377700950734,False
25,colour_group_name,Green,1,20,0.05,0.009742875979781702,5.131954887218045,5.131954887218045,False
25,product_type_name,Bra,3,20,0.15,0.0326715991502454,4.591143497757847,4.591143497757847,False
25,index_group_name,Sport,3,20,0.15,0.033111127389934804,4.5301991150442475,4.5301991150442475,False
25,perceived_colour_master_name,Brown,2,20,0.1,0.026151930261519303,3.823809523809524,3.823809523809524,False
25,colour_group_name,Light Blue,2,20,0.1,0.026957732034283203,3.7095108695652175,3.7095108695652175,False
25,perceived_colour_master_name,Orange,2,20,0.1,0.0273972602739726,3.6500000000000004,3.6500000000000004,False
25,colour_group_name,Light Grey,1,20,0.05,0.014797450736209802,3.378960396039604,3.378960396039604,False
25,colour_group_name,Light Pink,2,20,0.1,0.036773862720679805,2.7193227091633467,2.7193227091633467,False
25,perceived_colour_master_name,Pink,3,20,0.15,0.06702805655263351,2.237868852459016,2.237868852459016,False
25,colour_group_name,White,4,20,0.2,0.0960369203721339,2.082532418001526,2.082532418001526,False
25,product_type_name,Top,2,20,0.1,0.050692256977510806,1.9726878612716763,1.9726878612716763,False
25,product_type_name,Vest top,1,20,0.05,0.030107684418723902,1.660705596107056,1.660705596107056,False
25,perceived_colour_master_name,White,4,20,0.2,0.12797597245623032,1.5627933600457928,1.5627933600457928,False
25,index_group_name,Ladieswear,17,20,0.85,0.5894806241301004,1.4419473095563564,1.4419473095563564,False
25,perceived_colour_master_name,Khaki green,1,20,0.05,0.035015749761922205,1.427928870292887,1.427928870292887,False
25,graphical_appearance_name,All over pattern,3,20,0.15,0.10709838107098381,1.400581395348837,1.400581395348837,False
25,colour_group_name,Beige,1,20,0.05,0.04585744634092741,1.0903354632587858,1.0903354632587858,False
25,garment_group_name,Jersey Fancy,3,20,0.15,0.16672771225551242,0.8996704745166959,0.8996704745166959,False
25,graphical_appearance_name,Solid,10,20,0.5,0.5812760969892315,0.8601764335223693,0.8601764335223693,False
25,perceived_colour_master_name,Blue,2,20,0.1,0.11933191707567212,0.8379987722529159,0.8379987722529159,False
25,graphical_appearance_name,Melange,1,20,0.05,0.0617537176763607,0.8096678529062872,0.8096678529062872,False
25,colour_group_name,Black,4,20,0.2,0.28027250750860744,0.7135912179822269,0.7135912179822269,False
25,perceived_colour_master_name,Black,4,20,0.2,0.28173760164090544,0.7098803952158086,0.7098803952158086,False
25,perceived_colour_master_name,Grey,1,20,0.05,0.07113032012306791,0.7029351184346034,0.7029351184346034,False
25,perceived_colour_master_name,Beige,1,20,0.05,0.08482895026005421,0.5894214162348878,0.5894214162348878,False
25,product_group_name,Garment Upper body,3,20,0.15,0.38905574683173394,0.3855488608548296,0.3855488608548296,False
26,department_name,Trousers & Skirt,1,20,0.05,0.0028569335579811004,17.50128205128205,17.50128205128205,False
26,graphical_appearance_name,Contrast,1,20,0.05,0.0034429712109003002,14.522340425531917,14.522340425531917,False
26,department_name,Suit jacket,1,20,0.05,0.0053475935828877,9.350000000000001,9.350000000000001,False
26,department_name,Suit,1,20,0.05,0.0057871218225771,8.63987341772152,8.63987341772152,False
26,department_name,Skirt,2,20,0.1,0.011647498351769101,8.58553459119497,8.58553459119497,True
26,product_type_name,Unknown,1,20,0.05,0.006080140649036701,8.223493975903615,8.223493975903615,False
26,product_group_name,Unknown,1,20,0.05,0.006080140649036701,8.223493975903615,8.223493975903615,False
26,garment_group_name,Dressed,2,20,0.1,0.013112592484067102,7.626256983240224,7.626256983240224,True
26,section_name,Womens Tailoring,9,20,0.45,0.06343857592850341,7.093475750577367,7.093475750577367,True
26,product_type_name,Blazer,2,20,0.1,0.014211413083290601,7.036597938144331,7.036597938144331,False
26,graphical_appearance_name,Other structure,3,20,0.15,0.022855468463848803,6.5629807692307685,6.5629807692307685,False
26,colour_group_name,Light Purple,1,20,0.05,0.008717310087173101,5.735714285714286,5.735714285714286,False
26,department_name,Dress,4,20,0.2,0.035894806241301,5.571836734693878,5.571836734693878,False
26,garment_group_name,Skirts,2,20,0.1,0.0195590066661783,5.112734082397004,5.112734082397004,False
26,department_name,Blouse,4,20,0.2,0.043293531609405904,4.619627749576988,4.619627749576988,False
26,product_type_name,Skirt,3,20,0.15,0.033404146216394405,4.490460526315789,4.490460526315789,False
26,colour_group_name,Beige,4,20,0.2,0.04585744634092741,4.361341853035143,4.361341853035143,False
26,colour_group_name,Dark Red,1,20,0.05,0.0128195736576075,3.900285714285715,3.900285714285715,False
26,colour_group_name,Dark Beige,1,20,0.05,0.012966083070837301,3.856214689265537,3.856214689265537,False
26,garment_group_name,Dresses Ladies,5,20,0.25,0.06651527360632921,3.758535242290749,3.758535242290749,False
26,department_name,Blouse & Dress,1,20,0.05,0.013478866017141601,3.7095108695652175,3.7095108695652175,False
26,product_type_name,Cardigan,1,20,0.05,0.014064903670060802,3.554947916666667,3.554947916666667,False
26,perceived_colour_master_name,Lilac Purple,1,20,0.05,0.014724196029594901,3.395771144278607,3.395771144278607,False
26,department_name,Trouser,3,20,0.15,0.0446121163284741,3.3623152709359605,3.3623152709359605,False
26,colour_group_name,Off White,2,20,0.1,0.030180939125338802,3.313349514563107,3.313349514563107,False
26,product_type_name,Blouse,3,20,0.15,0.045344663394623105,3.307996768982229,3.307996768982229,False
26,section_name,Womens Everyday Collection,8,20,0.4,0.12218885063365321,3.273621103117506,3.273621103117506,False
26,section_name,Womens Trend,2,20,0.1,0.030986740898102702,3.227186761229315,3.227186761229315,False
26,perceived_colour_master_name,Beige,5,20,0.25,0.08482895026005421,2.9471070811744386,2.9471070811744386,False
26,garment_group_name,Blouses,5,20,0.25,0.0860742802725075,2.904468085106383,2.904468085106383,False
26,colour_group_name,Yellowish Brown,1,20,0.05,0.0187532048934144,2.6662109375000003,2.6662109375000003,False
26,product_type_name,Dress,6,20,0.3,0.11750054941029961,2.5531795511221946,2.5531795511221946,False
26,department_name,Knitwear,2,20,0.1,0.039557541572046,2.527962962962963,2.527962962962963,False
26,garment_group_name,Trousers,4,20,0.2,0.0825580543549923,2.4225377107364685,2.4225377107364685,False
26,department_name,Dresses,1,20,0.05,0.021024100798476303,2.3782229965156794,2.3782229965156794,False
26,perceived_colour_master_name,Mole,1,20,0.05,0.021097355505091203,2.3699652777777778,2.3699652777777778,False
26,product_group_name,Garment Full body,6,20,0.3,0.1304666324811369,2.299438517686693,2.299438517686693,False
26,graphical_appearance_name,Check,1,20,0.05,0.023001977877078604,2.1737261146496816,2.1737261146496816,False
26,perceived_colour_master_name,Red,1,20,0.05,0.0232217419969233,2.1531545741324924,2.1531545741324924,False
26,colour_group_name,Light Beige,2,20,0.1,0.0478353234195297,2.090505359877489,2.090505359877489,False
26,perceived_colour_master_name,Brown,1,20,0.05,0.026151930261519303,1.911904761904762,1.911904761904762,False
26,colour_group_name,Greenish Khaki,1,20,0.05,0.027910043220276903,1.7914698162729659,1.7914698162729659,False
26,product_group_name,Garment Lower body,7,20,0.35,0.2052596879349498,1.7051570306923627,1.7051570306923627,False
26,index_group_name,Ladieswear,19,20,0.95,0.5894806241301004,1.611588169504163,1.611588169504163,False
26,perceived_colour_master_name,White,4,20,0.2,0.12797597245623032,1.5627933600457928,1.5627933600457928,False
26,product_type_name,Trousers,4,20,0.2,0.1310526701340561,1.5261039686975966,1.5261039686975966,False
26,garment_group_name,Knitwear,2,20,0.1,0.06695480184601861,1.4935448577680526,1.4935448577680526,False
26,perceived_colour_master_name,Khaki green,1,20,0.05,0.035015749761922205,1.427928870292887,1.427928870292887,False
26,graphical_appearance_name,All over pattern,3,20,0.15,0.10709838107098381,1.400581395348837,1.400581395348837,False
26,colour_group_name,Light Pink,1,20,0.05,0.036773862720679805,1.3596613545816734,1.3596613545816734,False
26,graphical_appearance_name,Solid,12,20,0.6,0.5812760969892315,1.032211720226843,1.032211720226843,False
26,colour_group_name,Black,5,20,0.25,0.28027250750860744,0.8919890224777836,0.8919890224777836,False
26,perceived_colour_master_name,Black,5,20,0.25,0.28173760164090544,0.8873504940197607,0.8873504940197607,False
26,product_group_name,Garment Upper body,6,20,0.3,0.38905574683173394,0.7710977217096592,0.7710977217096592,False
26,perceived_colour_master_name,Pink,1,20,0.05,0.06702805655263351,0.7459562841530054,0.7459562841530054,False
26,colour_group_name,White,1,20,0.05,0.0960369203721339,0.5206331045003815,0.5206331045003815,False
26,section_name,Divided Collection,1,20,0.05,0.10409493809977291,0.48033075299085154,0.48033075299085154,False
26,index_group_name,Divided,1,20,0.05,0.2062119991209435,0.2424689165186501,0.2424689165186501,False
27,department_name,Socks,8,20,0.4,0.0071057065416453005,56.292783505154645,56.292783505154645,True
27,graphical_appearance_name,Glittering/Metallic,5,20,0.25,0.0055673577027324,44.9046052631579,44.9046052631579,True
27,graphical_appearance_name,Other pattern,1,20,0.05,0.0015383488389129002,32.50238095238095,32.50238095238095,False
27,department_name,Clean Lingerie,4,20,0.2,0.0107684418723903,18.57278911564626,18.57278911564626,True
27,product_type_name,Socks,8,20,0.4,0.0240275437696872,16.647560975609757,16.647560975609757,False
27,garment_group_name,Socks and Tights,8,20,0.4,0.030254193831953703,13.22130750605327,13.22130750605327,False
27,product_group_name,Socks & Tights,8,20,0.4,0.030766976778258005,13.00095238095238,13.00095238095238,False
27,section_name,"Womens Nightwear, Socks & Tigh",8,20,0.4,0.034869240348692404,11.471428571428572,11.471428571428572,False
27,department_name,Ladies Sport Bras,3,20,0.15,0.014943960149439602,10.0375,10.0375,False
27,product_type_name,Unknown,1,20,0.05,0.006080140649036701,8.223493975903615,8.223493975903615,False
27,product_group_name,Unknown,1,20,0.05,0.006080140649036701,8.223493975903615,8.223493975903615,False
27,department_name,Expressive Lingerie,3,20,0.15,0.018313676653725002,8.1906,8.1906,False
27,product_type_name,Underwear bottom,5,20,0.25,0.031133250311332503,8.03,8.03,False
27,section_name,Womens Lingerie,9,20,0.45,0.05765145410592631,7.805527318932656,7.805527318932656,False
27,colour_group_name,Light Orange,2,20,0.1,0.014724196029594901,6.791542288557214,6.791542288557214,False
27,colour_group_name,Dark Pink,1,20,0.05,0.007911508314409201,6.319907407407407,6.319907407407407,False
27,product_group_name,Underwear,8,20,0.4,0.06768734891216761,5.909523809523809,5.909523809523809,False
27,department_name,Casual Lingerie,2,20,0.1,0.017581129587576003,5.687916666666666,5.687916666666666,False
27,section_name,Ladies H&M Sport,3,20,0.15,0.0265182037945938,5.656491712707182,5.656491712707182,False
27,colour_group_name,Yellowish Brown,2,20,0.1,0.0187532048934144,5.3324218750000005,5.3324218750000005,False
27,garment_group_name,"Under-, Nightwear",9,20,0.45,0.08475569555343931,5.309377700950734,5.309377700950734,False
27,colour_group_name,Green,1,20,0.05,0.009742875979781702,5.131954887218045,5.131954887218045,False
27,product_type_name,Bra,3,20,0.15,0.0326715991502454,4.591143497757847,4.591143497757847,False
27,index_group_name,Sport,3,20,0.15,0.033111127389934804,4.5301991150442475,4.5301991150442475,False
27,perceived_colour_master_name,Brown,2,20,0.1,0.026151930261519303,3.823809523809524,3.823809523809524,False
27,colour_group_name,Light Blue,2,20,0.1,0.026957732034283203,3.7095108695652175,3.7095108695652175,False
27,perceived_colour_master_name,Orange,2,20,0.1,0.0273972602739726,3.6500000000000004,3.6500000000000004,False
27,colour_group_name,Light Grey,1,20,0.05,0.014797450736209802,3.378960396039604,3.378960396039604,False
27,colour_group_name,Light Pink,2,20,0.1,0.036773862720679805,2.7193227091633467,2.7193227091633467,False
27,perceived_colour_master_name,Pink,3,20,0.15,0.06702805655263351,2.237868852459016,2.237868852459016,False
27,colour_group_name,Beige,2,20,0.1,0.04585744634092741,2.1806709265175717,2.1806709265175717,False
27,product_type_name,Top,2,20,0.1,0.050692256977510806,1.9726878612716763,1.9726878612716763,False
27,product_type_name,Vest top,1,20,0.05,0.030107684418723902,1.660705596107056,1.660705596107056,False
27,colour_group_name,White,3,20,0.15,0.0960369203721339,1.561899313501144,1.561899313501144,False
27,index_group_name,Ladieswear,17,20,0.85,0.5894806241301004,1.4419473095563564,1.4419473095563564,False
27,perceived_colour_master_name,Khaki green,1,20,0.05,0.035015749761922205,1.427928870292887,1.427928870292887,False
27,graphical_appearance_name,All over pattern,3,20,0.15,0.10709838107098381,1.400581395348837,1.400581395348837,False
27,perceived_colour_master_name,Beige,2,20,0.1,0.08482895026005421,1.1788428324697755,1.1788428324697755,False
27,perceived_colour_master_name,White,3,20,0.15,0.12797597245623032,1.1720950200343445,1.1720950200343445,False
27,graphical_appearance_name,Solid,11,20,0.55,0.5812760969892315,0.9461940768746062,0.9461940768746062,False
27,garment_group_name,Jersey Fancy,3,20,0.15,0.16672771225551242,0.8996704745166959,0.8996704745166959,False
27,perceived_colour_master_name,Blue,2,20,0.1,0.11933191707567212,0.8379987722529159,0.8379987722529159,False
27,colour_group_name,Black,4,20,0.2,0.28027250750860744,0.7135912179822269,0.7135912179822269,False
27,perceived_colour_master_name,Black,4,20,0.2,0.28173760164090544,0.7098803952158086,0.7098803952158086,False
27,perceived_colour_master_name,Grey,1,20,0.05,0.07113032012306791,0.7029351184346034,0.7029351184346034,False
27,product_group_name,Garment Upper body,3,20,0.15,0.38905574683173394,0.3855488608548296,0.3855488608548296,False
28,department_name,Heavy Basic Jersey,12,20,0.6,0.006080140649036701,98.68192771084337,98.68192771084337,True
28,section_name,Men Underwear,15,20,0.75,0.0358215515346861,20.93711656441718,20.93711656441718,True
28,department_name,Light Basic Jersey,3,20,0.15,0.013771884843601201,10.891755319148936,10.891755319148936,True
28,colour_group_name,Dark Green,4,20,0.2,0.018533440773569703,10.791304347826086,10.791304347826086,False
28,product_type_name,Hoodie,4,20,0.2,0.0206578272654018,9.681560283687944,9.681560283687944,False
28,garment_group_name,Jersey Basic,16,20,0.8,0.09003003442971211,8.88592351505289,8.88592351505289,False
28,index_group_name,Menswear,18,20,0.9,0.10438795692623251,8.621684210526317,8.621684210526317,False
28,product_type_name,Sweater,10,20,0.5,0.0791883378507069,6.314061054579094,6.314061054579094,False
28,department_name,Denim trousers,1,20,0.05,0.007984763021024101,6.261926605504587,6.261926605504587,False
28,section_name,Denim Men,1,20,0.05,0.0085708006739433,5.833760683760684,5.833760683760684,False
28,section_name,Contemporary Smart,2,20,0.1,0.0180206578272654,5.549186991869919,5.549186991869919,False
28,perceived_colour_master_name,Green,3,20,0.15,0.027910043220276903,5.374409448818898,5.374409448818898,False
28,colour_group_name,Yellowish Brown,2,20,0.1,0.0187532048934144,5.3324218750000005,5.3324218750000005,False
28,perceived_colour_master_name,Brown,2,20,0.1,0.026151930261519303,3.823809523809524,3.823809523809524,False
28,product_type_name,T-shirt,4,20,0.2,0.05757819939931141,3.4735368956743002,3.4735368956743002,False
28,graphical_appearance_name,Melange,4,20,0.2,0.0617537176763607,3.2386714116251487,3.2386714116251487,False
28,colour_group_name,Grey,2,20,0.1,0.031059995604717602,3.2195754716981133,3.2195754716981133,False
28,department_name,Knitwear,2,20,0.1,0.039557541572046,2.527962962962963,2.527962962962963,False
28,product_group_name,Garment Upper body,19,20,0.95,0.38905574683173394,2.4418094520805873,2.4418094520805873,False
28,perceived_colour_master_name,Mole,1,20,0.05,0.021097355505091203,2.3699652777777778,2.3699652777777778,False
28,graphical_appearance_name,Check,1,20,0.05,0.023001977877078604,2.1737261146496816,2.1737261146496816,False
28,perceived_colour_master_name,Grey,3,20,0.15,0.07113032012306791,2.10880535530381,2.10880535530381,False
28,colour_group_name,Light Blue,1,20,0.05,0.026957732034283203,1.8547554347826087,1.8547554347826087,False
28,department_name,Basic 1,1,20,0.05,0.029228627939345102,1.7106516290726819,1.7106516290726819,False
28,colour_group_name,Dark Grey,1,20,0.05,0.029375137352574902,1.70211970074813,1.70211970074813,False
28,product_type_name,Shirt,1,20,0.05,0.031646033257636805,1.5799768518518518,1.5799768518518518,False
28,section_name,Divided Basics,1,20,0.05,0.03208556149732621,1.5583333333333333,1.5583333333333333,False
28,colour_group_name,Blue,1,20,0.05,0.033330891509779505,1.5001098901098902,1.5001098901098902,False
28,garment_group_name,Knitwear,2,20,0.1,0.06695480184601861,1.4935448577680526,1.4935448577680526,False
28,perceived_colour_master_name,Khaki green,1,20,0.05,0.035015749761922205,1.427928870292887,1.427928870292887,False
28,section_name,Womens Casual,1,20,0.05,0.039557541572046,1.2639814814814816,1.2639814814814816,False
28,perceived_colour_master_name,Blue,3,20,0.15,0.11933191707567212,1.2569981583793737,1.2569981583793737,False
28,graphical_appearance_name,Solid,14,20,0.7,0.5812760969892315,1.204247006931317,1.204247006931317,False
28,garment_group_name,Trousers Denim,1,20,0.05,0.0430737674895612,1.1607993197278912,1.1607993197278912,False
28,department_name,Blouse,1,20,0.05,0.043293531609405904,1.154906937394247,1.154906937394247,False
28,colour_group_name,Beige,1,20,0.05,0.04585744634092741,1.0903354632587858,1.0903354632587858,False
28,colour_group_name,Light Beige,1,20,0.05,0.0478353234195297,1.0452526799387445,1.0452526799387445,False
28,colour_group_name,White,2,20,0.1,0.0960369203721339,1.041266209000763,1.041266209000763,False
28,colour_group_name,Dark Blue,1,20,0.05,0.058970038824994506,0.847888198757764,0.847888198757764,False
28,perceived_colour_master_name,White,2,20,0.1,0.12797597245623032,0.7813966800228964,0.7813966800228964,False
28,colour_group_name,Black,4,20,0.2,0.28027250750860744,0.7135912179822269,0.7135912179822269,False
28,perceived_colour_master_name,Black,4,20,0.2,0.28173760164090544,0.7098803952158086,0.7098803952158086,False
28,graphical_appearance_name,Denim,1,20,0.05,0.074719800747198,0.6691666666666668,0.6691666666666668,False
28,perceived_colour_master_name,Beige,1,20,0.05,0.08482895026005421,0.5894214162348878,0.5894214162348878,False
28,garment_group_name,Blouses,1,20,0.05,0.0860742802725075,0.5808936170212766,0.5808936170212766,False
28,product_type_name,Trousers,1,20,0.05,0.1310526701340561,0.38152599217439914,0.38152599217439914,False
28,product_group_name,Garment Lower body,1,20,0.05,0.2052596879349498,0.2435938615274804,0.2435938615274804,False
28,index_group_name,Divided,1,20,0.05,0.2062119991209435,0.2424689165186501,0.2424689165186501,False
28,index_group_name,Ladieswear,1,20,0.05,0.5894806241301004,0.08482042997390332,0.08482042997390332,False
29,department_name,Heavy Basic Jersey,12,20,0.6,0.006080140649036701,98.68192771084337,98.68192771084337,True
29,section_name,Men Underwear,15,20,0.75,0.0358215515346861,20.93711656441718,20.93711656441718,True
29,product_type_name,Hoodie,5,20,0.25,0.0206578272654018,12.10195035460993,12.10195035460993,True
29,department_name,Light Basic Jersey,3,20,0.15,0.013771884843601201,10.891755319148936,10.891755319148936,False
29,garment_group_name,Jersey Basic,16,20,0.8,0.09003003442971211,8.88592351505289,8.88592351505289,False
29,index_group_name,Menswear,18,20,0.9,0.10438795692623251,8.621684210526317,8.621684210526317,False
29,colour_group_name,Dark Green,3,20,0.15,0.018533440773569703,8.093478260869565,8.093478260869565,False
29,department_name,Denim trousers,1,20,0.05,0.007984763021024101,6.261926605504587,6.261926605504587,False
29,section_name,Denim Men,1,20,0.05,0.0085708006739433,5.833760683760684,5.833760683760684,False
29,product_type_name,Sweater,9,20,0.45,0.0791883378507069,5.682654949121185,5.682654949121185,False
29,section_name,Contemporary Smart,2,20,0.1,0.0180206578272654,5.549186991869919,5.549186991869919,False
29,perceived_colour_master_name,Green,3,20,0.15,0.027910043220276903,5.374409448818898,5.374409448818898,False
29,colour_group_name,Yellowish Brown,2,20,0.1,0.0187532048934144,5.3324218750000005,5.3324218750000005,False
29,perceived_colour_master_name,Brown,2,20,0.1,0.026151930261519303,3.823809523809524,3.823809523809524,False
29,product_type_name,T-shirt,4,20,0.2,0.05757819939931141,3.4735368956743002,3.4735368956743002,False
29,graphical_appearance_name,Melange,4,20,0.2,0.0617537176763607,3.2386714116251487,3.2386714116251487,False
29,colour_group_name,Grey,2,20,0.1,0.031059995604717602,3.2195754716981133,3.2195754716981133,False
29,department_name,Knitwear,2,20,0.1,0.039557541572046,2.527962962962963,2.527962962962963,False
29,product_group_name,Garment Upper body,19,20,0.95,0.38905574683173394,2.4418094520805873,2.4418094520805873,False
29,perceived_colour_master_name,Mole,1,20,0.05,0.021097355505091203,2.3699652777777778,2.3699652777777778,False
29,graphical_appearance_name,Check,1,20,0.05,0.023001977877078604,2.1737261146496816,2.1737261146496816,False
29,perceived_colour_master_name,Grey,3,20,0.15,0.07113032012306791,2.10880535530381,2.10880535530381,False
29,colour_group_name,Light Blue,1,20,0.05,0.026957732034283203,1.8547554347826087,1.8547554347826087,False
29,department_name,Basic 1,1,20,0.05,0.029228627939345102,1.7106516290726819,1.7106516290726819,False
29,colour_group_name,Dark Grey,1,20,0.05,0.029375137352574902,1.70211970074813,1.70211970074813,False
29,product_type_name,Shirt,1,20,0.05,0.031646033257636805,1.5799768518518518,1.5799768518518518,False
29,section_name,Divided Basics,1,20,0.05,0.03208556149732621,1.5583333333333333,1.5583333333333333,False
29,colour_group_name,Blue,1,20,0.05,0.033330891509779505,1.5001098901098902,1.5001098901098902,False
29,garment_group_name,Knitwear,2,20,0.1,0.06695480184601861,1.4935448577680526,1.4935448577680526,False
29,section_name,Womens Casual,1,20,0.05,0.039557541572046,1.2639814814814816,1.2639814814814816,False
29,perceived_colour_master_name,Blue,3,20,0.15,0.11933191707567212,1.2569981583793737,1.2569981583793737,False
29,graphical_appearance_name,Solid,14,20,0.7,0.5812760969892315,1.204247006931317,1.204247006931317,False
29,garment_group_name,Trousers Denim,1,20,0.05,0.0430737674895612,1.1607993197278912,1.1607993197278912,False
29,department_name,Blouse,1,20,0.05,0.043293531609405904,1.154906937394247,1.154906937394247,False
29,colour_group_name,Beige,1,20,0.05,0.04585744634092741,1.0903354632587858,1.0903354632587858,False
29,colour_group_name,Light Beige,1,20,0.05,0.0478353234195297,1.0452526799387445,1.0452526799387445,False
29,colour_group_name,White,2,20,0.1,0.0960369203721339,1.041266209000763,1.041266209000763,False
29,colour_group_name,Black,5,20,0.25,0.28027250750860744,0.8919890224777836,0.8919890224777836,False
29,perceived_colour_master_name,Black,5,20,0.25,0.28173760164090544,0.8873504940197607,0.8873504940197607,False
29,colour_group_name,Dark Blue,1,20,0.05,0.058970038824994506,0.847888198757764,0.847888198757764,False
29,perceived_colour_master_name,White,2,20,0.1,0.12797597245623032,0.7813966800228964,0.7813966800228964,False
29,graphical_appearance_name,Denim,1,20,0.05,0.074719800747198,0.6691666666666668,0.6691666666666668,False
29,perceived_colour_master_name,Beige,1,20,0.05,0.08482895026005421,0.5894214162348878,0.5894214162348878,False
29,garment_group_name,Blouses,1,20,0.05,0.0860742802725075,0.5808936170212766,0.5808936170212766,False
29,product_type_name,Trousers,1,20,0.05,0.1310526701340561,0.38152599217439914,0.38152599217439914,False
29,product_group_name,Garment Lower body,1,20,0.05,0.2052596879349498,0.2435938615274804,0.2435938615274804,False
29,index_group_name,Divided,1,20,0.05,0.2062119991209435,0.2424689165186501,0.2424689165186501,False
29,index_group_name,Ladieswear,1,20,0.05,0.5894806241301004,0.08482042997390332,0.08482042997390332,False
30,colour_group_name,Dark Turquoise,2,20,0.1,0.0027104241447513003,36.894594594594594,36.894594594594594,True
30,department_name,Suit,4,20,0.2,0.0057871218225771,34.55949367088608,34.55949367088608,True
30,colour_group_name,Turquoise,1,20,0.05,0.0028569335579811004,17.50128205128205,17.50128205128205,False
30,perceived_colour_master_name,Turquoise,3,20,0.15,0.009230093033477401,16.251190476190473,16.251190476190473,True
30,section_name,Womens Tailoring,20,20,1.0,0.06343857592850341,15.763279445727482,15.763279445727482,False
30,garment_group_name,Dressed,4,20,0.2,0.013112592484067102,15.252513966480448,15.252513966480448,False
30,product_type_name,Blazer,4,20,0.2,0.014211413083290601,14.073195876288661,14.073195876288661,False
30,product_type_name,Top,11,20,0.55,0.050692256977510806,10.84978323699422,10.84978323699422,False
30,colour_group_name,Dark Green,4,20,0.2,0.018533440773569703,10.791304347826086,10.791304347826086,False
30,department_name,Jersey,11,20,0.55,0.060801406490367006,9.045843373493977,9.045843373493977,False
30,graphical_appearance_name,Other structure,4,20,0.2,0.022855468463848803,8.750641025641025,8.750641025641025,False
30,department_name,Skirt,2,20,0.1,0.011647498351769101,8.58553459119497,8.58553459119497,False
30,garment_group_name,Skirts,2,20,0.1,0.0195590066661783,5.112734082397004,5.112734082397004,False
30,perceived_colour_master_name,Khaki green,3,20,0.15,0.035015749761922205,4.283786610878661,4.283786610878661,False
30,colour_group_name,Dark Red,1,20,0.05,0.0128195736576075,3.900285714285715,3.900285714285715,False
30,colour_group_name,Dark Beige,1,20,0.05,0.012966083070837301,3.856214689265537,3.856214689265537,False
30,perceived_colour_master_name,Green,2,20,0.1,0.027910043220276903,3.5829396325459317,3.5829396325459317,False
30,garment_group_name,Jersey Fancy,11,20,0.55,0.16672771225551242,3.2987917398945523,3.2987917398945523,False
30,colour_group_name,Grey,2,20,0.1,0.031059995604717602,3.2195754716981133,3.2195754716981133,False
30,product_type_name,Skirt,2,20,0.1,0.033404146216394405,2.993640350877193,2.993640350877193,False
30,colour_group_name,Dark Blue,3,20,0.15,0.058970038824994506,2.543664596273292,2.543664596273292,False
30,department_name,Trouser,2,20,0.1,0.0446121163284741,2.2415435139573074,2.2415435139573074,False
30,perceived_colour_master_name,Red,1,20,0.05,0.0232217419969233,2.1531545741324924,2.1531545741324924,False
30,colour_group_name,Light Beige,2,20,0.1,0.0478353234195297,2.090505359877489,2.090505359877489,False
30,product_group_name,Garment Upper body,16,20,0.8,0.38905574683173394,2.056260591225758,2.056260591225758,False
30,colour_group_name,Greenish Khaki,1,20,0.05,0.027910043220276903,1.7914698162729659,1.7914698162729659,False
30,perceived_colour_master_name,Beige,3,20,0.15,0.08482895026005421,1.768264248704663,1.768264248704663,False
30,index_group_name,Ladieswear,20,20,1.0,0.5894806241301004,1.6964085994780662,1.6964085994780662,False
30,perceived_colour_master_name,Grey,2,20,0.1,0.07113032012306791,1.4058702368692069,1.4058702368692069,False
30,graphical_appearance_name,Solid,15,20,0.75,0.5812760969892315,1.290264650283554,1.290264650283554,False
30,perceived_colour_master_name,Blue,3,20,0.15,0.11933191707567212,1.2569981583793737,1.2569981583793737,False
30,garment_group_name,Trousers,2,20,0.1,0.0825580543549923,1.2112688553682343,1.2112688553682343,False
30,department_name,Blouse,1,20,0.05,0.043293531609405904,1.154906937394247,1.154906937394247,False
30,product_type_name,Blouse,1,20,0.05,0.045344663394623105,1.1026655896607431,1.1026655896607431,False
30,product_group_name,Garment Lower body,4,20,0.2,0.2052596879349498,0.9743754461099216,0.9743754461099216,False
30,product_type_name,Trousers,2,20,0.1,0.1310526701340561,0.7630519843487983,0.7630519843487983,False
30,garment_group_name,Blouses,1,20,0.05,0.0860742802725075,0.5808936170212766,0.5808936170212766,False
30,colour_group_name,White,1,20,0.05,0.0960369203721339,0.5206331045003815,0.5206331045003815,False
30,graphical_appearance_name,All over pattern,1,20,0.05,0.10709838107098381,0.4668604651162791,0.4668604651162791,False
30,perceived_colour_master_name,White,1,20,0.05,0.12797597245623032,0.3906983400114482,0.3906983400114482,False
30,colour_group_name,Black,2,20,0.1,0.28027250750860744,0.35679560899111346,0.35679560899111346,False
30,perceived_colour_master_name,Black,2,20,0.1,0.28173760164090544,0.3549401976079043,0.3549401976079043,False
31,section_name,Mama,18,20,0.9,0.023294996703538202,38.63490566037736,38.63490566037736,True
31,department_name,Mama Lingerie,1,20,0.05,0.0019046223719874002,26.251923076923077,26.251923076923077,False
31,department_name,Woven bottoms,5,20,0.25,0.009669621273166801,25.854166666666664,25.854166666666664,True
31,product_type_name,Leggings/Tights,4,20,0.2,0.018313676653725002,10.9208,10.9208,True
31,department_name,Jersey,11,20,0.55,0.060801406490367006,9.045843373493977,9.045843373493977,False
31,product_type_name,Underwear Tights,1,20,0.05,0.006739433008570801,7.419021739130435,7.419021739130435,False
31,department_name,Tights basic,1,20,0.05,0.008277781847483701,6.040265486725664,6.040265486725664,False
31,colour_group_name,Dark Orange,1,20,0.05,0.009230093033477401,5.417063492063492,5.417063492063492,False
31,perceived_colour_master_name,Lilac Purple,1,20,0.05,0.014724196029594901,3.395771144278607,3.395771144278607,False
31,graphical_appearance_name,Stripe,2,20,0.1,0.030034429712109,3.3295121951219517,3.3295121951219517,False
31,garment_group_name,Jersey Fancy,11,20,0.55,0.16672771225551242,3.2987917398945523,3.2987917398945523,False
31,colour_group_name,Grey,2,20,0.1,0.031059995604717602,3.2195754716981133,3.2195754716981133,False
31,garment_group_name,Trousers,5,20,0.25,0.0825580543549923,3.0281721384205857,3.0281721384205857,False
31,product_group_name,Garment Lower body,11,20,0.55,0.2052596879349498,2.6795324768022843,2.6795324768022843,False
31,graphical_appearance_name,Denim,4,20,0.2,0.074719800747198,2.676666666666667,2.676666666666667,False
31,colour_group_name,Dark Blue,3,20,0.15,0.058970038824994506,2.543664596273292,2.543664596273292,False
31,department_name,Knitwear,2,20,0.1,0.039557541572046,2.527962962962963,2.527962962962963,False
31,colour_group_name,Pink,1,20,0.05,0.021024100798476303,2.3782229965156794,2.3782229965156794,False
31,product_type_name,Trousers,6,20,0.3,0.1310526701340561,2.2891559530463947,2.2891559530463947,False
31,perceived_colour_master_name,Red,1,20,0.05,0.0232217419969233,2.1531545741324924,2.1531545741324924,False
31,perceived_colour_master_name,Grey,3,20,0.15,0.07113032012306791,2.10880535530381,2.10880535530381,False
31,product_type_name,Top,2,20,0.1,0.050692256977510806,1.9726878612716763,1.9726878612716763,False
31,product_type_name,T-shirt,2,20,0.1,0.05757819939931141,1.7367684478371501,1.7367684478371501,False
31,colour_group_name,Dark Grey,1,20,0.05,0.029375137352574902,1.70211970074813,1.70211970074813,False
31,index_group_name,Ladieswear,20,20,1.0,0.5894806241301004,1.6964085994780662,1.6964085994780662,False
31,colour_group_name,Off White,1,20,0.05,0.030180939125338802,1.6566747572815534,1.6566747572815534,False
31,garment_group_name,Socks and Tights,1,20,0.05,0.030254193831953703,1.6526634382566587,1.6526634382566587,False
31,product_group_name,Socks & Tights,1,20,0.05,0.030766976778258005,1.6251190476190476,1.6251190476190476,False
31,graphical_appearance_name,Melange,2,20,0.1,0.0617537176763607,1.6193357058125744,1.6193357058125744,False
31,product_type_name,Underwear bottom,1,20,0.05,0.031133250311332503,1.606,1.606,False
31,colour_group_name,Black,9,20,0.45,0.28027250750860744,1.6055802404600104,1.6055802404600104,False
31,perceived_colour_master_name,Black,9,20,0.45,0.28173760164090544,1.5972308892355693,1.5972308892355693,False
31,product_type_name,Skirt,1,20,0.05,0.033404146216394405,1.4968201754385966,1.4968201754385966,False
31,garment_group_name,Knitwear,2,20,0.1,0.06695480184601861,1.4935448577680526,1.4935448577680526,False
31,section_name,"Womens Nightwear, Socks & Tigh",1,20,0.05,0.034869240348692404,1.4339285714285714,1.4339285714285714,False
31,product_type_name,Sweater,2,20,0.1,0.0791883378507069,1.2628122109158189,1.2628122109158189,False
31,perceived_colour_master_name,White,3,20,0.15,0.12797597245623032,1.1720950200343445,1.1720950200343445,False
31,colour_group_name,White,2,20,0.1,0.0960369203721339,1.041266209000763,1.041266209000763,False
31,graphical_appearance_name,Solid,12,20,0.6,0.5812760969892315,1.032211720226843,1.032211720226843,False
31,section_name,Womens Lingerie,1,20,0.05,0.05765145410592631,0.8672808132147396,0.8672808132147396,False
31,perceived_colour_master_name,Blue,2,20,0.1,0.11933191707567212,0.8379987722529159,0.8379987722529159,False
31,product_group_name,Garment Upper body,6,20,0.3,0.38905574683173394,0.7710977217096592,0.7710977217096592,False
31,perceived_colour_master_name,Pink,1,20,0.05,0.06702805655263351,0.7459562841530054,0.7459562841530054,False
31,product_group_name,Underwear,1,20,0.05,0.06768734891216761,0.7386904761904761,0.7386904761904761,False
31,garment_group_name,"Under-, Nightwear",1,20,0.05,0.08475569555343931,0.5899308556611927,0.5899308556611927,False
31,product_type_name,Dress,1,20,0.05,0.11750054941029961,0.4255299251870325,0.4255299251870325,False
31,product_group_name,Garment Full body,1,20,0.05,0.1304666324811369,0.3832397529477822,0.3832397529477822,False
32,department_name,Trousers & Skirt,1,20,0.05,0.0028569335579811004,17.50128205128205,17.50128205128205,False
32,graphical_appearance_name,Contrast,1,20,0.05,0.0034429712109003002,14.522340425531917,14.522340425531917,False
32,department_name,Suit jacket,1,20,0.05,0.0053475935828877,9.350000000000001,9.350000000000001,False
32,department_name,Suit,1,20,0.05,0.0057871218225771,8.63987341772152,8.63987341772152,False
32,department_name,Skirt,2,20,0.1,0.011647498351769101,8.58553459119497,8.58553459119497,True
32,garment_group_name,Dressed,2,20,0.1,0.013112592484067102,7.626256983240224,7.626256983240224,True
32,department_name,Boots,1,20,0.05,0.0066661783019559,7.500549450549451,7.500549450549451,False
32,section_name,Womens Tailoring,9,20,0.45,0.06343857592850341,7.093475750577367,7.093475750577367,True
32,product_type_name,Blazer,2,20,0.1,0.014211413083290601,7.036597938144331,7.036597938144331,False
32,graphical_appearance_name,Other structure,3,20,0.15,0.022855468463848803,6.5629807692307685,6.5629807692307685,False
32,colour_group_name,Light Purple,1,20,0.05,0.008717310087173101,5.735714285714286,5.735714285714286,False
32,colour_group_name,Red,1,20,0.05,0.009156838326862501,5.4604,5.4604,False
32,product_type_name,Boots,1,20,0.05,0.009303347740092302,5.374409448818898,5.374409448818898,False
32,colour_group_name,Yellowish Brown,2,20,0.1,0.0187532048934144,5.3324218750000005,5.3324218750000005,False
32,garment_group_name,Skirts,2,20,0.1,0.0195590066661783,5.112734082397004,5.112734082397004,False
32,colour_group_name,Off White,3,20,0.15,0.030180939125338802,4.97002427184466,4.97002427184466,False
32,product_type_name,Skirt,3,20,0.15,0.033404146216394405,4.490460526315789,4.490460526315789,False
32,colour_group_name,Beige,4,20,0.2,0.04585744634092741,4.361341853035143,4.361341853035143,False
32,perceived_colour_master_name,Red,2,20,0.1,0.0232217419969233,4.306309148264985,4.306309148264985,False
32,department_name,Dress,3,20,0.15,0.035894806241301,4.178877551020408,4.178877551020408,False
32,graphical_appearance_name,Lace,1,20,0.05,0.012673064244377702,3.9453757225433526,3.9453757225433526,False
32,colour_group_name,Dark Red,1,20,0.05,0.0128195736576075,3.900285714285715,3.900285714285715,False
32,perceived_colour_master_name,Brown,2,20,0.1,0.026151930261519303,3.823809523809524,3.823809523809524,False
32,department_name,Blouse & Dress,1,20,0.05,0.013478866017141601,3.7095108695652175,3.7095108695652175,False
32,product_type_name,Cardigan,1,20,0.05,0.014064903670060802,3.554947916666667,3.554947916666667,False
32,department_name,Blouse,3,20,0.15,0.043293531609405904,3.464720812182741,3.464720812182741,False
32,perceived_colour_master_name,Lilac Purple,1,20,0.05,0.014724196029594901,3.395771144278607,3.395771144278607,False
32,department_name,Trouser,3,20,0.15,0.0446121163284741,3.3623152709359605,3.3623152709359605,False
32,product_type_name,Blouse,3,20,0.15,0.045344663394623105,3.307996768982229,3.307996768982229,False
32,section_name,Womens Trend,2,20,0.1,0.030986740898102702,3.227186761229315,3.227186761229315,False
32,garment_group_name,Dresses Ladies,4,20,0.2,0.06651527360632921,3.0068281938325994,3.0068281938325994,False
32,section_name,Womens Everyday Collection,7,20,0.35,0.12218885063365321,2.8644184652278173,2.8644184652278173,False
32,department_name,Knitwear,2,20,0.1,0.039557541572046,2.527962962962963,2.527962962962963,False
32,garment_group_name,Trousers,4,20,0.2,0.0825580543549923,2.4225377107364685,2.4225377107364685,False
32,department_name,Dresses,1,20,0.05,0.021024100798476303,2.3782229965156794,2.3782229965156794,False
32,perceived_colour_master_name,Mole,1,20,0.05,0.021097355505091203,2.3699652777777778,2.3699652777777778,False
32,perceived_colour_master_name,Beige,4,20,0.2,0.08482895026005421,2.357685664939551,2.357685664939551,False
32,garment_group_name,Blouses,4,20,0.2,0.0860742802725075,2.3235744680851065,2.3235744680851065,False
32,graphical_appearance_name,Check,1,20,0.05,0.023001977877078604,2.1737261146496816,2.1737261146496816,False
32,product_type_name,Dress,5,20,0.25,0.11750054941029961,2.1276496259351623,2.1276496259351623,False
32,section_name,Womens Shoes,1,20,0.05,0.023734524943227604,2.106635802469136,2.106635802469136,False
32,colour_group_name,Light Beige,2,20,0.1,0.0478353234195297,2.090505359877489,2.090505359877489,False
32,department_name,Jersey fancy,1,20,0.05,0.0247600908358362,2.0193786982248523,2.0193786982248523,False
32,product_group_name,Garment Full body,5,20,0.25,0.1304666324811369,1.9161987647389107,1.9161987647389107,False
32,graphical_appearance_name,All over pattern,4,20,0.2,0.10709838107098381,1.8674418604651164,1.8674418604651164,False
32,garment_group_name,Shoes,1,20,0.05,0.026811222621053402,1.8648907103825139,1.8648907103825139,False
32,product_group_name,Shoes,1,20,0.05,0.026957732034283203,1.8547554347826087,1.8547554347826087,False
32,colour_group_name,Greenish Khaki,1,20,0.05,0.027910043220276903,1.7914698162729659,1.7914698162729659,False
32,product_group_name,Garment Lower body,7,20,0.35,0.2052596879349498,1.7051570306923627,1.7051570306923627,False
32,index_group_name,Ladieswear,19,20,0.95,0.5894806241301004,1.611588169504163,1.611588169504163,False
32,perceived_colour_master_name,White,4,20,0.2,0.12797597245623032,1.5627933600457928,1.5627933600457928,False
32,product_type_name,Trousers,4,20,0.2,0.1310526701340561,1.5261039686975966,1.5261039686975966,False
32,garment_group_name,Knitwear,2,20,0.1,0.06695480184601861,1.4935448577680526,1.4935448577680526,False
32,perceived_colour_master_name,Khaki green,1,20,0.05,0.035015749761922205,1.427928870292887,1.427928870292887,False
32,colour_group_name,Light Pink,1,20,0.05,0.036773862720679805,1.3596613545816734,1.3596613545816734,False
32,product_type_name,Top,1,20,0.05,0.050692256977510806,0.9863439306358381,0.9863439306358381,False
32,product_group_name,Garment Upper body,7,20,0.35,0.38905574683173394,0.8996140086612691,0.8996140086612691,False
32,graphical_appearance_name,Solid,10,20,0.5,0.5812760969892315,0.8601764335223693,0.8601764335223693,False
32,perceived_colour_master_name,Pink,1,20,0.05,0.06702805655263351,0.7459562841530054,0.7459562841530054,False
32,colour_group_name,Black,4,20,0.2,0.28027250750860744,0.7135912179822269,0.7135912179822269,False
32,perceived_colour_master_name,Black,4,20,0.2,0.28173760164090544,0.7098803952158086,0.7098803952158086,False
32,section_name,Divided Collection,1,20,0.05,0.10409493809977291,0.48033075299085154,0.48033075299085154,False
32,garment_group_name,Jersey Fancy,1,20,0.05,0.16672771225551242,0.299890158172232,0.299890158172232,False
32,index_group_name,Divided,1,20,0.05,0.2062119991209435,0.2424689165186501,0.2424689165186501,False
33,product_type_name,Pyjama bottom,1,20,0.05,0.0025639147315215,19.501428571428573,19.501428571428573,False
33,department_name,Trousers & Skirt,1,20,0.05,0.0028569335579811004,17.50128205128205,17.50128205128205,False
33,graphical_appearance_name,Contrast,1,20,0.05,0.0034429712109003002,14.522340425531917,14.522340425531917,False
33,department_name,Suit jacket,1,20,0.05,0.0053475935828877,9.350000000000001,9.350000000000001,False
33,department_name,Skirt,2,20,0.1,0.011647498351769101,8.58553459119497,8.58553459119497,True
33,product_type_name,Unknown,1,20,0.05,0.006080140649036701,8.223493975903615,8.223493975903615,False
33,product_group_name,Unknown,1,20,0.05,0.006080140649036701,8.223493975903615,8.223493975903615,False
33,department_name,Boots,1,20,0.05,0.0066661783019559,7.500549450549451,7.500549450549451,False
33,graphical_appearance_name,Other structure,3,20,0.15,0.022855468463848803,6.5629807692307685,6.5629807692307685,True
33,colour_group_name,Light Purple,1,20,0.05,0.008717310087173101,5.735714285714286,5.735714285714286,False
33,section_name,Womens Tailoring,7,20,0.35,0.06343857592850341,5.517147806004618,5.517147806004618,True
33,colour_group_name,Red,1,20,0.05,0.009156838326862501,5.4604,5.4604,False
33,product_type_name,Boots,1,20,0.05,0.009303347740092302,5.374409448818898,5.374409448818898,False
33,department_name,Loungewear,1,20,0.05,0.009596366566551901,5.21030534351145,5.21030534351145,False
33,product_group_name,Nightwear,1,20,0.05,0.009669621273166801,5.170833333333333,5.170833333333333,False
33,garment_group_name,Skirts,2,20,0.1,0.0195590066661783,5.112734082397004,5.112734082397004,False
33,colour_group_name,Off White,3,20,0.15,0.030180939125338802,4.97002427184466,4.97002427184466,False
33,product_type_name,Skirt,3,20,0.15,0.033404146216394405,4.490460526315789,4.490460526315789,False
33,colour_group_name,Beige,4,20,0.2,0.04585744634092741,4.361341853035143,4.361341853035143,False
33,department_name,Dress,3,20,0.15,0.035894806241301,4.178877551020408,4.178877551020408,False
33,graphical_appearance_name,Lace,1,20,0.05,0.012673064244377702,3.9453757225433526,3.9453757225433526,False
33,garment_group_name,Dressed,1,20,0.05,0.013112592484067102,3.813128491620112,3.813128491620112,False
33,department_name,Knitwear,3,20,0.15,0.039557541572046,3.7919444444444443,3.7919444444444443,False
33,section_name,Womens Everyday Collection,9,20,0.45,0.12218885063365321,3.6828237410071942,3.6828237410071942,False
33,product_type_name,Cardigan,1,20,0.05,0.014064903670060802,3.554947916666667,3.554947916666667,False
33,product_type_name,Blazer,1,20,0.05,0.014211413083290601,3.5182989690721653,3.5182989690721653,False
33,department_name,Blouse,3,20,0.15,0.043293531609405904,3.464720812182741,3.464720812182741,False
33,colour_group_name,Light Orange,1,20,0.05,0.014724196029594901,3.395771144278607,3.395771144278607,False
33,perceived_colour_master_name,Lilac Purple,1,20,0.05,0.014724196029594901,3.395771144278607,3.395771144278607,False
33,department_name,Trouser,3,20,0.15,0.0446121163284741,3.3623152709359605,3.3623152709359605,False
33,garment_group_name,Dresses Ladies,4,20,0.2,0.06651527360632921,3.0068281938325994,3.0068281938325994,False
33,garment_group_name,Trousers,4,20,0.2,0.0825580543549923,2.4225377107364685,2.4225377107364685,False
33,department_name,Dresses,1,20,0.05,0.021024100798476303,2.3782229965156794,2.3782229965156794,False
33,perceived_colour_master_name,Mole,1,20,0.05,0.021097355505091203,2.3699652777777778,2.3699652777777778,False
33,perceived_colour_master_name,Beige,4,20,0.2,0.08482895026005421,2.357685664939551,2.357685664939551,False
33,perceived_colour_master_name,White,6,20,0.3,0.12797597245623032,2.344190040068689,2.344190040068689,False
33,garment_group_name,Knitwear,3,20,0.15,0.06695480184601861,2.2403172866520786,2.2403172866520786,False
33,product_type_name,Blouse,2,20,0.1,0.045344663394623105,2.2053311793214863,2.2053311793214863,False
33,perceived_colour_master_name,Red,1,20,0.05,0.0232217419969233,2.1531545741324924,2.1531545741324924,False
33,section_name,Womens Shoes,1,20,0.05,0.023734524943227604,2.106635802469136,2.106635802469136,False
33,colour_group_name,Light Beige,2,20,0.1,0.0478353234195297,2.090505359877489,2.090505359877489,False
33,department_name,Jersey fancy,1,20,0.05,0.0247600908358362,2.0193786982248523,2.0193786982248523,False
33,garment_group_name,Shoes,1,20,0.05,0.026811222621053402,1.8648907103825139,1.8648907103825139,False
33,product_group_name,Shoes,1,20,0.05,0.026957732034283203,1.8547554347826087,1.8547554347826087,False
33,perceived_colour_master_name,Orange,1,20,0.05,0.0273972602739726,1.8250000000000002,1.8250000000000002,False
33,colour_group_name,Greenish Khaki,1,20,0.05,0.027910043220276903,1.7914698162729659,1.7914698162729659,False
33,garment_group_name,Blouses,3,20,0.15,0.0860742802725075,1.7426808510638299,1.7426808510638299,False
33,product_group_name,Garment Lower body,7,20,0.35,0.2052596879349498,1.7051570306923627,1.7051570306923627,False
33,product_type_name,Dress,4,20,0.2,0.11750054941029961,1.70211970074813,1.70211970074813,False
33,section_name,Womens Trend,1,20,0.05,0.030986740898102702,1.6135933806146574,1.6135933806146574,False
33,index_group_name,Ladieswear,19,20,0.95,0.5894806241301004,1.611588169504163,1.611588169504163,False
33,product_group_name,Garment Full body,4,20,0.2,0.1304666324811369,1.5329590117911287,1.5329590117911287,False
33,product_type_name,Trousers,4,20,0.2,0.1310526701340561,1.5261039686975966,1.5261039686975966,False
33,section_name,"Womens Nightwear, Socks & Tigh",1,20,0.05,0.034869240348692404,1.4339285714285714,1.4339285714285714,False
33,perceived_colour_master_name,Khaki green,1,20,0.05,0.035015749761922205,1.427928870292887,1.427928870292887,False
33,graphical_appearance_name,All over pattern,3,20,0.15,0.10709838107098381,1.400581395348837,1.400581395348837,False
33,colour_group_name,White,2,20,0.1,0.0960369203721339,1.041266209000763,1.041266209000763,False
33,graphical_appearance_name,Solid,12,20,0.6,0.5812760969892315,1.032211720226843,1.032211720226843,False
33,product_type_name,Top,1,20,0.05,0.050692256977510806,0.9863439306358381,0.9863439306358381,False
33,colour_group_name,Black,5,20,0.25,0.28027250750860744,0.8919890224777836,0.8919890224777836,False
33,perceived_colour_master_name,Black,5,20,0.25,0.28173760164090544,0.8873504940197607,0.8873504940197607,False
33,product_group_name,Garment Upper body,6,20,0.3,0.38905574683173394,0.7710977217096592,0.7710977217096592,False
33,product_type_name,Sweater,1,20,0.05,0.0791883378507069,0.6314061054579094,0.6314061054579094,False
33,garment_group_name,"Under-, Nightwear",1,20,0.05,0.08475569555343931,0.5899308556611927,0.5899308556611927,False
33,section_name,Divided Collection,1,20,0.05,0.10409493809977291,0.48033075299085154,0.48033075299085154,False
33,garment_group_name,Jersey Fancy,1,20,0.05,0.16672771225551242,0.299890158172232,0.299890158172232,False
33,index_group_name,Divided,1,20,0.05,0.2062119991209435,0.2424689165186501,0.2424689165186501,False
34,department_name,Trousers & Skirt,1,20,0.05,0.0028569335579811004,17.50128205128205,17.50128205128205,False
34,department_name,Boots,2,20,0.1,0.0066661783019559,15.001098901098903,15.001098901098903,True
34,graphical_appearance_name,Contrast,1,20,0.05,0.0034429712109003002,14.522340425531917,14.522340425531917,False
34,product_type_name,Boots,2,20,0.1,0.009303347740092302,10.748818897637795,10.748818897637795,True
34,department_name,Suit jacket,1,20,0.05,0.0053475935828877,9.350000000000001,9.350000000000001,False
34,department_name,Skirt,2,20,0.1,0.011647498351769101,8.58553459119497,8.58553459119497,True
34,product_type_name,Unknown,1,20,0.05,0.006080140649036701,8.223493975903615,8.223493975903615,False
34,product_group_name,Unknown,1,20,0.05,0.006080140649036701,8.223493975903615,8.223493975903615,False
34,graphical_appearance_name,Other structure,3,20,0.15,0.022855468463848803,6.5629807692307685,6.5629807692307685,False
34,colour_group_name,Light Purple,1,20,0.05,0.008717310087173101,5.735714285714286,5.735714285714286,False
34,department_name,Dress,4,20,0.2,0.035894806241301,5.571836734693878,5.571836734693878,False
34,section_name,Womens Tailoring,7,20,0.35,0.06343857592850341,5.517147806004618,5.517147806004618,False
34,colour_group_name,Yellowish Brown,2,20,0.1,0.0187532048934144,5.3324218750000005,5.3324218750000005,False
34,garment_group_name,Skirts,2,20,0.1,0.0195590066661783,5.112734082397004,5.112734082397004,False
34,colour_group_name,Off White,3,20,0.15,0.030180939125338802,4.97002427184466,4.97002427184466,False
34,department_name,Blouse,4,20,0.2,0.043293531609405904,4.619627749576988,4.619627749576988,False
34,product_type_name,Skirt,3,20,0.15,0.033404146216394405,4.490460526315789,4.490460526315789,False
34,section_name,Womens Shoes,2,20,0.1,0.023734524943227604,4.213271604938272,4.213271604938272,False
34,graphical_appearance_name,Lace,1,20,0.05,0.012673064244377702,3.9453757225433526,3.9453757225433526,False
34,perceived_colour_master_name,Brown,2,20,0.1,0.026151930261519303,3.823809523809524,3.823809523809524,False
34,garment_group_name,Dressed,1,20,0.05,0.013112592484067102,3.813128491620112,3.813128491620112,False
34,garment_group_name,Dresses Ladies,5,20,0.25,0.06651527360632921,3.758535242290749,3.758535242290749,False
34,garment_group_name,Shoes,2,20,0.1,0.026811222621053402,3.7297814207650277,3.7297814207650277,False
34,product_group_name,Shoes,2,20,0.1,0.026957732034283203,3.7095108695652175,3.7095108695652175,False
34,department_name,Blouse & Dress,1,20,0.05,0.013478866017141601,3.7095108695652175,3.7095108695652175,False
34,product_type_name,Cardigan,1,20,0.05,0.014064903670060802,3.554947916666667,3.554947916666667,False
34,product_type_name,Blazer,1,20,0.05,0.014211413083290601,3.5182989690721653,3.5182989690721653,False
34,perceived_colour_master_name,Lilac Purple,1,20,0.05,0.014724196029594901,3.395771144278607,3.395771144278607,False
34,product_type_name,Blouse,3,20,0.15,0.045344663394623105,3.307996768982229,3.307996768982229,False
34,section_name,Womens Everyday Collection,8,20,0.4,0.12218885063365321,3.273621103117506,3.273621103117506,False
34,colour_group_name,Beige,3,20,0.15,0.04585744634092741,3.2710063897763577,3.2710063897763577,False
34,section_name,Womens Trend,2,20,0.1,0.030986740898102702,3.227186761229315,3.227186761229315,False
34,garment_group_name,Blouses,5,20,0.25,0.0860742802725075,2.904468085106383,2.904468085106383,False
34,product_type_name,Dress,6,20,0.3,0.11750054941029961,2.5531795511221946,2.5531795511221946,False
34,department_name,Knitwear,2,20,0.1,0.039557541572046,2.527962962962963,2.527962962962963,False
34,department_name,Dresses,1,20,0.05,0.021024100798476303,2.3782229965156794,2.3782229965156794,False
34,perceived_colour_master_name,Beige,4,20,0.2,0.08482895026005421,2.357685664939551,2.357685664939551,False
34,graphical_appearance_name,All over pattern,5,20,0.25,0.10709838107098381,2.3343023255813953,2.3343023255813953,False
34,product_group_name,Garment Full body,6,20,0.3,0.1304666324811369,2.299438517686693,2.299438517686693,False
34,colour_group_name,Light Beige,2,20,0.1,0.0478353234195297,2.090505359877489,2.090505359877489,False
34,department_name,Jersey fancy,1,20,0.05,0.0247600908358362,2.0193786982248523,2.0193786982248523,False
34,perceived_colour_master_name,White,5,20,0.25,0.12797597245623032,1.9534917000572407,1.9534917000572407,False
34,colour_group_name,Greenish Khaki,1,20,0.05,0.027910043220276903,1.7914698162729659,1.7914698162729659,False
34,index_group_name,Ladieswear,19,20,0.95,0.5894806241301004,1.611588169504163,1.611588169504163,False
34,garment_group_name,Knitwear,2,20,0.1,0.06695480184601861,1.4935448577680526,1.4935448577680526,False
34,perceived_colour_master_name,Khaki green,1,20,0.05,0.035015749761922205,1.427928870292887,1.427928870292887,False
34,colour_group_name,Light Pink,1,20,0.05,0.036773862720679805,1.3596613545816734,1.3596613545816734,False
34,product_group_name,Garment Lower body,5,20,0.25,0.2052596879349498,1.2179693076374019,1.2179693076374019,False
34,garment_group_name,Trousers,2,20,0.1,0.0825580543549923,1.2112688553682343,1.2112688553682343,False
34,department_name,Trouser,1,20,0.05,0.0446121163284741,1.1207717569786537,1.1207717569786537,False
34,colour_group_name,Black,6,20,0.3,0.28027250750860744,1.0703868269733403,1.0703868269733403,False
34,perceived_colour_master_name,Black,6,20,0.3,0.28173760164090544,1.0648205928237129,1.0648205928237129,False
34,product_type_name,Top,1,20,0.05,0.050692256977510806,0.9863439306358381,0.9863439306358381,False
34,graphical_appearance_name,Solid,10,20,0.5,0.5812760969892315,0.8601764335223693,0.8601764335223693,False
34,product_group_name,Garment Upper body,6,20,0.3,0.38905574683173394,0.7710977217096592,0.7710977217096592,False
34,product_type_name,Trousers,2,20,0.1,0.1310526701340561,0.7630519843487983,0.7630519843487983,False
34,perceived_colour_master_name,Pink,1,20,0.05,0.06702805655263351,0.7459562841530054,0.7459562841530054,False
34,colour_group_name,White,1,20,0.05,0.0960369203721339,0.5206331045003815,0.5206331045003815,False
34,section_name,Divided Collection,1,20,0.05,0.10409493809977291,0.48033075299085154,0.48033075299085154,False
34,garment_group_name,Jersey Fancy,1,20,0.05,0.16672771225551242,0.299890158172232,0.299890158172232,False
34,index_group_name,Divided,1,20,0.05,0.2062119991209435,0.2424689165186501,0.2424689165186501,False
35,product_type_name,Bikini top,7,20,0.35,0.0171416013478866,20.418162393162394,20.418162393162394,True
35,colour_group_name,Turquoise,1,20,0.05,0.0028569335579811004,17.50128205128205,17.50128205128205,False
35,section_name,"Womens Swimwear, beachwear",12,20,0.6,0.0374331550802139,16.02857142857143,16.02857142857143,True
35,garment_group_name,Swimwear,12,20,0.6,0.038531975679437405,15.57148288973384,15.57148288973384,False
35,department_name,Swimwear,12,20,0.6,0.038531975679437405,15.57148288973384,15.57148288973384,True
35,product_group_name,Swimwear,12,20,0.6,0.0397773056918907,15.083977900552485,15.083977900552485,False
35,product_type_name,Swimwear bottom,5,20,0.25,0.016702073108197203,14.968201754385964,14.968201754385964,False
35,department_name,Shorts & Skirts,1,20,0.05,0.0033697165042854004,14.83804347826087,14.83804347826087,False
35,colour_group_name,Dark Orange,2,20,0.1,0.009230093033477401,10.834126984126984,10.834126984126984,False
35,colour_group_name,Light Blue,5,20,0.25,0.026957732034283203,9.273777173913043,9.273777173913043,False
35,colour_group_name,Yellow,2,20,0.1,0.011354479525309501,8.807096774193548,8.807096774193548,False
35,product_type_name,Jumpsuit/Playsuit,1,20,0.05,0.005933631235806901,8.426543209876543,8.426543209876543,False
35,department_name,Denim Other Garments,1,20,0.05,0.0066661783019559,7.500549450549451,7.500549450549451,False
35,department_name,Tops Woven,2,20,0.1,0.015236978975899202,6.562980769230769,6.562980769230769,False
35,department_name,Skirts,1,20,0.05,0.007838253607794301,6.378971962616823,6.378971962616823,False
35,perceived_colour_master_name,Turquoise,1,20,0.05,0.009230093033477401,5.417063492063492,5.417063492063492,False
35,colour_group_name,Green,1,20,0.05,0.009742875979781702,5.131954887218045,5.131954887218045,False
35,product_type_name,Shorts,2,20,0.1,0.022049666691084904,4.535215946843854,4.535215946843854,False
35,perceived_colour_master_name,Yellow,2,20,0.1,0.022635704344004103,4.4177993527508095,4.4177993527508095,False
35,graphical_appearance_name,All over pattern,9,20,0.45,0.10709838107098381,4.201744186046512,4.201744186046512,False
35,perceived_colour_master_name,Orange,2,20,0.1,0.0273972602739726,3.6500000000000004,3.6500000000000004,False
35,garment_group_name,Shorts,1,20,0.05,0.014064903670060802,3.554947916666667,3.554947916666667,False
35,garment_group_name,Skirts,1,20,0.05,0.0195590066661783,2.556367041198502,2.556367041198502,False
35,department_name,Dresses,1,20,0.05,0.021024100798476303,2.3782229965156794,2.3782229965156794,False
35,perceived_colour_master_name,Blue,5,20,0.25,0.11933191707567212,2.0949969306322895,2.0949969306322895,False
35,section_name,Divided Collection,4,20,0.2,0.10409493809977291,1.9213230119634062,1.9213230119634062,False
35,perceived_colour_master_name,Green,1,20,0.05,0.027910043220276903,1.7914698162729659,1.7914698162729659,False
35,section_name,Ladies Denim,1,20,0.05,0.028862354406270604,1.7323604060913707,1.7323604060913707,False
35,graphical_appearance_name,Stripe,1,20,0.05,0.030034429712109,1.6647560975609759,1.6647560975609759,False
35,product_type_name,Vest top,1,20,0.05,0.030107684418723902,1.660705596107056,1.660705596107056,False
35,section_name,Womens Tailoring,2,20,0.1,0.06343857592850341,1.5763279445727483,1.5763279445727483,False
35,garment_group_name,Dresses Ladies,2,20,0.1,0.06651527360632921,1.5034140969162997,1.5034140969162997,False
35,product_type_name,Skirt,1,20,0.05,0.033404146216394405,1.4968201754385966,1.4968201754385966,False
35,colour_group_name,Black,8,20,0.4,0.28027250750860744,1.4271824359644538,1.4271824359644538,False
35,perceived_colour_master_name,Black,8,20,0.4,0.28173760164090544,1.4197607904316172,1.4197607904316172,False
35,department_name,Dress,1,20,0.05,0.035894806241301,1.3929591836734696,1.3929591836734696,False
35,graphical_appearance_name,Denim,2,20,0.1,0.074719800747198,1.3383333333333336,1.3383333333333336,False
35,index_group_name,Ladieswear,15,20,0.75,0.5894806241301004,1.2723064496085497,1.2723064496085497,False
35,section_name,Womens Casual,1,20,0.05,0.039557541572046,1.2639814814814816,1.2639814814814816,False
35,index_group_name,Divided,5,20,0.25,0.2062119991209435,1.2123445825932504,1.2123445825932504,False
35,garment_group_name,Blouses,2,20,0.1,0.0860742802725075,1.1617872340425532,1.1617872340425532,False
35,garment_group_name,Trousers Denim,1,20,0.05,0.0430737674895612,1.1607993197278912,1.1607993197278912,False
35,product_group_name,Garment Full body,3,20,0.15,0.1304666324811369,1.1497192588433465,1.1497192588433465,False
35,product_type_name,Blouse,1,20,0.05,0.045344663394623105,1.1026655896607431,1.1026655896607431,False
35,colour_group_name,Light Beige,1,20,0.05,0.0478353234195297,1.0452526799387445,1.0452526799387445,False
35,product_type_name,Dress,2,20,0.1,0.11750054941029961,0.851059850374065,0.851059850374065,False
35,department_name,Jersey,1,20,0.05,0.060801406490367006,0.8223493975903615,0.8223493975903615,False
35,product_group_name,Garment Lower body,3,20,0.15,0.2052596879349498,0.7307815845824411,0.7307815845824411,False
35,graphical_appearance_name,Solid,8,20,0.4,0.5812760969892315,0.6881411468178954,0.6881411468178954,False
35,perceived_colour_master_name,Beige,1,20,0.05,0.08482895026005421,0.5894214162348878,0.5894214162348878,False
35,garment_group_name,Jersey Fancy,1,20,0.05,0.16672771225551242,0.299890158172232,0.299890158172232,False
35,product_group_name,Garment Upper body,2,20,0.1,0.38905574683173394,0.25703257390321976,0.25703257390321976,False
36,graphical_appearance_name,Contrast,1,20,0.05,0.0034429712109003002,14.522340425531917,14.522340425531917,False
36,department_name,Suit jacket,1,20,0.05,0.0053475935828877,9.350000000000001,9.350000000000001,False
36,department_name,Skirt,2,20,0.1,0.011647498351769101,8.58553459119497,8.58553459119497,True
36,product_type_name,Unknown,1,20,0.05,0.006080140649036701,8.223493975903615,8.223493975903615,False
36,product_group_name,Unknown,1,20,0.05,0.006080140649036701,8.223493975903615,8.223493975903615,False
36,department_name,Boots,1,20,0.05,0.0066661783019559,7.500549450549451,7.500549450549451,False
36,product_type_name,Skirt,4,20,0.2,0.033404146216394405,5.987280701754386,5.987280701754386,True
36,colour_group_name,Light Purple,1,20,0.05,0.008717310087173101,5.735714285714286,5.735714285714286,False
36,department_name,Dress,4,20,0.2,0.035894806241301,5.571836734693878,5.571836734693878,True
36,section_name,Womens Tailoring,7,20,0.35,0.06343857592850341,5.517147806004618,5.517147806004618,False
36,product_type_name,Boots,1,20,0.05,0.009303347740092302,5.374409448818898,5.374409448818898,False
36,garment_group_name,Skirts,2,20,0.1,0.0195590066661783,5.112734082397004,5.112734082397004,False
36,department_name,Knitwear,4,20,0.2,0.039557541572046,5.055925925925926,5.055925925925926,False
36,department_name,Blouse,4,20,0.2,0.043293531609405904,4.619627749576988,4.619627749576988,False
36,graphical_appearance_name,Other structure,2,20,0.1,0.022855468463848803,4.375320512820513,4.375320512820513,False
36,section_name,Womens Everyday Collection,10,20,0.5,0.12218885063365321,4.0920263788968825,4.0920263788968825,False
36,garment_group_name,Dressed,1,20,0.05,0.013112592484067102,3.813128491620112,3.813128491620112,False
36,garment_group_name,Dresses Ladies,5,20,0.25,0.06651527360632921,3.758535242290749,3.758535242290749,False
36,department_name,Blouse & Dress,1,20,0.05,0.013478866017141601,3.7095108695652175,3.7095108695652175,False
36,product_type_name,Cardigan,1,20,0.05,0.014064903670060802,3.554947916666667,3.554947916666667,False
36,product_type_name,Blazer,1,20,0.05,0.014211413083290601,3.5182989690721653,3.5182989690721653,False
36,perceived_colour_master_name,Lilac Purple,1,20,0.05,0.014724196029594901,3.395771144278607,3.395771144278607,False
36,colour_group_name,Off White,2,20,0.1,0.030180939125338802,3.313349514563107,3.313349514563107,False
36,product_type_name,Blouse,3,20,0.15,0.045344663394623105,3.307996768982229,3.307996768982229,False
36,colour_group_name,Beige,3,20,0.15,0.04585744634092741,3.2710063897763577,3.2710063897763577,False
36,garment_group_name,Knitwear,4,20,0.2,0.06695480184601861,2.987089715536105,2.987089715536105,False
36,garment_group_name,Blouses,5,20,0.25,0.0860742802725075,2.904468085106383,2.904468085106383,False
36,colour_group_name,Yellowish Brown,1,20,0.05,0.0187532048934144,2.6662109375000003,2.6662109375000003,False
36,product_type_name,Dress,6,20,0.3,0.11750054941029961,2.5531795511221946,2.5531795511221946,False
36,department_name,Dresses,1,20,0.05,0.021024100798476303,2.3782229965156794,2.3782229965156794,False
36,perceived_colour_master_name,Mole,1,20,0.05,0.021097355505091203,2.3699652777777778,2.3699652777777778,False
36,product_group_name,Garment Full body,6,20,0.3,0.1304666324811369,2.299438517686693,2.299438517686693,False
36,department_name,Trouser,2,20,0.1,0.0446121163284741,2.2415435139573074,2.2415435139573074,False
36,section_name,Womens Shoes,1,20,0.05,0.023734524943227604,2.106635802469136,2.106635802469136,False
36,colour_group_name,Light Beige,2,20,0.1,0.0478353234195297,2.090505359877489,2.090505359877489,False
36,perceived_colour_master_name,White,5,20,0.25,0.12797597245623032,1.9534917000572407,1.9534917000572407,False
36,perceived_colour_master_name,Brown,1,20,0.05,0.026151930261519303,1.911904761904762,1.911904761904762,False
36,graphical_appearance_name,All over pattern,4,20,0.2,0.10709838107098381,1.8674418604651164,1.8674418604651164,False
36,garment_group_name,Shoes,1,20,0.05,0.026811222621053402,1.8648907103825139,1.8648907103825139,False
36,product_group_name,Shoes,1,20,0.05,0.026957732034283203,1.8547554347826087,1.8547554347826087,False
36,colour_group_name,Greenish Khaki,1,20,0.05,0.027910043220276903,1.7914698162729659,1.7914698162729659,False
36,perceived_colour_master_name,Beige,3,20,0.15,0.08482895026005421,1.768264248704663,1.768264248704663,False
36,section_name,Womens Trend,1,20,0.05,0.030986740898102702,1.6135933806146574,1.6135933806146574,False
36,index_group_name,Ladieswear,19,20,0.95,0.5894806241301004,1.611588169504163,1.611588169504163,False
36,colour_group_name,Grey,1,20,0.05,0.031059995604717602,1.6097877358490567,1.6097877358490567,False
36,product_group_name,Garment Lower body,6,20,0.3,0.2052596879349498,1.4615631691648823,1.4615631691648823,False
36,perceived_colour_master_name,Khaki green,1,20,0.05,0.035015749761922205,1.427928870292887,1.427928870292887,False
36,colour_group_name,Light Pink,1,20,0.05,0.036773862720679805,1.3596613545816734,1.3596613545816734,False
36,garment_group_name,Trousers,2,20,0.1,0.0825580543549923,1.2112688553682343,1.2112688553682343,False
36,colour_group_name,Black,6,20,0.3,0.28027250750860744,1.0703868269733403,1.0703868269733403,False
36,perceived_colour_master_name,Black,6,20,0.3,0.28173760164090544,1.0648205928237129,1.0648205928237129,False
36,colour_group_name,White,2,20,0.1,0.0960369203721339,1.041266209000763,1.041266209000763,False
36,graphical_appearance_name,Solid,12,20,0.6,0.5812760969892315,1.032211720226843,1.032211720226843,False
36,graphical_appearance_name,Melange,1,20,0.05,0.0617537176763607,0.8096678529062872,0.8096678529062872,False
36,product_group_name,Garment Upper body,6,20,0.3,0.38905574683173394,0.7710977217096592,0.7710977217096592,False
36,product_type_name,Trousers,2,20,0.1,0.1310526701340561,0.7630519843487983,0.7630519843487983,False
36,perceived_colour_master_name,Pink,1,20,0.05,0.06702805655263351,0.7459562841530054,0.7459562841530054,False
36,perceived_colour_master_name,Grey,1,20,0.05,0.07113032012306791,0.7029351184346034,0.7029351184346034,False
36,product_type_name,Sweater,1,20,0.05,0.0791883378507069,0.6314061054579094,0.6314061054579094,False
36,section_name,Divided Collection,1,20,0.05,0.10409493809977291,0.48033075299085154,0.48033075299085154,False
36,index_group_name,Divided,1,20,0.05,0.2062119991209435,0.2424689165186501,0.2424689165186501,False
37,department_name,Trousers,8,20,0.4,0.0164823089883525,24.268444444444444,24.268444444444444,True
37,department_name,Basic 1,8,20,0.4,0.029228627939345102,13.685213032581455,13.685213032581455,True
37,section_name,Divided Basics,8,20,0.4,0.03208556149732621,12.466666666666667,12.466666666666667,True
37,graphical_appearance_name,Embroidery,3,20,0.15,0.012087026591458501,12.41,12.41,False
37,department_name,Denim Trousers,3,20,0.15,0.0171416013478866,8.750641025641025,8.750641025641025,False
37,product_type_name,Unknown,1,20,0.05,0.006080140649036701,8.223493975903615,8.223493975903615,False
37,product_group_name,Unknown,1,20,0.05,0.006080140649036701,8.223493975903615,8.223493975903615,False
37,colour_group_name,Grey,4,20,0.2,0.031059995604717602,6.439150943396227,6.439150943396227,False
37,section_name,Ladies Denim,3,20,0.15,0.028862354406270604,5.1970812182741115,5.1970812182741115,False
37,garment_group_name,Jersey Basic,9,20,0.45,0.09003003442971211,4.99833197721725,4.99833197721725,False
37,garment_group_name,Trousers,8,20,0.4,0.0825580543549923,4.845075421472937,4.845075421472937,False
37,index_group_name,Divided,19,20,0.95,0.2062119991209435,4.606909413854352,4.606909413854352,False
37,colour_group_name,Blue,3,20,0.15,0.033330891509779505,4.50032967032967,4.50032967032967,False
37,section_name,Divided Collection,8,20,0.4,0.10409493809977291,3.8426460239268123,3.8426460239268123,False
37,product_type_name,Trousers,10,20,0.5,0.1310526701340561,3.815259921743991,3.815259921743991,False
37,colour_group_name,Greenish Khaki,2,20,0.1,0.027910043220276903,3.5829396325459317,3.5829396325459317,False
37,perceived_colour_master_name,Grey,5,20,0.25,0.07113032012306791,3.5146755921730173,3.5146755921730173,False
37,garment_group_name,Trousers Denim,3,20,0.15,0.0430737674895612,3.4823979591836736,3.4823979591836736,False
37,product_type_name,T-shirt,4,20,0.2,0.05757819939931141,3.4735368956743002,3.4735368956743002,False
37,colour_group_name,Dark Blue,4,20,0.2,0.058970038824994506,3.391552795031056,3.391552795031056,False
37,product_type_name,Top,3,20,0.15,0.050692256977510806,2.959031791907514,2.959031791907514,False
37,perceived_colour_master_name,Blue,7,20,0.35,0.11933191707567212,2.932995702885205,2.932995702885205,False
37,perceived_colour_master_name,Khaki green,2,20,0.1,0.035015749761922205,2.855857740585774,2.855857740585774,False
37,product_group_name,Garment Lower body,10,20,0.5,0.2052596879349498,2.4359386152748037,2.4359386152748037,False
37,colour_group_name,Pink,1,20,0.05,0.021024100798476303,2.3782229965156794,2.3782229965156794,False
37,graphical_appearance_name,Denim,3,20,0.15,0.074719800747198,2.0075000000000003,2.0075000000000003,False
37,department_name,Jersey Basic,1,20,0.05,0.026737967914438502,1.87,1.87,False
37,section_name,Womens Everyday Basics,1,20,0.05,0.027177496154127904,1.8397574123989218,1.8397574123989218,False
37,colour_group_name,Dark Grey,1,20,0.05,0.029375137352574902,1.70211970074813,1.70211970074813,False
37,graphical_appearance_name,Melange,2,20,0.1,0.0617537176763607,1.6193357058125744,1.6193357058125744,False
37,product_type_name,Sweater,2,20,0.1,0.0791883378507069,1.2628122109158189,1.2628122109158189,False
37,product_group_name,Garment Upper body,9,20,0.45,0.38905574683173394,1.156646582564489,1.156646582564489,False
37,graphical_appearance_name,Solid,12,20,0.6,0.5812760969892315,1.032211720226843,1.032211720226843,False
37,perceived_colour_master_name,Pink,1,20,0.05,0.06702805655263351,0.7459562841530054,0.7459562841530054,False
37,colour_group_name,Black,4,20,0.2,0.28027250750860744,0.7135912179822269,0.7135912179822269,False
37,perceived_colour_master_name,Black,4,20,0.2,0.28173760164090544,0.7098803952158086,0.7098803952158086,False
37,colour_group_name,White,1,20,0.05,0.0960369203721339,0.5206331045003815,0.5206331045003815,False
37,perceived_colour_master_name,White,1,20,0.05,0.12797597245623032,0.3906983400114482,0.3906983400114482,False
37,index_group_name,Ladieswear,1,20,0.05,0.5894806241301004,0.08482042997390332,0.08482042997390332,False
38,department_name,Trousers & Skirt,1,20,0.05,0.0028569335579811004,17.50128205128205,17.50128205128205,False
38,graphical_appearance_name,Contrast,1,20,0.05,0.0034429712109003002,14.522340425531917,14.522340425531917,False
38,department_name,Suit jacket,1,20,0.05,0.0053475935828877,9.350000000000001,9.350000000000001,False
38,department_name,Suit,1,20,0.05,0.0057871218225771,8.63987341772152,8.63987341772152,False
38,department_name,Skirt,2,20,0.1,0.011647498351769101,8.58553459119497,8.58553459119497,True
38,product_type_name,Unknown,1,20,0.05,0.006080140649036701,8.223493975903615,8.223493975903615,False
38,product_group_name,Unknown,1,20,0.05,0.006080140649036701,8.223493975903615,8.223493975903615,False
38,section_name,Womens Tailoring,10,20,0.5,0.06343857592850341,7.881639722863741,7.881639722863741,True
38,garment_group_name,Dressed,2,20,0.1,0.013112592484067102,7.626256983240224,7.626256983240224,True
38,product_type_name,Blazer,2,20,0.1,0.014211413083290601,7.036597938144331,7.036597938144331,False
38,graphical_appearance_name,Other structure,3,20,0.15,0.022855468463848803,6.5629807692307685,6.5629807692307685,False
38,colour_group_name,Light Purple,1,20,0.05,0.008717310087173101,5.735714285714286,5.735714285714286,False
38,colour_group_name,Red,1,20,0.05,0.009156838326862501,5.4604,5.4604,False
38,garment_group_name,Skirts,2,20,0.1,0.0195590066661783,5.112734082397004,5.112734082397004,False
38,department_name,Blouse,4,20,0.2,0.043293531609405904,4.619627749576988,4.619627749576988,False
38,product_type_name,Skirt,3,20,0.15,0.033404146216394405,4.490460526315789,4.490460526315789,False
38,department_name,Trouser,4,20,0.2,0.0446121163284741,4.483087027914615,4.483087027914615,False
38,colour_group_name,Beige,4,20,0.2,0.04585744634092741,4.361341853035143,4.361341853035143,False
38,perceived_colour_master_name,Red,2,20,0.1,0.0232217419969233,4.306309148264985,4.306309148264985,False
38,department_name,Dress,3,20,0.15,0.035894806241301,4.178877551020408,4.178877551020408,False
38,colour_group_name,Dark Red,1,20,0.05,0.0128195736576075,3.900285714285715,3.900285714285715,False
38,colour_group_name,Dark Beige,1,20,0.05,0.012966083070837301,3.856214689265537,3.856214689265537,False
38,department_name,Blouse & Dress,1,20,0.05,0.013478866017141601,3.7095108695652175,3.7095108695652175,False
38,product_type_name,Cardigan,1,20,0.05,0.014064903670060802,3.554947916666667,3.554947916666667,False
38,perceived_colour_master_name,Lilac Purple,1,20,0.05,0.014724196029594901,3.395771144278607,3.395771144278607,False
38,colour_group_name,Off White,2,20,0.1,0.030180939125338802,3.313349514563107,3.313349514563107,False
38,product_type_name,Blouse,3,20,0.15,0.045344663394623105,3.307996768982229,3.307996768982229,False
38,section_name,Womens Trend,2,20,0.1,0.030986740898102702,3.227186761229315,3.227186761229315,False
38,garment_group_name,Trousers,5,20,0.25,0.0825580543549923,3.0281721384205857,3.0281721384205857,False
38,garment_group_name,Dresses Ladies,4,20,0.2,0.06651527360632921,3.0068281938325994,3.0068281938325994,False
38,perceived_colour_master_name,Beige,5,20,0.25,0.08482895026005421,2.9471070811744386,2.9471070811744386,False
38,garment_group_name,Blouses,5,20,0.25,0.0860742802725075,2.904468085106383,2.904468085106383,False
38,section_name,Womens Everyday Collection,7,20,0.35,0.12218885063365321,2.8644184652278173,2.8644184652278173,False
38,colour_group_name,Yellowish Brown,1,20,0.05,0.0187532048934144,2.6662109375000003,2.6662109375000003,False
38,department_name,Knitwear,2,20,0.1,0.039557541572046,2.527962962962963,2.527962962962963,False
38,department_name,Dresses,1,20,0.05,0.021024100798476303,2.3782229965156794,2.3782229965156794,False
38,perceived_colour_master_name,Mole,1,20,0.05,0.021097355505091203,2.3699652777777778,2.3699652777777778,False
38,graphical_appearance_name,Check,1,20,0.05,0.023001977877078604,2.1737261146496816,2.1737261146496816,False
38,product_type_name,Dress,5,20,0.25,0.11750054941029961,2.1276496259351623,2.1276496259351623,False
38,colour_group_name,Light Beige,2,20,0.1,0.0478353234195297,2.090505359877489,2.090505359877489,False
38,product_group_name,Garment Lower body,8,20,0.4,0.2052596879349498,1.948750892219843,1.948750892219843,False
38,product_group_name,Garment Full body,5,20,0.25,0.1304666324811369,1.9161987647389107,1.9161987647389107,False
38,perceived_colour_master_name,Brown,1,20,0.05,0.026151930261519303,1.911904761904762,1.911904761904762,False
38,product_type_name,Trousers,5,20,0.25,0.1310526701340561,1.9076299608719955,1.9076299608719955,False
38,colour_group_name,Greenish Khaki,1,20,0.05,0.027910043220276903,1.7914698162729659,1.7914698162729659,False
38,index_group_name,Ladieswear,19,20,0.95,0.5894806241301004,1.611588169504163,1.611588169504163,False
38,perceived_colour_master_name,White,4,20,0.2,0.12797597245623032,1.5627933600457928,1.5627933600457928,False
38,garment_group_name,Knitwear,2,20,0.1,0.06695480184601861,1.4935448577680526,1.4935448577680526,False
38,perceived_colour_master_name,Khaki green,1,20,0.05,0.035015749761922205,1.427928870292887,1.427928870292887,False
38,graphical_appearance_name,All over pattern,3,20,0.15,0.10709838107098381,1.400581395348837,1.400581395348837,False
38,colour_group_name,Light Pink,1,20,0.05,0.036773862720679805,1.3596613545816734,1.3596613545816734,False
38,graphical_appearance_name,Solid,12,20,0.6,0.5812760969892315,1.032211720226843,1.032211720226843,False
38,product_group_name,Garment Upper body,6,20,0.3,0.38905574683173394,0.7710977217096592,0.7710977217096592,False
38,perceived_colour_master_name,Pink,1,20,0.05,0.06702805655263351,0.7459562841530054,0.7459562841530054,False
38,colour_group_name,Black,4,20,0.2,0.28027250750860744,0.7135912179822269,0.7135912179822269,False
38,perceived_colour_master_name,Black,4,20,0.2,0.28173760164090544,0.7098803952158086,0.7098803952158086,False
38,colour_group_name,White,1,20,0.05,0.0960369203721339,0.5206331045003815,0.5206331045003815,False
38,section_name,Divided Collection,1,20,0.05,0.10409493809977291,0.48033075299085154,0.48033075299085154,False
38,index_group_name,Divided,1,20,0.05,0.2062119991209435,0.2424689165186501,0.2424689165186501,False
39,colour_group_name,Dark Turquoise,2,20,0.1,0.0027104241447513003,36.894594594594594,36.894594594594594,True
39,department_name,Suit,4,20,0.2,0.0057871218225771,34.55949367088608,34.55949367088608,True
39,colour_group_name,Turquoise,1,20,0.05,0.0028569335579811004,17.50128205128205,17.50128205128205,False
39,perceived_colour_master_name,Turquoise,3,20,0.15,0.009230093033477401,16.251190476190473,16.251190476190473,True
39,section_name,Womens Tailoring,20,20,1.0,0.06343857592850341,15.763279445727482,15.763279445727482,False
39,garment_group_name,Dressed,4,20,0.2,0.013112592484067102,15.252513966480448,15.252513966480448,False
39,product_type_name,Blazer,4,20,0.2,0.014211413083290601,14.073195876288661,14.073195876288661,False
39,product_type_name,Top,11,20,0.55,0.050692256977510806,10.84978323699422,10.84978323699422,False
39,colour_group_name,Dark Green,4,20,0.2,0.018533440773569703,10.791304347826086,10.791304347826086,False
39,department_name,Jersey,11,20,0.55,0.060801406490367006,9.045843373493977,9.045843373493977,False
39,graphical_appearance_name,Other structure,4,20,0.2,0.022855468463848803,8.750641025641025,8.750641025641025,False
39,department_name,Skirt,2,20,0.1,0.011647498351769101,8.58553459119497,8.58553459119497,False
39,garment_group_name,Skirts,2,20,0.1,0.0195590066661783,5.112734082397004,5.112734082397004,False
39,perceived_colour_master_name,Khaki green,3,20,0.15,0.035015749761922205,4.283786610878661,4.283786610878661,False
39,colour_group_name,Dark Red,1,20,0.05,0.0128195736576075,3.900285714285715,3.900285714285715,False
39,colour_group_name,Dark Beige,1,20,0.05,0.012966083070837301,3.856214689265537,3.856214689265537,False
39,perceived_colour_master_name,Green,2,20,0.1,0.027910043220276903,3.5829396325459317,3.5829396325459317,False
39,garment_group_name,Jersey Fancy,11,20,0.55,0.16672771225551242,3.2987917398945523,3.2987917398945523,False
39,colour_group_name,Grey,2,20,0.1,0.031059995604717602,3.2195754716981133,3.2195754716981133,False
39,product_type_name,Skirt,2,20,0.1,0.033404146216394405,2.993640350877193,2.993640350877193,False
39,colour_group_name,Dark Blue,3,20,0.15,0.058970038824994506,2.543664596273292,2.543664596273292,False
39,department_name,Trouser,2,20,0.1,0.0446121163284741,2.2415435139573074,2.2415435139573074,False
39,perceived_colour_master_name,Red,1,20,0.05,0.0232217419969233,2.1531545741324924,2.1531545741324924,False
39,colour_group_name,Light Beige,2,20,0.1,0.0478353234195297,2.090505359877489,2.090505359877489,False
39,product_group_name,Garment Upper body,16,20,0.8,0.38905574683173394,2.056260591225758,2.056260591225758,False
39,colour_group_name,Greenish Khaki,1,20,0.05,0.027910043220276903,1.7914698162729659,1.7914698162729659,False
39,perceived_colour_master_name,Beige,3,20,0.15,0.08482895026005421,1.768264248704663,1.768264248704663,False
39,index_group_name,Ladieswear,20,20,1.0,0.5894806241301004,1.6964085994780662,1.6964085994780662,False
39,perceived_colour_master_name,Grey,2,20,0.1,0.07113032012306791,1.4058702368692069,1.4058702368692069,False
39,graphical_appearance_name,Solid,15,20,0.75,0.5812760969892315,1.290264650283554,1.290264650283554,False
39,perceived_colour_master_name,Blue,3,20,0.15,0.11933191707567212,1.2569981583793737,1.2569981583793737,False
39,garment_group_name,Trousers,2,20,0.1,0.0825580543549923,1.2112688553682343,1.2112688553682343,False
39,department_name,Blouse,1,20,0.05,0.043293531609405904,1.154906937394247,1.154906937394247,False
39,product_type_name,Blouse,1,20,0.05,0.045344663394623105,1.1026655896607431,1.1026655896607431,False
39,product_group_name,Garment Lower body,4,20,0.2,0.2052596879349498,0.9743754461099216,0.9743754461099216,False
39,product_type_name,Trousers,2,20,0.1,0.1310526701340561,0.7630519843487983,0.7630519843487983,False
39,garment_group_name,Blouses,1,20,0.05,0.0860742802725075,0.5808936170212766,0.5808936170212766,False
39,colour_group_name,White,1,20,0.05,0.0960369203721339,0.5206331045003815,0.5206331045003815,False
39,graphical_appearance_name,All over pattern,1,20,0.05,0.10709838107098381,0.4668604651162791,0.4668604651162791,False
39,perceived_colour_master_name,White,1,20,0.05,0.12797597245623032,0.3906983400114482,0.3906983400114482,False
39,colour_group_name,Black,2,20,0.1,0.28027250750860744,0.35679560899111346,0.35679560899111346,False
39,perceived_colour_master_name,Black,2,20,0.1,0.28173760164090544,0.3549401976079043,0.3549401976079043,False
40,department_name,Woven top,5,20,0.25,0.007032451835030401,35.549479166666664,35.549479166666664,True
40,section_name,H&M+,18,20,0.9,0.026811222621053402,33.56803278688525,33.56803278688525,True
40,colour_group_name,Greyish Beige,1,20,0.05,0.0040290088638195,12.410000000000002,12.410000000000002,False
40,department_name,Woven bottoms,2,20,0.1,0.009669621273166801,10.341666666666667,10.341666666666667,True
40,department_name,OL Extended Sizes,1,20,0.05,0.005054574756428101,9.892028985507247,9.892028985507247,False
40,department_name,Divided+,1,20,0.05,0.007398725368104901,6.757920792079208,6.757920792079208,False
40,department_name,Knitwear,5,20,0.25,0.039557541572046,6.319907407407408,6.319907407407408,False
40,colour_group_name,Dark Orange,1,20,0.05,0.009230093033477401,5.417063492063492,5.417063492063492,False
40,department_name,Jersey,6,20,0.3,0.060801406490367006,4.934096385542168,4.934096385542168,False
40,colour_group_name,Yellow,1,20,0.05,0.011354479525309501,4.403548387096774,4.403548387096774,False
40,graphical_appearance_name,Check,2,20,0.1,0.023001977877078604,4.347452229299363,4.347452229299363,False
40,perceived_colour_master_name,Khaki green,3,20,0.15,0.035015749761922205,4.283786610878661,4.283786610878661,False
40,garment_group_name,Knitwear,5,20,0.25,0.06695480184601861,3.733862144420131,3.733862144420131,False
40,colour_group_name,Greenish Khaki,2,20,0.1,0.027910043220276903,3.5829396325459317,3.5829396325459317,False
40,product_type_name,Cardigan,1,20,0.05,0.014064903670060802,3.554947916666667,3.554947916666667,False
40,product_type_name,Sweater,5,20,0.25,0.0791883378507069,3.157030527289547,3.157030527289547,False
40,product_type_name,Top,3,20,0.15,0.050692256977510806,2.959031791907514,2.959031791907514,False
40,garment_group_name,Unknown,1,20,0.05,0.016921837228041903,2.9547619047619045,2.9547619047619045,False
40,garment_group_name,Blouses,5,20,0.25,0.0860742802725075,2.904468085106383,2.904468085106383,False
40,product_type_name,Leggings/Tights,1,20,0.05,0.018313676653725002,2.7302,2.7302,False
40,colour_group_name,Dark Green,1,20,0.05,0.018533440773569703,2.6978260869565216,2.6978260869565216,False
40,product_type_name,Hoodie,1,20,0.05,0.0206578272654018,2.420390070921986,2.420390070921986,False
40,perceived_colour_master_name,Mole,1,20,0.05,0.021097355505091203,2.3699652777777778,2.3699652777777778,False
40,section_name,Divided Projects,1,20,0.05,0.022049666691084904,2.267607973421927,2.267607973421927,False
40,perceived_colour_master_name,Yellow,1,20,0.05,0.022635704344004103,2.2088996763754047,2.2088996763754047,False
40,colour_group_name,Black,11,20,0.55,0.28027250750860744,1.962375849451124,1.962375849451124,False
40,perceived_colour_master_name,Black,11,20,0.55,0.28173760164090544,1.9521710868434738,1.9521710868434738,False
40,perceived_colour_master_name,Brown,1,20,0.05,0.026151930261519303,1.911904761904762,1.911904761904762,False
40,garment_group_name,Jersey Fancy,6,20,0.3,0.16672771225551242,1.7993409490333918,1.7993409490333918,False
40,perceived_colour_master_name,Green,1,20,0.05,0.027910043220276903,1.7914698162729659,1.7914698162729659,False
40,product_type_name,Dress,4,20,0.2,0.11750054941029961,1.70211970074813,1.70211970074813,False
40,colour_group_name,Dark Grey,1,20,0.05,0.029375137352574902,1.70211970074813,1.70211970074813,False
40,product_group_name,Garment Upper body,13,20,0.65,0.38905574683173394,1.6707117303709282,1.6707117303709282,False
40,graphical_appearance_name,Stripe,1,20,0.05,0.030034429712109,1.6647560975609759,1.6647560975609759,False
40,colour_group_name,Off White,1,20,0.05,0.030180939125338802,1.6566747572815534,1.6566747572815534,False
40,product_type_name,Shirt,1,20,0.05,0.031646033257636805,1.5799768518518518,1.5799768518518518,False
40,section_name,Divided Basics,1,20,0.05,0.03208556149732621,1.5583333333333333,1.5583333333333333,False
40,product_group_name,Garment Full body,4,20,0.2,0.1304666324811369,1.5329590117911287,1.5329590117911287,False
40,index_group_name,Ladieswear,18,20,0.9,0.5894806241301004,1.5267677395302597,1.5267677395302597,False
40,graphical_appearance_name,Solid,16,20,0.8,0.5812760969892315,1.3762822936357908,1.3762822936357908,False
40,garment_group_name,Trousers,2,20,0.1,0.0825580543549923,1.2112688553682343,1.2112688553682343,False
40,product_type_name,Blouse,1,20,0.05,0.045344663394623105,1.1026655896607431,1.1026655896607431,False
40,colour_group_name,Beige,1,20,0.05,0.04585744634092741,1.0903354632587858,1.0903354632587858,False
40,product_type_name,T-shirt,1,20,0.05,0.05757819939931141,0.8683842239185751,0.8683842239185751,False
40,product_type_name,Trousers,2,20,0.1,0.1310526701340561,0.7630519843487983,0.7630519843487983,False
40,product_group_name,Garment Lower body,3,20,0.15,0.2052596879349498,0.7307815845824411,0.7307815845824411,False
40,perceived_colour_master_name,Grey,1,20,0.05,0.07113032012306791,0.7029351184346034,0.7029351184346034,False
40,garment_group_name,Jersey Basic,1,20,0.05,0.09003003442971211,0.5553702196908056,0.5553702196908056,False
40,index_group_name,Divided,2,20,0.1,0.2062119991209435,0.4849378330373002,0.4849378330373002,False
40,graphical_appearance_name,All over pattern,1,20,0.05,0.10709838107098381,0.4668604651162791,0.4668604651162791,False
40,perceived_colour_master_name,White,1,20,0.05,0.12797597245623032,0.3906983400114482,0.3906983400114482,False
41,colour_group_name,Dark Turquoise,2,20,0.1,0.0027104241447513003,36.894594594594594,36.894594594594594,True
41,department_name,Suit,4,20,0.2,0.0057871218225771,34.55949367088608,34.55949367088608,True
41,colour_group_name,Turquoise,1,20,0.05,0.0028569335579811004,17.50128205128205,17.50128205128205,False
41,perceived_colour_master_name,Turquoise,3,20,0.15,0.009230093033477401,16.251190476190473,16.251190476190473,True
41,section_name,Womens Tailoring,20,20,1.0,0.06343857592850341,15.763279445727482,15.763279445727482,False
41,garment_group_name,Dressed,4,20,0.2,0.013112592484067102,15.252513966480448,15.252513966480448,False
41,product_type_name,Blazer,4,20,0.2,0.014211413083290601,14.073195876288661,14.073195876288661,False
41,product_type_name,Top,11,20,0.55,0.050692256977510806,10.84978323699422,10.84978323699422,False
41,colour_group_name,Dark Green,4,20,0.2,0.018533440773569703,10.791304347826086,10.791304347826086,False
41,department_name,Jersey,11,20,0.55,0.060801406490367006,9.045843373493977,9.045843373493977,False
41,graphical_appearance_name,Other structure,4,20,0.2,0.022855468463848803,8.750641025641025,8.750641025641025,False
41,department_name,Skirt,2,20,0.1,0.011647498351769101,8.58553459119497,8.58553459119497,False
41,garment_group_name,Skirts,2,20,0.1,0.0195590066661783,5.112734082397004,5.112734082397004,False
41,perceived_colour_master_name,Khaki green,3,20,0.15,0.035015749761922205,4.283786610878661,4.283786610878661,False
41,colour_group_name,Dark Red,1,20,0.05,0.0128195736576075,3.900285714285715,3.900285714285715,False
41,colour_group_name,Dark Beige,1,20,0.05,0.012966083070837301,3.856214689265537,3.856214689265537,False
41,perceived_colour_master_name,Green,2,20,0.1,0.027910043220276903,3.5829396325459317,3.5829396325459317,False
41,garment_group_name,Jersey Fancy,11,20,0.55,0.16672771225551242,3.2987917398945523,3.2987917398945523,False
41,colour_group_name,Grey,2,20,0.1,0.031059995604717602,3.2195754716981133,3.2195754716981133,False
41,product_type_name,Skirt,2,20,0.1,0.033404146216394405,2.993640350877193,2.993640350877193,False
41,colour_group_name,Dark Blue,3,20,0.15,0.058970038824994506,2.543664596273292,2.543664596273292,False
41,department_name,Trouser,2,20,0.1,0.0446121163284741,2.2415435139573074,2.2415435139573074,False
41,perceived_colour_master_name,Red,1,20,0.05,0.0232217419969233,2.1531545741324924,2.1531545741324924,False
41,colour_group_name,Light Beige,2,20,0.1,0.0478353234195297,2.090505359877489,2.090505359877489,False
41,product_group_name,Garment Upper body,16,20,0.8,0.38905574683173394,2.056260591225758,2.056260591225758,False
41,colour_group_name,Greenish Khaki,1,20,0.05,0.027910043220276903,1.7914698162729659,1.7914698162729659,False
41,perceived_colour_master_name,Beige,3,20,0.15,0.08482895026005421,1.768264248704663,1.768264248704663,False
41,index_group_name,Ladieswear,20,20,1.0,0.5894806241301004,1.6964085994780662,1.6964085994780662,False
41,perceived_colour_master_name,Grey,2,20,0.1,0.07113032012306791,1.4058702368692069,1.4058702368692069,False
41,graphical_appearance_name,Solid,15,20,0.75,0.5812760969892315,1.290264650283554,1.290264650283554,False
41,perceived_colour_master_name,Blue,3,20,0.15,0.11933191707567212,1.2569981583793737,1.2569981583793737,False
41,garment_group_name,Trousers,2,20,0.1,0.0825580543549923,1.2112688553682343,1.2112688553682343,False
41,department_name,Blouse,1,20,0.05,0.043293531609405904,1.154906937394247,1.154906937394247,False
41,product_type_name,Blouse,1,20,0.05,0.045344663394623105,1.1026655896607431,1.1026655896607431,False
41,product_group_name,Garment Lower body,4,20,0.2,0.2052596879349498,0.9743754461099216,0.9743754461099216,False
41,product_type_name,Trousers,2,20,0.1,0.1310526701340561,0.7630519843487983,0.7630519843487983,False
41,garment_group_name,Blouses,1,20,0.05,0.0860742802725075,0.5808936170212766,0.5808936170212766,False
41,colour_group_name,White,1,20,0.05,0.0960369203721339,0.5206331045003815,0.5206331045003815,False
41,graphical_appearance_name,All over pattern,1,20,0.05,0.10709838107098381,0.4668604651162791,0.4668604651162791,False
41,perceived_colour_master_name,White,1,20,0.05,0.12797597245623032,0.3906983400114482,0.3906983400114482,False
41,colour_group_name,Black,2,20,0.1,0.28027250750860744,0.35679560899111346,0.35679560899111346,False
41,perceived_colour_master_name,Black,2,20,0.1,0.28173760164090544,0.3549401976079043,0.3549401976079043,False
42,department_name,Trousers & Skirt,1,20,0.05,0.0028569335579811004,17.50128205128205,17.50128205128205,False
42,department_name,Boots,2,20,0.1,0.0066661783019559,15.001098901098903,15.001098901098903,True
42,graphical_appearance_name,Contrast,1,20,0.05,0.0034429712109003002,14.522340425531917,14.522340425531917,False
42,product_type_name,Boots,2,20,0.1,0.009303347740092302,10.748818897637795,10.748818897637795,True
42,department_name,Suit jacket,1,20,0.05,0.0053475935828877,9.350000000000001,9.350000000000001,False
42,department_name,Suit,1,20,0.05,0.0057871218225771,8.63987341772152,8.63987341772152,False
42,department_name,Skirt,2,20,0.1,0.011647498351769101,8.58553459119497,8.58553459119497,True
42,garment_group_name,Dressed,2,20,0.1,0.013112592484067102,7.626256983240224,7.626256983240224,False
42,section_name,Womens Tailoring,9,20,0.45,0.06343857592850341,7.093475750577367,7.093475750577367,False
42,product_type_name,Blazer,2,20,0.1,0.014211413083290601,7.036597938144331,7.036597938144331,False
42,graphical_appearance_name,Other structure,3,20,0.15,0.022855468463848803,6.5629807692307685,6.5629807692307685,False
42,colour_group_name,Light Purple,1,20,0.05,0.008717310087173101,5.735714285714286,5.735714285714286,False
42,colour_group_name,Yellowish Brown,2,20,0.1,0.0187532048934144,5.3324218750000005,5.3324218750000005,False
42,garment_group_name,Skirts,2,20,0.1,0.0195590066661783,5.112734082397004,5.112734082397004,False
42,colour_group_name,Off White,3,20,0.15,0.030180939125338802,4.97002427184466,4.97002427184466,False
42,product_type_name,Skirt,3,20,0.15,0.033404146216394405,4.490460526315789,4.490460526315789,False
42,section_name,Womens Shoes,2,20,0.1,0.023734524943227604,4.213271604938272,4.213271604938272,False
42,department_name,Dress,3,20,0.15,0.035894806241301,4.178877551020408,4.178877551020408,False
42,graphical_appearance_name,Lace,1,20,0.05,0.012673064244377702,3.9453757225433526,3.9453757225433526,False
42,colour_group_name,Dark Red,1,20,0.05,0.0128195736576075,3.900285714285715,3.900285714285715,False
42,colour_group_name,Dark Beige,1,20,0.05,0.012966083070837301,3.856214689265537,3.856214689265537,False
42,perceived_colour_master_name,Brown,2,20,0.1,0.026151930261519303,3.823809523809524,3.823809523809524,False
42,garment_group_name,Shoes,2,20,0.1,0.026811222621053402,3.7297814207650277,3.7297814207650277,False
42,product_group_name,Shoes,2,20,0.1,0.026957732034283203,3.7095108695652175,3.7095108695652175,False
42,department_name,Blouse & Dress,1,20,0.05,0.013478866017141601,3.7095108695652175,3.7095108695652175,False
42,product_type_name,Cardigan,1,20,0.05,0.014064903670060802,3.554947916666667,3.554947916666667,False
42,department_name,Blouse,3,20,0.15,0.043293531609405904,3.464720812182741,3.464720812182741,False
42,perceived_colour_master_name,Lilac Purple,1,20,0.05,0.014724196029594901,3.395771144278607,3.395771144278607,False
42,department_name,Trouser,3,20,0.15,0.0446121163284741,3.3623152709359605,3.3623152709359605,False
42,product_type_name,Blouse,3,20,0.15,0.045344663394623105,3.307996768982229,3.307996768982229,False
42,colour_group_name,Beige,3,20,0.15,0.04585744634092741,3.2710063897763577,3.2710063897763577,False
42,section_name,Womens Trend,2,20,0.1,0.030986740898102702,3.227186761229315,3.227186761229315,False
42,section_name,Womens Everyday Collection,7,20,0.35,0.12218885063365321,2.8644184652278173,2.8644184652278173,False
42,department_name,Knitwear,2,20,0.1,0.039557541572046,2.527962962962963,2.527962962962963,False
42,garment_group_name,Trousers,4,20,0.2,0.0825580543549923,2.4225377107364685,2.4225377107364685,False
42,perceived_colour_master_name,Mole,1,20,0.05,0.021097355505091203,2.3699652777777778,2.3699652777777778,False
42,perceived_colour_master_name,Beige,4,20,0.2,0.08482895026005421,2.357685664939551,2.357685664939551,False
42,garment_group_name,Blouses,4,20,0.2,0.0860742802725075,2.3235744680851065,2.3235744680851065,False
42,garment_group_name,Dresses Ladies,3,20,0.15,0.06651527360632921,2.2551211453744493,2.2551211453744493,False
42,graphical_appearance_name,Check,1,20,0.05,0.023001977877078604,2.1737261146496816,2.1737261146496816,False
42,perceived_colour_master_name,Red,1,20,0.05,0.0232217419969233,2.1531545741324924,2.1531545741324924,False
42,colour_group_name,Light Beige,2,20,0.1,0.0478353234195297,2.090505359877489,2.090505359877489,False
42,department_name,Jersey fancy,1,20,0.05,0.0247600908358362,2.0193786982248523,2.0193786982248523,False
42,graphical_appearance_name,All over pattern,4,20,0.2,0.10709838107098381,1.8674418604651164,1.8674418604651164,False
42,colour_group_name,Greenish Khaki,1,20,0.05,0.027910043220276903,1.7914698162729659,1.7914698162729659,False
42,product_group_name,Garment Lower body,7,20,0.35,0.2052596879349498,1.7051570306923627,1.7051570306923627,False
42,product_type_name,Dress,4,20,0.2,0.11750054941029961,1.70211970074813,1.70211970074813,False
42,index_group_name,Ladieswear,20,20,1.0,0.5894806241301004,1.6964085994780662,1.6964085994780662,False
42,perceived_colour_master_name,White,4,20,0.2,0.12797597245623032,1.5627933600457928,1.5627933600457928,False
42,product_group_name,Garment Full body,4,20,0.2,0.1304666324811369,1.5329590117911287,1.5329590117911287,False
42,product_type_name,Trousers,4,20,0.2,0.1310526701340561,1.5261039686975966,1.5261039686975966,False
42,garment_group_name,Knitwear,2,20,0.1,0.06695480184601861,1.4935448577680526,1.4935448577680526,False
42,perceived_colour_master_name,Khaki green,1,20,0.05,0.035015749761922205,1.427928870292887,1.427928870292887,False
42,colour_group_name,Light Pink,1,20,0.05,0.036773862720679805,1.3596613545816734,1.3596613545816734,False
42,product_type_name,Top,1,20,0.05,0.050692256977510806,0.9863439306358381,0.9863439306358381,False
42,product_group_name,Garment Upper body,7,20,0.35,0.38905574683173394,0.8996140086612691,0.8996140086612691,False
42,colour_group_name,Black,5,20,0.25,0.28027250750860744,0.8919890224777836,0.8919890224777836,False
42,perceived_colour_master_name,Black,5,20,0.25,0.28173760164090544,0.8873504940197607,0.8873504940197607,False
42,graphical_appearance_name,Solid,10,20,0.5,0.5812760969892315,0.8601764335223693,0.8601764335223693,False
42,perceived_colour_master_name,Pink,1,20,0.05,0.06702805655263351,0.7459562841530054,0.7459562841530054,False
42,garment_group_name,Jersey Fancy,1,20,0.05,0.16672771225551242,0.299890158172232,0.299890158172232,False
43,colour_group_name,Dark Turquoise,2,20,0.1,0.0027104241447513003,36.894594594594594,36.894594594594594,True
43,department_name,Suit,4,20,0.2,0.0057871218225771,34.55949367088608,34.55949367088608,True
43,colour_group_name,Turquoise,1,20,0.05,0.0028569335579811004,17.50128205128205,17.50128205128205,False
43,perceived_colour_master_name,Turquoise,3,20,0.15,0.009230093033477401,16.251190476190473,16.251190476190473,True
43,section_name,Womens Tailoring,20,20,1.0,0.06343857592850341,15.763279445727482,15.763279445727482,False
43,garment_group_name,Dressed,4,20,0.2,0.013112592484067102,15.252513966480448,15.252513966480448,False
43,product_type_name,Blazer,4,20,0.2,0.014211413083290601,14.073195876288661,14.073195876288661,False
43,graphical_appearance_name,Other structure,5,20,0.25,0.022855468463848803,10.938301282051281,10.938301282051281,False
43,product_type_name,Top,11,20,0.55,0.050692256977510806,10.84978323699422,10.84978323699422,False
43,colour_group_name,Dark Green,4,20,0.2,0.018533440773569703,10.791304347826086,10.791304347826086,False
43,department_name,Jersey,11,20,0.55,0.060801406490367006,9.045843373493977,9.045843373493977,False
43,department_name,Skirt,2,20,0.1,0.011647498351769101,8.58553459119497,8.58553459119497,False
43,garment_group_name,Skirts,2,20,0.1,0.0195590066661783,5.112734082397004,5.112734082397004,False
43,perceived_colour_master_name,Khaki green,3,20,0.15,0.035015749761922205,4.283786610878661,4.283786610878661,False
43,colour_group_name,Dark Red,1,20,0.05,0.0128195736576075,3.900285714285715,3.900285714285715,False
43,colour_group_name,Dark Beige,1,20,0.05,0.012966083070837301,3.856214689265537,3.856214689265537,False
43,perceived_colour_master_name,Green,2,20,0.1,0.027910043220276903,3.5829396325459317,3.5829396325459317,False
43,garment_group_name,Jersey Fancy,11,20,0.55,0.16672771225551242,3.2987917398945523,3.2987917398945523,False
43,colour_group_name,Grey,2,20,0.1,0.031059995604717602,3.2195754716981133,3.2195754716981133,False
43,colour_group_name,Light Beige,3,20,0.15,0.0478353234195297,3.135758039816233,3.135758039816233,False
43,product_type_name,Skirt,2,20,0.1,0.033404146216394405,2.993640350877193,2.993640350877193,False
43,perceived_colour_master_name,Beige,4,20,0.2,0.08482895026005421,2.357685664939551,2.357685664939551,False
43,department_name,Trouser,2,20,0.1,0.0446121163284741,2.2415435139573074,2.2415435139573074,False
43,perceived_colour_master_name,Red,1,20,0.05,0.0232217419969233,2.1531545741324924,2.1531545741324924,False
43,product_group_name,Garment Upper body,16,20,0.8,0.38905574683173394,2.056260591225758,2.056260591225758,False
43,colour_group_name,Greenish Khaki,1,20,0.05,0.027910043220276903,1.7914698162729659,1.7914698162729659,False
43,index_group_name,Ladieswear,20,20,1.0,0.5894806241301004,1.6964085994780662,1.6964085994780662,False
43,colour_group_name,Dark Blue,2,20,0.1,0.058970038824994506,1.695776397515528,1.695776397515528,False
43,perceived_colour_master_name,Grey,2,20,0.1,0.07113032012306791,1.4058702368692069,1.4058702368692069,False
43,garment_group_name,Trousers,2,20,0.1,0.0825580543549923,1.2112688553682343,1.2112688553682343,False
43,graphical_appearance_name,Solid,14,20,0.7,0.5812760969892315,1.204247006931317,1.204247006931317,False
43,department_name,Blouse,1,20,0.05,0.043293531609405904,1.154906937394247,1.154906937394247,False
43,product_type_name,Blouse,1,20,0.05,0.045344663394623105,1.1026655896607431,1.1026655896607431,False
43,product_group_name,Garment Lower body,4,20,0.2,0.2052596879349498,0.9743754461099216,0.9743754461099216,False
43,perceived_colour_master_name,Blue,2,20,0.1,0.11933191707567212,0.8379987722529159,0.8379987722529159,False
43,product_type_name,Trousers,2,20,0.1,0.1310526701340561,0.7630519843487983,0.7630519843487983,False
43,garment_group_name,Blouses,1,20,0.05,0.0860742802725075,0.5808936170212766,0.5808936170212766,False
43,colour_group_name,White,1,20,0.05,0.0960369203721339,0.5206331045003815,0.5206331045003815,False
43,graphical_appearance_name,All over pattern,1,20,0.05,0.10709838107098381,0.4668604651162791,0.4668604651162791,False
43,perceived_colour_master_name,White,1,20,0.05,0.12797597245623032,0.3906983400114482,0.3906983400114482,False
43,colour_group_name,Black,2,20,0.1,0.28027250750860744,0.35679560899111346,0.35679560899111346,False
43,perceived_colour_master_name,Black,2,20,0.1,0.28173760164090544,0.3549401976079043,0.3549401976079043,False
44,department_name,Blanks,11,20,0.55,0.0014650941322980001,375.40250000000003,375.40250000000003,True
44,department_name,Promotion/ Other /Offer,1,20,0.05,0.0002930188264596,170.63750000000002,170.63750000000002,False
44,product_type_name,Hat/beanie,2,20,0.1,0.0038092447439748004,26.251923076923077,26.251923076923077,True
44,department_name,Knit & Woven,2,20,0.1,0.0045417918101238,22.017741935483873,22.017741935483873,True
44,section_name,Men Underwear,11,20,0.55,0.0358215515346861,15.353885480572599,15.353885480572599,False
44,section_name,Divided Accessories,4,20,0.2,0.013991648963445902,14.294240837696336,14.294240837696336,False
44,garment_group_name,Special Offers,1,20,0.05,0.0035162259175152005,14.219791666666667,14.219791666666667,False
44,colour_group_name,Dark Beige,3,20,0.15,0.012966083070837301,11.56864406779661,11.56864406779661,False
44,product_type_name,Bag,2,20,0.1,0.009156838326862501,10.9208,10.9208,False
44,colour_group_name,Yellowish Brown,4,20,0.2,0.0187532048934144,10.664843750000001,10.664843750000001,False
44,department_name,Tops Knitwear,3,20,0.15,0.014357922496520402,10.44719387755102,10.44719387755102,False
44,department_name,Bags,2,20,0.1,0.009596366566551901,10.4206106870229,10.4206106870229,False
44,graphical_appearance_name,Jacquard,1,20,0.05,0.005127829463043,9.750714285714286,9.750714285714286,False
44,perceived_colour_master_name,Brown,4,20,0.2,0.026151930261519303,7.647619047619048,7.647619047619048,False
44,product_type_name,Hoodie,3,20,0.15,0.0206578272654018,7.261170212765958,7.261170212765958,False
44,graphical_appearance_name,Placement print,2,20,0.1,0.014650941322980001,6.825500000000001,6.825500000000001,False
44,garment_group_name,Jersey Basic,11,20,0.55,0.09003003442971211,6.1090724165988615,6.1090724165988615,False
44,index_group_name,Menswear,11,20,0.55,0.10438795692623251,5.26880701754386,5.26880701754386,False
44,colour_group_name,Off White,3,20,0.15,0.030180939125338802,4.97002427184466,4.97002427184466,False
44,product_type_name,Cardigan,1,20,0.05,0.014064903670060802,3.554947916666667,3.554947916666667,False
44,department_name,Trousers,1,20,0.05,0.0164823089883525,3.0335555555555556,3.0335555555555556,False
44,perceived_colour_master_name,Beige,5,20,0.25,0.08482895026005421,2.9471070811744386,2.9471070811744386,False
44,product_type_name,Sweater,4,20,0.2,0.0791883378507069,2.5256244218316377,2.5256244218316377,False
44,section_name,Divided Projects,1,20,0.05,0.022049666691084904,2.267607973421927,2.267607973421927,False
44,garment_group_name,Knitwear,3,20,0.15,0.06695480184601861,2.2403172866520786,2.2403172866520786,False
44,index_group_name,Divided,9,20,0.45,0.2062119991209435,2.182220248667851,2.182220248667851,False
44,product_group_name,Accessories,4,20,0.2,0.092300930334774,2.166825396825397,2.166825396825397,False
44,colour_group_name,Light Beige,2,20,0.1,0.0478353234195297,2.090505359877489,2.090505359877489,False
44,garment_group_name,Accessories,4,20,0.2,0.0962566844919786,2.077777777777778,2.077777777777778,False
44,section_name,Divided Collection,4,20,0.2,0.10409493809977291,1.9213230119634062,1.9213230119634062,False
44,product_type_name,Trousers,5,20,0.25,0.1310526701340561,1.9076299608719955,1.9076299608719955,False
44,product_type_name,T-shirt,2,20,0.1,0.05757819939931141,1.7367684478371501,1.7367684478371501,False
44,colour_group_name,Dark Grey,1,20,0.05,0.029375137352574902,1.70211970074813,1.70211970074813,False
44,perceived_colour_master_name,White,4,20,0.2,0.12797597245623032,1.5627933600457928,1.5627933600457928,False
44,product_group_name,Garment Upper body,11,20,0.55,0.38905574683173394,1.4136791564677087,1.4136791564677087,False
44,graphical_appearance_name,Solid,15,20,0.75,0.5812760969892315,1.290264650283554,1.290264650283554,False
44,product_group_name,Garment Lower body,5,20,0.25,0.2052596879349498,1.2179693076374019,1.2179693076374019,False
44,perceived_colour_master_name,Black,6,20,0.3,0.28173760164090544,1.0648205928237129,1.0648205928237129,False
44,product_type_name,Top,1,20,0.05,0.050692256977510806,0.9863439306358381,0.9863439306358381,False
44,graphical_appearance_name,All over pattern,2,20,0.1,0.10709838107098381,0.9337209302325582,0.9337209302325582,False
44,colour_group_name,Black,5,20,0.25,0.28027250750860744,0.8919890224777836,0.8919890224777836,False
44,colour_group_name,Dark Blue,1,20,0.05,0.058970038824994506,0.847888198757764,0.847888198757764,False
44,garment_group_name,Trousers,1,20,0.05,0.0825580543549923,0.6056344276841171,0.6056344276841171,False
44,colour_group_name,White,1,20,0.05,0.0960369203721339,0.5206331045003815,0.5206331045003815,False
44,perceived_colour_master_name,Blue,1,20,0.05,0.11933191707567212,0.41899938612645793,0.41899938612645793,False
45,department_name,Projects Woven Bottoms,1,20,0.05,0.0024906600249066002,20.075000000000003,20.075000000000003,False
45,department_name,Trousers & Skirt,1,20,0.05,0.0028569335579811004,17.50128205128205,17.50128205128205,False
45,graphical_appearance_name,Contrast,1,20,0.05,0.0034429712109003002,14.522340425531917,14.522340425531917,False
45,department_name,Suit jacket,1,20,0.05,0.0053475935828877,9.350000000000001,9.350000000000001,False
45,department_name,Suit,1,20,0.05,0.0057871218225771,8.63987341772152,8.63987341772152,False
45,department_name,Skirt,2,20,0.1,0.011647498351769101,8.58553459119497,8.58553459119497,True
45,section_name,Womens Tailoring,10,20,0.5,0.06343857592850341,7.881639722863741,7.881639722863741,True
45,garment_group_name,Dressed,2,20,0.1,0.013112592484067102,7.626256983240224,7.626256983240224,True
45,product_type_name,Blazer,2,20,0.1,0.014211413083290601,7.036597938144331,7.036597938144331,False
45,graphical_appearance_name,Other structure,3,20,0.15,0.022855468463848803,6.5629807692307685,6.5629807692307685,False
45,product_type_name,Skirt,4,20,0.2,0.033404146216394405,5.987280701754386,5.987280701754386,False
45,colour_group_name,Light Purple,1,20,0.05,0.008717310087173101,5.735714285714286,5.735714285714286,False
45,colour_group_name,Red,1,20,0.05,0.009156838326862501,5.4604,5.4604,False
45,garment_group_name,Skirts,2,20,0.1,0.0195590066661783,5.112734082397004,5.112734082397004,False
45,colour_group_name,Off White,3,20,0.15,0.030180939125338802,4.97002427184466,4.97002427184466,False
45,graphical_appearance_name,Check,2,20,0.1,0.023001977877078604,4.347452229299363,4.347452229299363,False
45,perceived_colour_master_name,Red,2,20,0.1,0.0232217419969233,4.306309148264985,4.306309148264985,False
45,department_name,Dress,3,20,0.15,0.035894806241301,4.178877551020408,4.178877551020408,False
45,graphical_appearance_name,Lace,1,20,0.05,0.012673064244377702,3.9453757225433526,3.9453757225433526,False
45,colour_group_name,Dark Red,1,20,0.05,0.0128195736576075,3.900285714285715,3.900285714285715,False
45,colour_group_name,Dark Beige,1,20,0.05,0.012966083070837301,3.856214689265537,3.856214689265537,False
45,department_name,Blouse & Dress,1,20,0.05,0.013478866017141601,3.7095108695652175,3.7095108695652175,False
45,product_type_name,Cardigan,1,20,0.05,0.014064903670060802,3.554947916666667,3.554947916666667,False
45,department_name,Blouse,3,20,0.15,0.043293531609405904,3.464720812182741,3.464720812182741,False
45,perceived_colour_master_name,Lilac Purple,1,20,0.05,0.014724196029594901,3.395771144278607,3.395771144278607,False
45,department_name,Trouser,3,20,0.15,0.0446121163284741,3.3623152709359605,3.3623152709359605,False
45,product_type_name,Blouse,3,20,0.15,0.045344663394623105,3.307996768982229,3.307996768982229,False
45,colour_group_name,Beige,3,20,0.15,0.04585744634092741,3.2710063897763577,3.2710063897763577,False
45,section_name,Womens Trend,2,20,0.1,0.030986740898102702,3.227186761229315,3.227186761229315,False
45,garment_group_name,Trousers,5,20,0.25,0.0825580543549923,3.0281721384205857,3.0281721384205857,False
45,garment_group_name,Dresses Ladies,4,20,0.2,0.06651527360632921,3.0068281938325994,3.0068281938325994,False
45,perceived_colour_master_name,Beige,5,20,0.25,0.08482895026005421,2.9471070811744386,2.9471070811744386,False
45,colour_group_name,Yellowish Brown,1,20,0.05,0.0187532048934144,2.6662109375000003,2.6662109375000003,False
45,department_name,Knitwear,2,20,0.1,0.039557541572046,2.527962962962963,2.527962962962963,False
45,section_name,Womens Everyday Collection,6,20,0.3,0.12218885063365321,2.4552158273381295,2.4552158273381295,False
45,department_name,Dresses,1,20,0.05,0.021024100798476303,2.3782229965156794,2.3782229965156794,False
45,garment_group_name,Blouses,4,20,0.2,0.0860742802725075,2.3235744680851065,2.3235744680851065,False
45,section_name,Divided Projects,1,20,0.05,0.022049666691084904,2.267607973421927,2.267607973421927,False
45,product_type_name,Dress,5,20,0.25,0.11750054941029961,2.1276496259351623,2.1276496259351623,False
45,colour_group_name,Light Beige,2,20,0.1,0.0478353234195297,2.090505359877489,2.090505359877489,False
45,department_name,Jersey fancy,1,20,0.05,0.0247600908358362,2.0193786982248523,2.0193786982248523,False
45,product_group_name,Garment Lower body,8,20,0.4,0.2052596879349498,1.948750892219843,1.948750892219843,False
45,product_group_name,Garment Full body,5,20,0.25,0.1304666324811369,1.9161987647389107,1.9161987647389107,False
45,perceived_colour_master_name,Brown,1,20,0.05,0.026151930261519303,1.911904761904762,1.911904761904762,False
45,colour_group_name,Greenish Khaki,1,20,0.05,0.027910043220276903,1.7914698162729659,1.7914698162729659,False
45,perceived_colour_master_name,White,4,20,0.2,0.12797597245623032,1.5627933600457928,1.5627933600457928,False
45,index_group_name,Ladieswear,18,20,0.9,0.5894806241301004,1.5267677395302597,1.5267677395302597,False
45,product_type_name,Trousers,4,20,0.2,0.1310526701340561,1.5261039686975966,1.5261039686975966,False
45,garment_group_name,Knitwear,2,20,0.1,0.06695480184601861,1.4935448577680526,1.4935448577680526,False
45,perceived_colour_master_name,Khaki green,1,20,0.05,0.035015749761922205,1.427928870292887,1.427928870292887,False
45,graphical_appearance_name,All over pattern,3,20,0.15,0.10709838107098381,1.400581395348837,1.400581395348837,False
45,colour_group_name,Light Pink,1,20,0.05,0.036773862720679805,1.3596613545816734,1.3596613545816734,False
45,product_type_name,Top,1,20,0.05,0.050692256977510806,0.9863439306358381,0.9863439306358381,False
45,product_group_name,Garment Upper body,7,20,0.35,0.38905574683173394,0.8996140086612691,0.8996140086612691,False
45,colour_group_name,Black,5,20,0.25,0.28027250750860744,0.8919890224777836,0.8919890224777836,False
45,perceived_colour_master_name,Black,5,20,0.25,0.28173760164090544,0.8873504940197607,0.8873504940197607,False
45,graphical_appearance_name,Solid,10,20,0.5,0.5812760969892315,0.8601764335223693,0.8601764335223693,False
45,perceived_colour_master_name,Pink,1,20,0.05,0.06702805655263351,0.7459562841530054,0.7459562841530054,False
45,index_group_name,Divided,2,20,0.1,0.2062119991209435,0.4849378330373002,0.4849378330373002,False
45,section_name,Divided Collection,1,20,0.05,0.10409493809977291,0.48033075299085154,0.48033075299085154,False
45,garment_group_name,Jersey Fancy,1,20,0.05,0.16672771225551242,0.299890158172232,0.299890158172232,False
46,product_type_name,Pyjama bottom,1,20,0.05,0.0025639147315215,19.501428571428573,19.501428571428573,False
46,department_name,Trousers & Skirt,1,20,0.05,0.0028569335579811004,17.50128205128205,17.50128205128205,False
46,graphical_appearance_name,Contrast,1,20,0.05,0.0034429712109003002,14.522340425531917,14.522340425531917,False
46,department_name,Suit jacket,1,20,0.05,0.0053475935828877,9.350000000000001,9.350000000000001,False
46,department_name,Skirt,2,20,0.1,0.011647498351769101,8.58553459119497,8.58553459119497,True
46,product_type_name,Unknown,1,20,0.05,0.006080140649036701,8.223493975903615,8.223493975903615,False
46,product_group_name,Unknown,1,20,0.05,0.006080140649036701,8.223493975903615,8.223493975903615,False
46,department_name,Boots,1,20,0.05,0.0066661783019559,7.500549450549451,7.500549450549451,False
46,graphical_appearance_name,Other structure,3,20,0.15,0.022855468463848803,6.5629807692307685,6.5629807692307685,True
46,colour_group_name,Light Purple,1,20,0.05,0.008717310087173101,5.735714285714286,5.735714285714286,False
46,section_name,Womens Tailoring,7,20,0.35,0.06343857592850341,5.517147806004618,5.517147806004618,True
46,product_type_name,Boots,1,20,0.05,0.009303347740092302,5.374409448818898,5.374409448818898,False
46,department_name,Loungewear,1,20,0.05,0.009596366566551901,5.21030534351145,5.21030534351145,False
46,product_group_name,Nightwear,1,20,0.05,0.009669621273166801,5.170833333333333,5.170833333333333,False
46,garment_group_name,Skirts,2,20,0.1,0.0195590066661783,5.112734082397004,5.112734082397004,False
46,department_name,Blouse,4,20,0.2,0.043293531609405904,4.619627749576988,4.619627749576988,False
46,product_type_name,Skirt,3,20,0.15,0.033404146216394405,4.490460526315789,4.490460526315789,False
46,colour_group_name,Beige,4,20,0.2,0.04585744634092741,4.361341853035143,4.361341853035143,False
46,department_name,Dress,3,20,0.15,0.035894806241301,4.178877551020408,4.178877551020408,False
46,garment_group_name,Dressed,1,20,0.05,0.013112592484067102,3.813128491620112,3.813128491620112,False
46,department_name,Knitwear,3,20,0.15,0.039557541572046,3.7919444444444443,3.7919444444444443,False
46,department_name,Blouse & Dress,1,20,0.05,0.013478866017141601,3.7095108695652175,3.7095108695652175,False
46,product_type_name,Cardigan,1,20,0.05,0.014064903670060802,3.554947916666667,3.554947916666667,False
46,product_type_name,Blazer,1,20,0.05,0.014211413083290601,3.5182989690721653,3.5182989690721653,False
46,colour_group_name,Light Orange,1,20,0.05,0.014724196029594901,3.395771144278607,3.395771144278607,False
46,perceived_colour_master_name,Lilac Purple,1,20,0.05,0.014724196029594901,3.395771144278607,3.395771144278607,False
46,colour_group_name,Off White,2,20,0.1,0.030180939125338802,3.313349514563107,3.313349514563107,False
46,product_type_name,Blouse,3,20,0.15,0.045344663394623105,3.307996768982229,3.307996768982229,False
46,section_name,Womens Everyday Collection,8,20,0.4,0.12218885063365321,3.273621103117506,3.273621103117506,False
46,section_name,Womens Trend,2,20,0.1,0.030986740898102702,3.227186761229315,3.227186761229315,False
46,garment_group_name,Dresses Ladies,4,20,0.2,0.06651527360632921,3.0068281938325994,3.0068281938325994,False
46,garment_group_name,Blouses,5,20,0.25,0.0860742802725075,2.904468085106383,2.904468085106383,False
46,colour_group_name,Yellowish Brown,1,20,0.05,0.0187532048934144,2.6662109375000003,2.6662109375000003,False
46,department_name,Dresses,1,20,0.05,0.021024100798476303,2.3782229965156794,2.3782229965156794,False
46,perceived_colour_master_name,Mole,1,20,0.05,0.021097355505091203,2.3699652777777778,2.3699652777777778,False
46,perceived_colour_master_name,Beige,4,20,0.2,0.08482895026005421,2.357685664939551,2.357685664939551,False
46,department_name,Trouser,2,20,0.1,0.0446121163284741,2.2415435139573074,2.2415435139573074,False
46,garment_group_name,Knitwear,3,20,0.15,0.06695480184601861,2.2403172866520786,2.2403172866520786,False
46,product_type_name,Dress,5,20,0.25,0.11750054941029961,2.1276496259351623,2.1276496259351623,False
46,section_name,Womens Shoes,1,20,0.05,0.023734524943227604,2.106635802469136,2.106635802469136,False
46,colour_group_name,Light Beige,2,20,0.1,0.0478353234195297,2.090505359877489,2.090505359877489,False
46,perceived_colour_master_name,White,5,20,0.25,0.12797597245623032,1.9534917000572407,1.9534917000572407,False
46,product_group_name,Garment Full body,5,20,0.25,0.1304666324811369,1.9161987647389107,1.9161987647389107,False
46,perceived_colour_master_name,Brown,1,20,0.05,0.026151930261519303,1.911904761904762,1.911904761904762,False
46,graphical_appearance_name,All over pattern,4,20,0.2,0.10709838107098381,1.8674418604651164,1.8674418604651164,False
46,garment_group_name,Shoes,1,20,0.05,0.026811222621053402,1.8648907103825139,1.8648907103825139,False
46,product_group_name,Shoes,1,20,0.05,0.026957732034283203,1.8547554347826087,1.8547554347826087,False
46,perceived_colour_master_name,Orange,1,20,0.05,0.0273972602739726,1.8250000000000002,1.8250000000000002,False
46,garment_group_name,Trousers,3,20,0.15,0.0825580543549923,1.8169032830523513,1.8169032830523513,False
46,colour_group_name,Greenish Khaki,1,20,0.05,0.027910043220276903,1.7914698162729659,1.7914698162729659,False
46,index_group_name,Ladieswear,19,20,0.95,0.5894806241301004,1.611588169504163,1.611588169504163,False
46,product_group_name,Garment Lower body,6,20,0.3,0.2052596879349498,1.4615631691648823,1.4615631691648823,False
46,section_name,"Womens Nightwear, Socks & Tigh",1,20,0.05,0.034869240348692404,1.4339285714285714,1.4339285714285714,False
46,perceived_colour_master_name,Khaki green,1,20,0.05,0.035015749761922205,1.427928870292887,1.427928870292887,False
46,colour_group_name,Light Pink,1,20,0.05,0.036773862720679805,1.3596613545816734,1.3596613545816734,False
46,product_type_name,Trousers,3,20,0.15,0.1310526701340561,1.1445779765231974,1.1445779765231974,False
46,colour_group_name,White,2,20,0.1,0.0960369203721339,1.041266209000763,1.041266209000763,False
46,graphical_appearance_name,Solid,12,20,0.6,0.5812760969892315,1.032211720226843,1.032211720226843,False
46,colour_group_name,Black,5,20,0.25,0.28027250750860744,0.8919890224777836,0.8919890224777836,False
46,perceived_colour_master_name,Black,5,20,0.25,0.28173760164090544,0.8873504940197607,0.8873504940197607,False
46,product_group_name,Garment Upper body,6,20,0.3,0.38905574683173394,0.7710977217096592,0.7710977217096592,False
46,perceived_colour_master_name,Pink,1,20,0.05,0.06702805655263351,0.7459562841530054,0.7459562841530054,False
46,product_type_name,Sweater,1,20,0.05,0.0791883378507069,0.6314061054579094,0.6314061054579094,False
46,garment_group_name,"Under-, Nightwear",1,20,0.05,0.08475569555343931,0.5899308556611927,0.5899308556611927,False
46,section_name,Divided Collection,1,20,0.05,0.10409493809977291,0.48033075299085154,0.48033075299085154,False
46,index_group_name,Divided,1,20,0.05,0.2062119991209435,0.2424689165186501,0.2424689165186501,False
47,graphical_appearance_name,Contrast,1,20,0.05,0.0034429712109003002,14.522340425531917,14.522340425531917,False
47,department_name,Suit jacket,1,20,0.05,0.0053475935828877,9.350000000000001,9.350000000000001,False
47,department_name,Skirt,2,20,0.1,0.011647498351769101,8.58553459119497,8.58553459119497,True
47,product_type_name,Unknown,1,20,0.05,0.006080140649036701,8.223493975903615,8.223493975903615,False
47,product_group_name,Unknown,1,20,0.05,0.006080140649036701,8.223493975903615,8.223493975903615,False
47,department_name,Boots,1,20,0.05,0.0066661783019559,7.500549450549451,7.500549450549451,False
47,section_name,Womens Tailoring,9,20,0.45,0.06343857592850341,7.093475750577367,7.093475750577367,True
47,product_type_name,Skirt,4,20,0.2,0.033404146216394405,5.987280701754386,5.987280701754386,True
47,department_name,Blouse,5,20,0.25,0.043293531609405904,5.7745346869712355,5.7745346869712355,False
47,colour_group_name,Light Purple,1,20,0.05,0.008717310087173101,5.735714285714286,5.735714285714286,False
47,colour_group_name,Red,1,20,0.05,0.009156838326862501,5.4604,5.4604,False
47,product_type_name,Boots,1,20,0.05,0.009303347740092302,5.374409448818898,5.374409448818898,False
47,garment_group_name,Skirts,2,20,0.1,0.0195590066661783,5.112734082397004,5.112734082397004,False
47,department_name,Knitwear,4,20,0.2,0.039557541572046,5.055925925925926,5.055925925925926,False
47,product_type_name,Blouse,4,20,0.2,0.045344663394623105,4.4106623586429725,4.4106623586429725,False
47,graphical_appearance_name,Other structure,2,20,0.1,0.022855468463848803,4.375320512820513,4.375320512820513,False
47,department_name,Dress,3,20,0.15,0.035894806241301,4.178877551020408,4.178877551020408,False
47,garment_group_name,Dressed,1,20,0.05,0.013112592484067102,3.813128491620112,3.813128491620112,False
47,section_name,Womens Everyday Collection,9,20,0.45,0.12218885063365321,3.6828237410071942,3.6828237410071942,False
47,product_type_name,Cardigan,1,20,0.05,0.014064903670060802,3.554947916666667,3.554947916666667,False
47,product_type_name,Blazer,1,20,0.05,0.014211413083290601,3.5182989690721653,3.5182989690721653,False
47,perceived_colour_master_name,Lilac Purple,1,20,0.05,0.014724196029594901,3.395771144278607,3.395771144278607,False
47,department_name,Trouser,3,20,0.15,0.0446121163284741,3.3623152709359605,3.3623152709359605,False
47,colour_group_name,Off White,2,20,0.1,0.030180939125338802,3.313349514563107,3.313349514563107,False
47,colour_group_name,Beige,3,20,0.15,0.04585744634092741,3.2710063897763577,3.2710063897763577,False
47,garment_group_name,Dresses Ladies,4,20,0.2,0.06651527360632921,3.0068281938325994,3.0068281938325994,False
47,garment_group_name,Knitwear,4,20,0.2,0.06695480184601861,2.987089715536105,2.987089715536105,False
47,garment_group_name,Blouses,5,20,0.25,0.0860742802725075,2.904468085106383,2.904468085106383,False
47,department_name,Dresses,1,20,0.05,0.021024100798476303,2.3782229965156794,2.3782229965156794,False
47,perceived_colour_master_name,Mole,1,20,0.05,0.021097355505091203,2.3699652777777778,2.3699652777777778,False
47,perceived_colour_master_name,White,6,20,0.3,0.12797597245623032,2.344190040068689,2.344190040068689,False
47,perceived_colour_master_name,Red,1,20,0.05,0.0232217419969233,2.1531545741324924,2.1531545741324924,False
47,section_name,Womens Shoes,1,20,0.05,0.023734524943227604,2.106635802469136,2.106635802469136,False
47,colour_group_name,Light Beige,2,20,0.1,0.0478353234195297,2.090505359877489,2.090505359877489,False
47,garment_group_name,Shoes,1,20,0.05,0.026811222621053402,1.8648907103825139,1.8648907103825139,False
47,product_group_name,Shoes,1,20,0.05,0.026957732034283203,1.8547554347826087,1.8547554347826087,False
47,garment_group_name,Trousers,3,20,0.15,0.0825580543549923,1.8169032830523513,1.8169032830523513,False
47,colour_group_name,Greenish Khaki,1,20,0.05,0.027910043220276903,1.7914698162729659,1.7914698162729659,False
47,perceived_colour_master_name,Beige,3,20,0.15,0.08482895026005421,1.768264248704663,1.768264248704663,False
47,product_group_name,Garment Lower body,7,20,0.35,0.2052596879349498,1.7051570306923627,1.7051570306923627,False
47,product_type_name,Dress,4,20,0.2,0.11750054941029961,1.70211970074813,1.70211970074813,False
47,index_group_name,Ladieswear,19,20,0.95,0.5894806241301004,1.611588169504163,1.611588169504163,False
47,colour_group_name,Grey,1,20,0.05,0.031059995604717602,1.6097877358490567,1.6097877358490567,False
47,colour_group_name,White,3,20,0.15,0.0960369203721339,1.561899313501144,1.561899313501144,False
47,product_group_name,Garment Full body,4,20,0.2,0.1304666324811369,1.5329590117911287,1.5329590117911287,False
47,perceived_colour_master_name,Khaki green,1,20,0.05,0.035015749761922205,1.427928870292887,1.427928870292887,False
47,graphical_appearance_name,All over pattern,3,20,0.15,0.10709838107098381,1.400581395348837,1.400581395348837,False
47,colour_group_name,Light Pink,1,20,0.05,0.036773862720679805,1.3596613545816734,1.3596613545816734,False
47,product_type_name,Trousers,3,20,0.15,0.1310526701340561,1.1445779765231974,1.1445779765231974,False
47,graphical_appearance_name,Solid,13,20,0.65,0.5812760969892315,1.11822936357908,1.11822936357908,False
47,product_group_name,Garment Upper body,7,20,0.35,0.38905574683173394,0.8996140086612691,0.8996140086612691,False
47,colour_group_name,Black,5,20,0.25,0.28027250750860744,0.8919890224777836,0.8919890224777836,False
47,perceived_colour_master_name,Black,5,20,0.25,0.28173760164090544,0.8873504940197607,0.8873504940197607,False
47,graphical_appearance_name,Melange,1,20,0.05,0.0617537176763607,0.8096678529062872,0.8096678529062872,False
47,perceived_colour_master_name,Pink,1,20,0.05,0.06702805655263351,0.7459562841530054,0.7459562841530054,False
47,perceived_colour_master_name,Grey,1,20,0.05,0.07113032012306791,0.7029351184346034,0.7029351184346034,False
47,product_type_name,Sweater,1,20,0.05,0.0791883378507069,0.6314061054579094,0.6314061054579094,False
47,section_name,Divided Collection,1,20,0.05,0.10409493809977291,0.48033075299085154,0.48033075299085154,False
47,index_group_name,Divided,1,20,0.05,0.2062119991209435,0.2424689165186501,0.2424689165186501,False
48,department_name,Socks,9,20,0.45,0.0071057065416453005,63.32938144329897,63.32938144329897,True
48,graphical_appearance_name,Glittering/Metallic,6,20,0.3,0.0055673577027324,53.88552631578948,53.88552631578948,True
48,graphical_appearance_name,Other pattern,1,20,0.05,0.0015383488389129002,32.50238095238095,32.50238095238095,False
48,product_type_name,Socks,9,20,0.45,0.0240275437696872,18.728506097560977,18.728506097560977,True
48,department_name,Clean Lingerie,4,20,0.2,0.0107684418723903,18.57278911564626,18.57278911564626,False
48,garment_group_name,Socks and Tights,9,20,0.45,0.030254193831953703,14.873970944309928,14.873970944309928,False
48,product_group_name,Socks & Tights,9,20,0.45,0.030766976778258005,14.626071428571429,14.626071428571429,False
48,section_name,"Womens Nightwear, Socks & Tigh",9,20,0.45,0.034869240348692404,12.905357142857143,12.905357142857143,False
48,product_type_name,Unknown,1,20,0.05,0.006080140649036701,8.223493975903615,8.223493975903615,False
48,product_group_name,Unknown,1,20,0.05,0.006080140649036701,8.223493975903615,8.223493975903615,False
48,department_name,Expressive Lingerie,3,20,0.15,0.018313676653725002,8.1906,8.1906,False
48,colour_group_name,Yellowish Brown,3,20,0.15,0.0187532048934144,7.9986328125,7.9986328125,False
48,section_name,Womens Lingerie,9,20,0.45,0.05765145410592631,7.805527318932656,7.805527318932656,False
48,colour_group_name,Light Orange,2,20,0.1,0.014724196029594901,6.791542288557214,6.791542288557214,False
48,department_name,Ladies Sport Bras,2,20,0.1,0.014943960149439602,6.691666666666666,6.691666666666666,False
48,product_type_name,Underwear bottom,4,20,0.2,0.031133250311332503,6.424,6.424,False
48,colour_group_name,Dark Pink,1,20,0.05,0.007911508314409201,6.319907407407407,6.319907407407407,False
48,product_type_name,Bra,4,20,0.2,0.0326715991502454,6.121524663677131,6.121524663677131,False
48,product_group_name,Underwear,8,20,0.4,0.06768734891216761,5.909523809523809,5.909523809523809,False
48,perceived_colour_master_name,Brown,3,20,0.15,0.026151930261519303,5.735714285714286,5.735714285714286,False
48,department_name,Casual Lingerie,2,20,0.1,0.017581129587576003,5.687916666666666,5.687916666666666,False
48,garment_group_name,"Under-, Nightwear",9,20,0.45,0.08475569555343931,5.309377700950734,5.309377700950734,False
48,colour_group_name,Green,1,20,0.05,0.009742875979781702,5.131954887218045,5.131954887218045,False
48,colour_group_name,Light Pink,3,20,0.15,0.036773862720679805,4.078984063745019,4.078984063745019,False
48,section_name,Ladies H&M Sport,2,20,0.1,0.0265182037945938,3.770994475138122,3.770994475138122,False
48,colour_group_name,Light Blue,2,20,0.1,0.026957732034283203,3.7095108695652175,3.7095108695652175,False
48,perceived_colour_master_name,Orange,2,20,0.1,0.0273972602739726,3.6500000000000004,3.6500000000000004,False
48,colour_group_name,Light Grey,1,20,0.05,0.014797450736209802,3.378960396039604,3.378960396039604,False
48,index_group_name,Sport,2,20,0.1,0.033111127389934804,3.020132743362832,3.020132743362832,False
48,perceived_colour_master_name,Pink,4,20,0.2,0.06702805655263351,2.9838251366120216,2.9838251366120216,False
48,product_type_name,Top,2,20,0.1,0.050692256977510806,1.9726878612716763,1.9726878612716763,False
48,colour_group_name,White,3,20,0.15,0.0960369203721339,1.561899313501144,1.561899313501144,False
48,index_group_name,Ladieswear,18,20,0.9,0.5894806241301004,1.5267677395302597,1.5267677395302597,False
48,perceived_colour_master_name,Khaki green,1,20,0.05,0.035015749761922205,1.427928870292887,1.427928870292887,False
48,graphical_appearance_name,All over pattern,3,20,0.15,0.10709838107098381,1.400581395348837,1.400581395348837,False
48,perceived_colour_master_name,White,3,20,0.15,0.12797597245623032,1.1720950200343445,1.1720950200343445,False
48,colour_group_name,Beige,1,20,0.05,0.04585744634092741,1.0903354632587858,1.0903354632587858,False
48,graphical_appearance_name,Solid,10,20,0.5,0.5812760969892315,0.8601764335223693,0.8601764335223693,False
48,perceived_colour_master_name,Blue,2,20,0.1,0.11933191707567212,0.8379987722529159,0.8379987722529159,False
48,perceived_colour_master_name,Grey,1,20,0.05,0.07113032012306791,0.7029351184346034,0.7029351184346034,False
48,garment_group_name,Jersey Fancy,2,20,0.1,0.16672771225551242,0.599780316344464,0.599780316344464,False
48,perceived_colour_master_name,Beige,1,20,0.05,0.08482895026005421,0.5894214162348878,0.5894214162348878,False
48,colour_group_name,Black,3,20,0.15,0.28027250750860744,0.5351934134866702,0.5351934134866702,False
48,perceived_colour_master_name,Black,3,20,0.15,0.28173760164090544,0.5324102964118564,0.5324102964118564,False
48,product_group_name,Garment Upper body,2,20,0.1,0.38905574683173394,0.25703257390321976,0.25703257390321976,False
49,section_name,Mama,18,20,0.9,0.023294996703538202,38.63490566037736,38.63490566037736,True
49,department_name,Mama Lingerie,1,20,0.05,0.0019046223719874002,26.251923076923077,26.251923076923077,False
49,department_name,Woven bottoms,5,20,0.25,0.009669621273166801,25.854166666666664,25.854166666666664,True
49,product_type_name,Leggings/Tights,4,20,0.2,0.018313676653725002,10.9208,10.9208,True
49,department_name,Jersey,12,20,0.6,0.060801406490367006,9.868192771084336,9.868192771084336,False
49,product_type_name,Underwear Tights,1,20,0.05,0.006739433008570801,7.419021739130435,7.419021739130435,False
49,department_name,Tights basic,1,20,0.05,0.008277781847483701,6.040265486725664,6.040265486725664,False
49,colour_group_name,Dark Orange,1,20,0.05,0.009230093033477401,5.417063492063492,5.417063492063492,False
49,garment_group_name,Jersey Fancy,12,20,0.6,0.16672771225551242,3.5986818980667836,3.5986818980667836,False
49,perceived_colour_master_name,Lilac Purple,1,20,0.05,0.014724196029594901,3.395771144278607,3.395771144278607,False
49,graphical_appearance_name,Stripe,2,20,0.1,0.030034429712109,3.3295121951219517,3.3295121951219517,False
49,colour_group_name,Grey,2,20,0.1,0.031059995604717602,3.2195754716981133,3.2195754716981133,False
49,garment_group_name,Trousers,5,20,0.25,0.0825580543549923,3.0281721384205857,3.0281721384205857,False
49,product_type_name,Top,3,20,0.15,0.050692256977510806,2.959031791907514,2.959031791907514,False
49,product_group_name,Garment Lower body,11,20,0.55,0.2052596879349498,2.6795324768022843,2.6795324768022843,False
49,graphical_appearance_name,Denim,4,20,0.2,0.074719800747198,2.676666666666667,2.676666666666667,False
49,colour_group_name,Pink,1,20,0.05,0.021024100798476303,2.3782229965156794,2.3782229965156794,False
49,product_type_name,Trousers,6,20,0.3,0.1310526701340561,2.2891559530463947,2.2891559530463947,False
49,perceived_colour_master_name,Red,1,20,0.05,0.0232217419969233,2.1531545741324924,2.1531545741324924,False
49,perceived_colour_master_name,Grey,3,20,0.15,0.07113032012306791,2.10880535530381,2.10880535530381,False
49,product_type_name,T-shirt,2,20,0.1,0.05757819939931141,1.7367684478371501,1.7367684478371501,False
49,colour_group_name,Dark Grey,1,20,0.05,0.029375137352574902,1.70211970074813,1.70211970074813,False
49,index_group_name,Ladieswear,20,20,1.0,0.5894806241301004,1.6964085994780662,1.6964085994780662,False
49,colour_group_name,Dark Blue,2,20,0.1,0.058970038824994506,1.695776397515528,1.695776397515528,False
49,colour_group_name,Off White,1,20,0.05,0.030180939125338802,1.6566747572815534,1.6566747572815534,False
49,garment_group_name,Socks and Tights,1,20,0.05,0.030254193831953703,1.6526634382566587,1.6526634382566587,False
49,product_group_name,Socks & Tights,1,20,0.05,0.030766976778258005,1.6251190476190476,1.6251190476190476,False
49,graphical_appearance_name,Melange,2,20,0.1,0.0617537176763607,1.6193357058125744,1.6193357058125744,False
49,product_type_name,Underwear bottom,1,20,0.05,0.031133250311332503,1.606,1.606,False
49,colour_group_name,Black,9,20,0.45,0.28027250750860744,1.6055802404600104,1.6055802404600104,False
49,perceived_colour_master_name,Black,9,20,0.45,0.28173760164090544,1.5972308892355693,1.5972308892355693,False
49,product_type_name,Skirt,1,20,0.05,0.033404146216394405,1.4968201754385966,1.4968201754385966,False
49,section_name,"Womens Nightwear, Socks & Tigh",1,20,0.05,0.034869240348692404,1.4339285714285714,1.4339285714285714,False
49,department_name,Knitwear,1,20,0.05,0.039557541572046,1.2639814814814816,1.2639814814814816,False
49,perceived_colour_master_name,White,3,20,0.15,0.12797597245623032,1.1720950200343445,1.1720950200343445,False
49,colour_group_name,Light Beige,1,20,0.05,0.0478353234195297,1.0452526799387445,1.0452526799387445,False
49,colour_group_name,White,2,20,0.1,0.0960369203721339,1.041266209000763,1.041266209000763,False
49,graphical_appearance_name,Solid,12,20,0.6,0.5812760969892315,1.032211720226843,1.032211720226843,False
49,section_name,Womens Lingerie,1,20,0.05,0.05765145410592631,0.8672808132147396,0.8672808132147396,False
49,product_group_name,Garment Upper body,6,20,0.3,0.38905574683173394,0.7710977217096592,0.7710977217096592,False
49,garment_group_name,Knitwear,1,20,0.05,0.06695480184601861,0.7467724288840263,0.7467724288840263,False
49,perceived_colour_master_name,Pink,1,20,0.05,0.06702805655263351,0.7459562841530054,0.7459562841530054,False
49,product_group_name,Underwear,1,20,0.05,0.06768734891216761,0.7386904761904761,0.7386904761904761,False
49,product_type_name,Sweater,1,20,0.05,0.0791883378507069,0.6314061054579094,0.6314061054579094,False
49,garment_group_name,"Under-, Nightwear",1,20,0.05,0.08475569555343931,0.5899308556611927,0.5899308556611927,False
49,perceived_colour_master_name,Beige,1,20,0.05,0.08482895026005421,0.5894214162348878,0.5894214162348878,False
49,product_type_name,Dress,1,20,0.05,0.11750054941029961,0.4255299251870325,0.4255299251870325,False
49,perceived_colour_master_name,Blue,1,20,0.05,0.11933191707567212,0.41899938612645793,0.41899938612645793,False
49,product_group_name,Garment Full body,1,20,0.05,0.1304666324811369,0.3832397529477822,0.3832397529477822,False
50,section_name,Mama,18,20,0.9,0.023294996703538202,38.63490566037736,38.63490566037736,True
50,department_name,Mama Lingerie,1,20,0.05,0.0019046223719874002,26.251923076923077,26.251923076923077,False
50,department_name,Woven bottoms,5,20,0.25,0.009669621273166801,25.854166666666664,25.854166666666664,True
50,product_type_name,Leggings/Tights,4,20,0.2,0.018313676653725002,10.9208,10.9208,True
50,department_name,Jersey,11,20,0.55,0.060801406490367006,9.045843373493977,9.045843373493977,False
50,product_type_name,Underwear Tights,1,20,0.05,0.006739433008570801,7.419021739130435,7.419021739130435,False
50,department_name,Tights basic,1,20,0.05,0.008277781847483701,6.040265486725664,6.040265486725664,False
50,colour_group_name,Dark Orange,1,20,0.05,0.009230093033477401,5.417063492063492,5.417063492063492,False
50,perceived_colour_master_name,Lilac Purple,1,20,0.05,0.014724196029594901,3.395771144278607,3.395771144278607,False
50,graphical_appearance_name,Stripe,2,20,0.1,0.030034429712109,3.3295121951219517,3.3295121951219517,False
50,garment_group_name,Jersey Fancy,11,20,0.55,0.16672771225551242,3.2987917398945523,3.2987917398945523,False
50,colour_group_name,Grey,2,20,0.1,0.031059995604717602,3.2195754716981133,3.2195754716981133,False
50,garment_group_name,Trousers,5,20,0.25,0.0825580543549923,3.0281721384205857,3.0281721384205857,False
50,product_group_name,Garment Lower body,11,20,0.55,0.2052596879349498,2.6795324768022843,2.6795324768022843,False
50,graphical_appearance_name,Denim,4,20,0.2,0.074719800747198,2.676666666666667,2.676666666666667,False
50,colour_group_name,Dark Blue,3,20,0.15,0.058970038824994506,2.543664596273292,2.543664596273292,False
50,department_name,Knitwear,2,20,0.1,0.039557541572046,2.527962962962963,2.527962962962963,False
50,colour_group_name,Pink,1,20,0.05,0.021024100798476303,2.3782229965156794,2.3782229965156794,False
50,product_type_name,Trousers,6,20,0.3,0.1310526701340561,2.2891559530463947,2.2891559530463947,False
50,perceived_colour_master_name,Red,1,20,0.05,0.0232217419969233,2.1531545741324924,2.1531545741324924,False
50,perceived_colour_master_name,Grey,3,20,0.15,0.07113032012306791,2.10880535530381,2.10880535530381,False
50,product_type_name,Top,2,20,0.1,0.050692256977510806,1.9726878612716763,1.9726878612716763,False
50,product_type_name,T-shirt,2,20,0.1,0.05757819939931141,1.7367684478371501,1.7367684478371501,False
50,colour_group_name,Dark Grey,1,20,0.05,0.029375137352574902,1.70211970074813,1.70211970074813,False
50,index_group_name,Ladieswear,20,20,1.0,0.5894806241301004,1.6964085994780662,1.6964085994780662,False
50,colour_group_name,Off White,1,20,0.05,0.030180939125338802,1.6566747572815534,1.6566747572815534,False
50,garment_group_name,Socks and Tights,1,20,0.05,0.030254193831953703,1.6526634382566587,1.6526634382566587,False
50,product_group_name,Socks & Tights,1,20,0.05,0.030766976778258005,1.6251190476190476,1.6251190476190476,False
50,graphical_appearance_name,Melange,2,20,0.1,0.0617537176763607,1.6193357058125744,1.6193357058125744,False
50,product_type_name,Underwear bottom,1,20,0.05,0.031133250311332503,1.606,1.606,False
50,colour_group_name,Black,9,20,0.45,0.28027250750860744,1.6055802404600104,1.6055802404600104,False
50,perceived_colour_master_name,Black,9,20,0.45,0.28173760164090544,1.5972308892355693,1.5972308892355693,False
50,product_type_name,Skirt,1,20,0.05,0.033404146216394405,1.4968201754385966,1.4968201754385966,False
50,garment_group_name,Knitwear,2,20,0.1,0.06695480184601861,1.4935448577680526,1.4935448577680526,False
50,section_name,"Womens Nightwear, Socks & Tigh",1,20,0.05,0.034869240348692404,1.4339285714285714,1.4339285714285714,False
50,product_type_name,Sweater,2,20,0.1,0.0791883378507069,1.2628122109158189,1.2628122109158189,False
50,perceived_colour_master_name,White,3,20,0.15,0.12797597245623032,1.1720950200343445,1.1720950200343445,False
50,colour_group_name,White,2,20,0.1,0.0960369203721339,1.041266209000763,1.041266209000763,False
50,graphical_appearance_name,Solid,12,20,0.6,0.5812760969892315,1.032211720226843,1.032211720226843,False
50,section_name,Womens Lingerie,1,20,0.05,0.05765145410592631,0.8672808132147396,0.8672808132147396,False
50,perceived_colour_master_name,Blue,2,20,0.1,0.11933191707567212,0.8379987722529159,0.8379987722529159,False
50,product_group_name,Garment Upper body,6,20,0.3,0.38905574683173394,0.7710977217096592,0.7710977217096592,False
50,perceived_colour_master_name,Pink,1,20,0.05,0.06702805655263351,0.7459562841530054,0.7459562841530054,False
50,product_group_name,Underwear,1,20,0.05,0.06768734891216761,0.7386904761904761,0.7386904761904761,False
50,garment_group_name,"Under-, Nightwear",1,20,0.05,0.08475569555343931,0.5899308556611927,0.5899308556611927,False
50,product_type_name,Dress,1,20,0.05,0.11750054941029961,0.4255299251870325,0.4255299251870325,False
50,product_group_name,Garment Full body,1,20,0.05,0.1304666324811369,0.3832397529477822,0.3832397529477822,False
51,department_name,Trousers,8,20,0.4,0.0164823089883525,24.268444444444444,24.268444444444444,True
51,graphical_appearance_name,Embroidery,3,20,0.15,0.012087026591458501,12.41,12.41,True
51,department_name,Basic 1,7,20,0.35,0.029228627939345102,11.97456140350877,11.97456140350877,True
51,section_name,Divided Basics,7,20,0.35,0.03208556149732621,10.908333333333331,10.908333333333331,False
51,department_name,Denim Trousers,3,20,0.15,0.0171416013478866,8.750641025641025,8.750641025641025,False
51,product_type_name,Unknown,1,20,0.05,0.006080140649036701,8.223493975903615,8.223493975903615,False
51,product_group_name,Unknown,1,20,0.05,0.006080140649036701,8.223493975903615,8.223493975903615,False
51,colour_group_name,Grey,4,20,0.2,0.031059995604717602,6.439150943396227,6.439150943396227,False
51,section_name,Ladies Denim,3,20,0.15,0.028862354406270604,5.1970812182741115,5.1970812182741115,False
51,garment_group_name,Trousers,8,20,0.4,0.0825580543549923,4.845075421472937,4.845075421472937,False
51,index_group_name,Divided,19,20,0.95,0.2062119991209435,4.606909413854352,4.606909413854352,False
51,colour_group_name,Blue,3,20,0.15,0.033330891509779505,4.50032967032967,4.50032967032967,False
51,garment_group_name,Jersey Basic,8,20,0.4,0.09003003442971211,4.442961757526445,4.442961757526445,False
51,section_name,Divided Collection,9,20,0.45,0.10409493809977291,4.322976776917664,4.322976776917664,False
51,product_type_name,Trousers,10,20,0.5,0.1310526701340561,3.815259921743991,3.815259921743991,False
51,perceived_colour_master_name,Grey,5,20,0.25,0.07113032012306791,3.5146755921730173,3.5146755921730173,False
51,garment_group_name,Trousers Denim,3,20,0.15,0.0430737674895612,3.4823979591836736,3.4823979591836736,False
51,product_type_name,T-shirt,4,20,0.2,0.05757819939931141,3.4735368956743002,3.4735368956743002,False
51,graphical_appearance_name,Placement print,1,20,0.05,0.014650941322980001,3.4127500000000004,3.4127500000000004,False
51,colour_group_name,Dark Blue,4,20,0.2,0.058970038824994506,3.391552795031056,3.391552795031056,False
51,department_name,Tops Fancy Jersey,1,20,0.05,0.015310233682514102,3.265789473684211,3.265789473684211,False
51,perceived_colour_master_name,Blue,7,20,0.35,0.11933191707567212,2.932995702885205,2.932995702885205,False
51,product_group_name,Garment Lower body,10,20,0.5,0.2052596879349498,2.4359386152748037,2.4359386152748037,False
51,product_type_name,Hoodie,1,20,0.05,0.0206578272654018,2.420390070921986,2.420390070921986,False
51,colour_group_name,Pink,1,20,0.05,0.021024100798476303,2.3782229965156794,2.3782229965156794,False
51,graphical_appearance_name,Denim,3,20,0.15,0.074719800747198,2.0075000000000003,2.0075000000000003,False
51,product_type_name,Top,2,20,0.1,0.050692256977510806,1.9726878612716763,1.9726878612716763,False
51,department_name,Jersey Basic,1,20,0.05,0.026737967914438502,1.87,1.87,False
51,section_name,Womens Everyday Basics,1,20,0.05,0.027177496154127904,1.8397574123989218,1.8397574123989218,False
51,colour_group_name,Greenish Khaki,1,20,0.05,0.027910043220276903,1.7914698162729659,1.7914698162729659,False
51,colour_group_name,Dark Grey,1,20,0.05,0.029375137352574902,1.70211970074813,1.70211970074813,False
51,graphical_appearance_name,Melange,2,20,0.1,0.0617537176763607,1.6193357058125744,1.6193357058125744,False
51,perceived_colour_master_name,Pink,2,20,0.1,0.06702805655263351,1.4919125683060108,1.4919125683060108,False
51,perceived_colour_master_name,Khaki green,1,20,0.05,0.035015749761922205,1.427928870292887,1.427928870292887,False
51,colour_group_name,Light Pink,1,20,0.05,0.036773862720679805,1.3596613545816734,1.3596613545816734,False
51,product_type_name,Sweater,2,20,0.1,0.0791883378507069,1.2628122109158189,1.2628122109158189,False
51,product_group_name,Garment Upper body,9,20,0.45,0.38905574683173394,1.156646582564489,1.156646582564489,False
51,graphical_appearance_name,Solid,11,20,0.55,0.5812760969892315,0.9461940768746062,0.9461940768746062,False
51,colour_group_name,Black,4,20,0.2,0.28027250750860744,0.7135912179822269,0.7135912179822269,False
51,perceived_colour_master_name,Black,4,20,0.2,0.28173760164090544,0.7098803952158086,0.7098803952158086,False
51,colour_group_name,White,1,20,0.05,0.0960369203721339,0.5206331045003815,0.5206331045003815,False
51,perceived_colour_master_name,White,1,20,0.05,0.12797597245623032,0.3906983400114482,0.3906983400114482,False
51,garment_group_name,Jersey Fancy,1,20,0.05,0.16672771225551242,0.299890158172232,0.299890158172232,False
51,index_group_name,Ladieswear,1,20,0.05,0.5894806241301004,0.08482042997390332,0.08482042997390332,False
52,department_name,Socks,9,20,0.45,0.0071057065416453005,63.32938144329897,63.32938144329897,True
52,graphical_appearance_name,Glittering/Metallic,6,20,0.3,0.0055673577027324,53.88552631578948,53.88552631578948,True
52,graphical_appearance_name,Other pattern,1,20,0.05,0.0015383488389129002,32.50238095238095,32.50238095238095,False
52,product_type_name,Socks,9,20,0.45,0.0240275437696872,18.728506097560977,18.728506097560977,True
52,garment_group_name,Socks and Tights,9,20,0.45,0.030254193831953703,14.873970944309928,14.873970944309928,False
52,product_group_name,Socks & Tights,9,20,0.45,0.030766976778258005,14.626071428571429,14.626071428571429,False
52,department_name,Clean Lingerie,3,20,0.15,0.0107684418723903,13.929591836734694,13.929591836734694,False
52,section_name,"Womens Nightwear, Socks & Tigh",9,20,0.45,0.034869240348692404,12.905357142857143,12.905357142857143,False
52,department_name,Expressive Lingerie,4,20,0.2,0.018313676653725002,10.9208,10.9208,False
52,colour_group_name,Light Orange,3,20,0.15,0.014724196029594901,10.18731343283582,10.18731343283582,False
52,product_type_name,Unknown,1,20,0.05,0.006080140649036701,8.223493975903615,8.223493975903615,False
52,product_group_name,Unknown,1,20,0.05,0.006080140649036701,8.223493975903615,8.223493975903615,False
52,section_name,Womens Lingerie,9,20,0.45,0.05765145410592631,7.805527318932656,7.805527318932656,False
52,department_name,Ladies Sport Bras,2,20,0.1,0.014943960149439602,6.691666666666666,6.691666666666666,False
52,product_type_name,Underwear bottom,4,20,0.2,0.031133250311332503,6.424,6.424,False
52,colour_group_name,Dark Pink,1,20,0.05,0.007911508314409201,6.319907407407407,6.319907407407407,False
52,product_type_name,Bra,4,20,0.2,0.0326715991502454,6.121524663677131,6.121524663677131,False
52,product_group_name,Underwear,8,20,0.4,0.06768734891216761,5.909523809523809,5.909523809523809,False
52,department_name,Casual Lingerie,2,20,0.1,0.017581129587576003,5.687916666666666,5.687916666666666,False
52,perceived_colour_master_name,Orange,3,20,0.15,0.0273972602739726,5.4750000000000005,5.4750000000000005,False
52,colour_group_name,Yellowish Brown,2,20,0.1,0.0187532048934144,5.3324218750000005,5.3324218750000005,False
52,garment_group_name,"Under-, Nightwear",9,20,0.45,0.08475569555343931,5.309377700950734,5.309377700950734,False
52,colour_group_name,Green,1,20,0.05,0.009742875979781702,5.131954887218045,5.131954887218045,False
52,colour_group_name,Light Pink,3,20,0.15,0.036773862720679805,4.078984063745019,4.078984063745019,False
52,perceived_colour_master_name,Brown,2,20,0.1,0.026151930261519303,3.823809523809524,3.823809523809524,False
52,section_name,Ladies H&M Sport,2,20,0.1,0.0265182037945938,3.770994475138122,3.770994475138122,False
52,colour_group_name,Light Blue,2,20,0.1,0.026957732034283203,3.7095108695652175,3.7095108695652175,False
52,colour_group_name,Light Grey,1,20,0.05,0.014797450736209802,3.378960396039604,3.378960396039604,False
52,index_group_name,Sport,2,20,0.1,0.033111127389934804,3.020132743362832,3.020132743362832,False
52,perceived_colour_master_name,Pink,4,20,0.2,0.06702805655263351,2.9838251366120216,2.9838251366120216,False
52,product_type_name,Top,2,20,0.1,0.050692256977510806,1.9726878612716763,1.9726878612716763,False
52,colour_group_name,White,3,20,0.15,0.0960369203721339,1.561899313501144,1.561899313501144,False
52,index_group_name,Ladieswear,18,20,0.9,0.5894806241301004,1.5267677395302597,1.5267677395302597,False
52,perceived_colour_master_name,Khaki green,1,20,0.05,0.035015749761922205,1.427928870292887,1.427928870292887,False
52,graphical_appearance_name,All over pattern,3,20,0.15,0.10709838107098381,1.400581395348837,1.400581395348837,False
52,perceived_colour_master_name,White,3,20,0.15,0.12797597245623032,1.1720950200343445,1.1720950200343445,False
52,colour_group_name,Beige,1,20,0.05,0.04585744634092741,1.0903354632587858,1.0903354632587858,False
52,graphical_appearance_name,Solid,10,20,0.5,0.5812760969892315,0.8601764335223693,0.8601764335223693,False
52,perceived_colour_master_name,Blue,2,20,0.1,0.11933191707567212,0.8379987722529159,0.8379987722529159,False
52,perceived_colour_master_name,Grey,1,20,0.05,0.07113032012306791,0.7029351184346034,0.7029351184346034,False
52,garment_group_name,Jersey Fancy,2,20,0.1,0.16672771225551242,0.599780316344464,0.599780316344464,False
52,perceived_colour_master_name,Beige,1,20,0.05,0.08482895026005421,0.5894214162348878,0.5894214162348878,False
52,colour_group_name,Black,3,20,0.15,0.28027250750860744,0.5351934134866702,0.5351934134866702,False
52,perceived_colour_master_name,Black,3,20,0.15,0.28173760164090544,0.5324102964118564,0.5324102964118564,False
52,product_group_name,Garment Upper body,2,20,0.1,0.38905574683173394,0.25703257390321976,0.25703257390321976,False
53,department_name,Ladies Sport Bras,18,20,0.9,0.014943960149439602,60.225,60.225,True
53,section_name,Ladies H&M Sport,20,20,1.0,0.0265182037945938,37.709944751381215,37.709944751381215,True
53,index_group_name,Sport,20,20,1.0,0.033111127389934804,30.201327433628318,30.201327433628318,True
53,graphical_appearance_name,Mesh,1,20,0.05,0.0017581129587576003,28.439583333333335,28.439583333333335,False
53,department_name,Ladies Sport Bottoms,2,20,0.1,0.0068859424218006005,14.522340425531917,14.522340425531917,False
53,colour_group_name,Green,2,20,0.1,0.009742875979781702,10.26390977443609,10.26390977443609,False
53,product_type_name,Top,10,20,0.5,0.050692256977510806,9.863439306358382,9.863439306358382,False
53,product_type_name,Vest top,5,20,0.25,0.030107684418723902,8.30352798053528,8.30352798053528,False
53,colour_group_name,Dark Pink,1,20,0.05,0.007911508314409201,6.319907407407407,6.319907407407407,False
53,garment_group_name,Jersey Fancy,20,20,1.0,0.16672771225551242,5.997803163444639,5.997803163444639,False
53,colour_group_name,Orange,1,20,0.05,0.008790564793788001,5.687916666666666,5.687916666666666,False
53,graphical_appearance_name,Melange,7,20,0.35,0.0617537176763607,5.6676749703440095,5.6676749703440095,False
53,product_type_name,Leggings/Tights,2,20,0.1,0.018313676653725002,5.4604,5.4604,False
53,colour_group_name,Light Pink,2,20,0.1,0.036773862720679805,2.7193227091633467,2.7193227091633467,False
53,product_type_name,T-shirt,3,20,0.15,0.05757819939931141,2.605152671755725,2.605152671755725,False
53,product_group_name,Garment Upper body,18,20,0.9,0.38905574683173394,2.313293165128978,2.313293165128978,False
53,perceived_colour_master_name,Pink,3,20,0.15,0.06702805655263351,2.237868852459016,2.237868852459016,False
53,perceived_colour_master_name,Orange,1,20,0.05,0.0273972602739726,1.8250000000000002,1.8250000000000002,False
53,colour_group_name,Greenish Khaki,1,20,0.05,0.027910043220276903,1.7914698162729659,1.7914698162729659,False
53,colour_group_name,Black,10,20,0.5,0.28027250750860744,1.783978044955567,1.783978044955567,False
53,perceived_colour_master_name,Black,10,20,0.5,0.28173760164090544,1.7747009880395215,1.7747009880395215,False
53,perceived_colour_master_name,Khaki green,1,20,0.05,0.035015749761922205,1.427928870292887,1.427928870292887,False
53,perceived_colour_master_name,Grey,2,20,0.1,0.07113032012306791,1.4058702368692069,1.4058702368692069,False
53,colour_group_name,Beige,1,20,0.05,0.04585744634092741,1.0903354632587858,1.0903354632587858,False
53,colour_group_name,White,2,20,0.1,0.0960369203721339,1.041266209000763,1.041266209000763,False
53,graphical_appearance_name,Solid,11,20,0.55,0.5812760969892315,0.9461940768746062,0.9461940768746062,False
53,perceived_colour_master_name,White,2,20,0.1,0.12797597245623032,0.7813966800228964,0.7813966800228964,False
53,perceived_colour_master_name,Beige,1,20,0.05,0.08482895026005421,0.5894214162348878,0.5894214162348878,False
53,product_group_name,Garment Lower body,2,20,0.1,0.2052596879349498,0.4871877230549608,0.4871877230549608,False
53,graphical_appearance_name,All over pattern,1,20,0.05,0.10709838107098381,0.4668604651162791,0.4668604651162791,False
54,section_name,Mama,18,20,0.9,0.023294996703538202,38.63490566037736,38.63490566037736,True
54,department_name,Mama Lingerie,1,20,0.05,0.0019046223719874002,26.251923076923077,26.251923076923077,False
54,department_name,Woven bottoms,5,20,0.25,0.009669621273166801,25.854166666666664,25.854166666666664,True
54,product_type_name,Leggings/Tights,4,20,0.2,0.018313676653725002,10.9208,10.9208,True
54,department_name,Jersey,11,20,0.55,0.060801406490367006,9.045843373493977,9.045843373493977,False
54,product_type_name,Underwear Tights,1,20,0.05,0.006739433008570801,7.419021739130435,7.419021739130435,False
54,department_name,Tights basic,1,20,0.05,0.008277781847483701,6.040265486725664,6.040265486725664,False
54,colour_group_name,Dark Orange,1,20,0.05,0.009230093033477401,5.417063492063492,5.417063492063492,False
54,perceived_colour_master_name,Lilac Purple,1,20,0.05,0.014724196029594901,3.395771144278607,3.395771144278607,False
54,graphical_appearance_name,Stripe,2,20,0.1,0.030034429712109,3.3295121951219517,3.3295121951219517,False
54,garment_group_name,Jersey Fancy,11,20,0.55,0.16672771225551242,3.2987917398945523,3.2987917398945523,False
54,colour_group_name,Grey,2,20,0.1,0.031059995604717602,3.2195754716981133,3.2195754716981133,False
54,garment_group_name,Trousers,5,20,0.25,0.0825580543549923,3.0281721384205857,3.0281721384205857,False
54,product_group_name,Garment Lower body,11,20,0.55,0.2052596879349498,2.6795324768022843,2.6795324768022843,False
54,graphical_appearance_name,Denim,4,20,0.2,0.074719800747198,2.676666666666667,2.676666666666667,False
54,colour_group_name,Dark Blue,3,20,0.15,0.058970038824994506,2.543664596273292,2.543664596273292,False
54,department_name,Knitwear,2,20,0.1,0.039557541572046,2.527962962962963,2.527962962962963,False
54,colour_group_name,Pink,1,20,0.05,0.021024100798476303,2.3782229965156794,2.3782229965156794,False
54,product_type_name,Trousers,6,20,0.3,0.1310526701340561,2.2891559530463947,2.2891559530463947,False
54,perceived_colour_master_name,Red,1,20,0.05,0.0232217419969233,2.1531545741324924,2.1531545741324924,False
54,perceived_colour_master_name,Grey,3,20,0.15,0.07113032012306791,2.10880535530381,2.10880535530381,False
54,product_type_name,Top,2,20,0.1,0.050692256977510806,1.9726878612716763,1.9726878612716763,False
54,product_type_name,T-shirt,2,20,0.1,0.05757819939931141,1.7367684478371501,1.7367684478371501,False
54,colour_group_name,Dark Grey,1,20,0.05,0.029375137352574902,1.70211970074813,1.70211970074813,False
54,index_group_name,Ladieswear,20,20,1.0,0.5894806241301004,1.6964085994780662,1.6964085994780662,False
54,colour_group_name,Off White,1,20,0.05,0.030180939125338802,1.6566747572815534,1.6566747572815534,False
54,garment_group_name,Socks and Tights,1,20,0.05,0.030254193831953703,1.6526634382566587,1.6526634382566587,False
54,product_group_name,Socks & Tights,1,20,0.05,0.030766976778258005,1.6251190476190476,1.6251190476190476,False
54,graphical_appearance_name,Melange,2,20,0.1,0.0617537176763607,1.6193357058125744,1.6193357058125744,False
54,product_type_name,Underwear bottom,1,20,0.05,0.031133250311332503,1.606,1.606,False
54,colour_group_name,Black,9,20,0.45,0.28027250750860744,1.6055802404600104,1.6055802404600104,False
54,perceived_colour_master_name,Black,9,20,0.45,0.28173760164090544,1.5972308892355693,1.5972308892355693,False
54,product_type_name,Skirt,1,20,0.05,0.033404146216394405,1.4968201754385966,1.4968201754385966,False
54,garment_group_name,Knitwear,2,20,0.1,0.06695480184601861,1.4935448577680526,1.4935448577680526,False
54,section_name,"Womens Nightwear, Socks & Tigh",1,20,0.05,0.034869240348692404,1.4339285714285714,1.4339285714285714,False
54,product_type_name,Sweater,2,20,0.1,0.0791883378507069,1.2628122109158189,1.2628122109158189,False
54,perceived_colour_master_name,White,3,20,0.15,0.12797597245623032,1.1720950200343445,1.1720950200343445,False
54,colour_group_name,White,2,20,0.1,0.0960369203721339,1.041266209000763,1.041266209000763,False
54,graphical_appearance_name,Solid,12,20,0.6,0.5812760969892315,1.032211720226843,1.032211720226843,False
54,section_name,Womens Lingerie,1,20,0.05,0.05765145410592631,0.8672808132147396,0.8672808132147396,False
54,perceived_colour_master_name,Blue,2,20,0.1,0.11933191707567212,0.8379987722529159,0.8379987722529159,False
54,product_group_name,Garment Upper body,6,20,0.3,0.38905574683173394,0.7710977217096592,0.7710977217096592,False
54,perceived_colour_master_name,Pink,1,20,0.05,0.06702805655263351,0.7459562841530054,0.7459562841530054,False
54,product_group_name,Underwear,1,20,0.05,0.06768734891216761,0.7386904761904761,0.7386904761904761,False
54,garment_group_name,"Under-, Nightwear",1,20,0.05,0.08475569555343931,0.5899308556611927,0.5899308556611927,False
54,product_type_name,Dress,1,20,0.05,0.11750054941029961,0.4255299251870325,0.4255299251870325,False
54,product_group_name,Garment Full body,1,20,0.05,0.1304666324811369,0.3832397529477822,0.3832397529477822,False
55,department_name,Ladies Sport Bras,18,20,0.9,0.014943960149439602,60.225,60.225,True
55,section_name,Ladies H&M Sport,20,20,1.0,0.0265182037945938,37.709944751381215,37.709944751381215,True
55,index_group_name,Sport,20,20,1.0,0.033111127389934804,30.201327433628318,30.201327433628318,True
55,graphical_appearance_name,Mesh,1,20,0.05,0.0017581129587576003,28.439583333333335,28.439583333333335,False
55,department_name,Ladies Sport Bottoms,2,20,0.1,0.0068859424218006005,14.522340425531917,14.522340425531917,False
55,colour_group_name,Green,2,20,0.1,0.009742875979781702,10.26390977443609,10.26390977443609,False
55,product_type_name,Top,10,20,0.5,0.050692256977510806,9.863439306358382,9.863439306358382,False
55,product_type_name,Vest top,5,20,0.25,0.030107684418723902,8.30352798053528,8.30352798053528,False
55,colour_group_name,Dark Pink,1,20,0.05,0.007911508314409201,6.319907407407407,6.319907407407407,False
55,garment_group_name,Jersey Fancy,20,20,1.0,0.16672771225551242,5.997803163444639,5.997803163444639,False
55,colour_group_name,Orange,1,20,0.05,0.008790564793788001,5.687916666666666,5.687916666666666,False
55,graphical_appearance_name,Melange,7,20,0.35,0.0617537176763607,5.6676749703440095,5.6676749703440095,False
55,product_type_name,Leggings/Tights,2,20,0.1,0.018313676653725002,5.4604,5.4604,False
55,colour_group_name,Light Pink,2,20,0.1,0.036773862720679805,2.7193227091633467,2.7193227091633467,False
55,product_type_name,T-shirt,3,20,0.15,0.05757819939931141,2.605152671755725,2.605152671755725,False
55,product_group_name,Garment Upper body,18,20,0.9,0.38905574683173394,2.313293165128978,2.313293165128978,False
55,perceived_colour_master_name,Pink,3,20,0.15,0.06702805655263351,2.237868852459016,2.237868852459016,False
55,perceived_colour_master_name,Orange,1,20,0.05,0.0273972602739726,1.8250000000000002,1.8250000000000002,False
55,colour_group_name,Greenish Khaki,1,20,0.05,0.027910043220276903,1.7914698162729659,1.7914698162729659,False
55,perceived_colour_master_name,Black,10,20,0.5,0.28173760164090544,1.7747009880395215,1.7747009880395215,False
55,colour_group_name,Dark Grey,1,20,0.05,0.029375137352574902,1.70211970074813,1.70211970074813,False
55,colour_group_name,Black,9,20,0.45,0.28027250750860744,1.6055802404600104,1.6055802404600104,False
55,perceived_colour_master_name,Khaki green,1,20,0.05,0.035015749761922205,1.427928870292887,1.427928870292887,False
55,perceived_colour_master_name,Grey,2,20,0.1,0.07113032012306791,1.4058702368692069,1.4058702368692069,False
55,colour_group_name,Beige,1,20,0.05,0.04585744634092741,1.0903354632587858,1.0903354632587858,False
55,colour_group_name,White,2,20,0.1,0.0960369203721339,1.041266209000763,1.041266209000763,False
55,graphical_appearance_name,Solid,11,20,0.55,0.5812760969892315,0.9461940768746062,0.9461940768746062,False
55,perceived_colour_master_name,White,2,20,0.1,0.12797597245623032,0.7813966800228964,0.7813966800228964,False
55,perceived_colour_master_name,Beige,1,20,0.05,0.08482895026005421,0.5894214162348878,0.5894214162348878,False
55,product_group_name,Garment Lower body,2,20,0.1,0.2052596879349498,0.4871877230549608,0.4871877230549608,False
55,graphical_appearance_name,All over pattern,1,20,0.05,0.10709838107098381,0.4668604651162791,0.4668604651162791,False
56,product_type_name,Bikini top,7,20,0.35,0.0171416013478866,20.418162393162394,20.418162393162394,True
56,colour_group_name,Turquoise,1,20,0.05,0.0028569335579811004,17.50128205128205,17.50128205128205,False
56,section_name,"Womens Swimwear, beachwear",12,20,0.6,0.0374331550802139,16.02857142857143,16.02857142857143,True
56,garment_group_name,Swimwear,12,20,0.6,0.038531975679437405,15.57148288973384,15.57148288973384,False
56,department_name,Swimwear,12,20,0.6,0.038531975679437405,15.57148288973384,15.57148288973384,True
56,product_group_name,Swimwear,12,20,0.6,0.0397773056918907,15.083977900552485,15.083977900552485,False
56,product_type_name,Swimwear bottom,5,20,0.25,0.016702073108197203,14.968201754385964,14.968201754385964,False
56,department_name,Shorts & Skirts,1,20,0.05,0.0033697165042854004,14.83804347826087,14.83804347826087,False
56,colour_group_name,Dark Orange,2,20,0.1,0.009230093033477401,10.834126984126984,10.834126984126984,False
56,colour_group_name,Light Blue,5,20,0.25,0.026957732034283203,9.273777173913043,9.273777173913043,False
56,colour_group_name,Yellow,2,20,0.1,0.011354479525309501,8.807096774193548,8.807096774193548,False
56,product_type_name,Jumpsuit/Playsuit,1,20,0.05,0.005933631235806901,8.426543209876543,8.426543209876543,False
56,department_name,Denim Other Garments,1,20,0.05,0.0066661783019559,7.500549450549451,7.500549450549451,False
56,department_name,Tops Woven,2,20,0.1,0.015236978975899202,6.562980769230769,6.562980769230769,False
56,department_name,Skirts,1,20,0.05,0.007838253607794301,6.378971962616823,6.378971962616823,False
56,perceived_colour_master_name,Turquoise,1,20,0.05,0.009230093033477401,5.417063492063492,5.417063492063492,False
56,colour_group_name,Green,1,20,0.05,0.009742875979781702,5.131954887218045,5.131954887218045,False
56,product_type_name,Shorts,2,20,0.1,0.022049666691084904,4.535215946843854,4.535215946843854,False
56,perceived_colour_master_name,Yellow,2,20,0.1,0.022635704344004103,4.4177993527508095,4.4177993527508095,False
56,graphical_appearance_name,All over pattern,9,20,0.45,0.10709838107098381,4.201744186046512,4.201744186046512,False
56,perceived_colour_master_name,Orange,2,20,0.1,0.0273972602739726,3.6500000000000004,3.6500000000000004,False
56,garment_group_name,Shorts,1,20,0.05,0.014064903670060802,3.554947916666667,3.554947916666667,False
56,garment_group_name,Skirts,1,20,0.05,0.0195590066661783,2.556367041198502,2.556367041198502,False
56,department_name,Dresses,1,20,0.05,0.021024100798476303,2.3782229965156794,2.3782229965156794,False
56,perceived_colour_master_name,Blue,5,20,0.25,0.11933191707567212,2.0949969306322895,2.0949969306322895,False
56,section_name,Divided Collection,4,20,0.2,0.10409493809977291,1.9213230119634062,1.9213230119634062,False
56,perceived_colour_master_name,Green,1,20,0.05,0.027910043220276903,1.7914698162729659,1.7914698162729659,False
56,section_name,Ladies Denim,1,20,0.05,0.028862354406270604,1.7323604060913707,1.7323604060913707,False
56,graphical_appearance_name,Stripe,1,20,0.05,0.030034429712109,1.6647560975609759,1.6647560975609759,False
56,product_type_name,Vest top,1,20,0.05,0.030107684418723902,1.660705596107056,1.660705596107056,False
56,section_name,Womens Tailoring,2,20,0.1,0.06343857592850341,1.5763279445727483,1.5763279445727483,False
56,garment_group_name,Dresses Ladies,2,20,0.1,0.06651527360632921,1.5034140969162997,1.5034140969162997,False
56,product_type_name,Skirt,1,20,0.05,0.033404146216394405,1.4968201754385966,1.4968201754385966,False
56,colour_group_name,Black,8,20,0.4,0.28027250750860744,1.4271824359644538,1.4271824359644538,False
56,perceived_colour_master_name,Black,8,20,0.4,0.28173760164090544,1.4197607904316172,1.4197607904316172,False
56,department_name,Dress,1,20,0.05,0.035894806241301,1.3929591836734696,1.3929591836734696,False
56,graphical_appearance_name,Denim,2,20,0.1,0.074719800747198,1.3383333333333336,1.3383333333333336,False
56,index_group_name,Ladieswear,15,20,0.75,0.5894806241301004,1.2723064496085497,1.2723064496085497,False
56,section_name,Womens Casual,1,20,0.05,0.039557541572046,1.2639814814814816,1.2639814814814816,False
56,index_group_name,Divided,5,20,0.25,0.2062119991209435,1.2123445825932504,1.2123445825932504,False
56,garment_group_name,Blouses,2,20,0.1,0.0860742802725075,1.1617872340425532,1.1617872340425532,False
56,garment_group_name,Trousers Denim,1,20,0.05,0.0430737674895612,1.1607993197278912,1.1607993197278912,False
56,product_group_name,Garment Full body,3,20,0.15,0.1304666324811369,1.1497192588433465,1.1497192588433465,False
56,product_type_name,Blouse,1,20,0.05,0.045344663394623105,1.1026655896607431,1.1026655896607431,False
56,colour_group_name,Light Beige,1,20,0.05,0.0478353234195297,1.0452526799387445,1.0452526799387445,False
56,product_type_name,Dress,2,20,0.1,0.11750054941029961,0.851059850374065,0.851059850374065,False
56,department_name,Jersey,1,20,0.05,0.060801406490367006,0.8223493975903615,0.8223493975903615,False
56,product_group_name,Garment Lower body,3,20,0.15,0.2052596879349498,0.7307815845824411,0.7307815845824411,False
56,graphical_appearance_name,Solid,8,20,0.4,0.5812760969892315,0.6881411468178954,0.6881411468178954,False
56,perceived_colour_master_name,Beige,1,20,0.05,0.08482895026005421,0.5894214162348878,0.5894214162348878,False
56,garment_group_name,Jersey Fancy,1,20,0.05,0.16672771225551242,0.299890158172232,0.299890158172232,False
56,product_group_name,Garment Upper body,2,20,0.1,0.38905574683173394,0.25703257390321976,0.25703257390321976,False
57,department_name,Ladies Sport Bras,18,20,0.9,0.014943960149439602,60.225,60.225,True
57,section_name,Ladies H&M Sport,20,20,1.0,0.0265182037945938,37.709944751381215,37.709944751381215,True
57,index_group_name,Sport,20,20,1.0,0.033111127389934804,30.201327433628318,30.201327433628318,True
57,graphical_appearance_name,Mesh,1,20,0.05,0.0017581129587576003,28.439583333333335,28.439583333333335,False
57,department_name,Ladies Sport Bottoms,2,20,0.1,0.0068859424218006005,14.522340425531917,14.522340425531917,False
57,product_type_name,Top,11,20,0.55,0.050692256977510806,10.84978323699422,10.84978323699422,False
57,colour_group_name,Green,2,20,0.1,0.009742875979781702,10.26390977443609,10.26390977443609,False
57,product_type_name,Vest top,4,20,0.2,0.030107684418723902,6.642822384428224,6.642822384428224,False
57,colour_group_name,Dark Pink,1,20,0.05,0.007911508314409201,6.319907407407407,6.319907407407407,False
57,garment_group_name,Jersey Fancy,20,20,1.0,0.16672771225551242,5.997803163444639,5.997803163444639,False
57,colour_group_name,Orange,1,20,0.05,0.008790564793788001,5.687916666666666,5.687916666666666,False
57,graphical_appearance_name,Melange,7,20,0.35,0.0617537176763607,5.6676749703440095,5.6676749703440095,False
57,product_type_name,Leggings/Tights,2,20,0.1,0.018313676653725002,5.4604,5.4604,False
57,colour_group_name,Light Pink,2,20,0.1,0.036773862720679805,2.7193227091633467,2.7193227091633467,False
57,product_type_name,T-shirt,3,20,0.15,0.05757819939931141,2.605152671755725,2.605152671755725,False
57,product_group_name,Garment Upper body,18,20,0.9,0.38905574683173394,2.313293165128978,2.313293165128978,False
57,perceived_colour_master_name,Pink,3,20,0.15,0.06702805655263351,2.237868852459016,2.237868852459016,False
57,perceived_colour_master_name,Orange,1,20,0.05,0.0273972602739726,1.8250000000000002,1.8250000000000002,False
57,colour_group_name,Greenish Khaki,1,20,0.05,0.027910043220276903,1.7914698162729659,1.7914698162729659,False
57,colour_group_name,Black,10,20,0.5,0.28027250750860744,1.783978044955567,1.783978044955567,False
57,perceived_colour_master_name,Black,10,20,0.5,0.28173760164090544,1.7747009880395215,1.7747009880395215,False
57,perceived_colour_master_name,Khaki green,1,20,0.05,0.035015749761922205,1.427928870292887,1.427928870292887,False
57,perceived_colour_master_name,Grey,2,20,0.1,0.07113032012306791,1.4058702368692069,1.4058702368692069,False
57,colour_group_name,Beige,1,20,0.05,0.04585744634092741,1.0903354632587858,1.0903354632587858,False
57,colour_group_name,White,2,20,0.1,0.0960369203721339,1.041266209000763,1.041266209000763,False
57,graphical_appearance_name,Solid,11,20,0.55,0.5812760969892315,0.9461940768746062,0.9461940768746062,False
57,perceived_colour_master_name,White,2,20,0.1,0.12797597245623032,0.7813966800228964,0.7813966800228964,False
57,perceived_colour_master_name,Beige,1,20,0.05,0.08482895026005421,0.5894214162348878,0.5894214162348878,False
57,product_group_name,Garment Lower body,2,20,0.1,0.2052596879349498,0.4871877230549608,0.4871877230549608,False
57,graphical_appearance_name,All over pattern,1,20,0.05,0.10709838107098381,0.4668604651162791,0.4668604651162791,False
58,product_type_name,Pyjama bottom,1,20,0.05,0.0025639147315215,19.501428571428573,19.501428571428573,False
58,department_name,Trousers & Skirt,1,20,0.05,0.0028569335579811004,17.50128205128205,17.50128205128205,False
58,graphical_appearance_name,Contrast,1,20,0.05,0.0034429712109003002,14.522340425531917,14.522340425531917,False
58,department_name,Skirt,3,20,0.15,0.011647498351769101,12.878301886792453,12.878301886792453,True
58,graphical_appearance_name,Treatment,1,20,0.05,0.003955754157204601,12.639814814814814,12.639814814814814,False
58,department_name,Suit,1,20,0.05,0.0057871218225771,8.63987341772152,8.63987341772152,False
58,garment_group_name,Skirts,3,20,0.15,0.0195590066661783,7.669101123595506,7.669101123595506,True
58,department_name,Boots,1,20,0.05,0.0066661783019559,7.500549450549451,7.500549450549451,False
58,section_name,Womens Tailoring,9,20,0.45,0.06343857592850341,7.093475750577367,7.093475750577367,True
58,colour_group_name,Off White,4,20,0.2,0.030180939125338802,6.626699029126214,6.626699029126214,False
58,graphical_appearance_name,Other structure,3,20,0.15,0.022855468463848803,6.5629807692307685,6.5629807692307685,False
58,product_type_name,Skirt,4,20,0.2,0.033404146216394405,5.987280701754386,5.987280701754386,False
58,colour_group_name,Light Purple,1,20,0.05,0.008717310087173101,5.735714285714286,5.735714285714286,False
58,colour_group_name,Red,1,20,0.05,0.009156838326862501,5.4604,5.4604,False
58,product_type_name,Boots,1,20,0.05,0.009303347740092302,5.374409448818898,5.374409448818898,False
58,colour_group_name,Yellowish Brown,2,20,0.1,0.0187532048934144,5.3324218750000005,5.3324218750000005,False
58,department_name,Loungewear,1,20,0.05,0.009596366566551901,5.21030534351145,5.21030534351145,False
58,product_group_name,Nightwear,1,20,0.05,0.009669621273166801,5.170833333333333,5.170833333333333,False
58,perceived_colour_master_name,Red,2,20,0.1,0.0232217419969233,4.306309148264985,4.306309148264985,False
58,department_name,Dress,3,20,0.15,0.035894806241301,4.178877551020408,4.178877551020408,False
58,graphical_appearance_name,Lace,1,20,0.05,0.012673064244377702,3.9453757225433526,3.9453757225433526,False
58,colour_group_name,Dark Red,1,20,0.05,0.0128195736576075,3.900285714285715,3.900285714285715,False
58,perceived_colour_master_name,Brown,2,20,0.1,0.026151930261519303,3.823809523809524,3.823809523809524,False
58,garment_group_name,Dressed,1,20,0.05,0.013112592484067102,3.813128491620112,3.813128491620112,False
58,department_name,Blouse & Dress,1,20,0.05,0.013478866017141601,3.7095108695652175,3.7095108695652175,False
58,product_type_name,Cardigan,1,20,0.05,0.014064903670060802,3.554947916666667,3.554947916666667,False
58,product_type_name,Blazer,1,20,0.05,0.014211413083290601,3.5182989690721653,3.5182989690721653,False
58,department_name,Blouse,3,20,0.15,0.043293531609405904,3.464720812182741,3.464720812182741,False
58,colour_group_name,Light Orange,1,20,0.05,0.014724196029594901,3.395771144278607,3.395771144278607,False
58,perceived_colour_master_name,Lilac Purple,1,20,0.05,0.014724196029594901,3.395771144278607,3.395771144278607,False
58,product_type_name,Blouse,3,20,0.15,0.045344663394623105,3.307996768982229,3.307996768982229,False
58,colour_group_name,Beige,3,20,0.15,0.04585744634092741,3.2710063897763577,3.2710063897763577,False
58,section_name,Womens Trend,2,20,0.1,0.030986740898102702,3.227186761229315,3.227186761229315,False
58,garment_group_name,Dresses Ladies,4,20,0.2,0.06651527360632921,3.0068281938325994,3.0068281938325994,False
58,department_name,Knitwear,2,20,0.1,0.039557541572046,2.527962962962963,2.527962962962963,False
58,section_name,Womens Everyday Collection,6,20,0.3,0.12218885063365321,2.4552158273381295,2.4552158273381295,False
58,department_name,Dresses,1,20,0.05,0.021024100798476303,2.3782229965156794,2.3782229965156794,False
58,garment_group_name,Blouses,4,20,0.2,0.0860742802725075,2.3235744680851065,2.3235744680851065,False
58,department_name,Trouser,2,20,0.1,0.0446121163284741,2.2415435139573074,2.2415435139573074,False
58,graphical_appearance_name,Check,1,20,0.05,0.023001977877078604,2.1737261146496816,2.1737261146496816,False
58,product_type_name,Dress,5,20,0.25,0.11750054941029961,2.1276496259351623,2.1276496259351623,False
58,section_name,Womens Shoes,1,20,0.05,0.023734524943227604,2.106635802469136,2.106635802469136,False
58,department_name,Jersey fancy,1,20,0.05,0.0247600908358362,2.0193786982248523,2.0193786982248523,False
58,perceived_colour_master_name,White,5,20,0.25,0.12797597245623032,1.9534917000572407,1.9534917000572407,False
58,product_group_name,Garment Full body,5,20,0.25,0.1304666324811369,1.9161987647389107,1.9161987647389107,False
58,graphical_appearance_name,All over pattern,4,20,0.2,0.10709838107098381,1.8674418604651164,1.8674418604651164,False
58,garment_group_name,Shoes,1,20,0.05,0.026811222621053402,1.8648907103825139,1.8648907103825139,False
58,product_group_name,Shoes,1,20,0.05,0.026957732034283203,1.8547554347826087,1.8547554347826087,False
58,perceived_colour_master_name,Orange,1,20,0.05,0.0273972602739726,1.8250000000000002,1.8250000000000002,False
58,garment_group_name,Trousers,3,20,0.15,0.0825580543549923,1.8169032830523513,1.8169032830523513,False
58,colour_group_name,Greenish Khaki,1,20,0.05,0.027910043220276903,1.7914698162729659,1.7914698162729659,False
58,perceived_colour_master_name,Beige,3,20,0.15,0.08482895026005421,1.768264248704663,1.768264248704663,False
58,product_group_name,Garment Lower body,7,20,0.35,0.2052596879349498,1.7051570306923627,1.7051570306923627,False
58,index_group_name,Ladieswear,19,20,0.95,0.5894806241301004,1.611588169504163,1.611588169504163,False
58,garment_group_name,Knitwear,2,20,0.1,0.06695480184601861,1.4935448577680526,1.4935448577680526,False
58,section_name,"Womens Nightwear, Socks & Tigh",1,20,0.05,0.034869240348692404,1.4339285714285714,1.4339285714285714,False
58,perceived_colour_master_name,Khaki green,1,20,0.05,0.035015749761922205,1.427928870292887,1.427928870292887,False
58,colour_group_name,Light Pink,1,20,0.05,0.036773862720679805,1.3596613545816734,1.3596613545816734,False
58,product_type_name,Trousers,3,20,0.15,0.1310526701340561,1.1445779765231974,1.1445779765231974,False
58,colour_group_name,Light Beige,1,20,0.05,0.0478353234195297,1.0452526799387445,1.0452526799387445,False
58,product_type_name,Top,1,20,0.05,0.050692256977510806,0.9863439306358381,0.9863439306358381,False
58,graphical_appearance_name,Solid,9,20,0.45,0.5812760969892315,0.7741587901701323,0.7741587901701323,False
58,product_group_name,Garment Upper body,6,20,0.3,0.38905574683173394,0.7710977217096592,0.7710977217096592,False
58,perceived_colour_master_name,Pink,1,20,0.05,0.06702805655263351,0.7459562841530054,0.7459562841530054,False
58,colour_group_name,Black,4,20,0.2,0.28027250750860744,0.7135912179822269,0.7135912179822269,False
58,perceived_colour_master_name,Black,4,20,0.2,0.28173760164090544,0.7098803952158086,0.7098803952158086,False
58,garment_group_name,"Under-, Nightwear",1,20,0.05,0.08475569555343931,0.5899308556611927,0.5899308556611927,False
58,section_name,Divided Collection,1,20,0.05,0.10409493809977291,0.48033075299085154,0.48033075299085154,False
58,garment_group_name,Jersey Fancy,1,20,0.05,0.16672771225551242,0.299890158172232,0.299890158172232,False
58,index_group_name,Divided,1,20,0.05,0.2062119991209435,0.2424689165186501,0.2424689165186501,False
59,section_name,Mama,18,20,0.9,0.023294996703538202,38.63490566037736,38.63490566037736,True
59,department_name,Mama Lingerie,1,20,0.05,0.0019046223719874002,26.251923076923077,26.251923076923077,False
59,department_name,Woven bottoms,5,20,0.25,0.009669621273166801,25.854166666666664,25.854166666666664,True
59,product_type_name,Leggings/Tights,4,20,0.2,0.018313676653725002,10.9208,10.9208,True
59,department_name,Jersey,11,20,0.55,0.060801406490367006,9.045843373493977,9.045843373493977,False
59,product_type_name,Underwear Tights,1,20,0.05,0.006739433008570801,7.419021739130435,7.419021739130435,False
59,department_name,Tights basic,1,20,0.05,0.008277781847483701,6.040265486725664,6.040265486725664,False
59,colour_group_name,Dark Orange,1,20,0.05,0.009230093033477401,5.417063492063492,5.417063492063492,False
59,perceived_colour_master_name,Lilac Purple,1,20,0.05,0.014724196029594901,3.395771144278607,3.395771144278607,False
59,graphical_appearance_name,Stripe,2,20,0.1,0.030034429712109,3.3295121951219517,3.3295121951219517,False
59,garment_group_name,Jersey Fancy,11,20,0.55,0.16672771225551242,3.2987917398945523,3.2987917398945523,False
59,colour_group_name,Grey,2,20,0.1,0.031059995604717602,3.2195754716981133,3.2195754716981133,False
59,garment_group_name,Trousers,5,20,0.25,0.0825580543549923,3.0281721384205857,3.0281721384205857,False
59,product_group_name,Garment Lower body,11,20,0.55,0.2052596879349498,2.6795324768022843,2.6795324768022843,False
59,graphical_appearance_name,Denim,4,20,0.2,0.074719800747198,2.676666666666667,2.676666666666667,False
59,colour_group_name,Dark Blue,3,20,0.15,0.058970038824994506,2.543664596273292,2.543664596273292,False
59,department_name,Knitwear,2,20,0.1,0.039557541572046,2.527962962962963,2.527962962962963,False
59,colour_group_name,Pink,1,20,0.05,0.021024100798476303,2.3782229965156794,2.3782229965156794,False
59,product_type_name,Trousers,6,20,0.3,0.1310526701340561,2.2891559530463947,2.2891559530463947,False
59,perceived_colour_master_name,Red,1,20,0.05,0.0232217419969233,2.1531545741324924,2.1531545741324924,False
59,perceived_colour_master_name,Grey,3,20,0.15,0.07113032012306791,2.10880535530381,2.10880535530381,False
59,product_type_name,Top,2,20,0.1,0.050692256977510806,1.9726878612716763,1.9726878612716763,False
59,product_type_name,T-shirt,2,20,0.1,0.05757819939931141,1.7367684478371501,1.7367684478371501,False
59,colour_group_name,Dark Grey,1,20,0.05,0.029375137352574902,1.70211970074813,1.70211970074813,False
59,index_group_name,Ladieswear,20,20,1.0,0.5894806241301004,1.6964085994780662,1.6964085994780662,False
59,colour_group_name,Off White,1,20,0.05,0.030180939125338802,1.6566747572815534,1.6566747572815534,False
59,garment_group_name,Socks and Tights,1,20,0.05,0.030254193831953703,1.6526634382566587,1.6526634382566587,False
59,product_group_name,Socks & Tights,1,20,0.05,0.030766976778258005,1.6251190476190476,1.6251190476190476,False
59,graphical_appearance_name,Melange,2,20,0.1,0.0617537176763607,1.6193357058125744,1.6193357058125744,False
59,product_type_name,Underwear bottom,1,20,0.05,0.031133250311332503,1.606,1.606,False
59,colour_group_name,Black,9,20,0.45,0.28027250750860744,1.6055802404600104,1.6055802404600104,False
59,perceived_colour_master_name,Black,9,20,0.45,0.28173760164090544,1.5972308892355693,1.5972308892355693,False
59,product_type_name,Skirt,1,20,0.05,0.033404146216394405,1.4968201754385966,1.4968201754385966,False
59,garment_group_name,Knitwear,2,20,0.1,0.06695480184601861,1.4935448577680526,1.4935448577680526,False
59,section_name,"Womens Nightwear, Socks & Tigh",1,20,0.05,0.034869240348692404,1.4339285714285714,1.4339285714285714,False
59,product_type_name,Sweater,2,20,0.1,0.0791883378507069,1.2628122109158189,1.2628122109158189,False
59,perceived_colour_master_name,White,3,20,0.15,0.12797597245623032,1.1720950200343445,1.1720950200343445,False
59,colour_group_name,White,2,20,0.1,0.0960369203721339,1.041266209000763,1.041266209000763,False
59,graphical_appearance_name,Solid,12,20,0.6,0.5812760969892315,1.032211720226843,1.032211720226843,False
59,section_name,Womens Lingerie,1,20,0.05,0.05765145410592631,0.8672808132147396,0.8672808132147396,False
59,perceived_colour_master_name,Blue,2,20,0.1,0.11933191707567212,0.8379987722529159,0.8379987722529159,False
59,product_group_name,Garment Upper body,6,20,0.3,0.38905574683173394,0.7710977217096592,0.7710977217096592,False
59,perceived_colour_master_name,Pink,1,20,0.05,0.06702805655263351,0.7459562841530054,0.7459562841530054,False
59,product_group_name,Underwear,1,20,0.05,0.06768734891216761,0.7386904761904761,0.7386904761904761,False
59,garment_group_name,"Under-, Nightwear",1,20,0.05,0.08475569555343931,0.5899308556611927,0.5899308556611927,False
59,product_type_name,Dress,1,20,0.05,0.11750054941029961,0.4255299251870325,0.4255299251870325,False
59,product_group_name,Garment Full body,1,20,0.05,0.1304666324811369,0.3832397529477822,0.3832397529477822,False
60,department_name,Blanks,11,20,0.55,0.0014650941322980001,375.40250000000003,375.40250000000003,True
60,department_name,Promotion/ Other /Offer,1,20,0.05,0.0002930188264596,170.63750000000002,170.63750000000002,False
60,product_type_name,Hat/beanie,2,20,0.1,0.0038092447439748004,26.251923076923077,26.251923076923077,True
60,department_name,Knit & Woven,2,20,0.1,0.0045417918101238,22.017741935483873,22.017741935483873,True
60,section_name,Men Underwear,11,20,0.55,0.0358215515346861,15.353885480572599,15.353885480572599,False
60,section_name,Divided Accessories,4,20,0.2,0.013991648963445902,14.294240837696336,14.294240837696336,False
60,garment_group_name,Special Offers,1,20,0.05,0.0035162259175152005,14.219791666666667,14.219791666666667,False
60,colour_group_name,Dark Beige,3,20,0.15,0.012966083070837301,11.56864406779661,11.56864406779661,False
60,product_type_name,Bag,2,20,0.1,0.009156838326862501,10.9208,10.9208,False
60,colour_group_name,Yellowish Brown,4,20,0.2,0.0187532048934144,10.664843750000001,10.664843750000001,False
60,department_name,Tops Knitwear,3,20,0.15,0.014357922496520402,10.44719387755102,10.44719387755102,False
60,department_name,Bags,2,20,0.1,0.009596366566551901,10.4206106870229,10.4206106870229,False
60,graphical_appearance_name,Jacquard,1,20,0.05,0.005127829463043,9.750714285714286,9.750714285714286,False
60,perceived_colour_master_name,Brown,4,20,0.2,0.026151930261519303,7.647619047619048,7.647619047619048,False
60,product_type_name,Hoodie,3,20,0.15,0.0206578272654018,7.261170212765958,7.261170212765958,False
60,graphical_appearance_name,Placement print,2,20,0.1,0.014650941322980001,6.825500000000001,6.825500000000001,False
60,garment_group_name,Jersey Basic,11,20,0.55,0.09003003442971211,6.1090724165988615,6.1090724165988615,False
60,index_group_name,Menswear,11,20,0.55,0.10438795692623251,5.26880701754386,5.26880701754386,False
60,colour_group_name,Off White,3,20,0.15,0.030180939125338802,4.97002427184466,4.97002427184466,False
60,product_type_name,Cardigan,1,20,0.05,0.014064903670060802,3.554947916666667,3.554947916666667,False
60,department_name,Trousers,1,20,0.05,0.0164823089883525,3.0335555555555556,3.0335555555555556,False
60,perceived_colour_master_name,Beige,5,20,0.25,0.08482895026005421,2.9471070811744386,2.9471070811744386,False
60,product_type_name,Sweater,4,20,0.2,0.0791883378507069,2.5256244218316377,2.5256244218316377,False
60,section_name,Divided Projects,1,20,0.05,0.022049666691084904,2.267607973421927,2.267607973421927,False
60,garment_group_name,Knitwear,3,20,0.15,0.06695480184601861,2.2403172866520786,2.2403172866520786,False
60,index_group_name,Divided,9,20,0.45,0.2062119991209435,2.182220248667851,2.182220248667851,False
60,product_group_name,Accessories,4,20,0.2,0.092300930334774,2.166825396825397,2.166825396825397,False
60,colour_group_name,Light Beige,2,20,0.1,0.0478353234195297,2.090505359877489,2.090505359877489,False
60,garment_group_name,Accessories,4,20,0.2,0.0962566844919786,2.077777777777778,2.077777777777778,False
60,section_name,Divided Collection,4,20,0.2,0.10409493809977291,1.9213230119634062,1.9213230119634062,False
60,product_type_name,Trousers,5,20,0.25,0.1310526701340561,1.9076299608719955,1.9076299608719955,False
60,product_type_name,T-shirt,2,20,0.1,0.05757819939931141,1.7367684478371501,1.7367684478371501,False
60,colour_group_name,Dark Grey,1,20,0.05,0.029375137352574902,1.70211970074813,1.70211970074813,False
60,perceived_colour_master_name,White,4,20,0.2,0.12797597245623032,1.5627933600457928,1.5627933600457928,False
60,product_group_name,Garment Upper body,11,20,0.55,0.38905574683173394,1.4136791564677087,1.4136791564677087,False
60,graphical_appearance_name,Solid,15,20,0.75,0.5812760969892315,1.290264650283554,1.290264650283554,False
60,product_group_name,Garment Lower body,5,20,0.25,0.2052596879349498,1.2179693076374019,1.2179693076374019,False
60,perceived_colour_master_name,Black,6,20,0.3,0.28173760164090544,1.0648205928237129,1.0648205928237129,False
60,product_type_name,Top,1,20,0.05,0.050692256977510806,0.9863439306358381,0.9863439306358381,False
60,graphical_appearance_name,All over pattern,2,20,0.1,0.10709838107098381,0.9337209302325582,0.9337209302325582,False
60,colour_group_name,Black,5,20,0.25,0.28027250750860744,0.8919890224777836,0.8919890224777836,False
60,colour_group_name,Dark Blue,1,20,0.05,0.058970038824994506,0.847888198757764,0.847888198757764,False
60,garment_group_name,Trousers,1,20,0.05,0.0825580543549923,0.6056344276841171,0.6056344276841171,False
60,colour_group_name,White,1,20,0.05,0.0960369203721339,0.5206331045003815,0.5206331045003815,False
60,perceived_colour_master_name,Blue,1,20,0.05,0.11933191707567212,0.41899938612645793,0.41899938612645793,False
61,department_name,Trousers & Skirt,1,20,0.05,0.0028569335579811004,17.50128205128205,17.50128205128205,False
61,graphical_appearance_name,Contrast,1,20,0.05,0.0034429712109003002,14.522340425531917,14.522340425531917,False
61,department_name,Suit jacket,1,20,0.05,0.0053475935828877,9.350000000000001,9.350000000000001,False
61,department_name,Suit,1,20,0.05,0.0057871218225771,8.63987341772152,8.63987341772152,False
61,department_name,Skirt,2,20,0.1,0.011647498351769101,8.58553459119497,8.58553459119497,True
61,section_name,Womens Tailoring,10,20,0.5,0.06343857592850341,7.881639722863741,7.881639722863741,True
61,garment_group_name,Dressed,2,20,0.1,0.013112592484067102,7.626256983240224,7.626256983240224,True
61,department_name,Boots,1,20,0.05,0.0066661783019559,7.500549450549451,7.500549450549451,False
61,product_type_name,Blazer,2,20,0.1,0.014211413083290601,7.036597938144331,7.036597938144331,False
61,graphical_appearance_name,Other structure,3,20,0.15,0.022855468463848803,6.5629807692307685,6.5629807692307685,False
61,colour_group_name,Light Purple,1,20,0.05,0.008717310087173101,5.735714285714286,5.735714285714286,False
61,colour_group_name,Red,1,20,0.05,0.009156838326862501,5.4604,5.4604,False
61,product_type_name,Boots,1,20,0.05,0.009303347740092302,5.374409448818898,5.374409448818898,False
61,garment_group_name,Skirts,2,20,0.1,0.0195590066661783,5.112734082397004,5.112734082397004,False
61,colour_group_name,Off White,3,20,0.15,0.030180939125338802,4.97002427184466,4.97002427184466,False
61,product_type_name,Skirt,3,20,0.15,0.033404146216394405,4.490460526315789,4.490460526315789,False
61,perceived_colour_master_name,Red,2,20,0.1,0.0232217419969233,4.306309148264985,4.306309148264985,False
61,department_name,Dress,3,20,0.15,0.035894806241301,4.178877551020408,4.178877551020408,False
61,graphical_appearance_name,Lace,1,20,0.05,0.012673064244377702,3.9453757225433526,3.9453757225433526,False
61,colour_group_name,Dark Red,1,20,0.05,0.0128195736576075,3.900285714285715,3.900285714285715,False
61,colour_group_name,Dark Beige,1,20,0.05,0.012966083070837301,3.856214689265537,3.856214689265537,False
61,department_name,Blouse & Dress,1,20,0.05,0.013478866017141601,3.7095108695652175,3.7095108695652175,False
61,product_type_name,Cardigan,1,20,0.05,0.014064903670060802,3.554947916666667,3.554947916666667,False
61,department_name,Blouse,3,20,0.15,0.043293531609405904,3.464720812182741,3.464720812182741,False
61,perceived_colour_master_name,Lilac Purple,1,20,0.05,0.014724196029594901,3.395771144278607,3.395771144278607,False
61,department_name,Trouser,3,20,0.15,0.0446121163284741,3.3623152709359605,3.3623152709359605,False
61,product_type_name,Blouse,3,20,0.15,0.045344663394623105,3.307996768982229,3.307996768982229,False
61,colour_group_name,Beige,3,20,0.15,0.04585744634092741,3.2710063897763577,3.2710063897763577,False
61,section_name,Womens Trend,2,20,0.1,0.030986740898102702,3.227186761229315,3.227186761229315,False
61,garment_group_name,Dresses Ladies,4,20,0.2,0.06651527360632921,3.0068281938325994,3.0068281938325994,False
61,perceived_colour_master_name,Beige,5,20,0.25,0.08482895026005421,2.9471070811744386,2.9471070811744386,False
61,colour_group_name,Yellowish Brown,1,20,0.05,0.0187532048934144,2.6662109375000003,2.6662109375000003,False
61,department_name,Knitwear,2,20,0.1,0.039557541572046,2.527962962962963,2.527962962962963,False
61,section_name,Womens Everyday Collection,6,20,0.3,0.12218885063365321,2.4552158273381295,2.4552158273381295,False
61,garment_group_name,Trousers,4,20,0.2,0.0825580543549923,2.4225377107364685,2.4225377107364685,False
61,department_name,Dresses,1,20,0.05,0.021024100798476303,2.3782229965156794,2.3782229965156794,False
61,garment_group_name,Blouses,4,20,0.2,0.0860742802725075,2.3235744680851065,2.3235744680851065,False
61,graphical_appearance_name,Check,1,20,0.05,0.023001977877078604,2.1737261146496816,2.1737261146496816,False
61,product_type_name,Dress,5,20,0.25,0.11750054941029961,2.1276496259351623,2.1276496259351623,False
61,section_name,Womens Shoes,1,20,0.05,0.023734524943227604,2.106635802469136,2.106635802469136,False
61,colour_group_name,Light Beige,2,20,0.1,0.0478353234195297,2.090505359877489,2.090505359877489,False
61,department_name,Jersey fancy,1,20,0.05,0.0247600908358362,2.0193786982248523,2.0193786982248523,False
61,product_group_name,Garment Full body,5,20,0.25,0.1304666324811369,1.9161987647389107,1.9161987647389107,False
61,perceived_colour_master_name,Brown,1,20,0.05,0.026151930261519303,1.911904761904762,1.911904761904762,False
61,graphical_appearance_name,All over pattern,4,20,0.2,0.10709838107098381,1.8674418604651164,1.8674418604651164,False
61,garment_group_name,Shoes,1,20,0.05,0.026811222621053402,1.8648907103825139,1.8648907103825139,False
61,product_group_name,Shoes,1,20,0.05,0.026957732034283203,1.8547554347826087,1.8547554347826087,False
61,colour_group_name,Greenish Khaki,1,20,0.05,0.027910043220276903,1.7914698162729659,1.7914698162729659,False
61,product_group_name,Garment Lower body,7,20,0.35,0.2052596879349498,1.7051570306923627,1.7051570306923627,False
61,index_group_name,Ladieswear,19,20,0.95,0.5894806241301004,1.611588169504163,1.611588169504163,False
61,perceived_colour_master_name,White,4,20,0.2,0.12797597245623032,1.5627933600457928,1.5627933600457928,False
61,product_type_name,Trousers,4,20,0.2,0.1310526701340561,1.5261039686975966,1.5261039686975966,False
61,garment_group_name,Knitwear,2,20,0.1,0.06695480184601861,1.4935448577680526,1.4935448577680526,False
61,perceived_colour_master_name,Khaki green,1,20,0.05,0.035015749761922205,1.427928870292887,1.427928870292887,False
61,colour_group_name,Light Pink,1,20,0.05,0.036773862720679805,1.3596613545816734,1.3596613545816734,False
61,product_type_name,Top,1,20,0.05,0.050692256977510806,0.9863439306358381,0.9863439306358381,False
61,product_group_name,Garment Upper body,7,20,0.35,0.38905574683173394,0.8996140086612691,0.8996140086612691,False
61,colour_group_name,Black,5,20,0.25,0.28027250750860744,0.8919890224777836,0.8919890224777836,False
61,perceived_colour_master_name,Black,5,20,0.25,0.28173760164090544,0.8873504940197607,0.8873504940197607,False
61,graphical_appearance_name,Solid,10,20,0.5,0.5812760969892315,0.8601764335223693,0.8601764335223693,False
61,perceived_colour_master_name,Pink,1,20,0.05,0.06702805655263351,0.7459562841530054,0.7459562841530054,False
61,section_name,Divided Collection,1,20,0.05,0.10409493809977291,0.48033075299085154,0.48033075299085154,False
61,garment_group_name,Jersey Fancy,1,20,0.05,0.16672771225551242,0.299890158172232,0.299890158172232,False
61,index_group_name,Divided,1,20,0.05,0.2062119991209435,0.2424689165186501,0.2424689165186501,False
62,product_type_name,Bikini top,7,20,0.35,0.0171416013478866,20.418162393162394,20.418162393162394,True
62,colour_group_name,Turquoise,1,20,0.05,0.0028569335579811004,17.50128205128205,17.50128205128205,False
62,section_name,"Womens Swimwear, beachwear",12,20,0.6,0.0374331550802139,16.02857142857143,16.02857142857143,True
62,garment_group_name,Swimwear,12,20,0.6,0.038531975679437405,15.57148288973384,15.57148288973384,False
62,department_name,Swimwear,12,20,0.6,0.038531975679437405,15.57148288973384,15.57148288973384,True
62,product_group_name,Swimwear,12,20,0.6,0.0397773056918907,15.083977900552485,15.083977900552485,False
62,product_type_name,Swimwear bottom,5,20,0.25,0.016702073108197203,14.968201754385964,14.968201754385964,False
62,department_name,Shorts & Skirts,1,20,0.05,0.0033697165042854004,14.83804347826087,14.83804347826087,False
62,colour_group_name,Dark Orange,2,20,0.1,0.009230093033477401,10.834126984126984,10.834126984126984,False
62,colour_group_name,Light Blue,5,20,0.25,0.026957732034283203,9.273777173913043,9.273777173913043,False
62,colour_group_name,Yellow,2,20,0.1,0.011354479525309501,8.807096774193548,8.807096774193548,False
62,product_type_name,Jumpsuit/Playsuit,1,20,0.05,0.005933631235806901,8.426543209876543,8.426543209876543,False
62,department_name,Denim Other Garments,1,20,0.05,0.0066661783019559,7.500549450549451,7.500549450549451,False
62,department_name,Tops Woven,2,20,0.1,0.015236978975899202,6.562980769230769,6.562980769230769,False
62,department_name,Skirts,1,20,0.05,0.007838253607794301,6.378971962616823,6.378971962616823,False
62,perceived_colour_master_name,Turquoise,1,20,0.05,0.009230093033477401,5.417063492063492,5.417063492063492,False
62,colour_group_name,Green,1,20,0.05,0.009742875979781702,5.131954887218045,5.131954887218045,False
62,product_type_name,Shorts,2,20,0.1,0.022049666691084904,4.535215946843854,4.535215946843854,False
62,perceived_colour_master_name,Yellow,2,20,0.1,0.022635704344004103,4.4177993527508095,4.4177993527508095,False
62,graphical_appearance_name,All over pattern,9,20,0.45,0.10709838107098381,4.201744186046512,4.201744186046512,False
62,perceived_colour_master_name,Orange,2,20,0.1,0.0273972602739726,3.6500000000000004,3.6500000000000004,False
62,garment_group_name,Shorts,1,20,0.05,0.014064903670060802,3.554947916666667,3.554947916666667,False
62,garment_group_name,Skirts,1,20,0.05,0.0195590066661783,2.556367041198502,2.556367041198502,False
62,department_name,Dresses,1,20,0.05,0.021024100798476303,2.3782229965156794,2.3782229965156794,False
62,perceived_colour_master_name,Blue,5,20,0.25,0.11933191707567212,2.0949969306322895,2.0949969306322895,False
62,section_name,Divided Collection,4,20,0.2,0.10409493809977291,1.9213230119634062,1.9213230119634062,False
62,perceived_colour_master_name,Green,1,20,0.05,0.027910043220276903,1.7914698162729659,1.7914698162729659,False
62,section_name,Ladies Denim,1,20,0.05,0.028862354406270604,1.7323604060913707,1.7323604060913707,False
62,graphical_appearance_name,Stripe,1,20,0.05,0.030034429712109,1.6647560975609759,1.6647560975609759,False
62,product_type_name,Vest top,1,20,0.05,0.030107684418723902,1.660705596107056,1.660705596107056,False
62,section_name,Womens Tailoring,2,20,0.1,0.06343857592850341,1.5763279445727483,1.5763279445727483,False
62,garment_group_name,Dresses Ladies,2,20,0.1,0.06651527360632921,1.5034140969162997,1.5034140969162997,False
62,product_type_name,Skirt,1,20,0.05,0.033404146216394405,1.4968201754385966,1.4968201754385966,False
62,colour_group_name,Black,8,20,0.4,0.28027250750860744,1.4271824359644538,1.4271824359644538,False
62,perceived_colour_master_name,Black,8,20,0.4,0.28173760164090544,1.4197607904316172,1.4197607904316172,False
62,department_name,Dress,1,20,0.05,0.035894806241301,1.3929591836734696,1.3929591836734696,False
62,graphical_appearance_name,Denim,2,20,0.1,0.074719800747198,1.3383333333333336,1.3383333333333336,False
62,index_group_name,Ladieswear,15,20,0.75,0.5894806241301004,1.2723064496085497,1.2723064496085497,False
62,section_name,Womens Casual,1,20,0.05,0.039557541572046,1.2639814814814816,1.2639814814814816,False
62,index_group_name,Divided,5,20,0.25,0.2062119991209435,1.2123445825932504,1.2123445825932504,False
62,garment_group_name,Blouses,2,20,0.1,0.0860742802725075,1.1617872340425532,1.1617872340425532,False
62,garment_group_name,Trousers Denim,1,20,0.05,0.0430737674895612,1.1607993197278912,1.1607993197278912,False
62,product_group_name,Garment Full body,3,20,0.15,0.1304666324811369,1.1497192588433465,1.1497192588433465,False
62,product_type_name,Blouse,1,20,0.05,0.045344663394623105,1.1026655896607431,1.1026655896607431,False
62,colour_group_name,Light Beige,1,20,0.05,0.0478353234195297,1.0452526799387445,1.0452526799387445,False
62,product_type_name,Dress,2,20,0.1,0.11750054941029961,0.851059850374065,0.851059850374065,False
62,department_name,Jersey,1,20,0.05,0.060801406490367006,0.8223493975903615,0.8223493975903615,False
62,product_group_name,Garment Lower body,3,20,0.15,0.2052596879349498,0.7307815845824411,0.7307815845824411,False
62,graphical_appearance_name,Solid,8,20,0.4,0.5812760969892315,0.6881411468178954,0.6881411468178954,False
62,perceived_colour_master_name,Beige,1,20,0.05,0.08482895026005421,0.5894214162348878,0.5894214162348878,False
62,garment_group_name,Jersey Fancy,1,20,0.05,0.16672771225551242,0.299890158172232,0.299890158172232,False
62,product_group_name,Garment Upper body,2,20,0.1,0.38905574683173394,0.25703257390321976,0.25703257390321976,False
63,department_name,Woven top,5,20,0.25,0.007032451835030401,35.549479166666664,35.549479166666664,True
63,section_name,H&M+,18,20,0.9,0.026811222621053402,33.56803278688525,33.56803278688525,True
63,colour_group_name,Greyish Beige,1,20,0.05,0.0040290088638195,12.410000000000002,12.410000000000002,False
63,department_name,Woven bottoms,2,20,0.1,0.009669621273166801,10.341666666666667,10.341666666666667,True
63,department_name,OL Extended Sizes,1,20,0.05,0.005054574756428101,9.892028985507247,9.892028985507247,False
63,department_name,Divided+,1,20,0.05,0.007398725368104901,6.757920792079208,6.757920792079208,False
63,department_name,Knitwear,5,20,0.25,0.039557541572046,6.319907407407408,6.319907407407408,False
63,colour_group_name,Dark Orange,1,20,0.05,0.009230093033477401,5.417063492063492,5.417063492063492,False
63,department_name,Jersey,6,20,0.3,0.060801406490367006,4.934096385542168,4.934096385542168,False
63,colour_group_name,Yellow,1,20,0.05,0.011354479525309501,4.403548387096774,4.403548387096774,False
63,graphical_appearance_name,Check,2,20,0.1,0.023001977877078604,4.347452229299363,4.347452229299363,False
63,perceived_colour_master_name,Khaki green,3,20,0.15,0.035015749761922205,4.283786610878661,4.283786610878661,False
63,garment_group_name,Knitwear,5,20,0.25,0.06695480184601861,3.733862144420131,3.733862144420131,False
63,colour_group_name,Greenish Khaki,2,20,0.1,0.027910043220276903,3.5829396325459317,3.5829396325459317,False
63,product_type_name,Cardigan,1,20,0.05,0.014064903670060802,3.554947916666667,3.554947916666667,False
63,product_type_name,Sweater,5,20,0.25,0.0791883378507069,3.157030527289547,3.157030527289547,False
63,product_type_name,Top,3,20,0.15,0.050692256977510806,2.959031791907514,2.959031791907514,False
63,garment_group_name,Unknown,1,20,0.05,0.016921837228041903,2.9547619047619045,2.9547619047619045,False
63,garment_group_name,Blouses,5,20,0.25,0.0860742802725075,2.904468085106383,2.904468085106383,False
63,product_type_name,Leggings/Tights,1,20,0.05,0.018313676653725002,2.7302,2.7302,False
63,colour_group_name,Dark Green,1,20,0.05,0.018533440773569703,2.6978260869565216,2.6978260869565216,False
63,product_type_name,Hoodie,1,20,0.05,0.0206578272654018,2.420390070921986,2.420390070921986,False
63,perceived_colour_master_name,Mole,1,20,0.05,0.021097355505091203,2.3699652777777778,2.3699652777777778,False
63,section_name,Divided Projects,1,20,0.05,0.022049666691084904,2.267607973421927,2.267607973421927,False
63,perceived_colour_master_name,Yellow,1,20,0.05,0.022635704344004103,2.2088996763754047,2.2088996763754047,False
63,colour_group_name,Black,11,20,0.55,0.28027250750860744,1.962375849451124,1.962375849451124,False
63,perceived_colour_master_name,Black,11,20,0.55,0.28173760164090544,1.9521710868434738,1.9521710868434738,False
63,perceived_colour_master_name,Brown,1,20,0.05,0.026151930261519303,1.911904761904762,1.911904761904762,False
63,garment_group_name,Jersey Fancy,6,20,0.3,0.16672771225551242,1.7993409490333918,1.7993409490333918,False
63,perceived_colour_master_name,Green,1,20,0.05,0.027910043220276903,1.7914698162729659,1.7914698162729659,False
63,product_type_name,Dress,4,20,0.2,0.11750054941029961,1.70211970074813,1.70211970074813,False
63,colour_group_name,Dark Grey,1,20,0.05,0.029375137352574902,1.70211970074813,1.70211970074813,False
63,product_group_name,Garment Upper body,13,20,0.65,0.38905574683173394,1.6707117303709282,1.6707117303709282,False
63,graphical_appearance_name,Stripe,1,20,0.05,0.030034429712109,1.6647560975609759,1.6647560975609759,False
63,colour_group_name,Off White,1,20,0.05,0.030180939125338802,1.6566747572815534,1.6566747572815534,False
63,product_type_name,Shirt,1,20,0.05,0.031646033257636805,1.5799768518518518,1.5799768518518518,False
63,section_name,Divided Basics,1,20,0.05,0.03208556149732621,1.5583333333333333,1.5583333333333333,False
63,product_group_name,Garment Full body,4,20,0.2,0.1304666324811369,1.5329590117911287,1.5329590117911287,False
63,index_group_name,Ladieswear,18,20,0.9,0.5894806241301004,1.5267677395302597,1.5267677395302597,False
63,graphical_appearance_name,Solid,16,20,0.8,0.5812760969892315,1.3762822936357908,1.3762822936357908,False
63,garment_group_name,Trousers,2,20,0.1,0.0825580543549923,1.2112688553682343,1.2112688553682343,False
63,product_type_name,Blouse,1,20,0.05,0.045344663394623105,1.1026655896607431,1.1026655896607431,False
63,colour_group_name,Beige,1,20,0.05,0.04585744634092741,1.0903354632587858,1.0903354632587858,False
63,product_type_name,T-shirt,1,20,0.05,0.05757819939931141,0.8683842239185751,0.8683842239185751,False
63,product_type_name,Trousers,2,20,0.1,0.1310526701340561,0.7630519843487983,0.7630519843487983,False
63,product_group_name,Garment Lower body,3,20,0.15,0.2052596879349498,0.7307815845824411,0.7307815845824411,False
63,perceived_colour_master_name,Grey,1,20,0.05,0.07113032012306791,0.7029351184346034,0.7029351184346034,False
63,garment_group_name,Jersey Basic,1,20,0.05,0.09003003442971211,0.5553702196908056,0.5553702196908056,False
63,index_group_name,Divided,2,20,0.1,0.2062119991209435,0.4849378330373002,0.4849378330373002,False
63,graphical_appearance_name,All over pattern,1,20,0.05,0.10709838107098381,0.4668604651162791,0.4668604651162791,False
63,perceived_colour_master_name,White,1,20,0.05,0.12797597245623032,0.3906983400114482,0.3906983400114482,False
64,product_type_name,Pyjama bottom,1,20,0.05,0.0025639147315215,19.501428571428573,19.501428571428573,False
64,department_name,Trousers & Skirt,1,20,0.05,0.0028569335579811004,17.50128205128205,17.50128205128205,False
64,department_name,Boots,2,20,0.1,0.0066661783019559,15.001098901098903,15.001098901098903,True
64,graphical_appearance_name,Contrast,1,20,0.05,0.0034429712109003002,14.522340425531917,14.522340425531917,False
64,product_type_name,Boots,2,20,0.1,0.009303347740092302,10.748818897637795,10.748818897637795,True
64,department_name,Suit jacket,1,20,0.05,0.0053475935828877,9.350000000000001,9.350000000000001,False
64,department_name,Suit,1,20,0.05,0.0057871218225771,8.63987341772152,8.63987341772152,False
64,department_name,Skirt,2,20,0.1,0.011647498351769101,8.58553459119497,8.58553459119497,True
64,garment_group_name,Dressed,2,20,0.1,0.013112592484067102,7.626256983240224,7.626256983240224,False
64,product_type_name,Blazer,2,20,0.1,0.014211413083290601,7.036597938144331,7.036597938144331,False
64,graphical_appearance_name,Other structure,3,20,0.15,0.022855468463848803,6.5629807692307685,6.5629807692307685,False
64,section_name,Womens Tailoring,8,20,0.4,0.06343857592850341,6.305311778290993,6.305311778290993,False
64,colour_group_name,Light Purple,1,20,0.05,0.008717310087173101,5.735714285714286,5.735714285714286,False
64,colour_group_name,Red,1,20,0.05,0.009156838326862501,5.4604,5.4604,False
64,colour_group_name,Yellowish Brown,2,20,0.1,0.0187532048934144,5.3324218750000005,5.3324218750000005,False
64,department_name,Loungewear,1,20,0.05,0.009596366566551901,5.21030534351145,5.21030534351145,False
64,product_group_name,Nightwear,1,20,0.05,0.009669621273166801,5.170833333333333,5.170833333333333,False
64,garment_group_name,Skirts,2,20,0.1,0.0195590066661783,5.112734082397004,5.112734082397004,False
64,colour_group_name,Off White,3,20,0.15,0.030180939125338802,4.97002427184466,4.97002427184466,False
64,product_type_name,Skirt,3,20,0.15,0.033404146216394405,4.490460526315789,4.490460526315789,False
64,perceived_colour_master_name,Red,2,20,0.1,0.0232217419969233,4.306309148264985,4.306309148264985,False
64,section_name,Womens Shoes,2,20,0.1,0.023734524943227604,4.213271604938272,4.213271604938272,False
64,department_name,Dress,3,20,0.15,0.035894806241301,4.178877551020408,4.178877551020408,False
64,graphical_appearance_name,Lace,1,20,0.05,0.012673064244377702,3.9453757225433526,3.9453757225433526,False
64,colour_group_name,Dark Red,1,20,0.05,0.0128195736576075,3.900285714285715,3.900285714285715,False
64,perceived_colour_master_name,Brown,2,20,0.1,0.026151930261519303,3.823809523809524,3.823809523809524,False
64,garment_group_name,Shoes,2,20,0.1,0.026811222621053402,3.7297814207650277,3.7297814207650277,False
64,product_group_name,Shoes,2,20,0.1,0.026957732034283203,3.7095108695652175,3.7095108695652175,False
64,department_name,Blouse & Dress,1,20,0.05,0.013478866017141601,3.7095108695652175,3.7095108695652175,False
64,product_type_name,Cardigan,1,20,0.05,0.014064903670060802,3.554947916666667,3.554947916666667,False
64,colour_group_name,Light Orange,1,20,0.05,0.014724196029594901,3.395771144278607,3.395771144278607,False
64,perceived_colour_master_name,Lilac Purple,1,20,0.05,0.014724196029594901,3.395771144278607,3.395771144278607,False
64,colour_group_name,Beige,3,20,0.15,0.04585744634092741,3.2710063897763577,3.2710063897763577,False
64,section_name,Womens Trend,2,20,0.1,0.030986740898102702,3.227186761229315,3.227186761229315,False
64,garment_group_name,Dresses Ladies,4,20,0.2,0.06651527360632921,3.0068281938325994,3.0068281938325994,False
64,department_name,Knitwear,2,20,0.1,0.039557541572046,2.527962962962963,2.527962962962963,False
64,section_name,Womens Everyday Collection,6,20,0.3,0.12218885063365321,2.4552158273381295,2.4552158273381295,False
64,department_name,Dresses,1,20,0.05,0.021024100798476303,2.3782229965156794,2.3782229965156794,False
64,perceived_colour_master_name,Beige,4,20,0.2,0.08482895026005421,2.357685664939551,2.357685664939551,False
64,graphical_appearance_name,All over pattern,5,20,0.25,0.10709838107098381,2.3343023255813953,2.3343023255813953,False
64,department_name,Blouse,2,20,0.1,0.043293531609405904,2.309813874788494,2.309813874788494,False
64,department_name,Trouser,2,20,0.1,0.0446121163284741,2.2415435139573074,2.2415435139573074,False
64,product_type_name,Blouse,2,20,0.1,0.045344663394623105,2.2053311793214863,2.2053311793214863,False
64,graphical_appearance_name,Check,1,20,0.05,0.023001977877078604,2.1737261146496816,2.1737261146496816,False
64,product_type_name,Dress,5,20,0.25,0.11750054941029961,2.1276496259351623,2.1276496259351623,False
64,colour_group_name,Light Beige,2,20,0.1,0.0478353234195297,2.090505359877489,2.090505359877489,False
64,department_name,Jersey fancy,1,20,0.05,0.0247600908358362,2.0193786982248523,2.0193786982248523,False
64,product_group_name,Garment Full body,5,20,0.25,0.1304666324811369,1.9161987647389107,1.9161987647389107,False
64,perceived_colour_master_name,Orange,1,20,0.05,0.0273972602739726,1.8250000000000002,1.8250000000000002,False
64,garment_group_name,Trousers,3,20,0.15,0.0825580543549923,1.8169032830523513,1.8169032830523513,False
64,colour_group_name,Greenish Khaki,1,20,0.05,0.027910043220276903,1.7914698162729659,1.7914698162729659,False
64,garment_group_name,Blouses,3,20,0.15,0.0860742802725075,1.7426808510638299,1.7426808510638299,False
64,index_group_name,Ladieswear,19,20,0.95,0.5894806241301004,1.611588169504163,1.611588169504163,False
64,perceived_colour_master_name,White,4,20,0.2,0.12797597245623032,1.5627933600457928,1.5627933600457928,False
64,garment_group_name,Knitwear,2,20,0.1,0.06695480184601861,1.4935448577680526,1.4935448577680526,False
64,product_group_name,Garment Lower body,6,20,0.3,0.2052596879349498,1.4615631691648823,1.4615631691648823,False
64,section_name,"Womens Nightwear, Socks & Tigh",1,20,0.05,0.034869240348692404,1.4339285714285714,1.4339285714285714,False
64,perceived_colour_master_name,Khaki green,1,20,0.05,0.035015749761922205,1.427928870292887,1.427928870292887,False
64,product_type_name,Trousers,3,20,0.15,0.1310526701340561,1.1445779765231974,1.1445779765231974,False
64,product_type_name,Top,1,20,0.05,0.050692256977510806,0.9863439306358381,0.9863439306358381,False
64,colour_group_name,Black,5,20,0.25,0.28027250750860744,0.8919890224777836,0.8919890224777836,False
64,perceived_colour_master_name,Black,5,20,0.25,0.28173760164090544,0.8873504940197607,0.8873504940197607,False
64,graphical_appearance_name,Solid,9,20,0.45,0.5812760969892315,0.7741587901701323,0.7741587901701323,False
64,product_group_name,Garment Upper body,6,20,0.3,0.38905574683173394,0.7710977217096592,0.7710977217096592,False
64,garment_group_name,"Under-, Nightwear",1,20,0.05,0.08475569555343931,0.5899308556611927,0.5899308556611927,False
64,section_name,Divided Collection,1,20,0.05,0.10409493809977291,0.48033075299085154,0.48033075299085154,False
64,garment_group_name,Jersey Fancy,1,20,0.05,0.16672771225551242,0.299890158172232,0.299890158172232,False
64,index_group_name,Divided,1,20,0.05,0.2062119991209435,0.2424689165186501,0.2424689165186501,False
65,department_name,Heavy Basic Jersey,12,20,0.6,0.006080140649036701,98.68192771084337,98.68192771084337,True
65,section_name,Men Underwear,15,20,0.75,0.0358215515346861,20.93711656441718,20.93711656441718,True
65,department_name,Denim trousers,2,20,0.1,0.007984763021024101,12.523853211009174,12.523853211009174,True
65,section_name,Denim Men,2,20,0.1,0.0085708006739433,11.667521367521369,11.667521367521369,False
65,department_name,Light Basic Jersey,3,20,0.15,0.013771884843601201,10.891755319148936,10.891755319148936,False
65,colour_group_name,Dark Green,4,20,0.2,0.018533440773569703,10.791304347826086,10.791304347826086,False
65,product_type_name,Hoodie,4,20,0.2,0.0206578272654018,9.681560283687944,9.681560283687944,False
65,index_group_name,Menswear,19,20,0.95,0.10438795692623251,9.100666666666665,9.100666666666665,False
65,garment_group_name,Jersey Basic,15,20,0.75,0.09003003442971211,8.330553295362083,8.330553295362083,False
65,product_type_name,Sweater,10,20,0.5,0.0791883378507069,6.314061054579094,6.314061054579094,False
65,section_name,Contemporary Smart,2,20,0.1,0.0180206578272654,5.549186991869919,5.549186991869919,False
65,perceived_colour_master_name,Green,3,20,0.15,0.027910043220276903,5.374409448818898,5.374409448818898,False
65,colour_group_name,Yellowish Brown,2,20,0.1,0.0187532048934144,5.3324218750000005,5.3324218750000005,False
65,perceived_colour_master_name,Brown,2,20,0.1,0.026151930261519303,3.823809523809524,3.823809523809524,False
65,colour_group_name,Dark Grey,2,20,0.1,0.029375137352574902,3.40423940149626,3.40423940149626,False
65,graphical_appearance_name,Melange,4,20,0.2,0.0617537176763607,3.2386714116251487,3.2386714116251487,False
65,colour_group_name,Grey,2,20,0.1,0.031059995604717602,3.2195754716981133,3.2195754716981133,False
65,perceived_colour_master_name,Grey,4,20,0.2,0.07113032012306791,2.8117404737384137,2.8117404737384137,False
65,product_type_name,T-shirt,3,20,0.15,0.05757819939931141,2.605152671755725,2.605152671755725,False
65,department_name,Knitwear,2,20,0.1,0.039557541572046,2.527962962962963,2.527962962962963,False
65,garment_group_name,Trousers Denim,2,20,0.1,0.0430737674895612,2.3215986394557824,2.3215986394557824,False
65,product_group_name,Garment Upper body,18,20,0.9,0.38905574683173394,2.313293165128978,2.313293165128978,False
65,graphical_appearance_name,Check,1,20,0.05,0.023001977877078604,2.1737261146496816,2.1737261146496816,False
65,colour_group_name,Light Blue,1,20,0.05,0.026957732034283203,1.8547554347826087,1.8547554347826087,False
65,product_type_name,Shirt,1,20,0.05,0.031646033257636805,1.5799768518518518,1.5799768518518518,False
65,colour_group_name,Blue,1,20,0.05,0.033330891509779505,1.5001098901098902,1.5001098901098902,False
65,garment_group_name,Knitwear,2,20,0.1,0.06695480184601861,1.4935448577680526,1.4935448577680526,False
65,perceived_colour_master_name,Khaki green,1,20,0.05,0.035015749761922205,1.427928870292887,1.427928870292887,False
65,graphical_appearance_name,Denim,2,20,0.1,0.074719800747198,1.3383333333333336,1.3383333333333336,False
65,section_name,Womens Casual,1,20,0.05,0.039557541572046,1.2639814814814816,1.2639814814814816,False
65,perceived_colour_master_name,Blue,3,20,0.15,0.11933191707567212,1.2569981583793737,1.2569981583793737,False
65,department_name,Blouse,1,20,0.05,0.043293531609405904,1.154906937394247,1.154906937394247,False
65,graphical_appearance_name,Solid,13,20,0.65,0.5812760969892315,1.11822936357908,1.11822936357908,False
65,colour_group_name,Light Beige,1,20,0.05,0.0478353234195297,1.0452526799387445,1.0452526799387445,False
65,colour_group_name,White,2,20,0.1,0.0960369203721339,1.041266209000763,1.041266209000763,False
65,colour_group_name,Dark Blue,1,20,0.05,0.058970038824994506,0.847888198757764,0.847888198757764,False
65,perceived_colour_master_name,White,2,20,0.1,0.12797597245623032,0.7813966800228964,0.7813966800228964,False
65,product_type_name,Trousers,2,20,0.1,0.1310526701340561,0.7630519843487983,0.7630519843487983,False
65,colour_group_name,Black,4,20,0.2,0.28027250750860744,0.7135912179822269,0.7135912179822269,False
65,perceived_colour_master_name,Black,4,20,0.2,0.28173760164090544,0.7098803952158086,0.7098803952158086,False
65,perceived_colour_master_name,Beige,1,20,0.05,0.08482895026005421,0.5894214162348878,0.5894214162348878,False
65,garment_group_name,Blouses,1,20,0.05,0.0860742802725075,0.5808936170212766,0.5808936170212766,False
65,product_group_name,Garment Lower body,2,20,0.1,0.2052596879349498,0.4871877230549608,0.4871877230549608,False
65,index_group_name,Ladieswear,1,20,0.05,0.5894806241301004,0.08482042997390332,0.08482042997390332,False
66,department_name,Trousers,8,20,0.4,0.0164823089883525,24.268444444444444,24.268444444444444,True
66,department_name,Basic 1,8,20,0.4,0.029228627939345102,13.685213032581455,13.685213032581455,True
66,section_name,Divided Basics,8,20,0.4,0.03208556149732621,12.466666666666667,12.466666666666667,True
66,graphical_appearance_name,Embroidery,3,20,0.15,0.012087026591458501,12.41,12.41,False
66,department_name,Denim Trousers,3,20,0.15,0.0171416013478866,8.750641025641025,8.750641025641025,False
66,product_type_name,Unknown,1,20,0.05,0.006080140649036701,8.223493975903615,8.223493975903615,False
66,product_group_name,Unknown,1,20,0.05,0.006080140649036701,8.223493975903615,8.223493975903615,False
66,colour_group_name,Grey,4,20,0.2,0.031059995604717602,6.439150943396227,6.439150943396227,False
66,section_name,Ladies Denim,3,20,0.15,0.028862354406270604,5.1970812182741115,5.1970812182741115,False
66,garment_group_name,Jersey Basic,9,20,0.45,0.09003003442971211,4.99833197721725,4.99833197721725,False
66,garment_group_name,Trousers,8,20,0.4,0.0825580543549923,4.845075421472937,4.845075421472937,False
66,index_group_name,Divided,19,20,0.95,0.2062119991209435,4.606909413854352,4.606909413854352,False
66,colour_group_name,Blue,3,20,0.15,0.033330891509779505,4.50032967032967,4.50032967032967,False
66,section_name,Divided Collection,8,20,0.4,0.10409493809977291,3.8426460239268123,3.8426460239268123,False
66,product_type_name,Trousers,10,20,0.5,0.1310526701340561,3.815259921743991,3.815259921743991,False
66,colour_group_name,Greenish Khaki,2,20,0.1,0.027910043220276903,3.5829396325459317,3.5829396325459317,False
66,perceived_colour_master_name,Grey,5,20,0.25,0.07113032012306791,3.5146755921730173,3.5146755921730173,False
66,garment_group_name,Trousers Denim,3,20,0.15,0.0430737674895612,3.4823979591836736,3.4823979591836736,False
66,product_type_name,T-shirt,4,20,0.2,0.05757819939931141,3.4735368956743002,3.4735368956743002,False
66,colour_group_name,Dark Blue,4,20,0.2,0.058970038824994506,3.391552795031056,3.391552795031056,False
66,product_type_name,Top,3,20,0.15,0.050692256977510806,2.959031791907514,2.959031791907514,False
66,perceived_colour_master_name,Blue,7,20,0.35,0.11933191707567212,2.932995702885205,2.932995702885205,False
66,perceived_colour_master_name,Khaki green,2,20,0.1,0.035015749761922205,2.855857740585774,2.855857740585774,False
66,product_group_name,Garment Lower body,10,20,0.5,0.2052596879349498,2.4359386152748037,2.4359386152748037,False
66,colour_group_name,Pink,1,20,0.05,0.021024100798476303,2.3782229965156794,2.3782229965156794,False
66,graphical_appearance_name,Denim,3,20,0.15,0.074719800747198,2.0075000000000003,2.0075000000000003,False
66,department_name,Jersey Basic,1,20,0.05,0.026737967914438502,1.87,1.87,False
66,section_name,Womens Everyday Basics,1,20,0.05,0.027177496154127904,1.8397574123989218,1.8397574123989218,False
66,colour_group_name,Dark Grey,1,20,0.05,0.029375137352574902,1.70211970074813,1.70211970074813,False
66,graphical_appearance_name,Melange,2,20,0.1,0.0617537176763607,1.6193357058125744,1.6193357058125744,False
66,product_type_name,Sweater,2,20,0.1,0.0791883378507069,1.2628122109158189,1.2628122109158189,False
66,product_group_name,Garment Upper body,9,20,0.45,0.38905574683173394,1.156646582564489,1.156646582564489,False
66,graphical_appearance_name,Solid,12,20,0.6,0.5812760969892315,1.032211720226843,1.032211720226843,False
66,perceived_colour_master_name,Pink,1,20,0.05,0.06702805655263351,0.7459562841530054,0.7459562841530054,False
66,colour_group_name,Black,4,20,0.2,0.28027250750860744,0.7135912179822269,0.7135912179822269,False
66,perceived_colour_master_name,Black,4,20,0.2,0.28173760164090544,0.7098803952158086,0.7098803952158086,False
66,colour_group_name,White,1,20,0.05,0.0960369203721339,0.5206331045003815,0.5206331045003815,False
66,perceived_colour_master_name,White,1,20,0.05,0.12797597245623032,0.3906983400114482,0.3906983400114482,False
66,index_group_name,Ladieswear,1,20,0.05,0.5894806241301004,0.08482042997390332,0.08482042997390332,False
67,department_name,Trousers & Skirt,1,20,0.05,0.0028569335579811004,17.50128205128205,17.50128205128205,False
67,department_name,Boots,2,20,0.1,0.0066661783019559,15.001098901098903,15.001098901098903,True
67,graphical_appearance_name,Contrast,1,20,0.05,0.0034429712109003002,14.522340425531917,14.522340425531917,False
67,product_type_name,Boots,2,20,0.1,0.009303347740092302,10.748818897637795,10.748818897637795,True
67,department_name,Suit jacket,1,20,0.05,0.0053475935828877,9.350000000000001,9.350000000000001,False
67,department_name,Suit,1,20,0.05,0.0057871218225771,8.63987341772152,8.63987341772152,False
67,department_name,Skirt,2,20,0.1,0.011647498351769101,8.58553459119497,8.58553459119497,True
67,section_name,Womens Tailoring,10,20,0.5,0.06343857592850341,7.881639722863741,7.881639722863741,False
67,garment_group_name,Dressed,2,20,0.1,0.013112592484067102,7.626256983240224,7.626256983240224,False
67,product_type_name,Blazer,2,20,0.1,0.014211413083290601,7.036597938144331,7.036597938144331,False
67,graphical_appearance_name,Other structure,3,20,0.15,0.022855468463848803,6.5629807692307685,6.5629807692307685,False
67,colour_group_name,Light Purple,1,20,0.05,0.008717310087173101,5.735714285714286,5.735714285714286,False
67,colour_group_name,Red,1,20,0.05,0.009156838326862501,5.4604,5.4604,False
67,colour_group_name,Yellowish Brown,2,20,0.1,0.0187532048934144,5.3324218750000005,5.3324218750000005,False
67,garment_group_name,Skirts,2,20,0.1,0.0195590066661783,5.112734082397004,5.112734082397004,False
67,product_type_name,Skirt,3,20,0.15,0.033404146216394405,4.490460526315789,4.490460526315789,False
67,department_name,Trouser,4,20,0.2,0.0446121163284741,4.483087027914615,4.483087027914615,False
67,colour_group_name,Beige,4,20,0.2,0.04585744634092741,4.361341853035143,4.361341853035143,False
67,perceived_colour_master_name,Red,2,20,0.1,0.0232217419969233,4.306309148264985,4.306309148264985,False
67,section_name,Womens Shoes,2,20,0.1,0.023734524943227604,4.213271604938272,4.213271604938272,False
67,colour_group_name,Dark Red,1,20,0.05,0.0128195736576075,3.900285714285715,3.900285714285715,False
67,colour_group_name,Dark Beige,1,20,0.05,0.012966083070837301,3.856214689265537,3.856214689265537,False
67,perceived_colour_master_name,Brown,2,20,0.1,0.026151930261519303,3.823809523809524,3.823809523809524,False
67,garment_group_name,Shoes,2,20,0.1,0.026811222621053402,3.7297814207650277,3.7297814207650277,False
67,product_group_name,Shoes,2,20,0.1,0.026957732034283203,3.7095108695652175,3.7095108695652175,False
67,department_name,Blouse & Dress,1,20,0.05,0.013478866017141601,3.7095108695652175,3.7095108695652175,False
67,product_type_name,Cardigan,1,20,0.05,0.014064903670060802,3.554947916666667,3.554947916666667,False
67,department_name,Blouse,3,20,0.15,0.043293531609405904,3.464720812182741,3.464720812182741,False
67,perceived_colour_master_name,Lilac Purple,1,20,0.05,0.014724196029594901,3.395771144278607,3.395771144278607,False
67,colour_group_name,Off White,2,20,0.1,0.030180939125338802,3.313349514563107,3.313349514563107,False
67,product_type_name,Blouse,3,20,0.15,0.045344663394623105,3.307996768982229,3.307996768982229,False
67,section_name,Womens Trend,2,20,0.1,0.030986740898102702,3.227186761229315,3.227186761229315,False
67,garment_group_name,Trousers,5,20,0.25,0.0825580543549923,3.0281721384205857,3.0281721384205857,False
67,perceived_colour_master_name,Beige,5,20,0.25,0.08482895026005421,2.9471070811744386,2.9471070811744386,False
67,department_name,Dress,2,20,0.1,0.035894806241301,2.785918367346939,2.785918367346939,False
67,department_name,Knitwear,2,20,0.1,0.039557541572046,2.527962962962963,2.527962962962963,False
67,department_name,Dresses,1,20,0.05,0.021024100798476303,2.3782229965156794,2.3782229965156794,False
67,perceived_colour_master_name,Mole,1,20,0.05,0.021097355505091203,2.3699652777777778,2.3699652777777778,False
67,garment_group_name,Blouses,4,20,0.2,0.0860742802725075,2.3235744680851065,2.3235744680851065,False
67,garment_group_name,Dresses Ladies,3,20,0.15,0.06651527360632921,2.2551211453744493,2.2551211453744493,False
67,graphical_appearance_name,Check,1,20,0.05,0.023001977877078604,2.1737261146496816,2.1737261146496816,False
67,colour_group_name,Light Beige,2,20,0.1,0.0478353234195297,2.090505359877489,2.090505359877489,False
67,section_name,Womens Everyday Collection,5,20,0.25,0.12218885063365321,2.0460131894484412,2.0460131894484412,False
67,product_group_name,Garment Lower body,8,20,0.4,0.2052596879349498,1.948750892219843,1.948750892219843,False
67,product_type_name,Trousers,5,20,0.25,0.1310526701340561,1.9076299608719955,1.9076299608719955,False
67,graphical_appearance_name,All over pattern,4,20,0.2,0.10709838107098381,1.8674418604651164,1.8674418604651164,False
67,colour_group_name,Greenish Khaki,1,20,0.05,0.027910043220276903,1.7914698162729659,1.7914698162729659,False
67,product_type_name,Dress,4,20,0.2,0.11750054941029961,1.70211970074813,1.70211970074813,False
67,index_group_name,Ladieswear,19,20,0.95,0.5894806241301004,1.611588169504163,1.611588169504163,False
67,product_group_name,Garment Full body,4,20,0.2,0.1304666324811369,1.5329590117911287,1.5329590117911287,False
67,garment_group_name,Knitwear,2,20,0.1,0.06695480184601861,1.4935448577680526,1.4935448577680526,False
67,perceived_colour_master_name,Khaki green,1,20,0.05,0.035015749761922205,1.427928870292887,1.427928870292887,False
67,colour_group_name,Light Pink,1,20,0.05,0.036773862720679805,1.3596613545816734,1.3596613545816734,False
67,perceived_colour_master_name,White,3,20,0.15,0.12797597245623032,1.1720950200343445,1.1720950200343445,False
67,graphical_appearance_name,Solid,11,20,0.55,0.5812760969892315,0.9461940768746062,0.9461940768746062,False
67,product_group_name,Garment Upper body,6,20,0.3,0.38905574683173394,0.7710977217096592,0.7710977217096592,False
67,perceived_colour_master_name,Pink,1,20,0.05,0.06702805655263351,0.7459562841530054,0.7459562841530054,False
67,colour_group_name,Black,4,20,0.2,0.28027250750860744,0.7135912179822269,0.7135912179822269,False
67,perceived_colour_master_name,Black,4,20,0.2,0.28173760164090544,0.7098803952158086,0.7098803952158086,False
67,section_name,Divided Collection,1,20,0.05,0.10409493809977291,0.48033075299085154,0.48033075299085154,False
67,index_group_name,Divided,1,20,0.05,0.2062119991209435,0.2424689165186501,0.2424689165186501,False
68,department_name,Blanks,11,20,0.55,0.0014650941322980001,375.40250000000003,375.40250000000003,True
68,department_name,Promotion/ Other /Offer,1,20,0.05,0.0002930188264596,170.63750000000002,170.63750000000002,False
68,product_type_name,Hat/beanie,2,20,0.1,0.0038092447439748004,26.251923076923077,26.251923076923077,True
68,department_name,Knit & Woven,2,20,0.1,0.0045417918101238,22.017741935483873,22.017741935483873,True
68,section_name,Men Underwear,11,20,0.55,0.0358215515346861,15.353885480572599,15.353885480572599,False
68,section_name,Divided Accessories,4,20,0.2,0.013991648963445902,14.294240837696336,14.294240837696336,False
68,garment_group_name,Special Offers,1,20,0.05,0.0035162259175152005,14.219791666666667,14.219791666666667,False
68,colour_group_name,Dark Beige,3,20,0.15,0.012966083070837301,11.56864406779661,11.56864406779661,False
68,product_type_name,Bag,2,20,0.1,0.009156838326862501,10.9208,10.9208,False
68,colour_group_name,Yellowish Brown,4,20,0.2,0.0187532048934144,10.664843750000001,10.664843750000001,False
68,department_name,Tops Knitwear,3,20,0.15,0.014357922496520402,10.44719387755102,10.44719387755102,False
68,department_name,Bags,2,20,0.1,0.009596366566551901,10.4206106870229,10.4206106870229,False
68,graphical_appearance_name,Jacquard,1,20,0.05,0.005127829463043,9.750714285714286,9.750714285714286,False
68,perceived_colour_master_name,Brown,4,20,0.2,0.026151930261519303,7.647619047619048,7.647619047619048,False
68,product_type_name,Hoodie,3,20,0.15,0.0206578272654018,7.261170212765958,7.261170212765958,False
68,graphical_appearance_name,Placement print,2,20,0.1,0.014650941322980001,6.825500000000001,6.825500000000001,False
68,garment_group_name,Jersey Basic,11,20,0.55,0.09003003442971211,6.1090724165988615,6.1090724165988615,False
68,index_group_name,Menswear,11,20,0.55,0.10438795692623251,5.26880701754386,5.26880701754386,False
68,colour_group_name,Off White,3,20,0.15,0.030180939125338802,4.97002427184466,4.97002427184466,False
68,product_type_name,Cardigan,1,20,0.05,0.014064903670060802,3.554947916666667,3.554947916666667,False
68,department_name,Trousers,1,20,0.05,0.0164823089883525,3.0335555555555556,3.0335555555555556,False
68,perceived_colour_master_name,Beige,5,20,0.25,0.08482895026005421,2.9471070811744386,2.9471070811744386,False
68,product_type_name,Sweater,4,20,0.2,0.0791883378507069,2.5256244218316377,2.5256244218316377,False
68,section_name,Divided Projects,1,20,0.05,0.022049666691084904,2.267607973421927,2.267607973421927,False
68,garment_group_name,Knitwear,3,20,0.15,0.06695480184601861,2.2403172866520786,2.2403172866520786,False
68,index_group_name,Divided,9,20,0.45,0.2062119991209435,2.182220248667851,2.182220248667851,False
68,product_group_name,Accessories,4,20,0.2,0.092300930334774,2.166825396825397,2.166825396825397,False
68,colour_group_name,Light Beige,2,20,0.1,0.0478353234195297,2.090505359877489,2.090505359877489,False
68,garment_group_name,Accessories,4,20,0.2,0.0962566844919786,2.077777777777778,2.077777777777778,False
68,section_name,Divided Collection,4,20,0.2,0.10409493809977291,1.9213230119634062,1.9213230119634062,False
68,product_type_name,Trousers,5,20,0.25,0.1310526701340561,1.9076299608719955,1.9076299608719955,False
68,product_type_name,T-shirt,2,20,0.1,0.05757819939931141,1.7367684478371501,1.7367684478371501,False
68,colour_group_name,Dark Grey,1,20,0.05,0.029375137352574902,1.70211970074813,1.70211970074813,False
68,perceived_colour_master_name,White,4,20,0.2,0.12797597245623032,1.5627933600457928,1.5627933600457928,False
68,product_group_name,Garment Upper body,11,20,0.55,0.38905574683173394,1.4136791564677087,1.4136791564677087,False
68,graphical_appearance_name,Solid,15,20,0.75,0.5812760969892315,1.290264650283554,1.290264650283554,False
68,product_group_name,Garment Lower body,5,20,0.25,0.2052596879349498,1.2179693076374019,1.2179693076374019,False
68,perceived_colour_master_name,Black,6,20,0.3,0.28173760164090544,1.0648205928237129,1.0648205928237129,False
68,product_type_name,Top,1,20,0.05,0.050692256977510806,0.9863439306358381,0.9863439306358381,False
68,graphical_appearance_name,All over pattern,2,20,0.1,0.10709838107098381,0.9337209302325582,0.9337209302325582,False
68,colour_group_name,Black,5,20,0.25,0.28027250750860744,0.8919890224777836,0.8919890224777836,False
68,colour_group_name,Dark Blue,1,20,0.05,0.058970038824994506,0.847888198757764,0.847888198757764,False
68,garment_group_name,Trousers,1,20,0.05,0.0825580543549923,0.6056344276841171,0.6056344276841171,False
68,colour_group_name,White,1,20,0.05,0.0960369203721339,0.5206331045003815,0.5206331045003815,False
68,perceived_colour_master_name,Blue,1,20,0.05,0.11933191707567212,0.41899938612645793,0.41899938612645793,False
69,department_name,Blanks,11,20,0.55,0.0014650941322980001,375.40250000000003,375.40250000000003,True
69,department_name,Promotion/ Other /Offer,1,20,0.05,0.0002930188264596,170.63750000000002,170.63750000000002,False
69,product_type_name,Hat/beanie,2,20,0.1,0.0038092447439748004,26.251923076923077,26.251923076923077,True
69,department_name,Knit & Woven,2,20,0.1,0.0045417918101238,22.017741935483873,22.017741935483873,True
69,section_name,Men Underwear,11,20,0.55,0.0358215515346861,15.353885480572599,15.353885480572599,False
69,section_name,Divided Accessories,4,20,0.2,0.013991648963445902,14.294240837696336,14.294240837696336,False
69,garment_group_name,Special Offers,1,20,0.05,0.0035162259175152005,14.219791666666667,14.219791666666667,False
69,colour_group_name,Dark Beige,3,20,0.15,0.012966083070837301,11.56864406779661,11.56864406779661,False
69,product_type_name,Bag,2,20,0.1,0.009156838326862501,10.9208,10.9208,False
69,colour_group_name,Yellowish Brown,4,20,0.2,0.0187532048934144,10.664843750000001,10.664843750000001,False
69,department_name,Tops Knitwear,3,20,0.15,0.014357922496520402,10.44719387755102,10.44719387755102,False
69,department_name,Bags,2,20,0.1,0.009596366566551901,10.4206106870229,10.4206106870229,False
69,graphical_appearance_name,Jacquard,1,20,0.05,0.005127829463043,9.750714285714286,9.750714285714286,False
69,perceived_colour_master_name,Brown,4,20,0.2,0.026151930261519303,7.647619047619048,7.647619047619048,False
69,product_type_name,Hoodie,3,20,0.15,0.0206578272654018,7.261170212765958,7.261170212765958,False
69,graphical_appearance_name,Placement print,2,20,0.1,0.014650941322980001,6.825500000000001,6.825500000000001,False
69,garment_group_name,Jersey Basic,11,20,0.55,0.09003003442971211,6.1090724165988615,6.1090724165988615,False
69,index_group_name,Menswear,11,20,0.55,0.10438795692623251,5.26880701754386,5.26880701754386,False
69,colour_group_name,Off White,3,20,0.15,0.030180939125338802,4.97002427184466,4.97002427184466,False
69,product_type_name,Cardigan,1,20,0.05,0.014064903670060802,3.554947916666667,3.554947916666667,False
69,department_name,Trousers,1,20,0.05,0.0164823089883525,3.0335555555555556,3.0335555555555556,False
69,perceived_colour_master_name,Beige,5,20,0.25,0.08482895026005421,2.9471070811744386,2.9471070811744386,False
69,product_type_name,Sweater,4,20,0.2,0.0791883378507069,2.5256244218316377,2.5256244218316377,False
69,section_name,Divided Projects,1,20,0.05,0.022049666691084904,2.267607973421927,2.267607973421927,False
69,garment_group_name,Knitwear,3,20,0.15,0.06695480184601861,2.2403172866520786,2.2403172866520786,False
69,index_group_name,Divided,9,20,0.45,0.2062119991209435,2.182220248667851,2.182220248667851,False
69,product_group_name,Accessories,4,20,0.2,0.092300930334774,2.166825396825397,2.166825396825397,False
69,colour_group_name,Light Beige,2,20,0.1,0.0478353234195297,2.090505359877489,2.090505359877489,False
69,garment_group_name,Accessories,4,20,0.2,0.0962566844919786,2.077777777777778,2.077777777777778,False
69,section_name,Divided Collection,4,20,0.2,0.10409493809977291,1.9213230119634062,1.9213230119634062,False
69,product_type_name,Trousers,5,20,0.25,0.1310526701340561,1.9076299608719955,1.9076299608719955,False
69,product_type_name,T-shirt,2,20,0.1,0.05757819939931141,1.7367684478371501,1.7367684478371501,False
69,colour_group_name,Dark Grey,1,20,0.05,0.029375137352574902,1.70211970074813,1.70211970074813,False
69,perceived_colour_master_name,White,4,20,0.2,0.12797597245623032,1.5627933600457928,1.5627933600457928,False
69,product_group_name,Garment Upper body,11,20,0.55,0.38905574683173394,1.4136791564677087,1.4136791564677087,False
69,graphical_appearance_name,Solid,15,20,0.75,0.5812760969892315,1.290264650283554,1.290264650283554,False
69,product_group_name,Garment Lower body,5,20,0.25,0.2052596879349498,1.2179693076374019,1.2179693076374019,False
69,perceived_colour_master_name,Black,6,20,0.3,0.28173760164090544,1.0648205928237129,1.0648205928237129,False
69,product_type_name,Top,1,20,0.05,0.050692256977510806,0.9863439306358381,0.9863439306358381,False
69,graphical_appearance_name,All over pattern,2,20,0.1,0.10709838107098381,0.9337209302325582,0.9337209302325582,False
69,colour_group_name,Black,5,20,0.25,0.28027250750860744,0.8919890224777836,0.8919890224777836,False
69,colour_group_name,Dark Blue,1,20,0.05,0.058970038824994506,0.847888198757764,0.847888198757764,False
69,garment_group_name,Trousers,1,20,0.05,0.0825580543549923,0.6056344276841171,0.6056344276841171,False
69,colour_group_name,White,1,20,0.05,0.0960369203721339,0.5206331045003815,0.5206331045003815,False
69,perceived_colour_master_name,Blue,1,20,0.05,0.11933191707567212,0.41899938612645793,0.41899938612645793,False
70,section_name,Mama,18,20,0.9,0.023294996703538202,38.63490566037736,38.63490566037736,True
70,department_name,Mama Lingerie,1,20,0.05,0.0019046223719874002,26.251923076923077,26.251923076923077,False
70,department_name,Woven bottoms,5,20,0.25,0.009669621273166801,25.854166666666664,25.854166666666664,True
70,product_type_name,Leggings/Tights,4,20,0.2,0.018313676653725002,10.9208,10.9208,True
70,department_name,Jersey,11,20,0.55,0.060801406490367006,9.045843373493977,9.045843373493977,False
70,product_type_name,Underwear Tights,1,20,0.05,0.006739433008570801,7.419021739130435,7.419021739130435,False
70,department_name,Tights basic,1,20,0.05,0.008277781847483701,6.040265486725664,6.040265486725664,False
70,colour_group_name,Dark Orange,1,20,0.05,0.009230093033477401,5.417063492063492,5.417063492063492,False
70,perceived_colour_master_name,Lilac Purple,1,20,0.05,0.014724196029594901,3.395771144278607,3.395771144278607,False
70,graphical_appearance_name,Stripe,2,20,0.1,0.030034429712109,3.3295121951219517,3.3295121951219517,False
70,garment_group_name,Jersey Fancy,11,20,0.55,0.16672771225551242,3.2987917398945523,3.2987917398945523,False
70,colour_group_name,Grey,2,20,0.1,0.031059995604717602,3.2195754716981133,3.2195754716981133,False
70,garment_group_name,Trousers,5,20,0.25,0.0825580543549923,3.0281721384205857,3.0281721384205857,False
70,product_group_name,Garment Lower body,11,20,0.55,0.2052596879349498,2.6795324768022843,2.6795324768022843,False
70,graphical_appearance_name,Denim,4,20,0.2,0.074719800747198,2.676666666666667,2.676666666666667,False
70,colour_group_name,Dark Blue,3,20,0.15,0.058970038824994506,2.543664596273292,2.543664596273292,False
70,department_name,Knitwear,2,20,0.1,0.039557541572046,2.527962962962963,2.527962962962963,False
70,colour_group_name,Pink,1,20,0.05,0.021024100798476303,2.3782229965156794,2.3782229965156794,False
70,product_type_name,Trousers,6,20,0.3,0.1310526701340561,2.2891559530463947,2.2891559530463947,False
70,perceived_colour_master_name,Red,1,20,0.05,0.0232217419969233,2.1531545741324924,2.1531545741324924,False
70,perceived_colour_master_name,Grey,3,20,0.15,0.07113032012306791,2.10880535530381,2.10880535530381,False
70,product_type_name,Top,2,20,0.1,0.050692256977510806,1.9726878612716763,1.9726878612716763,False
70,product_type_name,T-shirt,2,20,0.1,0.05757819939931141,1.7367684478371501,1.7367684478371501,False
70,colour_group_name,Dark Grey,1,20,0.05,0.029375137352574902,1.70211970074813,1.70211970074813,False
70,index_group_name,Ladieswear,20,20,1.0,0.5894806241301004,1.6964085994780662,1.6964085994780662,False
70,colour_group_name,Off White,1,20,0.05,0.030180939125338802,1.6566747572815534,1.6566747572815534,False
70,garment_group_name,Socks and Tights,1,20,0.05,0.030254193831953703,1.6526634382566587,1.6526634382566587,False
70,product_group_name,Socks & Tights,1,20,0.05,0.030766976778258005,1.6251190476190476,1.6251190476190476,False
70,graphical_appearance_name,Melange,2,20,0.1,0.0617537176763607,1.6193357058125744,1.6193357058125744,False
70,product_type_name,Underwear bottom,1,20,0.05,0.031133250311332503,1.606,1.606,False
70,colour_group_name,Black,9,20,0.45,0.28027250750860744,1.6055802404600104,1.6055802404600104,False
70,perceived_colour_master_name,Black,9,20,0.45,0.28173760164090544,1.5972308892355693,1.5972308892355693,False
70,product_type_name,Skirt,1,20,0.05,0.033404146216394405,1.4968201754385966,1.4968201754385966,False
70,garment_group_name,Knitwear,2,20,0.1,0.06695480184601861,1.4935448577680526,1.4935448577680526,False
70,section_name,"Womens Nightwear, Socks & Tigh",1,20,0.05,0.034869240348692404,1.4339285714285714,1.4339285714285714,False
70,product_type_name,Sweater,2,20,0.1,0.0791883378507069,1.2628122109158189,1.2628122109158189,False
70,perceived_colour_master_name,White,3,20,0.15,0.12797597245623032,1.1720950200343445,1.1720950200343445,False
70,colour_group_name,White,2,20,0.1,0.0960369203721339,1.041266209000763,1.041266209000763,False
70,graphical_appearance_name,Solid,12,20,0.6,0.5812760969892315,1.032211720226843,1.032211720226843,False
70,section_name,Womens Lingerie,1,20,0.05,0.05765145410592631,0.8672808132147396,0.8672808132147396,False
70,perceived_colour_master_name,Blue,2,20,0.1,0.11933191707567212,0.8379987722529159,0.8379987722529159,False
70,product_group_name,Garment Upper body,6,20,0.3,0.38905574683173394,0.7710977217096592,0.7710977217096592,False
70,perceived_colour_master_name,Pink,1,20,0.05,0.06702805655263351,0.7459562841530054,0.7459562841530054,False
70,product_group_name,Underwear,1,20,0.05,0.06768734891216761,0.7386904761904761,0.7386904761904761,False
70,garment_group_name,"Under-, Nightwear",1,20,0.05,0.08475569555343931,0.5899308556611927,0.5899308556611927,False
70,product_type_name,Dress,1,20,0.05,0.11750054941029961,0.4255299251870325,0.4255299251870325,False
70,product_group_name,Garment Full body,1,20,0.05,0.1304666324811369,0.3832397529477822,0.3832397529477822,False
71,colour_group_name,Dark Turquoise,2,20,0.1,0.0027104241447513003,36.894594594594594,36.894594594594594,True
71,department_name,Suit,4,20,0.2,0.0057871218225771,34.55949367088608,34.55949367088608,True
71,colour_group_name,Turquoise,1,20,0.05,0.0028569335579811004,17.50128205128205,17.50128205128205,False
71,perceived_colour_master_name,Turquoise,3,20,0.15,0.009230093033477401,16.251190476190473,16.251190476190473,True
71,section_name,Womens Tailoring,20,20,1.0,0.06343857592850341,15.763279445727482,15.763279445727482,False
71,garment_group_name,Dressed,4,20,0.2,0.013112592484067102,15.252513966480448,15.252513966480448,False
71,product_type_name,Blazer,4,20,0.2,0.014211413083290601,14.073195876288661,14.073195876288661,False
71,product_type_name,Top,11,20,0.55,0.050692256977510806,10.84978323699422,10.84978323699422,False
71,colour_group_name,Dark Green,4,20,0.2,0.018533440773569703,10.791304347826086,10.791304347826086,False
71,department_name,Jersey,11,20,0.55,0.060801406490367006,9.045843373493977,9.045843373493977,False
71,graphical_appearance_name,Other structure,4,20,0.2,0.022855468463848803,8.750641025641025,8.750641025641025,False
71,department_name,Skirt,2,20,0.1,0.011647498351769101,8.58553459119497,8.58553459119497,False
71,garment_group_name,Skirts,2,20,0.1,0.0195590066661783,5.112734082397004,5.112734082397004,False
71,perceived_colour_master_name,Khaki green,3,20,0.15,0.035015749761922205,4.283786610878661,4.283786610878661,False
71,colour_group_name,Dark Red,1,20,0.05,0.0128195736576075,3.900285714285715,3.900285714285715,False
71,colour_group_name,Dark Beige,1,20,0.05,0.012966083070837301,3.856214689265537,3.856214689265537,False
71,perceived_colour_master_name,Green,2,20,0.1,0.027910043220276903,3.5829396325459317,3.5829396325459317,False
71,garment_group_name,Jersey Fancy,11,20,0.55,0.16672771225551242,3.2987917398945523,3.2987917398945523,False
71,colour_group_name,Grey,2,20,0.1,0.031059995604717602,3.2195754716981133,3.2195754716981133,False
71,product_type_name,Skirt,2,20,0.1,0.033404146216394405,2.993640350877193,2.993640350877193,False
71,colour_group_name,Dark Blue,3,20,0.15,0.058970038824994506,2.543664596273292,2.543664596273292,False
71,department_name,Trouser,2,20,0.1,0.0446121163284741,2.2415435139573074,2.2415435139573074,False
71,perceived_colour_master_name,Red,1,20,0.05,0.0232217419969233,2.1531545741324924,2.1531545741324924,False
71,colour_group_name,Light Beige,2,20,0.1,0.0478353234195297,2.090505359877489,2.090505359877489,False
71,product_group_name,Garment Upper body,16,20,0.8,0.38905574683173394,2.056260591225758,2.056260591225758,False
71,colour_group_name,Greenish Khaki,1,20,0.05,0.027910043220276903,1.7914698162729659,1.7914698162729659,False
71,perceived_colour_master_name,Beige,3,20,0.15,0.08482895026005421,1.768264248704663,1.768264248704663,False
71,index_group_name,Ladieswear,20,20,1.0,0.5894806241301004,1.6964085994780662,1.6964085994780662,False
71,perceived_colour_master_name,Grey,2,20,0.1,0.07113032012306791,1.4058702368692069,1.4058702368692069,False
71,graphical_appearance_name,Solid,15,20,0.75,0.5812760969892315,1.290264650283554,1.290264650283554,False
71,perceived_colour_master_name,Blue,3,20,0.15,0.11933191707567212,1.2569981583793737,1.2569981583793737,False
71,garment_group_name,Trousers,2,20,0.1,0.0825580543549923,1.2112688553682343,1.2112688553682343,False
71,department_name,Blouse,1,20,0.05,0.043293531609405904,1.154906937394247,1.154906937394247,False
71,product_type_name,Blouse,1,20,0.05,0.045344663394623105,1.1026655896607431,1.1026655896607431,False
71,product_group_name,Garment Lower body,4,20,0.2,0.2052596879349498,0.9743754461099216,0.9743754461099216,False
71,product_type_name,Trousers,2,20,0.1,0.1310526701340561,0.7630519843487983,0.7630519843487983,False
71,garment_group_name,Blouses,1,20,0.05,0.0860742802725075,0.5808936170212766,0.5808936170212766,False
71,colour_group_name,White,1,20,0.05,0.0960369203721339,0.5206331045003815,0.5206331045003815,False
71,graphical_appearance_name,All over pattern,1,20,0.05,0.10709838107098381,0.4668604651162791,0.4668604651162791,False
71,perceived_colour_master_name,White,1,20,0.05,0.12797597245623032,0.3906983400114482,0.3906983400114482,False
71,colour_group_name,Black,2,20,0.1,0.28027250750860744,0.35679560899111346,0.35679560899111346,False
71,perceived_colour_master_name,Black,2,20,0.1,0.28173760164090544,0.3549401976079043,0.3549401976079043,False
72,department_name,Suit,3,20,0.15,0.0057871218225771,25.919620253164556,25.919620253164556,True
72,department_name,Trousers & Skirt,1,20,0.05,0.0028569335579811004,17.50128205128205,17.50128205128205,False
72,graphical_appearance_name,Contrast,1,20,0.05,0.0034429712109003002,14.522340425531917,14.522340425531917,False
72,garment_group_name,Dressed,3,20,0.15,0.013112592484067102,11.439385474860334,11.439385474860334,True
72,graphical_appearance_name,Other structure,4,20,0.2,0.022855468463848803,8.750641025641025,8.750641025641025,True
72,section_name,Womens Tailoring,11,20,0.55,0.06343857592850341,8.669803695150115,8.669803695150115,False
72,department_name,Skirt,2,20,0.1,0.011647498351769101,8.58553459119497,8.58553459119497,False
72,department_name,Boots,1,20,0.05,0.0066661783019559,7.500549450549451,7.500549450549451,False
72,product_type_name,Blazer,2,20,0.1,0.014211413083290601,7.036597938144331,7.036597938144331,False
72,colour_group_name,Light Purple,1,20,0.05,0.008717310087173101,5.735714285714286,5.735714285714286,False
72,product_type_name,Boots,1,20,0.05,0.009303347740092302,5.374409448818898,5.374409448818898,False
72,colour_group_name,Yellowish Brown,2,20,0.1,0.0187532048934144,5.3324218750000005,5.3324218750000005,False
72,garment_group_name,Skirts,2,20,0.1,0.0195590066661783,5.112734082397004,5.112734082397004,False
72,colour_group_name,Off White,3,20,0.15,0.030180939125338802,4.97002427184466,4.97002427184466,False
72,product_type_name,Skirt,3,20,0.15,0.033404146216394405,4.490460526315789,4.490460526315789,False
72,department_name,Dress,3,20,0.15,0.035894806241301,4.178877551020408,4.178877551020408,False
72,graphical_appearance_name,Lace,1,20,0.05,0.012673064244377702,3.9453757225433526,3.9453757225433526,False
72,colour_group_name,Dark Red,1,20,0.05,0.0128195736576075,3.900285714285715,3.900285714285715,False
72,colour_group_name,Dark Beige,1,20,0.05,0.012966083070837301,3.856214689265537,3.856214689265537,False
72,perceived_colour_master_name,Brown,2,20,0.1,0.026151930261519303,3.823809523809524,3.823809523809524,False
72,department_name,Blouse & Dress,1,20,0.05,0.013478866017141601,3.7095108695652175,3.7095108695652175,False
72,product_type_name,Cardigan,1,20,0.05,0.014064903670060802,3.554947916666667,3.554947916666667,False
72,department_name,Blouse,3,20,0.15,0.043293531609405904,3.464720812182741,3.464720812182741,False
72,perceived_colour_master_name,Lilac Purple,1,20,0.05,0.014724196029594901,3.395771144278607,3.395771144278607,False
72,product_type_name,Blouse,3,20,0.15,0.045344663394623105,3.307996768982229,3.307996768982229,False
72,colour_group_name,Beige,3,20,0.15,0.04585744634092741,3.2710063897763577,3.2710063897763577,False
72,section_name,Womens Trend,2,20,0.1,0.030986740898102702,3.227186761229315,3.227186761229315,False
72,garment_group_name,Dresses Ladies,4,20,0.2,0.06651527360632921,3.0068281938325994,3.0068281938325994,False
72,department_name,Knitwear,2,20,0.1,0.039557541572046,2.527962962962963,2.527962962962963,False
72,department_name,Dresses,1,20,0.05,0.021024100798476303,2.3782229965156794,2.3782229965156794,False
72,perceived_colour_master_name,Beige,4,20,0.2,0.08482895026005421,2.357685664939551,2.357685664939551,False
72,garment_group_name,Blouses,4,20,0.2,0.0860742802725075,2.3235744680851065,2.3235744680851065,False
72,department_name,Trouser,2,20,0.1,0.0446121163284741,2.2415435139573074,2.2415435139573074,False
72,graphical_appearance_name,Check,1,20,0.05,0.023001977877078604,2.1737261146496816,2.1737261146496816,False
72,perceived_colour_master_name,Red,1,20,0.05,0.0232217419969233,2.1531545741324924,2.1531545741324924,False
72,product_type_name,Dress,5,20,0.25,0.11750054941029961,2.1276496259351623,2.1276496259351623,False
72,section_name,Womens Shoes,1,20,0.05,0.023734524943227604,2.106635802469136,2.106635802469136,False
72,section_name,Womens Everyday Collection,5,20,0.25,0.12218885063365321,2.0460131894484412,2.0460131894484412,False
72,department_name,Jersey fancy,1,20,0.05,0.0247600908358362,2.0193786982248523,2.0193786982248523,False
72,product_group_name,Garment Full body,5,20,0.25,0.1304666324811369,1.9161987647389107,1.9161987647389107,False
72,graphical_appearance_name,All over pattern,4,20,0.2,0.10709838107098381,1.8674418604651164,1.8674418604651164,False
72,garment_group_name,Shoes,1,20,0.05,0.026811222621053402,1.8648907103825139,1.8648907103825139,False
72,product_group_name,Shoes,1,20,0.05,0.026957732034283203,1.8547554347826087,1.8547554347826087,False
72,garment_group_name,Trousers,3,20,0.15,0.0825580543549923,1.8169032830523513,1.8169032830523513,False
72,colour_group_name,Greenish Khaki,1,20,0.05,0.027910043220276903,1.7914698162729659,1.7914698162729659,False
72,index_group_name,Ladieswear,19,20,0.95,0.5894806241301004,1.611588169504163,1.611588169504163,False
72,product_type_name,Jacket,1,20,0.05,0.0312797597245623,1.5984777517564404,1.5984777517564404,False
72,perceived_colour_master_name,White,4,20,0.2,0.12797597245623032,1.5627933600457928,1.5627933600457928,False
72,garment_group_name,Knitwear,2,20,0.1,0.06695480184601861,1.4935448577680526,1.4935448577680526,False
72,product_group_name,Garment Lower body,6,20,0.3,0.2052596879349498,1.4615631691648823,1.4615631691648823,False
72,perceived_colour_master_name,Khaki green,1,20,0.05,0.035015749761922205,1.427928870292887,1.427928870292887,False
72,colour_group_name,Light Pink,1,20,0.05,0.036773862720679805,1.3596613545816734,1.3596613545816734,False
72,product_type_name,Trousers,3,20,0.15,0.1310526701340561,1.1445779765231974,1.1445779765231974,False
72,colour_group_name,Light Beige,1,20,0.05,0.0478353234195297,1.0452526799387445,1.0452526799387445,False
72,product_group_name,Garment Upper body,8,20,0.4,0.38905574683173394,1.028130295612879,1.028130295612879,False
72,product_type_name,Top,1,20,0.05,0.050692256977510806,0.9863439306358381,0.9863439306358381,False
72,colour_group_name,Black,5,20,0.25,0.28027250750860744,0.8919890224777836,0.8919890224777836,False
72,perceived_colour_master_name,Black,5,20,0.25,0.28173760164090544,0.8873504940197607,0.8873504940197607,False
72,colour_group_name,Dark Blue,1,20,0.05,0.058970038824994506,0.847888198757764,0.847888198757764,False
72,graphical_appearance_name,Solid,9,20,0.45,0.5812760969892315,0.7741587901701323,0.7741587901701323,False
72,perceived_colour_master_name,Pink,1,20,0.05,0.06702805655263351,0.7459562841530054,0.7459562841530054,False
72,section_name,Divided Collection,1,20,0.05,0.10409493809977291,0.48033075299085154,0.48033075299085154,False
72,perceived_colour_master_name,Blue,1,20,0.05,0.11933191707567212,0.41899938612645793,0.41899938612645793,False
72,garment_group_name,Jersey Fancy,1,20,0.05,0.16672771225551242,0.299890158172232,0.299890158172232,False
72,index_group_name,Divided,1,20,0.05,0.2062119991209435,0.2424689165186501,0.2424689165186501,False
73,department_name,Trousers,8,20,0.4,0.0164823089883525,24.268444444444444,24.268444444444444,True
73,graphical_appearance_name,Embroidery,3,20,0.15,0.012087026591458501,12.41,12.41,True
73,department_name,Basic 1,7,20,0.35,0.029228627939345102,11.97456140350877,11.97456140350877,True
73,section_name,Divided Basics,7,20,0.35,0.03208556149732621,10.908333333333331,10.908333333333331,False
73,department_name,Denim Trousers,3,20,0.15,0.0171416013478866,8.750641025641025,8.750641025641025,False
73,product_type_name,Unknown,1,20,0.05,0.006080140649036701,8.223493975903615,8.223493975903615,False
73,product_group_name,Unknown,1,20,0.05,0.006080140649036701,8.223493975903615,8.223493975903615,False
73,colour_group_name,Grey,5,20,0.25,0.031059995604717602,8.048938679245284,8.048938679245284,False
73,section_name,Ladies Denim,3,20,0.15,0.028862354406270604,5.1970812182741115,5.1970812182741115,False
73,garment_group_name,Trousers,8,20,0.4,0.0825580543549923,4.845075421472937,4.845075421472937,False
73,index_group_name,Divided,19,20,0.95,0.2062119991209435,4.606909413854352,4.606909413854352,False
73,colour_group_name,Blue,3,20,0.15,0.033330891509779505,4.50032967032967,4.50032967032967,False
73,garment_group_name,Jersey Basic,8,20,0.4,0.09003003442971211,4.442961757526445,4.442961757526445,False
73,section_name,Divided Collection,9,20,0.45,0.10409493809977291,4.322976776917664,4.322976776917664,False
73,perceived_colour_master_name,Grey,6,20,0.3,0.07113032012306791,4.21761071060762,4.21761071060762,False
73,product_type_name,Trousers,10,20,0.5,0.1310526701340561,3.815259921743991,3.815259921743991,False
73,garment_group_name,Trousers Denim,3,20,0.15,0.0430737674895612,3.4823979591836736,3.4823979591836736,False
73,department_name,Tops Knitwear,1,20,0.05,0.014357922496520402,3.4823979591836736,3.4823979591836736,False
73,product_type_name,T-shirt,4,20,0.2,0.05757819939931141,3.4735368956743002,3.4735368956743002,False
73,colour_group_name,Dark Blue,4,20,0.2,0.058970038824994506,3.391552795031056,3.391552795031056,False
73,perceived_colour_master_name,Blue,7,20,0.35,0.11933191707567212,2.932995702885205,2.932995702885205,False
73,product_group_name,Garment Lower body,10,20,0.5,0.2052596879349498,2.4359386152748037,2.4359386152748037,False
73,graphical_appearance_name,Melange,3,20,0.15,0.0617537176763607,2.429003558718861,2.429003558718861,False
73,colour_group_name,Pink,1,20,0.05,0.021024100798476303,2.3782229965156794,2.3782229965156794,False
73,graphical_appearance_name,Denim,3,20,0.15,0.074719800747198,2.0075000000000003,2.0075000000000003,False
73,product_type_name,Top,2,20,0.1,0.050692256977510806,1.9726878612716763,1.9726878612716763,False
73,product_type_name,Sweater,3,20,0.15,0.0791883378507069,1.894218316373728,1.894218316373728,False
73,department_name,Jersey Basic,1,20,0.05,0.026737967914438502,1.87,1.87,False
73,section_name,Womens Everyday Basics,1,20,0.05,0.027177496154127904,1.8397574123989218,1.8397574123989218,False
73,colour_group_name,Greenish Khaki,1,20,0.05,0.027910043220276903,1.7914698162729659,1.7914698162729659,False
73,colour_group_name,Dark Grey,1,20,0.05,0.029375137352574902,1.70211970074813,1.70211970074813,False
73,perceived_colour_master_name,Khaki green,1,20,0.05,0.035015749761922205,1.427928870292887,1.427928870292887,False
73,product_group_name,Garment Upper body,9,20,0.45,0.38905574683173394,1.156646582564489,1.156646582564489,False
73,graphical_appearance_name,Solid,11,20,0.55,0.5812760969892315,0.9461940768746062,0.9461940768746062,False
73,garment_group_name,Knitwear,1,20,0.05,0.06695480184601861,0.7467724288840263,0.7467724288840263,False
73,perceived_colour_master_name,Pink,1,20,0.05,0.06702805655263351,0.7459562841530054,0.7459562841530054,False
73,colour_group_name,Black,4,20,0.2,0.28027250750860744,0.7135912179822269,0.7135912179822269,False
73,perceived_colour_master_name,Black,4,20,0.2,0.28173760164090544,0.7098803952158086,0.7098803952158086,False
73,colour_group_name,White,1,20,0.05,0.0960369203721339,0.5206331045003815,0.5206331045003815,False
73,perceived_colour_master_name,White,1,20,0.05,0.12797597245623032,0.3906983400114482,0.3906983400114482,False
73,index_group_name,Ladieswear,1,20,0.05,0.5894806241301004,0.08482042997390332,0.08482042997390332,False
74,section_name,Mama,18,20,0.9,0.023294996703538202,38.63490566037736,38.63490566037736,True
74,department_name,Mama Lingerie,1,20,0.05,0.0019046223719874002,26.251923076923077,26.251923076923077,False
74,department_name,Woven bottoms,5,20,0.25,0.009669621273166801,25.854166666666664,25.854166666666664,True
74,product_type_name,Leggings/Tights,4,20,0.2,0.018313676653725002,10.9208,10.9208,True
74,department_name,Jersey,11,20,0.55,0.060801406490367006,9.045843373493977,9.045843373493977,False
74,product_type_name,Underwear Tights,1,20,0.05,0.006739433008570801,7.419021739130435,7.419021739130435,False
74,department_name,Tights basic,1,20,0.05,0.008277781847483701,6.040265486725664,6.040265486725664,False
74,colour_group_name,Dark Orange,1,20,0.05,0.009230093033477401,5.417063492063492,5.417063492063492,False
74,perceived_colour_master_name,Lilac Purple,1,20,0.05,0.014724196029594901,3.395771144278607,3.395771144278607,False
74,graphical_appearance_name,Stripe,2,20,0.1,0.030034429712109,3.3295121951219517,3.3295121951219517,False
74,garment_group_name,Jersey Fancy,11,20,0.55,0.16672771225551242,3.2987917398945523,3.2987917398945523,False
74,colour_group_name,Grey,2,20,0.1,0.031059995604717602,3.2195754716981133,3.2195754716981133,False
74,garment_group_name,Trousers,5,20,0.25,0.0825580543549923,3.0281721384205857,3.0281721384205857,False
74,product_group_name,Garment Lower body,11,20,0.55,0.2052596879349498,2.6795324768022843,2.6795324768022843,False
74,graphical_appearance_name,Denim,4,20,0.2,0.074719800747198,2.676666666666667,2.676666666666667,False
74,colour_group_name,Dark Blue,3,20,0.15,0.058970038824994506,2.543664596273292,2.543664596273292,False
74,department_name,Knitwear,2,20,0.1,0.039557541572046,2.527962962962963,2.527962962962963,False
74,colour_group_name,Pink,1,20,0.05,0.021024100798476303,2.3782229965156794,2.3782229965156794,False
74,product_type_name,Trousers,6,20,0.3,0.1310526701340561,2.2891559530463947,2.2891559530463947,False
74,perceived_colour_master_name,Red,1,20,0.05,0.0232217419969233,2.1531545741324924,2.1531545741324924,False
74,perceived_colour_master_name,Grey,3,20,0.15,0.07113032012306791,2.10880535530381,2.10880535530381,False
74,product_type_name,Top,2,20,0.1,0.050692256977510806,1.9726878612716763,1.9726878612716763,False
74,product_type_name,T-shirt,2,20,0.1,0.05757819939931141,1.7367684478371501,1.7367684478371501,False
74,colour_group_name,Dark Grey,1,20,0.05,0.029375137352574902,1.70211970074813,1.70211970074813,False
74,index_group_name,Ladieswear,20,20,1.0,0.5894806241301004,1.6964085994780662,1.6964085994780662,False
74,colour_group_name,Off White,1,20,0.05,0.030180939125338802,1.6566747572815534,1.6566747572815534,False
74,garment_group_name,Socks and Tights,1,20,0.05,0.030254193831953703,1.6526634382566587,1.6526634382566587,False
74,product_group_name,Socks & Tights,1,20,0.05,0.030766976778258005,1.6251190476190476,1.6251190476190476,False
74,graphical_appearance_name,Melange,2,20,0.1,0.0617537176763607,1.6193357058125744,1.6193357058125744,False
74,product_type_name,Underwear bottom,1,20,0.05,0.031133250311332503,1.606,1.606,False
74,colour_group_name,Black,9,20,0.45,0.28027250750860744,1.6055802404600104,1.6055802404600104,False
74,perceived_colour_master_name,Black,9,20,0.45,0.28173760164090544,1.5972308892355693,1.5972308892355693,False
74,product_type_name,Skirt,1,20,0.05,0.033404146216394405,1.4968201754385966,1.4968201754385966,False
74,garment_group_name,Knitwear,2,20,0.1,0.06695480184601861,1.4935448577680526,1.4935448577680526,False
74,section_name,"Womens Nightwear, Socks & Tigh",1,20,0.05,0.034869240348692404,1.4339285714285714,1.4339285714285714,False
74,product_type_name,Sweater,2,20,0.1,0.0791883378507069,1.2628122109158189,1.2628122109158189,False
74,perceived_colour_master_name,White,3,20,0.15,0.12797597245623032,1.1720950200343445,1.1720950200343445,False
74,colour_group_name,White,2,20,0.1,0.0960369203721339,1.041266209000763,1.041266209000763,False
74,graphical_appearance_name,Solid,12,20,0.6,0.5812760969892315,1.032211720226843,1.032211720226843,False
74,section_name,Womens Lingerie,1,20,0.05,0.05765145410592631,0.8672808132147396,0.8672808132147396,False
74,perceived_colour_master_name,Blue,2,20,0.1,0.11933191707567212,0.8379987722529159,0.8379987722529159,False
74,product_group_name,Garment Upper body,6,20,0.3,0.38905574683173394,0.7710977217096592,0.7710977217096592,False
74,perceived_colour_master_name,Pink,1,20,0.05,0.06702805655263351,0.7459562841530054,0.7459562841530054,False
74,product_group_name,Underwear,1,20,0.05,0.06768734891216761,0.7386904761904761,0.7386904761904761,False
74,garment_group_name,"Under-, Nightwear",1,20,0.05,0.08475569555343931,0.5899308556611927,0.5899308556611927,False
74,product_type_name,Dress,1,20,0.05,0.11750054941029961,0.4255299251870325,0.4255299251870325,False
74,product_group_name,Garment Full body,1,20,0.05,0.1304666324811369,0.3832397529477822,0.3832397529477822,False
75,department_name,Ladies Sport Bras,18,20,0.9,0.014943960149439602,60.225,60.225,True
75,section_name,Ladies H&M Sport,20,20,1.0,0.0265182037945938,37.709944751381215,37.709944751381215,True
75,index_group_name,Sport,20,20,1.0,0.033111127389934804,30.201327433628318,30.201327433628318,True
75,graphical_appearance_name,Mesh,1,20,0.05,0.0017581129587576003,28.439583333333335,28.439583333333335,False
75,department_name,Ladies Sport Bottoms,2,20,0.1,0.0068859424218006005,14.522340425531917,14.522340425531917,False
75,product_type_name,Top,11,20,0.55,0.050692256977510806,10.84978323699422,10.84978323699422,False
75,colour_group_name,Green,2,20,0.1,0.009742875979781702,10.26390977443609,10.26390977443609,False
75,product_type_name,Vest top,4,20,0.2,0.030107684418723902,6.642822384428224,6.642822384428224,False
75,colour_group_name,Dark Pink,1,20,0.05,0.007911508314409201,6.319907407407407,6.319907407407407,False
75,garment_group_name,Jersey Fancy,20,20,1.0,0.16672771225551242,5.997803163444639,5.997803163444639,False
75,colour_group_name,Orange,1,20,0.05,0.008790564793788001,5.687916666666666,5.687916666666666,False
75,graphical_appearance_name,Melange,7,20,0.35,0.0617537176763607,5.6676749703440095,5.6676749703440095,False
75,product_type_name,Leggings/Tights,2,20,0.1,0.018313676653725002,5.4604,5.4604,False
75,colour_group_name,Light Pink,2,20,0.1,0.036773862720679805,2.7193227091633467,2.7193227091633467,False
75,product_type_name,T-shirt,3,20,0.15,0.05757819939931141,2.605152671755725,2.605152671755725,False
75,product_group_name,Garment Upper body,18,20,0.9,0.38905574683173394,2.313293165128978,2.313293165128978,False
75,perceived_colour_master_name,Pink,3,20,0.15,0.06702805655263351,2.237868852459016,2.237868852459016,False
75,perceived_colour_master_name,Orange,1,20,0.05,0.0273972602739726,1.8250000000000002,1.8250000000000002,False
75,colour_group_name,Greenish Khaki,1,20,0.05,0.027910043220276903,1.7914698162729659,1.7914698162729659,False
75,colour_group_name,Black,10,20,0.5,0.28027250750860744,1.783978044955567,1.783978044955567,False
75,perceived_colour_master_name,Black,10,20,0.5,0.28173760164090544,1.7747009880395215,1.7747009880395215,False
75,perceived_colour_master_name,Khaki green,1,20,0.05,0.035015749761922205,1.427928870292887,1.427928870292887,False
75,perceived_colour_master_name,Grey,2,20,0.1,0.07113032012306791,1.4058702368692069,1.4058702368692069,False
75,colour_group_name,Beige,1,20,0.05,0.04585744634092741,1.0903354632587858,1.0903354632587858,False
75,colour_group_name,White,2,20,0.1,0.0960369203721339,1.041266209000763,1.041266209000763,False
75,graphical_appearance_name,Solid,11,20,0.55,0.5812760969892315,0.9461940768746062,0.9461940768746062,False
75,perceived_colour_master_name,White,2,20,0.1,0.12797597245623032,0.7813966800228964,0.7813966800228964,False
75,perceived_colour_master_name,Beige,1,20,0.05,0.08482895026005421,0.5894214162348878,0.5894214162348878,False
75,product_group_name,Garment Lower body,2,20,0.1,0.2052596879349498,0.4871877230549608,0.4871877230549608,False
75,graphical_appearance_name,All over pattern,1,20,0.05,0.10709838107098381,0.4668604651162791,0.4668604651162791,False
