item_id,item,title,year,genres,tags,item weight,prototype
940,922,Sunset Blvd. (a.k.a. Sunset Boulevard) (1950),1950,Film-Noir,afi 100 (movie quotes)|amazing cinematography|black and white|classic|criterion|cynical|dark|dramatic|eerie|film noir|great acting|greed|hollywood|imdb top 250|insanity|interesting|loneliness|masterpiece|narrated|noir|obsession|original|oscar (best actress)|oscar (best directing)|oscar (best picture)|satirical|silent|talky,0.17191042,0
826,3435,Double Indemnity (1944),1944,Crime|Film-Noir,adapted from:book|adultery|atmospheric|black and white|bleak|cinematography|classic|complex|complicated|crime|crime gone awry|criterion|cynical|dark|dialogue|downbeat|enigmatic|film noir|great acting|great ending|greed|imdb top 250|interesting|investigation|manipulation|masterpiece|murder|murder mystery|mystery|narrated|neo-noir|noir|noir thriller|original|oscar (best actress)|oscar (best cinematography)|oscar (best directing)|police investigation|sexy|stylized|suspense|suspenseful|talky|tense|twists & turns,0.16866815,0
941,2186,Strangers on a Train (1951),1951,Film-Noir|Thriller,black and white|classic|crime|criterion|great ending|hitchcock|imdb top 250|interesting|masterpiece|murder|obsession|original|oscar (best cinematography)|oscar (best directing)|police investigation|runaway|suspense|suspenseful|talky|tense|thriller|train,0.16774626,0
199,913,"Maltese Falcon, The (1941)",1941,Film-Noir|Mystery,adapted from:book|afi 100 (movie quotes)|atmospheric|black and white|classic|criterion|cynical|detective|dialogue|film noir|great acting|great dialogue|great ending|greed|highly quotable|imdb top 250|literary adaptation|masterpiece|murder|mystery|neo-noir|noir|noir thriller|original|oscar (best directing)|private detective|quotable|san francisco|talky|twists & turns,0.16674414,0
433,926,All About Eve (1950),1950,Drama,afi 100|afi 100 (movie quotes)|black and white|character study|classic|dramatic|excellent script|great acting|great dialogue|imdb top 250|manipulation|masterpiece|obsession|oscar|oscar (best actress)|oscar (best directing)|oscar (best picture)|oscar (best supporting actor)|oscar (best supporting actress)|oscar winner|quotable|talky|witty,0.1649459,0
932,1252,Chinatown (1974),1974,Film-Noir|Mystery|Thriller,1930s|adultery|afi 100|afi 100 (movie quotes)|atmospheric|black and white|bleak|cinematography|classic|complex|complicated|corruption|crime|criterion|cynical|dark|detective|downbeat|enigmatic|excellent script|exceptional acting|film noir|good acting|great|great acting|great ending|great movie|greed|imdb top 250|interesting|investigation|los angeles|masterpiece|melancholic|murder|murder mystery|mystery|neo-noir|noir|noir thriller|original|oscar (best actress)|oscar (best directing)|perfect|plot twist|political corruption|powerful ending|private detective|quotable|secrets|social commentary|storytelling|stylish|suspense|twists & turns,0.16488242,0
640,1284,"Big Sleep, The (1946)",1946,Film-Noir|Mystery,adapted from:book|based on a book|black and white|classic|complex|complicated|complicated plot|criterion|detective|dialogue|enigmatic|film noir|highly quotable|imdb top 250|investigation|murder|murder mystery|mystery|neo-noir|noir|noir thriller|original|police investigation|pornography|private detective|sexy|talky|twists & turns,0.1615729,0
1431,1212,"Third Man, The (1949)",1949,Mystery|Thriller,afi 100|amazing cinematography|atmospheric|betrayal|black and white|bleak|cinematography|classic|criterion|downbeat|enigmatic|excellent script|film noir|golden palm|great acting|great cinematography|imdb top 250|masterpiece|melancholic|murder|mystery|noir|noir thriller|ominous|oscar (best cinematography)|oscar (best directing)|photography|storytelling|stylized|talky|vienna|visual,0.16017382,0
188,908,North by Northwest (1959),1959,Drama|Thriller,adventure|chase|classic|complicated|enigmatic|espionage|excellent script|great ending|hitchcock|imdb top 250|masterpiece|mistaken identity|murder|noir thriller|obsession|original|oscar (best directing)|paranoid|police investigation|secrets|spy|spying|suspense|suspenseful|tense|thriller|twists & turns|witty,0.15951483,0
247,912,Casablanca (1942),1942,Drama|Romance|War,afi 100 (movie quotes)|bittersweet|black and white|classic|dialogue|drama|excellent script|great acting|imdb top 250|love story|love triangles|masterpiece|nazi|nazis|oscar (best actress)|oscar (best directing)|oscar (best picture)|quotable|romance|romantic|sacrifice|wartime|world war ii|wwii,0.15889762,0
88,2571,"Matrix, The (1999)",1999,Action|Sci-Fi|Thriller,action|action packed|alternate reality|alternate universe|artificial intelligence|awesome soundtrack|big budget|carrie-anne moss|cerebral|complex|complicated|computers|confusing|cool|cult classic|cyberpunk|dark hero|dialogue|distopia|dynamic cgi action|dystopia|dystopic future|effects|excellent script|existentialism|fast paced|fight scenes|fighting|fighting the system|future|futuristic|good acting|good action|great|great acting|great ending|great movie|gunfight|hacking|imdb top 250|intense|interesting|kung fu|man versus machine|martial arts|mentor|mythology|original|original plot|oscar (best editing)|philosophical|philosophy|post-apocalyptic|sci fi|sci-fi|science fiction|scifi|special effects|story|storytelling|stylized|technology|thought-provoking|violence|virtual reality|visceral|visual|visually appealing|visually stunning,0.35103187,1
36,260,Star Wars: Episode IV - A New Hope (1977),1977,Action|Adventure|Fantasy|Sci-Fi,action|adventure|aliens|androids|awesome soundtrack|classic|desert|destiny|dialogue|epic|fantasy|fantasy world|franchise|futuristic|good|good versus evil|great ending|great movie|high fantasy|highly quotable|imagination|imdb top 250|masterpiece|mentor|mythology|original|original plot|oscar (best effects - visual effects)|oscar (best supporting actor)|quotable|robots|saturn award (best special effects)|sci fi|sci-fi|science fiction|scifi|series|space|space opera|space travel|special effects|star wars|story|storytelling|sword fight|technology|trilogy|visual|visually appealing|war|wizards,0.31661093,1
40,2028,Saving Private Ryan (1998),1998,Action|Drama|War,action|amazing cinematography|best war films|brutality|courage|drama|dramatic|excellent script|good|good acting|great acting|great ending|great movie|historical|history|imdb top 250|intense|oscar (best cinematography)|oscar (best directing)|oscar (best picture)|powerful ending|realistic|sacrifice|sentimental|spielberg|us history|violence|violent|visceral|war|war movie|wartime|world war ii|wwii,0.26598564,1
69,589,Terminator 2: Judgment Day (1991),1991,Action|Sci-Fi|Thriller,action|action packed|androids|apocalypse|arnold|awesome soundtrack|big budget|chase|cyborgs|dialogue|dynamic cgi action|dystopic future|effects|end of the world|fighting|future|futuristic|good action|good sequel|imdb top 250|man versus machine|mother-son relationship|motorcycle|original|original plot|oscar (best effects - visual effects)|quotable|robot|robots|saturn award (best special effects)|sci fi|sci-fi|science fiction|scifi|special effects|story|suspense|technology|tense|time travel|violence|violent|visceral|visual,0.26332623,1
313,3793,X-Men (2000),2000,Action|Sci-Fi,action|adapted from:comic|alter ego|based on a comic|based on comic|big budget|comic book|comic book adaption|comics|cool|dynamic cgi action|fight scenes|fighting|franchise|future|good|good action|great|marvel|mentor|mutants|pg-13|sci-fi|scifi|sequels|special effects|super hero|super-hero|superhero|superheroes,0.26315504,1
84,1196,Star Wars: Episode V - The Empire Strikes Back (1980),1980,Action|Adventure|Drama|Sci-Fi|War,action|adventure|aliens|awesome soundtrack|chase|classic|dark|destiny|dialogue|epic|excellent script|fantasy|forceful|franchise|good|good versus evil|great|great ending|great movie|highly quotable|imdb top 250|intense|mentor|modern fantasy|mythology|original|original plot|oscar (best effects - visual effects)|oscar (best sound)|quotable|robots|saturn award (best special effects)|sci fi|sci-fi|science fiction|scifi|sequel|series|space|space opera|space travel|special effects|star wars|story|storytelling|sword fight|trilogy|war,0.2630877,1
52,1210,Star Wars: Episode VI - Return of the Jedi (1983),1983,Action|Adventure|Romance|Sci-Fi|War,action|adventure|aliens|awesome soundtrack|chase|death|desert|destiny|dialogue|epic|fantasy|franchise|good|good versus evil|great ending|great movie|highly quotable|imdb top 250|intense|mentor|mythology|original|original plot|oscar (best effects - visual effects)|powerful ending|rebellion|redemption|robots|saturn award (best special effects)|sci fi|sci-fi|science fiction|scifi|series|space|space opera|special effects|star wars|story|sword fight|trilogy|war,0.26287708,1
53,3578,Gladiator (2000),2000,Action|Drama,action|amazing cinematography|betrayal|big budget|breathtaking|cinematography|courage|destiny|dialogue|drama|dramatic|epic|excellent script|fight scenes|forceful|freedom|good|good acting|good action|great|great acting|great ending|great movie|historical|history|imdb top 250|intense|mentor|oscar|oscar (best actor)|oscar (best cinematography)|oscar (best directing)|oscar (best effects - visual effects)|oscar (best picture)|oscar (best supporting actor)|oscar winner|redemption|revenge|rome|slavery|special effects|story|storytelling|stylized|sword fight|us history|vengeance|very good|violence|violent|visceral|visual|visually stunning|war,0.25957087,1
167,50,"Usual Suspects, The (1995)",1995,Crime|Thriller,caper|classic|clever|complex|complicated|complicated plot|con men|conspiracy|crime|enigmatic|ensemble cast|excellent|excellent script|fast paced|good|good acting|good soundtrack|great|great acting|great dialogue|great ending|great movie|heist|imdb top 250|interesting|manipulation|masterpiece|mindfuck|mystery|narrated|neo-noir|noir thriller|organized crime|original|oscar (best actor)|oscar (best directing)|oscar (best supporting actor)|oscar (best writing - screenplay written directly for the screen)|oscar winner|plot|plot twist|police investigation|powerful ending|story|storytelling|stylish|suprisingly clever|surprise ending|suspense|suspenseful|thriller|tricky|twist|twist ending|twists & turns|very good|violence,0.24982725,1
42,3114,Toy Story 2 (1999),1999,Animation|Children's|Comedy,animated|animation|cartoon|children|clever|computer animation|disney|family|friendship|fun|fun movie|good|good sequel|great|great movie|imdb top 250|kids|kids and family|light|original|pixar|pixar animation|sequel|sequels|story|toys|unlikely friendships,0.2369988,1
88,2571,"Matrix, The (1999)",1999,Action|Sci-Fi|Thriller,action|action packed|alternate reality|alternate universe|artificial intelligence|awesome soundtrack|big budget|carrie-anne moss|cerebral|complex|complicated|computers|confusing|cool|cult classic|cyberpunk|dark hero|dialogue|distopia|dynamic cgi action|dystopia|dystopic future|effects|excellent script|existentialism|fast paced|fight scenes|fighting|fighting the system|future|futuristic|good acting|good action|great|great acting|great ending|great movie|gunfight|hacking|imdb top 250|intense|interesting|kung fu|man versus machine|martial arts|mentor|mythology|original|original plot|oscar (best editing)|philosophical|philosophy|post-apocalyptic|sci fi|sci-fi|science fiction|scifi|special effects|story|storytelling|stylized|technology|thought-provoking|violence|virtual reality|visceral|visual|visually appealing|visually stunning,0.35310757,2
36,260,Star Wars: Episode IV - A New Hope (1977),1977,Action|Adventure|Fantasy|Sci-Fi,action|adventure|aliens|androids|awesome soundtrack|classic|desert|destiny|dialogue|epic|fantasy|fantasy world|franchise|futuristic|good|good versus evil|great ending|great movie|high fantasy|highly quotable|imagination|imdb top 250|masterpiece|mentor|mythology|original|original plot|oscar (best effects - visual effects)|oscar (best supporting actor)|quotable|robots|saturn award (best special effects)|sci fi|sci-fi|science fiction|scifi|series|space|space opera|space travel|special effects|star wars|story|storytelling|sword fight|technology|trilogy|visual|visually appealing|war|wizards,0.31631023,2
53,3578,Gladiator (2000),2000,Action|Drama,action|amazing cinematography|betrayal|big budget|breathtaking|cinematography|courage|destiny|dialogue|drama|dramatic|epic|excellent script|fight scenes|forceful|freedom|good|good acting|good action|great|great acting|great ending|great movie|historical|history|imdb top 250|intense|mentor|oscar|oscar (best actor)|oscar (best cinematography)|oscar (best directing)|oscar (best effects - visual effects)|oscar (best picture)|oscar (best supporting actor)|oscar winner|redemption|revenge|rome|slavery|special effects|story|storytelling|stylized|sword fight|us history|vengeance|very good|violence|violent|visceral|visual|visually stunning|war,0.26613897,2
313,3793,X-Men (2000),2000,Action|Sci-Fi,action|adapted from:comic|alter ego|based on a comic|based on comic|big budget|comic book|comic book adaption|comics|cool|dynamic cgi action|fight scenes|fighting|franchise|future|good|good action|great|marvel|mentor|mutants|pg-13|sci-fi|scifi|sequels|special effects|super hero|super-hero|superhero|superheroes,0.26521656,2
84,1196,Star Wars: Episode V - The Empire Strikes Back (1980),1980,Action|Adventure|Drama|Sci-Fi|War,action|adventure|aliens|awesome soundtrack|chase|classic|dark|destiny|dialogue|epic|excellent script|fantasy|forceful|franchise|good|good versus evil|great|great ending|great movie|highly quotable|imdb top 250|intense|mentor|modern fantasy|mythology|original|original plot|oscar (best effects - visual effects)|oscar (best sound)|quotable|robots|saturn award (best special effects)|sci fi|sci-fi|science fiction|scifi|sequel|series|space|space opera|space travel|special effects|star wars|story|storytelling|sword fight|trilogy|war,0.262906,2
69,589,Terminator 2: Judgment Day (1991),1991,Action|Sci-Fi|Thriller,action|action packed|androids|apocalypse|arnold|awesome soundtrack|big budget|chase|cyborgs|dialogue|dynamic cgi action|dystopic future|effects|end of the world|fighting|future|futuristic|good action|good sequel|imdb top 250|man versus machine|mother-son relationship|motorcycle|original|original plot|oscar (best effects - visual effects)|quotable|robot|robots|saturn award (best special effects)|sci fi|sci-fi|science fiction|scifi|special effects|story|suspense|technology|tense|time travel|violence|violent|visceral|visual,0.26282212,2
40,2028,Saving Private Ryan (1998),1998,Action|Drama|War,action|amazing cinematography|best war films|brutality|courage|drama|dramatic|excellent script|good|good acting|great acting|great ending|great movie|historical|history|imdb top 250|intense|oscar (best cinematography)|oscar (best directing)|oscar (best picture)|powerful ending|realistic|sacrifice|sentimental|spielberg|us history|violence|violent|visceral|war|war movie|wartime|world war ii|wwii,0.26180783,2
52,1210,Star Wars: Episode VI - Return of the Jedi (1983),1983,Action|Adventure|Romance|Sci-Fi|War,action|adventure|aliens|awesome soundtrack|chase|death|desert|destiny|dialogue|epic|fantasy|franchise|good|good versus evil|great ending|great movie|highly quotable|imdb top 250|intense|mentor|mythology|original|original plot|oscar (best effects - visual effects)|powerful ending|rebellion|redemption|robots|saturn award (best special effects)|sci fi|sci-fi|science fiction|scifi|series|space|space opera|special effects|star wars|story|sword fight|trilogy|war,0.26032493,2
167,50,"Usual Suspects, The (1995)",1995,Crime|Thriller,caper|classic|clever|complex|complicated|complicated plot|con men|conspiracy|crime|enigmatic|ensemble cast|excellent|excellent script|fast paced|good|good acting|good soundtrack|great|great acting|great dialogue|great ending|great movie|heist|imdb top 250|interesting|manipulation|masterpiece|mindfuck|mystery|narrated|neo-noir|noir thriller|organized crime|original|oscar (best actor)|oscar (best directing)|oscar (best supporting actor)|oscar (best writing - screenplay written directly for the screen)|oscar winner|plot|plot twist|police investigation|powerful ending|story|storytelling|stylish|suprisingly clever|surprise ending|suspense|suspenseful|thriller|tricky|twist|twist ending|twists & turns|very good|violence,0.24882215,2
42,3114,Toy Story 2 (1999),1999,Animation|Children's|Comedy,animated|animation|cartoon|children|clever|computer animation|disney|family|friendship|fun|fun movie|good|good sequel|great|great movie|imdb top 250|kids|kids and family|light|original|pixar|pixar animation|sequel|sequels|story|toys|unlikely friendships,0.24190055,2
197,1089,Reservoir Dogs (1992),1992,Crime|Thriller,blood|bloody|brutal|brutality|caper|clever|complicated|cool|crime|crime gone awry|cult|cult classic|cult film|dark humor|dialogue|dialogue driven|drama|ensemble cast|excellent script|foul language|gangster|gangsters|golden palm|good acting|good dialogue|good soundtrack|gratuitous violence|great acting|great dialogue|great ending|great movie|great soundtrack|guns|heist|highly quotable|hit men|imdb top 250|independent film|interesting|masterpiece|mob|narrated|neo-noir|non-linear|nonlinear|organized crime|original|pulp|quotable|robbery|story|storytelling|stylish|stylized|suprisingly clever|suspense|talky|tarantino|tense|undercover cop|vengeance|violence|violent|visceral,0.24387787,3
870,3210,Fast Times at Ridgemont High (1982),1982,Comedy,1980s|80s|adolescence|cheerleading|classic|comedy|cult classic|geeks|good soundtrack|great soundtrack|high school|original|pornography|quotable|rock and roll|stoner movie|teen|teen movie|teenager|teenagers|teens|virginity,0.23159797,3
128,3552,Caddyshack (1980),1980,Comedy,chase|classic|comedy|dumb but funny|funniest movies|funny|golf|goofy|great movie|hilarious|humorous|mentor|off-beat comedy|quotable|saturday night live|very funny,0.21593063,3
113,1394,Raising Arizona (1987),1987,Comedy,absurd|affectionate|amazing cinematography|classic|coen bros|coen brothers|comedy|crime|cult classic|dark humor|funny|goofy|hilarious|imdb top 250|kidnapping|masterpiece|narrated|off-beat comedy|original|parenthood|prison escape|quirky|quotable|storytelling|surreal|weird|witty,0.21505456,3
325,1060,Swingers (1996),1996,Comedy|Drama,coming of age|cool|dialogue|drinking|friendship|great dialogue|great movie|independent film|los angeles|mentor|original|quotable|relationships|unlikely friendships,0.210493,3
185,1213,GoodFellas (1990),1990,Crime|Drama,adapted from:book|amazing cinematography|anti-hero|based on a book|based on book|based on true story|bloody|brutal|brutality|classic|crime|crime gone awry|dark humor|dialogue|drama|excellent script|fast paced|foul language|gangster|gangsters|good|good acting|good soundtrack|gratuitous violence|great acting|great dialogue|great ending|great movie|gritty|heist|highly quotable|hit men|imdb top 250|interesting|mafia|masterpiece|mentor|mob|narrated|organized crime|original|oscar (best actor)|oscar (best directing)|oscar (best picture)|oscar (best supporting actor)|powerful ending|quotable|rags to riches|storytelling|stylish|stylized|violence|violent|visceral,0.20406345,3
951,1285,Heathers (1989),1989,Comedy,80s|adolescence|black comedy|cheerleading|cult|cult classic|cult film|cynical|dark|dark comedy|dark humor|geeks|good soundtrack|high school|original|quotable|satire|satirical|suicide|teen|teen movie|teenager|teenagers|teens,0.1932808,3
817,1222,Full Metal Jacket (1987),1987,Action|Drama|War,anti-war|based on a book|best war films|brutal|brutality|camp|dark humor|dialogue|drama|dramatic|excellent script|good soundtrack|great acting|imdb top 250|innocence lost|insanity|intense|kubrick|masterpiece|military|moral ambiguity|narrated|original|oscar (best directing)|psychological|realistic|vietnam|vietnam war|violence|violent|visceral|war|war movie|wartime,0.19190224,3
163,296,Pulp Fiction (1994),1994,Crime|Drama,bloody|brutality|coen bros|cool|crime|crime gone awry|cult classic|cult film|dark humor|dialogue|dialogue driven|drugs|ensemble cast|entirely dialogue|excellent script|foul language|gangster|gangsters|golden palm|good acting|good dialogue|good soundtrack|gratuitous violence|great acting|great dialogue|great ending|great movie|great music|guns|highly quotable|hit men|imdb top 250|interesting|masterpiece|mob|multiple storylines|non-linear|nonlinear|organized crime|original|oscar (best supporting actor)|oscar (best writing - screenplay written directly for the screen)|pulp|quotable|sexualized violence|storytelling|stylish|stylized|suprisingly clever|talky|tarantino|twist|twists & turns|violence|violent|visceral|weird,0.19117387,3
202,1732,"Big Lebowski, The (1998)",1998,Comedy|Crime|Mystery|Thriller,bowling|coen bros|coen brothers|comedy|complex|cult classic|cult film|dark humor|dialogue|drinking|funniest movies|good soundtrack|great dialogue|highly quotable|hilarious|humor|imdb top 250|masterpiece|mistaken identity|off-beat comedy|original|oscar (best supporting actor)|quirky|quotable|storytelling|suprisingly clever|talky|twists & turns|visually appealing|weird,0.19052954,3
37,1028,Mary Poppins (1964),1964,Children's|Comedy|Musical,adapted from:book|animation|childhood|children|classic|disney|family|musical|oscar (best actress)|sweet,0.20860098,4
383,2080,Lady and the Tramp (1955),1955,Animation|Children's|Comedy|Musical|Romance,animals|animated|animation|based on book|cartoon|children|classic|cute|disney|disney animated feature|dog|dogs|fairy tale|family|kids and family|love story|romantic|sweet|talking animals,0.20845903,4
138,2081,"Little Mermaid, The (1989)",1989,Animation|Children's|Comedy|Musical|Romance,animated|animation|cartoon|children|disney|disney animated feature|fairy tale|family|girlie movie|happy ending|kids|kids and family|love|love story|oscar (best music - original song)|sweet|talking animals|witch,0.20830026,4
16,1270,Back to the Future (1985),1985,Comedy|Sci-Fi,1950s|1980s|80s|adventure|alternate reality|alternate universe|awesome soundtrack|bullying|childhood|classic|comedy|destiny|excellent script|fantasy|fun|fun movie|future|futuristic|good|great|great ending|great movie|imdb top 250|kids|mentor|nostalgic|original|quotable|saturn award (best special effects)|sci fi|sci-fi|science fiction|scifi|special effects|story|teen|time|time loop|time travel|trilogy,0.19891898,4
29,1022,Cinderella (1950),1950,Animation|Children's|Musical,animals|animated|animation|cartoon|classic|disney|disney animated feature|fairy tale|fairy tales|family|kids and family|rags to riches|romantic|simple|story|sweet,0.19310552,4
125,1197,"Princess Bride, The (1987)",1987,Action|Adventure|Comedy|Romance,action|adapted from:book|adventure|affectionate|based on a book|based on book|classic|comedy|cult classic|fairy tale|fairy tales|fantasy|feel-good|good versus evil|great movie|happy ending|highly quotable|humorous|imdb top 250|love|love story|medieval|modern fantasy|original|quotable|romance|romantic|story|storytelling|swashbuckler|sweet|sword fight|sword fighting|whimsical|witty,0.1909447,4
25,588,Aladdin (1992),1992,Animation|Children's|Comedy|Musical,adventure|animated|animation|cartoon|childhood|children|classic|computer animation|disney|disney animated feature|fairy tale|fun|good|good versus evil|great|kids|kids and family|rags to riches,0.187975,4
405,2096,Sleeping Beauty (1959),1959,Animation|Children's|Musical,70mm|animals|animated|animation|cartoon|classic|disney|disney animated feature|fairy tale|fairy tales|good|good versus evil|magic|modern fantasy|romantic|sweet|talking animals|witch|witches,0.1834598,4
387,2087,Peter Pan (1953),1953,Animation|Children's|Fantasy|Musical,adapted from:book|adventure|animated|animation|cartoon|childhood|children|classic|disney|disney animated feature|fairy tale|family|fun|indians|kids and family|peter pan|pirates,0.18329725,4
376,2078,"Jungle Book, The (1967)",1967,Animation|Children's|Comedy|Musical,adapted from:book|animals|animated|animation|cartoon|classic|disney|disney animated feature|jungle|kids and family|musical|original|snakes|talking animals,0.17788886,4
670,968,Night of the Living Dead (1968),1968,Horror|Sci-Fi,afi 100 (movie quotes)|black and white|classic|claustrophobic|creepy|cult classic|downbeat|gory|grindhouse|gruesome|horror|low budget|masterpiece|ominous|original|splatter|visceral|zombie|zombies,0.21589705,5
666,2288,"Thing, The (1982)",1982,Action|Horror|Sci-Fi|Thriller,alien|aliens|antarctica|classic|claustrophobic|creepy|cult classic|effects|gore|gory|horror|imdb top 250|isolation|masterpiece|monster|original|paranoia|sci fi|sci-fi|science fiction|scifi|special effects|splatter|suspense|suspenseful|tense|visceral|weird,0.21390682,5
140,1214,Alien (1979),1979,Action|Horror|Sci-Fi|Thriller,alien|alien invasion|aliens|androids|atmospheric|classic|claustrophobic|creepy|dark|dialogue|franchise|frightening|futuristic|great acting|horror|imdb top 250|intense|masterpiece|monster|ominous|original|oscar (best effects - visual effects)|scary|sci fi|sci-fi|science fiction|scifi|space|space travel|special effects|story|storytelling|suspense|suspenseful|tense|visceral|visual|visually appealing,0.20932993,5
502,1215,Army of Darkness (1993),1993,Action|Adventure|Comedy|Horror|Sci-Fi,adventure|comedy|cult classic|cult film|dark fantasy|dark humor|demons|fun movie|goofy|gory|great ending|horror|humorous|medieval|original|quotable|silly fun|splatter|zombie,0.20768669,5
682,1301,Forbidden Planet (1956),1956,Sci-Fi,1950s|alien|aliens|astronauts|cerebral|classic|cult classic|effects|first contact|future|futuristic|imdb top 250|intelligent sci-fi|mad scientist|original|robot|robots|sci fi|sci-fi|science fiction|scifi|space|space opera|space travel|special effects|technology|visual|visually appealing,0.20545413,5
677,610,Heavy Metal (1981),1981,Action|Adventure|Animation|Horror|Sci-Fi,adapted from:comic|animated|animation|awesome soundtrack|cartoon|cult classic|dark fantasy|futuristic|sci-fi|storytelling|surreal|violence|visual,0.19967626,5
389,2662,"War of the Worlds, The (1953)",1953,Action|Sci-Fi|War,adapted from:book|alien|alien invasion|aliens|classic|effects|end of the world|first contact|futuristic|mars|original|sci fi|sci-fi|science fiction|scifi|space|space travel|special effects|technology|visual|weapons,0.19622082,5
643,2664,Invasion of the Body Snatchers (1956),1956,Horror|Sci-Fi,1950s|alien|alien invasion|aliens|allegory|black and white|brainwashing|cerebral|classic|creepy|frightening|horror|masterpiece|ominous|original|paranoia|paranoid|scary|sci fi|sci-fi|science fiction|scifi|suspense|suspenseful|tense,0.19274633,5
680,2455,"Fly, The (1986)",1986,Horror|Sci-Fi,creepy|cult classic|effects|genetics|gory|gruesome|horror|mad scientist|original|sci fi|sci-fi|science fiction|scifi|special effects|splatter|teleportation|visceral,0.1825448,5
417,1374,Star Trek: The Wrath of Khan (1982),1982,Action|Adventure|Sci-Fi,action|adventure|aliens|first contact|franchise|futuristic|midlife crisis|original|revenge|sacrifice|sci fi|sci-fi|science fiction|scifi|sequel|series|space|space opera|special effects|star trek|vengeance,0.178711,5
586,2706,American Pie (1999),1999,Comedy,adolescence|comedy|coming of age|coming-of-age|dumb|funniest movies|funny|geeks|goofy|gross-out|high school|hilarious|humor|humorous|male nudity|nudity (topless - notable)|pg-13|pornography|sex|sex comedy|sexual|sexuality|stereotypes|stupid as hell|teen|teen movie|teenager|teenagers|teens|very funny|virginity,0.18887499,6
599,2694,Big Daddy (1999),1999,Comedy,comedy|funniest movies|funny|goofy|hilarious|single father,0.18670851,6
553,2683,Austin Powers: The Spy Who Shagged Me (1999),1999,Comedy,comedy|crude humor|dumb but funny|funniest movies|funny|funny as hell|good sequel|goofy|hilarious|humor|humorous|original|parody|saturday night live|sequel|sequels|silly|silly fun|spies|spoof|spy|spying|stupid as hell|very funny,0.18552831,6
884,2541,Cruel Intentions (1999),1999,Drama,awesome soundtrack|good soundtrack|high school|manipulation|sexy|teen|teen movie|teenager|teenagers|teens|virginity,0.17998834,6
53,3578,Gladiator (2000),2000,Action|Drama,action|amazing cinematography|betrayal|big budget|breathtaking|cinematography|courage|destiny|dialogue|drama|dramatic|epic|excellent script|fight scenes|forceful|freedom|good|good acting|good action|great|great acting|great ending|great movie|historical|history|imdb top 250|intense|mentor|oscar|oscar (best actor)|oscar (best cinematography)|oscar (best directing)|oscar (best effects - visual effects)|oscar (best picture)|oscar (best supporting actor)|oscar winner|redemption|revenge|rome|slavery|special effects|story|storytelling|stylized|sword fight|us history|vengeance|very good|violence|violent|visceral|visual|visually stunning|war,0.1771295,6
1,3408,Erin Brockovich (2000),2000,Drama,based on a true story|based on true story|courtroom|drama|dramatic|feel good movie|feel-good|fighting the system|girlie movie|good|great acting|lawyer|lawyers|mentor|oscar|oscar (best actress)|oscar (best directing)|true story,0.17444253,6
621,2572,10 Things I Hate About You (1999),1999,Comedy|Romance,awesome soundtrack|bdsm|chick flick|comedy|coming of age|fun|fun movie|geeks|girlie movie|good soundtrack|high school|pg-13|romance|romantic|romantic comedy|shakespeare|teen|teen movie|teenager|teenagers|teens,0.1732618,6
238,3753,"Patriot, The (2000)",2000,Action|Drama|War,action|best war films|big budget|civil war|courage|drama|dramatic|epic|factual|freedom|good|historical|history|revenge|revolution|slavery|us history|vengeance|war,0.1673264,6
313,3793,X-Men (2000),2000,Action|Sci-Fi,action|adapted from:comic|alter ego|based on a comic|based on comic|big budget|comic book|comic book adaption|comics|cool|dynamic cgi action|fight scenes|fighting|franchise|future|good|good action|great|marvel|mentor|mutants|pg-13|sci-fi|scifi|sequels|special effects|super hero|super-hero|superhero|superheroes,0.1667173,6
583,3081,Sleepy Hollow (1999),1999,Horror|Romance,atmospheric|blood|cinematography|creepy|dark|dark fantasy|depp & burton|eerie|fairy tale|fairy tales|fantasy|ghosts|gory|goth|gothic|great|great movie|horror|macabre|mystery|original|scary|small town|story|storytelling|stylish|stylized|supernatural|surreal|suspense|visual|visually appealing|visually stunning|weird,0.16267626,6
586,2706,American Pie (1999),1999,Comedy,adolescence|comedy|coming of age|coming-of-age|dumb|funniest movies|funny|geeks|goofy|gross-out|high school|hilarious|humor|humorous|male nudity|nudity (topless - notable)|pg-13|pornography|sex|sex comedy|sexual|sexuality|stereotypes|stupid as hell|teen|teen movie|teenager|teenagers|teens|very funny|virginity,0.19054127,7
599,2694,Big Daddy (1999),1999,Comedy,comedy|funniest movies|funny|goofy|hilarious|single father,0.18646489,7
553,2683,Austin Powers: The Spy Who Shagged Me (1999),1999,Comedy,comedy|crude humor|dumb but funny|funniest movies|funny|funny as hell|good sequel|goofy|hilarious|humor|humorous|original|parody|saturday night live|sequel|sequels|silly|silly fun|spies|spoof|spy|spying|stupid as hell|very funny,0.1855897,7
884,2541,Cruel Intentions (1999),1999,Drama,awesome soundtrack|good soundtrack|high school|manipulation|sexy|teen|teen movie|teenager|teenagers|teens|virginity,0.17995611,7
53,3578,Gladiator (2000),2000,Action|Drama,action|amazing cinematography|betrayal|big budget|breathtaking|cinematography|courage|destiny|dialogue|drama|dramatic|epic|excellent script|fight scenes|forceful|freedom|good|good acting|good action|great|great acting|great ending|great movie|historical|history|imdb top 250|intense|mentor|oscar|oscar (best actor)|oscar (best cinematography)|oscar (best directing)|oscar (best effects - visual effects)|oscar (best picture)|oscar (best supporting actor)|oscar winner|redemption|revenge|rome|slavery|special effects|story|storytelling|stylized|sword fight|us history|vengeance|very good|violence|violent|visceral|visual|visually stunning|war,0.17696127,7
1,3408,Erin Brockovich (2000),2000,Drama,based on a true story|based on true story|courtroom|drama|dramatic|feel good movie|feel-good|fighting the system|girlie movie|good|great acting|lawyer|lawyers|mentor|oscar|oscar (best actress)|oscar (best directing)|true story,0.17550197,7
621,2572,10 Things I Hate About You (1999),1999,Comedy|Romance,awesome soundtrack|bdsm|chick flick|comedy|coming of age|fun|fun movie|geeks|girlie movie|good soundtrack|high school|pg-13|romance|romantic|romantic comedy|shakespeare|teen|teen movie|teenager|teenagers|teens,0.17328225,7
313,3793,X-Men (2000),2000,Action|Sci-Fi,action|adapted from:comic|alter ego|based on a comic|based on comic|big budget|comic book|comic book adaption|comics|cool|dynamic cgi action|fight scenes|fighting|franchise|future|good|good action|great|marvel|mentor|mutants|pg-13|sci-fi|scifi|sequels|special effects|super hero|super-hero|superhero|superheroes,0.16683164,7
238,3753,"Patriot, The (2000)",2000,Action|Drama|War,action|best war films|big budget|civil war|courage|drama|dramatic|epic|factual|freedom|good|historical|history|revenge|revolution|slavery|us history|vengeance|war,0.1662297,7
583,3081,Sleepy Hollow (1999),1999,Horror|Romance,atmospheric|blood|cinematography|creepy|dark|dark fantasy|depp & burton|eerie|fairy tale|fairy tales|fantasy|ghosts|gory|goth|gothic|great|great movie|horror|macabre|mystery|original|scary|small town|story|storytelling|stylish|stylized|supernatural|surreal|suspense|visual|visually appealing|visually stunning|weird,0.16282113,7
206,2395,Rushmore (1998),1998,Comedy,affectionate|bittersweet|coming of age|criterion|deadpan|eccentricity|loneliness|love triangles|off-beat comedy|original|quirky|sarcasm|unlikely friendships|weird,0.2310677,8
186,2599,Election (1999),1999,Comedy,black comedy|cynical|dark comedy|dark humor|high school|honest|loneliness|manipulation|midlife crisis|original|sarcasm|satire|satirical|teacher|teen|teen movie|witty,0.21301322,8
161,2997,Being John Malkovich (1999),1999,Comedy,absurd|cerebral|clever|coen bros|complex|complicated|cult classic|cult film|dark humor|enigmatic|excellent script|existentialism|great acting|imagination|imdb top 250|insanity|intellectual|interesting|metaphysics|mindfuck|modern fantasy|obsession|off-beat comedy|original|oscar (best supporting actor)|philosophical|puppets|quirky|storytelling|strange|surreal|surrealism|talky|thought-provoking|twists & turns|unique|very interesting|weird,0.20550786,8
212,562,Welcome to the Dollhouse (1995),1995,Comedy|Drama,adolescence|bleak|bullying|childhood|depressing|independent film|indie|loneliness|weird,0.19716969,8
73,2858,American Beauty (1999),1999,Comedy|Drama,beautiful|beautifully filmed|bittersweet|cinematography|complex|cynical|dark humor|depression|drama|excellent script|good acting|good soundtrack|great acting|great ending|imdb top 250|interesting|life|loneliness|masterpiece|melancholic|midlife crisis|narrated|obsession|original|oscar|oscar (best actor)|oscar (best actress)|oscar (best directing)|oscar (best picture)|oscar (best supporting actor)|parenthood|powerful ending|reflective|relationships|sexuality|social commentary|storytelling|suburbia|thought-provoking|visually appealing|visually stunning,0.19431245,8
318,223,Clerks (1994),1994,Comedy,clever|comedy|cult classic|cult film|dialogue|dialogue driven|excellent script|foul language|funny|good dialogue|good soundtrack|great dialogue|great movie|hilarious|imdb top 250|independent film|jay and silent bob|low budget|new jersey|original|quotable|slackers|talky|view askew|witty|workplace,0.1850813,8
336,778,Trainspotting (1996),1996,Drama,adapted from:book|addiction|based on a book|based on book|british|cult classic|cult film|dark humor|drinking|drug abuse|drug addiction|drugs|good soundtrack|great acting|great dialogue|great soundtrack|heroin|highly quotable|imdb top 250|independent film|interesting|masterpiece|mentor|narrated|original|scotland|social commentary|storytelling|stylish|suprisingly clever|surreal|violence|violent|visceral,0.1826618,8
325,1060,Swingers (1996),1996,Comedy|Drama,coming of age|cool|dialogue|drinking|friendship|great dialogue|great movie|independent film|los angeles|mentor|original|quotable|relationships|unlikely friendships,0.18167287,8
951,1285,Heathers (1989),1989,Comedy,80s|adolescence|black comedy|cheerleading|cult|cult classic|cult film|cynical|dark|dark comedy|dark humor|geeks|good soundtrack|high school|original|quotable|satire|satirical|suicide|teen|teen movie|teenager|teenagers|teens,0.17118189,8
790,2064,Roger & Me (1989),1989,Comedy|Documentary,brainwashing|business|capitalism|corporate america|documentary|greed|interesting|manipulation|original|political|politics|propaganda,0.16707659,8
88,2571,"Matrix, The (1999)",1999,Action|Sci-Fi|Thriller,action|action packed|alternate reality|alternate universe|artificial intelligence|awesome soundtrack|big budget|carrie-anne moss|cerebral|complex|complicated|computers|confusing|cool|cult classic|cyberpunk|dark hero|dialogue|distopia|dynamic cgi action|dystopia|dystopic future|effects|excellent script|existentialism|fast paced|fight scenes|fighting|fighting the system|future|futuristic|good acting|good action|great|great acting|great ending|great movie|gunfight|hacking|imdb top 250|intense|interesting|kung fu|man versus machine|martial arts|mentor|mythology|original|original plot|oscar (best editing)|philosophical|philosophy|post-apocalyptic|sci fi|sci-fi|science fiction|scifi|special effects|story|storytelling|stylized|technology|thought-provoking|violence|virtual reality|visceral|visual|visually appealing|visually stunning,0.351448,9
36,260,Star Wars: Episode IV - A New Hope (1977),1977,Action|Adventure|Fantasy|Sci-Fi,action|adventure|aliens|androids|awesome soundtrack|classic|desert|destiny|dialogue|epic|fantasy|fantasy world|franchise|futuristic|good|good versus evil|great ending|great movie|high fantasy|highly quotable|imagination|imdb top 250|masterpiece|mentor|mythology|original|original plot|oscar (best effects - visual effects)|oscar (best supporting actor)|quotable|robots|saturn award (best special effects)|sci fi|sci-fi|science fiction|scifi|series|space|space opera|space travel|special effects|star wars|story|storytelling|sword fight|technology|trilogy|visual|visually appealing|war|wizards,0.3135007,9
52,1210,Star Wars: Episode VI - Return of the Jedi (1983),1983,Action|Adventure|Romance|Sci-Fi|War,action|adventure|aliens|awesome soundtrack|chase|death|desert|destiny|dialogue|epic|fantasy|franchise|good|good versus evil|great ending|great movie|highly quotable|imdb top 250|intense|mentor|mythology|original|original plot|oscar (best effects - visual effects)|powerful ending|rebellion|redemption|robots|saturn award (best special effects)|sci fi|sci-fi|science fiction|scifi|series|space|space opera|special effects|star wars|story|sword fight|trilogy|war,0.2652598,9
313,3793,X-Men (2000),2000,Action|Sci-Fi,action|adapted from:comic|alter ego|based on a comic|based on comic|big budget|comic book|comic book adaption|comics|cool|dynamic cgi action|fight scenes|fighting|franchise|future|good|good action|great|marvel|mentor|mutants|pg-13|sci-fi|scifi|sequels|special effects|super hero|super-hero|superhero|superheroes,0.2637301,9
40,2028,Saving Private Ryan (1998),1998,Action|Drama|War,action|amazing cinematography|best war films|brutality|courage|drama|dramatic|excellent script|good|good acting|great acting|great ending|great movie|historical|history|imdb top 250|intense|oscar (best cinematography)|oscar (best directing)|oscar (best picture)|powerful ending|realistic|sacrifice|sentimental|spielberg|us history|violence|violent|visceral|war|war movie|wartime|world war ii|wwii,0.26137683,9
84,1196,Star Wars: Episode V - The Empire Strikes Back (1980),1980,Action|Adventure|Drama|Sci-Fi|War,action|adventure|aliens|awesome soundtrack|chase|classic|dark|destiny|dialogue|epic|excellent script|fantasy|forceful|franchise|good|good versus evil|great|great ending|great movie|highly quotable|imdb top 250|intense|mentor|modern fantasy|mythology|original|original plot|oscar (best effects - visual effects)|oscar (best sound)|quotable|robots|saturn award (best special effects)|sci fi|sci-fi|science fiction|scifi|sequel|series|space|space opera|space travel|special effects|star wars|story|storytelling|sword fight|trilogy|war,0.26114604,9
69,589,Terminator 2: Judgment Day (1991),1991,Action|Sci-Fi|Thriller,action|action packed|androids|apocalypse|arnold|awesome soundtrack|big budget|chase|cyborgs|dialogue|dynamic cgi action|dystopic future|effects|end of the world|fighting|future|futuristic|good action|good sequel|imdb top 250|man versus machine|mother-son relationship|motorcycle|original|original plot|oscar (best effects - visual effects)|quotable|robot|robots|saturn award (best special effects)|sci fi|sci-fi|science fiction|scifi|special effects|story|suspense|technology|tense|time travel|violence|violent|visceral|visual,0.26098004,9
53,3578,Gladiator (2000),2000,Action|Drama,action|amazing cinematography|betrayal|big budget|breathtaking|cinematography|courage|destiny|dialogue|drama|dramatic|epic|excellent script|fight scenes|forceful|freedom|good|good acting|good action|great|great acting|great ending|great movie|historical|history|imdb top 250|intense|mentor|oscar|oscar (best actor)|oscar (best cinematography)|oscar (best directing)|oscar (best effects - visual effects)|oscar (best picture)|oscar (best supporting actor)|oscar winner|redemption|revenge|rome|slavery|special effects|story|storytelling|stylized|sword fight|us history|vengeance|very good|violence|violent|visceral|visual|visually stunning|war,0.26078093,9
167,50,"Usual Suspects, The (1995)",1995,Crime|Thriller,caper|classic|clever|complex|complicated|complicated plot|con men|conspiracy|crime|enigmatic|ensemble cast|excellent|excellent script|fast paced|good|good acting|good soundtrack|great|great acting|great dialogue|great ending|great movie|heist|imdb top 250|interesting|manipulation|masterpiece|mindfuck|mystery|narrated|neo-noir|noir thriller|organized crime|original|oscar (best actor)|oscar (best directing)|oscar (best supporting actor)|oscar (best writing - screenplay written directly for the screen)|oscar winner|plot|plot twist|police investigation|powerful ending|story|storytelling|stylish|suprisingly clever|surprise ending|suspense|suspenseful|thriller|tricky|twist|twist ending|twists & turns|very good|violence,0.2515028,9
42,3114,Toy Story 2 (1999),1999,Animation|Children's|Comedy,animated|animation|cartoon|children|clever|computer animation|disney|family|friendship|fun|fun movie|good|good sequel|great|great movie|imdb top 250|kids|kids and family|light|original|pixar|pixar animation|sequel|sequels|story|toys|unlikely friendships,0.24101919,9
1,3408,Erin Brockovich (2000),2000,Drama,based on a true story|based on true story|courtroom|drama|dramatic|feel good movie|feel-good|fighting the system|girlie movie|good|great acting|lawyer|lawyers|mentor|oscar|oscar (best actress)|oscar (best directing)|true story,0.20645794,10
215,2908,Boys Don't Cry (1999),1999,Drama,based on a true story|based on true story|brutality|cross dressing|disturbing|drama|dramatic|great acting|homophobia|loneliness|male nudity|obsession|original|oscar|oscar (best actress)|oscar (best directing)|oscar (best supporting actress)|pornography|queer|rape|sexual|sexualized violence|small town|tragedy|transgender|true story,0.19924136,10
610,3176,"Talented Mr. Ripley, The (1999)",1999,Drama|Mystery|Thriller,adapted from:book|character study|complex|great acting|obsession|original|psychological|psychology|secrets|serial killer|suspense|twists & turns|very interesting,0.1991752,10
587,2707,Arlington Road (1999),1999,Thriller,alternate endings|bad ending|conspiracy|conspiracy theory|good|great acting|great ending|intense|interesting|paranoia|plot twist|police investigation|powerful ending|psychological|psychology|secrets|single father|surprise ending|suspense|suspenseful|tense|terrorism|thriller|twist|twist ending|twists & turns,0.1898601,10
668,454,"Firm, The (1993)",1993,Drama|Thriller,adapted from:book|based on a book|book was better|chase|conspiracy|good|lawyer|lawyers|mentor|secrets|surveillance|suspense|suspenseful|tense|thriller|tom clancy|twists & turns,0.17888989,10
613,628,Primal Fear (1996),1996,Drama|Thriller,court|courtroom|courtroom drama|crime|drama|excellent script|good|great acting|great ending|intense|investigation|justice|lawyer|lawyers|manipulation|mentor|murder|murder mystery|plot twist|police investigation|political corruption|psychological|secrets|surprise ending|suspense|thriller|twist|twist ending|twists & turns,0.17090102,10
631,3006,"Insider, The (1999)",1999,Drama,based on a true story|based on true story|business|cinematography|complex|conspiracy|corporate america|corruption|drama|dramatic|excellent script|exceptional acting|good acting|great acting|great movie|greed|imdb top 250|intense|interesting|journalism|mentor|original|oscar|oscar (best actress)|oscar (best directing)|secrets|story|storytelling|suspense|tense|true story,0.167033,10
443,2336,Elizabeth (1998),1998,Drama,betrayal|biographical|biography|biopic|british|cinematography|costume drama|drama|dramatic|england|factual|historical|history|mozart|original|oscar|oscar (best actress)|oscar (best directing)|period piece|us history,0.16639604,10
73,2858,American Beauty (1999),1999,Comedy|Drama,beautiful|beautifully filmed|bittersweet|cinematography|complex|cynical|dark humor|depression|drama|excellent script|good acting|good soundtrack|great acting|great ending|imdb top 250|interesting|life|loneliness|masterpiece|melancholic|midlife crisis|narrated|obsession|original|oscar|oscar (best actor)|oscar (best actress)|oscar (best directing)|oscar (best picture)|oscar (best supporting actor)|parenthood|powerful ending|reflective|relationships|sexuality|social commentary|storytelling|suburbia|thought-provoking|visually appealing|visually stunning,0.16533986,10
282,1704,Good Will Hunting (1997),1997,Drama,boston|complex|dialogue driven|drama|dramatic|earnest|excellent|excellent script|exceptional acting|feel-good|foul language|friendship|genius|good|good acting|good soundtrack|great acting|great ending|great movie|heartwarming|imdb top 250|inspirational|intellectual|interesting|math|mathematics|mentor|original|oscar|oscar (best actor)|oscar (best actress)|oscar (best directing)|oscar (best picture)|oscar (best supporting actor)|oscar (best supporting actress)|oscar (best writing - screenplay written directly for the screen)|oscar winner|philosophy|psychiatry|psychology|rags to riches|relationships|touching|unlikely friendships,0.16508023,10
10,2918,Ferris Bueller's Day Off (1986),1986,Comedy,1980s|80s|adolescence|childhood|classic|comedy|coming of age|cool|cult classic|excellent script|fun|fun movie|good soundtrack|high school|imdb top 250|mentor|original|pg-13|quotable|rebellion|school|teen|teen movie|teenager|teens,0.23518285,11
337,1307,When Harry Met Sally... (1989),1989,Comedy|Romance,chick flick|classic|cute|destiny|dialogue|excellent script|feel-good|friendship|girlie movie|good romantic comedies|happy ending|love story|new york|oscar (best writing - screenplay written directly for the screen)|quotable|relationships|romance|romantic|romantic comedy|sweet|unlikely friendships|women,0.21175896,11
136,1968,"Breakfast Club, The (1985)",1985,Comedy|Drama,1980s|80s|adolescence|bullying|coming of age|coming-of-age|cult classic|drama|excellent script|geek|geeks|good soundtrack|high school|original|rebellion|school|social commentary|stereotypes|teen|teen movie|teenager|teenagers|teens,0.19997947,11
332,3253,Wayne's World (1992),1992,Comedy,comedy|dumb but funny|funniest movies|funny|goofy|hilarious|original|parody|quotable|rock and roll|saturday night live|teen|very funny,0.18976238,11
324,1923,There's Something About Mary (1998),1998,Comedy,comedy|crude humor|dumb|funniest movies|funny|funny as hell|goofy|hilarious|humor|humorous|off-beat comedy|stupidity|very funny,0.18889512,11
321,1777,"Wedding Singer, The (1998)",1998,Comedy|Romance,1980s|80s|awesome soundtrack|chick flick|comedy|cute!|destiny|feel good movie|feel-good|funny|girlie movie|good romantic comedies|great|great movie|happy ending|love story|nostalgic|romance|romantic|romantic comedy|sweet|very funny,0.18192242,11
858,2144,Sixteen Candles (1984),1984,Comedy,1980s|80s|adolescence|chick flick|classic|comedy|geek|geeks|good soundtrack|high school|nerds|nostalgic|pg-13|quotable|sweet|teen|teen movie|teenager|teenagers|teens,0.18135002,11
231,597,Pretty Woman (1990),1990,Comedy|Romance,chick flick|destiny|fairy tale|feel good movie|feel-good|girlie movie|good romantic comedies|happy ending|love story|prostitution|rags to riches|romance|romantic|romantic comedy|shopping|sweet|women,0.17852376,11
794,3526,Parenthood (1989),1989,Comedy|Drama,childhood|children|comedy|drama|dysfunctional family|family|family drama|parenthood|touching,0.17666537,11
114,104,Happy Gilmore (1996),1996,Comedy,comedy|dumb|funniest movies|funny|golf|goofy|hilarious|mentor|saturday night live|sports|very funny,0.17570119,11
940,922,Sunset Blvd. (a.k.a. Sunset Boulevard) (1950),1950,Film-Noir,afi 100 (movie quotes)|amazing cinematography|black and white|classic|criterion|cynical|dark|dramatic|eerie|film noir|great acting|greed|hollywood|imdb top 250|insanity|interesting|loneliness|masterpiece|narrated|noir|obsession|original|oscar (best actress)|oscar (best directing)|oscar (best picture)|satirical|silent|talky,0.17180215,12
826,3435,Double Indemnity (1944),1944,Crime|Film-Noir,adapted from:book|adultery|atmospheric|black and white|bleak|cinematography|classic|complex|complicated|crime|crime gone awry|criterion|cynical|dark|dialogue|downbeat|enigmatic|film noir|great acting|great ending|greed|imdb top 250|interesting|investigation|manipulation|masterpiece|murder|murder mystery|mystery|narrated|neo-noir|noir|noir thriller|original|oscar (best actress)|oscar (best cinematography)|oscar (best directing)|police investigation|sexy|stylized|suspense|suspenseful|talky|tense|twists & turns,0.16840209,12
932,1252,Chinatown (1974),1974,Film-Noir|Mystery|Thriller,1930s|adultery|afi 100|afi 100 (movie quotes)|atmospheric|black and white|bleak|cinematography|classic|complex|complicated|corruption|crime|criterion|cynical|dark|detective|downbeat|enigmatic|excellent script|exceptional acting|film noir|good acting|great|great acting|great ending|great movie|greed|imdb top 250|interesting|investigation|los angeles|masterpiece|melancholic|murder|murder mystery|mystery|neo-noir|noir|noir thriller|original|oscar (best actress)|oscar (best directing)|perfect|plot twist|political corruption|powerful ending|private detective|quotable|secrets|social commentary|storytelling|stylish|suspense|twists & turns,0.16808021,12
941,2186,Strangers on a Train (1951),1951,Film-Noir|Thriller,black and white|classic|crime|criterion|great ending|hitchcock|imdb top 250|interesting|masterpiece|murder|obsession|original|oscar (best cinematography)|oscar (best directing)|police investigation|runaway|suspense|suspenseful|talky|tense|thriller|train,0.1677216,12
433,926,All About Eve (1950),1950,Drama,afi 100|afi 100 (movie quotes)|black and white|character study|classic|dramatic|excellent script|great acting|great dialogue|imdb top 250|manipulation|masterpiece|obsession|oscar|oscar (best actress)|oscar (best directing)|oscar (best picture)|oscar (best supporting actor)|oscar (best supporting actress)|oscar winner|quotable|talky|witty,0.16495399,12
199,913,"Maltese Falcon, The (1941)",1941,Film-Noir|Mystery,adapted from:book|afi 100 (movie quotes)|atmospheric|black and white|classic|criterion|cynical|detective|dialogue|film noir|great acting|great dialogue|great ending|greed|highly quotable|imdb top 250|literary adaptation|masterpiece|murder|mystery|neo-noir|noir|noir thriller|original|oscar (best directing)|private detective|quotable|san francisco|talky|twists & turns,0.16472341,12
640,1284,"Big Sleep, The (1946)",1946,Film-Noir|Mystery,adapted from:book|based on a book|black and white|classic|complex|complicated|complicated plot|criterion|detective|dialogue|enigmatic|film noir|highly quotable|imdb top 250|investigation|murder|murder mystery|mystery|neo-noir|noir|noir thriller|original|police investigation|pornography|private detective|sexy|talky|twists & turns,0.16169958,12
188,908,North by Northwest (1959),1959,Drama|Thriller,adventure|chase|classic|complicated|enigmatic|espionage|excellent script|great ending|hitchcock|imdb top 250|masterpiece|mistaken identity|murder|noir thriller|obsession|original|oscar (best directing)|paranoid|police investigation|secrets|spy|spying|suspense|suspenseful|tense|thriller|twists & turns|witty,0.16166325,12
524,1230,Annie Hall (1977),1977,Comedy|Romance,afi 100|bittersweet|character study|imdb top 250|intellectual|intimate|loneliness|love story|masterpiece|melancholic|new york|original|oscar (best actress)|oscar (best directing)|oscar (best picture)|oscar (best writing - screenplay written directly for the screen)|quotable|relationships|romantic|sarcasm|talky|witty,0.16047192,12
1431,1212,"Third Man, The (1949)",1949,Mystery|Thriller,afi 100|amazing cinematography|atmospheric|betrayal|black and white|bleak|cinematography|classic|criterion|downbeat|enigmatic|excellent script|film noir|golden palm|great acting|great cinematography|imdb top 250|masterpiece|melancholic|murder|mystery|noir|noir thriller|ominous|oscar (best cinematography)|oscar (best directing)|photography|storytelling|stylized|talky|vienna|visual,0.16009173,12
10,2918,Ferris Bueller's Day Off (1986),1986,Comedy,1980s|80s|adolescence|childhood|classic|comedy|coming of age|cool|cult classic|excellent script|fun|fun movie|good soundtrack|high school|imdb top 250|mentor|original|pg-13|quotable|rebellion|school|teen|teen movie|teenager|teens,0.23296745,13
337,1307,When Harry Met Sally... (1989),1989,Comedy|Romance,chick flick|classic|cute|destiny|dialogue|excellent script|feel-good|friendship|girlie movie|good romantic comedies|happy ending|love story|new york|oscar (best writing - screenplay written directly for the screen)|quotable|relationships|romance|romantic|romantic comedy|sweet|unlikely friendships|women,0.21278721,13
136,1968,"Breakfast Club, The (1985)",1985,Comedy|Drama,1980s|80s|adolescence|bullying|coming of age|coming-of-age|cult classic|drama|excellent script|geek|geeks|good soundtrack|high school|original|rebellion|school|social commentary|stereotypes|teen|teen movie|teenager|teenagers|teens,0.19726554,13
324,1923,There's Something About Mary (1998),1998,Comedy,comedy|crude humor|dumb|funniest movies|funny|funny as hell|goofy|hilarious|humor|humorous|off-beat comedy|stupidity|very funny,0.18996048,13
332,3253,Wayne's World (1992),1992,Comedy,comedy|dumb but funny|funniest movies|funny|goofy|hilarious|original|parody|quotable|rock and roll|saturday night live|teen|very funny,0.18881638,13
321,1777,"Wedding Singer, The (1998)",1998,Comedy|Romance,1980s|80s|awesome soundtrack|chick flick|comedy|cute!|destiny|feel good movie|feel-good|funny|girlie movie|good romantic comedies|great|great movie|happy ending|love story|nostalgic|romance|romantic|romantic comedy|sweet|very funny,0.18149535,13
858,2144,Sixteen Candles (1984),1984,Comedy,1980s|80s|adolescence|chick flick|classic|comedy|geek|geeks|good soundtrack|high school|nerds|nostalgic|pg-13|quotable|sweet|teen|teen movie|teenager|teenagers|teens,0.1811185,13
231,597,Pretty Woman (1990),1990,Comedy|Romance,chick flick|destiny|fairy tale|feel good movie|feel-good|girlie movie|good romantic comedies|happy ending|love story|prostitution|rags to riches|romance|romantic|romantic comedy|shopping|sweet|women,0.17879461,13
794,3526,Parenthood (1989),1989,Comedy|Drama,childhood|children|comedy|drama|dysfunctional family|family|family drama|parenthood|touching,0.17631216,13
114,104,Happy Gilmore (1996),1996,Comedy,comedy|dumb|funniest movies|funny|golf|goofy|hilarious|mentor|saturday night live|sports|very funny,0.17562957,13
940,922,Sunset Blvd. (a.k.a. Sunset Boulevard) (1950),1950,Film-Noir,afi 100 (movie quotes)|amazing cinematography|black and white|classic|criterion|cynical|dark|dramatic|eerie|film noir|great acting|greed|hollywood|imdb top 250|insanity|interesting|loneliness|masterpiece|narrated|noir|obsession|original|oscar (best actress)|oscar (best directing)|oscar (best picture)|satirical|silent|talky,0.17194065,14
826,3435,Double Indemnity (1944),1944,Crime|Film-Noir,adapted from:book|adultery|atmospheric|black and white|bleak|cinematography|classic|complex|complicated|crime|crime gone awry|criterion|cynical|dark|dialogue|downbeat|enigmatic|film noir|great acting|great ending|greed|imdb top 250|interesting|investigation|manipulation|masterpiece|murder|murder mystery|mystery|narrated|neo-noir|noir|noir thriller|original|oscar (best actress)|oscar (best cinematography)|oscar (best directing)|police investigation|sexy|stylized|suspense|suspenseful|talky|tense|twists & turns,0.16884688,14
932,1252,Chinatown (1974),1974,Film-Noir|Mystery|Thriller,1930s|adultery|afi 100|afi 100 (movie quotes)|atmospheric|black and white|bleak|cinematography|classic|complex|complicated|corruption|crime|criterion|cynical|dark|detective|downbeat|enigmatic|excellent script|exceptional acting|film noir|good acting|great|great acting|great ending|great movie|greed|imdb top 250|interesting|investigation|los angeles|masterpiece|melancholic|murder|murder mystery|mystery|neo-noir|noir|noir thriller|original|oscar (best actress)|oscar (best directing)|perfect|plot twist|political corruption|powerful ending|private detective|quotable|secrets|social commentary|storytelling|stylish|suspense|twists & turns,0.1676262,14
941,2186,Strangers on a Train (1951),1951,Film-Noir|Thriller,black and white|classic|crime|criterion|great ending|hitchcock|imdb top 250|interesting|masterpiece|murder|obsession|original|oscar (best cinematography)|oscar (best directing)|police investigation|runaway|suspense|suspenseful|talky|tense|thriller|train,0.16759172,14
199,913,"Maltese Falcon, The (1941)",1941,Film-Noir|Mystery,adapted from:book|afi 100 (movie quotes)|atmospheric|black and white|classic|criterion|cynical|detective|dialogue|film noir|great acting|great dialogue|great ending|greed|highly quotable|imdb top 250|literary adaptation|masterpiece|murder|mystery|neo-noir|noir|noir thriller|original|oscar (best directing)|private detective|quotable|san francisco|talky|twists & turns,0.1665598,14
433,926,All About Eve (1950),1950,Drama,afi 100|afi 100 (movie quotes)|black and white|character study|classic|dramatic|excellent script|great acting|great dialogue|imdb top 250|manipulation|masterpiece|obsession|oscar|oscar (best actress)|oscar (best directing)|oscar (best picture)|oscar (best supporting actor)|oscar (best supporting actress)|oscar winner|quotable|talky|witty,0.16500857,14
188,908,North by Northwest (1959),1959,Drama|Thriller,adventure|chase|classic|complicated|enigmatic|espionage|excellent script|great ending|hitchcock|imdb top 250|masterpiece|mistaken identity|murder|noir thriller|obsession|original|oscar (best directing)|paranoid|police investigation|secrets|spy|spying|suspense|suspenseful|tense|thriller|twists & turns|witty,0.16287771,14
640,1284,"Big Sleep, The (1946)",1946,Film-Noir|Mystery,adapted from:book|based on a book|black and white|classic|complex|complicated|complicated plot|criterion|detective|dialogue|enigmatic|film noir|highly quotable|imdb top 250|investigation|murder|murder mystery|mystery|neo-noir|noir|noir thriller|original|police investigation|pornography|private detective|sexy|talky|twists & turns,0.16223909,14
524,1230,Annie Hall (1977),1977,Comedy|Romance,afi 100|bittersweet|character study|imdb top 250|intellectual|intimate|loneliness|love story|masterpiece|melancholic|new york|original|oscar (best actress)|oscar (best directing)|oscar (best picture)|oscar (best writing - screenplay written directly for the screen)|quotable|relationships|romantic|sarcasm|talky|witty,0.16080695,14
1431,1212,"Third Man, The (1949)",1949,Mystery|Thriller,afi 100|amazing cinematography|atmospheric|betrayal|black and white|bleak|cinematography|classic|criterion|downbeat|enigmatic|excellent script|film noir|golden palm|great acting|great cinematography|imdb top 250|masterpiece|melancholic|murder|mystery|noir|noir thriller|ominous|oscar (best cinematography)|oscar (best directing)|photography|storytelling|stylized|talky|vienna|visual,0.1598586,14
670,968,Night of the Living Dead (1968),1968,Horror|Sci-Fi,afi 100 (movie quotes)|black and white|classic|claustrophobic|creepy|cult classic|downbeat|gory|grindhouse|gruesome|horror|low budget|masterpiece|ominous|original|splatter|visceral|zombie|zombies,0.2158648,15
666,2288,"Thing, The (1982)",1982,Action|Horror|Sci-Fi|Thriller,alien|aliens|antarctica|classic|claustrophobic|creepy|cult classic|effects|gore|gory|horror|imdb top 250|isolation|masterpiece|monster|original|paranoia|sci fi|sci-fi|science fiction|scifi|special effects|splatter|suspense|suspenseful|tense|visceral|weird,0.21396604,15
140,1214,Alien (1979),1979,Action|Horror|Sci-Fi|Thriller,alien|alien invasion|aliens|androids|atmospheric|classic|claustrophobic|creepy|dark|dialogue|franchise|frightening|futuristic|great acting|horror|imdb top 250|intense|masterpiece|monster|ominous|original|oscar (best effects - visual effects)|scary|sci fi|sci-fi|science fiction|scifi|space|space travel|special effects|story|storytelling|suspense|suspenseful|tense|visceral|visual|visually appealing,0.21305548,15
502,1215,Army of Darkness (1993),1993,Action|Adventure|Comedy|Horror|Sci-Fi,adventure|comedy|cult classic|cult film|dark fantasy|dark humor|demons|fun movie|goofy|gory|great ending|horror|humorous|medieval|original|quotable|silly fun|splatter|zombie,0.20650129,15
682,1301,Forbidden Planet (1956),1956,Sci-Fi,1950s|alien|aliens|astronauts|cerebral|classic|cult classic|effects|first contact|future|futuristic|imdb top 250|intelligent sci-fi|mad scientist|original|robot|robots|sci fi|sci-fi|science fiction|scifi|space|space opera|space travel|special effects|technology|visual|visually appealing,0.2055184,15
677,610,Heavy Metal (1981),1981,Action|Adventure|Animation|Horror|Sci-Fi,adapted from:comic|animated|animation|awesome soundtrack|cartoon|cult classic|dark fantasy|futuristic|sci-fi|storytelling|surreal|violence|visual,0.1996857,15
389,2662,"War of the Worlds, The (1953)",1953,Action|Sci-Fi|War,adapted from:book|alien|alien invasion|aliens|classic|effects|end of the world|first contact|futuristic|mars|original|sci fi|sci-fi|science fiction|scifi|space|space travel|special effects|technology|visual|weapons,0.19620714,15
643,2664,Invasion of the Body Snatchers (1956),1956,Horror|Sci-Fi,1950s|alien|alien invasion|aliens|allegory|black and white|brainwashing|cerebral|classic|creepy|frightening|horror|masterpiece|ominous|original|paranoia|paranoid|scary|sci fi|sci-fi|science fiction|scifi|suspense|suspenseful|tense,0.19252312,15
680,2455,"Fly, The (1986)",1986,Horror|Sci-Fi,creepy|cult classic|effects|genetics|gory|gruesome|horror|mad scientist|original|sci fi|sci-fi|science fiction|scifi|special effects|splatter|teleportation|visceral,0.1825647,15
344,1253,"Day the Earth Stood Still, The (1951)",1951,Drama|Sci-Fi,1950s|alien|alien invasion|aliens|allegory|black and white|cerebral|classic|first contact|futuristic|imdb top 250|intelligent sci-fi|mars|original|paranoia|paranoid|robot|sci fi|sci-fi|science fiction|scifi|space|space travel|special effects|storytelling|talky|technology|weapons,0.17730024,15
40,2028,Saving Private Ryan (1998),1998,Action|Drama|War,action|amazing cinematography|best war films|brutality|courage|drama|dramatic|excellent script|good|good acting|great acting|great ending|great movie|historical|history|imdb top 250|intense|oscar (best cinematography)|oscar (best directing)|oscar (best picture)|powerful ending|realistic|sacrifice|sentimental|spielberg|us history|violence|violent|visceral|war|war movie|wartime|world war ii|wwii,0.23425034,16
56,1610,"Hunt for Red October, The (1990)",1990,Action|Thriller,action|adapted from:book|based on a book|based on book|books|chase|claustrophobic|cold war|conspiracy|espionage|excellent|fast paced|good|good action|great acting|great ending|great movie|intense|political corruption|russian|secrets|spies|spy|spying|submarine|suspense|suspenseful|tense|thriller|tom clancy|weapons|world politics,0.2249059,16
99,457,"Fugitive, The (1993)",1993,Action|Thriller,action|based on a tv show|chase|conspiracy|crime|doctors|excellent script|exciting|fast paced|good|good acting|good action|great|great acting|great ending|great movie|intense|investigation|mentor|murder|oscar (best supporting actor)|oscar winner|police investigation|realistic action|series|suspense|suspenseful|tense|thriller|tom clancy|twists & turns,0.21548964,16
83,590,Dances with Wolves (1990),1990,Adventure|Drama|Western,amazing cinematography|based on book|beautiful scenery|breathtaking|cinematography|civil war|courage|culture clash|destiny|earnest|epic|great acting|historical|indians|long|love story|native americans|oscar|oscar (best cinematography)|oscar (best directing)|oscar (best picture)|oscar (best supporting actor)|us history,0.20648026,16
109,318,"Shawshank Redemption, The (1994)",1994,Drama,adapted from:book|based on book|compassionate|crime|drama|earnest|excellent script|francis ford copolla|freedom|friendship|good|good acting|great|great acting|great ending|great movie|happy ending|heartwarming|imdb top 250|inspirational|intense|interesting|justice|literature|masterpiece|mentor|narrated|original|oscar (best directing)|oscar (best picture)|oscar (best supporting actor)|powerful ending|prison|prison escape|redemption|sentimental|story|storytelling|surprise ending|touching|twists & turns|unlikely friendships,0.20581122,16
17,527,Schindler's List (1993),1993,Drama|War,afi 100|amazing photography|anti-semitism|based on a true story|based on book|based on true story|black and white|compassionate|courage|drama|dramatic|earnest|excellent script|genocide|good|good acting|great acting|great ending|heartbreaking|historical|history|holocaust|honest|imdb top 250|intense|interesting|jewish|jews|masterpiece|nazi|nazis|oscar|oscar (best actor)|oscar (best actress)|oscar (best cinematography)|oscar (best directing)|oscar (best editing)|oscar (best picture)|oscar winner|poignant|poland|powerful ending|sentimental|spielberg|touching|tragedy|true story|us history|war|world war ii|wwii,0.19767173,16
31,150,Apollo 13 (1995),1995,Drama,astronauts|based on a true story|based on true story|catastrophe|claustrophobic|courage|drama|dramatic|excellent script|factual|great acting|historical|history|mars|moon|nasa|nostalgic|oscar (best directing)|oscar winner|science|space|space opera|space program|space travel|stranded|suspense|tense|true story,0.19675069,16
50,2268,"Few Good Men, A (1992)",1992,Crime|Drama,based on a play|conspiracy|corruption|court|courtroom|courtroom drama|drama|dramatic|earnest|ensemble cast|excellent|excellent script|forceful|good|good acting|great acting|highly quotable|intense|investigation|justice|lawyer|lawyers|mentor|military|murder|police investigation|quotable|secrets|suspense|tense|tom clancy,0.19593944,16
263,3256,Patriot Games (1992),1992,Action|Thriller,action|action packed|adapted from:book|assassin|assassination|assassins|based on a book|based on book|chase|cia|conspiracy|espionage|fast paced|good|good action|intense|irish|irish accent|mentor|revenge|secret service|secrets|spies|spy|spying|surveillance|suspense|suspenseful|tense|terrorism|thriller|tom clancy|vengeance,0.19593722,16
66,110,Braveheart (1995),1995,Action|Drama|War,action|adventure|amazing cinematography|best war films|betrayal|big budget|bloody|breathtaking|cinematography|courage|drama|dramatic|earnest|england|epic|factual|fight scenes|forceful|freedom|good|great|great acting|great ending|great movie|historical|history|imdb top 250|inspirational|intense|long|love story|medieval|mentor|oscar|oscar (best cinematography)|oscar (best directing)|oscar (best picture)|oscar winner|passionate|powerful ending|rebellion|revenge|revolution|sacrifice|scotland|story|sword fight|us history|vengeance|violent|visceral|war,0.18817031,16
197,1089,Reservoir Dogs (1992),1992,Crime|Thriller,blood|bloody|brutal|brutality|caper|clever|complicated|cool|crime|crime gone awry|cult|cult classic|cult film|dark humor|dialogue|dialogue driven|drama|ensemble cast|excellent script|foul language|gangster|gangsters|golden palm|good acting|good dialogue|good soundtrack|gratuitous violence|great acting|great dialogue|great ending|great movie|great soundtrack|guns|heist|highly quotable|hit men|imdb top 250|independent film|interesting|masterpiece|mob|narrated|neo-noir|non-linear|nonlinear|organized crime|original|pulp|quotable|robbery|story|storytelling|stylish|stylized|suprisingly clever|suspense|talky|tarantino|tense|undercover cop|vengeance|violence|violent|visceral,0.2430312,17
870,3210,Fast Times at Ridgemont High (1982),1982,Comedy,1980s|80s|adolescence|cheerleading|classic|comedy|cult classic|geeks|good soundtrack|great soundtrack|high school|original|pornography|quotable|rock and roll|stoner movie|teen|teen movie|teenager|teenagers|teens|virginity,0.23160261,17
113,1394,Raising Arizona (1987),1987,Comedy,absurd|affectionate|amazing cinematography|classic|coen bros|coen brothers|comedy|crime|cult classic|dark humor|funny|goofy|hilarious|imdb top 250|kidnapping|masterpiece|narrated|off-beat comedy|original|parenthood|prison escape|quirky|quotable|storytelling|surreal|weird|witty,0.21626428,17
128,3552,Caddyshack (1980),1980,Comedy,chase|classic|comedy|dumb but funny|funniest movies|funny|golf|goofy|great movie|hilarious|humorous|mentor|off-beat comedy|quotable|saturday night live|very funny,0.21610685,17
325,1060,Swingers (1996),1996,Comedy|Drama,coming of age|cool|dialogue|drinking|friendship|great dialogue|great movie|independent film|los angeles|mentor|original|quotable|relationships|unlikely friendships,0.21035023,17
185,1213,GoodFellas (1990),1990,Crime|Drama,adapted from:book|amazing cinematography|anti-hero|based on a book|based on book|based on true story|bloody|brutal|brutality|classic|crime|crime gone awry|dark humor|dialogue|drama|excellent script|fast paced|foul language|gangster|gangsters|good|good acting|good soundtrack|gratuitous violence|great acting|great dialogue|great ending|great movie|gritty|heist|highly quotable|hit men|imdb top 250|interesting|mafia|masterpiece|mentor|mob|narrated|organized crime|original|oscar (best actor)|oscar (best directing)|oscar (best picture)|oscar (best supporting actor)|powerful ending|quotable|rags to riches|storytelling|stylish|stylized|violence|violent|visceral,0.20272473,17
163,296,Pulp Fiction (1994),1994,Crime|Drama,bloody|brutality|coen bros|cool|crime|crime gone awry|cult classic|cult film|dark humor|dialogue|dialogue driven|drugs|ensemble cast|entirely dialogue|excellent script|foul language|gangster|gangsters|golden palm|good acting|good dialogue|good soundtrack|gratuitous violence|great acting|great dialogue|great ending|great movie|great music|guns|highly quotable|hit men|imdb top 250|interesting|masterpiece|mob|multiple storylines|non-linear|nonlinear|organized crime|original|oscar (best supporting actor)|oscar (best writing - screenplay written directly for the screen)|pulp|quotable|sexualized violence|storytelling|stylish|stylized|suprisingly clever|talky|tarantino|twist|twists & turns|violence|violent|visceral|weird,0.1946141,17
951,1285,Heathers (1989),1989,Comedy,80s|adolescence|black comedy|cheerleading|cult|cult classic|cult film|cynical|dark|dark comedy|dark humor|geeks|good soundtrack|high school|original|quotable|satire|satirical|suicide|teen|teen movie|teenager|teenagers|teens,0.19319105,17
817,1222,Full Metal Jacket (1987),1987,Action|Drama|War,anti-war|based on a book|best war films|brutal|brutality|camp|dark humor|dialogue|drama|dramatic|excellent script|good soundtrack|great acting|imdb top 250|innocence lost|insanity|intense|kubrick|masterpiece|military|moral ambiguity|narrated|original|oscar (best directing)|psychological|realistic|vietnam|vietnam war|violence|violent|visceral|war|war movie|wartime,0.19165646,17
10,2918,Ferris Bueller's Day Off (1986),1986,Comedy,1980s|80s|adolescence|childhood|classic|comedy|coming of age|cool|cult classic|excellent script|fun|fun movie|good soundtrack|high school|imdb top 250|mentor|original|pg-13|quotable|rebellion|school|teen|teen movie|teenager|teens,0.19058532,17
383,2080,Lady and the Tramp (1955),1955,Animation|Children's|Comedy|Musical|Romance,animals|animated|animation|based on book|cartoon|children|classic|cute|disney|disney animated feature|dog|dogs|fairy tale|family|kids and family|love story|romantic|sweet|talking animals,0.20901908,18
37,1028,Mary Poppins (1964),1964,Children's|Comedy|Musical,adapted from:book|animation|childhood|children|classic|disney|family|musical|oscar (best actress)|sweet,0.20901464,18
138,2081,"Little Mermaid, The (1989)",1989,Animation|Children's|Comedy|Musical|Romance,animated|animation|cartoon|children|disney|disney animated feature|fairy tale|family|girlie movie|happy ending|kids|kids and family|love|love story|oscar (best music - original song)|sweet|talking animals|witch,0.20832351,18
16,1270,Back to the Future (1985),1985,Comedy|Sci-Fi,1950s|1980s|80s|adventure|alternate reality|alternate universe|awesome soundtrack|bullying|childhood|classic|comedy|destiny|excellent script|fantasy|fun|fun movie|future|futuristic|good|great|great ending|great movie|imdb top 250|kids|mentor|nostalgic|original|quotable|saturn award (best special effects)|sci fi|sci-fi|science fiction|scifi|special effects|story|teen|time|time loop|time travel|trilogy,0.19452322,18
29,1022,Cinderella (1950),1950,Animation|Children's|Musical,animals|animated|animation|cartoon|classic|disney|disney animated feature|fairy tale|fairy tales|family|kids and family|rags to riches|romantic|simple|story|sweet,0.19308127,18
125,1197,"Princess Bride, The (1987)",1987,Action|Adventure|Comedy|Romance,action|adapted from:book|adventure|affectionate|based on a book|based on book|classic|comedy|cult classic|fairy tale|fairy tales|fantasy|feel-good|good versus evil|great movie|happy ending|highly quotable|humorous|imdb top 250|love|love story|medieval|modern fantasy|original|quotable|romance|romantic|story|storytelling|swashbuckler|sweet|sword fight|sword fighting|whimsical|witty,0.18917334,18
25,588,Aladdin (1992),1992,Animation|Children's|Comedy|Musical,adventure|animated|animation|cartoon|childhood|children|classic|computer animation|disney|disney animated feature|fairy tale|fun|good|good versus evil|great|kids|kids and family|rags to riches,0.18876678,18
405,2096,Sleeping Beauty (1959),1959,Animation|Children's|Musical,70mm|animals|animated|animation|cartoon|classic|disney|disney animated feature|fairy tale|fairy tales|good|good versus evil|magic|modern fantasy|romantic|sweet|talking animals|witch|witches,0.18351845,18
387,2087,Peter Pan (1953),1953,Animation|Children's|Fantasy|Musical,adapted from:book|adventure|animated|animation|cartoon|childhood|children|classic|disney|disney animated feature|fairy tale|family|fun|indians|kids and family|peter pan|pirates,0.18326133,18
376,2078,"Jungle Book, The (1967)",1967,Animation|Children's|Comedy|Musical,adapted from:book|animals|animated|animation|cartoon|classic|disney|disney animated feature|jungle|kids and family|musical|original|snakes|talking animals,0.17780483,18
206,2395,Rushmore (1998),1998,Comedy,affectionate|bittersweet|coming of age|criterion|deadpan|eccentricity|loneliness|love triangles|off-beat comedy|original|quirky|sarcasm|unlikely friendships|weird,0.2310691,19
186,2599,Election (1999),1999,Comedy,black comedy|cynical|dark comedy|dark humor|high school|honest|loneliness|manipulation|midlife crisis|original|sarcasm|satire|satirical|teacher|teen|teen movie|witty,0.21330974,19
161,2997,Being John Malkovich (1999),1999,Comedy,absurd|cerebral|clever|coen bros|complex|complicated|cult classic|cult film|dark humor|enigmatic|excellent script|existentialism|great acting|imagination|imdb top 250|insanity|intellectual|interesting|metaphysics|mindfuck|modern fantasy|obsession|off-beat comedy|original|oscar (best supporting actor)|philosophical|puppets|quirky|storytelling|strange|surreal|surrealism|talky|thought-provoking|twists & turns|unique|very interesting|weird,0.20667407,19
212,562,Welcome to the Dollhouse (1995),1995,Comedy|Drama,adolescence|bleak|bullying|childhood|depressing|independent film|indie|loneliness|weird,0.19709419,19
73,2858,American Beauty (1999),1999,Comedy|Drama,beautiful|beautifully filmed|bittersweet|cinematography|complex|cynical|dark humor|depression|drama|excellent script|good acting|good soundtrack|great acting|great ending|imdb top 250|interesting|life|loneliness|masterpiece|melancholic|midlife crisis|narrated|obsession|original|oscar|oscar (best actor)|oscar (best actress)|oscar (best directing)|oscar (best picture)|oscar (best supporting actor)|parenthood|powerful ending|reflective|relationships|sexuality|social commentary|storytelling|suburbia|thought-provoking|visually appealing|visually stunning,0.19660991,19
318,223,Clerks (1994),1994,Comedy,clever|comedy|cult classic|cult film|dialogue|dialogue driven|excellent script|foul language|funny|good dialogue|good soundtrack|great dialogue|great movie|hilarious|imdb top 250|independent film|jay and silent bob|low budget|new jersey|original|quotable|slackers|talky|view askew|witty|workplace,0.18637554,19
325,1060,Swingers (1996),1996,Comedy|Drama,coming of age|cool|dialogue|drinking|friendship|great dialogue|great movie|independent film|los angeles|mentor|original|quotable|relationships|unlikely friendships,0.18236387,19
336,778,Trainspotting (1996),1996,Drama,adapted from:book|addiction|based on a book|based on book|british|cult classic|cult film|dark humor|drinking|drug abuse|drug addiction|drugs|good soundtrack|great acting|great dialogue|great soundtrack|heroin|highly quotable|imdb top 250|independent film|interesting|masterpiece|mentor|narrated|original|scotland|social commentary|storytelling|stylish|suprisingly clever|surreal|violence|violent|visceral,0.18220475,19
951,1285,Heathers (1989),1989,Comedy,80s|adolescence|black comedy|cheerleading|cult|cult classic|cult film|cynical|dark|dark comedy|dark humor|geeks|good soundtrack|high school|original|quotable|satire|satirical|suicide|teen|teen movie|teenager|teenagers|teens,0.17097616,19
201,1449,Waiting for Guffman (1996),1996,Comedy,absurd|comedy|deadpan|ensemble cast|fake documentary|funniest movies|funny|hilarious|humor|humorous|independent film|mockumentary|original|quirky|quotable|satire|satirical|small town|very funny,0.16714965,19
206,2395,Rushmore (1998),1998,Comedy,affectionate|bittersweet|coming of age|criterion|deadpan|eccentricity|loneliness|love triangles|off-beat comedy|original|quirky|sarcasm|unlikely friendships|weird,0.22990856,20
186,2599,Election (1999),1999,Comedy,black comedy|cynical|dark comedy|dark humor|high school|honest|loneliness|manipulation|midlife crisis|original|sarcasm|satire|satirical|teacher|teen|teen movie|witty,0.21206342,20
161,2997,Being John Malkovich (1999),1999,Comedy,absurd|cerebral|clever|coen bros|complex|complicated|cult classic|cult film|dark humor|enigmatic|excellent script|existentialism|great acting|imagination|imdb top 250|insanity|intellectual|interesting|metaphysics|mindfuck|modern fantasy|obsession|off-beat comedy|original|oscar (best supporting actor)|philosophical|puppets|quirky|storytelling|strange|surreal|surrealism|talky|thought-provoking|twists & turns|unique|very interesting|weird,0.2075625,20
212,562,Welcome to the Dollhouse (1995),1995,Comedy|Drama,adolescence|bleak|bullying|childhood|depressing|independent film|indie|loneliness|weird,0.19715095,20
73,2858,American Beauty (1999),1999,Comedy|Drama,beautiful|beautifully filmed|bittersweet|cinematography|complex|cynical|dark humor|depression|drama|excellent script|good acting|good soundtrack|great acting|great ending|imdb top 250|interesting|life|loneliness|masterpiece|melancholic|midlife crisis|narrated|obsession|original|oscar|oscar (best actor)|oscar (best actress)|oscar (best directing)|oscar (best picture)|oscar (best supporting actor)|parenthood|powerful ending|reflective|relationships|sexuality|social commentary|storytelling|suburbia|thought-provoking|visually appealing|visually stunning,0.1939425,20
318,223,Clerks (1994),1994,Comedy,clever|comedy|cult classic|cult film|dialogue|dialogue driven|excellent script|foul language|funny|good dialogue|good soundtrack|great dialogue|great movie|hilarious|imdb top 250|independent film|jay and silent bob|low budget|new jersey|original|quotable|slackers|talky|view askew|witty|workplace,0.18488382,20
336,778,Trainspotting (1996),1996,Drama,adapted from:book|addiction|based on a book|based on book|british|cult classic|cult film|dark humor|drinking|drug abuse|drug addiction|drugs|good soundtrack|great acting|great dialogue|great soundtrack|heroin|highly quotable|imdb top 250|independent film|interesting|masterpiece|mentor|narrated|original|scotland|social commentary|storytelling|stylish|suprisingly clever|surreal|violence|violent|visceral,0.1823261,20
325,1060,Swingers (1996),1996,Comedy|Drama,coming of age|cool|dialogue|drinking|friendship|great dialogue|great movie|independent film|los angeles|mentor|original|quotable|relationships|unlikely friendships,0.18216869,20
951,1285,Heathers (1989),1989,Comedy,80s|adolescence|black comedy|cheerleading|cult|cult classic|cult film|cynical|dark|dark comedy|dark humor|geeks|good soundtrack|high school|original|quotable|satire|satirical|suicide|teen|teen movie|teenager|teenagers|teens,0.17189413,20
790,2064,Roger & Me (1989),1989,Comedy|Documentary,brainwashing|business|capitalism|corporate america|documentary|greed|interesting|manipulation|original|political|politics|propaganda,0.16737296,20
37,1028,Mary Poppins (1964),1964,Children's|Comedy|Musical,adapted from:book|animation|childhood|children|classic|disney|family|musical|oscar (best actress)|sweet,0.20829715,21
383,2080,Lady and the Tramp (1955),1955,Animation|Children's|Comedy|Musical|Romance,animals|animated|animation|based on book|cartoon|children|classic|cute|disney|disney animated feature|dog|dogs|fairy tale|family|kids and family|love story|romantic|sweet|talking animals,0.20820421,21
138,2081,"Little Mermaid, The (1989)",1989,Animation|Children's|Comedy|Musical|Romance,animated|animation|cartoon|children|disney|disney animated feature|fairy tale|family|girlie movie|happy ending|kids|kids and family|love|love story|oscar (best music - original song)|sweet|talking animals|witch,0.20805378,21
16,1270,Back to the Future (1985),1985,Comedy|Sci-Fi,1950s|1980s|80s|adventure|alternate reality|alternate universe|awesome soundtrack|bullying|childhood|classic|comedy|destiny|excellent script|fantasy|fun|fun movie|future|futuristic|good|great|great ending|great movie|imdb top 250|kids|mentor|nostalgic|original|quotable|saturn award (best special effects)|sci fi|sci-fi|science fiction|scifi|special effects|story|teen|time|time loop|time travel|trilogy,0.19437094,21
29,1022,Cinderella (1950),1950,Animation|Children's|Musical,animals|animated|animation|cartoon|classic|disney|disney animated feature|fairy tale|fairy tales|family|kids and family|rags to riches|romantic|simple|story|sweet,0.19307756,21
125,1197,"Princess Bride, The (1987)",1987,Action|Adventure|Comedy|Romance,action|adapted from:book|adventure|affectionate|based on a book|based on book|classic|comedy|cult classic|fairy tale|fairy tales|fantasy|feel-good|good versus evil|great movie|happy ending|highly quotable|humorous|imdb top 250|love|love story|medieval|modern fantasy|original|quotable|romance|romantic|story|storytelling|swashbuckler|sweet|sword fight|sword fighting|whimsical|witty,0.19127658,21
25,588,Aladdin (1992),1992,Animation|Children's|Comedy|Musical,adventure|animated|animation|cartoon|childhood|children|classic|computer animation|disney|disney animated feature|fairy tale|fun|good|good versus evil|great|kids|kids and family|rags to riches,0.18999621,21
405,2096,Sleeping Beauty (1959),1959,Animation|Children's|Musical,70mm|animals|animated|animation|cartoon|classic|disney|disney animated feature|fairy tale|fairy tales|good|good versus evil|magic|modern fantasy|romantic|sweet|talking animals|witch|witches,0.1834788,21
387,2087,Peter Pan (1953),1953,Animation|Children's|Fantasy|Musical,adapted from:book|adventure|animated|animation|cartoon|childhood|children|classic|disney|disney animated feature|fairy tale|family|fun|indians|kids and family|peter pan|pirates,0.18327418,21
376,2078,"Jungle Book, The (1967)",1967,Animation|Children's|Comedy|Musical,adapted from:book|animals|animated|animation|cartoon|classic|disney|disney animated feature|jungle|kids and family|musical|original|snakes|talking animals,0.17780705,21
10,2918,Ferris Bueller's Day Off (1986),1986,Comedy,1980s|80s|adolescence|childhood|classic|comedy|coming of age|cool|cult classic|excellent script|fun|fun movie|good soundtrack|high school|imdb top 250|mentor|original|pg-13|quotable|rebellion|school|teen|teen movie|teenager|teens,0.23321475,22
337,1307,When Harry Met Sally... (1989),1989,Comedy|Romance,chick flick|classic|cute|destiny|dialogue|excellent script|feel-good|friendship|girlie movie|good romantic comedies|happy ending|love story|new york|oscar (best writing - screenplay written directly for the screen)|quotable|relationships|romance|romantic|romantic comedy|sweet|unlikely friendships|women,0.21249431,22
136,1968,"Breakfast Club, The (1985)",1985,Comedy|Drama,1980s|80s|adolescence|bullying|coming of age|coming-of-age|cult classic|drama|excellent script|geek|geeks|good soundtrack|high school|original|rebellion|school|social commentary|stereotypes|teen|teen movie|teenager|teenagers|teens,0.19880633,22
324,1923,There's Something About Mary (1998),1998,Comedy,comedy|crude humor|dumb|funniest movies|funny|funny as hell|goofy|hilarious|humor|humorous|off-beat comedy|stupidity|very funny,0.1921621,22
332,3253,Wayne's World (1992),1992,Comedy,comedy|dumb but funny|funniest movies|funny|goofy|hilarious|original|parody|quotable|rock and roll|saturday night live|teen|very funny,0.18930161,22
321,1777,"Wedding Singer, The (1998)",1998,Comedy|Romance,1980s|80s|awesome soundtrack|chick flick|comedy|cute!|destiny|feel good movie|feel-good|funny|girlie movie|good romantic comedies|great|great movie|happy ending|love story|nostalgic|romance|romantic|romantic comedy|sweet|very funny,0.18145132,22
858,2144,Sixteen Candles (1984),1984,Comedy,1980s|80s|adolescence|chick flick|classic|comedy|geek|geeks|good soundtrack|high school|nerds|nostalgic|pg-13|quotable|sweet|teen|teen movie|teenager|teenagers|teens,0.18130222,22
231,597,Pretty Woman (1990),1990,Comedy|Romance,chick flick|destiny|fairy tale|feel good movie|feel-good|girlie movie|good romantic comedies|happy ending|love story|prostitution|rags to riches|romance|romantic|romantic comedy|shopping|sweet|women,0.17854227,22
794,3526,Parenthood (1989),1989,Comedy|Drama,childhood|children|comedy|drama|dysfunctional family|family|family drama|parenthood|touching,0.17625037,22
15,2797,Big (1988),1988,Comedy|Fantasy,80s|adolescence|childhood|children|comedy|fun movie|girlie movie|kids|kids and family|mentor|nostalgic|toys|unlikely friendships,0.17589583,22
88,2571,"Matrix, The (1999)",1999,Action|Sci-Fi|Thriller,action|action packed|alternate reality|alternate universe|artificial intelligence|awesome soundtrack|big budget|carrie-anne moss|cerebral|complex|complicated|computers|confusing|cool|cult classic|cyberpunk|dark hero|dialogue|distopia|dynamic cgi action|dystopia|dystopic future|effects|excellent script|existentialism|fast paced|fight scenes|fighting|fighting the system|future|futuristic|good acting|good action|great|great acting|great ending|great movie|gunfight|hacking|imdb top 250|intense|interesting|kung fu|man versus machine|martial arts|mentor|mythology|original|original plot|oscar (best editing)|philosophical|philosophy|post-apocalyptic|sci fi|sci-fi|science fiction|scifi|special effects|story|storytelling|stylized|technology|thought-provoking|violence|virtual reality|visceral|visual|visually appealing|visually stunning,0.34964785,23
36,260,Star Wars: Episode IV - A New Hope (1977),1977,Action|Adventure|Fantasy|Sci-Fi,action|adventure|aliens|androids|awesome soundtrack|classic|desert|destiny|dialogue|epic|fantasy|fantasy world|franchise|futuristic|good|good versus evil|great ending|great movie|high fantasy|highly quotable|imagination|imdb top 250|masterpiece|mentor|mythology|original|original plot|oscar (best effects - visual effects)|oscar (best supporting actor)|quotable|robots|saturn award (best special effects)|sci fi|sci-fi|science fiction|scifi|series|space|space opera|space travel|special effects|star wars|story|storytelling|sword fight|technology|trilogy|visual|visually appealing|war|wizards,0.3152997,23
53,3578,Gladiator (2000),2000,Action|Drama,action|amazing cinematography|betrayal|big budget|breathtaking|cinematography|courage|destiny|dialogue|drama|dramatic|epic|excellent script|fight scenes|forceful|freedom|good|good acting|good action|great|great acting|great ending|great movie|historical|history|imdb top 250|intense|mentor|oscar|oscar (best actor)|oscar (best cinematography)|oscar (best directing)|oscar (best effects - visual effects)|oscar (best picture)|oscar (best supporting actor)|oscar winner|redemption|revenge|rome|slavery|special effects|story|storytelling|stylized|sword fight|us history|vengeance|very good|violence|violent|visceral|visual|visually stunning|war,0.26428038,23
69,589,Terminator 2: Judgment Day (1991),1991,Action|Sci-Fi|Thriller,action|action packed|androids|apocalypse|arnold|awesome soundtrack|big budget|chase|cyborgs|dialogue|dynamic cgi action|dystopic future|effects|end of the world|fighting|future|futuristic|good action|good sequel|imdb top 250|man versus machine|mother-son relationship|motorcycle|original|original plot|oscar (best effects - visual effects)|quotable|robot|robots|saturn award (best special effects)|sci fi|sci-fi|science fiction|scifi|special effects|story|suspense|technology|tense|time travel|violence|violent|visceral|visual,0.26408747,23
313,3793,X-Men (2000),2000,Action|Sci-Fi,action|adapted from:comic|alter ego|based on a comic|based on comic|big budget|comic book|comic book adaption|comics|cool|dynamic cgi action|fight scenes|fighting|franchise|future|good|good action|great|marvel|mentor|mutants|pg-13|sci-fi|scifi|sequels|special effects|super hero|super-hero|superhero|superheroes,0.26346707,23
40,2028,Saving Private Ryan (1998),1998,Action|Drama|War,action|amazing cinematography|best war films|brutality|courage|drama|dramatic|excellent script|good|good acting|great acting|great ending|great movie|historical|history|imdb top 250|intense|oscar (best cinematography)|oscar (best directing)|oscar (best picture)|powerful ending|realistic|sacrifice|sentimental|spielberg|us history|violence|violent|visceral|war|war movie|wartime|world war ii|wwii,0.26151264,23
84,1196,Star Wars: Episode V - The Empire Strikes Back (1980),1980,Action|Adventure|Drama|Sci-Fi|War,action|adventure|aliens|awesome soundtrack|chase|classic|dark|destiny|dialogue|epic|excellent script|fantasy|forceful|franchise|good|good versus evil|great|great ending|great movie|highly quotable|imdb top 250|intense|mentor|modern fantasy|mythology|original|original plot|oscar (best effects - visual effects)|oscar (best sound)|quotable|robots|saturn award (best special effects)|sci fi|sci-fi|science fiction|scifi|sequel|series|space|space opera|space travel|special effects|star wars|story|storytelling|sword fight|trilogy|war,0.26128614,23
52,1210,Star Wars: Episode VI - Return of the Jedi (1983),1983,Action|Adventure|Romance|Sci-Fi|War,action|adventure|aliens|awesome soundtrack|chase|death|desert|destiny|dialogue|epic|fantasy|franchise|good|good versus evil|great ending|great movie|highly quotable|imdb top 250|intense|mentor|mythology|original|original plot|oscar (best effects - visual effects)|powerful ending|rebellion|redemption|robots|saturn award (best special effects)|sci fi|sci-fi|science fiction|scifi|series|space|space opera|special effects|star wars|story|sword fight|trilogy|war,0.2594543,23
167,50,"Usual Suspects, The (1995)",1995,Crime|Thriller,caper|classic|clever|complex|complicated|complicated plot|con men|conspiracy|crime|enigmatic|ensemble cast|excellent|excellent script|fast paced|good|good acting|good soundtrack|great|great acting|great dialogue|great ending|great movie|heist|imdb top 250|interesting|manipulation|masterpiece|mindfuck|mystery|narrated|neo-noir|noir thriller|organized crime|original|oscar (best actor)|oscar (best directing)|oscar (best supporting actor)|oscar (best writing - screenplay written directly for the screen)|oscar winner|plot|plot twist|police investigation|powerful ending|story|storytelling|stylish|suprisingly clever|surprise ending|suspense|suspenseful|thriller|tricky|twist|twist ending|twists & turns|very good|violence,0.24849053,23
42,3114,Toy Story 2 (1999),1999,Animation|Children's|Comedy,animated|animation|cartoon|children|clever|computer animation|disney|family|friendship|fun|fun movie|good|good sequel|great|great movie|imdb top 250|kids|kids and family|light|original|pixar|pixar animation|sequel|sequels|story|toys|unlikely friendships,0.23817243,23
963,2944,"Dirty Dozen, The (1967)",1967,Action|War,action|best war films|brutality|classic|ensemble cast|german|good action|great acting|great movie|imdb top 250|military|moral ambiguity|nazis|original|oscar (best directing)|runaway|violence|violent|war|wartime|world war ii|wwii,0.21498497,24
1416,3654,"Guns of Navarone, The (1961)",1961,Action|Drama|War,70mm|action|action packed|adventure|best war films|classic|dialogue|dramatic|exciting|forceful|foul language|german|good action|great movie|gunfight|imdb top 250|nazis|oscar (best directing)|story|tense|war|wartime|world war ii|wwii,0.1933142,24
98,349,Clear and Present Danger (1994),1994,Action|Adventure|Thriller,action|adapted from:book|based on a book|based on book|chase|conspiracy|good|good action|mentor|political|president|secret service|tense|thriller|tom clancy|world politics,0.18449335,24
80,1370,Die Hard 2 (1990),1990,Action|Thriller,action|action packed|airport|big budget|chase|explosions|fast paced|good|good action|good sequel|gunfight|intense|sequel|sequels|tense|terrorism|vengeance,0.18256423,24
139,2951,"Fistful of Dollars, A (1964)",1964,Action|Western,anti-hero|classic|ennio morricone|gangs|great movie|greed|gunfight|imdb top 250|masterpiece|moral ambiguity|original|spaghetti western|stylish|tense|trilogy|violence|violent|western,0.1808383,24
145,1201,"Good, The Bad and The Ugly, The (1966)",1966,Action|Western,cinematography|civil war|classic|dialogue|ennio morricone|epic|good|good soundtrack|great ending|greed|gunfight|imdb top 250|long|masterpiece|moral ambiguity|original|oscar (best directing)|scenic|spaghetti western|story|storytelling|tense|treasure hunt|violence|violent|western,0.1759426,24
263,3256,Patriot Games (1992),1992,Action|Thriller,action|action packed|adapted from:book|assassin|assassination|assassins|based on a book|based on book|chase|cia|conspiracy|espionage|fast paced|good|good action|intense|irish|irish accent|mentor|revenge|secret service|secrets|spies|spy|spying|surveillance|suspense|suspenseful|tense|terrorism|thriller|tom clancy|vengeance,0.17583215,24
637,3527,Predator (1987),1987,Action|Sci-Fi|Thriller,action|action packed|alien|aliens|arnold|chase|classic|dialogue|futuristic|good action|hunting|jungle|quotable|sci fi|sci-fi|science fiction|scifi|special effects|survival|suspense|tense|violence|violent|weapons,0.17215443,24
666,2288,"Thing, The (1982)",1982,Action|Horror|Sci-Fi|Thriller,alien|aliens|antarctica|classic|claustrophobic|creepy|cult classic|effects|gore|gory|horror|imdb top 250|isolation|masterpiece|monster|original|paranoia|sci fi|sci-fi|science fiction|scifi|special effects|splatter|suspense|suspenseful|tense|visceral|weird,0.17183545,24
1570,434,Cliffhanger (1993),1993,Action|Adventure|Crime,70mm|action|action packed|big budget|chase|exciting|explosions|fast paced|good action|mountain climbing,0.16846988,24
1,3408,Erin Brockovich (2000),2000,Drama,based on a true story|based on true story|courtroom|drama|dramatic|feel good movie|feel-good|fighting the system|girlie movie|good|great acting|lawyer|lawyers|mentor|oscar|oscar (best actress)|oscar (best directing)|true story,0.20434418,25
215,2908,Boys Don't Cry (1999),1999,Drama,based on a true story|based on true story|brutality|cross dressing|disturbing|drama|dramatic|great acting|homophobia|loneliness|male nudity|obsession|original|oscar|oscar (best actress)|oscar (best directing)|oscar (best supporting actress)|pornography|queer|rape|sexual|sexualized violence|small town|tragedy|transgender|true story,0.19985592,25
610,3176,"Talented Mr. Ripley, The (1999)",1999,Drama|Mystery|Thriller,adapted from:book|character study|complex|great acting|obsession|original|psychological|psychology|secrets|serial killer|suspense|twists & turns|very interesting,0.19959794,25
587,2707,Arlington Road (1999),1999,Thriller,alternate endings|bad ending|conspiracy|conspiracy theory|good|great acting|great ending|intense|interesting|paranoia|plot twist|police investigation|powerful ending|psychological|psychology|secrets|single father|surprise ending|suspense|suspenseful|tense|terrorism|thriller|twist|twist ending|twists & turns,0.18971746,25
668,454,"Firm, The (1993)",1993,Drama|Thriller,adapted from:book|based on a book|book was better|chase|conspiracy|good|lawyer|lawyers|mentor|secrets|surveillance|suspense|suspenseful|tense|thriller|tom clancy|twists & turns,0.17890015,25
613,628,Primal Fear (1996),1996,Drama|Thriller,court|courtroom|courtroom drama|crime|drama|excellent script|good|great acting|great ending|intense|investigation|justice|lawyer|lawyers|manipulation|mentor|murder|murder mystery|plot twist|police investigation|political corruption|psychological|secrets|surprise ending|suspense|thriller|twist|twist ending|twists & turns,0.17082758,25
282,1704,Good Will Hunting (1997),1997,Drama,boston|complex|dialogue driven|drama|dramatic|earnest|excellent|excellent script|exceptional acting|feel-good|foul language|friendship|genius|good|good acting|good soundtrack|great acting|great ending|great movie|heartwarming|imdb top 250|inspirational|intellectual|interesting|math|mathematics|mentor|original|oscar|oscar (best actor)|oscar (best actress)|oscar (best directing)|oscar (best picture)|oscar (best supporting actor)|oscar (best supporting actress)|oscar (best writing - screenplay written directly for the screen)|oscar winner|philosophy|psychiatry|psychology|rags to riches|relationships|touching|unlikely friendships,0.16722222,25
631,3006,"Insider, The (1999)",1999,Drama,based on a true story|based on true story|business|cinematography|complex|conspiracy|corporate america|corruption|drama|dramatic|excellent script|exceptional acting|good acting|great acting|great movie|greed|imdb top 250|intense|interesting|journalism|mentor|original|oscar|oscar (best actress)|oscar (best directing)|secrets|story|storytelling|suspense|tense|true story,0.1672038,25
443,2336,Elizabeth (1998),1998,Drama,betrayal|biographical|biography|biopic|british|cinematography|costume drama|drama|dramatic|england|factual|historical|history|mozart|original|oscar|oscar (best actress)|oscar (best directing)|period piece|us history,0.16559066,25
557,3148,"Cider House Rules, The (1999)",1999,Drama,abortion|adapted from:book|based on a book|based on book|coming of age|compassionate|destiny|drama|dramatic|great acting|mentor|oscar|oscar (best picture)|oscar (best supporting actor)|sentimental|touching,0.16448218,25
10,2918,Ferris Bueller's Day Off (1986),1986,Comedy,1980s|80s|adolescence|childhood|classic|comedy|coming of age|cool|cult classic|excellent script|fun|fun movie|good soundtrack|high school|imdb top 250|mentor|original|pg-13|quotable|rebellion|school|teen|teen movie|teenager|teens,0.23014665,26
337,1307,When Harry Met Sally... (1989),1989,Comedy|Romance,chick flick|classic|cute|destiny|dialogue|excellent script|feel-good|friendship|girlie movie|good romantic comedies|happy ending|love story|new york|oscar (best writing - screenplay written directly for the screen)|quotable|relationships|romance|romantic|romantic comedy|sweet|unlikely friendships|women,0.21199079,26
136,1968,"Breakfast Club, The (1985)",1985,Comedy|Drama,1980s|80s|adolescence|bullying|coming of age|coming-of-age|cult classic|drama|excellent script|geek|geeks|good soundtrack|high school|original|rebellion|school|social commentary|stereotypes|teen|teen movie|teenager|teenagers|teens,0.19970204,26
324,1923,There's Something About Mary (1998),1998,Comedy,comedy|crude humor|dumb|funniest movies|funny|funny as hell|goofy|hilarious|humor|humorous|off-beat comedy|stupidity|very funny,0.18883842,26
332,3253,Wayne's World (1992),1992,Comedy,comedy|dumb but funny|funniest movies|funny|goofy|hilarious|original|parody|quotable|rock and roll|saturday night live|teen|very funny,0.18842863,26
321,1777,"Wedding Singer, The (1998)",1998,Comedy|Romance,1980s|80s|awesome soundtrack|chick flick|comedy|cute!|destiny|feel good movie|feel-good|funny|girlie movie|good romantic comedies|great|great movie|happy ending|love story|nostalgic|romance|romantic|romantic comedy|sweet|very funny,0.18139024,26
858,2144,Sixteen Candles (1984),1984,Comedy,1980s|80s|adolescence|chick flick|classic|comedy|geek|geeks|good soundtrack|high school|nerds|nostalgic|pg-13|quotable|sweet|teen|teen movie|teenager|teenagers|teens,0.18126342,26
231,597,Pretty Woman (1990),1990,Comedy|Romance,chick flick|destiny|fairy tale|feel good movie|feel-good|girlie movie|good romantic comedies|happy ending|love story|prostitution|rags to riches|romance|romantic|romantic comedy|shopping|sweet|women,0.17862646,26
794,3526,Parenthood (1989),1989,Comedy|Drama,childhood|children|comedy|drama|dysfunctional family|family|family drama|parenthood|touching,0.17647731,26
15,2797,Big (1988),1988,Comedy|Fantasy,80s|adolescence|childhood|children|comedy|fun movie|girlie movie|kids|kids and family|mentor|nostalgic|toys|unlikely friendships,0.17588156,26
1,3408,Erin Brockovich (2000),2000,Drama,based on a true story|based on true story|courtroom|drama|dramatic|feel good movie|feel-good|fighting the system|girlie movie|good|great acting|lawyer|lawyers|mentor|oscar|oscar (best actress)|oscar (best directing)|true story,0.20407085,27
610,3176,"Talented Mr. Ripley, The (1999)",1999,Drama|Mystery|Thriller,adapted from:book|character study|complex|great acting|obsession|original|psychological|psychology|secrets|serial killer|suspense|twists & turns|very interesting,0.19906776,27
215,2908,Boys Don't Cry (1999),1999,Drama,based on a true story|based on true story|brutality|cross dressing|disturbing|drama|dramatic|great acting|homophobia|loneliness|male nudity|obsession|original|oscar|oscar (best actress)|oscar (best directing)|oscar (best supporting actress)|pornography|queer|rape|sexual|sexualized violence|small town|tragedy|transgender|true story,0.19900954,27
587,2707,Arlington Road (1999),1999,Thriller,alternate endings|bad ending|conspiracy|conspiracy theory|good|great acting|great ending|intense|interesting|paranoia|plot twist|police investigation|powerful ending|psychological|psychology|secrets|single father|surprise ending|suspense|suspenseful|tense|terrorism|thriller|twist|twist ending|twists & turns,0.18980612,27
668,454,"Firm, The (1993)",1993,Drama|Thriller,adapted from:book|based on a book|book was better|chase|conspiracy|good|lawyer|lawyers|mentor|secrets|surveillance|suspense|suspenseful|tense|thriller|tom clancy|twists & turns,0.17872174,27
613,628,Primal Fear (1996),1996,Drama|Thriller,court|courtroom|courtroom drama|crime|drama|excellent script|good|great acting|great ending|intense|investigation|justice|lawyer|lawyers|manipulation|mentor|murder|murder mystery|plot twist|police investigation|political corruption|psychological|secrets|surprise ending|suspense|thriller|twist|twist ending|twists & turns,0.1709212,27
631,3006,"Insider, The (1999)",1999,Drama,based on a true story|based on true story|business|cinematography|complex|conspiracy|corporate america|corruption|drama|dramatic|excellent script|exceptional acting|good acting|great acting|great movie|greed|imdb top 250|intense|interesting|journalism|mentor|original|oscar|oscar (best actress)|oscar (best directing)|secrets|story|storytelling|suspense|tense|true story,0.16791204,27
561,3160,Magnolia (1999),1999,Drama,bleak|cathartic|cerebral|complex|depression|drug addiction|emotional|ensemble cast|existentialism|good soundtrack|great acting|imdb top 250|interesting|intimate|loneliness|long|love|masterpiece|melancholic|melancholy|multiple storylines|nonlinear|original|redemption|reflective|storytelling|talky|visually appealing|weird,0.16509746,27
282,1704,Good Will Hunting (1997),1997,Drama,boston|complex|dialogue driven|drama|dramatic|earnest|excellent|excellent script|exceptional acting|feel-good|foul language|friendship|genius|good|good acting|good soundtrack|great acting|great ending|great movie|heartwarming|imdb top 250|inspirational|intellectual|interesting|math|mathematics|mentor|original|oscar|oscar (best actor)|oscar (best actress)|oscar (best directing)|oscar (best picture)|oscar (best supporting actor)|oscar (best supporting actress)|oscar (best writing - screenplay written directly for the screen)|oscar winner|philosophy|psychiatry|psychology|rags to riches|relationships|touching|unlikely friendships,0.1648538,27
443,2336,Elizabeth (1998),1998,Drama,betrayal|biographical|biography|biopic|british|cinematography|costume drama|drama|dramatic|england|factual|historical|history|mozart|original|oscar|oscar (best actress)|oscar (best directing)|period piece|us history,0.1648253,27
940,922,Sunset Blvd. (a.k.a. Sunset Boulevard) (1950),1950,Film-Noir,afi 100 (movie quotes)|amazing cinematography|black and white|classic|criterion|cynical|dark|dramatic|eerie|film noir|great acting|greed|hollywood|imdb top 250|insanity|interesting|loneliness|masterpiece|narrated|noir|obsession|original|oscar (best actress)|oscar (best directing)|oscar (best picture)|satirical|silent|talky,0.17169079,28
826,3435,Double Indemnity (1944),1944,Crime|Film-Noir,adapted from:book|adultery|atmospheric|black and white|bleak|cinematography|classic|complex|complicated|crime|crime gone awry|criterion|cynical|dark|dialogue|downbeat|enigmatic|film noir|great acting|great ending|greed|imdb top 250|interesting|investigation|manipulation|masterpiece|murder|murder mystery|mystery|narrated|neo-noir|noir|noir thriller|original|oscar (best actress)|oscar (best cinematography)|oscar (best directing)|police investigation|sexy|stylized|suspense|suspenseful|talky|tense|twists & turns,0.16894509,28
941,2186,Strangers on a Train (1951),1951,Film-Noir|Thriller,black and white|classic|crime|criterion|great ending|hitchcock|imdb top 250|interesting|masterpiece|murder|obsession|original|oscar (best cinematography)|oscar (best directing)|police investigation|runaway|suspense|suspenseful|talky|tense|thriller|train,0.16756614,28
932,1252,Chinatown (1974),1974,Film-Noir|Mystery|Thriller,1930s|adultery|afi 100|afi 100 (movie quotes)|atmospheric|black and white|bleak|cinematography|classic|complex|complicated|corruption|crime|criterion|cynical|dark|detective|downbeat|enigmatic|excellent script|exceptional acting|film noir|good acting|great|great acting|great ending|great movie|greed|imdb top 250|interesting|investigation|los angeles|masterpiece|melancholic|murder|murder mystery|mystery|neo-noir|noir|noir thriller|original|oscar (best actress)|oscar (best directing)|perfect|plot twist|political corruption|powerful ending|private detective|quotable|secrets|social commentary|storytelling|stylish|suspense|twists & turns,0.16679655,28
199,913,"Maltese Falcon, The (1941)",1941,Film-Noir|Mystery,adapted from:book|afi 100 (movie quotes)|atmospheric|black and white|classic|criterion|cynical|detective|dialogue|film noir|great acting|great dialogue|great ending|greed|highly quotable|imdb top 250|literary adaptation|masterpiece|murder|mystery|neo-noir|noir|noir thriller|original|oscar (best directing)|private detective|quotable|san francisco|talky|twists & turns,0.16670163,28
188,908,North by Northwest (1959),1959,Drama|Thriller,adventure|chase|classic|complicated|enigmatic|espionage|excellent script|great ending|hitchcock|imdb top 250|masterpiece|mistaken identity|murder|noir thriller|obsession|original|oscar (best directing)|paranoid|police investigation|secrets|spy|spying|suspense|suspenseful|tense|thriller|twists & turns|witty,0.16504712,28
433,926,All About Eve (1950),1950,Drama,afi 100|afi 100 (movie quotes)|black and white|character study|classic|dramatic|excellent script|great acting|great dialogue|imdb top 250|manipulation|masterpiece|obsession|oscar|oscar (best actress)|oscar (best directing)|oscar (best picture)|oscar (best supporting actor)|oscar (best supporting actress)|oscar winner|quotable|talky|witty,0.16495976,28
640,1284,"Big Sleep, The (1946)",1946,Film-Noir|Mystery,adapted from:book|based on a book|black and white|classic|complex|complicated|complicated plot|criterion|detective|dialogue|enigmatic|film noir|highly quotable|imdb top 250|investigation|murder|murder mystery|mystery|neo-noir|noir|noir thriller|original|police investigation|pornography|private detective|sexy|talky|twists & turns,0.1613556,28
1431,1212,"Third Man, The (1949)",1949,Mystery|Thriller,afi 100|amazing cinematography|atmospheric|betrayal|black and white|bleak|cinematography|classic|criterion|downbeat|enigmatic|excellent script|film noir|golden palm|great acting|great cinematography|imdb top 250|masterpiece|melancholic|murder|mystery|noir|noir thriller|ominous|oscar (best cinematography)|oscar (best directing)|photography|storytelling|stylized|talky|vienna|visual,0.15986978,28
942,930,Notorious (1946),1946,Film-Noir|Romance|Thriller,assassination|betrayal|classic|complicated|criterion|enigmatic|espionage|hitchcock|imdb top 250|love story|nazi|nazis|noir thriller|original|oscar (best directing)|romance|secrets|spy|spying|suspense|suspenseful|talky|tense|thriller,0.15885565,28
88,2571,"Matrix, The (1999)",1999,Action|Sci-Fi|Thriller,action|action packed|alternate reality|alternate universe|artificial intelligence|awesome soundtrack|big budget|carrie-anne moss|cerebral|complex|complicated|computers|confusing|cool|cult classic|cyberpunk|dark hero|dialogue|distopia|dynamic cgi action|dystopia|dystopic future|effects|excellent script|existentialism|fast paced|fight scenes|fighting|fighting the system|future|futuristic|good acting|good action|great|great acting|great ending|great movie|gunfight|hacking|imdb top 250|intense|interesting|kung fu|man versus machine|martial arts|mentor|mythology|original|original plot|oscar (best editing)|philosophical|philosophy|post-apocalyptic|sci fi|sci-fi|science fiction|scifi|special effects|story|storytelling|stylized|technology|thought-provoking|violence|virtual reality|visceral|visual|visually appealing|visually stunning,0.3518331,29
36,260,Star Wars: Episode IV - A New Hope (1977),1977,Action|Adventure|Fantasy|Sci-Fi,action|adventure|aliens|androids|awesome soundtrack|classic|desert|destiny|dialogue|epic|fantasy|fantasy world|franchise|futuristic|good|good versus evil|great ending|great movie|high fantasy|highly quotable|imagination|imdb top 250|masterpiece|mentor|mythology|original|original plot|oscar (best effects - visual effects)|oscar (best supporting actor)|quotable|robots|saturn award (best special effects)|sci fi|sci-fi|science fiction|scifi|series|space|space opera|space travel|special effects|star wars|story|storytelling|sword fight|technology|trilogy|visual|visually appealing|war|wizards,0.31791,29
313,3793,X-Men (2000),2000,Action|Sci-Fi,action|adapted from:comic|alter ego|based on a comic|based on comic|big budget|comic book|comic book adaption|comics|cool|dynamic cgi action|fight scenes|fighting|franchise|future|good|good action|great|marvel|mentor|mutants|pg-13|sci-fi|scifi|sequels|special effects|super hero|super-hero|superhero|superheroes,0.2630714,29
69,589,Terminator 2: Judgment Day (1991),1991,Action|Sci-Fi|Thriller,action|action packed|androids|apocalypse|arnold|awesome soundtrack|big budget|chase|cyborgs|dialogue|dynamic cgi action|dystopic future|effects|end of the world|fighting|future|futuristic|good action|good sequel|imdb top 250|man versus machine|mother-son relationship|motorcycle|original|original plot|oscar (best effects - visual effects)|quotable|robot|robots|saturn award (best special effects)|sci fi|sci-fi|science fiction|scifi|special effects|story|suspense|technology|tense|time travel|violence|violent|visceral|visual,0.26208538,29
84,1196,Star Wars: Episode V - The Empire Strikes Back (1980),1980,Action|Adventure|Drama|Sci-Fi|War,action|adventure|aliens|awesome soundtrack|chase|classic|dark|destiny|dialogue|epic|excellent script|fantasy|forceful|franchise|good|good versus evil|great|great ending|great movie|highly quotable|imdb top 250|intense|mentor|modern fantasy|mythology|original|original plot|oscar (best effects - visual effects)|oscar (best sound)|quotable|robots|saturn award (best special effects)|sci fi|sci-fi|science fiction|scifi|sequel|series|space|space opera|space travel|special effects|star wars|story|storytelling|sword fight|trilogy|war,0.26157215,29
40,2028,Saving Private Ryan (1998),1998,Action|Drama|War,action|amazing cinematography|best war films|brutality|courage|drama|dramatic|excellent script|good|good acting|great acting|great ending|great movie|historical|history|imdb top 250|intense|oscar (best cinematography)|oscar (best directing)|oscar (best picture)|powerful ending|realistic|sacrifice|sentimental|spielberg|us history|violence|violent|visceral|war|war movie|wartime|world war ii|wwii,0.26030916,29
52,1210,Star Wars: Episode VI - Return of the Jedi (1983),1983,Action|Adventure|Romance|Sci-Fi|War,action|adventure|aliens|awesome soundtrack|chase|death|desert|destiny|dialogue|epic|fantasy|franchise|good|good versus evil|great ending|great movie|highly quotable|imdb top 250|intense|mentor|mythology|original|original plot|oscar (best effects - visual effects)|powerful ending|rebellion|redemption|robots|saturn award (best special effects)|sci fi|sci-fi|science fiction|scifi|series|space|space opera|special effects|star wars|story|sword fight|trilogy|war,0.2594607,29
53,3578,Gladiator (2000),2000,Action|Drama,action|amazing cinematography|betrayal|big budget|breathtaking|cinematography|courage|destiny|dialogue|drama|dramatic|epic|excellent script|fight scenes|forceful|freedom|good|good acting|good action|great|great acting|great ending|great movie|historical|history|imdb top 250|intense|mentor|oscar|oscar (best actor)|oscar (best cinematography)|oscar (best directing)|oscar (best effects - visual effects)|oscar (best picture)|oscar (best supporting actor)|oscar winner|redemption|revenge|rome|slavery|special effects|story|storytelling|stylized|sword fight|us history|vengeance|very good|violence|violent|visceral|visual|visually stunning|war,0.25674325,29
167,50,"Usual Suspects, The (1995)",1995,Crime|Thriller,caper|classic|clever|complex|complicated|complicated plot|con men|conspiracy|crime|enigmatic|ensemble cast|excellent|excellent script|fast paced|good|good acting|good soundtrack|great|great acting|great dialogue|great ending|great movie|heist|imdb top 250|interesting|manipulation|masterpiece|mindfuck|mystery|narrated|neo-noir|noir thriller|organized crime|original|oscar (best actor)|oscar (best directing)|oscar (best supporting actor)|oscar (best writing - screenplay written directly for the screen)|oscar winner|plot|plot twist|police investigation|powerful ending|story|storytelling|stylish|suprisingly clever|surprise ending|suspense|suspenseful|thriller|tricky|twist|twist ending|twists & turns|very good|violence,0.25213835,29
30,2762,"Sixth Sense, The (1999)",1999,Thriller,atmospheric|clever|creepy|drama|eerie|excellent|excellent script|frightening|ghosts|ghosts/afterlife|good|good acting|great|great acting|great ending|great movie|imdb top 250|intense|interesting|mentor|original|oscar (best directing)|oscar (best supporting actor)|pg-13|plot twist|psychological|psychology|scary|secrets|storytelling|supernatural|surprise ending|suspense|suspenseful|thriller|touching|twist|twist ending|twists & turns,0.24135035,29
940,922,Sunset Blvd. (a.k.a. Sunset Boulevard) (1950),1950,Film-Noir,afi 100 (movie quotes)|amazing cinematography|black and white|classic|criterion|cynical|dark|dramatic|eerie|film noir|great acting|greed|hollywood|imdb top 250|insanity|interesting|loneliness|masterpiece|narrated|noir|obsession|original|oscar (best actress)|oscar (best directing)|oscar (best picture)|satirical|silent|talky,0.17149523,30
826,3435,Double Indemnity (1944),1944,Crime|Film-Noir,adapted from:book|adultery|atmospheric|black and white|bleak|cinematography|classic|complex|complicated|crime|crime gone awry|criterion|cynical|dark|dialogue|downbeat|enigmatic|film noir|great acting|great ending|greed|imdb top 250|interesting|investigation|manipulation|masterpiece|murder|murder mystery|mystery|narrated|neo-noir|noir|noir thriller|original|oscar (best actress)|oscar (best cinematography)|oscar (best directing)|police investigation|sexy|stylized|suspense|suspenseful|talky|tense|twists & turns,0.16848657,30
941,2186,Strangers on a Train (1951),1951,Film-Noir|Thriller,black and white|classic|crime|criterion|great ending|hitchcock|imdb top 250|interesting|masterpiece|murder|obsession|original|oscar (best cinematography)|oscar (best directing)|police investigation|runaway|suspense|suspenseful|talky|tense|thriller|train,0.1675717,30
199,913,"Maltese Falcon, The (1941)",1941,Film-Noir|Mystery,adapted from:book|afi 100 (movie quotes)|atmospheric|black and white|classic|criterion|cynical|detective|dialogue|film noir|great acting|great dialogue|great ending|greed|highly quotable|imdb top 250|literary adaptation|masterpiece|murder|mystery|neo-noir|noir|noir thriller|original|oscar (best directing)|private detective|quotable|san francisco|talky|twists & turns,0.16677469,30
932,1252,Chinatown (1974),1974,Film-Noir|Mystery|Thriller,1930s|adultery|afi 100|afi 100 (movie quotes)|atmospheric|black and white|bleak|cinematography|classic|complex|complicated|corruption|crime|criterion|cynical|dark|detective|downbeat|enigmatic|excellent script|exceptional acting|film noir|good acting|great|great acting|great ending|great movie|greed|imdb top 250|interesting|investigation|los angeles|masterpiece|melancholic|murder|murder mystery|mystery|neo-noir|noir|noir thriller|original|oscar (best actress)|oscar (best directing)|perfect|plot twist|political corruption|powerful ending|private detective|quotable|secrets|social commentary|storytelling|stylish|suspense|twists & turns,0.16560316,30
433,926,All About Eve (1950),1950,Drama,afi 100|afi 100 (movie quotes)|black and white|character study|classic|dramatic|excellent script|great acting|great dialogue|imdb top 250|manipulation|masterpiece|obsession|oscar|oscar (best actress)|oscar (best directing)|oscar (best picture)|oscar (best supporting actor)|oscar (best supporting actress)|oscar winner|quotable|talky|witty,0.16487838,30
188,908,North by Northwest (1959),1959,Drama|Thriller,adventure|chase|classic|complicated|enigmatic|espionage|excellent script|great ending|hitchcock|imdb top 250|masterpiece|mistaken identity|murder|noir thriller|obsession|original|oscar (best directing)|paranoid|police investigation|secrets|spy|spying|suspense|suspenseful|tense|thriller|twists & turns|witty,0.16188863,30
640,1284,"Big Sleep, The (1946)",1946,Film-Noir|Mystery,adapted from:book|based on a book|black and white|classic|complex|complicated|complicated plot|criterion|detective|dialogue|enigmatic|film noir|highly quotable|imdb top 250|investigation|murder|murder mystery|mystery|neo-noir|noir|noir thriller|original|police investigation|pornography|private detective|sexy|talky|twists & turns,0.16136342,30
247,912,Casablanca (1942),1942,Drama|Romance|War,afi 100 (movie quotes)|bittersweet|black and white|classic|dialogue|drama|excellent script|great acting|imdb top 250|love story|love triangles|masterpiece|nazi|nazis|oscar (best actress)|oscar (best directing)|oscar (best picture)|quotable|romance|romantic|sacrifice|wartime|world war ii|wwii,0.1612918,30
1431,1212,"Third Man, The (1949)",1949,Mystery|Thriller,afi 100|amazing cinematography|atmospheric|betrayal|black and white|bleak|cinematography|classic|criterion|downbeat|enigmatic|excellent script|film noir|golden palm|great acting|great cinematography|imdb top 250|masterpiece|melancholic|murder|mystery|noir|noir thriller|ominous|oscar (best cinematography)|oscar (best directing)|photography|storytelling|stylized|talky|vienna|visual,0.16010468,30
586,2706,American Pie (1999),1999,Comedy,adolescence|comedy|coming of age|coming-of-age|dumb|funniest movies|funny|geeks|goofy|gross-out|high school|hilarious|humor|humorous|male nudity|nudity (topless - notable)|pg-13|pornography|sex|sex comedy|sexual|sexuality|stereotypes|stupid as hell|teen|teen movie|teenager|teenagers|teens|very funny|virginity,0.19024967,31
599,2694,Big Daddy (1999),1999,Comedy,comedy|funniest movies|funny|goofy|hilarious|single father,0.18673003,31
553,2683,Austin Powers: The Spy Who Shagged Me (1999),1999,Comedy,comedy|crude humor|dumb but funny|funniest movies|funny|funny as hell|good sequel|goofy|hilarious|humor|humorous|original|parody|saturday night live|sequel|sequels|silly|silly fun|spies|spoof|spy|spying|stupid as hell|very funny,0.18612754,31
884,2541,Cruel Intentions (1999),1999,Drama,awesome soundtrack|good soundtrack|high school|manipulation|sexy|teen|teen movie|teenager|teenagers|teens|virginity,0.17998995,31
53,3578,Gladiator (2000),2000,Action|Drama,action|amazing cinematography|betrayal|big budget|breathtaking|cinematography|courage|destiny|dialogue|drama|dramatic|epic|excellent script|fight scenes|forceful|freedom|good|good acting|good action|great|great acting|great ending|great movie|historical|history|imdb top 250|intense|mentor|oscar|oscar (best actor)|oscar (best cinematography)|oscar (best directing)|oscar (best effects - visual effects)|oscar (best picture)|oscar (best supporting actor)|oscar winner|redemption|revenge|rome|slavery|special effects|story|storytelling|stylized|sword fight|us history|vengeance|very good|violence|violent|visceral|visual|visually stunning|war,0.17782807,31
621,2572,10 Things I Hate About You (1999),1999,Comedy|Romance,awesome soundtrack|bdsm|chick flick|comedy|coming of age|fun|fun movie|geeks|girlie movie|good soundtrack|high school|pg-13|romance|romantic|romantic comedy|shakespeare|teen|teen movie|teenager|teenagers|teens,0.17324695,31
1,3408,Erin Brockovich (2000),2000,Drama,based on a true story|based on true story|courtroom|drama|dramatic|feel good movie|feel-good|fighting the system|girlie movie|good|great acting|lawyer|lawyers|mentor|oscar|oscar (best actress)|oscar (best directing)|true story,0.17126878,31
238,3753,"Patriot, The (2000)",2000,Action|Drama|War,action|best war films|big budget|civil war|courage|drama|dramatic|epic|factual|freedom|good|historical|history|revenge|revolution|slavery|us history|vengeance|war,0.16715923,31
313,3793,X-Men (2000),2000,Action|Sci-Fi,action|adapted from:comic|alter ego|based on a comic|based on comic|big budget|comic book|comic book adaption|comics|cool|dynamic cgi action|fight scenes|fighting|franchise|future|good|good action|great|marvel|mentor|mutants|pg-13|sci-fi|scifi|sequels|special effects|super hero|super-hero|superhero|superheroes,0.16640255,31
30,2762,"Sixth Sense, The (1999)",1999,Thriller,atmospheric|clever|creepy|drama|eerie|excellent|excellent script|frightening|ghosts|ghosts/afterlife|good|good acting|great|great acting|great ending|great movie|imdb top 250|intense|interesting|mentor|original|oscar (best directing)|oscar (best supporting actor)|pg-13|plot twist|psychological|psychology|scary|secrets|storytelling|supernatural|surprise ending|suspense|suspenseful|thriller|touching|twist|twist ending|twists & turns,0.16504598,31
670,968,Night of the Living Dead (1968),1968,Horror|Sci-Fi,afi 100 (movie quotes)|black and white|classic|claustrophobic|creepy|cult classic|downbeat|gory|grindhouse|gruesome|horror|low budget|masterpiece|ominous|original|splatter|visceral|zombie|zombies,0.21555854,32
666,2288,"Thing, The (1982)",1982,Action|Horror|Sci-Fi|Thriller,alien|aliens|antarctica|classic|claustrophobic|creepy|cult classic|effects|gore|gory|horror|imdb top 250|isolation|masterpiece|monster|original|paranoia|sci fi|sci-fi|science fiction|scifi|special effects|splatter|suspense|suspenseful|tense|visceral|weird,0.21425718,32
502,1215,Army of Darkness (1993),1993,Action|Adventure|Comedy|Horror|Sci-Fi,adventure|comedy|cult classic|cult film|dark fantasy|dark humor|demons|fun movie|goofy|gory|great ending|horror|humorous|medieval|original|quotable|silly fun|splatter|zombie,0.20694919,32
140,1214,Alien (1979),1979,Action|Horror|Sci-Fi|Thriller,alien|alien invasion|aliens|androids|atmospheric|classic|claustrophobic|creepy|dark|dialogue|franchise|frightening|futuristic|great acting|horror|imdb top 250|intense|masterpiece|monster|ominous|original|oscar (best effects - visual effects)|scary|sci fi|sci-fi|science fiction|scifi|space|space travel|special effects|story|storytelling|suspense|suspenseful|tense|visceral|visual|visually appealing,0.2057574,32
682,1301,Forbidden Planet (1956),1956,Sci-Fi,1950s|alien|aliens|astronauts|cerebral|classic|cult classic|effects|first contact|future|futuristic|imdb top 250|intelligent sci-fi|mad scientist|original|robot|robots|sci fi|sci-fi|science fiction|scifi|space|space opera|space travel|special effects|technology|visual|visually appealing,0.205404,32
677,610,Heavy Metal (1981),1981,Action|Adventure|Animation|Horror|Sci-Fi,adapted from:comic|animated|animation|awesome soundtrack|cartoon|cult classic|dark fantasy|futuristic|sci-fi|storytelling|surreal|violence|visual,0.19966216,32
389,2662,"War of the Worlds, The (1953)",1953,Action|Sci-Fi|War,adapted from:book|alien|alien invasion|aliens|classic|effects|end of the world|first contact|futuristic|mars|original|sci fi|sci-fi|science fiction|scifi|space|space travel|special effects|technology|visual|weapons,0.19609901,32
643,2664,Invasion of the Body Snatchers (1956),1956,Horror|Sci-Fi,1950s|alien|alien invasion|aliens|allegory|black and white|brainwashing|cerebral|classic|creepy|frightening|horror|masterpiece|ominous|original|paranoia|paranoid|scary|sci fi|sci-fi|science fiction|scifi|suspense|suspenseful|tense,0.19257838,32
680,2455,"Fly, The (1986)",1986,Horror|Sci-Fi,creepy|cult classic|effects|genetics|gory|gruesome|horror|mad scientist|original|sci fi|sci-fi|science fiction|scifi|special effects|splatter|teleportation|visceral,0.18246108,32
344,1253,"Day the Earth Stood Still, The (1951)",1951,Drama|Sci-Fi,1950s|alien|alien invasion|aliens|allegory|black and white|cerebral|classic|first contact|futuristic|imdb top 250|intelligent sci-fi|mars|original|paranoia|paranoid|robot|sci fi|sci-fi|science fiction|scifi|space|space travel|special effects|storytelling|talky|technology|weapons,0.17705722,32
963,2944,"Dirty Dozen, The (1967)",1967,Action|War,action|best war films|brutality|classic|ensemble cast|german|good action|great acting|great movie|imdb top 250|military|moral ambiguity|nazis|original|oscar (best directing)|runaway|violence|violent|war|wartime|world war ii|wwii,0.21457136,33
1416,3654,"Guns of Navarone, The (1961)",1961,Action|Drama|War,70mm|action|action packed|adventure|best war films|classic|dialogue|dramatic|exciting|forceful|foul language|german|good action|great movie|gunfight|imdb top 250|nazis|oscar (best directing)|story|tense|war|wartime|world war ii|wwii,0.19325268,33
98,349,Clear and Present Danger (1994),1994,Action|Adventure|Thriller,action|adapted from:book|based on a book|based on book|chase|conspiracy|good|good action|mentor|political|president|secret service|tense|thriller|tom clancy|world politics,0.18380855,33
80,1370,Die Hard 2 (1990),1990,Action|Thriller,action|action packed|airport|big budget|chase|explosions|fast paced|good|good action|good sequel|gunfight|intense|sequel|sequels|tense|terrorism|vengeance,0.18255048,33
139,2951,"Fistful of Dollars, A (1964)",1964,Action|Western,anti-hero|classic|ennio morricone|gangs|great movie|greed|gunfight|imdb top 250|masterpiece|moral ambiguity|original|spaghetti western|stylish|tense|trilogy|violence|violent|western,0.18087095,33
263,3256,Patriot Games (1992),1992,Action|Thriller,action|action packed|adapted from:book|assassin|assassination|assassins|based on a book|based on book|chase|cia|conspiracy|espionage|fast paced|good|good action|intense|irish|irish accent|mentor|revenge|secret service|secrets|spies|spy|spying|surveillance|suspense|suspenseful|tense|terrorism|thriller|tom clancy|vengeance,0.17516375,33
145,1201,"Good, The Bad and The Ugly, The (1966)",1966,Action|Western,cinematography|civil war|classic|dialogue|ennio morricone|epic|good|good soundtrack|great ending|greed|gunfight|imdb top 250|long|masterpiece|moral ambiguity|original|oscar (best directing)|scenic|spaghetti western|story|storytelling|tense|treasure hunt|violence|violent|western,0.17507938,33
666,2288,"Thing, The (1982)",1982,Action|Horror|Sci-Fi|Thriller,alien|aliens|antarctica|classic|claustrophobic|creepy|cult classic|effects|gore|gory|horror|imdb top 250|isolation|masterpiece|monster|original|paranoia|sci fi|sci-fi|science fiction|scifi|special effects|splatter|suspense|suspenseful|tense|visceral|weird,0.17186077,33
637,3527,Predator (1987),1987,Action|Sci-Fi|Thriller,action|action packed|alien|aliens|arnold|chase|classic|dialogue|futuristic|good action|hunting|jungle|quotable|sci fi|sci-fi|science fiction|scifi|special effects|survival|suspense|tense|violence|violent|weapons,0.17140402,33
144,1387,Jaws (1975),1975,Action|Horror,afi 100 (movie quotes)|amazing photography|boat|classic|claustrophobic|creepy|dialogue|effects|frightening|great|great acting|great movie|horror|imdb top 250|masterpiece|monster|ominous|original|oscar (best directing)|oscar (best editing)|oscar (best supporting actor)|quotable|scary|shark|spielberg|suspense|suspenseful|tense|visceral,0.16880897,33
37,1028,Mary Poppins (1964),1964,Children's|Comedy|Musical,adapted from:book|animation|childhood|children|classic|disney|family|musical|oscar (best actress)|sweet,0.20865159,34
138,2081,"Little Mermaid, The (1989)",1989,Animation|Children's|Comedy|Musical|Romance,animated|animation|cartoon|children|disney|disney animated feature|fairy tale|family|girlie movie|happy ending|kids|kids and family|love|love story|oscar (best music - original song)|sweet|talking animals|witch,0.20864685,34
383,2080,Lady and the Tramp (1955),1955,Animation|Children's|Comedy|Musical|Romance,animals|animated|animation|based on book|cartoon|children|classic|cute|disney|disney animated feature|dog|dogs|fairy tale|family|kids and family|love story|romantic|sweet|talking animals,0.2083578,34
16,1270,Back to the Future (1985),1985,Comedy|Sci-Fi,1950s|1980s|80s|adventure|alternate reality|alternate universe|awesome soundtrack|bullying|childhood|classic|comedy|destiny|excellent script|fantasy|fun|fun movie|future|futuristic|good|great|great ending|great movie|imdb top 250|kids|mentor|nostalgic|original|quotable|saturn award (best special effects)|sci fi|sci-fi|science fiction|scifi|special effects|story|teen|time|time loop|time travel|trilogy,0.19954632,34
29,1022,Cinderella (1950),1950,Animation|Children's|Musical,animals|animated|animation|cartoon|classic|disney|disney animated feature|fairy tale|fairy tales|family|kids and family|rags to riches|romantic|simple|story|sweet,0.19314705,34
125,1197,"Princess Bride, The (1987)",1987,Action|Adventure|Comedy|Romance,action|adapted from:book|adventure|affectionate|based on a book|based on book|classic|comedy|cult classic|fairy tale|fairy tales|fantasy|feel-good|good versus evil|great movie|happy ending|highly quotable|humorous|imdb top 250|love|love story|medieval|modern fantasy|original|quotable|romance|romantic|story|storytelling|swashbuckler|sweet|sword fight|sword fighting|whimsical|witty,0.19194324,34
25,588,Aladdin (1992),1992,Animation|Children's|Comedy|Musical,adventure|animated|animation|cartoon|childhood|children|classic|computer animation|disney|disney animated feature|fairy tale|fun|good|good versus evil|great|kids|kids and family|rags to riches,0.188724,34
405,2096,Sleeping Beauty (1959),1959,Animation|Children's|Musical,70mm|animals|animated|animation|cartoon|classic|disney|disney animated feature|fairy tale|fairy tales|good|good versus evil|magic|modern fantasy|romantic|sweet|talking animals|witch|witches,0.18347353,34
387,2087,Peter Pan (1953),1953,Animation|Children's|Fantasy|Musical,adapted from:book|adventure|animated|animation|cartoon|childhood|children|classic|disney|disney animated feature|fairy tale|family|fun|indians|kids and family|peter pan|pirates,0.18321264,34
376,2078,"Jungle Book, The (1967)",1967,Animation|Children's|Comedy|Musical,adapted from:book|animals|animated|animation|cartoon|classic|disney|disney animated feature|jungle|kids and family|musical|original|snakes|talking animals,0.17769304,34
586,2706,American Pie (1999),1999,Comedy,adolescence|comedy|coming of age|coming-of-age|dumb|funniest movies|funny|geeks|goofy|gross-out|high school|hilarious|humor|humorous|male nudity|nudity (topless - notable)|pg-13|pornography|sex|sex comedy|sexual|sexuality|stereotypes|stupid as hell|teen|teen movie|teenager|teenagers|teens|very funny|virginity,0.18996942,35
599,2694,Big Daddy (1999),1999,Comedy,comedy|funniest movies|funny|goofy|hilarious|single father,0.1867393,35
553,2683,Austin Powers: The Spy Who Shagged Me (1999),1999,Comedy,comedy|crude humor|dumb but funny|funniest movies|funny|funny as hell|good sequel|goofy|hilarious|humor|humorous|original|parody|saturday night live|sequel|sequels|silly|silly fun|spies|spoof|spy|spying|stupid as hell|very funny,0.18417355,35
884,2541,Cruel Intentions (1999),1999,Drama,awesome soundtrack|good soundtrack|high school|manipulation|sexy|teen|teen movie|teenager|teenagers|teens|virginity,0.18000373,35
53,3578,Gladiator (2000),2000,Action|Drama,action|amazing cinematography|betrayal|big budget|breathtaking|cinematography|courage|destiny|dialogue|drama|dramatic|epic|excellent script|fight scenes|forceful|freedom|good|good acting|good action|great|great acting|great ending|great movie|historical|history|imdb top 250|intense|mentor|oscar|oscar (best actor)|oscar (best cinematography)|oscar (best directing)|oscar (best effects - visual effects)|oscar (best picture)|oscar (best supporting actor)|oscar winner|redemption|revenge|rome|slavery|special effects|story|storytelling|stylized|sword fight|us history|vengeance|very good|violence|violent|visceral|visual|visually stunning|war,0.17447332,35
1,3408,Erin Brockovich (2000),2000,Drama,based on a true story|based on true story|courtroom|drama|dramatic|feel good movie|feel-good|fighting the system|girlie movie|good|great acting|lawyer|lawyers|mentor|oscar|oscar (best actress)|oscar (best directing)|true story,0.17330621,35
621,2572,10 Things I Hate About You (1999),1999,Comedy|Romance,awesome soundtrack|bdsm|chick flick|comedy|coming of age|fun|fun movie|geeks|girlie movie|good soundtrack|high school|pg-13|romance|romantic|romantic comedy|shakespeare|teen|teen movie|teenager|teenagers|teens,0.17326656,35
30,2762,"Sixth Sense, The (1999)",1999,Thriller,atmospheric|clever|creepy|drama|eerie|excellent|excellent script|frightening|ghosts|ghosts/afterlife|good|good acting|great|great acting|great ending|great movie|imdb top 250|intense|interesting|mentor|original|oscar (best directing)|oscar (best supporting actor)|pg-13|plot twist|psychological|psychology|scary|secrets|storytelling|supernatural|surprise ending|suspense|suspenseful|thriller|touching|twist|twist ending|twists & turns,0.16747545,35
238,3753,"Patriot, The (2000)",2000,Action|Drama|War,action|best war films|big budget|civil war|courage|drama|dramatic|epic|factual|freedom|good|historical|history|revenge|revolution|slavery|us history|vengeance|war,0.16691732,35
313,3793,X-Men (2000),2000,Action|Sci-Fi,action|adapted from:comic|alter ego|based on a comic|based on comic|big budget|comic book|comic book adaption|comics|cool|dynamic cgi action|fight scenes|fighting|franchise|future|good|good action|great|marvel|mentor|mutants|pg-13|sci-fi|scifi|sequels|special effects|super hero|super-hero|superhero|superheroes,0.16339822,35
37,1028,Mary Poppins (1964),1964,Children's|Comedy|Musical,adapted from:book|animation|childhood|children|classic|disney|family|musical|oscar (best actress)|sweet,0.21922588,36
383,2080,Lady and the Tramp (1955),1955,Animation|Children's|Comedy|Musical|Romance,animals|animated|animation|based on book|cartoon|children|classic|cute|disney|disney animated feature|dog|dogs|fairy tale|family|kids and family|love story|romantic|sweet|talking animals,0.21379896,36
138,2081,"Little Mermaid, The (1989)",1989,Animation|Children's|Comedy|Musical|Romance,animated|animation|cartoon|children|disney|disney animated feature|fairy tale|family|girlie movie|happy ending|kids|kids and family|love|love story|oscar (best music - original song)|sweet|talking animals|witch,0.2123147,36
249,914,My Fair Lady (1964),1964,Musical|Romance,70mm|based on a play|broadway|good music|music|musical|oscar (best actor)|oscar (best actress)|oscar (best directing)|oscar (best picture)|oscar (best supporting actor),0.21189612,36
489,899,Singin' in the Rain (1952),1952,Musical|Romance,affectionate|afi 100|classic|dance|dancing|good music|imdb top 250|music|musical|silent|talky,0.20950724,36
7,595,Beauty and the Beast (1991),1991,Animation|Children's|Musical,animated|animation|cartoon|childhood|computer animation|disney|disney animated feature|fairy tale|fairy tales|heartwarming|kids|kids and family|love story|musical|romantic|story,0.2056454,36
486,898,"Philadelphia Story, The (1940)",1940,Comedy|Romance,classic|great acting|imdb top 250|oscar|oscar (best actor)|oscar (best actress)|oscar (best directing)|romantic comedy|screwball|screwball comedy|talky|witty,0.20540966,36
29,1022,Cinderella (1950),1950,Animation|Children's|Musical,animals|animated|animation|cartoon|classic|disney|disney animated feature|fairy tale|fairy tales|family|kids and family|rags to riches|romantic|simple|story|sweet,0.20453341,36
25,588,Aladdin (1992),1992,Animation|Children's|Comedy|Musical,adventure|animated|animation|cartoon|childhood|children|classic|computer animation|disney|disney animated feature|fairy tale|fun|good|good versus evil|great|kids|kids and family|rags to riches,0.19922668,36
240,1947,West Side Story (1961),1961,Musical|Romance,70mm|broadway|dance|dancing|gangs|good music|love story|music|musical|oscar (best cinematography)|oscar (best directing)|oscar (best picture)|oscar (best supporting actor),0.19218358,36
140,1214,Alien (1979),1979,Action|Horror|Sci-Fi|Thriller,alien|alien invasion|aliens|androids|atmospheric|classic|claustrophobic|creepy|dark|dialogue|franchise|frightening|futuristic|great acting|horror|imdb top 250|intense|masterpiece|monster|ominous|original|oscar (best effects - visual effects)|scary|sci fi|sci-fi|science fiction|scifi|space|space travel|special effects|story|storytelling|suspense|suspenseful|tense|visceral|visual|visually appealing,0.20917553,37
817,1222,Full Metal Jacket (1987),1987,Action|Drama|War,anti-war|based on a book|best war films|brutal|brutality|camp|dark humor|dialogue|drama|dramatic|excellent script|good soundtrack|great acting|imdb top 250|innocence lost|insanity|intense|kubrick|masterpiece|military|moral ambiguity|narrated|original|oscar (best directing)|psychological|realistic|vietnam|vietnam war|violence|violent|visceral|war|war movie|wartime,0.20215079,37
480,1200,Aliens (1986),1986,Action|Sci-Fi|Thriller|War,action|action packed|alien|alien invasion|aliens|androids|atmospheric|classic|claustrophobic|dialogue|franchise|frightening|futuristic|good action|great ending|horror|imdb top 250|intense|masterpiece|monster|original|oscar (best effects - visual effects)|quotable|scary|sci fi|sci-fi|science fiction|scifi|sequel|space|space travel|special effects|story|suspense|suspenseful|tense|visceral|weapons,0.20110418,37
504,541,Blade Runner (1982),1982,Film-Noir|Sci-Fi,adapted from:book|allegory|androids|atmospheric|based on book|bleak|cerebral|cinematography|classic|complex|criterion|cult classic|cult film|cyberpunk|cyborgs|dark|dark hero|distopia|dystopia|dystopic future|enigmatic|existentialism|fighting the system|film noir|future|futuristic|genetics|great cinematography|humanity|imdb top 250|loneliness|los angeles|man versus machine|masterpiece|melancholy|memory|narrated|neo-noir|nocturnal|noir|noir thriller|original|philip k. dick|philosophical|philosophy|reflective|robots|sci fi|sci-fi|science fiction|scifi|special effects|storytelling|stylized|technology|visceral|visual|visually appealing|visually stunning|weird,0.20028539,37
666,2288,"Thing, The (1982)",1982,Action|Horror|Sci-Fi|Thriller,alien|aliens|antarctica|classic|claustrophobic|creepy|cult classic|effects|gore|gory|horror|imdb top 250|isolation|masterpiece|monster|original|paranoia|sci fi|sci-fi|science fiction|scifi|special effects|splatter|suspense|suspenseful|tense|visceral|weird,0.19586155,37
147,1240,"Terminator, The (1984)",1984,Action|Sci-Fi|Thriller,80s|action|android(s)/cyborg(s)|androids|apocalypse|arnold|artificial intelligence|assassin|chase|classic|clones|cloning|cyborgs|dialogue|dystopia|dystopic future|fighting|franchise|future|futuristic|good action|great ending|great movie|highly quotable|imdb top 250|man versus machine|nuclear war|original|original plot|oscar (best directing)|quotable|robot|robots|sci fi|sci-fi|science fiction|scifi|special effects|story|suspense|technology|tense|thriller|time travel|violence|violent|visceral|visual,0.19478483,37
671,1206,"Clockwork Orange, A (1971)",1971,Sci-Fi,adaptation|adapted from:book|based on a book|based on book|brainwashing|brutal|brutality|cerebral|controversial|cult classic|cult film|dark|dark humor|disturbing|enigmatic|futuristic|good soundtrack|gratuitous violence|imdb top 250|insanity|interesting|kubrick|masterpiece|mindfuck|narrated|obsession|original|pornography|psychological|psychology|rape|satire|satirical|sexualized violence|social commentary|storytelling|stylized|surreal|violence|violent|visceral|visual|visually appealing|weird,0.19429615,37
113,1394,Raising Arizona (1987),1987,Comedy,absurd|affectionate|amazing cinematography|classic|coen bros|coen brothers|comedy|crime|cult classic|dark humor|funny|goofy|hilarious|imdb top 250|kidnapping|masterpiece|narrated|off-beat comedy|original|parenthood|prison escape|quirky|quotable|storytelling|surreal|weird|witty,0.19375397,37
549,1288,This Is Spinal Tap (1984),1984,Comedy|Drama|Musical,absurd|classic|comedy|criterion|cult|cult classic|cult film|deadpan|fake documentary|farce|funniest movies|funny|goofy|hilarious|imdb top 250|mockumentary|music business|musicians|original|parody|quotable|rock and roll|satire|satirical|spoof,0.19082503,37
514,1220,"Blues Brothers, The (1980)",1980,Action|Comedy|Musical,amazing photography|brothers|car chase|cars|chase|classic|comedy|cult classic|cult film|good music|great music|imdb top 250|mission from god|music|musical|musicians|original|quotable|road trip|saturday night live,0.19077206,37
140,1214,Alien (1979),1979,Action|Horror|Sci-Fi|Thriller,alien|alien invasion|aliens|androids|atmospheric|classic|claustrophobic|creepy|dark|dialogue|franchise|frightening|futuristic|great acting|horror|imdb top 250|intense|masterpiece|monster|ominous|original|oscar (best effects - visual effects)|scary|sci fi|sci-fi|science fiction|scifi|space|space travel|special effects|story|storytelling|suspense|suspenseful|tense|visceral|visual|visually appealing,0.21194014,38
504,541,Blade Runner (1982),1982,Film-Noir|Sci-Fi,adapted from:book|allegory|androids|atmospheric|based on book|bleak|cerebral|cinematography|classic|complex|criterion|cult classic|cult film|cyberpunk|cyborgs|dark|dark hero|distopia|dystopia|dystopic future|enigmatic|existentialism|fighting the system|film noir|future|futuristic|genetics|great cinematography|humanity|imdb top 250|loneliness|los angeles|man versus machine|masterpiece|melancholy|memory|narrated|neo-noir|nocturnal|noir|noir thriller|original|philip k. dick|philosophical|philosophy|reflective|robots|sci fi|sci-fi|science fiction|scifi|special effects|storytelling|stylized|technology|visceral|visual|visually appealing|visually stunning|weird,0.20199391,38
817,1222,Full Metal Jacket (1987),1987,Action|Drama|War,anti-war|based on a book|best war films|brutal|brutality|camp|dark humor|dialogue|drama|dramatic|excellent script|good soundtrack|great acting|imdb top 250|innocence lost|insanity|intense|kubrick|masterpiece|military|moral ambiguity|narrated|original|oscar (best directing)|psychological|realistic|vietnam|vietnam war|violence|violent|visceral|war|war movie|wartime,0.2013037,38
480,1200,Aliens (1986),1986,Action|Sci-Fi|Thriller|War,action|action packed|alien|alien invasion|aliens|androids|atmospheric|classic|claustrophobic|dialogue|franchise|frightening|futuristic|good action|great ending|horror|imdb top 250|intense|masterpiece|monster|original|oscar (best effects - visual effects)|quotable|scary|sci fi|sci-fi|science fiction|scifi|sequel|space|space travel|special effects|story|suspense|suspenseful|tense|visceral|weapons,0.20035958,38
671,1206,"Clockwork Orange, A (1971)",1971,Sci-Fi,adaptation|adapted from:book|based on a book|based on book|brainwashing|brutal|brutality|cerebral|controversial|cult classic|cult film|dark|dark humor|disturbing|enigmatic|futuristic|good soundtrack|gratuitous violence|imdb top 250|insanity|interesting|kubrick|masterpiece|mindfuck|narrated|obsession|original|pornography|psychological|psychology|rape|satire|satirical|sexualized violence|social commentary|storytelling|stylized|surreal|violence|violent|visceral|visual|visually appealing|weird,0.19735493,38
147,1240,"Terminator, The (1984)",1984,Action|Sci-Fi|Thriller,80s|action|android(s)/cyborg(s)|androids|apocalypse|arnold|artificial intelligence|assassin|chase|classic|clones|cloning|cyborgs|dialogue|dystopia|dystopic future|fighting|franchise|future|futuristic|good action|great ending|great movie|highly quotable|imdb top 250|man versus machine|nuclear war|original|original plot|oscar (best directing)|quotable|robot|robots|sci fi|sci-fi|science fiction|scifi|special effects|story|suspense|technology|tense|thriller|time travel|violence|violent|visceral|visual,0.19646338,38
666,2288,"Thing, The (1982)",1982,Action|Horror|Sci-Fi|Thriller,alien|aliens|antarctica|classic|claustrophobic|creepy|cult classic|effects|gore|gory|horror|imdb top 250|isolation|masterpiece|monster|original|paranoia|sci fi|sci-fi|science fiction|scifi|special effects|splatter|suspense|suspenseful|tense|visceral|weird,0.19633062,38
113,1394,Raising Arizona (1987),1987,Comedy,absurd|affectionate|amazing cinematography|classic|coen bros|coen brothers|comedy|crime|cult classic|dark humor|funny|goofy|hilarious|imdb top 250|kidnapping|masterpiece|narrated|off-beat comedy|original|parenthood|prison escape|quirky|quotable|storytelling|surreal|weird|witty,0.19545434,38
549,1288,This Is Spinal Tap (1984),1984,Comedy|Drama|Musical,absurd|classic|comedy|criterion|cult|cult classic|cult film|deadpan|fake documentary|farce|funniest movies|funny|goofy|hilarious|imdb top 250|mockumentary|music business|musicians|original|parody|quotable|rock and roll|satire|satirical|spoof,0.19186716,38
514,1220,"Blues Brothers, The (1980)",1980,Action|Comedy|Musical,amazing photography|brothers|car chase|cars|chase|classic|comedy|cult classic|cult film|good music|great music|imdb top 250|mission from god|music|musical|musicians|original|quotable|road trip|saturday night live,0.18844737,38
940,922,Sunset Blvd. (a.k.a. Sunset Boulevard) (1950),1950,Film-Noir,afi 100 (movie quotes)|amazing cinematography|black and white|classic|criterion|cynical|dark|dramatic|eerie|film noir|great acting|greed|hollywood|imdb top 250|insanity|interesting|loneliness|masterpiece|narrated|noir|obsession|original|oscar (best actress)|oscar (best directing)|oscar (best picture)|satirical|silent|talky,0.1717736,39
826,3435,Double Indemnity (1944),1944,Crime|Film-Noir,adapted from:book|adultery|atmospheric|black and white|bleak|cinematography|classic|complex|complicated|crime|crime gone awry|criterion|cynical|dark|dialogue|downbeat|enigmatic|film noir|great acting|great ending|greed|imdb top 250|interesting|investigation|manipulation|masterpiece|murder|murder mystery|mystery|narrated|neo-noir|noir|noir thriller|original|oscar (best actress)|oscar (best cinematography)|oscar (best directing)|police investigation|sexy|stylized|suspense|suspenseful|talky|tense|twists & turns,0.16879873,39
941,2186,Strangers on a Train (1951),1951,Film-Noir|Thriller,black and white|classic|crime|criterion|great ending|hitchcock|imdb top 250|interesting|masterpiece|murder|obsession|original|oscar (best cinematography)|oscar (best directing)|police investigation|runaway|suspense|suspenseful|talky|tense|thriller|train,0.16764669,39
932,1252,Chinatown (1974),1974,Film-Noir|Mystery|Thriller,1930s|adultery|afi 100|afi 100 (movie quotes)|atmospheric|black and white|bleak|cinematography|classic|complex|complicated|corruption|crime|criterion|cynical|dark|detective|downbeat|enigmatic|excellent script|exceptional acting|film noir|good acting|great|great acting|great ending|great movie|greed|imdb top 250|interesting|investigation|los angeles|masterpiece|melancholic|murder|murder mystery|mystery|neo-noir|noir|noir thriller|original|oscar (best actress)|oscar (best directing)|perfect|plot twist|political corruption|powerful ending|private detective|quotable|secrets|social commentary|storytelling|stylish|suspense|twists & turns,0.1666269,39
199,913,"Maltese Falcon, The (1941)",1941,Film-Noir|Mystery,adapted from:book|afi 100 (movie quotes)|atmospheric|black and white|classic|criterion|cynical|detective|dialogue|film noir|great acting|great dialogue|great ending|greed|highly quotable|imdb top 250|literary adaptation|masterpiece|murder|mystery|neo-noir|noir|noir thriller|original|oscar (best directing)|private detective|quotable|san francisco|talky|twists & turns,0.16546655,39
433,926,All About Eve (1950),1950,Drama,afi 100|afi 100 (movie quotes)|black and white|character study|classic|dramatic|excellent script|great acting|great dialogue|imdb top 250|manipulation|masterpiece|obsession|oscar|oscar (best actress)|oscar (best directing)|oscar (best picture)|oscar (best supporting actor)|oscar (best supporting actress)|oscar winner|quotable|talky|witty,0.1651247,39
188,908,North by Northwest (1959),1959,Drama|Thriller,adventure|chase|classic|complicated|enigmatic|espionage|excellent script|great ending|hitchcock|imdb top 250|masterpiece|mistaken identity|murder|noir thriller|obsession|original|oscar (best directing)|paranoid|police investigation|secrets|spy|spying|suspense|suspenseful|tense|thriller|twists & turns|witty,0.16203085,39
640,1284,"Big Sleep, The (1946)",1946,Film-Noir|Mystery,adapted from:book|based on a book|black and white|classic|complex|complicated|complicated plot|criterion|detective|dialogue|enigmatic|film noir|highly quotable|imdb top 250|investigation|murder|murder mystery|mystery|neo-noir|noir|noir thriller|original|police investigation|pornography|private detective|sexy|talky|twists & turns,0.16174887,39
1431,1212,"Third Man, The (1949)",1949,Mystery|Thriller,afi 100|amazing cinematography|atmospheric|betrayal|black and white|bleak|cinematography|classic|criterion|downbeat|enigmatic|excellent script|film noir|golden palm|great acting|great cinematography|imdb top 250|masterpiece|melancholic|murder|mystery|noir|noir thriller|ominous|oscar (best cinematography)|oscar (best directing)|photography|storytelling|stylized|talky|vienna|visual,0.16003358,39
942,930,Notorious (1946),1946,Film-Noir|Romance|Thriller,assassination|betrayal|classic|complicated|criterion|enigmatic|espionage|hitchcock|imdb top 250|love story|nazi|nazis|noir thriller|original|oscar (best directing)|romance|secrets|spy|spying|suspense|suspenseful|talky|tense|thriller,0.15848872,39
40,2028,Saving Private Ryan (1998),1998,Action|Drama|War,action|amazing cinematography|best war films|brutality|courage|drama|dramatic|excellent script|good|good acting|great acting|great ending|great movie|historical|history|imdb top 250|intense|oscar (best cinematography)|oscar (best directing)|oscar (best picture)|powerful ending|realistic|sacrifice|sentimental|spielberg|us history|violence|violent|visceral|war|war movie|wartime|world war ii|wwii,0.23138481,40
56,1610,"Hunt for Red October, The (1990)",1990,Action|Thriller,action|adapted from:book|based on a book|based on book|books|chase|claustrophobic|cold war|conspiracy|espionage|excellent|fast paced|good|good action|great acting|great ending|great movie|intense|political corruption|russian|secrets|spies|spy|spying|submarine|suspense|suspenseful|tense|thriller|tom clancy|weapons|world politics,0.22465372,40
99,457,"Fugitive, The (1993)",1993,Action|Thriller,action|based on a tv show|chase|conspiracy|crime|doctors|excellent script|exciting|fast paced|good|good acting|good action|great|great acting|great ending|great movie|intense|investigation|mentor|murder|oscar (best supporting actor)|oscar winner|police investigation|realistic action|series|suspense|suspenseful|tense|thriller|tom clancy|twists & turns,0.21381386,40
109,318,"Shawshank Redemption, The (1994)",1994,Drama,adapted from:book|based on book|compassionate|crime|drama|earnest|excellent script|francis ford copolla|freedom|friendship|good|good acting|great|great acting|great ending|great movie|happy ending|heartwarming|imdb top 250|inspirational|intense|interesting|justice|literature|masterpiece|mentor|narrated|original|oscar (best directing)|oscar (best picture)|oscar (best supporting actor)|powerful ending|prison|prison escape|redemption|sentimental|story|storytelling|surprise ending|touching|twists & turns|unlikely friendships,0.20719342,40
83,590,Dances with Wolves (1990),1990,Adventure|Drama|Western,amazing cinematography|based on book|beautiful scenery|breathtaking|cinematography|civil war|courage|culture clash|destiny|earnest|epic|great acting|historical|indians|long|love story|native americans|oscar|oscar (best cinematography)|oscar (best directing)|oscar (best picture)|oscar (best supporting actor)|us history,0.20656952,40
17,527,Schindler's List (1993),1993,Drama|War,afi 100|amazing photography|anti-semitism|based on a true story|based on book|based on true story|black and white|compassionate|courage|drama|dramatic|earnest|excellent script|genocide|good|good acting|great acting|great ending|heartbreaking|historical|history|holocaust|honest|imdb top 250|intense|interesting|jewish|jews|masterpiece|nazi|nazis|oscar|oscar (best actor)|oscar (best actress)|oscar (best cinematography)|oscar (best directing)|oscar (best editing)|oscar (best picture)|oscar winner|poignant|poland|powerful ending|sentimental|spielberg|touching|tragedy|true story|us history|war|world war ii|wwii,0.19976203,40
31,150,Apollo 13 (1995),1995,Drama,astronauts|based on a true story|based on true story|catastrophe|claustrophobic|courage|drama|dramatic|excellent script|factual|great acting|historical|history|mars|moon|nasa|nostalgic|oscar (best directing)|oscar winner|science|space|space opera|space program|space travel|stranded|suspense|tense|true story,0.19673641,40
263,3256,Patriot Games (1992),1992,Action|Thriller,action|action packed|adapted from:book|assassin|assassination|assassins|based on a book|based on book|chase|cia|conspiracy|espionage|fast paced|good|good action|intense|irish|irish accent|mentor|revenge|secret service|secrets|spies|spy|spying|surveillance|suspense|suspenseful|tense|terrorism|thriller|tom clancy|vengeance,0.19629057,40
50,2268,"Few Good Men, A (1992)",1992,Crime|Drama,based on a play|conspiracy|corruption|court|courtroom|courtroom drama|drama|dramatic|earnest|ensemble cast|excellent|excellent script|forceful|good|good acting|great acting|highly quotable|intense|investigation|justice|lawyer|lawyers|mentor|military|murder|police investigation|quotable|secrets|suspense|tense|tom clancy,0.1950201,40
66,110,Braveheart (1995),1995,Action|Drama|War,action|adventure|amazing cinematography|best war films|betrayal|big budget|bloody|breathtaking|cinematography|courage|drama|dramatic|earnest|england|epic|factual|fight scenes|forceful|freedom|good|great|great acting|great ending|great movie|historical|history|imdb top 250|inspirational|intense|long|love story|medieval|mentor|oscar|oscar (best cinematography)|oscar (best directing)|oscar (best picture)|oscar winner|passionate|powerful ending|rebellion|revenge|revolution|sacrifice|scotland|story|sword fight|us history|vengeance|violent|visceral|war,0.19030412,40
940,922,Sunset Blvd. (a.k.a. Sunset Boulevard) (1950),1950,Film-Noir,afi 100 (movie quotes)|amazing cinematography|black and white|classic|criterion|cynical|dark|dramatic|eerie|film noir|great acting|greed|hollywood|imdb top 250|insanity|interesting|loneliness|masterpiece|narrated|noir|obsession|original|oscar (best actress)|oscar (best directing)|oscar (best picture)|satirical|silent|talky,0.17157866,41
826,3435,Double Indemnity (1944),1944,Crime|Film-Noir,adapted from:book|adultery|atmospheric|black and white|bleak|cinematography|classic|complex|complicated|crime|crime gone awry|criterion|cynical|dark|dialogue|downbeat|enigmatic|film noir|great acting|great ending|greed|imdb top 250|interesting|investigation|manipulation|masterpiece|murder|murder mystery|mystery|narrated|neo-noir|noir|noir thriller|original|oscar (best actress)|oscar (best cinematography)|oscar (best directing)|police investigation|sexy|stylized|suspense|suspenseful|talky|tense|twists & turns,0.16847846,41
941,2186,Strangers on a Train (1951),1951,Film-Noir|Thriller,black and white|classic|crime|criterion|great ending|hitchcock|imdb top 250|interesting|masterpiece|murder|obsession|original|oscar (best cinematography)|oscar (best directing)|police investigation|runaway|suspense|suspenseful|talky|tense|thriller|train,0.16749674,41
932,1252,Chinatown (1974),1974,Film-Noir|Mystery|Thriller,1930s|adultery|afi 100|afi 100 (movie quotes)|atmospheric|black and white|bleak|cinematography|classic|complex|complicated|corruption|crime|criterion|cynical|dark|detective|downbeat|enigmatic|excellent script|exceptional acting|film noir|good acting|great|great acting|great ending|great movie|greed|imdb top 250|interesting|investigation|los angeles|masterpiece|melancholic|murder|murder mystery|mystery|neo-noir|noir|noir thriller|original|oscar (best actress)|oscar (best directing)|perfect|plot twist|political corruption|powerful ending|private detective|quotable|secrets|social commentary|storytelling|stylish|suspense|twists & turns,0.16724342,41
199,913,"Maltese Falcon, The (1941)",1941,Film-Noir|Mystery,adapted from:book|afi 100 (movie quotes)|atmospheric|black and white|classic|criterion|cynical|detective|dialogue|film noir|great acting|great dialogue|great ending|greed|highly quotable|imdb top 250|literary adaptation|masterpiece|murder|mystery|neo-noir|noir|noir thriller|original|oscar (best directing)|private detective|quotable|san francisco|talky|twists & turns,0.16531293,41
433,926,All About Eve (1950),1950,Drama,afi 100|afi 100 (movie quotes)|black and white|character study|classic|dramatic|excellent script|great acting|great dialogue|imdb top 250|manipulation|masterpiece|obsession|oscar|oscar (best actress)|oscar (best directing)|oscar (best picture)|oscar (best supporting actor)|oscar (best supporting actress)|oscar winner|quotable|talky|witty,0.16498098,41
640,1284,"Big Sleep, The (1946)",1946,Film-Noir|Mystery,adapted from:book|based on a book|black and white|classic|complex|complicated|complicated plot|criterion|detective|dialogue|enigmatic|film noir|highly quotable|imdb top 250|investigation|murder|murder mystery|mystery|neo-noir|noir|noir thriller|original|police investigation|pornography|private detective|sexy|talky|twists & turns,0.16184805,41
188,908,North by Northwest (1959),1959,Drama|Thriller,adventure|chase|classic|complicated|enigmatic|espionage|excellent script|great ending|hitchcock|imdb top 250|masterpiece|mistaken identity|murder|noir thriller|obsession|original|oscar (best directing)|paranoid|police investigation|secrets|spy|spying|suspense|suspenseful|tense|thriller|twists & turns|witty,0.16081057,41
1431,1212,"Third Man, The (1949)",1949,Mystery|Thriller,afi 100|amazing cinematography|atmospheric|betrayal|black and white|bleak|cinematography|classic|criterion|downbeat|enigmatic|excellent script|film noir|golden palm|great acting|great cinematography|imdb top 250|masterpiece|melancholic|murder|mystery|noir|noir thriller|ominous|oscar (best cinematography)|oscar (best directing)|photography|storytelling|stylized|talky|vienna|visual,0.16003117,41
942,930,Notorious (1946),1946,Film-Noir|Romance|Thriller,assassination|betrayal|classic|complicated|criterion|enigmatic|espionage|hitchcock|imdb top 250|love story|nazi|nazis|noir thriller|original|oscar (best directing)|romance|secrets|spy|spying|suspense|suspenseful|talky|tense|thriller,0.15866202,41
879,1917,Armageddon (1998),1998,Action|Adventure|Sci-Fi|Thriller,action|action packed|adventure|apocalypse|astronauts|bad science|big budget|catastrophe|disaster|end of the world|explosions|fast paced|good action|liv tyler|nasa|natural disaster|pg-13|sci fi|sci-fi|science|science fiction|scifi|silly fun|space|space program|space travel|special effects|unrealistic,0.19561589,42
784,70,From Dusk Till Dawn (1996),1996,Action|Comedy|Crime|Horror|Thriller,action|blood|bloody|brothers|brutality|cool|cult classic|cult film|fun movie|good soundtrack|gore|gory|gratuitous violence|horror|original|splatter|strippers|stylish|tarantino|vampire|vampires|violence|violent,0.18497166,42
432,780,Independence Day (ID4) (1996),1996,Action|Sci-Fi|War,action|action packed|adventure|alien|alien invasion|aliens|apocalypse|big budget|chase|dynamic cgi action|end of the world|first contact|fun movie|good action|lone hero|natural disaster|oscar (best effects - visual effects)|pg-13|saturn award (best special effects)|sci fi|sci-fi|science fiction|scifi|space opera|special effects|story|technology|weapons,0.18382876,42
62,1544,"Lost World: Jurassic Park, The (1997)",1997,Action|Adventure|Sci-Fi|Thriller,action|adventure|based on a book|big budget|dinosaurs|dynamic cgi action|franchise|good sequel|jungle|sequel|sequels|special effects|spielberg,0.17995736,42
530,2617,"Mummy, The (1999)",1999,Action|Adventure|Horror|Thriller,action|action packed|adventure|archaeology|big budget|chase|egypt|exciting|fast paced|fun|fun movie|good action|mummy|mythology|pg-13|silly fun|special effects|treasure|treasure hunt,0.1795256,42
1214,1552,Con Air (1997),1997,Action|Adventure|Thriller,action|action packed|big budget|chase|explosions|fast paced|good action|prison|prison escape|realistic action|vengeance,0.17535761,42
1705,2881,Double Jeopardy (1999),1999,Action|Thriller,chase|murder|police investigation|revenge,0.17248932,42
120,2167,Blade (1998),1998,Action|Adventure|Horror,action|action packed|adapted from:comic|awesome soundtrack|based on a comic|based on comic|big budget|blood|comic book|cool|fast paced|fight scenes|good action|goth|marvel|mentor|nocturnal|special effects|splatter|super hero|super-hero|superhero|superheroes|sword fight|vampire|vampires|vengeance|violence|violent|visually appealing|weapons,0.16820851,42
106,2002,Lethal Weapon 3 (1992),1992,Action|Comedy|Crime|Drama,action|action packed|big budget|buddy movie|chase|comedy|crime|fast paced|fight scenes|franchise|good|good action|good sequel|police|sequel|series|silly fun|vengeance|weapons,0.1668615,42
85,736,Twister (1996),1996,Action|Adventure|Romance|Thriller,action|action packed|adventure|big budget|chase|dialogue|disaster|effects|exciting|fast paced|fun movie|good action|natural disaster|science|special effects|story,0.16519766,42
197,1089,Reservoir Dogs (1992),1992,Crime|Thriller,blood|bloody|brutal|brutality|caper|clever|complicated|cool|crime|crime gone awry|cult|cult classic|cult film|dark humor|dialogue|dialogue driven|drama|ensemble cast|excellent script|foul language|gangster|gangsters|golden palm|good acting|good dialogue|good soundtrack|gratuitous violence|great acting|great dialogue|great ending|great movie|great soundtrack|guns|heist|highly quotable|hit men|imdb top 250|independent film|interesting|masterpiece|mob|narrated|neo-noir|non-linear|nonlinear|organized crime|original|pulp|quotable|robbery|story|storytelling|stylish|stylized|suprisingly clever|suspense|talky|tarantino|tense|undercover cop|vengeance|violence|violent|visceral,0.2430607,43
870,3210,Fast Times at Ridgemont High (1982),1982,Comedy,1980s|80s|adolescence|cheerleading|classic|comedy|cult classic|geeks|good soundtrack|great soundtrack|high school|original|pornography|quotable|rock and roll|stoner movie|teen|teen movie|teenager|teenagers|teens|virginity,0.23130861,43
113,1394,Raising Arizona (1987),1987,Comedy,absurd|affectionate|amazing cinematography|classic|coen bros|coen brothers|comedy|crime|cult classic|dark humor|funny|goofy|hilarious|imdb top 250|kidnapping|masterpiece|narrated|off-beat comedy|original|parenthood|prison escape|quirky|quotable|storytelling|surreal|weird|witty,0.2160648,43
128,3552,Caddyshack (1980),1980,Comedy,chase|classic|comedy|dumb but funny|funniest movies|funny|golf|goofy|great movie|hilarious|humorous|mentor|off-beat comedy|quotable|saturday night live|very funny,0.21542905,43
325,1060,Swingers (1996),1996,Comedy|Drama,coming of age|cool|dialogue|drinking|friendship|great dialogue|great movie|independent film|los angeles|mentor|original|quotable|relationships|unlikely friendships,0.20970593,43
185,1213,GoodFellas (1990),1990,Crime|Drama,adapted from:book|amazing cinematography|anti-hero|based on a book|based on book|based on true story|bloody|brutal|brutality|classic|crime|crime gone awry|dark humor|dialogue|drama|excellent script|fast paced|foul language|gangster|gangsters|good|good acting|good soundtrack|gratuitous violence|great acting|great dialogue|great ending|great movie|gritty|heist|highly quotable|hit men|imdb top 250|interesting|mafia|masterpiece|mentor|mob|narrated|organized crime|original|oscar (best actor)|oscar (best directing)|oscar (best picture)|oscar (best supporting actor)|powerful ending|quotable|rags to riches|storytelling|stylish|stylized|violence|violent|visceral,0.20730026,43
163,296,Pulp Fiction (1994),1994,Crime|Drama,bloody|brutality|coen bros|cool|crime|crime gone awry|cult classic|cult film|dark humor|dialogue|dialogue driven|drugs|ensemble cast|entirely dialogue|excellent script|foul language|gangster|gangsters|golden palm|good acting|good dialogue|good soundtrack|gratuitous violence|great acting|great dialogue|great ending|great movie|great music|guns|highly quotable|hit men|imdb top 250|interesting|masterpiece|mob|multiple storylines|non-linear|nonlinear|organized crime|original|oscar (best supporting actor)|oscar (best writing - screenplay written directly for the screen)|pulp|quotable|sexualized violence|storytelling|stylish|stylized|suprisingly clever|talky|tarantino|twist|twists & turns|violence|violent|visceral|weird,0.19389641,43
951,1285,Heathers (1989),1989,Comedy,80s|adolescence|black comedy|cheerleading|cult|cult classic|cult film|cynical|dark|dark comedy|dark humor|geeks|good soundtrack|high school|original|quotable|satire|satirical|suicide|teen|teen movie|teenager|teenagers|teens,0.1932306,43
817,1222,Full Metal Jacket (1987),1987,Action|Drama|War,anti-war|based on a book|best war films|brutal|brutality|camp|dark humor|dialogue|drama|dramatic|excellent script|good soundtrack|great acting|imdb top 250|innocence lost|insanity|intense|kubrick|masterpiece|military|moral ambiguity|narrated|original|oscar (best directing)|psychological|realistic|vietnam|vietnam war|violence|violent|visceral|war|war movie|wartime,0.19143392,43
10,2918,Ferris Bueller's Day Off (1986),1986,Comedy,1980s|80s|adolescence|childhood|classic|comedy|coming of age|cool|cult classic|excellent script|fun|fun movie|good soundtrack|high school|imdb top 250|mentor|original|pg-13|quotable|rebellion|school|teen|teen movie|teenager|teens,0.19124004,43
408,2746,Little Shop of Horrors (1986),1986,Comedy|Horror|Musical,broadway|cult classic|dark humor|good music|great music|music|musical|original,0.16087812,44
412,339,While You Were Sleeping (1995),1995,Comedy|Romance,chick flick|cute|destiny|family|feel good movie|feel-good|girlie movie|good romantic comedies|happy ending|heartwarming|love|love story|romance|romantic|romantic comedy|sweet,0.16065766,44
2059,1367,101 Dalmatians (1996),1996,Children's|Comedy,animal movie|animals|animated|animation|cartoon|children|cute|cute!|disney|dog|dogs|family|fun|remake|talking animals,0.15926908,44
246,1088,Dirty Dancing (1987),1987,Musical|Romance,chick flick|dance|dancing|girlie movie|love|love story|nostalgic|romance|romantic|teen,0.15890425,44
383,2080,Lady and the Tramp (1955),1955,Animation|Children's|Comedy|Musical|Romance,animals|animated|animation|based on book|cartoon|children|classic|cute|disney|disney animated feature|dog|dogs|fairy tale|family|kids and family|love story|romantic|sweet|talking animals,0.15845889,44
622,2724,Runaway Bride (1999),1999,Comedy|Romance,chick flick|cute|cute!|destiny|feel-good|girlie movie|good romantic comedies|happy ending|love story|predictable|romance|romantic|romantic comedy|shopping|small town|wedding,0.15817231,44
233,1569,My Best Friend's Wedding (1997),1997,Comedy|Romance,chick flick|gay|gay character|girlie movie|good romantic comedies|happy ending|love|love story|relationships|romance|romantic|romantic comedy|sweet|unlikely friendships|wedding,0.15746574,44
494,3247,Sister Act (1992),1992,Comedy|Crime,comedy|family|girlie movie|san francisco|sisters,0.15513511,44
225,1688,Anastasia (1997),1997,Animation|Children's|Musical,animated|animation|cartoon|computer animation|disney|disney animated feature|fairy tale|family|historical|romantic,0.1532114,44
455,2424,You've Got Mail (1998),1998,Comedy|Romance,chick flick|cute|cute!|destiny|feel good movie|feel-good|girlie movie|good romantic comedies|happy ending|internet|love story|predictable|relationships|romance|romantic|romantic comedy|sappy|shopping|sweet,0.15310088,44
197,1089,Reservoir Dogs (1992),1992,Crime|Thriller,blood|bloody|brutal|brutality|caper|clever|complicated|cool|crime|crime gone awry|cult|cult classic|cult film|dark humor|dialogue|dialogue driven|drama|ensemble cast|excellent script|foul language|gangster|gangsters|golden palm|good acting|good dialogue|good soundtrack|gratuitous violence|great acting|great dialogue|great ending|great movie|great soundtrack|guns|heist|highly quotable|hit men|imdb top 250|independent film|interesting|masterpiece|mob|narrated|neo-noir|non-linear|nonlinear|organized crime|original|pulp|quotable|robbery|story|storytelling|stylish|stylized|suprisingly clever|suspense|talky|tarantino|tense|undercover cop|vengeance|violence|violent|visceral,0.24503914,45
870,3210,Fast Times at Ridgemont High (1982),1982,Comedy,1980s|80s|adolescence|cheerleading|classic|comedy|cult classic|geeks|good soundtrack|great soundtrack|high school|original|pornography|quotable|rock and roll|stoner movie|teen|teen movie|teenager|teenagers|teens|virginity,0.23137285,45
128,3552,Caddyshack (1980),1980,Comedy,chase|classic|comedy|dumb but funny|funniest movies|funny|golf|goofy|great movie|hilarious|humorous|mentor|off-beat comedy|quotable|saturday night live|very funny,0.21556588,45
113,1394,Raising Arizona (1987),1987,Comedy,absurd|affectionate|amazing cinematography|classic|coen bros|coen brothers|comedy|crime|cult classic|dark humor|funny|goofy|hilarious|imdb top 250|kidnapping|masterpiece|narrated|off-beat comedy|original|parenthood|prison escape|quirky|quotable|storytelling|surreal|weird|witty,0.21534896,45
325,1060,Swingers (1996),1996,Comedy|Drama,coming of age|cool|dialogue|drinking|friendship|great dialogue|great movie|independent film|los angeles|mentor|original|quotable|relationships|unlikely friendships,0.2099839,45
185,1213,GoodFellas (1990),1990,Crime|Drama,adapted from:book|amazing cinematography|anti-hero|based on a book|based on book|based on true story|bloody|brutal|brutality|classic|crime|crime gone awry|dark humor|dialogue|drama|excellent script|fast paced|foul language|gangster|gangsters|good|good acting|good soundtrack|gratuitous violence|great acting|great dialogue|great ending|great movie|gritty|heist|highly quotable|hit men|imdb top 250|interesting|mafia|masterpiece|mentor|mob|narrated|organized crime|original|oscar (best actor)|oscar (best directing)|oscar (best picture)|oscar (best supporting actor)|powerful ending|quotable|rags to riches|storytelling|stylish|stylized|violence|violent|visceral,0.20612973,45
163,296,Pulp Fiction (1994),1994,Crime|Drama,bloody|brutality|coen bros|cool|crime|crime gone awry|cult classic|cult film|dark humor|dialogue|dialogue driven|drugs|ensemble cast|entirely dialogue|excellent script|foul language|gangster|gangsters|golden palm|good acting|good dialogue|good soundtrack|gratuitous violence|great acting|great dialogue|great ending|great movie|great music|guns|highly quotable|hit men|imdb top 250|interesting|masterpiece|mob|multiple storylines|non-linear|nonlinear|organized crime|original|oscar (best supporting actor)|oscar (best writing - screenplay written directly for the screen)|pulp|quotable|sexualized violence|storytelling|stylish|stylized|suprisingly clever|talky|tarantino|twist|twists & turns|violence|violent|visceral|weird,0.19514751,45
951,1285,Heathers (1989),1989,Comedy,80s|adolescence|black comedy|cheerleading|cult|cult classic|cult film|cynical|dark|dark comedy|dark humor|geeks|good soundtrack|high school|original|quotable|satire|satirical|suicide|teen|teen movie|teenager|teenagers|teens,0.19323798,45
817,1222,Full Metal Jacket (1987),1987,Action|Drama|War,anti-war|based on a book|best war films|brutal|brutality|camp|dark humor|dialogue|drama|dramatic|excellent script|good soundtrack|great acting|imdb top 250|innocence lost|insanity|intense|kubrick|masterpiece|military|moral ambiguity|narrated|original|oscar (best directing)|psychological|realistic|vietnam|vietnam war|violence|violent|visceral|war|war movie|wartime,0.19222201,45
10,2918,Ferris Bueller's Day Off (1986),1986,Comedy,1980s|80s|adolescence|childhood|classic|comedy|coming of age|cool|cult classic|excellent script|fun|fun movie|good soundtrack|high school|imdb top 250|mentor|original|pg-13|quotable|rebellion|school|teen|teen movie|teenager|teens,0.19059908,45
140,1214,Alien (1979),1979,Action|Horror|Sci-Fi|Thriller,alien|alien invasion|aliens|androids|atmospheric|classic|claustrophobic|creepy|dark|dialogue|franchise|frightening|futuristic|great acting|horror|imdb top 250|intense|masterpiece|monster|ominous|original|oscar (best effects - visual effects)|scary|sci fi|sci-fi|science fiction|scifi|space|space travel|special effects|story|storytelling|suspense|suspenseful|tense|visceral|visual|visually appealing,0.21282682,46
817,1222,Full Metal Jacket (1987),1987,Action|Drama|War,anti-war|based on a book|best war films|brutal|brutality|camp|dark humor|dialogue|drama|dramatic|excellent script|good soundtrack|great acting|imdb top 250|innocence lost|insanity|intense|kubrick|masterpiece|military|moral ambiguity|narrated|original|oscar (best directing)|psychological|realistic|vietnam|vietnam war|violence|violent|visceral|war|war movie|wartime,0.2017827,46
504,541,Blade Runner (1982),1982,Film-Noir|Sci-Fi,adapted from:book|allegory|androids|atmospheric|based on book|bleak|cerebral|cinematography|classic|complex|criterion|cult classic|cult film|cyberpunk|cyborgs|dark|dark hero|distopia|dystopia|dystopic future|enigmatic|existentialism|fighting the system|film noir|future|futuristic|genetics|great cinematography|humanity|imdb top 250|loneliness|los angeles|man versus machine|masterpiece|melancholy|memory|narrated|neo-noir|nocturnal|noir|noir thriller|original|philip k. dick|philosophical|philosophy|reflective|robots|sci fi|sci-fi|science fiction|scifi|special effects|storytelling|stylized|technology|visceral|visual|visually appealing|visually stunning|weird,0.20081903,46
480,1200,Aliens (1986),1986,Action|Sci-Fi|Thriller|War,action|action packed|alien|alien invasion|aliens|androids|atmospheric|classic|claustrophobic|dialogue|franchise|frightening|futuristic|good action|great ending|horror|imdb top 250|intense|masterpiece|monster|original|oscar (best effects - visual effects)|quotable|scary|sci fi|sci-fi|science fiction|scifi|sequel|space|space travel|special effects|story|suspense|suspenseful|tense|visceral|weapons,0.2005784,46
147,1240,"Terminator, The (1984)",1984,Action|Sci-Fi|Thriller,80s|action|android(s)/cyborg(s)|androids|apocalypse|arnold|artificial intelligence|assassin|chase|classic|clones|cloning|cyborgs|dialogue|dystopia|dystopic future|fighting|franchise|future|futuristic|good action|great ending|great movie|highly quotable|imdb top 250|man versus machine|nuclear war|original|original plot|oscar (best directing)|quotable|robot|robots|sci fi|sci-fi|science fiction|scifi|special effects|story|suspense|technology|tense|thriller|time travel|violence|violent|visceral|visual,0.19626164,46
113,1394,Raising Arizona (1987),1987,Comedy,absurd|affectionate|amazing cinematography|classic|coen bros|coen brothers|comedy|crime|cult classic|dark humor|funny|goofy|hilarious|imdb top 250|kidnapping|masterpiece|narrated|off-beat comedy|original|parenthood|prison escape|quirky|quotable|storytelling|surreal|weird|witty,0.19621287,46
666,2288,"Thing, The (1982)",1982,Action|Horror|Sci-Fi|Thriller,alien|aliens|antarctica|classic|claustrophobic|creepy|cult classic|effects|gore|gory|horror|imdb top 250|isolation|masterpiece|monster|original|paranoia|sci fi|sci-fi|science fiction|scifi|special effects|splatter|suspense|suspenseful|tense|visceral|weird,0.19601764,46
671,1206,"Clockwork Orange, A (1971)",1971,Sci-Fi,adaptation|adapted from:book|based on a book|based on book|brainwashing|brutal|brutality|cerebral|controversial|cult classic|cult film|dark|dark humor|disturbing|enigmatic|futuristic|good soundtrack|gratuitous violence|imdb top 250|insanity|interesting|kubrick|masterpiece|mindfuck|narrated|obsession|original|pornography|psychological|psychology|rape|satire|satirical|sexualized violence|social commentary|storytelling|stylized|surreal|violence|violent|visceral|visual|visually appealing|weird,0.19541647,46
549,1288,This Is Spinal Tap (1984),1984,Comedy|Drama|Musical,absurd|classic|comedy|criterion|cult|cult classic|cult film|deadpan|fake documentary|farce|funniest movies|funny|goofy|hilarious|imdb top 250|mockumentary|music business|musicians|original|parody|quotable|rock and roll|satire|satirical|spoof,0.19261403,46
514,1220,"Blues Brothers, The (1980)",1980,Action|Comedy|Musical,amazing photography|brothers|car chase|cars|chase|classic|comedy|cult classic|cult film|good music|great music|imdb top 250|mission from god|music|musical|musicians|original|quotable|road trip|saturday night live,0.19058888,46
40,2028,Saving Private Ryan (1998),1998,Action|Drama|War,action|amazing cinematography|best war films|brutality|courage|drama|dramatic|excellent script|good|good acting|great acting|great ending|great movie|historical|history|imdb top 250|intense|oscar (best cinematography)|oscar (best directing)|oscar (best picture)|powerful ending|realistic|sacrifice|sentimental|spielberg|us history|violence|violent|visceral|war|war movie|wartime|world war ii|wwii,0.23344459,47
56,1610,"Hunt for Red October, The (1990)",1990,Action|Thriller,action|adapted from:book|based on a book|based on book|books|chase|claustrophobic|cold war|conspiracy|espionage|excellent|fast paced|good|good action|great acting|great ending|great movie|intense|political corruption|russian|secrets|spies|spy|spying|submarine|suspense|suspenseful|tense|thriller|tom clancy|weapons|world politics,0.22355244,47
99,457,"Fugitive, The (1993)",1993,Action|Thriller,action|based on a tv show|chase|conspiracy|crime|doctors|excellent script|exciting|fast paced|good|good acting|good action|great|great acting|great ending|great movie|intense|investigation|mentor|murder|oscar (best supporting actor)|oscar winner|police investigation|realistic action|series|suspense|suspenseful|tense|thriller|tom clancy|twists & turns,0.21498735,47
83,590,Dances with Wolves (1990),1990,Adventure|Drama|Western,amazing cinematography|based on book|beautiful scenery|breathtaking|cinematography|civil war|courage|culture clash|destiny|earnest|epic|great acting|historical|indians|long|love story|native americans|oscar|oscar (best cinematography)|oscar (best directing)|oscar (best picture)|oscar (best supporting actor)|us history,0.20790976,47
109,318,"Shawshank Redemption, The (1994)",1994,Drama,adapted from:book|based on book|compassionate|crime|drama|earnest|excellent script|francis ford copolla|freedom|friendship|good|good acting|great|great acting|great ending|great movie|happy ending|heartwarming|imdb top 250|inspirational|intense|interesting|justice|literature|masterpiece|mentor|narrated|original|oscar (best directing)|oscar (best picture)|oscar (best supporting actor)|powerful ending|prison|prison escape|redemption|sentimental|story|storytelling|surprise ending|touching|twists & turns|unlikely friendships,0.20467947,47
17,527,Schindler's List (1993),1993,Drama|War,afi 100|amazing photography|anti-semitism|based on a true story|based on book|based on true story|black and white|compassionate|courage|drama|dramatic|earnest|excellent script|genocide|good|good acting|great acting|great ending|heartbreaking|historical|history|holocaust|honest|imdb top 250|intense|interesting|jewish|jews|masterpiece|nazi|nazis|oscar|oscar (best actor)|oscar (best actress)|oscar (best cinematography)|oscar (best directing)|oscar (best editing)|oscar (best picture)|oscar winner|poignant|poland|powerful ending|sentimental|spielberg|touching|tragedy|true story|us history|war|world war ii|wwii,0.19952507,47
31,150,Apollo 13 (1995),1995,Drama,astronauts|based on a true story|based on true story|catastrophe|claustrophobic|courage|drama|dramatic|excellent script|factual|great acting|historical|history|mars|moon|nasa|nostalgic|oscar (best directing)|oscar winner|science|space|space opera|space program|space travel|stranded|suspense|tense|true story,0.19912824,47
50,2268,"Few Good Men, A (1992)",1992,Crime|Drama,based on a play|conspiracy|corruption|court|courtroom|courtroom drama|drama|dramatic|earnest|ensemble cast|excellent|excellent script|forceful|good|good acting|great acting|highly quotable|intense|investigation|justice|lawyer|lawyers|mentor|military|murder|police investigation|quotable|secrets|suspense|tense|tom clancy,0.19598222,47
263,3256,Patriot Games (1992),1992,Action|Thriller,action|action packed|adapted from:book|assassin|assassination|assassins|based on a book|based on book|chase|cia|conspiracy|espionage|fast paced|good|good action|intense|irish|irish accent|mentor|revenge|secret service|secrets|spies|spy|spying|surveillance|suspense|suspenseful|tense|terrorism|thriller|tom clancy|vengeance,0.1958743,47
66,110,Braveheart (1995),1995,Action|Drama|War,action|adventure|amazing cinematography|best war films|betrayal|big budget|bloody|breathtaking|cinematography|courage|drama|dramatic|earnest|england|epic|factual|fight scenes|forceful|freedom|good|great|great acting|great ending|great movie|historical|history|imdb top 250|inspirational|intense|long|love story|medieval|mentor|oscar|oscar (best cinematography)|oscar (best directing)|oscar (best picture)|oscar winner|passionate|powerful ending|rebellion|revenge|revolution|sacrifice|scotland|story|sword fight|us history|vengeance|violent|visceral|war,0.19059126,47
206,2395,Rushmore (1998),1998,Comedy,affectionate|bittersweet|coming of age|criterion|deadpan|eccentricity|loneliness|love triangles|off-beat comedy|original|quirky|sarcasm|unlikely friendships|weird,0.22993761,48
186,2599,Election (1999),1999,Comedy,black comedy|cynical|dark comedy|dark humor|high school|honest|loneliness|manipulation|midlife crisis|original|sarcasm|satire|satirical|teacher|teen|teen movie|witty,0.21177475,48
161,2997,Being John Malkovich (1999),1999,Comedy,absurd|cerebral|clever|coen bros|complex|complicated|cult classic|cult film|dark humor|enigmatic|excellent script|existentialism|great acting|imagination|imdb top 250|insanity|intellectual|interesting|metaphysics|mindfuck|modern fantasy|obsession|off-beat comedy|original|oscar (best supporting actor)|philosophical|puppets|quirky|storytelling|strange|surreal|surrealism|talky|thought-provoking|twists & turns|unique|very interesting|weird,0.20674121,48
212,562,Welcome to the Dollhouse (1995),1995,Comedy|Drama,adolescence|bleak|bullying|childhood|depressing|independent film|indie|loneliness|weird,0.19706163,48
73,2858,American Beauty (1999),1999,Comedy|Drama,beautiful|beautifully filmed|bittersweet|cinematography|complex|cynical|dark humor|depression|drama|excellent script|good acting|good soundtrack|great acting|great ending|imdb top 250|interesting|life|loneliness|masterpiece|melancholic|midlife crisis|narrated|obsession|original|oscar|oscar (best actor)|oscar (best actress)|oscar (best directing)|oscar (best picture)|oscar (best supporting actor)|parenthood|powerful ending|reflective|relationships|sexuality|social commentary|storytelling|suburbia|thought-provoking|visually appealing|visually stunning,0.18873344,48
318,223,Clerks (1994),1994,Comedy,clever|comedy|cult classic|cult film|dialogue|dialogue driven|excellent script|foul language|funny|good dialogue|good soundtrack|great dialogue|great movie|hilarious|imdb top 250|independent film|jay and silent bob|low budget|new jersey|original|quotable|slackers|talky|view askew|witty|workplace,0.18552318,48
336,778,Trainspotting (1996),1996,Drama,adapted from:book|addiction|based on a book|based on book|british|cult classic|cult film|dark humor|drinking|drug abuse|drug addiction|drugs|good soundtrack|great acting|great dialogue|great soundtrack|heroin|highly quotable|imdb top 250|independent film|interesting|masterpiece|mentor|narrated|original|scotland|social commentary|storytelling|stylish|suprisingly clever|surreal|violence|violent|visceral,0.18281129,48
325,1060,Swingers (1996),1996,Comedy|Drama,coming of age|cool|dialogue|drinking|friendship|great dialogue|great movie|independent film|los angeles|mentor|original|quotable|relationships|unlikely friendships,0.18219191,48
951,1285,Heathers (1989),1989,Comedy,80s|adolescence|black comedy|cheerleading|cult|cult classic|cult film|cynical|dark|dark comedy|dark humor|geeks|good soundtrack|high school|original|quotable|satire|satirical|suicide|teen|teen movie|teenager|teenagers|teens,0.1715377,48
201,1449,Waiting for Guffman (1996),1996,Comedy,absurd|comedy|deadpan|ensemble cast|fake documentary|funniest movies|funny|hilarious|humor|humorous|independent film|mockumentary|original|quirky|quotable|satire|satirical|small town|very funny,0.16706218,48
140,1214,Alien (1979),1979,Action|Horror|Sci-Fi|Thriller,alien|alien invasion|aliens|androids|atmospheric|classic|claustrophobic|creepy|dark|dialogue|franchise|frightening|futuristic|great acting|horror|imdb top 250|intense|masterpiece|monster|ominous|original|oscar (best effects - visual effects)|scary|sci fi|sci-fi|science fiction|scifi|space|space travel|special effects|story|storytelling|suspense|suspenseful|tense|visceral|visual|visually appealing,0.21307802,49
817,1222,Full Metal Jacket (1987),1987,Action|Drama|War,anti-war|based on a book|best war films|brutal|brutality|camp|dark humor|dialogue|drama|dramatic|excellent script|good soundtrack|great acting|imdb top 250|innocence lost|insanity|intense|kubrick|masterpiece|military|moral ambiguity|narrated|original|oscar (best directing)|psychological|realistic|vietnam|vietnam war|violence|violent|visceral|war|war movie|wartime,0.2028451,49
504,541,Blade Runner (1982),1982,Film-Noir|Sci-Fi,adapted from:book|allegory|androids|atmospheric|based on book|bleak|cerebral|cinematography|classic|complex|criterion|cult classic|cult film|cyberpunk|cyborgs|dark|dark hero|distopia|dystopia|dystopic future|enigmatic|existentialism|fighting the system|film noir|future|futuristic|genetics|great cinematography|humanity|imdb top 250|loneliness|los angeles|man versus machine|masterpiece|melancholy|memory|narrated|neo-noir|nocturnal|noir|noir thriller|original|philip k. dick|philosophical|philosophy|reflective|robots|sci fi|sci-fi|science fiction|scifi|special effects|storytelling|stylized|technology|visceral|visual|visually appealing|visually stunning|weird,0.20231827,49
480,1200,Aliens (1986),1986,Action|Sci-Fi|Thriller|War,action|action packed|alien|alien invasion|aliens|androids|atmospheric|classic|claustrophobic|dialogue|franchise|frightening|futuristic|good action|great ending|horror|imdb top 250|intense|masterpiece|monster|original|oscar (best effects - visual effects)|quotable|scary|sci fi|sci-fi|science fiction|scifi|sequel|space|space travel|special effects|story|suspense|suspenseful|tense|visceral|weapons,0.20057979,49
666,2288,"Thing, The (1982)",1982,Action|Horror|Sci-Fi|Thriller,alien|aliens|antarctica|classic|claustrophobic|creepy|cult classic|effects|gore|gory|horror|imdb top 250|isolation|masterpiece|monster|original|paranoia|sci fi|sci-fi|science fiction|scifi|special effects|splatter|suspense|suspenseful|tense|visceral|weird,0.19646385,49
113,1394,Raising Arizona (1987),1987,Comedy,absurd|affectionate|amazing cinematography|classic|coen bros|coen brothers|comedy|crime|cult classic|dark humor|funny|goofy|hilarious|imdb top 250|kidnapping|masterpiece|narrated|off-beat comedy|original|parenthood|prison escape|quirky|quotable|storytelling|surreal|weird|witty,0.19510564,49
671,1206,"Clockwork Orange, A (1971)",1971,Sci-Fi,adaptation|adapted from:book|based on a book|based on book|brainwashing|brutal|brutality|cerebral|controversial|cult classic|cult film|dark|dark humor|disturbing|enigmatic|futuristic|good soundtrack|gratuitous violence|imdb top 250|insanity|interesting|kubrick|masterpiece|mindfuck|narrated|obsession|original|pornography|psychological|psychology|rape|satire|satirical|sexualized violence|social commentary|storytelling|stylized|surreal|violence|violent|visceral|visual|visually appealing|weird,0.19419682,49
147,1240,"Terminator, The (1984)",1984,Action|Sci-Fi|Thriller,80s|action|android(s)/cyborg(s)|androids|apocalypse|arnold|artificial intelligence|assassin|chase|classic|clones|cloning|cyborgs|dialogue|dystopia|dystopic future|fighting|franchise|future|futuristic|good action|great ending|great movie|highly quotable|imdb top 250|man versus machine|nuclear war|original|original plot|oscar (best directing)|quotable|robot|robots|sci fi|sci-fi|science fiction|scifi|special effects|story|suspense|technology|tense|thriller|time travel|violence|violent|visceral|visual,0.19281551,49
549,1288,This Is Spinal Tap (1984),1984,Comedy|Drama|Musical,absurd|classic|comedy|criterion|cult|cult classic|cult film|deadpan|fake documentary|farce|funniest movies|funny|goofy|hilarious|imdb top 250|mockumentary|music business|musicians|original|parody|quotable|rock and roll|satire|satirical|spoof,0.19202073,49
514,1220,"Blues Brothers, The (1980)",1980,Action|Comedy|Musical,amazing photography|brothers|car chase|cars|chase|classic|comedy|cult classic|cult film|good music|great music|imdb top 250|mission from god|music|musical|musicians|original|quotable|road trip|saturday night live,0.18837298,49
37,1028,Mary Poppins (1964),1964,Children's|Comedy|Musical,adapted from:book|animation|childhood|children|classic|disney|family|musical|oscar (best actress)|sweet,0.20852391,50
383,2080,Lady and the Tramp (1955),1955,Animation|Children's|Comedy|Musical|Romance,animals|animated|animation|based on book|cartoon|children|classic|cute|disney|disney animated feature|dog|dogs|fairy tale|family|kids and family|love story|romantic|sweet|talking animals,0.2083371,50
138,2081,"Little Mermaid, The (1989)",1989,Animation|Children's|Comedy|Musical|Romance,animated|animation|cartoon|children|disney|disney animated feature|fairy tale|family|girlie movie|happy ending|kids|kids and family|love|love story|oscar (best music - original song)|sweet|talking animals|witch,0.20830306,50
16,1270,Back to the Future (1985),1985,Comedy|Sci-Fi,1950s|1980s|80s|adventure|alternate reality|alternate universe|awesome soundtrack|bullying|childhood|classic|comedy|destiny|excellent script|fantasy|fun|fun movie|future|futuristic|good|great|great ending|great movie|imdb top 250|kids|mentor|nostalgic|original|quotable|saturn award (best special effects)|sci fi|sci-fi|science fiction|scifi|special effects|story|teen|time|time loop|time travel|trilogy,0.195448,50
29,1022,Cinderella (1950),1950,Animation|Children's|Musical,animals|animated|animation|cartoon|classic|disney|disney animated feature|fairy tale|fairy tales|family|kids and family|rags to riches|romantic|simple|story|sweet,0.19310433,50
25,588,Aladdin (1992),1992,Animation|Children's|Comedy|Musical,adventure|animated|animation|cartoon|childhood|children|classic|computer animation|disney|disney animated feature|fairy tale|fun|good|good versus evil|great|kids|kids and family|rags to riches,0.18872543,50
125,1197,"Princess Bride, The (1987)",1987,Action|Adventure|Comedy|Romance,action|adapted from:book|adventure|affectionate|based on a book|based on book|classic|comedy|cult classic|fairy tale|fairy tales|fantasy|feel-good|good versus evil|great movie|happy ending|highly quotable|humorous|imdb top 250|love|love story|medieval|modern fantasy|original|quotable|romance|romantic|story|storytelling|swashbuckler|sweet|sword fight|sword fighting|whimsical|witty,0.18600674,50
405,2096,Sleeping Beauty (1959),1959,Animation|Children's|Musical,70mm|animals|animated|animation|cartoon|classic|disney|disney animated feature|fairy tale|fairy tales|good|good versus evil|magic|modern fantasy|romantic|sweet|talking animals|witch|witches,0.18347052,50
387,2087,Peter Pan (1953),1953,Animation|Children's|Fantasy|Musical,adapted from:book|adventure|animated|animation|cartoon|childhood|children|classic|disney|disney animated feature|fairy tale|family|fun|indians|kids and family|peter pan|pirates,0.18329227,50
376,2078,"Jungle Book, The (1967)",1967,Animation|Children's|Comedy|Musical,adapted from:book|animals|animated|animation|cartoon|classic|disney|disney animated feature|jungle|kids and family|musical|original|snakes|talking animals,0.17779781,50
40,2028,Saving Private Ryan (1998),1998,Action|Drama|War,action|amazing cinematography|best war films|brutality|courage|drama|dramatic|excellent script|good|good acting|great acting|great ending|great movie|historical|history|imdb top 250|intense|oscar (best cinematography)|oscar (best directing)|oscar (best picture)|powerful ending|realistic|sacrifice|sentimental|spielberg|us history|violence|violent|visceral|war|war movie|wartime|world war ii|wwii,0.23897995,51
56,1610,"Hunt for Red October, The (1990)",1990,Action|Thriller,action|adapted from:book|based on a book|based on book|books|chase|claustrophobic|cold war|conspiracy|espionage|excellent|fast paced|good|good action|great acting|great ending|great movie|intense|political corruption|russian|secrets|spies|spy|spying|submarine|suspense|suspenseful|tense|thriller|tom clancy|weapons|world politics,0.22632764,51
99,457,"Fugitive, The (1993)",1993,Action|Thriller,action|based on a tv show|chase|conspiracy|crime|doctors|excellent script|exciting|fast paced|good|good acting|good action|great|great acting|great ending|great movie|intense|investigation|mentor|murder|oscar (best supporting actor)|oscar winner|police investigation|realistic action|series|suspense|suspenseful|tense|thriller|tom clancy|twists & turns,0.2114576,51
83,590,Dances with Wolves (1990),1990,Adventure|Drama|Western,amazing cinematography|based on book|beautiful scenery|breathtaking|cinematography|civil war|courage|culture clash|destiny|earnest|epic|great acting|historical|indians|long|love story|native americans|oscar|oscar (best cinematography)|oscar (best directing)|oscar (best picture)|oscar (best supporting actor)|us history,0.20760627,51
109,318,"Shawshank Redemption, The (1994)",1994,Drama,adapted from:book|based on book|compassionate|crime|drama|earnest|excellent script|francis ford copolla|freedom|friendship|good|good acting|great|great acting|great ending|great movie|happy ending|heartwarming|imdb top 250|inspirational|intense|interesting|justice|literature|masterpiece|mentor|narrated|original|oscar (best directing)|oscar (best picture)|oscar (best supporting actor)|powerful ending|prison|prison escape|redemption|sentimental|story|storytelling|surprise ending|touching|twists & turns|unlikely friendships,0.20486683,51
17,527,Schindler's List (1993),1993,Drama|War,afi 100|amazing photography|anti-semitism|based on a true story|based on book|based on true story|black and white|compassionate|courage|drama|dramatic|earnest|excellent script|genocide|good|good acting|great acting|great ending|heartbreaking|historical|history|holocaust|honest|imdb top 250|intense|interesting|jewish|jews|masterpiece|nazi|nazis|oscar|oscar (best actor)|oscar (best actress)|oscar (best cinematography)|oscar (best directing)|oscar (best editing)|oscar (best picture)|oscar winner|poignant|poland|powerful ending|sentimental|spielberg|touching|tragedy|true story|us history|war|world war ii|wwii,0.19774367,51
31,150,Apollo 13 (1995),1995,Drama,astronauts|based on a true story|based on true story|catastrophe|claustrophobic|courage|drama|dramatic|excellent script|factual|great acting|historical|history|mars|moon|nasa|nostalgic|oscar (best directing)|oscar winner|science|space|space opera|space program|space travel|stranded|suspense|tense|true story,0.19581273,51
263,3256,Patriot Games (1992),1992,Action|Thriller,action|action packed|adapted from:book|assassin|assassination|assassins|based on a book|based on book|chase|cia|conspiracy|espionage|fast paced|good|good action|intense|irish|irish accent|mentor|revenge|secret service|secrets|spies|spy|spying|surveillance|suspense|suspenseful|tense|terrorism|thriller|tom clancy|vengeance,0.1949094,51
50,2268,"Few Good Men, A (1992)",1992,Crime|Drama,based on a play|conspiracy|corruption|court|courtroom|courtroom drama|drama|dramatic|earnest|ensemble cast|excellent|excellent script|forceful|good|good acting|great acting|highly quotable|intense|investigation|justice|lawyer|lawyers|mentor|military|murder|police investigation|quotable|secrets|suspense|tense|tom clancy,0.19463389,51
66,110,Braveheart (1995),1995,Action|Drama|War,action|adventure|amazing cinematography|best war films|betrayal|big budget|bloody|breathtaking|cinematography|courage|drama|dramatic|earnest|england|epic|factual|fight scenes|forceful|freedom|good|great|great acting|great ending|great movie|historical|history|imdb top 250|inspirational|intense|long|love story|medieval|mentor|oscar|oscar (best cinematography)|oscar (best directing)|oscar (best picture)|oscar winner|passionate|powerful ending|rebellion|revenge|revolution|sacrifice|scotland|story|sword fight|us history|vengeance|violent|visceral|war,0.19238882,51
408,2746,Little Shop of Horrors (1986),1986,Comedy|Horror|Musical,broadway|cult classic|dark humor|good music|great music|music|musical|original,0.1606785,52
412,339,While You Were Sleeping (1995),1995,Comedy|Romance,chick flick|cute|destiny|family|feel good movie|feel-good|girlie movie|good romantic comedies|happy ending|heartwarming|love|love story|romance|romantic|romantic comedy|sweet,0.16061236,52
2059,1367,101 Dalmatians (1996),1996,Children's|Comedy,animal movie|animals|animated|animation|cartoon|children|cute|cute!|disney|dog|dogs|family|fun|remake|talking animals,0.15931354,52
246,1088,Dirty Dancing (1987),1987,Musical|Romance,chick flick|dance|dancing|girlie movie|love|love story|nostalgic|romance|romantic|teen,0.15889378,52
383,2080,Lady and the Tramp (1955),1955,Animation|Children's|Comedy|Musical|Romance,animals|animated|animation|based on book|cartoon|children|classic|cute|disney|disney animated feature|dog|dogs|fairy tale|family|kids and family|love story|romantic|sweet|talking animals,0.15856476,52
622,2724,Runaway Bride (1999),1999,Comedy|Romance,chick flick|cute|cute!|destiny|feel-good|girlie movie|good romantic comedies|happy ending|love story|predictable|romance|romantic|romantic comedy|shopping|small town|wedding,0.15821204,52
233,1569,My Best Friend's Wedding (1997),1997,Comedy|Romance,chick flick|gay|gay character|girlie movie|good romantic comedies|happy ending|love|love story|relationships|romance|romantic|romantic comedy|sweet|unlikely friendships|wedding,0.15747148,52
494,3247,Sister Act (1992),1992,Comedy|Crime,comedy|family|girlie movie|san francisco|sisters,0.15513282,52
225,1688,Anastasia (1997),1997,Animation|Children's|Musical,animated|animation|cartoon|computer animation|disney|disney animated feature|fairy tale|family|historical|romantic,0.15333083,52
455,2424,You've Got Mail (1998),1998,Comedy|Romance,chick flick|cute|cute!|destiny|feel good movie|feel-good|girlie movie|good romantic comedies|happy ending|internet|love story|predictable|relationships|romance|romantic|romantic comedy|sappy|shopping|sweet,0.15307455,52
940,922,Sunset Blvd. (a.k.a. Sunset Boulevard) (1950),1950,Film-Noir,afi 100 (movie quotes)|amazing cinematography|black and white|classic|criterion|cynical|dark|dramatic|eerie|film noir|great acting|greed|hollywood|imdb top 250|insanity|interesting|loneliness|masterpiece|narrated|noir|obsession|original|oscar (best actress)|oscar (best directing)|oscar (best picture)|satirical|silent|talky,0.17139903,53
826,3435,Double Indemnity (1944),1944,Crime|Film-Noir,adapted from:book|adultery|atmospheric|black and white|bleak|cinematography|classic|complex|complicated|crime|crime gone awry|criterion|cynical|dark|dialogue|downbeat|enigmatic|film noir|great acting|great ending|greed|imdb top 250|interesting|investigation|manipulation|masterpiece|murder|murder mystery|mystery|narrated|neo-noir|noir|noir thriller|original|oscar (best actress)|oscar (best cinematography)|oscar (best directing)|police investigation|sexy|stylized|suspense|suspenseful|talky|tense|twists & turns,0.16880925,53
941,2186,Strangers on a Train (1951),1951,Film-Noir|Thriller,black and white|classic|crime|criterion|great ending|hitchcock|imdb top 250|interesting|masterpiece|murder|obsession|original|oscar (best cinematography)|oscar (best directing)|police investigation|runaway|suspense|suspenseful|talky|tense|thriller|train,0.16757813,53
199,913,"Maltese Falcon, The (1941)",1941,Film-Noir|Mystery,adapted from:book|afi 100 (movie quotes)|atmospheric|black and white|classic|criterion|cynical|detective|dialogue|film noir|great acting|great dialogue|great ending|greed|highly quotable|imdb top 250|literary adaptation|masterpiece|murder|mystery|neo-noir|noir|noir thriller|original|oscar (best directing)|private detective|quotable|san francisco|talky|twists & turns,0.16499057,53
932,1252,Chinatown (1974),1974,Film-Noir|Mystery|Thriller,1930s|adultery|afi 100|afi 100 (movie quotes)|atmospheric|black and white|bleak|cinematography|classic|complex|complicated|corruption|crime|criterion|cynical|dark|detective|downbeat|enigmatic|excellent script|exceptional acting|film noir|good acting|great|great acting|great ending|great movie|greed|imdb top 250|interesting|investigation|los angeles|masterpiece|melancholic|murder|murder mystery|mystery|neo-noir|noir|noir thriller|original|oscar (best actress)|oscar (best directing)|perfect|plot twist|political corruption|powerful ending|private detective|quotable|secrets|social commentary|storytelling|stylish|suspense|twists & turns,0.16496438,53
433,926,All About Eve (1950),1950,Drama,afi 100|afi 100 (movie quotes)|black and white|character study|classic|dramatic|excellent script|great acting|great dialogue|imdb top 250|manipulation|masterpiece|obsession|oscar|oscar (best actress)|oscar (best directing)|oscar (best picture)|oscar (best supporting actor)|oscar (best supporting actress)|oscar winner|quotable|talky|witty,0.16486616,53
640,1284,"Big Sleep, The (1946)",1946,Film-Noir|Mystery,adapted from:book|based on a book|black and white|classic|complex|complicated|complicated plot|criterion|detective|dialogue|enigmatic|film noir|highly quotable|imdb top 250|investigation|murder|murder mystery|mystery|neo-noir|noir|noir thriller|original|police investigation|pornography|private detective|sexy|talky|twists & turns,0.16129619,53
1431,1212,"Third Man, The (1949)",1949,Mystery|Thriller,afi 100|amazing cinematography|atmospheric|betrayal|black and white|bleak|cinematography|classic|criterion|downbeat|enigmatic|excellent script|film noir|golden palm|great acting|great cinematography|imdb top 250|masterpiece|melancholic|murder|mystery|noir|noir thriller|ominous|oscar (best cinematography)|oscar (best directing)|photography|storytelling|stylized|talky|vienna|visual,0.16051723,53
188,908,North by Northwest (1959),1959,Drama|Thriller,adventure|chase|classic|complicated|enigmatic|espionage|excellent script|great ending|hitchcock|imdb top 250|masterpiece|mistaken identity|murder|noir thriller|obsession|original|oscar (best directing)|paranoid|police investigation|secrets|spy|spying|suspense|suspenseful|tense|thriller|twists & turns|witty,0.16013747,53
247,912,Casablanca (1942),1942,Drama|Romance|War,afi 100 (movie quotes)|bittersweet|black and white|classic|dialogue|drama|excellent script|great acting|imdb top 250|love story|love triangles|masterpiece|nazi|nazis|oscar (best actress)|oscar (best directing)|oscar (best picture)|quotable|romance|romantic|sacrifice|wartime|world war ii|wwii,0.15877198,53
670,968,Night of the Living Dead (1968),1968,Horror|Sci-Fi,afi 100 (movie quotes)|black and white|classic|claustrophobic|creepy|cult classic|downbeat|gory|grindhouse|gruesome|horror|low budget|masterpiece|ominous|original|splatter|visceral|zombie|zombies,0.2159126,54
666,2288,"Thing, The (1982)",1982,Action|Horror|Sci-Fi|Thriller,alien|aliens|antarctica|classic|claustrophobic|creepy|cult classic|effects|gore|gory|horror|imdb top 250|isolation|masterpiece|monster|original|paranoia|sci fi|sci-fi|science fiction|scifi|special effects|splatter|suspense|suspenseful|tense|visceral|weird,0.21441463,54
140,1214,Alien (1979),1979,Action|Horror|Sci-Fi|Thriller,alien|alien invasion|aliens|androids|atmospheric|classic|claustrophobic|creepy|dark|dialogue|franchise|frightening|futuristic|great acting|horror|imdb top 250|intense|masterpiece|monster|ominous|original|oscar (best effects - visual effects)|scary|sci fi|sci-fi|science fiction|scifi|space|space travel|special effects|story|storytelling|suspense|suspenseful|tense|visceral|visual|visually appealing,0.20924361,54
502,1215,Army of Darkness (1993),1993,Action|Adventure|Comedy|Horror|Sci-Fi,adventure|comedy|cult classic|cult film|dark fantasy|dark humor|demons|fun movie|goofy|gory|great ending|horror|humorous|medieval|original|quotable|silly fun|splatter|zombie,0.20746611,54
682,1301,Forbidden Planet (1956),1956,Sci-Fi,1950s|alien|aliens|astronauts|cerebral|classic|cult classic|effects|first contact|future|futuristic|imdb top 250|intelligent sci-fi|mad scientist|original|robot|robots|sci fi|sci-fi|science fiction|scifi|space|space opera|space travel|special effects|technology|visual|visually appealing,0.20541093,54
677,610,Heavy Metal (1981),1981,Action|Adventure|Animation|Horror|Sci-Fi,adapted from:comic|animated|animation|awesome soundtrack|cartoon|cult classic|dark fantasy|futuristic|sci-fi|storytelling|surreal|violence|visual,0.19968475,54
389,2662,"War of the Worlds, The (1953)",1953,Action|Sci-Fi|War,adapted from:book|alien|alien invasion|aliens|classic|effects|end of the world|first contact|futuristic|mars|original|sci fi|sci-fi|science fiction|scifi|space|space travel|special effects|technology|visual|weapons,0.19613792,54
643,2664,Invasion of the Body Snatchers (1956),1956,Horror|Sci-Fi,1950s|alien|alien invasion|aliens|allegory|black and white|brainwashing|cerebral|classic|creepy|frightening|horror|masterpiece|ominous|original|paranoia|paranoid|scary|sci fi|sci-fi|science fiction|scifi|suspense|suspenseful|tense,0.19264403,54
680,2455,"Fly, The (1986)",1986,Horror|Sci-Fi,creepy|cult classic|effects|genetics|gory|gruesome|horror|mad scientist|original|sci fi|sci-fi|science fiction|scifi|special effects|splatter|teleportation|visceral,0.18262255,54
344,1253,"Day the Earth Stood Still, The (1951)",1951,Drama|Sci-Fi,1950s|alien|alien invasion|aliens|allegory|black and white|cerebral|classic|first contact|futuristic|imdb top 250|intelligent sci-fi|mars|original|paranoia|paranoid|robot|sci fi|sci-fi|science fiction|scifi|space|space travel|special effects|storytelling|talky|technology|weapons,0.17699066,54
140,1214,Alien (1979),1979,Action|Horror|Sci-Fi|Thriller,alien|alien invasion|aliens|androids|atmospheric|classic|claustrophobic|creepy|dark|dialogue|franchise|frightening|futuristic|great acting|horror|imdb top 250|intense|masterpiece|monster|ominous|original|oscar (best effects - visual effects)|scary|sci fi|sci-fi|science fiction|scifi|space|space travel|special effects|story|storytelling|suspense|suspenseful|tense|visceral|visual|visually appealing,0.2104372,55
504,541,Blade Runner (1982),1982,Film-Noir|Sci-Fi,adapted from:book|allegory|androids|atmospheric|based on book|bleak|cerebral|cinematography|classic|complex|criterion|cult classic|cult film|cyberpunk|cyborgs|dark|dark hero|distopia|dystopia|dystopic future|enigmatic|existentialism|fighting the system|film noir|future|futuristic|genetics|great cinematography|humanity|imdb top 250|loneliness|los angeles|man versus machine|masterpiece|melancholy|memory|narrated|neo-noir|nocturnal|noir|noir thriller|original|philip k. dick|philosophical|philosophy|reflective|robots|sci fi|sci-fi|science fiction|scifi|special effects|storytelling|stylized|technology|visceral|visual|visually appealing|visually stunning|weird,0.20285739,55
817,1222,Full Metal Jacket (1987),1987,Action|Drama|War,anti-war|based on a book|best war films|brutal|brutality|camp|dark humor|dialogue|drama|dramatic|excellent script|good soundtrack|great acting|imdb top 250|innocence lost|insanity|intense|kubrick|masterpiece|military|moral ambiguity|narrated|original|oscar (best directing)|psychological|realistic|vietnam|vietnam war|violence|violent|visceral|war|war movie|wartime,0.20097701,55
480,1200,Aliens (1986),1986,Action|Sci-Fi|Thriller|War,action|action packed|alien|alien invasion|aliens|androids|atmospheric|classic|claustrophobic|dialogue|franchise|frightening|futuristic|good action|great ending|horror|imdb top 250|intense|masterpiece|monster|original|oscar (best effects - visual effects)|quotable|scary|sci fi|sci-fi|science fiction|scifi|sequel|space|space travel|special effects|story|suspense|suspenseful|tense|visceral|weapons,0.20050797,55
666,2288,"Thing, The (1982)",1982,Action|Horror|Sci-Fi|Thriller,alien|aliens|antarctica|classic|claustrophobic|creepy|cult classic|effects|gore|gory|horror|imdb top 250|isolation|masterpiece|monster|original|paranoia|sci fi|sci-fi|science fiction|scifi|special effects|splatter|suspense|suspenseful|tense|visceral|weird,0.19614457,55
671,1206,"Clockwork Orange, A (1971)",1971,Sci-Fi,adaptation|adapted from:book|based on a book|based on book|brainwashing|brutal|brutality|cerebral|controversial|cult classic|cult film|dark|dark humor|disturbing|enigmatic|futuristic|good soundtrack|gratuitous violence|imdb top 250|insanity|interesting|kubrick|masterpiece|mindfuck|narrated|obsession|original|pornography|psychological|psychology|rape|satire|satirical|sexualized violence|social commentary|storytelling|stylized|surreal|violence|violent|visceral|visual|visually appealing|weird,0.19567549,55
147,1240,"Terminator, The (1984)",1984,Action|Sci-Fi|Thriller,80s|action|android(s)/cyborg(s)|androids|apocalypse|arnold|artificial intelligence|assassin|chase|classic|clones|cloning|cyborgs|dialogue|dystopia|dystopic future|fighting|franchise|future|futuristic|good action|great ending|great movie|highly quotable|imdb top 250|man versus machine|nuclear war|original|original plot|oscar (best directing)|quotable|robot|robots|sci fi|sci-fi|science fiction|scifi|special effects|story|suspense|technology|tense|thriller|time travel|violence|violent|visceral|visual,0.1947616,55
549,1288,This Is Spinal Tap (1984),1984,Comedy|Drama|Musical,absurd|classic|comedy|criterion|cult|cult classic|cult film|deadpan|fake documentary|farce|funniest movies|funny|goofy|hilarious|imdb top 250|mockumentary|music business|musicians|original|parody|quotable|rock and roll|satire|satirical|spoof,0.19294067,55
113,1394,Raising Arizona (1987),1987,Comedy,absurd|affectionate|amazing cinematography|classic|coen bros|coen brothers|comedy|crime|cult classic|dark humor|funny|goofy|hilarious|imdb top 250|kidnapping|masterpiece|narrated|off-beat comedy|original|parenthood|prison escape|quirky|quotable|storytelling|surreal|weird|witty,0.19287631,55
514,1220,"Blues Brothers, The (1980)",1980,Action|Comedy|Musical,amazing photography|brothers|car chase|cars|chase|classic|comedy|cult classic|cult film|good music|great music|imdb top 250|mission from god|music|musical|musicians|original|quotable|road trip|saturday night live,0.18974796,55
879,1917,Armageddon (1998),1998,Action|Adventure|Sci-Fi|Thriller,action|action packed|adventure|apocalypse|astronauts|bad science|big budget|catastrophe|disaster|end of the world|explosions|fast paced|good action|liv tyler|nasa|natural disaster|pg-13|sci fi|sci-fi|science|science fiction|scifi|silly fun|space|space program|space travel|special effects|unrealistic,0.19511168,56
784,70,From Dusk Till Dawn (1996),1996,Action|Comedy|Crime|Horror|Thriller,action|blood|bloody|brothers|brutality|cool|cult classic|cult film|fun movie|good soundtrack|gore|gory|gratuitous violence|horror|original|splatter|strippers|stylish|tarantino|vampire|vampires|violence|violent,0.18485856,56
432,780,Independence Day (ID4) (1996),1996,Action|Sci-Fi|War,action|action packed|adventure|alien|alien invasion|aliens|apocalypse|big budget|chase|dynamic cgi action|end of the world|first contact|fun movie|good action|lone hero|natural disaster|oscar (best effects - visual effects)|pg-13|saturn award (best special effects)|sci fi|sci-fi|science fiction|scifi|space opera|special effects|story|technology|weapons,0.18312542,56
62,1544,"Lost World: Jurassic Park, The (1997)",1997,Action|Adventure|Sci-Fi|Thriller,action|adventure|based on a book|big budget|dinosaurs|dynamic cgi action|franchise|good sequel|jungle|sequel|sequels|special effects|spielberg,0.17989717,56
530,2617,"Mummy, The (1999)",1999,Action|Adventure|Horror|Thriller,action|action packed|adventure|archaeology|big budget|chase|egypt|exciting|fast paced|fun|fun movie|good action|mummy|mythology|pg-13|silly fun|special effects|treasure|treasure hunt,0.17905001,56
1214,1552,Con Air (1997),1997,Action|Adventure|Thriller,action|action packed|big budget|chase|explosions|fast paced|good action|prison|prison escape|realistic action|vengeance,0.17525691,56
1705,2881,Double Jeopardy (1999),1999,Action|Thriller,chase|murder|police investigation|revenge,0.17259198,56
120,2167,Blade (1998),1998,Action|Adventure|Horror,action|action packed|adapted from:comic|awesome soundtrack|based on a comic|based on comic|big budget|blood|comic book|cool|fast paced|fight scenes|good action|goth|marvel|mentor|nocturnal|special effects|splatter|super hero|super-hero|superhero|superheroes|sword fight|vampire|vampires|vengeance|violence|violent|visually appealing|weapons,0.16810164,56
106,2002,Lethal Weapon 3 (1992),1992,Action|Comedy|Crime|Drama,action|action packed|big budget|buddy movie|chase|comedy|crime|fast paced|fight scenes|franchise|good|good action|good sequel|police|sequel|series|silly fun|vengeance|weapons,0.16687836,56
85,736,Twister (1996),1996,Action|Adventure|Romance|Thriller,action|action packed|adventure|big budget|chase|dialogue|disaster|effects|exciting|fast paced|fun movie|good action|natural disaster|science|special effects|story,0.16520265,56
586,2706,American Pie (1999),1999,Comedy,adolescence|comedy|coming of age|coming-of-age|dumb|funniest movies|funny|geeks|goofy|gross-out|high school|hilarious|humor|humorous|male nudity|nudity (topless - notable)|pg-13|pornography|sex|sex comedy|sexual|sexuality|stereotypes|stupid as hell|teen|teen movie|teenager|teenagers|teens|very funny|virginity,0.18877599,57
599,2694,Big Daddy (1999),1999,Comedy,comedy|funniest movies|funny|goofy|hilarious|single father,0.18675517,57
553,2683,Austin Powers: The Spy Who Shagged Me (1999),1999,Comedy,comedy|crude humor|dumb but funny|funniest movies|funny|funny as hell|good sequel|goofy|hilarious|humor|humorous|original|parody|saturday night live|sequel|sequels|silly|silly fun|spies|spoof|spy|spying|stupid as hell|very funny,0.18385509,57
53,3578,Gladiator (2000),2000,Action|Drama,action|amazing cinematography|betrayal|big budget|breathtaking|cinematography|courage|destiny|dialogue|drama|dramatic|epic|excellent script|fight scenes|forceful|freedom|good|good acting|good action|great|great acting|great ending|great movie|historical|history|imdb top 250|intense|mentor|oscar|oscar (best actor)|oscar (best cinematography)|oscar (best directing)|oscar (best effects - visual effects)|oscar (best picture)|oscar (best supporting actor)|oscar winner|redemption|revenge|rome|slavery|special effects|story|storytelling|stylized|sword fight|us history|vengeance|very good|violence|violent|visceral|visual|visually stunning|war,0.18304233,57
884,2541,Cruel Intentions (1999),1999,Drama,awesome soundtrack|good soundtrack|high school|manipulation|sexy|teen|teen movie|teenager|teenagers|teens|virginity,0.17998455,57
621,2572,10 Things I Hate About You (1999),1999,Comedy|Romance,awesome soundtrack|bdsm|chick flick|comedy|coming of age|fun|fun movie|geeks|girlie movie|good soundtrack|high school|pg-13|romance|romantic|romantic comedy|shakespeare|teen|teen movie|teenager|teenagers|teens,0.17338951,57
1,3408,Erin Brockovich (2000),2000,Drama,based on a true story|based on true story|courtroom|drama|dramatic|feel good movie|feel-good|fighting the system|girlie movie|good|great acting|lawyer|lawyers|mentor|oscar|oscar (best actress)|oscar (best directing)|true story,0.17253397,57
313,3793,X-Men (2000),2000,Action|Sci-Fi,action|adapted from:comic|alter ego|based on a comic|based on comic|big budget|comic book|comic book adaption|comics|cool|dynamic cgi action|fight scenes|fighting|franchise|future|good|good action|great|marvel|mentor|mutants|pg-13|sci-fi|scifi|sequels|special effects|super hero|super-hero|superhero|superheroes,0.16702959,57
238,3753,"Patriot, The (2000)",2000,Action|Drama|War,action|best war films|big budget|civil war|courage|drama|dramatic|epic|factual|freedom|good|historical|history|revenge|revolution|slavery|us history|vengeance|war,0.16689667,57
583,3081,Sleepy Hollow (1999),1999,Horror|Romance,atmospheric|blood|cinematography|creepy|dark|dark fantasy|depp & burton|eerie|fairy tale|fairy tales|fantasy|ghosts|gory|goth|gothic|great|great movie|horror|macabre|mystery|original|scary|small town|story|storytelling|stylish|stylized|supernatural|surreal|suspense|visual|visually appealing|visually stunning|weird,0.162624,57
10,2918,Ferris Bueller's Day Off (1986),1986,Comedy,1980s|80s|adolescence|childhood|classic|comedy|coming of age|cool|cult classic|excellent script|fun|fun movie|good soundtrack|high school|imdb top 250|mentor|original|pg-13|quotable|rebellion|school|teen|teen movie|teenager|teens,0.2345168,58
337,1307,When Harry Met Sally... (1989),1989,Comedy|Romance,chick flick|classic|cute|destiny|dialogue|excellent script|feel-good|friendship|girlie movie|good romantic comedies|happy ending|love story|new york|oscar (best writing - screenplay written directly for the screen)|quotable|relationships|romance|romantic|romantic comedy|sweet|unlikely friendships|women,0.20965977,58
136,1968,"Breakfast Club, The (1985)",1985,Comedy|Drama,1980s|80s|adolescence|bullying|coming of age|coming-of-age|cult classic|drama|excellent script|geek|geeks|good soundtrack|high school|original|rebellion|school|social commentary|stereotypes|teen|teen movie|teenager|teenagers|teens,0.19857347,58
332,3253,Wayne's World (1992),1992,Comedy,comedy|dumb but funny|funniest movies|funny|goofy|hilarious|original|parody|quotable|rock and roll|saturday night live|teen|very funny,0.18872872,58
324,1923,There's Something About Mary (1998),1998,Comedy,comedy|crude humor|dumb|funniest movies|funny|funny as hell|goofy|hilarious|humor|humorous|off-beat comedy|stupidity|very funny,0.18656433,58
321,1777,"Wedding Singer, The (1998)",1998,Comedy|Romance,1980s|80s|awesome soundtrack|chick flick|comedy|cute!|destiny|feel good movie|feel-good|funny|girlie movie|good romantic comedies|great|great movie|happy ending|love story|nostalgic|romance|romantic|romantic comedy|sweet|very funny,0.18143198,58
858,2144,Sixteen Candles (1984),1984,Comedy,1980s|80s|adolescence|chick flick|classic|comedy|geek|geeks|good soundtrack|high school|nerds|nostalgic|pg-13|quotable|sweet|teen|teen movie|teenager|teenagers|teens,0.18141013,58
231,597,Pretty Woman (1990),1990,Comedy|Romance,chick flick|destiny|fairy tale|feel good movie|feel-good|girlie movie|good romantic comedies|happy ending|love story|prostitution|rags to riches|romance|romantic|romantic comedy|shopping|sweet|women,0.17880535,58
794,3526,Parenthood (1989),1989,Comedy|Drama,childhood|children|comedy|drama|dysfunctional family|family|family drama|parenthood|touching,0.17625271,58
114,104,Happy Gilmore (1996),1996,Comedy,comedy|dumb|funniest movies|funny|golf|goofy|hilarious|mentor|saturday night live|sports|very funny,0.1756658,58
383,2080,Lady and the Tramp (1955),1955,Animation|Children's|Comedy|Musical|Romance,animals|animated|animation|based on book|cartoon|children|classic|cute|disney|disney animated feature|dog|dogs|fairy tale|family|kids and family|love story|romantic|sweet|talking animals,0.20830616,59
37,1028,Mary Poppins (1964),1964,Children's|Comedy|Musical,adapted from:book|animation|childhood|children|classic|disney|family|musical|oscar (best actress)|sweet,0.20822018,59
138,2081,"Little Mermaid, The (1989)",1989,Animation|Children's|Comedy|Musical|Romance,animated|animation|cartoon|children|disney|disney animated feature|fairy tale|family|girlie movie|happy ending|kids|kids and family|love|love story|oscar (best music - original song)|sweet|talking animals|witch,0.20821455,59
16,1270,Back to the Future (1985),1985,Comedy|Sci-Fi,1950s|1980s|80s|adventure|alternate reality|alternate universe|awesome soundtrack|bullying|childhood|classic|comedy|destiny|excellent script|fantasy|fun|fun movie|future|futuristic|good|great|great ending|great movie|imdb top 250|kids|mentor|nostalgic|original|quotable|saturn award (best special effects)|sci fi|sci-fi|science fiction|scifi|special effects|story|teen|time|time loop|time travel|trilogy,0.19521174,59
29,1022,Cinderella (1950),1950,Animation|Children's|Musical,animals|animated|animation|cartoon|classic|disney|disney animated feature|fairy tale|fairy tales|family|kids and family|rags to riches|romantic|simple|story|sweet,0.1930693,59
25,588,Aladdin (1992),1992,Animation|Children's|Comedy|Musical,adventure|animated|animation|cartoon|childhood|children|classic|computer animation|disney|disney animated feature|fairy tale|fun|good|good versus evil|great|kids|kids and family|rags to riches,0.18877615,59
125,1197,"Princess Bride, The (1987)",1987,Action|Adventure|Comedy|Romance,action|adapted from:book|adventure|affectionate|based on a book|based on book|classic|comedy|cult classic|fairy tale|fairy tales|fantasy|feel-good|good versus evil|great movie|happy ending|highly quotable|humorous|imdb top 250|love|love story|medieval|modern fantasy|original|quotable|romance|romantic|story|storytelling|swashbuckler|sweet|sword fight|sword fighting|whimsical|witty,0.18847997,59
405,2096,Sleeping Beauty (1959),1959,Animation|Children's|Musical,70mm|animals|animated|animation|cartoon|classic|disney|disney animated feature|fairy tale|fairy tales|good|good versus evil|magic|modern fantasy|romantic|sweet|talking animals|witch|witches,0.18346013,59
387,2087,Peter Pan (1953),1953,Animation|Children's|Fantasy|Musical,adapted from:book|adventure|animated|animation|cartoon|childhood|children|classic|disney|disney animated feature|fairy tale|family|fun|indians|kids and family|peter pan|pirates,0.18327814,59
376,2078,"Jungle Book, The (1967)",1967,Animation|Children's|Comedy|Musical,adapted from:book|animals|animated|animation|cartoon|classic|disney|disney animated feature|jungle|kids and family|musical|original|snakes|talking animals,0.1778398,59
940,922,Sunset Blvd. (a.k.a. Sunset Boulevard) (1950),1950,Film-Noir,afi 100 (movie quotes)|amazing cinematography|black and white|classic|criterion|cynical|dark|dramatic|eerie|film noir|great acting|greed|hollywood|imdb top 250|insanity|interesting|loneliness|masterpiece|narrated|noir|obsession|original|oscar (best actress)|oscar (best directing)|oscar (best picture)|satirical|silent|talky,0.17216477,60
826,3435,Double Indemnity (1944),1944,Crime|Film-Noir,adapted from:book|adultery|atmospheric|black and white|bleak|cinematography|classic|complex|complicated|crime|crime gone awry|criterion|cynical|dark|dialogue|downbeat|enigmatic|film noir|great acting|great ending|greed|imdb top 250|interesting|investigation|manipulation|masterpiece|murder|murder mystery|mystery|narrated|neo-noir|noir|noir thriller|original|oscar (best actress)|oscar (best cinematography)|oscar (best directing)|police investigation|sexy|stylized|suspense|suspenseful|talky|tense|twists & turns,0.16854858,60
941,2186,Strangers on a Train (1951),1951,Film-Noir|Thriller,black and white|classic|crime|criterion|great ending|hitchcock|imdb top 250|interesting|masterpiece|murder|obsession|original|oscar (best cinematography)|oscar (best directing)|police investigation|runaway|suspense|suspenseful|talky|tense|thriller|train,0.16762751,60
932,1252,Chinatown (1974),1974,Film-Noir|Mystery|Thriller,1930s|adultery|afi 100|afi 100 (movie quotes)|atmospheric|black and white|bleak|cinematography|classic|complex|complicated|corruption|crime|criterion|cynical|dark|detective|downbeat|enigmatic|excellent script|exceptional acting|film noir|good acting|great|great acting|great ending|great movie|greed|imdb top 250|interesting|investigation|los angeles|masterpiece|melancholic|murder|murder mystery|mystery|neo-noir|noir|noir thriller|original|oscar (best actress)|oscar (best directing)|perfect|plot twist|political corruption|powerful ending|private detective|quotable|secrets|social commentary|storytelling|stylish|suspense|twists & turns,0.16726476,60
199,913,"Maltese Falcon, The (1941)",1941,Film-Noir|Mystery,adapted from:book|afi 100 (movie quotes)|atmospheric|black and white|classic|criterion|cynical|detective|dialogue|film noir|great acting|great dialogue|great ending|greed|highly quotable|imdb top 250|literary adaptation|masterpiece|murder|mystery|neo-noir|noir|noir thriller|original|oscar (best directing)|private detective|quotable|san francisco|talky|twists & turns,0.16573955,60
433,926,All About Eve (1950),1950,Drama,afi 100|afi 100 (movie quotes)|black and white|character study|classic|dramatic|excellent script|great acting|great dialogue|imdb top 250|manipulation|masterpiece|obsession|oscar|oscar (best actress)|oscar (best directing)|oscar (best picture)|oscar (best supporting actor)|oscar (best supporting actress)|oscar winner|quotable|talky|witty,0.16507998,60
640,1284,"Big Sleep, The (1946)",1946,Film-Noir|Mystery,adapted from:book|based on a book|black and white|classic|complex|complicated|complicated plot|criterion|detective|dialogue|enigmatic|film noir|highly quotable|imdb top 250|investigation|murder|murder mystery|mystery|neo-noir|noir|noir thriller|original|police investigation|pornography|private detective|sexy|talky|twists & turns,0.16173066,60
524,1230,Annie Hall (1977),1977,Comedy|Romance,afi 100|bittersweet|character study|imdb top 250|intellectual|intimate|loneliness|love story|masterpiece|melancholic|new york|original|oscar (best actress)|oscar (best directing)|oscar (best picture)|oscar (best writing - screenplay written directly for the screen)|quotable|relationships|romantic|sarcasm|talky|witty,0.16084453,60
1431,1212,"Third Man, The (1949)",1949,Mystery|Thriller,afi 100|amazing cinematography|atmospheric|betrayal|black and white|bleak|cinematography|classic|criterion|downbeat|enigmatic|excellent script|film noir|golden palm|great acting|great cinematography|imdb top 250|masterpiece|melancholic|murder|mystery|noir|noir thriller|ominous|oscar (best cinematography)|oscar (best directing)|photography|storytelling|stylized|talky|vienna|visual,0.16020952,60
188,908,North by Northwest (1959),1959,Drama|Thriller,adventure|chase|classic|complicated|enigmatic|espionage|excellent script|great ending|hitchcock|imdb top 250|masterpiece|mistaken identity|murder|noir thriller|obsession|original|oscar (best directing)|paranoid|police investigation|secrets|spy|spying|suspense|suspenseful|tense|thriller|twists & turns|witty,0.15924995,60
963,2944,"Dirty Dozen, The (1967)",1967,Action|War,action|best war films|brutality|classic|ensemble cast|german|good action|great acting|great movie|imdb top 250|military|moral ambiguity|nazis|original|oscar (best directing)|runaway|violence|violent|war|wartime|world war ii|wwii,0.21478538,61
1416,3654,"Guns of Navarone, The (1961)",1961,Action|Drama|War,70mm|action|action packed|adventure|best war films|classic|dialogue|dramatic|exciting|forceful|foul language|german|good action|great movie|gunfight|imdb top 250|nazis|oscar (best directing)|story|tense|war|wartime|world war ii|wwii,0.19319908,61
98,349,Clear and Present Danger (1994),1994,Action|Adventure|Thriller,action|adapted from:book|based on a book|based on book|chase|conspiracy|good|good action|mentor|political|president|secret service|tense|thriller|tom clancy|world politics,0.18382664,61
80,1370,Die Hard 2 (1990),1990,Action|Thriller,action|action packed|airport|big budget|chase|explosions|fast paced|good|good action|good sequel|gunfight|intense|sequel|sequels|tense|terrorism|vengeance,0.18251331,61
139,2951,"Fistful of Dollars, A (1964)",1964,Action|Western,anti-hero|classic|ennio morricone|gangs|great movie|greed|gunfight|imdb top 250|masterpiece|moral ambiguity|original|spaghetti western|stylish|tense|trilogy|violence|violent|western,0.18089616,61
145,1201,"Good, The Bad and The Ugly, The (1966)",1966,Action|Western,cinematography|civil war|classic|dialogue|ennio morricone|epic|good|good soundtrack|great ending|greed|gunfight|imdb top 250|long|masterpiece|moral ambiguity|original|oscar (best directing)|scenic|spaghetti western|story|storytelling|tense|treasure hunt|violence|violent|western,0.17684397,61
263,3256,Patriot Games (1992),1992,Action|Thriller,action|action packed|adapted from:book|assassin|assassination|assassins|based on a book|based on book|chase|cia|conspiracy|espionage|fast paced|good|good action|intense|irish|irish accent|mentor|revenge|secret service|secrets|spies|spy|spying|surveillance|suspense|suspenseful|tense|terrorism|thriller|tom clancy|vengeance,0.17549483,61
144,1387,Jaws (1975),1975,Action|Horror,afi 100 (movie quotes)|amazing photography|boat|classic|claustrophobic|creepy|dialogue|effects|frightening|great|great acting|great movie|horror|imdb top 250|masterpiece|monster|ominous|original|oscar (best directing)|oscar (best editing)|oscar (best supporting actor)|quotable|scary|shark|spielberg|suspense|suspenseful|tense|visceral,0.17326565,61
666,2288,"Thing, The (1982)",1982,Action|Horror|Sci-Fi|Thriller,alien|aliens|antarctica|classic|claustrophobic|creepy|cult classic|effects|gore|gory|horror|imdb top 250|isolation|masterpiece|monster|original|paranoia|sci fi|sci-fi|science fiction|scifi|special effects|splatter|suspense|suspenseful|tense|visceral|weird,0.17188092,61
637,3527,Predator (1987),1987,Action|Sci-Fi|Thriller,action|action packed|alien|aliens|arnold|chase|classic|dialogue|futuristic|good action|hunting|jungle|quotable|sci fi|sci-fi|science fiction|scifi|special effects|survival|suspense|tense|violence|violent|weapons,0.17103015,61
940,922,Sunset Blvd. (a.k.a. Sunset Boulevard) (1950),1950,Film-Noir,afi 100 (movie quotes)|amazing cinematography|black and white|classic|criterion|cynical|dark|dramatic|eerie|film noir|great acting|greed|hollywood|imdb top 250|insanity|interesting|loneliness|masterpiece|narrated|noir|obsession|original|oscar (best actress)|oscar (best directing)|oscar (best picture)|satirical|silent|talky,0.17175606,62
932,1252,Chinatown (1974),1974,Film-Noir|Mystery|Thriller,1930s|adultery|afi 100|afi 100 (movie quotes)|atmospheric|black and white|bleak|cinematography|classic|complex|complicated|corruption|crime|criterion|cynical|dark|detective|downbeat|enigmatic|excellent script|exceptional acting|film noir|good acting|great|great acting|great ending|great movie|greed|imdb top 250|interesting|investigation|los angeles|masterpiece|melancholic|murder|murder mystery|mystery|neo-noir|noir|noir thriller|original|oscar (best actress)|oscar (best directing)|perfect|plot twist|political corruption|powerful ending|private detective|quotable|secrets|social commentary|storytelling|stylish|suspense|twists & turns,0.16923425,62
826,3435,Double Indemnity (1944),1944,Crime|Film-Noir,adapted from:book|adultery|atmospheric|black and white|bleak|cinematography|classic|complex|complicated|crime|crime gone awry|criterion|cynical|dark|dialogue|downbeat|enigmatic|film noir|great acting|great ending|greed|imdb top 250|interesting|investigation|manipulation|masterpiece|murder|murder mystery|mystery|narrated|neo-noir|noir|noir thriller|original|oscar (best actress)|oscar (best cinematography)|oscar (best directing)|police investigation|sexy|stylized|suspense|suspenseful|talky|tense|twists & turns,0.16908257,62
941,2186,Strangers on a Train (1951),1951,Film-Noir|Thriller,black and white|classic|crime|criterion|great ending|hitchcock|imdb top 250|interesting|masterpiece|murder|obsession|original|oscar (best cinematography)|oscar (best directing)|police investigation|runaway|suspense|suspenseful|talky|tense|thriller|train,0.16772638,62
433,926,All About Eve (1950),1950,Drama,afi 100|afi 100 (movie quotes)|black and white|character study|classic|dramatic|excellent script|great acting|great dialogue|imdb top 250|manipulation|masterpiece|obsession|oscar|oscar (best actress)|oscar (best directing)|oscar (best picture)|oscar (best supporting actor)|oscar (best supporting actress)|oscar winner|quotable|talky|witty,0.16500299,62
199,913,"Maltese Falcon, The (1941)",1941,Film-Noir|Mystery,adapted from:book|afi 100 (movie quotes)|atmospheric|black and white|classic|criterion|cynical|detective|dialogue|film noir|great acting|great dialogue|great ending|greed|highly quotable|imdb top 250|literary adaptation|masterpiece|murder|mystery|neo-noir|noir|noir thriller|original|oscar (best directing)|private detective|quotable|san francisco|talky|twists & turns,0.16493703,62
188,908,North by Northwest (1959),1959,Drama|Thriller,adventure|chase|classic|complicated|enigmatic|espionage|excellent script|great ending|hitchcock|imdb top 250|masterpiece|mistaken identity|murder|noir thriller|obsession|original|oscar (best directing)|paranoid|police investigation|secrets|spy|spying|suspense|suspenseful|tense|thriller|twists & turns|witty,0.16486114,62
640,1284,"Big Sleep, The (1946)",1946,Film-Noir|Mystery,adapted from:book|based on a book|black and white|classic|complex|complicated|complicated plot|criterion|detective|dialogue|enigmatic|film noir|highly quotable|imdb top 250|investigation|murder|murder mystery|mystery|neo-noir|noir|noir thriller|original|police investigation|pornography|private detective|sexy|talky|twists & turns,0.1618438,62
247,912,Casablanca (1942),1942,Drama|Romance|War,afi 100 (movie quotes)|bittersweet|black and white|classic|dialogue|drama|excellent script|great acting|imdb top 250|love story|love triangles|masterpiece|nazi|nazis|oscar (best actress)|oscar (best directing)|oscar (best picture)|quotable|romance|romantic|sacrifice|wartime|world war ii|wwii,0.16058792,62
1431,1212,"Third Man, The (1949)",1949,Mystery|Thriller,afi 100|amazing cinematography|atmospheric|betrayal|black and white|bleak|cinematography|classic|criterion|downbeat|enigmatic|excellent script|film noir|golden palm|great acting|great cinematography|imdb top 250|masterpiece|melancholic|murder|mystery|noir|noir thriller|ominous|oscar (best cinematography)|oscar (best directing)|photography|storytelling|stylized|talky|vienna|visual,0.16015637,62
963,2944,"Dirty Dozen, The (1967)",1967,Action|War,action|best war films|brutality|classic|ensemble cast|german|good action|great acting|great movie|imdb top 250|military|moral ambiguity|nazis|original|oscar (best directing)|runaway|violence|violent|war|wartime|world war ii|wwii,0.21453167,63
1416,3654,"Guns of Navarone, The (1961)",1961,Action|Drama|War,70mm|action|action packed|adventure|best war films|classic|dialogue|dramatic|exciting|forceful|foul language|german|good action|great movie|gunfight|imdb top 250|nazis|oscar (best directing)|story|tense|war|wartime|world war ii|wwii,0.19311747,63
98,349,Clear and Present Danger (1994),1994,Action|Adventure|Thriller,action|adapted from:book|based on a book|based on book|chase|conspiracy|good|good action|mentor|political|president|secret service|tense|thriller|tom clancy|world politics,0.18389733,63
80,1370,Die Hard 2 (1990),1990,Action|Thriller,action|action packed|airport|big budget|chase|explosions|fast paced|good|good action|good sequel|gunfight|intense|sequel|sequels|tense|terrorism|vengeance,0.18244871,63
139,2951,"Fistful of Dollars, A (1964)",1964,Action|Western,anti-hero|classic|ennio morricone|gangs|great movie|greed|gunfight|imdb top 250|masterpiece|moral ambiguity|original|spaghetti western|stylish|tense|trilogy|violence|violent|western,0.18091752,63
145,1201,"Good, The Bad and The Ugly, The (1966)",1966,Action|Western,cinematography|civil war|classic|dialogue|ennio morricone|epic|good|good soundtrack|great ending|greed|gunfight|imdb top 250|long|masterpiece|moral ambiguity|original|oscar (best directing)|scenic|spaghetti western|story|storytelling|tense|treasure hunt|violence|violent|western,0.1762389,63
263,3256,Patriot Games (1992),1992,Action|Thriller,action|action packed|adapted from:book|assassin|assassination|assassins|based on a book|based on book|chase|cia|conspiracy|espionage|fast paced|good|good action|intense|irish|irish accent|mentor|revenge|secret service|secrets|spies|spy|spying|surveillance|suspense|suspenseful|tense|terrorism|thriller|tom clancy|vengeance,0.17600131,63
666,2288,"Thing, The (1982)",1982,Action|Horror|Sci-Fi|Thriller,alien|aliens|antarctica|classic|claustrophobic|creepy|cult classic|effects|gore|gory|horror|imdb top 250|isolation|masterpiece|monster|original|paranoia|sci fi|sci-fi|science fiction|scifi|special effects|splatter|suspense|suspenseful|tense|visceral|weird,0.17170618,63
637,3527,Predator (1987),1987,Action|Sci-Fi|Thriller,action|action packed|alien|aliens|arnold|chase|classic|dialogue|futuristic|good action|hunting|jungle|quotable|sci fi|sci-fi|science fiction|scifi|special effects|survival|suspense|tense|violence|violent|weapons,0.17141852,63
1570,434,Cliffhanger (1993),1993,Action|Adventure|Crime,70mm|action|action packed|big budget|chase|exciting|explosions|fast paced|good action|mountain climbing,0.168488,63
37,1028,Mary Poppins (1964),1964,Children's|Comedy|Musical,adapted from:book|animation|childhood|children|classic|disney|family|musical|oscar (best actress)|sweet,0.21950197,64
383,2080,Lady and the Tramp (1955),1955,Animation|Children's|Comedy|Musical|Romance,animals|animated|animation|based on book|cartoon|children|classic|cute|disney|disney animated feature|dog|dogs|fairy tale|family|kids and family|love story|romantic|sweet|talking animals,0.21391927,64
138,2081,"Little Mermaid, The (1989)",1989,Animation|Children's|Comedy|Musical|Romance,animated|animation|cartoon|children|disney|disney animated feature|fairy tale|family|girlie movie|happy ending|kids|kids and family|love|love story|oscar (best music - original song)|sweet|talking animals|witch,0.21231268,64
249,914,My Fair Lady (1964),1964,Musical|Romance,70mm|based on a play|broadway|good music|music|musical|oscar (best actor)|oscar (best actress)|oscar (best directing)|oscar (best picture)|oscar (best supporting actor),0.21219537,64
489,899,Singin' in the Rain (1952),1952,Musical|Romance,affectionate|afi 100|classic|dance|dancing|good music|imdb top 250|music|musical|silent|talky,0.20955695,64
7,595,Beauty and the Beast (1991),1991,Animation|Children's|Musical,animated|animation|cartoon|childhood|computer animation|disney|disney animated feature|fairy tale|fairy tales|heartwarming|kids|kids and family|love story|musical|romantic|story,0.2067164,64
486,898,"Philadelphia Story, The (1940)",1940,Comedy|Romance,classic|great acting|imdb top 250|oscar|oscar (best actor)|oscar (best actress)|oscar (best directing)|romantic comedy|screwball|screwball comedy|talky|witty,0.20513639,64
29,1022,Cinderella (1950),1950,Animation|Children's|Musical,animals|animated|animation|cartoon|classic|disney|disney animated feature|fairy tale|fairy tales|family|kids and family|rags to riches|romantic|simple|story|sweet,0.20460442,64
25,588,Aladdin (1992),1992,Animation|Children's|Comedy|Musical,adventure|animated|animation|cartoon|childhood|children|classic|computer animation|disney|disney animated feature|fairy tale|fun|good|good versus evil|great|kids|kids and family|rags to riches,0.20014188,64
5,594,Snow White and the Seven Dwarfs (1937),1937,Animation|Children's|Musical,animals|animated|animation|cartoon|classic|computer animation|disney|disney animated feature|fairy tale|simple|sweet|talking animals|witch|witches,0.19257727,64
88,2571,"Matrix, The (1999)",1999,Action|Sci-Fi|Thriller,action|action packed|alternate reality|alternate universe|artificial intelligence|awesome soundtrack|big budget|carrie-anne moss|cerebral|complex|complicated|computers|confusing|cool|cult classic|cyberpunk|dark hero|dialogue|distopia|dynamic cgi action|dystopia|dystopic future|effects|excellent script|existentialism|fast paced|fight scenes|fighting|fighting the system|future|futuristic|good acting|good action|great|great acting|great ending|great movie|gunfight|hacking|imdb top 250|intense|interesting|kung fu|man versus machine|martial arts|mentor|mythology|original|original plot|oscar (best editing)|philosophical|philosophy|post-apocalyptic|sci fi|sci-fi|science fiction|scifi|special effects|story|storytelling|stylized|technology|thought-provoking|violence|virtual reality|visceral|visual|visually appealing|visually stunning,0.35238412,65
36,260,Star Wars: Episode IV - A New Hope (1977),1977,Action|Adventure|Fantasy|Sci-Fi,action|adventure|aliens|androids|awesome soundtrack|classic|desert|destiny|dialogue|epic|fantasy|fantasy world|franchise|futuristic|good|good versus evil|great ending|great movie|high fantasy|highly quotable|imagination|imdb top 250|masterpiece|mentor|mythology|original|original plot|oscar (best effects - visual effects)|oscar (best supporting actor)|quotable|robots|saturn award (best special effects)|sci fi|sci-fi|science fiction|scifi|series|space|space opera|space travel|special effects|star wars|story|storytelling|sword fight|technology|trilogy|visual|visually appealing|war|wizards,0.31666484,65
313,3793,X-Men (2000),2000,Action|Sci-Fi,action|adapted from:comic|alter ego|based on a comic|based on comic|big budget|comic book|comic book adaption|comics|cool|dynamic cgi action|fight scenes|fighting|franchise|future|good|good action|great|marvel|mentor|mutants|pg-13|sci-fi|scifi|sequels|special effects|super hero|super-hero|superhero|superheroes,0.26616684,65
84,1196,Star Wars: Episode V - The Empire Strikes Back (1980),1980,Action|Adventure|Drama|Sci-Fi|War,action|adventure|aliens|awesome soundtrack|chase|classic|dark|destiny|dialogue|epic|excellent script|fantasy|forceful|franchise|good|good versus evil|great|great ending|great movie|highly quotable|imdb top 250|intense|mentor|modern fantasy|mythology|original|original plot|oscar (best effects - visual effects)|oscar (best sound)|quotable|robots|saturn award (best special effects)|sci fi|sci-fi|science fiction|scifi|sequel|series|space|space opera|space travel|special effects|star wars|story|storytelling|sword fight|trilogy|war,0.26354253,65
52,1210,Star Wars: Episode VI - Return of the Jedi (1983),1983,Action|Adventure|Romance|Sci-Fi|War,action|adventure|aliens|awesome soundtrack|chase|death|desert|destiny|dialogue|epic|fantasy|franchise|good|good versus evil|great ending|great movie|highly quotable|imdb top 250|intense|mentor|mythology|original|original plot|oscar (best effects - visual effects)|powerful ending|rebellion|redemption|robots|saturn award (best special effects)|sci fi|sci-fi|science fiction|scifi|series|space|space opera|special effects|star wars|story|sword fight|trilogy|war,0.26272264,65
69,589,Terminator 2: Judgment Day (1991),1991,Action|Sci-Fi|Thriller,action|action packed|androids|apocalypse|arnold|awesome soundtrack|big budget|chase|cyborgs|dialogue|dynamic cgi action|dystopic future|effects|end of the world|fighting|future|futuristic|good action|good sequel|imdb top 250|man versus machine|mother-son relationship|motorcycle|original|original plot|oscar (best effects - visual effects)|quotable|robot|robots|saturn award (best special effects)|sci fi|sci-fi|science fiction|scifi|special effects|story|suspense|technology|tense|time travel|violence|violent|visceral|visual,0.26255652,65
53,3578,Gladiator (2000),2000,Action|Drama,action|amazing cinematography|betrayal|big budget|breathtaking|cinematography|courage|destiny|dialogue|drama|dramatic|epic|excellent script|fight scenes|forceful|freedom|good|good acting|good action|great|great acting|great ending|great movie|historical|history|imdb top 250|intense|mentor|oscar|oscar (best actor)|oscar (best cinematography)|oscar (best directing)|oscar (best effects - visual effects)|oscar (best picture)|oscar (best supporting actor)|oscar winner|redemption|revenge|rome|slavery|special effects|story|storytelling|stylized|sword fight|us history|vengeance|very good|violence|violent|visceral|visual|visually stunning|war,0.2620452,65
40,2028,Saving Private Ryan (1998),1998,Action|Drama|War,action|amazing cinematography|best war films|brutality|courage|drama|dramatic|excellent script|good|good acting|great acting|great ending|great movie|historical|history|imdb top 250|intense|oscar (best cinematography)|oscar (best directing)|oscar (best picture)|powerful ending|realistic|sacrifice|sentimental|spielberg|us history|violence|violent|visceral|war|war movie|wartime|world war ii|wwii,0.25752306,65
167,50,"Usual Suspects, The (1995)",1995,Crime|Thriller,caper|classic|clever|complex|complicated|complicated plot|con men|conspiracy|crime|enigmatic|ensemble cast|excellent|excellent script|fast paced|good|good acting|good soundtrack|great|great acting|great dialogue|great ending|great movie|heist|imdb top 250|interesting|manipulation|masterpiece|mindfuck|mystery|narrated|neo-noir|noir thriller|organized crime|original|oscar (best actor)|oscar (best directing)|oscar (best supporting actor)|oscar (best writing - screenplay written directly for the screen)|oscar winner|plot|plot twist|police investigation|powerful ending|story|storytelling|stylish|suprisingly clever|surprise ending|suspense|suspenseful|thriller|tricky|twist|twist ending|twists & turns|very good|violence,0.24877541,65
216,32,Twelve Monkeys (1995),1995,Drama|Sci-Fi,alternate reality|apocalypse|cerebral|clever|complex|complicated|complicated plot|confusing|dark|dystopia|dystopic future|end of the world|future|futuristic|gilliam|great acting|great ending|great movie|imagination|imdb top 250|insanity|interesting|masterpiece|mindfuck|non-linear|original|plot twist|post apocalyptic|post-apocalyptic|psychiatry|psychological|psychology|sci fi|sci-fi|science fiction|scifi|storytelling|thought-provoking|time loop|time travel|twist|twists & turns|visual|visually appealing|visually stunning|weird,0.23859406,65
206,2395,Rushmore (1998),1998,Comedy,affectionate|bittersweet|coming of age|criterion|deadpan|eccentricity|loneliness|love triangles|off-beat comedy|original|quirky|sarcasm|unlikely friendships|weird,0.2293574,66
186,2599,Election (1999),1999,Comedy,black comedy|cynical|dark comedy|dark humor|high school|honest|loneliness|manipulation|midlife crisis|original|sarcasm|satire|satirical|teacher|teen|teen movie|witty,0.2111121,66
161,2997,Being John Malkovich (1999),1999,Comedy,absurd|cerebral|clever|coen bros|complex|complicated|cult classic|cult film|dark humor|enigmatic|excellent script|existentialism|great acting|imagination|imdb top 250|insanity|intellectual|interesting|metaphysics|mindfuck|modern fantasy|obsession|off-beat comedy|original|oscar (best supporting actor)|philosophical|puppets|quirky|storytelling|strange|surreal|surrealism|talky|thought-provoking|twists & turns|unique|very interesting|weird,0.20544152,66
212,562,Welcome to the Dollhouse (1995),1995,Comedy|Drama,adolescence|bleak|bullying|childhood|depressing|independent film|indie|loneliness|weird,0.19702601,66
73,2858,American Beauty (1999),1999,Comedy|Drama,beautiful|beautifully filmed|bittersweet|cinematography|complex|cynical|dark humor|depression|drama|excellent script|good acting|good soundtrack|great acting|great ending|imdb top 250|interesting|life|loneliness|masterpiece|melancholic|midlife crisis|narrated|obsession|original|oscar|oscar (best actor)|oscar (best actress)|oscar (best directing)|oscar (best picture)|oscar (best supporting actor)|parenthood|powerful ending|reflective|relationships|sexuality|social commentary|storytelling|suburbia|thought-provoking|visually appealing|visually stunning,0.19127029,66
318,223,Clerks (1994),1994,Comedy,clever|comedy|cult classic|cult film|dialogue|dialogue driven|excellent script|foul language|funny|good dialogue|good soundtrack|great dialogue|great movie|hilarious|imdb top 250|independent film|jay and silent bob|low budget|new jersey|original|quotable|slackers|talky|view askew|witty|workplace,0.18281485,66
336,778,Trainspotting (1996),1996,Drama,adapted from:book|addiction|based on a book|based on book|british|cult classic|cult film|dark humor|drinking|drug abuse|drug addiction|drugs|good soundtrack|great acting|great dialogue|great soundtrack|heroin|highly quotable|imdb top 250|independent film|interesting|masterpiece|mentor|narrated|original|scotland|social commentary|storytelling|stylish|suprisingly clever|surreal|violence|violent|visceral,0.18266109,66
325,1060,Swingers (1996),1996,Comedy|Drama,coming of age|cool|dialogue|drinking|friendship|great dialogue|great movie|independent film|los angeles|mentor|original|quotable|relationships|unlikely friendships,0.18222874,66
951,1285,Heathers (1989),1989,Comedy,80s|adolescence|black comedy|cheerleading|cult|cult classic|cult film|cynical|dark|dark comedy|dark humor|geeks|good soundtrack|high school|original|quotable|satire|satirical|suicide|teen|teen movie|teenager|teenagers|teens,0.17129722,66
790,2064,Roger & Me (1989),1989,Comedy|Documentary,brainwashing|business|capitalism|corporate america|documentary|greed|interesting|manipulation|original|political|politics|propaganda,0.16718464,66
140,1214,Alien (1979),1979,Action|Horror|Sci-Fi|Thriller,alien|alien invasion|aliens|androids|atmospheric|classic|claustrophobic|creepy|dark|dialogue|franchise|frightening|futuristic|great acting|horror|imdb top 250|intense|masterpiece|monster|ominous|original|oscar (best effects - visual effects)|scary|sci fi|sci-fi|science fiction|scifi|space|space travel|special effects|story|storytelling|suspense|suspenseful|tense|visceral|visual|visually appealing,0.21421678,67
817,1222,Full Metal Jacket (1987),1987,Action|Drama|War,anti-war|based on a book|best war films|brutal|brutality|camp|dark humor|dialogue|drama|dramatic|excellent script|good soundtrack|great acting|imdb top 250|innocence lost|insanity|intense|kubrick|masterpiece|military|moral ambiguity|narrated|original|oscar (best directing)|psychological|realistic|vietnam|vietnam war|violence|violent|visceral|war|war movie|wartime,0.20394026,67
504,541,Blade Runner (1982),1982,Film-Noir|Sci-Fi,adapted from:book|allegory|androids|atmospheric|based on book|bleak|cerebral|cinematography|classic|complex|criterion|cult classic|cult film|cyberpunk|cyborgs|dark|dark hero|distopia|dystopia|dystopic future|enigmatic|existentialism|fighting the system|film noir|future|futuristic|genetics|great cinematography|humanity|imdb top 250|loneliness|los angeles|man versus machine|masterpiece|melancholy|memory|narrated|neo-noir|nocturnal|noir|noir thriller|original|philip k. dick|philosophical|philosophy|reflective|robots|sci fi|sci-fi|science fiction|scifi|special effects|storytelling|stylized|technology|visceral|visual|visually appealing|visually stunning|weird,0.20320281,67
480,1200,Aliens (1986),1986,Action|Sci-Fi|Thriller|War,action|action packed|alien|alien invasion|aliens|androids|atmospheric|classic|claustrophobic|dialogue|franchise|frightening|futuristic|good action|great ending|horror|imdb top 250|intense|masterpiece|monster|original|oscar (best effects - visual effects)|quotable|scary|sci fi|sci-fi|science fiction|scifi|sequel|space|space travel|special effects|story|suspense|suspenseful|tense|visceral|weapons,0.20188414,67
666,2288,"Thing, The (1982)",1982,Action|Horror|Sci-Fi|Thriller,alien|aliens|antarctica|classic|claustrophobic|creepy|cult classic|effects|gore|gory|horror|imdb top 250|isolation|masterpiece|monster|original|paranoia|sci fi|sci-fi|science fiction|scifi|special effects|splatter|suspense|suspenseful|tense|visceral|weird,0.19618422,67
147,1240,"Terminator, The (1984)",1984,Action|Sci-Fi|Thriller,80s|action|android(s)/cyborg(s)|androids|apocalypse|arnold|artificial intelligence|assassin|chase|classic|clones|cloning|cyborgs|dialogue|dystopia|dystopic future|fighting|franchise|future|futuristic|good action|great ending|great movie|highly quotable|imdb top 250|man versus machine|nuclear war|original|original plot|oscar (best directing)|quotable|robot|robots|sci fi|sci-fi|science fiction|scifi|special effects|story|suspense|technology|tense|thriller|time travel|violence|violent|visceral|visual,0.19514738,67
113,1394,Raising Arizona (1987),1987,Comedy,absurd|affectionate|amazing cinematography|classic|coen bros|coen brothers|comedy|crime|cult classic|dark humor|funny|goofy|hilarious|imdb top 250|kidnapping|masterpiece|narrated|off-beat comedy|original|parenthood|prison escape|quirky|quotable|storytelling|surreal|weird|witty,0.1938346,67
671,1206,"Clockwork Orange, A (1971)",1971,Sci-Fi,adaptation|adapted from:book|based on a book|based on book|brainwashing|brutal|brutality|cerebral|controversial|cult classic|cult film|dark|dark humor|disturbing|enigmatic|futuristic|good soundtrack|gratuitous violence|imdb top 250|insanity|interesting|kubrick|masterpiece|mindfuck|narrated|obsession|original|pornography|psychological|psychology|rape|satire|satirical|sexualized violence|social commentary|storytelling|stylized|surreal|violence|violent|visceral|visual|visually appealing|weird,0.19343099,67
549,1288,This Is Spinal Tap (1984),1984,Comedy|Drama|Musical,absurd|classic|comedy|criterion|cult|cult classic|cult film|deadpan|fake documentary|farce|funniest movies|funny|goofy|hilarious|imdb top 250|mockumentary|music business|musicians|original|parody|quotable|rock and roll|satire|satirical|spoof,0.19201638,67
514,1220,"Blues Brothers, The (1980)",1980,Action|Comedy|Musical,amazing photography|brothers|car chase|cars|chase|classic|comedy|cult classic|cult film|good music|great music|imdb top 250|mission from god|music|musical|musicians|original|quotable|road trip|saturday night live,0.18835367,67
40,2028,Saving Private Ryan (1998),1998,Action|Drama|War,action|amazing cinematography|best war films|brutality|courage|drama|dramatic|excellent script|good|good acting|great acting|great ending|great movie|historical|history|imdb top 250|intense|oscar (best cinematography)|oscar (best directing)|oscar (best picture)|powerful ending|realistic|sacrifice|sentimental|spielberg|us history|violence|violent|visceral|war|war movie|wartime|world war ii|wwii,0.23730665,68
56,1610,"Hunt for Red October, The (1990)",1990,Action|Thriller,action|adapted from:book|based on a book|based on book|books|chase|claustrophobic|cold war|conspiracy|espionage|excellent|fast paced|good|good action|great acting|great ending|great movie|intense|political corruption|russian|secrets|spies|spy|spying|submarine|suspense|suspenseful|tense|thriller|tom clancy|weapons|world politics,0.22589229,68
99,457,"Fugitive, The (1993)",1993,Action|Thriller,action|based on a tv show|chase|conspiracy|crime|doctors|excellent script|exciting|fast paced|good|good acting|good action|great|great acting|great ending|great movie|intense|investigation|mentor|murder|oscar (best supporting actor)|oscar winner|police investigation|realistic action|series|suspense|suspenseful|tense|thriller|tom clancy|twists & turns,0.21401405,68
83,590,Dances with Wolves (1990),1990,Adventure|Drama|Western,amazing cinematography|based on book|beautiful scenery|breathtaking|cinematography|civil war|courage|culture clash|destiny|earnest|epic|great acting|historical|indians|long|love story|native americans|oscar|oscar (best cinematography)|oscar (best directing)|oscar (best picture)|oscar (best supporting actor)|us history,0.2075991,68
109,318,"Shawshank Redemption, The (1994)",1994,Drama,adapted from:book|based on book|compassionate|crime|drama|earnest|excellent script|francis ford copolla|freedom|friendship|good|good acting|great|great acting|great ending|great movie|happy ending|heartwarming|imdb top 250|inspirational|intense|interesting|justice|literature|masterpiece|mentor|narrated|original|oscar (best directing)|oscar (best picture)|oscar (best supporting actor)|powerful ending|prison|prison escape|redemption|sentimental|story|storytelling|surprise ending|touching|twists & turns|unlikely friendships,0.20627126,68
17,527,Schindler's List (1993),1993,Drama|War,afi 100|amazing photography|anti-semitism|based on a true story|based on book|based on true story|black and white|compassionate|courage|drama|dramatic|earnest|excellent script|genocide|good|good acting|great acting|great ending|heartbreaking|historical|history|holocaust|honest|imdb top 250|intense|interesting|jewish|jews|masterpiece|nazi|nazis|oscar|oscar (best actor)|oscar (best actress)|oscar (best cinematography)|oscar (best directing)|oscar (best editing)|oscar (best picture)|oscar winner|poignant|poland|powerful ending|sentimental|spielberg|touching|tragedy|true story|us history|war|world war ii|wwii,0.19872144,68
31,150,Apollo 13 (1995),1995,Drama,astronauts|based on a true story|based on true story|catastrophe|claustrophobic|courage|drama|dramatic|excellent script|factual|great acting|historical|history|mars|moon|nasa|nostalgic|oscar (best directing)|oscar winner|science|space|space opera|space program|space travel|stranded|suspense|tense|true story,0.19676423,68
263,3256,Patriot Games (1992),1992,Action|Thriller,action|action packed|adapted from:book|assassin|assassination|assassins|based on a book|based on book|chase|cia|conspiracy|espionage|fast paced|good|good action|intense|irish|irish accent|mentor|revenge|secret service|secrets|spies|spy|spying|surveillance|suspense|suspenseful|tense|terrorism|thriller|tom clancy|vengeance,0.19640015,68
50,2268,"Few Good Men, A (1992)",1992,Crime|Drama,based on a play|conspiracy|corruption|court|courtroom|courtroom drama|drama|dramatic|earnest|ensemble cast|excellent|excellent script|forceful|good|good acting|great acting|highly quotable|intense|investigation|justice|lawyer|lawyers|mentor|military|murder|police investigation|quotable|secrets|suspense|tense|tom clancy,0.19622114,68
66,110,Braveheart (1995),1995,Action|Drama|War,action|adventure|amazing cinematography|best war films|betrayal|big budget|bloody|breathtaking|cinematography|courage|drama|dramatic|earnest|england|epic|factual|fight scenes|forceful|freedom|good|great|great acting|great ending|great movie|historical|history|imdb top 250|inspirational|intense|long|love story|medieval|mentor|oscar|oscar (best cinematography)|oscar (best directing)|oscar (best picture)|oscar winner|passionate|powerful ending|rebellion|revenge|revolution|sacrifice|scotland|story|sword fight|us history|vengeance|violent|visceral|war,0.19175433,68
40,2028,Saving Private Ryan (1998),1998,Action|Drama|War,action|amazing cinematography|best war films|brutality|courage|drama|dramatic|excellent script|good|good acting|great acting|great ending|great movie|historical|history|imdb top 250|intense|oscar (best cinematography)|oscar (best directing)|oscar (best picture)|powerful ending|realistic|sacrifice|sentimental|spielberg|us history|violence|violent|visceral|war|war movie|wartime|world war ii|wwii,0.23482448,69
56,1610,"Hunt for Red October, The (1990)",1990,Action|Thriller,action|adapted from:book|based on a book|based on book|books|chase|claustrophobic|cold war|conspiracy|espionage|excellent|fast paced|good|good action|great acting|great ending|great movie|intense|political corruption|russian|secrets|spies|spy|spying|submarine|suspense|suspenseful|tense|thriller|tom clancy|weapons|world politics,0.22521514,69
99,457,"Fugitive, The (1993)",1993,Action|Thriller,action|based on a tv show|chase|conspiracy|crime|doctors|excellent script|exciting|fast paced|good|good acting|good action|great|great acting|great ending|great movie|intense|investigation|mentor|murder|oscar (best supporting actor)|oscar winner|police investigation|realistic action|series|suspense|suspenseful|tense|thriller|tom clancy|twists & turns,0.21491824,69
83,590,Dances with Wolves (1990),1990,Adventure|Drama|Western,amazing cinematography|based on book|beautiful scenery|breathtaking|cinematography|civil war|courage|culture clash|destiny|earnest|epic|great acting|historical|indians|long|love story|native americans|oscar|oscar (best cinematography)|oscar (best directing)|oscar (best picture)|oscar (best supporting actor)|us history,0.20925097,69
109,318,"Shawshank Redemption, The (1994)",1994,Drama,adapted from:book|based on book|compassionate|crime|drama|earnest|excellent script|francis ford copolla|freedom|friendship|good|good acting|great|great acting|great ending|great movie|happy ending|heartwarming|imdb top 250|inspirational|intense|interesting|justice|literature|masterpiece|mentor|narrated|original|oscar (best directing)|oscar (best picture)|oscar (best supporting actor)|powerful ending|prison|prison escape|redemption|sentimental|story|storytelling|surprise ending|touching|twists & turns|unlikely friendships,0.20313606,69
17,527,Schindler's List (1993),1993,Drama|War,afi 100|amazing photography|anti-semitism|based on a true story|based on book|based on true story|black and white|compassionate|courage|drama|dramatic|earnest|excellent script|genocide|good|good acting|great acting|great ending|heartbreaking|historical|history|holocaust|honest|imdb top 250|intense|interesting|jewish|jews|masterpiece|nazi|nazis|oscar|oscar (best actor)|oscar (best actress)|oscar (best cinematography)|oscar (best directing)|oscar (best editing)|oscar (best picture)|oscar winner|poignant|poland|powerful ending|sentimental|spielberg|touching|tragedy|true story|us history|war|world war ii|wwii,0.19885337,69
263,3256,Patriot Games (1992),1992,Action|Thriller,action|action packed|adapted from:book|assassin|assassination|assassins|based on a book|based on book|chase|cia|conspiracy|espionage|fast paced|good|good action|intense|irish|irish accent|mentor|revenge|secret service|secrets|spies|spy|spying|surveillance|suspense|suspenseful|tense|terrorism|thriller|tom clancy|vengeance,0.19670087,69
31,150,Apollo 13 (1995),1995,Drama,astronauts|based on a true story|based on true story|catastrophe|claustrophobic|courage|drama|dramatic|excellent script|factual|great acting|historical|history|mars|moon|nasa|nostalgic|oscar (best directing)|oscar winner|science|space|space opera|space program|space travel|stranded|suspense|tense|true story,0.19644433,69
50,2268,"Few Good Men, A (1992)",1992,Crime|Drama,based on a play|conspiracy|corruption|court|courtroom|courtroom drama|drama|dramatic|earnest|ensemble cast|excellent|excellent script|forceful|good|good acting|great acting|highly quotable|intense|investigation|justice|lawyer|lawyers|mentor|military|murder|police investigation|quotable|secrets|suspense|tense|tom clancy,0.19532406,69
66,110,Braveheart (1995),1995,Action|Drama|War,action|adventure|amazing cinematography|best war films|betrayal|big budget|bloody|breathtaking|cinematography|courage|drama|dramatic|earnest|england|epic|factual|fight scenes|forceful|freedom|good|great|great acting|great ending|great movie|historical|history|imdb top 250|inspirational|intense|long|love story|medieval|mentor|oscar|oscar (best cinematography)|oscar (best directing)|oscar (best picture)|oscar winner|passionate|powerful ending|rebellion|revenge|revolution|sacrifice|scotland|story|sword fight|us history|vengeance|violent|visceral|war,0.1917275,69
40,2028,Saving Private Ryan (1998),1998,Action|Drama|War,action|amazing cinematography|best war films|brutality|courage|drama|dramatic|excellent script|good|good acting|great acting|great ending|great movie|historical|history|imdb top 250|intense|oscar (best cinematography)|oscar (best directing)|oscar (best picture)|powerful ending|realistic|sacrifice|sentimental|spielberg|us history|violence|violent|visceral|war|war movie|wartime|world war ii|wwii,0.23403744,70
56,1610,"Hunt for Red October, The (1990)",1990,Action|Thriller,action|adapted from:book|based on a book|based on book|books|chase|claustrophobic|cold war|conspiracy|espionage|excellent|fast paced|good|good action|great acting|great ending|great movie|intense|political corruption|russian|secrets|spies|spy|spying|submarine|suspense|suspenseful|tense|thriller|tom clancy|weapons|world politics,0.2286288,70
99,457,"Fugitive, The (1993)",1993,Action|Thriller,action|based on a tv show|chase|conspiracy|crime|doctors|excellent script|exciting|fast paced|good|good acting|good action|great|great acting|great ending|great movie|intense|investigation|mentor|murder|oscar (best supporting actor)|oscar winner|police investigation|realistic action|series|suspense|suspenseful|tense|thriller|tom clancy|twists & turns,0.21400237,70
83,590,Dances with Wolves (1990),1990,Adventure|Drama|Western,amazing cinematography|based on book|beautiful scenery|breathtaking|cinematography|civil war|courage|culture clash|destiny|earnest|epic|great acting|historical|indians|long|love story|native americans|oscar|oscar (best cinematography)|oscar (best directing)|oscar (best picture)|oscar (best supporting actor)|us history,0.20778294,70
109,318,"Shawshank Redemption, The (1994)",1994,Drama,adapted from:book|based on book|compassionate|crime|drama|earnest|excellent script|francis ford copolla|freedom|friendship|good|good acting|great|great acting|great ending|great movie|happy ending|heartwarming|imdb top 250|inspirational|intense|interesting|justice|literature|masterpiece|mentor|narrated|original|oscar (best directing)|oscar (best picture)|oscar (best supporting actor)|powerful ending|prison|prison escape|redemption|sentimental|story|storytelling|surprise ending|touching|twists & turns|unlikely friendships,0.2052581,70
17,527,Schindler's List (1993),1993,Drama|War,afi 100|amazing photography|anti-semitism|based on a true story|based on book|based on true story|black and white|compassionate|courage|drama|dramatic|earnest|excellent script|genocide|good|good acting|great acting|great ending|heartbreaking|historical|history|holocaust|honest|imdb top 250|intense|interesting|jewish|jews|masterpiece|nazi|nazis|oscar|oscar (best actor)|oscar (best actress)|oscar (best cinematography)|oscar (best directing)|oscar (best editing)|oscar (best picture)|oscar winner|poignant|poland|powerful ending|sentimental|spielberg|touching|tragedy|true story|us history|war|world war ii|wwii,0.2009706,70
31,150,Apollo 13 (1995),1995,Drama,astronauts|based on a true story|based on true story|catastrophe|claustrophobic|courage|drama|dramatic|excellent script|factual|great acting|historical|history|mars|moon|nasa|nostalgic|oscar (best directing)|oscar winner|science|space|space opera|space program|space travel|stranded|suspense|tense|true story,0.19650926,70
263,3256,Patriot Games (1992),1992,Action|Thriller,action|action packed|adapted from:book|assassin|assassination|assassins|based on a book|based on book|chase|cia|conspiracy|espionage|fast paced|good|good action|intense|irish|irish accent|mentor|revenge|secret service|secrets|spies|spy|spying|surveillance|suspense|suspenseful|tense|terrorism|thriller|tom clancy|vengeance,0.19609217,70
50,2268,"Few Good Men, A (1992)",1992,Crime|Drama,based on a play|conspiracy|corruption|court|courtroom|courtroom drama|drama|dramatic|earnest|ensemble cast|excellent|excellent script|forceful|good|good acting|great acting|highly quotable|intense|investigation|justice|lawyer|lawyers|mentor|military|murder|police investigation|quotable|secrets|suspense|tense|tom clancy,0.1954923,70
66,110,Braveheart (1995),1995,Action|Drama|War,action|adventure|amazing cinematography|best war films|betrayal|big budget|bloody|breathtaking|cinematography|courage|drama|dramatic|earnest|england|epic|factual|fight scenes|forceful|freedom|good|great|great acting|great ending|great movie|historical|history|imdb top 250|inspirational|intense|long|love story|medieval|mentor|oscar|oscar (best cinematography)|oscar (best directing)|oscar (best picture)|oscar winner|passionate|powerful ending|rebellion|revenge|revolution|sacrifice|scotland|story|sword fight|us history|vengeance|violent|visceral|war,0.18983543,70
40,2028,Saving Private Ryan (1998),1998,Action|Drama|War,action|amazing cinematography|best war films|brutality|courage|drama|dramatic|excellent script|good|good acting|great acting|great ending|great movie|historical|history|imdb top 250|intense|oscar (best cinematography)|oscar (best directing)|oscar (best picture)|powerful ending|realistic|sacrifice|sentimental|spielberg|us history|violence|violent|visceral|war|war movie|wartime|world war ii|wwii,0.23624383,71
56,1610,"Hunt for Red October, The (1990)",1990,Action|Thriller,action|adapted from:book|based on a book|based on book|books|chase|claustrophobic|cold war|conspiracy|espionage|excellent|fast paced|good|good action|great acting|great ending|great movie|intense|political corruption|russian|secrets|spies|spy|spying|submarine|suspense|suspenseful|tense|thriller|tom clancy|weapons|world politics,0.22344173,71
99,457,"Fugitive, The (1993)",1993,Action|Thriller,action|based on a tv show|chase|conspiracy|crime|doctors|excellent script|exciting|fast paced|good|good acting|good action|great|great acting|great ending|great movie|intense|investigation|mentor|murder|oscar (best supporting actor)|oscar winner|police investigation|realistic action|series|suspense|suspenseful|tense|thriller|tom clancy|twists & turns,0.21396205,71
83,590,Dances with Wolves (1990),1990,Adventure|Drama|Western,amazing cinematography|based on book|beautiful scenery|breathtaking|cinematography|civil war|courage|culture clash|destiny|earnest|epic|great acting|historical|indians|long|love story|native americans|oscar|oscar (best cinematography)|oscar (best directing)|oscar (best picture)|oscar (best supporting actor)|us history,0.20858283,71
109,318,"Shawshank Redemption, The (1994)",1994,Drama,adapted from:book|based on book|compassionate|crime|drama|earnest|excellent script|francis ford copolla|freedom|friendship|good|good acting|great|great acting|great ending|great movie|happy ending|heartwarming|imdb top 250|inspirational|intense|interesting|justice|literature|masterpiece|mentor|narrated|original|oscar (best directing)|oscar (best picture)|oscar (best supporting actor)|powerful ending|prison|prison escape|redemption|sentimental|story|storytelling|surprise ending|touching|twists & turns|unlikely friendships,0.20572619,71
31,150,Apollo 13 (1995),1995,Drama,astronauts|based on a true story|based on true story|catastrophe|claustrophobic|courage|drama|dramatic|excellent script|factual|great acting|historical|history|mars|moon|nasa|nostalgic|oscar (best directing)|oscar winner|science|space|space opera|space program|space travel|stranded|suspense|tense|true story,0.19683813,71
17,527,Schindler's List (1993),1993,Drama|War,afi 100|amazing photography|anti-semitism|based on a true story|based on book|based on true story|black and white|compassionate|courage|drama|dramatic|earnest|excellent script|genocide|good|good acting|great acting|great ending|heartbreaking|historical|history|holocaust|honest|imdb top 250|intense|interesting|jewish|jews|masterpiece|nazi|nazis|oscar|oscar (best actor)|oscar (best actress)|oscar (best cinematography)|oscar (best directing)|oscar (best editing)|oscar (best picture)|oscar winner|poignant|poland|powerful ending|sentimental|spielberg|touching|tragedy|true story|us history|war|world war ii|wwii,0.19655511,71
263,3256,Patriot Games (1992),1992,Action|Thriller,action|action packed|adapted from:book|assassin|assassination|assassins|based on a book|based on book|chase|cia|conspiracy|espionage|fast paced|good|good action|intense|irish|irish accent|mentor|revenge|secret service|secrets|spies|spy|spying|surveillance|suspense|suspenseful|tense|terrorism|thriller|tom clancy|vengeance,0.19627939,71
50,2268,"Few Good Men, A (1992)",1992,Crime|Drama,based on a play|conspiracy|corruption|court|courtroom|courtroom drama|drama|dramatic|earnest|ensemble cast|excellent|excellent script|forceful|good|good acting|great acting|highly quotable|intense|investigation|justice|lawyer|lawyers|mentor|military|murder|police investigation|quotable|secrets|suspense|tense|tom clancy,0.19499674,71
66,110,Braveheart (1995),1995,Action|Drama|War,action|adventure|amazing cinematography|best war films|betrayal|big budget|bloody|breathtaking|cinematography|courage|drama|dramatic|earnest|england|epic|factual|fight scenes|forceful|freedom|good|great|great acting|great ending|great movie|historical|history|imdb top 250|inspirational|intense|long|love story|medieval|mentor|oscar|oscar (best cinematography)|oscar (best directing)|oscar (best picture)|oscar winner|passionate|powerful ending|rebellion|revenge|revolution|sacrifice|scotland|story|sword fight|us history|vengeance|violent|visceral|war,0.18996742,71
940,922,Sunset Blvd. (a.k.a. Sunset Boulevard) (1950),1950,Film-Noir,afi 100 (movie quotes)|amazing cinematography|black and white|classic|criterion|cynical|dark|dramatic|eerie|film noir|great acting|greed|hollywood|imdb top 250|insanity|interesting|loneliness|masterpiece|narrated|noir|obsession|original|oscar (best actress)|oscar (best directing)|oscar (best picture)|satirical|silent|talky,0.17165132,72
826,3435,Double Indemnity (1944),1944,Crime|Film-Noir,adapted from:book|adultery|atmospheric|black and white|bleak|cinematography|classic|complex|complicated|crime|crime gone awry|criterion|cynical|dark|dialogue|downbeat|enigmatic|film noir|great acting|great ending|greed|imdb top 250|interesting|investigation|manipulation|masterpiece|murder|murder mystery|mystery|narrated|neo-noir|noir|noir thriller|original|oscar (best actress)|oscar (best cinematography)|oscar (best directing)|police investigation|sexy|stylized|suspense|suspenseful|talky|tense|twists & turns,0.16862696,72
941,2186,Strangers on a Train (1951),1951,Film-Noir|Thriller,black and white|classic|crime|criterion|great ending|hitchcock|imdb top 250|interesting|masterpiece|murder|obsession|original|oscar (best cinematography)|oscar (best directing)|police investigation|runaway|suspense|suspenseful|talky|tense|thriller|train,0.1679015,72
199,913,"Maltese Falcon, The (1941)",1941,Film-Noir|Mystery,adapted from:book|afi 100 (movie quotes)|atmospheric|black and white|classic|criterion|cynical|detective|dialogue|film noir|great acting|great dialogue|great ending|greed|highly quotable|imdb top 250|literary adaptation|masterpiece|murder|mystery|neo-noir|noir|noir thriller|original|oscar (best directing)|private detective|quotable|san francisco|talky|twists & turns,0.16787799,72
932,1252,Chinatown (1974),1974,Film-Noir|Mystery|Thriller,1930s|adultery|afi 100|afi 100 (movie quotes)|atmospheric|black and white|bleak|cinematography|classic|complex|complicated|corruption|crime|criterion|cynical|dark|detective|downbeat|enigmatic|excellent script|exceptional acting|film noir|good acting|great|great acting|great ending|great movie|greed|imdb top 250|interesting|investigation|los angeles|masterpiece|melancholic|murder|murder mystery|mystery|neo-noir|noir|noir thriller|original|oscar (best actress)|oscar (best directing)|perfect|plot twist|political corruption|powerful ending|private detective|quotable|secrets|social commentary|storytelling|stylish|suspense|twists & turns,0.16707002,72
188,908,North by Northwest (1959),1959,Drama|Thriller,adventure|chase|classic|complicated|enigmatic|espionage|excellent script|great ending|hitchcock|imdb top 250|masterpiece|mistaken identity|murder|noir thriller|obsession|original|oscar (best directing)|paranoid|police investigation|secrets|spy|spying|suspense|suspenseful|tense|thriller|twists & turns|witty,0.1653202,72
433,926,All About Eve (1950),1950,Drama,afi 100|afi 100 (movie quotes)|black and white|character study|classic|dramatic|excellent script|great acting|great dialogue|imdb top 250|manipulation|masterpiece|obsession|oscar|oscar (best actress)|oscar (best directing)|oscar (best picture)|oscar (best supporting actor)|oscar (best supporting actress)|oscar winner|quotable|talky|witty,0.16499461,72
640,1284,"Big Sleep, The (1946)",1946,Film-Noir|Mystery,adapted from:book|based on a book|black and white|classic|complex|complicated|complicated plot|criterion|detective|dialogue|enigmatic|film noir|highly quotable|imdb top 250|investigation|murder|murder mystery|mystery|neo-noir|noir|noir thriller|original|police investigation|pornography|private detective|sexy|talky|twists & turns,0.16166368,72
247,912,Casablanca (1942),1942,Drama|Romance|War,afi 100 (movie quotes)|bittersweet|black and white|classic|dialogue|drama|excellent script|great acting|imdb top 250|love story|love triangles|masterpiece|nazi|nazis|oscar (best actress)|oscar (best directing)|oscar (best picture)|quotable|romance|romantic|sacrifice|wartime|world war ii|wwii,0.16053636,72
1431,1212,"Third Man, The (1949)",1949,Mystery|Thriller,afi 100|amazing cinematography|atmospheric|betrayal|black and white|bleak|cinematography|classic|criterion|downbeat|enigmatic|excellent script|film noir|golden palm|great acting|great cinematography|imdb top 250|masterpiece|melancholic|murder|mystery|noir|noir thriller|ominous|oscar (best cinematography)|oscar (best directing)|photography|storytelling|stylized|talky|vienna|visual,0.16011313,72
10,2918,Ferris Bueller's Day Off (1986),1986,Comedy,1980s|80s|adolescence|childhood|classic|comedy|coming of age|cool|cult classic|excellent script|fun|fun movie|good soundtrack|high school|imdb top 250|mentor|original|pg-13|quotable|rebellion|school|teen|teen movie|teenager|teens,0.23220065,73
337,1307,When Harry Met Sally... (1989),1989,Comedy|Romance,chick flick|classic|cute|destiny|dialogue|excellent script|feel-good|friendship|girlie movie|good romantic comedies|happy ending|love story|new york|oscar (best writing - screenplay written directly for the screen)|quotable|relationships|romance|romantic|romantic comedy|sweet|unlikely friendships|women,0.2126561,73
136,1968,"Breakfast Club, The (1985)",1985,Comedy|Drama,1980s|80s|adolescence|bullying|coming of age|coming-of-age|cult classic|drama|excellent script|geek|geeks|good soundtrack|high school|original|rebellion|school|social commentary|stereotypes|teen|teen movie|teenager|teenagers|teens,0.19942658,73
324,1923,There's Something About Mary (1998),1998,Comedy,comedy|crude humor|dumb|funniest movies|funny|funny as hell|goofy|hilarious|humor|humorous|off-beat comedy|stupidity|very funny,0.19030778,73
332,3253,Wayne's World (1992),1992,Comedy,comedy|dumb but funny|funniest movies|funny|goofy|hilarious|original|parody|quotable|rock and roll|saturday night live|teen|very funny,0.18864764,73
858,2144,Sixteen Candles (1984),1984,Comedy,1980s|80s|adolescence|chick flick|classic|comedy|geek|geeks|good soundtrack|high school|nerds|nostalgic|pg-13|quotable|sweet|teen|teen movie|teenager|teenagers|teens,0.18121113,73
321,1777,"Wedding Singer, The (1998)",1998,Comedy|Romance,1980s|80s|awesome soundtrack|chick flick|comedy|cute!|destiny|feel good movie|feel-good|funny|girlie movie|good romantic comedies|great|great movie|happy ending|love story|nostalgic|romance|romantic|romantic comedy|sweet|very funny,0.18111014,73
231,597,Pretty Woman (1990),1990,Comedy|Romance,chick flick|destiny|fairy tale|feel good movie|feel-good|girlie movie|good romantic comedies|happy ending|love story|prostitution|rags to riches|romance|romantic|romantic comedy|shopping|sweet|women,0.17862728,73
794,3526,Parenthood (1989),1989,Comedy|Drama,childhood|children|comedy|drama|dysfunctional family|family|family drama|parenthood|touching,0.17717719,73
114,104,Happy Gilmore (1996),1996,Comedy,comedy|dumb|funniest movies|funny|golf|goofy|hilarious|mentor|saturday night live|sports|very funny,0.1757733,73
940,922,Sunset Blvd. (a.k.a. Sunset Boulevard) (1950),1950,Film-Noir,afi 100 (movie quotes)|amazing cinematography|black and white|classic|criterion|cynical|dark|dramatic|eerie|film noir|great acting|greed|hollywood|imdb top 250|insanity|interesting|loneliness|masterpiece|narrated|noir|obsession|original|oscar (best actress)|oscar (best directing)|oscar (best picture)|satirical|silent|talky,0.17732272,74
826,3435,Double Indemnity (1944),1944,Crime|Film-Noir,adapted from:book|adultery|atmospheric|black and white|bleak|cinematography|classic|complex|complicated|crime|crime gone awry|criterion|cynical|dark|dialogue|downbeat|enigmatic|film noir|great acting|great ending|greed|imdb top 250|interesting|investigation|manipulation|masterpiece|murder|murder mystery|mystery|narrated|neo-noir|noir|noir thriller|original|oscar (best actress)|oscar (best cinematography)|oscar (best directing)|police investigation|sexy|stylized|suspense|suspenseful|talky|tense|twists & turns,0.17508385,74
640,1284,"Big Sleep, The (1946)",1946,Film-Noir|Mystery,adapted from:book|based on a book|black and white|classic|complex|complicated|complicated plot|criterion|detective|dialogue|enigmatic|film noir|highly quotable|imdb top 250|investigation|murder|murder mystery|mystery|neo-noir|noir|noir thriller|original|police investigation|pornography|private detective|sexy|talky|twists & turns,0.17090899,74
433,926,All About Eve (1950),1950,Drama,afi 100|afi 100 (movie quotes)|black and white|character study|classic|dramatic|excellent script|great acting|great dialogue|imdb top 250|manipulation|masterpiece|obsession|oscar|oscar (best actress)|oscar (best directing)|oscar (best picture)|oscar (best supporting actor)|oscar (best supporting actress)|oscar winner|quotable|talky|witty,0.16886212,74
941,2186,Strangers on a Train (1951),1951,Film-Noir|Thriller,black and white|classic|crime|criterion|great ending|hitchcock|imdb top 250|interesting|masterpiece|murder|obsession|original|oscar (best cinematography)|oscar (best directing)|police investigation|runaway|suspense|suspenseful|talky|tense|thriller|train,0.16832295,74
199,913,"Maltese Falcon, The (1941)",1941,Film-Noir|Mystery,adapted from:book|afi 100 (movie quotes)|atmospheric|black and white|classic|criterion|cynical|detective|dialogue|film noir|great acting|great dialogue|great ending|greed|highly quotable|imdb top 250|literary adaptation|masterpiece|murder|mystery|neo-noir|noir|noir thriller|original|oscar (best directing)|private detective|quotable|san francisco|talky|twists & turns,0.16499475,74
82,3334,Key Largo (1948),1948,Crime|Drama|Film-Noir|Thriller,based on a play|classic|claustrophobic|courage|crime gone awry|drama|dramatic|film noir|gangster|gangsters|great acting|greed|hotel|imdb top 250|indians|mafia|mob|murder|noir|organized crime|original|oscar (best actress)|oscar (best directing)|oscar (best supporting actress)|talky|tense,0.16470847,74
942,930,Notorious (1946),1946,Film-Noir|Romance|Thriller,assassination|betrayal|classic|complicated|criterion|enigmatic|espionage|hitchcock|imdb top 250|love story|nazi|nazis|noir thriller|original|oscar (best directing)|romance|secrets|spy|spying|suspense|suspenseful|talky|tense|thriller,0.16365595,74
1431,1212,"Third Man, The (1949)",1949,Mystery|Thriller,afi 100|amazing cinematography|atmospheric|betrayal|black and white|bleak|cinematography|classic|criterion|downbeat|enigmatic|excellent script|film noir|golden palm|great acting|great cinematography|imdb top 250|masterpiece|melancholic|murder|mystery|noir|noir thriller|ominous|oscar (best cinematography)|oscar (best directing)|photography|storytelling|stylized|talky|vienna|visual,0.15945402,74
932,1252,Chinatown (1974),1974,Film-Noir|Mystery|Thriller,1930s|adultery|afi 100|afi 100 (movie quotes)|atmospheric|black and white|bleak|cinematography|classic|complex|complicated|corruption|crime|criterion|cynical|dark|detective|downbeat|enigmatic|excellent script|exceptional acting|film noir|good acting|great|great acting|great ending|great movie|greed|imdb top 250|interesting|investigation|los angeles|masterpiece|melancholic|murder|murder mystery|mystery|neo-noir|noir|noir thriller|original|oscar (best actress)|oscar (best directing)|perfect|plot twist|political corruption|powerful ending|private detective|quotable|secrets|social commentary|storytelling|stylish|suspense|twists & turns,0.15867023,74
940,922,Sunset Blvd. (a.k.a. Sunset Boulevard) (1950),1950,Film-Noir,afi 100 (movie quotes)|amazing cinematography|black and white|classic|criterion|cynical|dark|dramatic|eerie|film noir|great acting|greed|hollywood|imdb top 250|insanity|interesting|loneliness|masterpiece|narrated|noir|obsession|original|oscar (best actress)|oscar (best directing)|oscar (best picture)|satirical|silent|talky,0.17182495,75
826,3435,Double Indemnity (1944),1944,Crime|Film-Noir,adapted from:book|adultery|atmospheric|black and white|bleak|cinematography|classic|complex|complicated|crime|crime gone awry|criterion|cynical|dark|dialogue|downbeat|enigmatic|film noir|great acting|great ending|greed|imdb top 250|interesting|investigation|manipulation|masterpiece|murder|murder mystery|mystery|narrated|neo-noir|noir|noir thriller|original|oscar (best actress)|oscar (best cinematography)|oscar (best directing)|police investigation|sexy|stylized|suspense|suspenseful|talky|tense|twists & turns,0.16842277,75
941,2186,Strangers on a Train (1951),1951,Film-Noir|Thriller,black and white|classic|crime|criterion|great ending|hitchcock|imdb top 250|interesting|masterpiece|murder|obsession|original|oscar (best cinematography)|oscar (best directing)|police investigation|runaway|suspense|suspenseful|talky|tense|thriller|train,0.16755752,75
199,913,"Maltese Falcon, The (1941)",1941,Film-Noir|Mystery,adapted from:book|afi 100 (movie quotes)|atmospheric|black and white|classic|criterion|cynical|detective|dialogue|film noir|great acting|great dialogue|great ending|greed|highly quotable|imdb top 250|literary adaptation|masterpiece|murder|mystery|neo-noir|noir|noir thriller|original|oscar (best directing)|private detective|quotable|san francisco|talky|twists & turns,0.16680117,75
932,1252,Chinatown (1974),1974,Film-Noir|Mystery|Thriller,1930s|adultery|afi 100|afi 100 (movie quotes)|atmospheric|black and white|bleak|cinematography|classic|complex|complicated|corruption|crime|criterion|cynical|dark|detective|downbeat|enigmatic|excellent script|exceptional acting|film noir|good acting|great|great acting|great ending|great movie|greed|imdb top 250|interesting|investigation|los angeles|masterpiece|melancholic|murder|murder mystery|mystery|neo-noir|noir|noir thriller|original|oscar (best actress)|oscar (best directing)|perfect|plot twist|political corruption|powerful ending|private detective|quotable|secrets|social commentary|storytelling|stylish|suspense|twists & turns,0.16495524,75
433,926,All About Eve (1950),1950,Drama,afi 100|afi 100 (movie quotes)|black and white|character study|classic|dramatic|excellent script|great acting|great dialogue|imdb top 250|manipulation|masterpiece|obsession|oscar|oscar (best actress)|oscar (best directing)|oscar (best picture)|oscar (best supporting actor)|oscar (best supporting actress)|oscar winner|quotable|talky|witty,0.1647962,75
188,908,North by Northwest (1959),1959,Drama|Thriller,adventure|chase|classic|complicated|enigmatic|espionage|excellent script|great ending|hitchcock|imdb top 250|masterpiece|mistaken identity|murder|noir thriller|obsession|original|oscar (best directing)|paranoid|police investigation|secrets|spy|spying|suspense|suspenseful|tense|thriller|twists & turns|witty,0.16144803,75
640,1284,"Big Sleep, The (1946)",1946,Film-Noir|Mystery,adapted from:book|based on a book|black and white|classic|complex|complicated|complicated plot|criterion|detective|dialogue|enigmatic|film noir|highly quotable|imdb top 250|investigation|murder|murder mystery|mystery|neo-noir|noir|noir thriller|original|police investigation|pornography|private detective|sexy|talky|twists & turns,0.1613526,75
1431,1212,"Third Man, The (1949)",1949,Mystery|Thriller,afi 100|amazing cinematography|atmospheric|betrayal|black and white|bleak|cinematography|classic|criterion|downbeat|enigmatic|excellent script|film noir|golden palm|great acting|great cinematography|imdb top 250|masterpiece|melancholic|murder|mystery|noir|noir thriller|ominous|oscar (best cinematography)|oscar (best directing)|photography|storytelling|stylized|talky|vienna|visual,0.16000536,75
524,1230,Annie Hall (1977),1977,Comedy|Romance,afi 100|bittersweet|character study|imdb top 250|intellectual|intimate|loneliness|love story|masterpiece|melancholic|new york|original|oscar (best actress)|oscar (best directing)|oscar (best picture)|oscar (best writing - screenplay written directly for the screen)|quotable|relationships|romantic|sarcasm|talky|witty,0.15980154,75
