prototype,feature,value,count,topk_size,topk_freq,global_freq,lift,score,selected
0,index_group_name,Divided,19,20,0.95,0.2062119991209435,4.606909413854352,0.95,True
0,graphical_appearance_name,Solid,11,20,0.55,0.5812760969892315,0.9461940768746062,0.55,True
0,product_type_name,Trousers,10,20,0.5,0.1310526701340561,3.815259921743991,0.5,False
0,product_group_name,Garment Lower body,10,20,0.5,0.2052596879349498,2.4359386152748037,0.5,True
0,product_group_name,Garment Upper body,9,20,0.45,0.38905574683173394,1.156646582564489,0.45,False
0,section_name,Divided Collection,9,20,0.45,0.10409493809977291,4.322976776917664,0.45,False
0,garment_group_name,Trousers,8,20,0.4,0.0825580543549923,4.845075421472937,0.4,False
0,garment_group_name,Jersey Basic,8,20,0.4,0.09003003442971211,4.442961757526445,0.4,False
0,department_name,Trousers,8,20,0.4,0.0164823089883525,24.268444444444444,0.4,False
0,perceived_colour_master_name,Blue,7,20,0.35,0.11933191707567212,2.932995702885205,0.35,False
0,section_name,Divided Basics,7,20,0.35,0.03208556149732621,10.908333333333331,0.35,False
0,department_name,Basic 1,7,20,0.35,0.029228627939345102,11.97456140350877,0.35,False
0,perceived_colour_master_name,Grey,6,20,0.3,0.07113032012306791,4.21761071060762,0.3,False
0,colour_group_name,Grey,5,20,0.25,0.031059995604717602,8.048938679245284,0.25,False
0,product_type_name,T-shirt,4,20,0.2,0.05757819939931141,3.4735368956743002,0.2,False
0,colour_group_name,Dark Blue,4,20,0.2,0.058970038824994506,3.391552795031056,0.2,False
0,colour_group_name,Black,4,20,0.2,0.28027250750860744,0.7135912179822269,0.2,False
0,perceived_colour_master_name,Black,4,20,0.2,0.28173760164090544,0.7098803952158086,0.2,False
0,product_type_name,Sweater,3,20,0.15,0.0791883378507069,1.894218316373728,0.15,False
0,colour_group_name,Blue,3,20,0.15,0.033330891509779505,4.50032967032967,0.15,False
0,graphical_appearance_name,Embroidery,3,20,0.15,0.012087026591458501,12.41,0.15,False
0,graphical_appearance_name,Denim,3,20,0.15,0.074719800747198,2.0075000000000003,0.15,False
0,graphical_appearance_name,Melange,3,20,0.15,0.0617537176763607,2.429003558718861,0.15,False
0,garment_group_name,Trousers Denim,3,20,0.15,0.0430737674895612,3.4823979591836736,0.15,False
0,section_name,Ladies Denim,3,20,0.15,0.028862354406270604,5.1970812182741115,0.15,False
0,department_name,Denim Trousers,3,20,0.15,0.0171416013478866,8.750641025641025,0.15,False
0,product_type_name,Top,2,20,0.1,0.050692256977510806,1.9726878612716763,0.1,False
0,product_type_name,Unknown,1,20,0.05,0.006080140649036701,8.223493975903615,0.05,False
0,product_group_name,Unknown,1,20,0.05,0.006080140649036701,8.223493975903615,0.05,False
0,colour_group_name,Greenish Khaki,1,20,0.05,0.027910043220276903,1.7914698162729659,0.05,False
0,colour_group_name,Dark Grey,1,20,0.05,0.029375137352574902,1.70211970074813,0.05,False
0,colour_group_name,White,1,20,0.05,0.0960369203721339,0.5206331045003815,0.05,False
0,colour_group_name,Pink,1,20,0.05,0.021024100798476303,2.3782229965156794,0.05,False
0,perceived_colour_master_name,Khaki green,1,20,0.05,0.035015749761922205,1.427928870292887,0.05,False
0,perceived_colour_master_name,White,1,20,0.05,0.12797597245623032,0.3906983400114482,0.05,False
0,perceived_colour_master_name,Pink,1,20,0.05,0.06702805655263351,0.7459562841530054,0.05,False
0,garment_group_name,Knitwear,1,20,0.05,0.06695480184601861,0.7467724288840263,0.05,False
0,index_group_name,Ladieswear,1,20,0.05,0.5894806241301004,0.08482042997390332,0.05,False
0,section_name,Womens Everyday Basics,1,20,0.05,0.027177496154127904,1.8397574123989218,0.05,False
0,department_name,Jersey Basic,1,20,0.05,0.026737967914438502,1.87,0.05,False
0,department_name,Tops Knitwear,1,20,0.05,0.014357922496520402,3.4823979591836736,0.05,False
1,index_group_name,Ladieswear,15,20,0.75,0.5894806241301004,1.2723064496085497,0.75,True
1,product_group_name,Swimwear,12,20,0.6,0.0397773056918907,15.083977900552485,0.6,False
1,garment_group_name,Swimwear,12,20,0.6,0.038531975679437405,15.57148288973384,0.6,True
1,section_name,"Womens Swimwear, beachwear",12,20,0.6,0.0374331550802139,16.02857142857143,0.6,False
1,department_name,Swimwear,12,20,0.6,0.038531975679437405,15.57148288973384,0.6,True
1,graphical_appearance_name,All over pattern,9,20,0.45,0.10709838107098381,4.201744186046512,0.45,False
1,colour_group_name,Black,8,20,0.4,0.28027250750860744,1.4271824359644538,0.4,False
1,perceived_colour_master_name,Black,8,20,0.4,0.28173760164090544,1.4197607904316172,0.4,False
1,graphical_appearance_name,Solid,8,20,0.4,0.5812760969892315,0.6881411468178954,0.4,False
1,product_type_name,Bikini top,7,20,0.35,0.0171416013478866,20.418162393162394,0.35,False
1,product_type_name,Swimwear bottom,5,20,0.25,0.016702073108197203,14.968201754385964,0.25,False
1,colour_group_name,Light Blue,5,20,0.25,0.026957732034283203,9.273777173913043,0.25,False
1,perceived_colour_master_name,Blue,5,20,0.25,0.11933191707567212,2.0949969306322895,0.25,False
1,index_group_name,Divided,5,20,0.25,0.2062119991209435,1.2123445825932504,0.25,False
1,section_name,Divided Collection,4,20,0.2,0.10409493809977291,1.9213230119634062,0.2,False
1,product_group_name,Garment Full body,3,20,0.15,0.1304666324811369,1.1497192588433465,0.15,False
1,product_group_name,Garment Lower body,3,20,0.15,0.2052596879349498,0.7307815845824411,0.15,False
1,product_type_name,Dress,2,20,0.1,0.11750054941029961,0.851059850374065,0.1,False
1,product_type_name,Shorts,2,20,0.1,0.022049666691084904,4.535215946843854,0.1,False
1,product_group_name,Garment Upper body,2,20,0.1,0.38905574683173394,0.25703257390321976,0.1,False
1,colour_group_name,Dark Orange,2,20,0.1,0.009230093033477401,10.834126984126984,0.1,False
1,colour_group_name,Yellow,2,20,0.1,0.011354479525309501,8.807096774193548,0.1,False
1,perceived_colour_master_name,Orange,2,20,0.1,0.0273972602739726,3.6500000000000004,0.1,False
1,perceived_colour_master_name,Yellow,2,20,0.1,0.022635704344004103,4.4177993527508095,0.1,False
1,graphical_appearance_name,Denim,2,20,0.1,0.074719800747198,1.3383333333333336,0.1,False
1,garment_group_name,Dresses Ladies,2,20,0.1,0.06651527360632921,1.5034140969162997,0.1,False
1,garment_group_name,Blouses,2,20,0.1,0.0860742802725075,1.1617872340425532,0.1,False
1,section_name,Womens Tailoring,2,20,0.1,0.06343857592850341,1.5763279445727483,0.1,False
1,department_name,Tops Woven,2,20,0.1,0.015236978975899202,6.562980769230769,0.1,False
1,product_type_name,Vest top,1,20,0.05,0.030107684418723902,1.660705596107056,0.05,False
1,product_type_name,Skirt,1,20,0.05,0.033404146216394405,1.4968201754385966,0.05,False
1,product_type_name,Jumpsuit/Playsuit,1,20,0.05,0.005933631235806901,8.426543209876543,0.05,False
1,product_type_name,Blouse,1,20,0.05,0.045344663394623105,1.1026655896607431,0.05,False
1,colour_group_name,Green,1,20,0.05,0.009742875979781702,5.131954887218045,0.05,False
1,colour_group_name,Turquoise,1,20,0.05,0.0028569335579811004,17.50128205128205,0.05,False
1,colour_group_name,Light Beige,1,20,0.05,0.0478353234195297,1.0452526799387445,0.05,False
1,perceived_colour_master_name,Green,1,20,0.05,0.027910043220276903,1.7914698162729659,0.05,False
1,perceived_colour_master_name,Turquoise,1,20,0.05,0.009230093033477401,5.417063492063492,0.05,False
1,perceived_colour_master_name,Beige,1,20,0.05,0.08482895026005421,0.5894214162348878,0.05,False
1,graphical_appearance_name,Stripe,1,20,0.05,0.030034429712109,1.6647560975609759,0.05,False
1,garment_group_name,Skirts,1,20,0.05,0.0195590066661783,2.556367041198502,0.05,False
1,garment_group_name,Trousers Denim,1,20,0.05,0.0430737674895612,1.1607993197278912,0.05,False
1,garment_group_name,Jersey Fancy,1,20,0.05,0.16672771225551242,0.299890158172232,0.05,False
1,garment_group_name,Shorts,1,20,0.05,0.014064903670060802,3.554947916666667,0.05,False
1,section_name,Ladies Denim,1,20,0.05,0.028862354406270604,1.7323604060913707,0.05,False
1,section_name,Womens Casual,1,20,0.05,0.039557541572046,1.2639814814814816,0.05,False
1,department_name,Dress,1,20,0.05,0.035894806241301,1.3929591836734696,0.05,False
1,department_name,Skirts,1,20,0.05,0.007838253607794301,6.378971962616823,0.05,False
1,department_name,Dresses,1,20,0.05,0.021024100798476303,2.3782229965156794,0.05,False
1,department_name,Denim Other Garments,1,20,0.05,0.0066661783019559,7.500549450549451,0.05,False
1,department_name,Jersey,1,20,0.05,0.060801406490367006,0.8223493975903615,0.05,False
1,department_name,Shorts & Skirts,1,20,0.05,0.0033697165042854004,14.83804347826087,0.05,False
2,index_group_name,Ladieswear,19,20,0.95,0.5894806241301004,1.611588169504163,0.95,True
2,graphical_appearance_name,Solid,10,20,0.5,0.5812760969892315,0.8601764335223693,0.5,True
2,section_name,Womens Tailoring,8,20,0.4,0.06343857592850341,6.305311778290993,0.4,True
2,product_group_name,Garment Upper body,7,20,0.35,0.38905574683173394,0.8996140086612691,0.35,False
2,section_name,Womens Everyday Collection,7,20,0.35,0.12218885063365321,2.8644184652278173,0.35,False
2,product_group_name,Garment Lower body,6,20,0.3,0.2052596879349498,1.4615631691648823,0.3,False
2,product_type_name,Dress,5,20,0.25,0.11750054941029961,2.1276496259351623,0.25,False
2,product_group_name,Garment Full body,5,20,0.25,0.1304666324811369,1.9161987647389107,0.25,False
2,colour_group_name,Black,5,20,0.25,0.28027250750860744,0.8919890224777836,0.25,False
2,perceived_colour_master_name,White,5,20,0.25,0.12797597245623032,1.9534917000572407,0.25,False
2,perceived_colour_master_name,Black,5,20,0.25,0.28173760164090544,0.8873504940197607,0.25,False
2,graphical_appearance_name,All over pattern,5,20,0.25,0.10709838107098381,2.3343023255813953,0.25,False
2,perceived_colour_master_name,Beige,4,20,0.2,0.08482895026005421,2.357685664939551,0.2,False
2,garment_group_name,Blouses,4,20,0.2,0.0860742802725075,2.3235744680851065,0.2,False
2,garment_group_name,Dresses Ladies,4,20,0.2,0.06651527360632921,3.0068281938325994,0.2,False
2,product_type_name,Blouse,3,20,0.15,0.045344663394623105,3.307996768982229,0.15,False
2,product_type_name,Skirt,3,20,0.15,0.033404146216394405,4.490460526315789,0.15,False
2,product_type_name,Trousers,3,20,0.15,0.1310526701340561,1.1445779765231974,0.15,False
2,colour_group_name,Off White,3,20,0.15,0.030180939125338802,4.97002427184466,0.15,False
2,colour_group_name,Beige,3,20,0.15,0.04585744634092741,3.2710063897763577,0.15,False
2,graphical_appearance_name,Other structure,3,20,0.15,0.022855468463848803,6.5629807692307685,0.15,False
2,garment_group_name,Knitwear,3,20,0.15,0.06695480184601861,2.2403172866520786,0.15,False
2,garment_group_name,Trousers,3,20,0.15,0.0825580543549923,1.8169032830523513,0.15,False
2,department_name,Blouse,3,20,0.15,0.043293531609405904,3.464720812182741,0.15,False
2,department_name,Dress,3,20,0.15,0.035894806241301,4.178877551020408,0.15,False
2,department_name,Knitwear,3,20,0.15,0.039557541572046,3.7919444444444443,0.15,False
2,product_type_name,Boots,2,20,0.1,0.009303347740092302,10.748818897637795,0.1,False
2,product_group_name,Shoes,2,20,0.1,0.026957732034283203,3.7095108695652175,0.1,False
2,colour_group_name,Light Beige,2,20,0.1,0.0478353234195297,2.090505359877489,0.1,False
2,colour_group_name,Yellowish Brown,2,20,0.1,0.0187532048934144,5.3324218750000005,0.1,False
2,perceived_colour_master_name,Brown,2,20,0.1,0.026151930261519303,3.823809523809524,0.1,False
2,garment_group_name,Skirts,2,20,0.1,0.0195590066661783,5.112734082397004,0.1,False
2,garment_group_name,Shoes,2,20,0.1,0.026811222621053402,3.7297814207650277,0.1,False
2,section_name,Womens Trend,2,20,0.1,0.030986740898102702,3.227186761229315,0.1,False
2,section_name,Womens Shoes,2,20,0.1,0.023734524943227604,4.213271604938272,0.1,False
2,department_name,Skirt,2,20,0.1,0.011647498351769101,8.58553459119497,0.1,False
2,department_name,Trouser,2,20,0.1,0.0446121163284741,2.2415435139573074,0.1,False
2,department_name,Boots,2,20,0.1,0.0066661783019559,15.001098901098903,0.1,False
2,product_type_name,Cardigan,1,20,0.05,0.014064903670060802,3.554947916666667,0.05,False
2,product_type_name,Blazer,1,20,0.05,0.014211413083290601,3.5182989690721653,0.05,False
2,product_type_name,Sweater,1,20,0.05,0.0791883378507069,0.6314061054579094,0.05,False
2,product_type_name,Top,1,20,0.05,0.050692256977510806,0.9863439306358381,0.05,False
2,colour_group_name,Greenish Khaki,1,20,0.05,0.027910043220276903,1.7914698162729659,0.05,False
2,colour_group_name,Light Purple,1,20,0.05,0.008717310087173101,5.735714285714286,0.05,False
2,colour_group_name,Light Pink,1,20,0.05,0.036773862720679805,1.3596613545816734,0.05,False
2,colour_group_name,Red,1,20,0.05,0.009156838326862501,5.4604,0.05,False
2,colour_group_name,White,1,20,0.05,0.0960369203721339,0.5206331045003815,0.05,False
2,perceived_colour_master_name,Khaki green,1,20,0.05,0.035015749761922205,1.427928870292887,0.05,False
2,perceived_colour_master_name,Lilac Purple,1,20,0.05,0.014724196029594901,3.395771144278607,0.05,False
2,perceived_colour_master_name,Pink,1,20,0.05,0.06702805655263351,0.7459562841530054,0.05,False
2,perceived_colour_master_name,Red,1,20,0.05,0.0232217419969233,2.1531545741324924,0.05,False
2,graphical_appearance_name,Contrast,1,20,0.05,0.0034429712109003002,14.522340425531917,0.05,False
2,graphical_appearance_name,Lace,1,20,0.05,0.012673064244377702,3.9453757225433526,0.05,False
2,garment_group_name,Dressed,1,20,0.05,0.013112592484067102,3.813128491620112,0.05,False
2,garment_group_name,Jersey Fancy,1,20,0.05,0.16672771225551242,0.299890158172232,0.05,False
2,index_group_name,Divided,1,20,0.05,0.2062119991209435,0.2424689165186501,0.05,False
2,section_name,Divided Collection,1,20,0.05,0.10409493809977291,0.48033075299085154,0.05,False
2,department_name,Trousers & Skirt,1,20,0.05,0.0028569335579811004,17.50128205128205,0.05,False
2,department_name,Suit jacket,1,20,0.05,0.0053475935828877,9.350000000000001,0.05,False
2,department_name,Dresses,1,20,0.05,0.021024100798476303,2.3782229965156794,0.05,False
2,department_name,Blouse & Dress,1,20,0.05,0.013478866017141601,3.7095108695652175,0.05,False
2,department_name,Jersey fancy,1,20,0.05,0.0247600908358362,2.0193786982248523,0.05,False
3,graphical_appearance_name,Solid,15,20,0.75,0.5812760969892315,1.290264650283554,0.75,True
3,product_group_name,Garment Upper body,11,20,0.55,0.38905574683173394,1.4136791564677087,0.55,False
3,garment_group_name,Jersey Basic,11,20,0.55,0.09003003442971211,6.1090724165988615,0.55,True
3,index_group_name,Menswear,11,20,0.55,0.10438795692623251,5.26880701754386,0.55,False
3,section_name,Men Underwear,11,20,0.55,0.0358215515346861,15.353885480572599,0.55,False
3,department_name,Blanks,11,20,0.55,0.0014650941322980001,375.40250000000003,0.55,True
3,index_group_name,Divided,9,20,0.45,0.2062119991209435,2.182220248667851,0.45,False
3,perceived_colour_master_name,Black,6,20,0.3,0.28173760164090544,1.0648205928237129,0.3,False
3,product_type_name,Trousers,5,20,0.25,0.1310526701340561,1.9076299608719955,0.25,False
3,product_group_name,Garment Lower body,5,20,0.25,0.2052596879349498,1.2179693076374019,0.25,False
3,colour_group_name,Black,5,20,0.25,0.28027250750860744,0.8919890224777836,0.25,False
3,perceived_colour_master_name,Beige,5,20,0.25,0.08482895026005421,2.9471070811744386,0.25,False
3,product_type_name,Sweater,4,20,0.2,0.0791883378507069,2.5256244218316377,0.2,False
3,product_group_name,Accessories,4,20,0.2,0.092300930334774,2.166825396825397,0.2,False
3,colour_group_name,Yellowish Brown,4,20,0.2,0.0187532048934144,10.664843750000001,0.2,False
3,perceived_colour_master_name,Brown,4,20,0.2,0.026151930261519303,7.647619047619048,0.2,False
3,perceived_colour_master_name,White,4,20,0.2,0.12797597245623032,1.5627933600457928,0.2,False
3,garment_group_name,Accessories,4,20,0.2,0.0962566844919786,2.077777777777778,0.2,False
3,section_name,Divided Accessories,4,20,0.2,0.013991648963445902,14.294240837696336,0.2,False
3,section_name,Divided Collection,4,20,0.2,0.10409493809977291,1.9213230119634062,0.2,False
3,product_type_name,Hoodie,3,20,0.15,0.0206578272654018,7.261170212765958,0.15,False
3,colour_group_name,Dark Beige,3,20,0.15,0.012966083070837301,11.56864406779661,0.15,False
3,colour_group_name,Off White,3,20,0.15,0.030180939125338802,4.97002427184466,0.15,False
3,garment_group_name,Knitwear,3,20,0.15,0.06695480184601861,2.2403172866520786,0.15,False
3,department_name,Tops Knitwear,3,20,0.15,0.014357922496520402,10.44719387755102,0.15,False
3,product_type_name,Bag,2,20,0.1,0.009156838326862501,10.9208,0.1,False
3,product_type_name,Hat/beanie,2,20,0.1,0.0038092447439748004,26.251923076923077,0.1,False
3,product_type_name,T-shirt,2,20,0.1,0.05757819939931141,1.7367684478371501,0.1,False
3,colour_group_name,Light Beige,2,20,0.1,0.0478353234195297,2.090505359877489,0.1,False
3,graphical_appearance_name,Placement print,2,20,0.1,0.014650941322980001,6.825500000000001,0.1,False
3,graphical_appearance_name,All over pattern,2,20,0.1,0.10709838107098381,0.9337209302325582,0.1,False
3,department_name,Bags,2,20,0.1,0.009596366566551901,10.4206106870229,0.1,False
3,department_name,Knit & Woven,2,20,0.1,0.0045417918101238,22.017741935483873,0.1,False
3,product_type_name,Cardigan,1,20,0.05,0.014064903670060802,3.554947916666667,0.05,False
3,product_type_name,Top,1,20,0.05,0.050692256977510806,0.9863439306358381,0.05,False
3,colour_group_name,White,1,20,0.05,0.0960369203721339,0.5206331045003815,0.05,False
3,colour_group_name,Dark Blue,1,20,0.05,0.058970038824994506,0.847888198757764,0.05,False
3,colour_group_name,Dark Grey,1,20,0.05,0.029375137352574902,1.70211970074813,0.05,False
3,perceived_colour_master_name,Blue,1,20,0.05,0.11933191707567212,0.41899938612645793,0.05,False
3,graphical_appearance_name,Jacquard,1,20,0.05,0.005127829463043,9.750714285714286,0.05,False
3,garment_group_name,Special Offers,1,20,0.05,0.0035162259175152005,14.219791666666667,0.05,False
3,garment_group_name,Trousers,1,20,0.05,0.0825580543549923,0.6056344276841171,0.05,False
3,section_name,Divided Projects,1,20,0.05,0.022049666691084904,2.267607973421927,0.05,False
3,department_name,Promotion/ Other /Offer,1,20,0.05,0.0002930188264596,170.63750000000002,0.05,False
3,department_name,Trousers,1,20,0.05,0.0164823089883525,3.0335555555555556,0.05,False
4,index_group_name,Ladieswear,20,20,1.0,0.5894806241301004,1.6964085994780662,1.0,True
4,section_name,Mama,18,20,0.9,0.023294996703538202,38.63490566037736,0.9,True
4,graphical_appearance_name,Solid,12,20,0.6,0.5812760969892315,1.032211720226843,0.6,True
4,product_group_name,Garment Lower body,11,20,0.55,0.2052596879349498,2.6795324768022843,0.55,False
4,garment_group_name,Jersey Fancy,11,20,0.55,0.16672771225551242,3.2987917398945523,0.55,False
4,department_name,Jersey,11,20,0.55,0.060801406490367006,9.045843373493977,0.55,False
4,colour_group_name,Black,9,20,0.45,0.28027250750860744,1.6055802404600104,0.45,False
4,perceived_colour_master_name,Black,9,20,0.45,0.28173760164090544,1.5972308892355693,0.45,False
4,product_type_name,Trousers,6,20,0.3,0.1310526701340561,2.2891559530463947,0.3,False
4,product_group_name,Garment Upper body,6,20,0.3,0.38905574683173394,0.7710977217096592,0.3,False
4,garment_group_name,Trousers,5,20,0.25,0.0825580543549923,3.0281721384205857,0.25,False
4,department_name,Woven bottoms,5,20,0.25,0.009669621273166801,25.854166666666664,0.25,False
4,product_type_name,Leggings/Tights,4,20,0.2,0.018313676653725002,10.9208,0.2,False
4,graphical_appearance_name,Denim,4,20,0.2,0.074719800747198,2.676666666666667,0.2,False
4,colour_group_name,Dark Blue,3,20,0.15,0.058970038824994506,2.543664596273292,0.15,False
4,perceived_colour_master_name,White,3,20,0.15,0.12797597245623032,1.1720950200343445,0.15,False
4,perceived_colour_master_name,Grey,3,20,0.15,0.07113032012306791,2.10880535530381,0.15,False
4,product_type_name,Top,2,20,0.1,0.050692256977510806,1.9726878612716763,0.1,False
4,product_type_name,T-shirt,2,20,0.1,0.05757819939931141,1.7367684478371501,0.1,False
4,product_type_name,Sweater,2,20,0.1,0.0791883378507069,1.2628122109158189,0.1,False
4,colour_group_name,White,2,20,0.1,0.0960369203721339,1.041266209000763,0.1,False
4,colour_group_name,Grey,2,20,0.1,0.031059995604717602,3.2195754716981133,0.1,False
4,perceived_colour_master_name,Blue,2,20,0.1,0.11933191707567212,0.8379987722529159,0.1,False
4,graphical_appearance_name,Melange,2,20,0.1,0.0617537176763607,1.6193357058125744,0.1,False
4,graphical_appearance_name,Stripe,2,20,0.1,0.030034429712109,3.3295121951219517,0.1,False
4,garment_group_name,Knitwear,2,20,0.1,0.06695480184601861,1.4935448577680526,0.1,False
4,department_name,Knitwear,2,20,0.1,0.039557541572046,2.527962962962963,0.1,False
4,product_type_name,Underwear Tights,1,20,0.05,0.006739433008570801,7.419021739130435,0.05,False
4,product_type_name,Underwear bottom,1,20,0.05,0.031133250311332503,1.606,0.05,False
4,product_type_name,Dress,1,20,0.05,0.11750054941029961,0.4255299251870325,0.05,False
4,product_type_name,Skirt,1,20,0.05,0.033404146216394405,1.4968201754385966,0.05,False
4,product_group_name,Socks & Tights,1,20,0.05,0.030766976778258005,1.6251190476190476,0.05,False
4,product_group_name,Underwear,1,20,0.05,0.06768734891216761,0.7386904761904761,0.05,False
4,product_group_name,Garment Full body,1,20,0.05,0.1304666324811369,0.3832397529477822,0.05,False
4,colour_group_name,Dark Orange,1,20,0.05,0.009230093033477401,5.417063492063492,0.05,False
4,colour_group_name,Off White,1,20,0.05,0.030180939125338802,1.6566747572815534,0.05,False
4,colour_group_name,Pink,1,20,0.05,0.021024100798476303,2.3782229965156794,0.05,False
4,colour_group_name,Dark Grey,1,20,0.05,0.029375137352574902,1.70211970074813,0.05,False
4,perceived_colour_master_name,Red,1,20,0.05,0.0232217419969233,2.1531545741324924,0.05,False
4,perceived_colour_master_name,Pink,1,20,0.05,0.06702805655263351,0.7459562841530054,0.05,False
4,perceived_colour_master_name,Lilac Purple,1,20,0.05,0.014724196029594901,3.395771144278607,0.05,False
4,garment_group_name,Socks and Tights,1,20,0.05,0.030254193831953703,1.6526634382566587,0.05,False
4,garment_group_name,"Under-, Nightwear",1,20,0.05,0.08475569555343931,0.5899308556611927,0.05,False
4,section_name,"Womens Nightwear, Socks & Tigh",1,20,0.05,0.034869240348692404,1.4339285714285714,0.05,False
4,section_name,Womens Lingerie,1,20,0.05,0.05765145410592631,0.8672808132147396,0.05,False
4,department_name,Tights basic,1,20,0.05,0.008277781847483701,6.040265486725664,0.05,False
4,department_name,Mama Lingerie,1,20,0.05,0.0019046223719874002,26.251923076923077,0.05,False
5,index_group_name,Ladieswear,20,20,1.0,0.5894806241301004,1.6964085994780662,1.0,True
5,section_name,Womens Tailoring,20,20,1.0,0.06343857592850341,15.763279445727482,1.0,True
5,product_group_name,Garment Upper body,16,20,0.8,0.38905574683173394,2.056260591225758,0.8,True
5,graphical_appearance_name,Solid,14,20,0.7,0.5812760969892315,1.204247006931317,0.7,False
5,product_type_name,Top,11,20,0.55,0.050692256977510806,10.84978323699422,0.55,False
5,garment_group_name,Jersey Fancy,11,20,0.55,0.16672771225551242,3.2987917398945523,0.55,False
5,department_name,Jersey,11,20,0.55,0.060801406490367006,9.045843373493977,0.55,False
5,graphical_appearance_name,Other structure,5,20,0.25,0.022855468463848803,10.938301282051281,0.25,False
5,product_type_name,Blazer,4,20,0.2,0.014211413083290601,14.073195876288661,0.2,False
5,product_group_name,Garment Lower body,4,20,0.2,0.2052596879349498,0.9743754461099216,0.2,False
5,colour_group_name,Dark Green,4,20,0.2,0.018533440773569703,10.791304347826086,0.2,False
5,perceived_colour_master_name,Beige,4,20,0.2,0.08482895026005421,2.357685664939551,0.2,False
5,garment_group_name,Dressed,4,20,0.2,0.013112592484067102,15.252513966480448,0.2,False
5,department_name,Suit,4,20,0.2,0.0057871218225771,34.55949367088608,0.2,False
5,colour_group_name,Light Beige,3,20,0.15,0.0478353234195297,3.135758039816233,0.15,False
5,perceived_colour_master_name,Turquoise,3,20,0.15,0.009230093033477401,16.251190476190473,0.15,False
5,perceived_colour_master_name,Khaki green,3,20,0.15,0.035015749761922205,4.283786610878661,0.15,False
5,product_type_name,Skirt,2,20,0.1,0.033404146216394405,2.993640350877193,0.1,False
5,product_type_name,Trousers,2,20,0.1,0.1310526701340561,0.7630519843487983,0.1,False
5,colour_group_name,Dark Blue,2,20,0.1,0.058970038824994506,1.695776397515528,0.1,False
5,colour_group_name,Black,2,20,0.1,0.28027250750860744,0.35679560899111346,0.1,False
5,colour_group_name,Dark Turquoise,2,20,0.1,0.0027104241447513003,36.894594594594594,0.1,False
5,colour_group_name,Grey,2,20,0.1,0.031059995604717602,3.2195754716981133,0.1,False
5,perceived_colour_master_name,Green,2,20,0.1,0.027910043220276903,3.5829396325459317,0.1,False
5,perceived_colour_master_name,Blue,2,20,0.1,0.11933191707567212,0.8379987722529159,0.1,False
5,perceived_colour_master_name,Black,2,20,0.1,0.28173760164090544,0.3549401976079043,0.1,False
5,perceived_colour_master_name,Grey,2,20,0.1,0.07113032012306791,1.4058702368692069,0.1,False
5,garment_group_name,Skirts,2,20,0.1,0.0195590066661783,5.112734082397004,0.1,False
5,garment_group_name,Trousers,2,20,0.1,0.0825580543549923,1.2112688553682343,0.1,False
5,department_name,Skirt,2,20,0.1,0.011647498351769101,8.58553459119497,0.1,False
5,department_name,Trouser,2,20,0.1,0.0446121163284741,2.2415435139573074,0.1,False
5,product_type_name,Blouse,1,20,0.05,0.045344663394623105,1.1026655896607431,0.05,False
5,colour_group_name,Turquoise,1,20,0.05,0.0028569335579811004,17.50128205128205,0.05,False
5,colour_group_name,Dark Red,1,20,0.05,0.0128195736576075,3.900285714285715,0.05,False
5,colour_group_name,Greenish Khaki,1,20,0.05,0.027910043220276903,1.7914698162729659,0.05,False
5,colour_group_name,White,1,20,0.05,0.0960369203721339,0.5206331045003815,0.05,False
5,colour_group_name,Dark Beige,1,20,0.05,0.012966083070837301,3.856214689265537,0.05,False
5,perceived_colour_master_name,Red,1,20,0.05,0.0232217419969233,2.1531545741324924,0.05,False
5,perceived_colour_master_name,White,1,20,0.05,0.12797597245623032,0.3906983400114482,0.05,False
5,graphical_appearance_name,All over pattern,1,20,0.05,0.10709838107098381,0.4668604651162791,0.05,False
5,garment_group_name,Blouses,1,20,0.05,0.0860742802725075,0.5808936170212766,0.05,False
5,department_name,Blouse,1,20,0.05,0.043293531609405904,1.154906937394247,0.05,False
6,graphical_appearance_name,Solid,15,20,0.75,0.5812760969892315,1.290264650283554,0.75,True
6,product_group_name,Garment Upper body,11,20,0.55,0.38905574683173394,1.4136791564677087,0.55,False
6,garment_group_name,Jersey Basic,11,20,0.55,0.09003003442971211,6.1090724165988615,0.55,True
6,index_group_name,Menswear,11,20,0.55,0.10438795692623251,5.26880701754386,0.55,False
6,section_name,Men Underwear,11,20,0.55,0.0358215515346861,15.353885480572599,0.55,False
6,department_name,Blanks,11,20,0.55,0.0014650941322980001,375.40250000000003,0.55,True
6,index_group_name,Divided,9,20,0.45,0.2062119991209435,2.182220248667851,0.45,False
6,perceived_colour_master_name,Black,6,20,0.3,0.28173760164090544,1.0648205928237129,0.3,False
6,product_type_name,Trousers,5,20,0.25,0.1310526701340561,1.9076299608719955,0.25,False
6,product_group_name,Garment Lower body,5,20,0.25,0.2052596879349498,1.2179693076374019,0.25,False
6,colour_group_name,Black,5,20,0.25,0.28027250750860744,0.8919890224777836,0.25,False
6,perceived_colour_master_name,Beige,5,20,0.25,0.08482895026005421,2.9471070811744386,0.25,False
6,product_type_name,Sweater,4,20,0.2,0.0791883378507069,2.5256244218316377,0.2,False
6,product_group_name,Accessories,4,20,0.2,0.092300930334774,2.166825396825397,0.2,False
6,colour_group_name,Yellowish Brown,4,20,0.2,0.0187532048934144,10.664843750000001,0.2,False
6,perceived_colour_master_name,Brown,4,20,0.2,0.026151930261519303,7.647619047619048,0.2,False
6,perceived_colour_master_name,White,4,20,0.2,0.12797597245623032,1.5627933600457928,0.2,False
6,garment_group_name,Accessories,4,20,0.2,0.0962566844919786,2.077777777777778,0.2,False
6,section_name,Divided Accessories,4,20,0.2,0.013991648963445902,14.294240837696336,0.2,False
6,section_name,Divided Collection,4,20,0.2,0.10409493809977291,1.9213230119634062,0.2,False
6,product_type_name,Hoodie,3,20,0.15,0.0206578272654018,7.261170212765958,0.15,False
6,colour_group_name,Dark Beige,3,20,0.15,0.012966083070837301,11.56864406779661,0.15,False
6,colour_group_name,Off White,3,20,0.15,0.030180939125338802,4.97002427184466,0.15,False
6,garment_group_name,Knitwear,3,20,0.15,0.06695480184601861,2.2403172866520786,0.15,False
6,department_name,Tops Knitwear,3,20,0.15,0.014357922496520402,10.44719387755102,0.15,False
6,product_type_name,Bag,2,20,0.1,0.009156838326862501,10.9208,0.1,False
6,product_type_name,Hat/beanie,2,20,0.1,0.0038092447439748004,26.251923076923077,0.1,False
6,product_type_name,T-shirt,2,20,0.1,0.05757819939931141,1.7367684478371501,0.1,False
6,colour_group_name,Light Beige,2,20,0.1,0.0478353234195297,2.090505359877489,0.1,False
6,graphical_appearance_name,Placement print,2,20,0.1,0.014650941322980001,6.825500000000001,0.1,False
6,graphical_appearance_name,All over pattern,2,20,0.1,0.10709838107098381,0.9337209302325582,0.1,False
6,department_name,Bags,2,20,0.1,0.009596366566551901,10.4206106870229,0.1,False
6,department_name,Knit & Woven,2,20,0.1,0.0045417918101238,22.017741935483873,0.1,False
6,product_type_name,Cardigan,1,20,0.05,0.014064903670060802,3.554947916666667,0.05,False
6,product_type_name,Top,1,20,0.05,0.050692256977510806,0.9863439306358381,0.05,False
6,colour_group_name,White,1,20,0.05,0.0960369203721339,0.5206331045003815,0.05,False
6,colour_group_name,Dark Grey,1,20,0.05,0.029375137352574902,1.70211970074813,0.05,False
6,colour_group_name,Dark Blue,1,20,0.05,0.058970038824994506,0.847888198757764,0.05,False
6,perceived_colour_master_name,Blue,1,20,0.05,0.11933191707567212,0.41899938612645793,0.05,False
6,graphical_appearance_name,Jacquard,1,20,0.05,0.005127829463043,9.750714285714286,0.05,False
6,garment_group_name,Special Offers,1,20,0.05,0.0035162259175152005,14.219791666666667,0.05,False
6,garment_group_name,Trousers,1,20,0.05,0.0825580543549923,0.6056344276841171,0.05,False
6,section_name,Divided Projects,1,20,0.05,0.022049666691084904,2.267607973421927,0.05,False
6,department_name,Promotion/ Other /Offer,1,20,0.05,0.0002930188264596,170.63750000000002,0.05,False
6,department_name,Trousers,1,20,0.05,0.0164823089883525,3.0335555555555556,0.05,False
7,index_group_name,Ladieswear,19,20,0.95,0.5894806241301004,1.611588169504163,0.95,True
7,graphical_appearance_name,Solid,11,20,0.55,0.5812760969892315,0.9461940768746062,0.55,True
7,section_name,Womens Everyday Collection,8,20,0.4,0.12218885063365321,3.273621103117506,0.4,True
7,product_group_name,Garment Upper body,7,20,0.35,0.38905574683173394,0.8996140086612691,0.35,False
7,section_name,Womens Tailoring,7,20,0.35,0.06343857592850341,5.517147806004618,0.35,False
7,product_group_name,Garment Lower body,6,20,0.3,0.2052596879349498,1.4615631691648823,0.3,False
7,colour_group_name,Black,6,20,0.3,0.28027250750860744,1.0703868269733403,0.3,False
7,perceived_colour_master_name,White,6,20,0.3,0.12797597245623032,2.344190040068689,0.3,False
7,perceived_colour_master_name,Black,6,20,0.3,0.28173760164090544,1.0648205928237129,0.3,False
7,garment_group_name,Blouses,5,20,0.25,0.0860742802725075,2.904468085106383,0.25,False
7,product_type_name,Dress,4,20,0.2,0.11750054941029961,1.70211970074813,0.2,False
7,product_type_name,Skirt,4,20,0.2,0.033404146216394405,5.987280701754386,0.2,False
7,product_group_name,Garment Full body,4,20,0.2,0.1304666324811369,1.5329590117911287,0.2,False
7,department_name,Blouse,4,20,0.2,0.043293531609405904,4.619627749576988,0.2,False
7,product_type_name,Blouse,3,20,0.15,0.045344663394623105,3.307996768982229,0.15,False
7,colour_group_name,Off White,3,20,0.15,0.030180939125338802,4.97002427184466,0.15,False
7,perceived_colour_master_name,Beige,3,20,0.15,0.08482895026005421,1.768264248704663,0.15,False
7,graphical_appearance_name,Other structure,3,20,0.15,0.022855468463848803,6.5629807692307685,0.15,False
7,graphical_appearance_name,All over pattern,3,20,0.15,0.10709838107098381,1.400581395348837,0.15,False
7,garment_group_name,Dresses Ladies,3,20,0.15,0.06651527360632921,2.2551211453744493,0.15,False
7,garment_group_name,Trousers,3,20,0.15,0.0825580543549923,1.8169032830523513,0.15,False
7,garment_group_name,Knitwear,3,20,0.15,0.06695480184601861,2.2403172866520786,0.15,False
7,department_name,Dress,3,20,0.15,0.035894806241301,4.178877551020408,0.15,False
7,department_name,Knitwear,3,20,0.15,0.039557541572046,3.7919444444444443,0.15,False
7,product_type_name,Trousers,2,20,0.1,0.1310526701340561,0.7630519843487983,0.1,False
7,colour_group_name,Light Beige,2,20,0.1,0.0478353234195297,2.090505359877489,0.1,False
7,colour_group_name,Beige,2,20,0.1,0.04585744634092741,2.1806709265175717,0.1,False
7,colour_group_name,White,2,20,0.1,0.0960369203721339,1.041266209000763,0.1,False
7,garment_group_name,Skirts,2,20,0.1,0.0195590066661783,5.112734082397004,0.1,False
7,section_name,Womens Trend,2,20,0.1,0.030986740898102702,3.227186761229315,0.1,False
7,department_name,Skirt,2,20,0.1,0.011647498351769101,8.58553459119497,0.1,False
7,product_type_name,Blazer,1,20,0.05,0.014211413083290601,3.5182989690721653,0.05,False
7,product_type_name,Cardigan,1,20,0.05,0.014064903670060802,3.554947916666667,0.05,False
7,product_type_name,Top,1,20,0.05,0.050692256977510806,0.9863439306358381,0.05,False
7,product_type_name,Boots,1,20,0.05,0.009303347740092302,5.374409448818898,0.05,False
7,product_type_name,Sweater,1,20,0.05,0.0791883378507069,0.6314061054579094,0.05,False
7,product_type_name,Pyjama bottom,1,20,0.05,0.0025639147315215,19.501428571428573,0.05,False
7,product_type_name,Unknown,1,20,0.05,0.006080140649036701,8.223493975903615,0.05,False
7,product_group_name,Shoes,1,20,0.05,0.026957732034283203,1.8547554347826087,0.05,False
7,product_group_name,Nightwear,1,20,0.05,0.009669621273166801,5.170833333333333,0.05,False
7,product_group_name,Unknown,1,20,0.05,0.006080140649036701,8.223493975903615,0.05,False
7,colour_group_name,Greenish Khaki,1,20,0.05,0.027910043220276903,1.7914698162729659,0.05,False
7,colour_group_name,Light Purple,1,20,0.05,0.008717310087173101,5.735714285714286,0.05,False
7,colour_group_name,Light Pink,1,20,0.05,0.036773862720679805,1.3596613545816734,0.05,False
7,colour_group_name,Light Orange,1,20,0.05,0.014724196029594901,3.395771144278607,0.05,False
7,colour_group_name,Yellowish Brown,1,20,0.05,0.0187532048934144,2.6662109375000003,0.05,False
7,perceived_colour_master_name,Khaki green,1,20,0.05,0.035015749761922205,1.427928870292887,0.05,False
7,perceived_colour_master_name,Lilac Purple,1,20,0.05,0.014724196029594901,3.395771144278607,0.05,False
7,perceived_colour_master_name,Pink,1,20,0.05,0.06702805655263351,0.7459562841530054,0.05,False
7,perceived_colour_master_name,Orange,1,20,0.05,0.0273972602739726,1.8250000000000002,0.05,False
7,perceived_colour_master_name,Brown,1,20,0.05,0.026151930261519303,1.911904761904762,0.05,False
7,graphical_appearance_name,Check,1,20,0.05,0.023001977877078604,2.1737261146496816,0.05,False
7,graphical_appearance_name,Lace,1,20,0.05,0.012673064244377702,3.9453757225433526,0.05,False
7,graphical_appearance_name,Contrast,1,20,0.05,0.0034429712109003002,14.522340425531917,0.05,False
7,garment_group_name,Dressed,1,20,0.05,0.013112592484067102,3.813128491620112,0.05,False
7,garment_group_name,Jersey Fancy,1,20,0.05,0.16672771225551242,0.299890158172232,0.05,False
7,garment_group_name,Shoes,1,20,0.05,0.026811222621053402,1.8648907103825139,0.05,False
7,garment_group_name,"Under-, Nightwear",1,20,0.05,0.08475569555343931,0.5899308556611927,0.05,False
7,index_group_name,Divided,1,20,0.05,0.2062119991209435,0.2424689165186501,0.05,False
7,section_name,Divided Projects,1,20,0.05,0.022049666691084904,2.267607973421927,0.05,False
7,section_name,Womens Shoes,1,20,0.05,0.023734524943227604,2.106635802469136,0.05,False
7,section_name,"Womens Nightwear, Socks & Tigh",1,20,0.05,0.034869240348692404,1.4339285714285714,0.05,False
7,department_name,Trouser,1,20,0.05,0.0446121163284741,1.1207717569786537,0.05,False
7,department_name,Suit jacket,1,20,0.05,0.0053475935828877,9.350000000000001,0.05,False
7,department_name,Projects Woven Bottoms,1,20,0.05,0.0024906600249066002,20.075000000000003,0.05,False
7,department_name,Trousers & Skirt,1,20,0.05,0.0028569335579811004,17.50128205128205,0.05,False
7,department_name,Jersey fancy,1,20,0.05,0.0247600908358362,2.0193786982248523,0.05,False
7,department_name,Boots,1,20,0.05,0.0066661783019559,7.500549450549451,0.05,False
7,department_name,Loungewear,1,20,0.05,0.009596366566551901,5.21030534351145,0.05,False
7,department_name,Blouse & Dress,1,20,0.05,0.013478866017141601,3.7095108695652175,0.05,False
8,index_group_name,Ladieswear,19,20,0.95,0.5894806241301004,1.611588169504163,0.95,True
8,graphical_appearance_name,Solid,12,20,0.6,0.5812760969892315,1.032211720226843,0.6,True
8,section_name,Womens Everyday Collection,9,20,0.45,0.12218885063365321,3.6828237410071942,0.45,True
8,section_name,Womens Tailoring,7,20,0.35,0.06343857592850341,5.517147806004618,0.35,False
8,product_type_name,Dress,6,20,0.3,0.11750054941029961,2.5531795511221946,0.3,False
8,product_group_name,Garment Upper body,6,20,0.3,0.38905574683173394,0.7710977217096592,0.3,False
8,product_group_name,Garment Full body,6,20,0.3,0.1304666324811369,2.299438517686693,0.3,False
8,product_group_name,Garment Lower body,6,20,0.3,0.2052596879349498,1.4615631691648823,0.3,False
8,colour_group_name,Black,6,20,0.3,0.28027250750860744,1.0703868269733403,0.3,False
8,perceived_colour_master_name,Black,6,20,0.3,0.28173760164090544,1.0648205928237129,0.3,False
8,perceived_colour_master_name,White,5,20,0.25,0.12797597245623032,1.9534917000572407,0.25,False
8,garment_group_name,Blouses,5,20,0.25,0.0860742802725075,2.904468085106383,0.25,False
8,garment_group_name,Dresses Ladies,5,20,0.25,0.06651527360632921,3.758535242290749,0.25,False
8,colour_group_name,Beige,4,20,0.2,0.04585744634092741,4.361341853035143,0.2,False
8,perceived_colour_master_name,Beige,4,20,0.2,0.08482895026005421,2.357685664939551,0.2,False
8,graphical_appearance_name,All over pattern,4,20,0.2,0.10709838107098381,1.8674418604651164,0.2,False
8,department_name,Blouse,4,20,0.2,0.043293531609405904,4.619627749576988,0.2,False
8,department_name,Dress,4,20,0.2,0.035894806241301,5.571836734693878,0.2,False
8,product_type_name,Blouse,3,20,0.15,0.045344663394623105,3.307996768982229,0.15,False
8,product_type_name,Skirt,3,20,0.15,0.033404146216394405,4.490460526315789,0.15,False
8,product_type_name,Trousers,3,20,0.15,0.1310526701340561,1.1445779765231974,0.15,False
8,graphical_appearance_name,Other structure,3,20,0.15,0.022855468463848803,6.5629807692307685,0.15,False
8,garment_group_name,Knitwear,3,20,0.15,0.06695480184601861,2.2403172866520786,0.15,False
8,garment_group_name,Trousers,3,20,0.15,0.0825580543549923,1.8169032830523513,0.15,False
8,department_name,Knitwear,3,20,0.15,0.039557541572046,3.7919444444444443,0.15,False
8,colour_group_name,Off White,2,20,0.1,0.030180939125338802,3.313349514563107,0.1,False
8,colour_group_name,Light Beige,2,20,0.1,0.0478353234195297,2.090505359877489,0.1,False
8,colour_group_name,White,2,20,0.1,0.0960369203721339,1.041266209000763,0.1,False
8,garment_group_name,Skirts,2,20,0.1,0.0195590066661783,5.112734082397004,0.1,False
8,section_name,Womens Trend,2,20,0.1,0.030986740898102702,3.227186761229315,0.1,False
8,department_name,Skirt,2,20,0.1,0.011647498351769101,8.58553459119497,0.1,False
8,department_name,Trouser,2,20,0.1,0.0446121163284741,2.2415435139573074,0.1,False
8,product_type_name,Cardigan,1,20,0.05,0.014064903670060802,3.554947916666667,0.05,False
8,product_type_name,Blazer,1,20,0.05,0.014211413083290601,3.5182989690721653,0.05,False
8,product_type_name,Unknown,1,20,0.05,0.006080140649036701,8.223493975903615,0.05,False
8,product_type_name,Boots,1,20,0.05,0.009303347740092302,5.374409448818898,0.05,False
8,product_type_name,Sweater,1,20,0.05,0.0791883378507069,0.6314061054579094,0.05,False
8,product_group_name,Unknown,1,20,0.05,0.006080140649036701,8.223493975903615,0.05,False
8,product_group_name,Shoes,1,20,0.05,0.026957732034283203,1.8547554347826087,0.05,False
8,colour_group_name,Greenish Khaki,1,20,0.05,0.027910043220276903,1.7914698162729659,0.05,False
8,colour_group_name,Light Purple,1,20,0.05,0.008717310087173101,5.735714285714286,0.05,False
8,colour_group_name,Yellowish Brown,1,20,0.05,0.0187532048934144,2.6662109375000003,0.05,False
8,colour_group_name,Light Pink,1,20,0.05,0.036773862720679805,1.3596613545816734,0.05,False
8,perceived_colour_master_name,Khaki green,1,20,0.05,0.035015749761922205,1.427928870292887,0.05,False
8,perceived_colour_master_name,Lilac Purple,1,20,0.05,0.014724196029594901,3.395771144278607,0.05,False
8,perceived_colour_master_name,Brown,1,20,0.05,0.026151930261519303,1.911904761904762,0.05,False
8,perceived_colour_master_name,Pink,1,20,0.05,0.06702805655263351,0.7459562841530054,0.05,False
8,perceived_colour_master_name,Mole,1,20,0.05,0.021097355505091203,2.3699652777777778,0.05,False
8,graphical_appearance_name,Contrast,1,20,0.05,0.0034429712109003002,14.522340425531917,0.05,False
8,garment_group_name,Dressed,1,20,0.05,0.013112592484067102,3.813128491620112,0.05,False
8,garment_group_name,Shoes,1,20,0.05,0.026811222621053402,1.8648907103825139,0.05,False
8,index_group_name,Divided,1,20,0.05,0.2062119991209435,0.2424689165186501,0.05,False
8,section_name,Womens Shoes,1,20,0.05,0.023734524943227604,2.106635802469136,0.05,False
8,section_name,Divided Collection,1,20,0.05,0.10409493809977291,0.48033075299085154,0.05,False
8,department_name,Trousers & Skirt,1,20,0.05,0.0028569335579811004,17.50128205128205,0.05,False
8,department_name,Blouse & Dress,1,20,0.05,0.013478866017141601,3.7095108695652175,0.05,False
8,department_name,Suit jacket,1,20,0.05,0.0053475935828877,9.350000000000001,0.05,False
8,department_name,Boots,1,20,0.05,0.0066661783019559,7.500549450549451,0.05,False
8,department_name,Dresses,1,20,0.05,0.021024100798476303,2.3782229965156794,0.05,False
9,index_group_name,Ladieswear,18,20,0.9,0.5894806241301004,1.5267677395302597,0.9,True
9,section_name,H&M+,18,20,0.9,0.026811222621053402,33.56803278688525,0.9,True
9,graphical_appearance_name,Solid,16,20,0.8,0.5812760969892315,1.3762822936357908,0.8,True
9,product_group_name,Garment Upper body,13,20,0.65,0.38905574683173394,1.6707117303709282,0.65,False
9,colour_group_name,Black,11,20,0.55,0.28027250750860744,1.962375849451124,0.55,False
9,perceived_colour_master_name,Black,11,20,0.55,0.28173760164090544,1.9521710868434738,0.55,False
9,garment_group_name,Jersey Fancy,6,20,0.3,0.16672771225551242,1.7993409490333918,0.3,False
9,department_name,Jersey,6,20,0.3,0.060801406490367006,4.934096385542168,0.3,False
9,product_type_name,Sweater,5,20,0.25,0.0791883378507069,3.157030527289547,0.25,False
9,garment_group_name,Knitwear,5,20,0.25,0.06695480184601861,3.733862144420131,0.25,False
9,garment_group_name,Blouses,5,20,0.25,0.0860742802725075,2.904468085106383,0.25,False
9,department_name,Knitwear,5,20,0.25,0.039557541572046,6.319907407407408,0.25,False
9,department_name,Woven top,5,20,0.25,0.007032451835030401,35.549479166666664,0.25,False
9,product_type_name,Dress,4,20,0.2,0.11750054941029961,1.70211970074813,0.2,False
9,product_group_name,Garment Full body,4,20,0.2,0.1304666324811369,1.5329590117911287,0.2,False
9,product_type_name,Top,3,20,0.15,0.050692256977510806,2.959031791907514,0.15,False
9,product_group_name,Garment Lower body,3,20,0.15,0.2052596879349498,0.7307815845824411,0.15,False
9,perceived_colour_master_name,Khaki green,3,20,0.15,0.035015749761922205,4.283786610878661,0.15,False
9,product_type_name,Trousers,2,20,0.1,0.1310526701340561,0.7630519843487983,0.1,False
9,colour_group_name,Greenish Khaki,2,20,0.1,0.027910043220276903,3.5829396325459317,0.1,False
9,graphical_appearance_name,Check,2,20,0.1,0.023001977877078604,4.347452229299363,0.1,False
9,garment_group_name,Trousers,2,20,0.1,0.0825580543549923,1.2112688553682343,0.1,False
9,index_group_name,Divided,2,20,0.1,0.2062119991209435,0.4849378330373002,0.1,False
9,department_name,Woven bottoms,2,20,0.1,0.009669621273166801,10.341666666666667,0.1,False
9,product_type_name,Cardigan,1,20,0.05,0.014064903670060802,3.554947916666667,0.05,False
9,product_type_name,Leggings/Tights,1,20,0.05,0.018313676653725002,2.7302,0.05,False
9,product_type_name,T-shirt,1,20,0.05,0.05757819939931141,0.8683842239185751,0.05,False
9,product_type_name,Blouse,1,20,0.05,0.045344663394623105,1.1026655896607431,0.05,False
9,product_type_name,Hoodie,1,20,0.05,0.0206578272654018,2.420390070921986,0.05,False
9,product_type_name,Shirt,1,20,0.05,0.031646033257636805,1.5799768518518518,0.05,False
9,colour_group_name,Dark Orange,1,20,0.05,0.009230093033477401,5.417063492063492,0.05,False
9,colour_group_name,Yellow,1,20,0.05,0.011354479525309501,4.403548387096774,0.05,False
9,colour_group_name,Greyish Beige,1,20,0.05,0.0040290088638195,12.410000000000002,0.05,False
9,colour_group_name,Beige,1,20,0.05,0.04585744634092741,1.0903354632587858,0.05,False
9,colour_group_name,Dark Grey,1,20,0.05,0.029375137352574902,1.70211970074813,0.05,False
9,colour_group_name,Dark Green,1,20,0.05,0.018533440773569703,2.6978260869565216,0.05,False
9,colour_group_name,Off White,1,20,0.05,0.030180939125338802,1.6566747572815534,0.05,False
9,perceived_colour_master_name,Brown,1,20,0.05,0.026151930261519303,1.911904761904762,0.05,False
9,perceived_colour_master_name,Yellow,1,20,0.05,0.022635704344004103,2.2088996763754047,0.05,False
9,perceived_colour_master_name,Mole,1,20,0.05,0.021097355505091203,2.3699652777777778,0.05,False
9,perceived_colour_master_name,Grey,1,20,0.05,0.07113032012306791,0.7029351184346034,0.05,False
9,perceived_colour_master_name,Green,1,20,0.05,0.027910043220276903,1.7914698162729659,0.05,False
9,perceived_colour_master_name,White,1,20,0.05,0.12797597245623032,0.3906983400114482,0.05,False
9,graphical_appearance_name,Stripe,1,20,0.05,0.030034429712109,1.6647560975609759,0.05,False
9,graphical_appearance_name,All over pattern,1,20,0.05,0.10709838107098381,0.4668604651162791,0.05,False
9,garment_group_name,Unknown,1,20,0.05,0.016921837228041903,2.9547619047619045,0.05,False
9,garment_group_name,Jersey Basic,1,20,0.05,0.09003003442971211,0.5553702196908056,0.05,False
9,section_name,Divided Projects,1,20,0.05,0.022049666691084904,2.267607973421927,0.05,False
9,section_name,Divided Basics,1,20,0.05,0.03208556149732621,1.5583333333333333,0.05,False
9,department_name,Divided+,1,20,0.05,0.007398725368104901,6.757920792079208,0.05,False
9,department_name,OL Extended Sizes,1,20,0.05,0.005054574756428101,9.892028985507247,0.05,False
10,index_group_name,Ladieswear,18,20,0.9,0.5894806241301004,1.5267677395302597,0.9,True
10,section_name,H&M+,18,20,0.9,0.026811222621053402,33.56803278688525,0.9,True
10,graphical_appearance_name,Solid,16,20,0.8,0.5812760969892315,1.3762822936357908,0.8,True
10,product_group_name,Garment Upper body,13,20,0.65,0.38905574683173394,1.6707117303709282,0.65,False
10,colour_group_name,Black,11,20,0.55,0.28027250750860744,1.962375849451124,0.55,False
10,perceived_colour_master_name,Black,11,20,0.55,0.28173760164090544,1.9521710868434738,0.55,False
10,garment_group_name,Jersey Fancy,6,20,0.3,0.16672771225551242,1.7993409490333918,0.3,False
10,department_name,Jersey,6,20,0.3,0.060801406490367006,4.934096385542168,0.3,False
10,product_type_name,Sweater,5,20,0.25,0.0791883378507069,3.157030527289547,0.25,False
10,garment_group_name,Knitwear,5,20,0.25,0.06695480184601861,3.733862144420131,0.25,False
10,garment_group_name,Blouses,5,20,0.25,0.0860742802725075,2.904468085106383,0.25,False
10,department_name,Knitwear,5,20,0.25,0.039557541572046,6.319907407407408,0.25,False
10,department_name,Woven top,5,20,0.25,0.007032451835030401,35.549479166666664,0.25,False
10,product_type_name,Dress,4,20,0.2,0.11750054941029961,1.70211970074813,0.2,False
10,product_group_name,Garment Full body,4,20,0.2,0.1304666324811369,1.5329590117911287,0.2,False
10,product_type_name,Top,3,20,0.15,0.050692256977510806,2.959031791907514,0.15,False
10,product_group_name,Garment Lower body,3,20,0.15,0.2052596879349498,0.7307815845824411,0.15,False
10,perceived_colour_master_name,Khaki green,3,20,0.15,0.035015749761922205,4.283786610878661,0.15,False
10,product_type_name,Trousers,2,20,0.1,0.1310526701340561,0.7630519843487983,0.1,False
10,colour_group_name,Greenish Khaki,2,20,0.1,0.027910043220276903,3.5829396325459317,0.1,False
10,graphical_appearance_name,Check,2,20,0.1,0.023001977877078604,4.347452229299363,0.1,False
10,garment_group_name,Trousers,2,20,0.1,0.0825580543549923,1.2112688553682343,0.1,False
10,index_group_name,Divided,2,20,0.1,0.2062119991209435,0.4849378330373002,0.1,False
10,department_name,Woven bottoms,2,20,0.1,0.009669621273166801,10.341666666666667,0.1,False
10,product_type_name,Leggings/Tights,1,20,0.05,0.018313676653725002,2.7302,0.05,False
10,product_type_name,Cardigan,1,20,0.05,0.014064903670060802,3.554947916666667,0.05,False
10,product_type_name,T-shirt,1,20,0.05,0.05757819939931141,0.8683842239185751,0.05,False
10,product_type_name,Blouse,1,20,0.05,0.045344663394623105,1.1026655896607431,0.05,False
10,product_type_name,Hoodie,1,20,0.05,0.0206578272654018,2.420390070921986,0.05,False
10,product_type_name,Shirt,1,20,0.05,0.031646033257636805,1.5799768518518518,0.05,False
10,colour_group_name,Dark Orange,1,20,0.05,0.009230093033477401,5.417063492063492,0.05,False
10,colour_group_name,Yellow,1,20,0.05,0.011354479525309501,4.403548387096774,0.05,False
10,colour_group_name,Greyish Beige,1,20,0.05,0.0040290088638195,12.410000000000002,0.05,False
10,colour_group_name,Beige,1,20,0.05,0.04585744634092741,1.0903354632587858,0.05,False
10,colour_group_name,Dark Green,1,20,0.05,0.018533440773569703,2.6978260869565216,0.05,False
10,colour_group_name,Dark Grey,1,20,0.05,0.029375137352574902,1.70211970074813,0.05,False
10,colour_group_name,Off White,1,20,0.05,0.030180939125338802,1.6566747572815534,0.05,False
10,perceived_colour_master_name,Brown,1,20,0.05,0.026151930261519303,1.911904761904762,0.05,False
10,perceived_colour_master_name,Yellow,1,20,0.05,0.022635704344004103,2.2088996763754047,0.05,False
10,perceived_colour_master_name,Mole,1,20,0.05,0.021097355505091203,2.3699652777777778,0.05,False
10,perceived_colour_master_name,Green,1,20,0.05,0.027910043220276903,1.7914698162729659,0.05,False
10,perceived_colour_master_name,Grey,1,20,0.05,0.07113032012306791,0.7029351184346034,0.05,False
10,perceived_colour_master_name,White,1,20,0.05,0.12797597245623032,0.3906983400114482,0.05,False
10,graphical_appearance_name,Stripe,1,20,0.05,0.030034429712109,1.6647560975609759,0.05,False
10,graphical_appearance_name,All over pattern,1,20,0.05,0.10709838107098381,0.4668604651162791,0.05,False
10,garment_group_name,Unknown,1,20,0.05,0.016921837228041903,2.9547619047619045,0.05,False
10,garment_group_name,Jersey Basic,1,20,0.05,0.09003003442971211,0.5553702196908056,0.05,False
10,section_name,Divided Projects,1,20,0.05,0.022049666691084904,2.267607973421927,0.05,False
10,section_name,Divided Basics,1,20,0.05,0.03208556149732621,1.5583333333333333,0.05,False
10,department_name,Divided+,1,20,0.05,0.007398725368104901,6.757920792079208,0.05,False
10,department_name,OL Extended Sizes,1,20,0.05,0.005054574756428101,9.892028985507247,0.05,False
11,product_group_name,Garment Upper body,18,20,0.9,0.38905574683173394,2.313293165128978,0.9,True
11,index_group_name,Menswear,18,20,0.9,0.10438795692623251,8.621684210526317,0.9,True
11,garment_group_name,Jersey Basic,15,20,0.75,0.09003003442971211,8.330553295362083,0.75,True
11,section_name,Men Underwear,14,20,0.7,0.0358215515346861,19.541308793456032,0.7,False
11,graphical_appearance_name,Solid,13,20,0.65,0.5812760969892315,1.11822936357908,0.65,False
11,product_type_name,Sweater,11,20,0.55,0.0791883378507069,6.945467160037004,0.55,False
11,department_name,Heavy Basic Jersey,11,20,0.55,0.006080140649036701,90.45843373493976,0.55,False
11,colour_group_name,Dark Green,4,20,0.2,0.018533440773569703,10.791304347826086,0.2,False
11,colour_group_name,Black,4,20,0.2,0.28027250750860744,0.7135912179822269,0.2,False
11,perceived_colour_master_name,Black,4,20,0.2,0.28173760164090544,0.7098803952158086,0.2,False
11,perceived_colour_master_name,Grey,4,20,0.2,0.07113032012306791,2.8117404737384137,0.2,False
11,graphical_appearance_name,Melange,4,20,0.2,0.0617537176763607,3.2386714116251487,0.2,False
11,product_type_name,Hoodie,3,20,0.15,0.0206578272654018,7.261170212765958,0.15,False
11,product_type_name,T-shirt,3,20,0.15,0.05757819939931141,2.605152671755725,0.15,False
11,perceived_colour_master_name,Green,3,20,0.15,0.027910043220276903,5.374409448818898,0.15,False
11,perceived_colour_master_name,Blue,3,20,0.15,0.11933191707567212,1.2569981583793737,0.15,False
11,department_name,Light Basic Jersey,3,20,0.15,0.013771884843601201,10.891755319148936,0.15,False
11,product_type_name,Trousers,2,20,0.1,0.1310526701340561,0.7630519843487983,0.1,False
11,product_group_name,Garment Lower body,2,20,0.1,0.2052596879349498,0.4871877230549608,0.1,False
11,colour_group_name,Grey,2,20,0.1,0.031059995604717602,3.2195754716981133,0.1,False
11,colour_group_name,Yellowish Brown,2,20,0.1,0.0187532048934144,5.3324218750000005,0.1,False
11,colour_group_name,Dark Grey,2,20,0.1,0.029375137352574902,3.40423940149626,0.1,False
11,colour_group_name,White,2,20,0.1,0.0960369203721339,1.041266209000763,0.1,False
11,perceived_colour_master_name,Brown,2,20,0.1,0.026151930261519303,3.823809523809524,0.1,False
11,perceived_colour_master_name,White,2,20,0.1,0.12797597245623032,0.7813966800228964,0.1,False
11,graphical_appearance_name,Denim,2,20,0.1,0.074719800747198,1.3383333333333336,0.1,False
11,garment_group_name,Knitwear,2,20,0.1,0.06695480184601861,1.4935448577680526,0.1,False
11,garment_group_name,Trousers Denim,2,20,0.1,0.0430737674895612,2.3215986394557824,0.1,False
11,index_group_name,Ladieswear,2,20,0.1,0.5894806241301004,0.16964085994780664,0.1,False
11,section_name,Contemporary Smart,2,20,0.1,0.0180206578272654,5.549186991869919,0.1,False
11,section_name,Denim Men,2,20,0.1,0.0085708006739433,11.667521367521369,0.1,False
11,department_name,Knitwear,2,20,0.1,0.039557541572046,2.527962962962963,0.1,False
11,department_name,Denim trousers,2,20,0.1,0.007984763021024101,12.523853211009174,0.1,False
11,product_type_name,Shirt,1,20,0.05,0.031646033257636805,1.5799768518518518,0.05,False
11,colour_group_name,Light Beige,1,20,0.05,0.0478353234195297,1.0452526799387445,0.05,False
11,colour_group_name,Blue,1,20,0.05,0.033330891509779505,1.5001098901098902,0.05,False
11,colour_group_name,Dark Blue,1,20,0.05,0.058970038824994506,0.847888198757764,0.05,False
11,colour_group_name,Light Turquoise,1,20,0.05,0.0049080653431983,10.187313432835822,0.05,False
11,perceived_colour_master_name,Beige,1,20,0.05,0.08482895026005421,0.5894214162348878,0.05,False
11,perceived_colour_master_name,Khaki green,1,20,0.05,0.035015749761922205,1.427928870292887,0.05,False
11,graphical_appearance_name,Check,1,20,0.05,0.023001977877078604,2.1737261146496816,0.05,False
11,garment_group_name,Blouses,1,20,0.05,0.0860742802725075,0.5808936170212766,0.05,False
11,section_name,Womens Casual,1,20,0.05,0.039557541572046,1.2639814814814816,0.05,False
11,section_name,Womens Everyday Basics,1,20,0.05,0.027177496154127904,1.8397574123989218,0.05,False
11,department_name,Blouse,1,20,0.05,0.043293531609405904,1.154906937394247,0.05,False
11,department_name,Jersey Basic,1,20,0.05,0.026737967914438502,1.87,0.05,False
12,index_group_name,Ladieswear,19,20,0.95,0.5894806241301004,1.611588169504163,0.95,True
12,graphical_appearance_name,Solid,11,20,0.55,0.5812760969892315,0.9461940768746062,0.55,True
12,section_name,Womens Tailoring,8,20,0.4,0.06343857592850341,6.305311778290993,0.4,True
12,section_name,Womens Everyday Collection,7,20,0.35,0.12218885063365321,2.8644184652278173,0.35,False
12,product_type_name,Dress,6,20,0.3,0.11750054941029961,2.5531795511221946,0.3,False
12,product_group_name,Garment Upper body,6,20,0.3,0.38905574683173394,0.7710977217096592,0.3,False
12,product_group_name,Garment Full body,6,20,0.3,0.1304666324811369,2.299438517686693,0.3,False
12,product_group_name,Garment Lower body,6,20,0.3,0.2052596879349498,1.4615631691648823,0.3,False
12,colour_group_name,Black,5,20,0.25,0.28027250750860744,0.8919890224777836,0.25,False
12,perceived_colour_master_name,Black,5,20,0.25,0.28173760164090544,0.8873504940197607,0.25,False
12,garment_group_name,Dresses Ladies,5,20,0.25,0.06651527360632921,3.758535242290749,0.25,False
12,perceived_colour_master_name,White,4,20,0.2,0.12797597245623032,1.5627933600457928,0.2,False
12,perceived_colour_master_name,Beige,4,20,0.2,0.08482895026005421,2.357685664939551,0.2,False
12,graphical_appearance_name,All over pattern,4,20,0.2,0.10709838107098381,1.8674418604651164,0.2,False
12,garment_group_name,Blouses,4,20,0.2,0.0860742802725075,2.3235744680851065,0.2,False
12,department_name,Dress,4,20,0.2,0.035894806241301,5.571836734693878,0.2,False
12,product_type_name,Blouse,3,20,0.15,0.045344663394623105,3.307996768982229,0.15,False
12,product_type_name,Skirt,3,20,0.15,0.033404146216394405,4.490460526315789,0.15,False
12,product_type_name,Trousers,3,20,0.15,0.1310526701340561,1.1445779765231974,0.15,False
12,colour_group_name,Off White,3,20,0.15,0.030180939125338802,4.97002427184466,0.15,False
12,colour_group_name,Beige,3,20,0.15,0.04585744634092741,3.2710063897763577,0.15,False
12,graphical_appearance_name,Other structure,3,20,0.15,0.022855468463848803,6.5629807692307685,0.15,False
12,garment_group_name,Trousers,3,20,0.15,0.0825580543549923,1.8169032830523513,0.15,False
12,department_name,Blouse,3,20,0.15,0.043293531609405904,3.464720812182741,0.15,False
12,colour_group_name,Light Beige,2,20,0.1,0.0478353234195297,2.090505359877489,0.1,False
12,colour_group_name,Yellowish Brown,2,20,0.1,0.0187532048934144,5.3324218750000005,0.1,False
12,perceived_colour_master_name,Brown,2,20,0.1,0.026151930261519303,3.823809523809524,0.1,False
12,garment_group_name,Skirts,2,20,0.1,0.0195590066661783,5.112734082397004,0.1,False
12,garment_group_name,Knitwear,2,20,0.1,0.06695480184601861,1.4935448577680526,0.1,False
12,section_name,Womens Trend,2,20,0.1,0.030986740898102702,3.227186761229315,0.1,False
12,department_name,Skirt,2,20,0.1,0.011647498351769101,8.58553459119497,0.1,False
12,department_name,Knitwear,2,20,0.1,0.039557541572046,2.527962962962963,0.1,False
12,department_name,Trouser,2,20,0.1,0.0446121163284741,2.2415435139573074,0.1,False
12,product_type_name,Cardigan,1,20,0.05,0.014064903670060802,3.554947916666667,0.05,False
12,product_type_name,Pyjama bottom,1,20,0.05,0.0025639147315215,19.501428571428573,0.05,False
12,product_type_name,Top,1,20,0.05,0.050692256977510806,0.9863439306358381,0.05,False
12,product_type_name,Boots,1,20,0.05,0.009303347740092302,5.374409448818898,0.05,False
12,product_type_name,Blazer,1,20,0.05,0.014211413083290601,3.5182989690721653,0.05,False
12,product_group_name,Nightwear,1,20,0.05,0.009669621273166801,5.170833333333333,0.05,False
12,product_group_name,Shoes,1,20,0.05,0.026957732034283203,1.8547554347826087,0.05,False
12,colour_group_name,Greenish Khaki,1,20,0.05,0.027910043220276903,1.7914698162729659,0.05,False
12,colour_group_name,Light Purple,1,20,0.05,0.008717310087173101,5.735714285714286,0.05,False
12,colour_group_name,Light Orange,1,20,0.05,0.014724196029594901,3.395771144278607,0.05,False
12,colour_group_name,Light Pink,1,20,0.05,0.036773862720679805,1.3596613545816734,0.05,False
12,colour_group_name,Red,1,20,0.05,0.009156838326862501,5.4604,0.05,False
12,perceived_colour_master_name,Khaki green,1,20,0.05,0.035015749761922205,1.427928870292887,0.05,False
12,perceived_colour_master_name,Lilac Purple,1,20,0.05,0.014724196029594901,3.395771144278607,0.05,False
12,perceived_colour_master_name,Orange,1,20,0.05,0.0273972602739726,1.8250000000000002,0.05,False
12,perceived_colour_master_name,Pink,1,20,0.05,0.06702805655263351,0.7459562841530054,0.05,False
12,perceived_colour_master_name,Red,1,20,0.05,0.0232217419969233,2.1531545741324924,0.05,False
12,graphical_appearance_name,Contrast,1,20,0.05,0.0034429712109003002,14.522340425531917,0.05,False
12,graphical_appearance_name,Lace,1,20,0.05,0.012673064244377702,3.9453757225433526,0.05,False
12,garment_group_name,"Under-, Nightwear",1,20,0.05,0.08475569555343931,0.5899308556611927,0.05,False
12,garment_group_name,Jersey Fancy,1,20,0.05,0.16672771225551242,0.299890158172232,0.05,False
12,garment_group_name,Shoes,1,20,0.05,0.026811222621053402,1.8648907103825139,0.05,False
12,garment_group_name,Dressed,1,20,0.05,0.013112592484067102,3.813128491620112,0.05,False
12,index_group_name,Divided,1,20,0.05,0.2062119991209435,0.2424689165186501,0.05,False
12,section_name,Divided Collection,1,20,0.05,0.10409493809977291,0.48033075299085154,0.05,False
12,section_name,"Womens Nightwear, Socks & Tigh",1,20,0.05,0.034869240348692404,1.4339285714285714,0.05,False
12,section_name,Womens Shoes,1,20,0.05,0.023734524943227604,2.106635802469136,0.05,False
12,department_name,Trousers & Skirt,1,20,0.05,0.0028569335579811004,17.50128205128205,0.05,False
12,department_name,Dresses,1,20,0.05,0.021024100798476303,2.3782229965156794,0.05,False
12,department_name,Blouse & Dress,1,20,0.05,0.013478866017141601,3.7095108695652175,0.05,False
12,department_name,Loungewear,1,20,0.05,0.009596366566551901,5.21030534351145,0.05,False
12,department_name,Jersey fancy,1,20,0.05,0.0247600908358362,2.0193786982248523,0.05,False
12,department_name,Boots,1,20,0.05,0.0066661783019559,7.500549450549451,0.05,False
12,department_name,Suit jacket,1,20,0.05,0.0053475935828877,9.350000000000001,0.05,False
13,index_group_name,Ladieswear,17,20,0.85,0.5894806241301004,1.4419473095563564,0.85,True
13,graphical_appearance_name,Solid,11,20,0.55,0.5812760969892315,0.9461940768746062,0.55,True
13,garment_group_name,"Under-, Nightwear",9,20,0.45,0.08475569555343931,5.309377700950734,0.45,True
13,section_name,Womens Lingerie,9,20,0.45,0.05765145410592631,7.805527318932656,0.45,False
13,product_type_name,Socks,8,20,0.4,0.0240275437696872,16.647560975609757,0.4,False
13,product_group_name,Socks & Tights,8,20,0.4,0.030766976778258005,13.00095238095238,0.4,False
13,product_group_name,Underwear,8,20,0.4,0.06768734891216761,5.909523809523809,0.4,False
13,garment_group_name,Socks and Tights,8,20,0.4,0.030254193831953703,13.22130750605327,0.4,False
13,section_name,"Womens Nightwear, Socks & Tigh",8,20,0.4,0.034869240348692404,11.471428571428572,0.4,False
13,department_name,Socks,8,20,0.4,0.0071057065416453005,56.292783505154645,0.4,False
13,product_type_name,Underwear bottom,5,20,0.25,0.031133250311332503,8.03,0.25,False
13,graphical_appearance_name,Glittering/Metallic,5,20,0.25,0.0055673577027324,44.9046052631579,0.25,False
13,colour_group_name,Black,4,20,0.2,0.28027250750860744,0.7135912179822269,0.2,False
13,perceived_colour_master_name,Black,4,20,0.2,0.28173760164090544,0.7098803952158086,0.2,False
13,department_name,Clean Lingerie,4,20,0.2,0.0107684418723903,18.57278911564626,0.2,False
13,product_type_name,Bra,3,20,0.15,0.0326715991502454,4.591143497757847,0.15,False
13,product_group_name,Garment Upper body,3,20,0.15,0.38905574683173394,0.3855488608548296,0.15,False
13,colour_group_name,White,3,20,0.15,0.0960369203721339,1.561899313501144,0.15,False
13,perceived_colour_master_name,Pink,3,20,0.15,0.06702805655263351,2.237868852459016,0.15,False
13,perceived_colour_master_name,White,3,20,0.15,0.12797597245623032,1.1720950200343445,0.15,False
13,graphical_appearance_name,All over pattern,3,20,0.15,0.10709838107098381,1.400581395348837,0.15,False
13,garment_group_name,Jersey Fancy,3,20,0.15,0.16672771225551242,0.8996704745166959,0.15,False
13,index_group_name,Sport,3,20,0.15,0.033111127389934804,4.5301991150442475,0.15,False
13,section_name,Ladies H&M Sport,3,20,0.15,0.0265182037945938,5.656491712707182,0.15,False
13,department_name,Expressive Lingerie,3,20,0.15,0.018313676653725002,8.1906,0.15,False
13,department_name,Ladies Sport Bras,3,20,0.15,0.014943960149439602,10.0375,0.15,False
13,product_type_name,Top,2,20,0.1,0.050692256977510806,1.9726878612716763,0.1,False
13,colour_group_name,Light Blue,2,20,0.1,0.026957732034283203,3.7095108695652175,0.1,False
13,colour_group_name,Beige,2,20,0.1,0.04585744634092741,2.1806709265175717,0.1,False
13,colour_group_name,Light Orange,2,20,0.1,0.014724196029594901,6.791542288557214,0.1,False
13,colour_group_name,Light Pink,2,20,0.1,0.036773862720679805,2.7193227091633467,0.1,False
13,colour_group_name,Yellowish Brown,2,20,0.1,0.0187532048934144,5.3324218750000005,0.1,False
13,perceived_colour_master_name,Blue,2,20,0.1,0.11933191707567212,0.8379987722529159,0.1,False
13,perceived_colour_master_name,Beige,2,20,0.1,0.08482895026005421,1.1788428324697755,0.1,False
13,perceived_colour_master_name,Orange,2,20,0.1,0.0273972602739726,3.6500000000000004,0.1,False
13,perceived_colour_master_name,Brown,2,20,0.1,0.026151930261519303,3.823809523809524,0.1,False
13,department_name,Casual Lingerie,2,20,0.1,0.017581129587576003,5.687916666666666,0.1,False
13,product_type_name,Unknown,1,20,0.05,0.006080140649036701,8.223493975903615,0.05,False
13,product_type_name,Vest top,1,20,0.05,0.030107684418723902,1.660705596107056,0.05,False
13,product_group_name,Unknown,1,20,0.05,0.006080140649036701,8.223493975903615,0.05,False
13,colour_group_name,Green,1,20,0.05,0.009742875979781702,5.131954887218045,0.05,False
13,colour_group_name,Dark Pink,1,20,0.05,0.007911508314409201,6.319907407407407,0.05,False
13,colour_group_name,Light Grey,1,20,0.05,0.014797450736209802,3.378960396039604,0.05,False
13,perceived_colour_master_name,Khaki green,1,20,0.05,0.035015749761922205,1.427928870292887,0.05,False
13,perceived_colour_master_name,Grey,1,20,0.05,0.07113032012306791,0.7029351184346034,0.05,False
13,graphical_appearance_name,Other pattern,1,20,0.05,0.0015383488389129002,32.50238095238095,0.05,False
14,index_group_name,Ladieswear,18,20,0.9,0.5894806241301004,1.5267677395302597,0.9,True
14,section_name,H&M+,18,20,0.9,0.026811222621053402,33.56803278688525,0.9,True
14,graphical_appearance_name,Solid,16,20,0.8,0.5812760969892315,1.3762822936357908,0.8,True
14,product_group_name,Garment Upper body,13,20,0.65,0.38905574683173394,1.6707117303709282,0.65,False
14,colour_group_name,Black,11,20,0.55,0.28027250750860744,1.962375849451124,0.55,False
14,perceived_colour_master_name,Black,11,20,0.55,0.28173760164090544,1.9521710868434738,0.55,False
14,garment_group_name,Jersey Fancy,6,20,0.3,0.16672771225551242,1.7993409490333918,0.3,False
14,department_name,Jersey,6,20,0.3,0.060801406490367006,4.934096385542168,0.3,False
14,product_type_name,Sweater,5,20,0.25,0.0791883378507069,3.157030527289547,0.25,False
14,garment_group_name,Knitwear,5,20,0.25,0.06695480184601861,3.733862144420131,0.25,False
14,garment_group_name,Blouses,5,20,0.25,0.0860742802725075,2.904468085106383,0.25,False
14,department_name,Knitwear,5,20,0.25,0.039557541572046,6.319907407407408,0.25,False
14,department_name,Woven top,5,20,0.25,0.007032451835030401,35.549479166666664,0.25,False
14,product_type_name,Dress,4,20,0.2,0.11750054941029961,1.70211970074813,0.2,False
14,product_group_name,Garment Full body,4,20,0.2,0.1304666324811369,1.5329590117911287,0.2,False
14,product_type_name,Top,3,20,0.15,0.050692256977510806,2.959031791907514,0.15,False
14,product_group_name,Garment Lower body,3,20,0.15,0.2052596879349498,0.7307815845824411,0.15,False
14,perceived_colour_master_name,Khaki green,3,20,0.15,0.035015749761922205,4.283786610878661,0.15,False
14,product_type_name,Trousers,2,20,0.1,0.1310526701340561,0.7630519843487983,0.1,False
14,colour_group_name,Greenish Khaki,2,20,0.1,0.027910043220276903,3.5829396325459317,0.1,False
14,graphical_appearance_name,Check,2,20,0.1,0.023001977877078604,4.347452229299363,0.1,False
14,garment_group_name,Trousers,2,20,0.1,0.0825580543549923,1.2112688553682343,0.1,False
14,index_group_name,Divided,2,20,0.1,0.2062119991209435,0.4849378330373002,0.1,False
14,department_name,Woven bottoms,2,20,0.1,0.009669621273166801,10.341666666666667,0.1,False
14,product_type_name,Cardigan,1,20,0.05,0.014064903670060802,3.554947916666667,0.05,False
14,product_type_name,Leggings/Tights,1,20,0.05,0.018313676653725002,2.7302,0.05,False
14,product_type_name,T-shirt,1,20,0.05,0.05757819939931141,0.8683842239185751,0.05,False
14,product_type_name,Blouse,1,20,0.05,0.045344663394623105,1.1026655896607431,0.05,False
14,product_type_name,Hoodie,1,20,0.05,0.0206578272654018,2.420390070921986,0.05,False
14,product_type_name,Shirt,1,20,0.05,0.031646033257636805,1.5799768518518518,0.05,False
14,colour_group_name,Dark Orange,1,20,0.05,0.009230093033477401,5.417063492063492,0.05,False
14,colour_group_name,Yellow,1,20,0.05,0.011354479525309501,4.403548387096774,0.05,False
14,colour_group_name,Greyish Beige,1,20,0.05,0.0040290088638195,12.410000000000002,0.05,False
14,colour_group_name,Beige,1,20,0.05,0.04585744634092741,1.0903354632587858,0.05,False
14,colour_group_name,Dark Grey,1,20,0.05,0.029375137352574902,1.70211970074813,0.05,False
14,colour_group_name,Dark Green,1,20,0.05,0.018533440773569703,2.6978260869565216,0.05,False
14,colour_group_name,Off White,1,20,0.05,0.030180939125338802,1.6566747572815534,0.05,False
14,perceived_colour_master_name,Brown,1,20,0.05,0.026151930261519303,1.911904761904762,0.05,False
14,perceived_colour_master_name,Yellow,1,20,0.05,0.022635704344004103,2.2088996763754047,0.05,False
14,perceived_colour_master_name,Mole,1,20,0.05,0.021097355505091203,2.3699652777777778,0.05,False
14,perceived_colour_master_name,Grey,1,20,0.05,0.07113032012306791,0.7029351184346034,0.05,False
14,perceived_colour_master_name,Green,1,20,0.05,0.027910043220276903,1.7914698162729659,0.05,False
14,perceived_colour_master_name,White,1,20,0.05,0.12797597245623032,0.3906983400114482,0.05,False
14,graphical_appearance_name,Stripe,1,20,0.05,0.030034429712109,1.6647560975609759,0.05,False
14,graphical_appearance_name,All over pattern,1,20,0.05,0.10709838107098381,0.4668604651162791,0.05,False
14,garment_group_name,Unknown,1,20,0.05,0.016921837228041903,2.9547619047619045,0.05,False
14,garment_group_name,Jersey Basic,1,20,0.05,0.09003003442971211,0.5553702196908056,0.05,False
14,section_name,Divided Projects,1,20,0.05,0.022049666691084904,2.267607973421927,0.05,False
14,section_name,Divided Basics,1,20,0.05,0.03208556149732621,1.5583333333333333,0.05,False
14,department_name,Divided+,1,20,0.05,0.007398725368104901,6.757920792079208,0.05,False
14,department_name,OL Extended Sizes,1,20,0.05,0.005054574756428101,9.892028985507247,0.05,False
15,index_group_name,Ladieswear,18,20,0.9,0.5894806241301004,1.5267677395302597,0.9,True
15,section_name,H&M+,18,20,0.9,0.026811222621053402,33.56803278688525,0.9,True
15,graphical_appearance_name,Solid,16,20,0.8,0.5812760969892315,1.3762822936357908,0.8,True
15,product_group_name,Garment Upper body,13,20,0.65,0.38905574683173394,1.6707117303709282,0.65,False
15,colour_group_name,Black,11,20,0.55,0.28027250750860744,1.962375849451124,0.55,False
15,perceived_colour_master_name,Black,11,20,0.55,0.28173760164090544,1.9521710868434738,0.55,False
15,garment_group_name,Jersey Fancy,6,20,0.3,0.16672771225551242,1.7993409490333918,0.3,False
15,department_name,Jersey,6,20,0.3,0.060801406490367006,4.934096385542168,0.3,False
15,product_type_name,Sweater,5,20,0.25,0.0791883378507069,3.157030527289547,0.25,False
15,garment_group_name,Knitwear,5,20,0.25,0.06695480184601861,3.733862144420131,0.25,False
15,garment_group_name,Blouses,5,20,0.25,0.0860742802725075,2.904468085106383,0.25,False
15,department_name,Knitwear,5,20,0.25,0.039557541572046,6.319907407407408,0.25,False
15,department_name,Woven top,5,20,0.25,0.007032451835030401,35.549479166666664,0.25,False
15,product_type_name,Dress,4,20,0.2,0.11750054941029961,1.70211970074813,0.2,False
15,product_group_name,Garment Full body,4,20,0.2,0.1304666324811369,1.5329590117911287,0.2,False
15,product_type_name,Top,3,20,0.15,0.050692256977510806,2.959031791907514,0.15,False
15,product_group_name,Garment Lower body,3,20,0.15,0.2052596879349498,0.7307815845824411,0.15,False
15,perceived_colour_master_name,Khaki green,3,20,0.15,0.035015749761922205,4.283786610878661,0.15,False
15,product_type_name,Trousers,2,20,0.1,0.1310526701340561,0.7630519843487983,0.1,False
15,colour_group_name,Greenish Khaki,2,20,0.1,0.027910043220276903,3.5829396325459317,0.1,False
15,graphical_appearance_name,Check,2,20,0.1,0.023001977877078604,4.347452229299363,0.1,False
15,garment_group_name,Trousers,2,20,0.1,0.0825580543549923,1.2112688553682343,0.1,False
15,index_group_name,Divided,2,20,0.1,0.2062119991209435,0.4849378330373002,0.1,False
15,department_name,Woven bottoms,2,20,0.1,0.009669621273166801,10.341666666666667,0.1,False
15,product_type_name,Cardigan,1,20,0.05,0.014064903670060802,3.554947916666667,0.05,False
15,product_type_name,Leggings/Tights,1,20,0.05,0.018313676653725002,2.7302,0.05,False
15,product_type_name,T-shirt,1,20,0.05,0.05757819939931141,0.8683842239185751,0.05,False
15,product_type_name,Blouse,1,20,0.05,0.045344663394623105,1.1026655896607431,0.05,False
15,product_type_name,Hoodie,1,20,0.05,0.0206578272654018,2.420390070921986,0.05,False
15,product_type_name,Shirt,1,20,0.05,0.031646033257636805,1.5799768518518518,0.05,False
15,colour_group_name,Dark Orange,1,20,0.05,0.009230093033477401,5.417063492063492,0.05,False
15,colour_group_name,Yellow,1,20,0.05,0.011354479525309501,4.403548387096774,0.05,False
15,colour_group_name,Greyish Beige,1,20,0.05,0.0040290088638195,12.410000000000002,0.05,False
15,colour_group_name,Beige,1,20,0.05,0.04585744634092741,1.0903354632587858,0.05,False
15,colour_group_name,Dark Green,1,20,0.05,0.018533440773569703,2.6978260869565216,0.05,False
15,colour_group_name,Dark Grey,1,20,0.05,0.029375137352574902,1.70211970074813,0.05,False
15,colour_group_name,Off White,1,20,0.05,0.030180939125338802,1.6566747572815534,0.05,False
15,perceived_colour_master_name,Brown,1,20,0.05,0.026151930261519303,1.911904761904762,0.05,False
15,perceived_colour_master_name,Yellow,1,20,0.05,0.022635704344004103,2.2088996763754047,0.05,False
15,perceived_colour_master_name,Mole,1,20,0.05,0.021097355505091203,2.3699652777777778,0.05,False
15,perceived_colour_master_name,Green,1,20,0.05,0.027910043220276903,1.7914698162729659,0.05,False
15,perceived_colour_master_name,Grey,1,20,0.05,0.07113032012306791,0.7029351184346034,0.05,False
15,perceived_colour_master_name,White,1,20,0.05,0.12797597245623032,0.3906983400114482,0.05,False
15,graphical_appearance_name,Stripe,1,20,0.05,0.030034429712109,1.6647560975609759,0.05,False
15,graphical_appearance_name,All over pattern,1,20,0.05,0.10709838107098381,0.4668604651162791,0.05,False
15,garment_group_name,Unknown,1,20,0.05,0.016921837228041903,2.9547619047619045,0.05,False
15,garment_group_name,Jersey Basic,1,20,0.05,0.09003003442971211,0.5553702196908056,0.05,False
15,section_name,Divided Projects,1,20,0.05,0.022049666691084904,2.267607973421927,0.05,False
15,section_name,Divided Basics,1,20,0.05,0.03208556149732621,1.5583333333333333,0.05,False
15,department_name,Divided+,1,20,0.05,0.007398725368104901,6.757920792079208,0.05,False
15,department_name,OL Extended Sizes,1,20,0.05,0.005054574756428101,9.892028985507247,0.05,False
16,index_group_name,Ladieswear,19,20,0.95,0.5894806241301004,1.611588169504163,0.95,True
16,graphical_appearance_name,Solid,12,20,0.6,0.5812760969892315,1.032211720226843,0.6,True
16,section_name,Womens Everyday Collection,9,20,0.45,0.12218885063365321,3.6828237410071942,0.45,True
16,product_group_name,Garment Lower body,8,20,0.4,0.2052596879349498,1.948750892219843,0.4,False
16,section_name,Womens Tailoring,7,20,0.35,0.06343857592850341,5.517147806004618,0.35,False
16,product_group_name,Garment Upper body,6,20,0.3,0.38905574683173394,0.7710977217096592,0.3,False
16,colour_group_name,Black,6,20,0.3,0.28027250750860744,1.0703868269733403,0.3,False
16,perceived_colour_master_name,White,6,20,0.3,0.12797597245623032,2.344190040068689,0.3,False
16,perceived_colour_master_name,Black,6,20,0.3,0.28173760164090544,1.0648205928237129,0.3,False
16,garment_group_name,Trousers,5,20,0.25,0.0825580543549923,3.0281721384205857,0.25,False
16,product_type_name,Skirt,4,20,0.2,0.033404146216394405,5.987280701754386,0.2,False
16,product_type_name,Trousers,4,20,0.2,0.1310526701340561,1.5261039686975966,0.2,False
16,product_type_name,Dress,3,20,0.15,0.11750054941029961,1.2765897755610973,0.15,False
16,product_group_name,Garment Full body,3,20,0.15,0.1304666324811369,1.1497192588433465,0.15,False
16,colour_group_name,Off White,3,20,0.15,0.030180939125338802,4.97002427184466,0.15,False
16,colour_group_name,Beige,3,20,0.15,0.04585744634092741,3.2710063897763577,0.15,False
16,perceived_colour_master_name,Beige,3,20,0.15,0.08482895026005421,1.768264248704663,0.15,False
16,graphical_appearance_name,Other structure,3,20,0.15,0.022855468463848803,6.5629807692307685,0.15,False
16,garment_group_name,Blouses,3,20,0.15,0.0860742802725075,1.7426808510638299,0.15,False
16,garment_group_name,Dresses Ladies,3,20,0.15,0.06651527360632921,2.2551211453744493,0.15,False
16,garment_group_name,Knitwear,3,20,0.15,0.06695480184601861,2.2403172866520786,0.15,False
16,department_name,Blouse,3,20,0.15,0.043293531609405904,3.464720812182741,0.15,False
16,department_name,Dress,3,20,0.15,0.035894806241301,4.178877551020408,0.15,False
16,department_name,Trouser,3,20,0.15,0.0446121163284741,3.3623152709359605,0.15,False
16,department_name,Knitwear,3,20,0.15,0.039557541572046,3.7919444444444443,0.15,False
16,product_type_name,Blouse,2,20,0.1,0.045344663394623105,2.2053311793214863,0.1,False
16,colour_group_name,Light Beige,2,20,0.1,0.0478353234195297,2.090505359877489,0.1,False
16,colour_group_name,White,2,20,0.1,0.0960369203721339,1.041266209000763,0.1,False
16,graphical_appearance_name,All over pattern,2,20,0.1,0.10709838107098381,0.9337209302325582,0.1,False
16,garment_group_name,Skirts,2,20,0.1,0.0195590066661783,5.112734082397004,0.1,False
16,department_name,Skirt,2,20,0.1,0.011647498351769101,8.58553459119497,0.1,False
16,product_type_name,Blazer,1,20,0.05,0.014211413083290601,3.5182989690721653,0.05,False
16,product_type_name,Cardigan,1,20,0.05,0.014064903670060802,3.554947916666667,0.05,False
16,product_type_name,Sweater,1,20,0.05,0.0791883378507069,0.6314061054579094,0.05,False
16,product_type_name,Pyjama bottom,1,20,0.05,0.0025639147315215,19.501428571428573,0.05,False
16,product_type_name,Boots,1,20,0.05,0.009303347740092302,5.374409448818898,0.05,False
16,product_type_name,Unknown,1,20,0.05,0.006080140649036701,8.223493975903615,0.05,False
16,product_type_name,Top,1,20,0.05,0.050692256977510806,0.9863439306358381,0.05,False
16,product_group_name,Nightwear,1,20,0.05,0.009669621273166801,5.170833333333333,0.05,False
16,product_group_name,Shoes,1,20,0.05,0.026957732034283203,1.8547554347826087,0.05,False
16,product_group_name,Unknown,1,20,0.05,0.006080140649036701,8.223493975903615,0.05,False
16,colour_group_name,Greenish Khaki,1,20,0.05,0.027910043220276903,1.7914698162729659,0.05,False
16,colour_group_name,Light Purple,1,20,0.05,0.008717310087173101,5.735714285714286,0.05,False
16,colour_group_name,Light Orange,1,20,0.05,0.014724196029594901,3.395771144278607,0.05,False
16,colour_group_name,Red,1,20,0.05,0.009156838326862501,5.4604,0.05,False
16,perceived_colour_master_name,Khaki green,1,20,0.05,0.035015749761922205,1.427928870292887,0.05,False
16,perceived_colour_master_name,Lilac Purple,1,20,0.05,0.014724196029594901,3.395771144278607,0.05,False
16,perceived_colour_master_name,Orange,1,20,0.05,0.0273972602739726,1.8250000000000002,0.05,False
16,perceived_colour_master_name,Red,1,20,0.05,0.0232217419969233,2.1531545741324924,0.05,False
16,perceived_colour_master_name,Mole,1,20,0.05,0.021097355505091203,2.3699652777777778,0.05,False
16,graphical_appearance_name,Contrast,1,20,0.05,0.0034429712109003002,14.522340425531917,0.05,False
16,graphical_appearance_name,Check,1,20,0.05,0.023001977877078604,2.1737261146496816,0.05,False
16,graphical_appearance_name,Lace,1,20,0.05,0.012673064244377702,3.9453757225433526,0.05,False
16,garment_group_name,Dressed,1,20,0.05,0.013112592484067102,3.813128491620112,0.05,False
16,garment_group_name,"Under-, Nightwear",1,20,0.05,0.08475569555343931,0.5899308556611927,0.05,False
16,garment_group_name,Shoes,1,20,0.05,0.026811222621053402,1.8648907103825139,0.05,False
16,garment_group_name,Jersey Fancy,1,20,0.05,0.16672771225551242,0.299890158172232,0.05,False
16,index_group_name,Divided,1,20,0.05,0.2062119991209435,0.2424689165186501,0.05,False
16,section_name,Womens Trend,1,20,0.05,0.030986740898102702,1.6135933806146574,0.05,False
16,section_name,"Womens Nightwear, Socks & Tigh",1,20,0.05,0.034869240348692404,1.4339285714285714,0.05,False
16,section_name,Womens Shoes,1,20,0.05,0.023734524943227604,2.106635802469136,0.05,False
16,section_name,Divided Projects,1,20,0.05,0.022049666691084904,2.267607973421927,0.05,False
16,department_name,Suit jacket,1,20,0.05,0.0053475935828877,9.350000000000001,0.05,False
16,department_name,Trousers & Skirt,1,20,0.05,0.0028569335579811004,17.50128205128205,0.05,False
16,department_name,Loungewear,1,20,0.05,0.009596366566551901,5.21030534351145,0.05,False
16,department_name,Boots,1,20,0.05,0.0066661783019559,7.500549450549451,0.05,False
16,department_name,Projects Woven Bottoms,1,20,0.05,0.0024906600249066002,20.075000000000003,0.05,False
16,department_name,Jersey fancy,1,20,0.05,0.0247600908358362,2.0193786982248523,0.05,False
17,index_group_name,Divided,19,20,0.95,0.2062119991209435,4.606909413854352,0.95,True
17,graphical_appearance_name,Solid,11,20,0.55,0.5812760969892315,0.9461940768746062,0.55,True
17,product_type_name,Trousers,10,20,0.5,0.1310526701340561,3.815259921743991,0.5,False
17,product_group_name,Garment Lower body,10,20,0.5,0.2052596879349498,2.4359386152748037,0.5,True
17,product_group_name,Garment Upper body,9,20,0.45,0.38905574683173394,1.156646582564489,0.45,False
17,section_name,Divided Collection,9,20,0.45,0.10409493809977291,4.322976776917664,0.45,False
17,garment_group_name,Trousers,8,20,0.4,0.0825580543549923,4.845075421472937,0.4,False
17,garment_group_name,Jersey Basic,8,20,0.4,0.09003003442971211,4.442961757526445,0.4,False
17,department_name,Trousers,8,20,0.4,0.0164823089883525,24.268444444444444,0.4,False
17,perceived_colour_master_name,Blue,7,20,0.35,0.11933191707567212,2.932995702885205,0.35,False
17,section_name,Divided Basics,7,20,0.35,0.03208556149732621,10.908333333333331,0.35,False
17,department_name,Basic 1,7,20,0.35,0.029228627939345102,11.97456140350877,0.35,False
17,perceived_colour_master_name,Grey,6,20,0.3,0.07113032012306791,4.21761071060762,0.3,False
17,colour_group_name,Grey,5,20,0.25,0.031059995604717602,8.048938679245284,0.25,False
17,colour_group_name,Dark Blue,4,20,0.2,0.058970038824994506,3.391552795031056,0.2,False
17,colour_group_name,Black,4,20,0.2,0.28027250750860744,0.7135912179822269,0.2,False
17,perceived_colour_master_name,Black,4,20,0.2,0.28173760164090544,0.7098803952158086,0.2,False
17,product_type_name,Sweater,3,20,0.15,0.0791883378507069,1.894218316373728,0.15,False
17,product_type_name,Top,3,20,0.15,0.050692256977510806,2.959031791907514,0.15,False
17,product_type_name,T-shirt,3,20,0.15,0.05757819939931141,2.605152671755725,0.15,False
17,colour_group_name,Blue,3,20,0.15,0.033330891509779505,4.50032967032967,0.15,False
17,graphical_appearance_name,Embroidery,3,20,0.15,0.012087026591458501,12.41,0.15,False
17,graphical_appearance_name,Denim,3,20,0.15,0.074719800747198,2.0075000000000003,0.15,False
17,graphical_appearance_name,Melange,3,20,0.15,0.0617537176763607,2.429003558718861,0.15,False
17,garment_group_name,Trousers Denim,3,20,0.15,0.0430737674895612,3.4823979591836736,0.15,False
17,section_name,Ladies Denim,3,20,0.15,0.028862354406270604,5.1970812182741115,0.15,False
17,department_name,Denim Trousers,3,20,0.15,0.0171416013478866,8.750641025641025,0.15,False
17,colour_group_name,Greenish Khaki,2,20,0.1,0.027910043220276903,3.5829396325459317,0.1,False
17,perceived_colour_master_name,Khaki green,2,20,0.1,0.035015749761922205,2.855857740585774,0.1,False
17,product_type_name,Unknown,1,20,0.05,0.006080140649036701,8.223493975903615,0.05,False
17,product_group_name,Unknown,1,20,0.05,0.006080140649036701,8.223493975903615,0.05,False
17,colour_group_name,Dark Grey,1,20,0.05,0.029375137352574902,1.70211970074813,0.05,False
17,colour_group_name,White,1,20,0.05,0.0960369203721339,0.5206331045003815,0.05,False
17,perceived_colour_master_name,White,1,20,0.05,0.12797597245623032,0.3906983400114482,0.05,False
17,garment_group_name,Knitwear,1,20,0.05,0.06695480184601861,0.7467724288840263,0.05,False
17,index_group_name,Ladieswear,1,20,0.05,0.5894806241301004,0.08482042997390332,0.05,False
17,section_name,Womens Everyday Basics,1,20,0.05,0.027177496154127904,1.8397574123989218,0.05,False
17,department_name,Jersey Basic,1,20,0.05,0.026737967914438502,1.87,0.05,False
17,department_name,Tops Knitwear,1,20,0.05,0.014357922496520402,3.4823979591836736,0.05,False
18,index_group_name,Divided,19,20,0.95,0.2062119991209435,4.606909413854352,0.95,True
18,graphical_appearance_name,Solid,12,20,0.6,0.5812760969892315,1.032211720226843,0.6,True
18,product_type_name,Trousers,10,20,0.5,0.1310526701340561,3.815259921743991,0.5,False
18,product_group_name,Garment Lower body,10,20,0.5,0.2052596879349498,2.4359386152748037,0.5,True
18,product_group_name,Garment Upper body,9,20,0.45,0.38905574683173394,1.156646582564489,0.45,False
18,garment_group_name,Jersey Basic,9,20,0.45,0.09003003442971211,4.99833197721725,0.45,False
18,garment_group_name,Trousers,8,20,0.4,0.0825580543549923,4.845075421472937,0.4,False
18,section_name,Divided Collection,8,20,0.4,0.10409493809977291,3.8426460239268123,0.4,False
18,section_name,Divided Basics,8,20,0.4,0.03208556149732621,12.466666666666667,0.4,False
18,department_name,Trousers,8,20,0.4,0.0164823089883525,24.268444444444444,0.4,False
18,department_name,Basic 1,8,20,0.4,0.029228627939345102,13.685213032581455,0.4,False
18,perceived_colour_master_name,Blue,7,20,0.35,0.11933191707567212,2.932995702885205,0.35,False
18,perceived_colour_master_name,Grey,5,20,0.25,0.07113032012306791,3.5146755921730173,0.25,False
18,product_type_name,T-shirt,4,20,0.2,0.05757819939931141,3.4735368956743002,0.2,False
18,colour_group_name,Dark Blue,4,20,0.2,0.058970038824994506,3.391552795031056,0.2,False
18,colour_group_name,Black,4,20,0.2,0.28027250750860744,0.7135912179822269,0.2,False
18,colour_group_name,Grey,4,20,0.2,0.031059995604717602,6.439150943396227,0.2,False
18,perceived_colour_master_name,Black,4,20,0.2,0.28173760164090544,0.7098803952158086,0.2,False
18,product_type_name,Top,3,20,0.15,0.050692256977510806,2.959031791907514,0.15,False
18,colour_group_name,Blue,3,20,0.15,0.033330891509779505,4.50032967032967,0.15,False
18,graphical_appearance_name,Embroidery,3,20,0.15,0.012087026591458501,12.41,0.15,False
18,graphical_appearance_name,Denim,3,20,0.15,0.074719800747198,2.0075000000000003,0.15,False
18,garment_group_name,Trousers Denim,3,20,0.15,0.0430737674895612,3.4823979591836736,0.15,False
18,section_name,Ladies Denim,3,20,0.15,0.028862354406270604,5.1970812182741115,0.15,False
18,department_name,Denim Trousers,3,20,0.15,0.0171416013478866,8.750641025641025,0.15,False
18,product_type_name,Sweater,2,20,0.1,0.0791883378507069,1.2628122109158189,0.1,False
18,colour_group_name,Greenish Khaki,2,20,0.1,0.027910043220276903,3.5829396325459317,0.1,False
18,perceived_colour_master_name,Khaki green,2,20,0.1,0.035015749761922205,2.855857740585774,0.1,False
18,graphical_appearance_name,Melange,2,20,0.1,0.0617537176763607,1.6193357058125744,0.1,False
18,product_type_name,Unknown,1,20,0.05,0.006080140649036701,8.223493975903615,0.05,False
18,product_group_name,Unknown,1,20,0.05,0.006080140649036701,8.223493975903615,0.05,False
18,colour_group_name,Dark Grey,1,20,0.05,0.029375137352574902,1.70211970074813,0.05,False
18,colour_group_name,Pink,1,20,0.05,0.021024100798476303,2.3782229965156794,0.05,False
18,colour_group_name,White,1,20,0.05,0.0960369203721339,0.5206331045003815,0.05,False
18,perceived_colour_master_name,Pink,1,20,0.05,0.06702805655263351,0.7459562841530054,0.05,False
18,perceived_colour_master_name,White,1,20,0.05,0.12797597245623032,0.3906983400114482,0.05,False
18,index_group_name,Ladieswear,1,20,0.05,0.5894806241301004,0.08482042997390332,0.05,False
18,section_name,Womens Everyday Basics,1,20,0.05,0.027177496154127904,1.8397574123989218,0.05,False
18,department_name,Jersey Basic,1,20,0.05,0.026737967914438502,1.87,0.05,False
19,index_group_name,Ladieswear,19,20,0.95,0.5894806241301004,1.611588169504163,0.95,True
19,graphical_appearance_name,Solid,13,20,0.65,0.5812760969892315,1.11822936357908,0.65,True
19,section_name,Womens Everyday Collection,9,20,0.45,0.12218885063365321,3.6828237410071942,0.45,True
19,section_name,Womens Tailoring,8,20,0.4,0.06343857592850341,6.305311778290993,0.4,False
19,product_group_name,Garment Lower body,7,20,0.35,0.2052596879349498,1.7051570306923627,0.35,False
19,product_type_name,Dress,6,20,0.3,0.11750054941029961,2.5531795511221946,0.3,False
19,product_group_name,Garment Upper body,6,20,0.3,0.38905574683173394,0.7710977217096592,0.3,False
19,product_group_name,Garment Full body,6,20,0.3,0.1304666324811369,2.299438517686693,0.3,False
19,colour_group_name,Black,5,20,0.25,0.28027250750860744,0.8919890224777836,0.25,False
19,perceived_colour_master_name,White,5,20,0.25,0.12797597245623032,1.9534917000572407,0.25,False
19,perceived_colour_master_name,Black,5,20,0.25,0.28173760164090544,0.8873504940197607,0.25,False
19,garment_group_name,Blouses,5,20,0.25,0.0860742802725075,2.904468085106383,0.25,False
19,garment_group_name,Dresses Ladies,5,20,0.25,0.06651527360632921,3.758535242290749,0.25,False
19,product_type_name,Trousers,4,20,0.2,0.1310526701340561,1.5261039686975966,0.2,False
19,colour_group_name,Beige,4,20,0.2,0.04585744634092741,4.361341853035143,0.2,False
19,perceived_colour_master_name,Beige,4,20,0.2,0.08482895026005421,2.357685664939551,0.2,False
19,garment_group_name,Trousers,4,20,0.2,0.0825580543549923,2.4225377107364685,0.2,False
19,department_name,Blouse,4,20,0.2,0.043293531609405904,4.619627749576988,0.2,False
19,department_name,Dress,4,20,0.2,0.035894806241301,5.571836734693878,0.2,False
19,product_type_name,Blouse,3,20,0.15,0.045344663394623105,3.307996768982229,0.15,False
19,product_type_name,Skirt,3,20,0.15,0.033404146216394405,4.490460526315789,0.15,False
19,graphical_appearance_name,Other structure,3,20,0.15,0.022855468463848803,6.5629807692307685,0.15,False
19,graphical_appearance_name,All over pattern,3,20,0.15,0.10709838107098381,1.400581395348837,0.15,False
19,garment_group_name,Knitwear,3,20,0.15,0.06695480184601861,2.2403172866520786,0.15,False
19,department_name,Knitwear,3,20,0.15,0.039557541572046,3.7919444444444443,0.15,False
19,department_name,Trouser,3,20,0.15,0.0446121163284741,3.3623152709359605,0.15,False
19,colour_group_name,Off White,2,20,0.1,0.030180939125338802,3.313349514563107,0.1,False
19,colour_group_name,Light Beige,2,20,0.1,0.0478353234195297,2.090505359877489,0.1,False
19,colour_group_name,White,2,20,0.1,0.0960369203721339,1.041266209000763,0.1,False
19,garment_group_name,Skirts,2,20,0.1,0.0195590066661783,5.112734082397004,0.1,False
19,section_name,Womens Trend,2,20,0.1,0.030986740898102702,3.227186761229315,0.1,False
19,department_name,Skirt,2,20,0.1,0.011647498351769101,8.58553459119497,0.1,False
19,product_type_name,Cardigan,1,20,0.05,0.014064903670060802,3.554947916666667,0.05,False
19,product_type_name,Blazer,1,20,0.05,0.014211413083290601,3.5182989690721653,0.05,False
19,product_type_name,Unknown,1,20,0.05,0.006080140649036701,8.223493975903615,0.05,False
19,product_type_name,Sweater,1,20,0.05,0.0791883378507069,0.6314061054579094,0.05,False
19,product_group_name,Unknown,1,20,0.05,0.006080140649036701,8.223493975903615,0.05,False
19,colour_group_name,Greenish Khaki,1,20,0.05,0.027910043220276903,1.7914698162729659,0.05,False
19,colour_group_name,Light Purple,1,20,0.05,0.008717310087173101,5.735714285714286,0.05,False
19,colour_group_name,Light Pink,1,20,0.05,0.036773862720679805,1.3596613545816734,0.05,False
19,colour_group_name,Yellowish Brown,1,20,0.05,0.0187532048934144,2.6662109375000003,0.05,False
19,colour_group_name,Red,1,20,0.05,0.009156838326862501,5.4604,0.05,False
19,perceived_colour_master_name,Khaki green,1,20,0.05,0.035015749761922205,1.427928870292887,0.05,False
19,perceived_colour_master_name,Lilac Purple,1,20,0.05,0.014724196029594901,3.395771144278607,0.05,False
19,perceived_colour_master_name,Pink,1,20,0.05,0.06702805655263351,0.7459562841530054,0.05,False
19,perceived_colour_master_name,Brown,1,20,0.05,0.026151930261519303,1.911904761904762,0.05,False
19,perceived_colour_master_name,Red,1,20,0.05,0.0232217419969233,2.1531545741324924,0.05,False
19,perceived_colour_master_name,Mole,1,20,0.05,0.021097355505091203,2.3699652777777778,0.05,False
19,graphical_appearance_name,Contrast,1,20,0.05,0.0034429712109003002,14.522340425531917,0.05,False
19,garment_group_name,Dressed,1,20,0.05,0.013112592484067102,3.813128491620112,0.05,False
19,index_group_name,Divided,1,20,0.05,0.2062119991209435,0.2424689165186501,0.05,False
19,section_name,Divided Collection,1,20,0.05,0.10409493809977291,0.48033075299085154,0.05,False
19,department_name,Suit jacket,1,20,0.05,0.0053475935828877,9.350000000000001,0.05,False
19,department_name,Dresses,1,20,0.05,0.021024100798476303,2.3782229965156794,0.05,False
19,department_name,Trousers & Skirt,1,20,0.05,0.0028569335579811004,17.50128205128205,0.05,False
19,department_name,Blouse & Dress,1,20,0.05,0.013478866017141601,3.7095108695652175,0.05,False
20,index_group_name,Ladieswear,19,20,0.95,0.5894806241301004,1.611588169504163,0.95,True
20,graphical_appearance_name,Solid,12,20,0.6,0.5812760969892315,1.032211720226843,0.6,True
20,section_name,Womens Tailoring,8,20,0.4,0.06343857592850341,6.305311778290993,0.4,False
20,section_name,Womens Everyday Collection,8,20,0.4,0.12218885063365321,3.273621103117506,0.4,True
20,product_type_name,Dress,6,20,0.3,0.11750054941029961,2.5531795511221946,0.3,False
20,product_group_name,Garment Upper body,6,20,0.3,0.38905574683173394,0.7710977217096592,0.3,False
20,product_group_name,Garment Full body,6,20,0.3,0.1304666324811369,2.299438517686693,0.3,False
20,product_group_name,Garment Lower body,6,20,0.3,0.2052596879349498,1.4615631691648823,0.3,False
20,colour_group_name,Black,6,20,0.3,0.28027250750860744,1.0703868269733403,0.3,False
20,perceived_colour_master_name,Black,6,20,0.3,0.28173760164090544,1.0648205928237129,0.3,False
20,perceived_colour_master_name,White,5,20,0.25,0.12797597245623032,1.9534917000572407,0.25,False
20,garment_group_name,Blouses,5,20,0.25,0.0860742802725075,2.904468085106383,0.25,False
20,garment_group_name,Dresses Ladies,5,20,0.25,0.06651527360632921,3.758535242290749,0.25,False
20,perceived_colour_master_name,Beige,4,20,0.2,0.08482895026005421,2.357685664939551,0.2,False
20,graphical_appearance_name,All over pattern,4,20,0.2,0.10709838107098381,1.8674418604651164,0.2,False
20,department_name,Blouse,4,20,0.2,0.043293531609405904,4.619627749576988,0.2,False
20,department_name,Dress,4,20,0.2,0.035894806241301,5.571836734693878,0.2,False
20,product_type_name,Blouse,3,20,0.15,0.045344663394623105,3.307996768982229,0.15,False
20,product_type_name,Skirt,3,20,0.15,0.033404146216394405,4.490460526315789,0.15,False
20,product_type_name,Trousers,3,20,0.15,0.1310526701340561,1.1445779765231974,0.15,False
20,colour_group_name,Beige,3,20,0.15,0.04585744634092741,3.2710063897763577,0.15,False
20,graphical_appearance_name,Other structure,3,20,0.15,0.022855468463848803,6.5629807692307685,0.15,False
20,garment_group_name,Knitwear,3,20,0.15,0.06695480184601861,2.2403172866520786,0.15,False
20,garment_group_name,Trousers,3,20,0.15,0.0825580543549923,1.8169032830523513,0.15,False
20,department_name,Knitwear,3,20,0.15,0.039557541572046,3.7919444444444443,0.15,False
20,colour_group_name,Off White,2,20,0.1,0.030180939125338802,3.313349514563107,0.1,False
20,colour_group_name,Light Beige,2,20,0.1,0.0478353234195297,2.090505359877489,0.1,False
20,colour_group_name,White,2,20,0.1,0.0960369203721339,1.041266209000763,0.1,False
20,garment_group_name,Skirts,2,20,0.1,0.0195590066661783,5.112734082397004,0.1,False
20,section_name,Womens Trend,2,20,0.1,0.030986740898102702,3.227186761229315,0.1,False
20,department_name,Skirt,2,20,0.1,0.011647498351769101,8.58553459119497,0.1,False
20,department_name,Trouser,2,20,0.1,0.0446121163284741,2.2415435139573074,0.1,False
20,product_type_name,Cardigan,1,20,0.05,0.014064903670060802,3.554947916666667,0.05,False
20,product_type_name,Blazer,1,20,0.05,0.014211413083290601,3.5182989690721653,0.05,False
20,product_type_name,Sweater,1,20,0.05,0.0791883378507069,0.6314061054579094,0.05,False
20,product_type_name,Boots,1,20,0.05,0.009303347740092302,5.374409448818898,0.05,False
20,product_type_name,Unknown,1,20,0.05,0.006080140649036701,8.223493975903615,0.05,False
20,product_group_name,Shoes,1,20,0.05,0.026957732034283203,1.8547554347826087,0.05,False
20,product_group_name,Unknown,1,20,0.05,0.006080140649036701,8.223493975903615,0.05,False
20,colour_group_name,Greenish Khaki,1,20,0.05,0.027910043220276903,1.7914698162729659,0.05,False
20,colour_group_name,Light Purple,1,20,0.05,0.008717310087173101,5.735714285714286,0.05,False
20,colour_group_name,Yellowish Brown,1,20,0.05,0.0187532048934144,2.6662109375000003,0.05,False
20,colour_group_name,Light Pink,1,20,0.05,0.036773862720679805,1.3596613545816734,0.05,False
20,colour_group_name,Red,1,20,0.05,0.009156838326862501,5.4604,0.05,False
20,perceived_colour_master_name,Khaki green,1,20,0.05,0.035015749761922205,1.427928870292887,0.05,False
20,perceived_colour_master_name,Lilac Purple,1,20,0.05,0.014724196029594901,3.395771144278607,0.05,False
20,perceived_colour_master_name,Brown,1,20,0.05,0.026151930261519303,1.911904761904762,0.05,False
20,perceived_colour_master_name,Pink,1,20,0.05,0.06702805655263351,0.7459562841530054,0.05,False
20,perceived_colour_master_name,Red,1,20,0.05,0.0232217419969233,2.1531545741324924,0.05,False
20,graphical_appearance_name,Contrast,1,20,0.05,0.0034429712109003002,14.522340425531917,0.05,False
20,garment_group_name,Dressed,1,20,0.05,0.013112592484067102,3.813128491620112,0.05,False
20,garment_group_name,Shoes,1,20,0.05,0.026811222621053402,1.8648907103825139,0.05,False
20,index_group_name,Divided,1,20,0.05,0.2062119991209435,0.2424689165186501,0.05,False
20,section_name,Divided Collection,1,20,0.05,0.10409493809977291,0.48033075299085154,0.05,False
20,section_name,Womens Shoes,1,20,0.05,0.023734524943227604,2.106635802469136,0.05,False
20,department_name,Suit jacket,1,20,0.05,0.0053475935828877,9.350000000000001,0.05,False
20,department_name,Trousers & Skirt,1,20,0.05,0.0028569335579811004,17.50128205128205,0.05,False
20,department_name,Dresses,1,20,0.05,0.021024100798476303,2.3782229965156794,0.05,False
20,department_name,Blouse & Dress,1,20,0.05,0.013478866017141601,3.7095108695652175,0.05,False
20,department_name,Boots,1,20,0.05,0.0066661783019559,7.500549450549451,0.05,False
21,garment_group_name,Jersey Fancy,20,20,1.0,0.16672771225551242,5.997803163444639,1.0,True
21,index_group_name,Sport,20,20,1.0,0.033111127389934804,30.201327433628318,1.0,True
21,section_name,Ladies H&M Sport,20,20,1.0,0.0265182037945938,37.709944751381215,1.0,True
21,product_group_name,Garment Upper body,18,20,0.9,0.38905574683173394,2.313293165128978,0.9,False
21,department_name,Ladies Sport Bras,18,20,0.9,0.014943960149439602,60.225,0.9,False
21,graphical_appearance_name,Solid,11,20,0.55,0.5812760969892315,0.9461940768746062,0.55,False
21,product_type_name,Top,10,20,0.5,0.050692256977510806,9.863439306358382,0.5,False
21,perceived_colour_master_name,Black,10,20,0.5,0.28173760164090544,1.7747009880395215,0.5,False
21,colour_group_name,Black,9,20,0.45,0.28027250750860744,1.6055802404600104,0.45,False
21,graphical_appearance_name,Melange,7,20,0.35,0.0617537176763607,5.6676749703440095,0.35,False
21,product_type_name,Vest top,5,20,0.25,0.030107684418723902,8.30352798053528,0.25,False
21,product_type_name,T-shirt,3,20,0.15,0.05757819939931141,2.605152671755725,0.15,False
21,perceived_colour_master_name,Pink,3,20,0.15,0.06702805655263351,2.237868852459016,0.15,False
21,product_type_name,Leggings/Tights,2,20,0.1,0.018313676653725002,5.4604,0.1,False
21,product_group_name,Garment Lower body,2,20,0.1,0.2052596879349498,0.4871877230549608,0.1,False
21,colour_group_name,Light Pink,2,20,0.1,0.036773862720679805,2.7193227091633467,0.1,False
21,colour_group_name,White,2,20,0.1,0.0960369203721339,1.041266209000763,0.1,False
21,colour_group_name,Green,2,20,0.1,0.009742875979781702,10.26390977443609,0.1,False
21,perceived_colour_master_name,White,2,20,0.1,0.12797597245623032,0.7813966800228964,0.1,False
21,perceived_colour_master_name,Grey,2,20,0.1,0.07113032012306791,1.4058702368692069,0.1,False
21,department_name,Ladies Sport Bottoms,2,20,0.1,0.0068859424218006005,14.522340425531917,0.1,False
21,colour_group_name,Dark Pink,1,20,0.05,0.007911508314409201,6.319907407407407,0.05,False
21,colour_group_name,Greenish Khaki,1,20,0.05,0.027910043220276903,1.7914698162729659,0.05,False
21,colour_group_name,Orange,1,20,0.05,0.008790564793788001,5.687916666666666,0.05,False
21,colour_group_name,Beige,1,20,0.05,0.04585744634092741,1.0903354632587858,0.05,False
21,colour_group_name,Dark Grey,1,20,0.05,0.029375137352574902,1.70211970074813,0.05,False
21,perceived_colour_master_name,Khaki green,1,20,0.05,0.035015749761922205,1.427928870292887,0.05,False
21,perceived_colour_master_name,Orange,1,20,0.05,0.0273972602739726,1.8250000000000002,0.05,False
21,perceived_colour_master_name,Beige,1,20,0.05,0.08482895026005421,0.5894214162348878,0.05,False
21,graphical_appearance_name,Mesh,1,20,0.05,0.0017581129587576003,28.439583333333335,0.05,False
21,graphical_appearance_name,All over pattern,1,20,0.05,0.10709838107098381,0.4668604651162791,0.05,False
22,index_group_name,Ladieswear,20,20,1.0,0.5894806241301004,1.6964085994780662,1.0,True
22,section_name,Mama,18,20,0.9,0.023294996703538202,38.63490566037736,0.9,True
22,graphical_appearance_name,Solid,12,20,0.6,0.5812760969892315,1.032211720226843,0.6,True
22,product_group_name,Garment Lower body,11,20,0.55,0.2052596879349498,2.6795324768022843,0.55,False
22,garment_group_name,Jersey Fancy,11,20,0.55,0.16672771225551242,3.2987917398945523,0.55,False
22,department_name,Jersey,11,20,0.55,0.060801406490367006,9.045843373493977,0.55,False
22,colour_group_name,Black,9,20,0.45,0.28027250750860744,1.6055802404600104,0.45,False
22,perceived_colour_master_name,Black,9,20,0.45,0.28173760164090544,1.5972308892355693,0.45,False
22,product_type_name,Trousers,6,20,0.3,0.1310526701340561,2.2891559530463947,0.3,False
22,product_group_name,Garment Upper body,6,20,0.3,0.38905574683173394,0.7710977217096592,0.3,False
22,garment_group_name,Trousers,5,20,0.25,0.0825580543549923,3.0281721384205857,0.25,False
22,department_name,Woven bottoms,5,20,0.25,0.009669621273166801,25.854166666666664,0.25,False
22,product_type_name,Leggings/Tights,4,20,0.2,0.018313676653725002,10.9208,0.2,False
22,graphical_appearance_name,Denim,4,20,0.2,0.074719800747198,2.676666666666667,0.2,False
22,colour_group_name,Dark Blue,3,20,0.15,0.058970038824994506,2.543664596273292,0.15,False
22,perceived_colour_master_name,White,3,20,0.15,0.12797597245623032,1.1720950200343445,0.15,False
22,perceived_colour_master_name,Grey,3,20,0.15,0.07113032012306791,2.10880535530381,0.15,False
22,product_type_name,Top,2,20,0.1,0.050692256977510806,1.9726878612716763,0.1,False
22,product_type_name,T-shirt,2,20,0.1,0.05757819939931141,1.7367684478371501,0.1,False
22,product_type_name,Sweater,2,20,0.1,0.0791883378507069,1.2628122109158189,0.1,False
22,colour_group_name,White,2,20,0.1,0.0960369203721339,1.041266209000763,0.1,False
22,colour_group_name,Grey,2,20,0.1,0.031059995604717602,3.2195754716981133,0.1,False
22,perceived_colour_master_name,Blue,2,20,0.1,0.11933191707567212,0.8379987722529159,0.1,False
22,graphical_appearance_name,Melange,2,20,0.1,0.0617537176763607,1.6193357058125744,0.1,False
22,graphical_appearance_name,Stripe,2,20,0.1,0.030034429712109,3.3295121951219517,0.1,False
22,garment_group_name,Knitwear,2,20,0.1,0.06695480184601861,1.4935448577680526,0.1,False
22,department_name,Knitwear,2,20,0.1,0.039557541572046,2.527962962962963,0.1,False
22,product_type_name,Underwear Tights,1,20,0.05,0.006739433008570801,7.419021739130435,0.05,False
22,product_type_name,Dress,1,20,0.05,0.11750054941029961,0.4255299251870325,0.05,False
22,product_type_name,Underwear bottom,1,20,0.05,0.031133250311332503,1.606,0.05,False
22,product_type_name,Skirt,1,20,0.05,0.033404146216394405,1.4968201754385966,0.05,False
22,product_group_name,Socks & Tights,1,20,0.05,0.030766976778258005,1.6251190476190476,0.05,False
22,product_group_name,Garment Full body,1,20,0.05,0.1304666324811369,0.3832397529477822,0.05,False
22,product_group_name,Underwear,1,20,0.05,0.06768734891216761,0.7386904761904761,0.05,False
22,colour_group_name,Dark Orange,1,20,0.05,0.009230093033477401,5.417063492063492,0.05,False
22,colour_group_name,Off White,1,20,0.05,0.030180939125338802,1.6566747572815534,0.05,False
22,colour_group_name,Pink,1,20,0.05,0.021024100798476303,2.3782229965156794,0.05,False
22,colour_group_name,Dark Grey,1,20,0.05,0.029375137352574902,1.70211970074813,0.05,False
22,perceived_colour_master_name,Red,1,20,0.05,0.0232217419969233,2.1531545741324924,0.05,False
22,perceived_colour_master_name,Pink,1,20,0.05,0.06702805655263351,0.7459562841530054,0.05,False
22,perceived_colour_master_name,Lilac Purple,1,20,0.05,0.014724196029594901,3.395771144278607,0.05,False
22,garment_group_name,Socks and Tights,1,20,0.05,0.030254193831953703,1.6526634382566587,0.05,False
22,garment_group_name,"Under-, Nightwear",1,20,0.05,0.08475569555343931,0.5899308556611927,0.05,False
22,section_name,"Womens Nightwear, Socks & Tigh",1,20,0.05,0.034869240348692404,1.4339285714285714,0.05,False
22,section_name,Womens Lingerie,1,20,0.05,0.05765145410592631,0.8672808132147396,0.05,False
22,department_name,Tights basic,1,20,0.05,0.008277781847483701,6.040265486725664,0.05,False
22,department_name,Mama Lingerie,1,20,0.05,0.0019046223719874002,26.251923076923077,0.05,False
23,index_group_name,Ladieswear,19,20,0.95,0.5894806241301004,1.611588169504163,0.95,True
23,graphical_appearance_name,Solid,12,20,0.6,0.5812760969892315,1.032211720226843,0.6,True
23,section_name,Womens Tailoring,8,20,0.4,0.06343857592850341,6.305311778290993,0.4,False
23,section_name,Womens Everyday Collection,8,20,0.4,0.12218885063365321,3.273621103117506,0.4,True
23,product_type_name,Dress,6,20,0.3,0.11750054941029961,2.5531795511221946,0.3,False
23,product_group_name,Garment Upper body,6,20,0.3,0.38905574683173394,0.7710977217096592,0.3,False
23,product_group_name,Garment Full body,6,20,0.3,0.1304666324811369,2.299438517686693,0.3,False
23,product_group_name,Garment Lower body,6,20,0.3,0.2052596879349498,1.4615631691648823,0.3,False
23,colour_group_name,Black,6,20,0.3,0.28027250750860744,1.0703868269733403,0.3,False
23,perceived_colour_master_name,Black,6,20,0.3,0.28173760164090544,1.0648205928237129,0.3,False
23,perceived_colour_master_name,White,5,20,0.25,0.12797597245623032,1.9534917000572407,0.25,False
23,garment_group_name,Blouses,5,20,0.25,0.0860742802725075,2.904468085106383,0.25,False
23,garment_group_name,Dresses Ladies,5,20,0.25,0.06651527360632921,3.758535242290749,0.25,False
23,perceived_colour_master_name,Beige,4,20,0.2,0.08482895026005421,2.357685664939551,0.2,False
23,graphical_appearance_name,All over pattern,4,20,0.2,0.10709838107098381,1.8674418604651164,0.2,False
23,department_name,Blouse,4,20,0.2,0.043293531609405904,4.619627749576988,0.2,False
23,department_name,Dress,4,20,0.2,0.035894806241301,5.571836734693878,0.2,False
23,product_type_name,Blouse,3,20,0.15,0.045344663394623105,3.307996768982229,0.15,False
23,product_type_name,Skirt,3,20,0.15,0.033404146216394405,4.490460526315789,0.15,False
23,product_type_name,Trousers,3,20,0.15,0.1310526701340561,1.1445779765231974,0.15,False
23,colour_group_name,Beige,3,20,0.15,0.04585744634092741,3.2710063897763577,0.15,False
23,graphical_appearance_name,Other structure,3,20,0.15,0.022855468463848803,6.5629807692307685,0.15,False
23,garment_group_name,Knitwear,3,20,0.15,0.06695480184601861,2.2403172866520786,0.15,False
23,garment_group_name,Trousers,3,20,0.15,0.0825580543549923,1.8169032830523513,0.15,False
23,department_name,Knitwear,3,20,0.15,0.039557541572046,3.7919444444444443,0.15,False
23,colour_group_name,Off White,2,20,0.1,0.030180939125338802,3.313349514563107,0.1,False
23,colour_group_name,Light Beige,2,20,0.1,0.0478353234195297,2.090505359877489,0.1,False
23,colour_group_name,White,2,20,0.1,0.0960369203721339,1.041266209000763,0.1,False
23,garment_group_name,Skirts,2,20,0.1,0.0195590066661783,5.112734082397004,0.1,False
23,section_name,Womens Trend,2,20,0.1,0.030986740898102702,3.227186761229315,0.1,False
23,department_name,Skirt,2,20,0.1,0.011647498351769101,8.58553459119497,0.1,False
23,department_name,Trouser,2,20,0.1,0.0446121163284741,2.2415435139573074,0.1,False
23,product_type_name,Cardigan,1,20,0.05,0.014064903670060802,3.554947916666667,0.05,False
23,product_type_name,Blazer,1,20,0.05,0.014211413083290601,3.5182989690721653,0.05,False
23,product_type_name,Boots,1,20,0.05,0.009303347740092302,5.374409448818898,0.05,False
23,product_type_name,Sweater,1,20,0.05,0.0791883378507069,0.6314061054579094,0.05,False
23,product_type_name,Unknown,1,20,0.05,0.006080140649036701,8.223493975903615,0.05,False
23,product_group_name,Shoes,1,20,0.05,0.026957732034283203,1.8547554347826087,0.05,False
23,product_group_name,Unknown,1,20,0.05,0.006080140649036701,8.223493975903615,0.05,False
23,colour_group_name,Greenish Khaki,1,20,0.05,0.027910043220276903,1.7914698162729659,0.05,False
23,colour_group_name,Light Purple,1,20,0.05,0.008717310087173101,5.735714285714286,0.05,False
23,colour_group_name,Light Pink,1,20,0.05,0.036773862720679805,1.3596613545816734,0.05,False
23,colour_group_name,Yellowish Brown,1,20,0.05,0.0187532048934144,2.6662109375000003,0.05,False
23,colour_group_name,Red,1,20,0.05,0.009156838326862501,5.4604,0.05,False
23,perceived_colour_master_name,Khaki green,1,20,0.05,0.035015749761922205,1.427928870292887,0.05,False
23,perceived_colour_master_name,Lilac Purple,1,20,0.05,0.014724196029594901,3.395771144278607,0.05,False
23,perceived_colour_master_name,Pink,1,20,0.05,0.06702805655263351,0.7459562841530054,0.05,False
23,perceived_colour_master_name,Brown,1,20,0.05,0.026151930261519303,1.911904761904762,0.05,False
23,perceived_colour_master_name,Red,1,20,0.05,0.0232217419969233,2.1531545741324924,0.05,False
23,graphical_appearance_name,Contrast,1,20,0.05,0.0034429712109003002,14.522340425531917,0.05,False
23,garment_group_name,Dressed,1,20,0.05,0.013112592484067102,3.813128491620112,0.05,False
23,garment_group_name,Shoes,1,20,0.05,0.026811222621053402,1.8648907103825139,0.05,False
23,index_group_name,Divided,1,20,0.05,0.2062119991209435,0.2424689165186501,0.05,False
23,section_name,Divided Collection,1,20,0.05,0.10409493809977291,0.48033075299085154,0.05,False
23,section_name,Womens Shoes,1,20,0.05,0.023734524943227604,2.106635802469136,0.05,False
23,department_name,Trousers & Skirt,1,20,0.05,0.0028569335579811004,17.50128205128205,0.05,False
23,department_name,Suit jacket,1,20,0.05,0.0053475935828877,9.350000000000001,0.05,False
23,department_name,Blouse & Dress,1,20,0.05,0.013478866017141601,3.7095108695652175,0.05,False
23,department_name,Dresses,1,20,0.05,0.021024100798476303,2.3782229965156794,0.05,False
23,department_name,Boots,1,20,0.05,0.0066661783019559,7.500549450549451,0.05,False
24,index_group_name,Ladieswear,19,20,0.95,0.5894806241301004,1.611588169504163,0.95,True
24,graphical_appearance_name,Solid,10,20,0.5,0.5812760969892315,0.8601764335223693,0.5,True
24,section_name,Womens Tailoring,7,20,0.35,0.06343857592850341,5.517147806004618,0.35,False
24,section_name,Womens Everyday Collection,7,20,0.35,0.12218885063365321,2.8644184652278173,0.35,True
24,product_group_name,Garment Upper body,6,20,0.3,0.38905574683173394,0.7710977217096592,0.3,False
24,product_type_name,Dress,5,20,0.25,0.11750054941029961,2.1276496259351623,0.25,False
24,product_group_name,Garment Full body,5,20,0.25,0.1304666324811369,1.9161987647389107,0.25,False
24,product_group_name,Garment Lower body,5,20,0.25,0.2052596879349498,1.2179693076374019,0.25,False
24,colour_group_name,Black,5,20,0.25,0.28027250750860744,0.8919890224777836,0.25,False
24,perceived_colour_master_name,White,5,20,0.25,0.12797597245623032,1.9534917000572407,0.25,False
24,perceived_colour_master_name,Black,5,20,0.25,0.28173760164090544,0.8873504940197607,0.25,False
24,graphical_appearance_name,All over pattern,5,20,0.25,0.10709838107098381,2.3343023255813953,0.25,False
24,garment_group_name,Blouses,5,20,0.25,0.0860742802725075,2.904468085106383,0.25,False
24,perceived_colour_master_name,Beige,4,20,0.2,0.08482895026005421,2.357685664939551,0.2,False
24,garment_group_name,Dresses Ladies,4,20,0.2,0.06651527360632921,3.0068281938325994,0.2,False
24,department_name,Blouse,4,20,0.2,0.043293531609405904,4.619627749576988,0.2,False
24,product_type_name,Blouse,3,20,0.15,0.045344663394623105,3.307996768982229,0.15,False
24,product_type_name,Skirt,3,20,0.15,0.033404146216394405,4.490460526315789,0.15,False
24,colour_group_name,Off White,3,20,0.15,0.030180939125338802,4.97002427184466,0.15,False
24,colour_group_name,Beige,3,20,0.15,0.04585744634092741,3.2710063897763577,0.15,False
24,graphical_appearance_name,Other structure,3,20,0.15,0.022855468463848803,6.5629807692307685,0.15,False
24,department_name,Dress,3,20,0.15,0.035894806241301,4.178877551020408,0.15,False
24,product_type_name,Trousers,2,20,0.1,0.1310526701340561,0.7630519843487983,0.1,False
24,product_type_name,Boots,2,20,0.1,0.009303347740092302,10.748818897637795,0.1,False
24,product_group_name,Shoes,2,20,0.1,0.026957732034283203,3.7095108695652175,0.1,False
24,colour_group_name,Light Beige,2,20,0.1,0.0478353234195297,2.090505359877489,0.1,False
24,colour_group_name,Yellowish Brown,2,20,0.1,0.0187532048934144,5.3324218750000005,0.1,False
24,perceived_colour_master_name,Brown,2,20,0.1,0.026151930261519303,3.823809523809524,0.1,False
24,garment_group_name,Skirts,2,20,0.1,0.0195590066661783,5.112734082397004,0.1,False
24,garment_group_name,Trousers,2,20,0.1,0.0825580543549923,1.2112688553682343,0.1,False
24,garment_group_name,Knitwear,2,20,0.1,0.06695480184601861,1.4935448577680526,0.1,False
24,garment_group_name,Shoes,2,20,0.1,0.026811222621053402,3.7297814207650277,0.1,False
24,section_name,Womens Trend,2,20,0.1,0.030986740898102702,3.227186761229315,0.1,False
24,section_name,Womens Shoes,2,20,0.1,0.023734524943227604,4.213271604938272,0.1,False
24,department_name,Skirt,2,20,0.1,0.011647498351769101,8.58553459119497,0.1,False
24,department_name,Knitwear,2,20,0.1,0.039557541572046,2.527962962962963,0.1,False
24,department_name,Boots,2,20,0.1,0.0066661783019559,15.001098901098903,0.1,False
24,product_type_name,Cardigan,1,20,0.05,0.014064903670060802,3.554947916666667,0.05,False
24,product_type_name,Pyjama bottom,1,20,0.05,0.0025639147315215,19.501428571428573,0.05,False
24,product_type_name,Top,1,20,0.05,0.050692256977510806,0.9863439306358381,0.05,False
24,product_type_name,Blazer,1,20,0.05,0.014211413083290601,3.5182989690721653,0.05,False
24,product_type_name,Unknown,1,20,0.05,0.006080140649036701,8.223493975903615,0.05,False
24,product_group_name,Nightwear,1,20,0.05,0.009669621273166801,5.170833333333333,0.05,False
24,product_group_name,Unknown,1,20,0.05,0.006080140649036701,8.223493975903615,0.05,False
24,colour_group_name,Greenish Khaki,1,20,0.05,0.027910043220276903,1.7914698162729659,0.05,False
24,colour_group_name,Light Purple,1,20,0.05,0.008717310087173101,5.735714285714286,0.05,False
24,colour_group_name,Light Orange,1,20,0.05,0.014724196029594901,3.395771144278607,0.05,False
24,colour_group_name,Light Pink,1,20,0.05,0.036773862720679805,1.3596613545816734,0.05,False
24,colour_group_name,White,1,20,0.05,0.0960369203721339,0.5206331045003815,0.05,False
24,perceived_colour_master_name,Khaki green,1,20,0.05,0.035015749761922205,1.427928870292887,0.05,False
24,perceived_colour_master_name,Lilac Purple,1,20,0.05,0.014724196029594901,3.395771144278607,0.05,False
24,perceived_colour_master_name,Orange,1,20,0.05,0.0273972602739726,1.8250000000000002,0.05,False
24,perceived_colour_master_name,Pink,1,20,0.05,0.06702805655263351,0.7459562841530054,0.05,False
24,graphical_appearance_name,Contrast,1,20,0.05,0.0034429712109003002,14.522340425531917,0.05,False
24,graphical_appearance_name,Lace,1,20,0.05,0.012673064244377702,3.9453757225433526,0.05,False
24,garment_group_name,"Under-, Nightwear",1,20,0.05,0.08475569555343931,0.5899308556611927,0.05,False
24,garment_group_name,Jersey Fancy,1,20,0.05,0.16672771225551242,0.299890158172232,0.05,False
24,garment_group_name,Dressed,1,20,0.05,0.013112592484067102,3.813128491620112,0.05,False
24,index_group_name,Divided,1,20,0.05,0.2062119991209435,0.2424689165186501,0.05,False
24,section_name,"Womens Nightwear, Socks & Tigh",1,20,0.05,0.034869240348692404,1.4339285714285714,0.05,False
24,section_name,Divided Collection,1,20,0.05,0.10409493809977291,0.48033075299085154,0.05,False
24,department_name,Trousers & Skirt,1,20,0.05,0.0028569335579811004,17.50128205128205,0.05,False
24,department_name,Trouser,1,20,0.05,0.0446121163284741,1.1207717569786537,0.05,False
24,department_name,Blouse & Dress,1,20,0.05,0.013478866017141601,3.7095108695652175,0.05,False
24,department_name,Loungewear,1,20,0.05,0.009596366566551901,5.21030534351145,0.05,False
24,department_name,Jersey fancy,1,20,0.05,0.0247600908358362,2.0193786982248523,0.05,False
24,department_name,Dresses,1,20,0.05,0.021024100798476303,2.3782229965156794,0.05,False
24,department_name,Suit jacket,1,20,0.05,0.0053475935828877,9.350000000000001,0.05,False
25,index_group_name,Ladieswear,17,20,0.85,0.5894806241301004,1.4419473095563564,0.85,True
25,graphical_appearance_name,Solid,10,20,0.5,0.5812760969892315,0.8601764335223693,0.5,True
25,garment_group_name,"Under-, Nightwear",9,20,0.45,0.08475569555343931,5.309377700950734,0.45,True
25,section_name,Womens Lingerie,9,20,0.45,0.05765145410592631,7.805527318932656,0.45,False
25,product_type_name,Socks,8,20,0.4,0.0240275437696872,16.647560975609757,0.4,False
25,product_group_name,Socks & Tights,8,20,0.4,0.030766976778258005,13.00095238095238,0.4,False
25,product_group_name,Underwear,8,20,0.4,0.06768734891216761,5.909523809523809,0.4,False
25,garment_group_name,Socks and Tights,8,20,0.4,0.030254193831953703,13.22130750605327,0.4,False
25,section_name,"Womens Nightwear, Socks & Tigh",8,20,0.4,0.034869240348692404,11.471428571428572,0.4,False
25,department_name,Socks,8,20,0.4,0.0071057065416453005,56.292783505154645,0.4,False
25,product_type_name,Underwear bottom,5,20,0.25,0.031133250311332503,8.03,0.25,False
25,graphical_appearance_name,Glittering/Metallic,5,20,0.25,0.0055673577027324,44.9046052631579,0.25,False
25,colour_group_name,Black,4,20,0.2,0.28027250750860744,0.7135912179822269,0.2,False
25,colour_group_name,White,4,20,0.2,0.0960369203721339,2.082532418001526,0.2,False
25,perceived_colour_master_name,Black,4,20,0.2,0.28173760164090544,0.7098803952158086,0.2,False
25,perceived_colour_master_name,White,4,20,0.2,0.12797597245623032,1.5627933600457928,0.2,False
25,product_type_name,Bra,3,20,0.15,0.0326715991502454,4.591143497757847,0.15,False
25,product_group_name,Garment Upper body,3,20,0.15,0.38905574683173394,0.3855488608548296,0.15,False
25,perceived_colour_master_name,Pink,3,20,0.15,0.06702805655263351,2.237868852459016,0.15,False
25,graphical_appearance_name,All over pattern,3,20,0.15,0.10709838107098381,1.400581395348837,0.15,False
25,garment_group_name,Jersey Fancy,3,20,0.15,0.16672771225551242,0.8996704745166959,0.15,False
25,index_group_name,Sport,3,20,0.15,0.033111127389934804,4.5301991150442475,0.15,False
25,section_name,Ladies H&M Sport,3,20,0.15,0.0265182037945938,5.656491712707182,0.15,False
25,department_name,Casual Lingerie,3,20,0.15,0.017581129587576003,8.531875,0.15,False
25,department_name,Expressive Lingerie,3,20,0.15,0.018313676653725002,8.1906,0.15,False
25,department_name,Clean Lingerie,3,20,0.15,0.0107684418723903,13.929591836734694,0.15,False
25,department_name,Ladies Sport Bras,3,20,0.15,0.014943960149439602,10.0375,0.15,False
25,product_type_name,Top,2,20,0.1,0.050692256977510806,1.9726878612716763,0.1,False
25,colour_group_name,Light Blue,2,20,0.1,0.026957732034283203,3.7095108695652175,0.1,False
25,colour_group_name,Light Orange,2,20,0.1,0.014724196029594901,6.791542288557214,0.1,False
25,colour_group_name,Light Pink,2,20,0.1,0.036773862720679805,2.7193227091633467,0.1,False
25,colour_group_name,Yellowish Brown,2,20,0.1,0.0187532048934144,5.3324218750000005,0.1,False
25,perceived_colour_master_name,Blue,2,20,0.1,0.11933191707567212,0.8379987722529159,0.1,False
25,perceived_colour_master_name,Orange,2,20,0.1,0.0273972602739726,3.6500000000000004,0.1,False
25,perceived_colour_master_name,Brown,2,20,0.1,0.026151930261519303,3.823809523809524,0.1,False
25,product_type_name,Unknown,1,20,0.05,0.006080140649036701,8.223493975903615,0.05,False
25,product_type_name,Vest top,1,20,0.05,0.030107684418723902,1.660705596107056,0.05,False
25,product_group_name,Unknown,1,20,0.05,0.006080140649036701,8.223493975903615,0.05,False
25,colour_group_name,Green,1,20,0.05,0.009742875979781702,5.131954887218045,0.05,False
25,colour_group_name,Dark Pink,1,20,0.05,0.007911508314409201,6.319907407407407,0.05,False
25,colour_group_name,Beige,1,20,0.05,0.04585744634092741,1.0903354632587858,0.05,False
25,colour_group_name,Light Grey,1,20,0.05,0.014797450736209802,3.378960396039604,0.05,False
25,perceived_colour_master_name,Khaki green,1,20,0.05,0.035015749761922205,1.427928870292887,0.05,False
25,perceived_colour_master_name,Beige,1,20,0.05,0.08482895026005421,0.5894214162348878,0.05,False
25,perceived_colour_master_name,Grey,1,20,0.05,0.07113032012306791,0.7029351184346034,0.05,False
25,graphical_appearance_name,Melange,1,20,0.05,0.0617537176763607,0.8096678529062872,0.05,False
25,graphical_appearance_name,Other pattern,1,20,0.05,0.0015383488389129002,32.50238095238095,0.05,False
26,index_group_name,Ladieswear,19,20,0.95,0.5894806241301004,1.611588169504163,0.95,True
26,graphical_appearance_name,Solid,12,20,0.6,0.5812760969892315,1.032211720226843,0.6,True
26,section_name,Womens Tailoring,9,20,0.45,0.06343857592850341,7.093475750577367,0.45,True
26,section_name,Womens Everyday Collection,8,20,0.4,0.12218885063365321,3.273621103117506,0.4,False
26,product_group_name,Garment Lower body,7,20,0.35,0.2052596879349498,1.7051570306923627,0.35,False
26,product_type_name,Dress,6,20,0.3,0.11750054941029961,2.5531795511221946,0.3,False
26,product_group_name,Garment Upper body,6,20,0.3,0.38905574683173394,0.7710977217096592,0.3,False
26,product_group_name,Garment Full body,6,20,0.3,0.1304666324811369,2.299438517686693,0.3,False
26,colour_group_name,Black,5,20,0.25,0.28027250750860744,0.8919890224777836,0.25,False
26,perceived_colour_master_name,Black,5,20,0.25,0.28173760164090544,0.8873504940197607,0.25,False
26,perceived_colour_master_name,Beige,5,20,0.25,0.08482895026005421,2.9471070811744386,0.25,False
26,garment_group_name,Blouses,5,20,0.25,0.0860742802725075,2.904468085106383,0.25,False
26,garment_group_name,Dresses Ladies,5,20,0.25,0.06651527360632921,3.758535242290749,0.25,False
26,product_type_name,Trousers,4,20,0.2,0.1310526701340561,1.5261039686975966,0.2,False
26,colour_group_name,Beige,4,20,0.2,0.04585744634092741,4.361341853035143,0.2,False
26,perceived_colour_master_name,White,4,20,0.2,0.12797597245623032,1.5627933600457928,0.2,False
26,garment_group_name,Trousers,4,20,0.2,0.0825580543549923,2.4225377107364685,0.2,False
26,department_name,Blouse,4,20,0.2,0.043293531609405904,4.619627749576988,0.2,False
26,department_name,Dress,4,20,0.2,0.035894806241301,5.571836734693878,0.2,False
26,product_type_name,Blouse,3,20,0.15,0.045344663394623105,3.307996768982229,0.15,False
26,product_type_name,Skirt,3,20,0.15,0.033404146216394405,4.490460526315789,0.15,False
26,graphical_appearance_name,Other structure,3,20,0.15,0.022855468463848803,6.5629807692307685,0.15,False
26,graphical_appearance_name,All over pattern,3,20,0.15,0.10709838107098381,1.400581395348837,0.15,False
26,department_name,Trouser,3,20,0.15,0.0446121163284741,3.3623152709359605,0.15,False
26,product_type_name,Blazer,2,20,0.1,0.014211413083290601,7.036597938144331,0.1,False
26,colour_group_name,Off White,2,20,0.1,0.030180939125338802,3.313349514563107,0.1,False
26,colour_group_name,Light Beige,2,20,0.1,0.0478353234195297,2.090505359877489,0.1,False
26,garment_group_name,Skirts,2,20,0.1,0.0195590066661783,5.112734082397004,0.1,False
26,garment_group_name,Knitwear,2,20,0.1,0.06695480184601861,1.4935448577680526,0.1,False
26,garment_group_name,Dressed,2,20,0.1,0.013112592484067102,7.626256983240224,0.1,False
26,section_name,Womens Trend,2,20,0.1,0.030986740898102702,3.227186761229315,0.1,False
26,department_name,Skirt,2,20,0.1,0.011647498351769101,8.58553459119497,0.1,False
26,department_name,Knitwear,2,20,0.1,0.039557541572046,2.527962962962963,0.1,False
26,product_type_name,Cardigan,1,20,0.05,0.014064903670060802,3.554947916666667,0.05,False
26,product_type_name,Unknown,1,20,0.05,0.006080140649036701,8.223493975903615,0.05,False
26,product_group_name,Unknown,1,20,0.05,0.006080140649036701,8.223493975903615,0.05,False
26,colour_group_name,Greenish Khaki,1,20,0.05,0.027910043220276903,1.7914698162729659,0.05,False
26,colour_group_name,Light Purple,1,20,0.05,0.008717310087173101,5.735714285714286,0.05,False
26,colour_group_name,Light Pink,1,20,0.05,0.036773862720679805,1.3596613545816734,0.05,False
26,colour_group_name,Yellowish Brown,1,20,0.05,0.0187532048934144,2.6662109375000003,0.05,False
26,colour_group_name,White,1,20,0.05,0.0960369203721339,0.5206331045003815,0.05,False
26,colour_group_name,Dark Red,1,20,0.05,0.0128195736576075,3.900285714285715,0.05,False
26,colour_group_name,Dark Beige,1,20,0.05,0.012966083070837301,3.856214689265537,0.05,False
26,perceived_colour_master_name,Khaki green,1,20,0.05,0.035015749761922205,1.427928870292887,0.05,False
26,perceived_colour_master_name,Lilac Purple,1,20,0.05,0.014724196029594901,3.395771144278607,0.05,False
26,perceived_colour_master_name,Pink,1,20,0.05,0.06702805655263351,0.7459562841530054,0.05,False
26,perceived_colour_master_name,Brown,1,20,0.05,0.026151930261519303,1.911904761904762,0.05,False
26,perceived_colour_master_name,Mole,1,20,0.05,0.021097355505091203,2.3699652777777778,0.05,False
26,perceived_colour_master_name,Red,1,20,0.05,0.0232217419969233,2.1531545741324924,0.05,False
26,graphical_appearance_name,Contrast,1,20,0.05,0.0034429712109003002,14.522340425531917,0.05,False
26,graphical_appearance_name,Check,1,20,0.05,0.023001977877078604,2.1737261146496816,0.05,False
26,index_group_name,Divided,1,20,0.05,0.2062119991209435,0.2424689165186501,0.05,False
26,section_name,Divided Collection,1,20,0.05,0.10409493809977291,0.48033075299085154,0.05,False
26,department_name,Trousers & Skirt,1,20,0.05,0.0028569335579811004,17.50128205128205,0.05,False
26,department_name,Suit jacket,1,20,0.05,0.0053475935828877,9.350000000000001,0.05,False
26,department_name,Blouse & Dress,1,20,0.05,0.013478866017141601,3.7095108695652175,0.05,False
26,department_name,Dresses,1,20,0.05,0.021024100798476303,2.3782229965156794,0.05,False
26,department_name,Suit,1,20,0.05,0.0057871218225771,8.63987341772152,0.05,False
27,index_group_name,Ladieswear,17,20,0.85,0.5894806241301004,1.4419473095563564,0.85,True
27,graphical_appearance_name,Solid,11,20,0.55,0.5812760969892315,0.9461940768746062,0.55,True
27,garment_group_name,"Under-, Nightwear",9,20,0.45,0.08475569555343931,5.309377700950734,0.45,True
27,section_name,Womens Lingerie,9,20,0.45,0.05765145410592631,7.805527318932656,0.45,False
27,product_type_name,Socks,8,20,0.4,0.0240275437696872,16.647560975609757,0.4,False
27,product_group_name,Socks & Tights,8,20,0.4,0.030766976778258005,13.00095238095238,0.4,False
27,product_group_name,Underwear,8,20,0.4,0.06768734891216761,5.909523809523809,0.4,False
27,garment_group_name,Socks and Tights,8,20,0.4,0.030254193831953703,13.22130750605327,0.4,False
27,section_name,"Womens Nightwear, Socks & Tigh",8,20,0.4,0.034869240348692404,11.471428571428572,0.4,False
27,department_name,Socks,8,20,0.4,0.0071057065416453005,56.292783505154645,0.4,False
27,product_type_name,Underwear bottom,5,20,0.25,0.031133250311332503,8.03,0.25,False
27,graphical_appearance_name,Glittering/Metallic,5,20,0.25,0.0055673577027324,44.9046052631579,0.25,False
27,colour_group_name,Black,4,20,0.2,0.28027250750860744,0.7135912179822269,0.2,False
27,perceived_colour_master_name,Black,4,20,0.2,0.28173760164090544,0.7098803952158086,0.2,False
27,department_name,Clean Lingerie,4,20,0.2,0.0107684418723903,18.57278911564626,0.2,False
27,product_type_name,Bra,3,20,0.15,0.0326715991502454,4.591143497757847,0.15,False
27,product_group_name,Garment Upper body,3,20,0.15,0.38905574683173394,0.3855488608548296,0.15,False
27,colour_group_name,White,3,20,0.15,0.0960369203721339,1.561899313501144,0.15,False
27,perceived_colour_master_name,Pink,3,20,0.15,0.06702805655263351,2.237868852459016,0.15,False
27,perceived_colour_master_name,White,3,20,0.15,0.12797597245623032,1.1720950200343445,0.15,False
27,graphical_appearance_name,All over pattern,3,20,0.15,0.10709838107098381,1.400581395348837,0.15,False
27,garment_group_name,Jersey Fancy,3,20,0.15,0.16672771225551242,0.8996704745166959,0.15,False
27,index_group_name,Sport,3,20,0.15,0.033111127389934804,4.5301991150442475,0.15,False
27,section_name,Ladies H&M Sport,3,20,0.15,0.0265182037945938,5.656491712707182,0.15,False
27,department_name,Expressive Lingerie,3,20,0.15,0.018313676653725002,8.1906,0.15,False
27,department_name,Ladies Sport Bras,3,20,0.15,0.014943960149439602,10.0375,0.15,False
27,product_type_name,Top,2,20,0.1,0.050692256977510806,1.9726878612716763,0.1,False
27,colour_group_name,Beige,2,20,0.1,0.04585744634092741,2.1806709265175717,0.1,False
27,colour_group_name,Light Blue,2,20,0.1,0.026957732034283203,3.7095108695652175,0.1,False
27,colour_group_name,Light Orange,2,20,0.1,0.014724196029594901,6.791542288557214,0.1,False
27,colour_group_name,Light Pink,2,20,0.1,0.036773862720679805,2.7193227091633467,0.1,False
27,colour_group_name,Yellowish Brown,2,20,0.1,0.0187532048934144,5.3324218750000005,0.1,False
27,perceived_colour_master_name,Beige,2,20,0.1,0.08482895026005421,1.1788428324697755,0.1,False
27,perceived_colour_master_name,Blue,2,20,0.1,0.11933191707567212,0.8379987722529159,0.1,False
27,perceived_colour_master_name,Orange,2,20,0.1,0.0273972602739726,3.6500000000000004,0.1,False
27,perceived_colour_master_name,Brown,2,20,0.1,0.026151930261519303,3.823809523809524,0.1,False
27,department_name,Casual Lingerie,2,20,0.1,0.017581129587576003,5.687916666666666,0.1,False
27,product_type_name,Unknown,1,20,0.05,0.006080140649036701,8.223493975903615,0.05,False
27,product_type_name,Vest top,1,20,0.05,0.030107684418723902,1.660705596107056,0.05,False
27,product_group_name,Unknown,1,20,0.05,0.006080140649036701,8.223493975903615,0.05,False
27,colour_group_name,Green,1,20,0.05,0.009742875979781702,5.131954887218045,0.05,False
27,colour_group_name,Dark Pink,1,20,0.05,0.007911508314409201,6.319907407407407,0.05,False
27,colour_group_name,Light Grey,1,20,0.05,0.014797450736209802,3.378960396039604,0.05,False
27,perceived_colour_master_name,Khaki green,1,20,0.05,0.035015749761922205,1.427928870292887,0.05,False
27,perceived_colour_master_name,Grey,1,20,0.05,0.07113032012306791,0.7029351184346034,0.05,False
27,graphical_appearance_name,Other pattern,1,20,0.05,0.0015383488389129002,32.50238095238095,0.05,False
28,product_group_name,Garment Upper body,19,20,0.95,0.38905574683173394,2.4418094520805873,0.95,True
28,index_group_name,Menswear,18,20,0.9,0.10438795692623251,8.621684210526317,0.9,True
28,garment_group_name,Jersey Basic,16,20,0.8,0.09003003442971211,8.88592351505289,0.8,True
28,section_name,Men Underwear,15,20,0.75,0.0358215515346861,20.93711656441718,0.75,False
28,graphical_appearance_name,Solid,14,20,0.7,0.5812760969892315,1.204247006931317,0.7,False
28,department_name,Heavy Basic Jersey,12,20,0.6,0.006080140649036701,98.68192771084337,0.6,False
28,product_type_name,Sweater,10,20,0.5,0.0791883378507069,6.314061054579094,0.5,False
28,product_type_name,Hoodie,4,20,0.2,0.0206578272654018,9.681560283687944,0.2,False
28,product_type_name,T-shirt,4,20,0.2,0.05757819939931141,3.4735368956743002,0.2,False
28,colour_group_name,Dark Green,4,20,0.2,0.018533440773569703,10.791304347826086,0.2,False
28,colour_group_name,Black,4,20,0.2,0.28027250750860744,0.7135912179822269,0.2,False
28,perceived_colour_master_name,Black,4,20,0.2,0.28173760164090544,0.7098803952158086,0.2,False
28,graphical_appearance_name,Melange,4,20,0.2,0.0617537176763607,3.2386714116251487,0.2,False
28,perceived_colour_master_name,Green,3,20,0.15,0.027910043220276903,5.374409448818898,0.15,False
28,perceived_colour_master_name,Grey,3,20,0.15,0.07113032012306791,2.10880535530381,0.15,False
28,perceived_colour_master_name,Blue,3,20,0.15,0.11933191707567212,1.2569981583793737,0.15,False
28,department_name,Light Basic Jersey,3,20,0.15,0.013771884843601201,10.891755319148936,0.15,False
28,colour_group_name,Grey,2,20,0.1,0.031059995604717602,3.2195754716981133,0.1,False
28,colour_group_name,Yellowish Brown,2,20,0.1,0.0187532048934144,5.3324218750000005,0.1,False
28,colour_group_name,White,2,20,0.1,0.0960369203721339,1.041266209000763,0.1,False
28,perceived_colour_master_name,Brown,2,20,0.1,0.026151930261519303,3.823809523809524,0.1,False
28,perceived_colour_master_name,White,2,20,0.1,0.12797597245623032,0.7813966800228964,0.1,False
28,garment_group_name,Knitwear,2,20,0.1,0.06695480184601861,1.4935448577680526,0.1,False
28,section_name,Contemporary Smart,2,20,0.1,0.0180206578272654,5.549186991869919,0.1,False
28,department_name,Knitwear,2,20,0.1,0.039557541572046,2.527962962962963,0.1,False
28,product_type_name,Shirt,1,20,0.05,0.031646033257636805,1.5799768518518518,0.05,False
28,product_type_name,Trousers,1,20,0.05,0.1310526701340561,0.38152599217439914,0.05,False
28,product_group_name,Garment Lower body,1,20,0.05,0.2052596879349498,0.2435938615274804,0.05,False
28,colour_group_name,Light Beige,1,20,0.05,0.0478353234195297,1.0452526799387445,0.05,False
28,colour_group_name,Dark Grey,1,20,0.05,0.029375137352574902,1.70211970074813,0.05,False
28,colour_group_name,Dark Blue,1,20,0.05,0.058970038824994506,0.847888198757764,0.05,False
28,colour_group_name,Blue,1,20,0.05,0.033330891509779505,1.5001098901098902,0.05,False
28,colour_group_name,Light Blue,1,20,0.05,0.026957732034283203,1.8547554347826087,0.05,False
28,colour_group_name,Beige,1,20,0.05,0.04585744634092741,1.0903354632587858,0.05,False
28,perceived_colour_master_name,Beige,1,20,0.05,0.08482895026005421,0.5894214162348878,0.05,False
28,perceived_colour_master_name,Khaki green,1,20,0.05,0.035015749761922205,1.427928870292887,0.05,False
28,perceived_colour_master_name,Mole,1,20,0.05,0.021097355505091203,2.3699652777777778,0.05,False
28,graphical_appearance_name,Check,1,20,0.05,0.023001977877078604,2.1737261146496816,0.05,False
28,graphical_appearance_name,Denim,1,20,0.05,0.074719800747198,0.6691666666666668,0.05,False
28,garment_group_name,Blouses,1,20,0.05,0.0860742802725075,0.5808936170212766,0.05,False
28,garment_group_name,Trousers Denim,1,20,0.05,0.0430737674895612,1.1607993197278912,0.05,False
28,index_group_name,Ladieswear,1,20,0.05,0.5894806241301004,0.08482042997390332,0.05,False
28,index_group_name,Divided,1,20,0.05,0.2062119991209435,0.2424689165186501,0.05,False
28,section_name,Womens Casual,1,20,0.05,0.039557541572046,1.2639814814814816,0.05,False
28,section_name,Denim Men,1,20,0.05,0.0085708006739433,5.833760683760684,0.05,False
28,section_name,Divided Basics,1,20,0.05,0.03208556149732621,1.5583333333333333,0.05,False
28,department_name,Blouse,1,20,0.05,0.043293531609405904,1.154906937394247,0.05,False
28,department_name,Denim trousers,1,20,0.05,0.007984763021024101,6.261926605504587,0.05,False
28,department_name,Basic 1,1,20,0.05,0.029228627939345102,1.7106516290726819,0.05,False
29,product_group_name,Garment Upper body,19,20,0.95,0.38905574683173394,2.4418094520805873,0.95,True
29,index_group_name,Menswear,18,20,0.9,0.10438795692623251,8.621684210526317,0.9,True
29,garment_group_name,Jersey Basic,16,20,0.8,0.09003003442971211,8.88592351505289,0.8,True
29,section_name,Men Underwear,15,20,0.75,0.0358215515346861,20.93711656441718,0.75,False
29,graphical_appearance_name,Solid,14,20,0.7,0.5812760969892315,1.204247006931317,0.7,False
29,department_name,Heavy Basic Jersey,12,20,0.6,0.006080140649036701,98.68192771084337,0.6,False
29,product_type_name,Sweater,9,20,0.45,0.0791883378507069,5.682654949121185,0.45,False
29,product_type_name,Hoodie,5,20,0.25,0.0206578272654018,12.10195035460993,0.25,False
29,colour_group_name,Black,5,20,0.25,0.28027250750860744,0.8919890224777836,0.25,False
29,perceived_colour_master_name,Black,5,20,0.25,0.28173760164090544,0.8873504940197607,0.25,False
29,product_type_name,T-shirt,4,20,0.2,0.05757819939931141,3.4735368956743002,0.2,False
29,graphical_appearance_name,Melange,4,20,0.2,0.0617537176763607,3.2386714116251487,0.2,False
29,colour_group_name,Dark Green,3,20,0.15,0.018533440773569703,8.093478260869565,0.15,False
29,perceived_colour_master_name,Green,3,20,0.15,0.027910043220276903,5.374409448818898,0.15,False
29,perceived_colour_master_name,Grey,3,20,0.15,0.07113032012306791,2.10880535530381,0.15,False
29,perceived_colour_master_name,Blue,3,20,0.15,0.11933191707567212,1.2569981583793737,0.15,False
29,department_name,Light Basic Jersey,3,20,0.15,0.013771884843601201,10.891755319148936,0.15,False
29,colour_group_name,Grey,2,20,0.1,0.031059995604717602,3.2195754716981133,0.1,False
29,colour_group_name,Yellowish Brown,2,20,0.1,0.0187532048934144,5.3324218750000005,0.1,False
29,colour_group_name,White,2,20,0.1,0.0960369203721339,1.041266209000763,0.1,False
29,perceived_colour_master_name,Brown,2,20,0.1,0.026151930261519303,3.823809523809524,0.1,False
29,perceived_colour_master_name,White,2,20,0.1,0.12797597245623032,0.7813966800228964,0.1,False
29,garment_group_name,Knitwear,2,20,0.1,0.06695480184601861,1.4935448577680526,0.1,False
29,section_name,Contemporary Smart,2,20,0.1,0.0180206578272654,5.549186991869919,0.1,False
29,department_name,Knitwear,2,20,0.1,0.039557541572046,2.527962962962963,0.1,False
29,product_type_name,Shirt,1,20,0.05,0.031646033257636805,1.5799768518518518,0.05,False
29,product_type_name,Trousers,1,20,0.05,0.1310526701340561,0.38152599217439914,0.05,False
29,product_group_name,Garment Lower body,1,20,0.05,0.2052596879349498,0.2435938615274804,0.05,False
29,colour_group_name,Light Beige,1,20,0.05,0.0478353234195297,1.0452526799387445,0.05,False
29,colour_group_name,Dark Grey,1,20,0.05,0.029375137352574902,1.70211970074813,0.05,False
29,colour_group_name,Dark Blue,1,20,0.05,0.058970038824994506,0.847888198757764,0.05,False
29,colour_group_name,Light Blue,1,20,0.05,0.026957732034283203,1.8547554347826087,0.05,False
29,colour_group_name,Blue,1,20,0.05,0.033330891509779505,1.5001098901098902,0.05,False
29,colour_group_name,Beige,1,20,0.05,0.04585744634092741,1.0903354632587858,0.05,False
29,perceived_colour_master_name,Beige,1,20,0.05,0.08482895026005421,0.5894214162348878,0.05,False
29,perceived_colour_master_name,Mole,1,20,0.05,0.021097355505091203,2.3699652777777778,0.05,False
29,graphical_appearance_name,Check,1,20,0.05,0.023001977877078604,2.1737261146496816,0.05,False
29,graphical_appearance_name,Denim,1,20,0.05,0.074719800747198,0.6691666666666668,0.05,False
29,garment_group_name,Blouses,1,20,0.05,0.0860742802725075,0.5808936170212766,0.05,False
29,garment_group_name,Trousers Denim,1,20,0.05,0.0430737674895612,1.1607993197278912,0.05,False
29,index_group_name,Ladieswear,1,20,0.05,0.5894806241301004,0.08482042997390332,0.05,False
29,index_group_name,Divided,1,20,0.05,0.2062119991209435,0.2424689165186501,0.05,False
29,section_name,Womens Casual,1,20,0.05,0.039557541572046,1.2639814814814816,0.05,False
29,section_name,Denim Men,1,20,0.05,0.0085708006739433,5.833760683760684,0.05,False
29,section_name,Divided Basics,1,20,0.05,0.03208556149732621,1.5583333333333333,0.05,False
29,department_name,Blouse,1,20,0.05,0.043293531609405904,1.154906937394247,0.05,False
29,department_name,Denim trousers,1,20,0.05,0.007984763021024101,6.261926605504587,0.05,False
29,department_name,Basic 1,1,20,0.05,0.029228627939345102,1.7106516290726819,0.05,False
30,index_group_name,Ladieswear,20,20,1.0,0.5894806241301004,1.6964085994780662,1.0,True
30,section_name,Womens Tailoring,20,20,1.0,0.06343857592850341,15.763279445727482,1.0,True
30,product_group_name,Garment Upper body,16,20,0.8,0.38905574683173394,2.056260591225758,0.8,True
30,graphical_appearance_name,Solid,15,20,0.75,0.5812760969892315,1.290264650283554,0.75,False
30,product_type_name,Top,11,20,0.55,0.050692256977510806,10.84978323699422,0.55,False
30,garment_group_name,Jersey Fancy,11,20,0.55,0.16672771225551242,3.2987917398945523,0.55,False
30,department_name,Jersey,11,20,0.55,0.060801406490367006,9.045843373493977,0.55,False
30,product_type_name,Blazer,4,20,0.2,0.014211413083290601,14.073195876288661,0.2,False
30,product_group_name,Garment Lower body,4,20,0.2,0.2052596879349498,0.9743754461099216,0.2,False
30,colour_group_name,Dark Green,4,20,0.2,0.018533440773569703,10.791304347826086,0.2,False
30,graphical_appearance_name,Other structure,4,20,0.2,0.022855468463848803,8.750641025641025,0.2,False
30,garment_group_name,Dressed,4,20,0.2,0.013112592484067102,15.252513966480448,0.2,False
30,department_name,Suit,4,20,0.2,0.0057871218225771,34.55949367088608,0.2,False
30,colour_group_name,Dark Blue,3,20,0.15,0.058970038824994506,2.543664596273292,0.15,False
30,perceived_colour_master_name,Turquoise,3,20,0.15,0.009230093033477401,16.251190476190473,0.15,False
30,perceived_colour_master_name,Blue,3,20,0.15,0.11933191707567212,1.2569981583793737,0.15,False
30,perceived_colour_master_name,Khaki green,3,20,0.15,0.035015749761922205,4.283786610878661,0.15,False
30,perceived_colour_master_name,Beige,3,20,0.15,0.08482895026005421,1.768264248704663,0.15,False
30,product_type_name,Skirt,2,20,0.1,0.033404146216394405,2.993640350877193,0.1,False
30,product_type_name,Trousers,2,20,0.1,0.1310526701340561,0.7630519843487983,0.1,False
30,colour_group_name,Black,2,20,0.1,0.28027250750860744,0.35679560899111346,0.1,False
30,colour_group_name,Dark Turquoise,2,20,0.1,0.0027104241447513003,36.894594594594594,0.1,False
30,colour_group_name,Grey,2,20,0.1,0.031059995604717602,3.2195754716981133,0.1,False
30,colour_group_name,Light Beige,2,20,0.1,0.0478353234195297,2.090505359877489,0.1,False
30,perceived_colour_master_name,Green,2,20,0.1,0.027910043220276903,3.5829396325459317,0.1,False
30,perceived_colour_master_name,Black,2,20,0.1,0.28173760164090544,0.3549401976079043,0.1,False
30,perceived_colour_master_name,Grey,2,20,0.1,0.07113032012306791,1.4058702368692069,0.1,False
30,garment_group_name,Skirts,2,20,0.1,0.0195590066661783,5.112734082397004,0.1,False
30,garment_group_name,Trousers,2,20,0.1,0.0825580543549923,1.2112688553682343,0.1,False
30,department_name,Skirt,2,20,0.1,0.011647498351769101,8.58553459119497,0.1,False
30,department_name,Trouser,2,20,0.1,0.0446121163284741,2.2415435139573074,0.1,False
30,product_type_name,Blouse,1,20,0.05,0.045344663394623105,1.1026655896607431,0.05,False
30,colour_group_name,Turquoise,1,20,0.05,0.0028569335579811004,17.50128205128205,0.05,False
30,colour_group_name,Dark Red,1,20,0.05,0.0128195736576075,3.900285714285715,0.05,False
30,colour_group_name,Greenish Khaki,1,20,0.05,0.027910043220276903,1.7914698162729659,0.05,False
30,colour_group_name,White,1,20,0.05,0.0960369203721339,0.5206331045003815,0.05,False
30,colour_group_name,Dark Beige,1,20,0.05,0.012966083070837301,3.856214689265537,0.05,False
30,perceived_colour_master_name,Red,1,20,0.05,0.0232217419969233,2.1531545741324924,0.05,False
30,perceived_colour_master_name,White,1,20,0.05,0.12797597245623032,0.3906983400114482,0.05,False
30,graphical_appearance_name,All over pattern,1,20,0.05,0.10709838107098381,0.4668604651162791,0.05,False
30,garment_group_name,Blouses,1,20,0.05,0.0860742802725075,0.5808936170212766,0.05,False
30,department_name,Blouse,1,20,0.05,0.043293531609405904,1.154906937394247,0.05,False
31,index_group_name,Ladieswear,20,20,1.0,0.5894806241301004,1.6964085994780662,1.0,True
31,section_name,Mama,18,20,0.9,0.023294996703538202,38.63490566037736,0.9,True
31,graphical_appearance_name,Solid,12,20,0.6,0.5812760969892315,1.032211720226843,0.6,True
31,product_group_name,Garment Lower body,11,20,0.55,0.2052596879349498,2.6795324768022843,0.55,False
31,garment_group_name,Jersey Fancy,11,20,0.55,0.16672771225551242,3.2987917398945523,0.55,False
31,department_name,Jersey,11,20,0.55,0.060801406490367006,9.045843373493977,0.55,False
31,colour_group_name,Black,9,20,0.45,0.28027250750860744,1.6055802404600104,0.45,False
31,perceived_colour_master_name,Black,9,20,0.45,0.28173760164090544,1.5972308892355693,0.45,False
31,product_type_name,Trousers,6,20,0.3,0.1310526701340561,2.2891559530463947,0.3,False
31,product_group_name,Garment Upper body,6,20,0.3,0.38905574683173394,0.7710977217096592,0.3,False
31,garment_group_name,Trousers,5,20,0.25,0.0825580543549923,3.0281721384205857,0.25,False
31,department_name,Woven bottoms,5,20,0.25,0.009669621273166801,25.854166666666664,0.25,False
31,product_type_name,Leggings/Tights,4,20,0.2,0.018313676653725002,10.9208,0.2,False
31,graphical_appearance_name,Denim,4,20,0.2,0.074719800747198,2.676666666666667,0.2,False
31,colour_group_name,Dark Blue,3,20,0.15,0.058970038824994506,2.543664596273292,0.15,False
31,perceived_colour_master_name,White,3,20,0.15,0.12797597245623032,1.1720950200343445,0.15,False
31,perceived_colour_master_name,Grey,3,20,0.15,0.07113032012306791,2.10880535530381,0.15,False
31,product_type_name,Top,2,20,0.1,0.050692256977510806,1.9726878612716763,0.1,False
31,product_type_name,T-shirt,2,20,0.1,0.05757819939931141,1.7367684478371501,0.1,False
31,product_type_name,Sweater,2,20,0.1,0.0791883378507069,1.2628122109158189,0.1,False
31,colour_group_name,White,2,20,0.1,0.0960369203721339,1.041266209000763,0.1,False
31,colour_group_name,Grey,2,20,0.1,0.031059995604717602,3.2195754716981133,0.1,False
31,perceived_colour_master_name,Blue,2,20,0.1,0.11933191707567212,0.8379987722529159,0.1,False
31,graphical_appearance_name,Melange,2,20,0.1,0.0617537176763607,1.6193357058125744,0.1,False
31,graphical_appearance_name,Stripe,2,20,0.1,0.030034429712109,3.3295121951219517,0.1,False
31,garment_group_name,Knitwear,2,20,0.1,0.06695480184601861,1.4935448577680526,0.1,False
31,department_name,Knitwear,2,20,0.1,0.039557541572046,2.527962962962963,0.1,False
31,product_type_name,Underwear Tights,1,20,0.05,0.006739433008570801,7.419021739130435,0.05,False
31,product_type_name,Underwear bottom,1,20,0.05,0.031133250311332503,1.606,0.05,False
31,product_type_name,Dress,1,20,0.05,0.11750054941029961,0.4255299251870325,0.05,False
31,product_type_name,Skirt,1,20,0.05,0.033404146216394405,1.4968201754385966,0.05,False
31,product_group_name,Socks & Tights,1,20,0.05,0.030766976778258005,1.6251190476190476,0.05,False
31,product_group_name,Underwear,1,20,0.05,0.06768734891216761,0.7386904761904761,0.05,False
31,product_group_name,Garment Full body,1,20,0.05,0.1304666324811369,0.3832397529477822,0.05,False
31,colour_group_name,Dark Orange,1,20,0.05,0.009230093033477401,5.417063492063492,0.05,False
31,colour_group_name,Off White,1,20,0.05,0.030180939125338802,1.6566747572815534,0.05,False
31,colour_group_name,Pink,1,20,0.05,0.021024100798476303,2.3782229965156794,0.05,False
31,colour_group_name,Dark Grey,1,20,0.05,0.029375137352574902,1.70211970074813,0.05,False
31,perceived_colour_master_name,Red,1,20,0.05,0.0232217419969233,2.1531545741324924,0.05,False
31,perceived_colour_master_name,Pink,1,20,0.05,0.06702805655263351,0.7459562841530054,0.05,False
31,perceived_colour_master_name,Lilac Purple,1,20,0.05,0.014724196029594901,3.395771144278607,0.05,False
31,garment_group_name,Socks and Tights,1,20,0.05,0.030254193831953703,1.6526634382566587,0.05,False
31,garment_group_name,"Under-, Nightwear",1,20,0.05,0.08475569555343931,0.5899308556611927,0.05,False
31,section_name,"Womens Nightwear, Socks & Tigh",1,20,0.05,0.034869240348692404,1.4339285714285714,0.05,False
31,section_name,Womens Lingerie,1,20,0.05,0.05765145410592631,0.8672808132147396,0.05,False
31,department_name,Tights basic,1,20,0.05,0.008277781847483701,6.040265486725664,0.05,False
31,department_name,Mama Lingerie,1,20,0.05,0.0019046223719874002,26.251923076923077,0.05,False
32,index_group_name,Ladieswear,19,20,0.95,0.5894806241301004,1.611588169504163,0.95,True
32,graphical_appearance_name,Solid,10,20,0.5,0.5812760969892315,0.8601764335223693,0.5,True
32,section_name,Womens Tailoring,9,20,0.45,0.06343857592850341,7.093475750577367,0.45,True
32,product_group_name,Garment Upper body,7,20,0.35,0.38905574683173394,0.8996140086612691,0.35,False
32,product_group_name,Garment Lower body,7,20,0.35,0.2052596879349498,1.7051570306923627,0.35,False
32,section_name,Womens Everyday Collection,7,20,0.35,0.12218885063365321,2.8644184652278173,0.35,False
32,product_type_name,Dress,5,20,0.25,0.11750054941029961,2.1276496259351623,0.25,False
32,product_group_name,Garment Full body,5,20,0.25,0.1304666324811369,1.9161987647389107,0.25,False
32,product_type_name,Trousers,4,20,0.2,0.1310526701340561,1.5261039686975966,0.2,False
32,colour_group_name,Black,4,20,0.2,0.28027250750860744,0.7135912179822269,0.2,False
32,colour_group_name,Beige,4,20,0.2,0.04585744634092741,4.361341853035143,0.2,False
32,perceived_colour_master_name,White,4,20,0.2,0.12797597245623032,1.5627933600457928,0.2,False
32,perceived_colour_master_name,Black,4,20,0.2,0.28173760164090544,0.7098803952158086,0.2,False
32,perceived_colour_master_name,Beige,4,20,0.2,0.08482895026005421,2.357685664939551,0.2,False
32,graphical_appearance_name,All over pattern,4,20,0.2,0.10709838107098381,1.8674418604651164,0.2,False
32,garment_group_name,Blouses,4,20,0.2,0.0860742802725075,2.3235744680851065,0.2,False
32,garment_group_name,Dresses Ladies,4,20,0.2,0.06651527360632921,3.0068281938325994,0.2,False
32,garment_group_name,Trousers,4,20,0.2,0.0825580543549923,2.4225377107364685,0.2,False
32,product_type_name,Blouse,3,20,0.15,0.045344663394623105,3.307996768982229,0.15,False
32,product_type_name,Skirt,3,20,0.15,0.033404146216394405,4.490460526315789,0.15,False
32,colour_group_name,Off White,3,20,0.15,0.030180939125338802,4.97002427184466,0.15,False
32,graphical_appearance_name,Other structure,3,20,0.15,0.022855468463848803,6.5629807692307685,0.15,False
32,department_name,Blouse,3,20,0.15,0.043293531609405904,3.464720812182741,0.15,False
32,department_name,Dress,3,20,0.15,0.035894806241301,4.178877551020408,0.15,False
32,department_name,Trouser,3,20,0.15,0.0446121163284741,3.3623152709359605,0.15,False
32,product_type_name,Blazer,2,20,0.1,0.014211413083290601,7.036597938144331,0.1,False
32,colour_group_name,Light Beige,2,20,0.1,0.0478353234195297,2.090505359877489,0.1,False
32,colour_group_name,Yellowish Brown,2,20,0.1,0.0187532048934144,5.3324218750000005,0.1,False
32,perceived_colour_master_name,Red,2,20,0.1,0.0232217419969233,4.306309148264985,0.1,False
32,perceived_colour_master_name,Brown,2,20,0.1,0.026151930261519303,3.823809523809524,0.1,False
32,garment_group_name,Skirts,2,20,0.1,0.0195590066661783,5.112734082397004,0.1,False
32,garment_group_name,Knitwear,2,20,0.1,0.06695480184601861,1.4935448577680526,0.1,False
32,garment_group_name,Dressed,2,20,0.1,0.013112592484067102,7.626256983240224,0.1,False
32,section_name,Womens Trend,2,20,0.1,0.030986740898102702,3.227186761229315,0.1,False
32,department_name,Skirt,2,20,0.1,0.011647498351769101,8.58553459119497,0.1,False
32,department_name,Knitwear,2,20,0.1,0.039557541572046,2.527962962962963,0.1,False
32,product_type_name,Cardigan,1,20,0.05,0.014064903670060802,3.554947916666667,0.05,False
32,product_type_name,Boots,1,20,0.05,0.009303347740092302,5.374409448818898,0.05,False
32,product_type_name,Top,1,20,0.05,0.050692256977510806,0.9863439306358381,0.05,False
32,product_group_name,Shoes,1,20,0.05,0.026957732034283203,1.8547554347826087,0.05,False
32,colour_group_name,Greenish Khaki,1,20,0.05,0.027910043220276903,1.7914698162729659,0.05,False
32,colour_group_name,Light Purple,1,20,0.05,0.008717310087173101,5.735714285714286,0.05,False
32,colour_group_name,Red,1,20,0.05,0.009156838326862501,5.4604,0.05,False
32,colour_group_name,Dark Red,1,20,0.05,0.0128195736576075,3.900285714285715,0.05,False
32,colour_group_name,Light Pink,1,20,0.05,0.036773862720679805,1.3596613545816734,0.05,False
32,perceived_colour_master_name,Khaki green,1,20,0.05,0.035015749761922205,1.427928870292887,0.05,False
32,perceived_colour_master_name,Lilac Purple,1,20,0.05,0.014724196029594901,3.395771144278607,0.05,False
32,perceived_colour_master_name,Pink,1,20,0.05,0.06702805655263351,0.7459562841530054,0.05,False
32,perceived_colour_master_name,Mole,1,20,0.05,0.021097355505091203,2.3699652777777778,0.05,False
32,graphical_appearance_name,Contrast,1,20,0.05,0.0034429712109003002,14.522340425531917,0.05,False
32,graphical_appearance_name,Check,1,20,0.05,0.023001977877078604,2.1737261146496816,0.05,False
32,graphical_appearance_name,Lace,1,20,0.05,0.012673064244377702,3.9453757225433526,0.05,False
32,garment_group_name,Shoes,1,20,0.05,0.026811222621053402,1.8648907103825139,0.05,False
32,garment_group_name,Jersey Fancy,1,20,0.05,0.16672771225551242,0.299890158172232,0.05,False
32,index_group_name,Divided,1,20,0.05,0.2062119991209435,0.2424689165186501,0.05,False
32,section_name,Divided Collection,1,20,0.05,0.10409493809977291,0.48033075299085154,0.05,False
32,section_name,Womens Shoes,1,20,0.05,0.023734524943227604,2.106635802469136,0.05,False
32,department_name,Trousers & Skirt,1,20,0.05,0.0028569335579811004,17.50128205128205,0.05,False
32,department_name,Dresses,1,20,0.05,0.021024100798476303,2.3782229965156794,0.05,False
32,department_name,Suit jacket,1,20,0.05,0.0053475935828877,9.350000000000001,0.05,False
32,department_name,Suit,1,20,0.05,0.0057871218225771,8.63987341772152,0.05,False
32,department_name,Blouse & Dress,1,20,0.05,0.013478866017141601,3.7095108695652175,0.05,False
32,department_name,Boots,1,20,0.05,0.0066661783019559,7.500549450549451,0.05,False
32,department_name,Jersey fancy,1,20,0.05,0.0247600908358362,2.0193786982248523,0.05,False
33,index_group_name,Ladieswear,19,20,0.95,0.5894806241301004,1.611588169504163,0.95,True
33,graphical_appearance_name,Solid,12,20,0.6,0.5812760969892315,1.032211720226843,0.6,True
33,section_name,Womens Everyday Collection,9,20,0.45,0.12218885063365321,3.6828237410071942,0.45,True
33,product_group_name,Garment Lower body,7,20,0.35,0.2052596879349498,1.7051570306923627,0.35,False
33,section_name,Womens Tailoring,7,20,0.35,0.06343857592850341,5.517147806004618,0.35,False
33,product_group_name,Garment Upper body,6,20,0.3,0.38905574683173394,0.7710977217096592,0.3,False
33,perceived_colour_master_name,White,6,20,0.3,0.12797597245623032,2.344190040068689,0.3,False
33,colour_group_name,Black,5,20,0.25,0.28027250750860744,0.8919890224777836,0.25,False
33,perceived_colour_master_name,Black,5,20,0.25,0.28173760164090544,0.8873504940197607,0.25,False
33,product_type_name,Dress,4,20,0.2,0.11750054941029961,1.70211970074813,0.2,False
33,product_type_name,Trousers,4,20,0.2,0.1310526701340561,1.5261039686975966,0.2,False
33,product_group_name,Garment Full body,4,20,0.2,0.1304666324811369,1.5329590117911287,0.2,False
33,colour_group_name,Beige,4,20,0.2,0.04585744634092741,4.361341853035143,0.2,False
33,perceived_colour_master_name,Beige,4,20,0.2,0.08482895026005421,2.357685664939551,0.2,False
33,garment_group_name,Dresses Ladies,4,20,0.2,0.06651527360632921,3.0068281938325994,0.2,False
33,garment_group_name,Trousers,4,20,0.2,0.0825580543549923,2.4225377107364685,0.2,False
33,product_type_name,Skirt,3,20,0.15,0.033404146216394405,4.490460526315789,0.15,False
33,colour_group_name,Off White,3,20,0.15,0.030180939125338802,4.97002427184466,0.15,False
33,graphical_appearance_name,Other structure,3,20,0.15,0.022855468463848803,6.5629807692307685,0.15,False
33,graphical_appearance_name,All over pattern,3,20,0.15,0.10709838107098381,1.400581395348837,0.15,False
33,garment_group_name,Blouses,3,20,0.15,0.0860742802725075,1.7426808510638299,0.15,False
33,garment_group_name,Knitwear,3,20,0.15,0.06695480184601861,2.2403172866520786,0.15,False
33,department_name,Blouse,3,20,0.15,0.043293531609405904,3.464720812182741,0.15,False
33,department_name,Dress,3,20,0.15,0.035894806241301,4.178877551020408,0.15,False
33,department_name,Trouser,3,20,0.15,0.0446121163284741,3.3623152709359605,0.15,False
33,department_name,Knitwear,3,20,0.15,0.039557541572046,3.7919444444444443,0.15,False
33,product_type_name,Blouse,2,20,0.1,0.045344663394623105,2.2053311793214863,0.1,False
33,colour_group_name,Light Beige,2,20,0.1,0.0478353234195297,2.090505359877489,0.1,False
33,colour_group_name,White,2,20,0.1,0.0960369203721339,1.041266209000763,0.1,False
33,garment_group_name,Skirts,2,20,0.1,0.0195590066661783,5.112734082397004,0.1,False
33,department_name,Skirt,2,20,0.1,0.011647498351769101,8.58553459119497,0.1,False
33,product_type_name,Blazer,1,20,0.05,0.014211413083290601,3.5182989690721653,0.05,False
33,product_type_name,Cardigan,1,20,0.05,0.014064903670060802,3.554947916666667,0.05,False
33,product_type_name,Pyjama bottom,1,20,0.05,0.0025639147315215,19.501428571428573,0.05,False
33,product_type_name,Sweater,1,20,0.05,0.0791883378507069,0.6314061054579094,0.05,False
33,product_type_name,Boots,1,20,0.05,0.009303347740092302,5.374409448818898,0.05,False
33,product_type_name,Unknown,1,20,0.05,0.006080140649036701,8.223493975903615,0.05,False
33,product_type_name,Top,1,20,0.05,0.050692256977510806,0.9863439306358381,0.05,False
33,product_group_name,Nightwear,1,20,0.05,0.009669621273166801,5.170833333333333,0.05,False
33,product_group_name,Shoes,1,20,0.05,0.026957732034283203,1.8547554347826087,0.05,False
33,product_group_name,Unknown,1,20,0.05,0.006080140649036701,8.223493975903615,0.05,False
33,colour_group_name,Greenish Khaki,1,20,0.05,0.027910043220276903,1.7914698162729659,0.05,False
33,colour_group_name,Light Purple,1,20,0.05,0.008717310087173101,5.735714285714286,0.05,False
33,colour_group_name,Light Orange,1,20,0.05,0.014724196029594901,3.395771144278607,0.05,False
33,colour_group_name,Red,1,20,0.05,0.009156838326862501,5.4604,0.05,False
33,perceived_colour_master_name,Khaki green,1,20,0.05,0.035015749761922205,1.427928870292887,0.05,False
33,perceived_colour_master_name,Lilac Purple,1,20,0.05,0.014724196029594901,3.395771144278607,0.05,False
33,perceived_colour_master_name,Orange,1,20,0.05,0.0273972602739726,1.8250000000000002,0.05,False
33,perceived_colour_master_name,Red,1,20,0.05,0.0232217419969233,2.1531545741324924,0.05,False
33,perceived_colour_master_name,Mole,1,20,0.05,0.021097355505091203,2.3699652777777778,0.05,False
33,graphical_appearance_name,Contrast,1,20,0.05,0.0034429712109003002,14.522340425531917,0.05,False
33,graphical_appearance_name,Lace,1,20,0.05,0.012673064244377702,3.9453757225433526,0.05,False
33,garment_group_name,Dressed,1,20,0.05,0.013112592484067102,3.813128491620112,0.05,False
33,garment_group_name,"Under-, Nightwear",1,20,0.05,0.08475569555343931,0.5899308556611927,0.05,False
33,garment_group_name,Shoes,1,20,0.05,0.026811222621053402,1.8648907103825139,0.05,False
33,garment_group_name,Jersey Fancy,1,20,0.05,0.16672771225551242,0.299890158172232,0.05,False
33,index_group_name,Divided,1,20,0.05,0.2062119991209435,0.2424689165186501,0.05,False
33,section_name,Womens Trend,1,20,0.05,0.030986740898102702,1.6135933806146574,0.05,False
33,section_name,"Womens Nightwear, Socks & Tigh",1,20,0.05,0.034869240348692404,1.4339285714285714,0.05,False
33,section_name,Womens Shoes,1,20,0.05,0.023734524943227604,2.106635802469136,0.05,False
33,section_name,Divided Collection,1,20,0.05,0.10409493809977291,0.48033075299085154,0.05,False
33,department_name,Trousers & Skirt,1,20,0.05,0.0028569335579811004,17.50128205128205,0.05,False
33,department_name,Suit jacket,1,20,0.05,0.0053475935828877,9.350000000000001,0.05,False
33,department_name,Loungewear,1,20,0.05,0.009596366566551901,5.21030534351145,0.05,False
33,department_name,Boots,1,20,0.05,0.0066661783019559,7.500549450549451,0.05,False
33,department_name,Dresses,1,20,0.05,0.021024100798476303,2.3782229965156794,0.05,False
33,department_name,Jersey fancy,1,20,0.05,0.0247600908358362,2.0193786982248523,0.05,False
34,index_group_name,Ladieswear,19,20,0.95,0.5894806241301004,1.611588169504163,0.95,True
34,graphical_appearance_name,Solid,10,20,0.5,0.5812760969892315,0.8601764335223693,0.5,True
34,section_name,Womens Everyday Collection,8,20,0.4,0.12218885063365321,3.273621103117506,0.4,True
34,section_name,Womens Tailoring,7,20,0.35,0.06343857592850341,5.517147806004618,0.35,False
34,product_type_name,Dress,6,20,0.3,0.11750054941029961,2.5531795511221946,0.3,False
34,product_group_name,Garment Upper body,6,20,0.3,0.38905574683173394,0.7710977217096592,0.3,False
34,product_group_name,Garment Full body,6,20,0.3,0.1304666324811369,2.299438517686693,0.3,False
34,colour_group_name,Black,6,20,0.3,0.28027250750860744,1.0703868269733403,0.3,False
34,perceived_colour_master_name,Black,6,20,0.3,0.28173760164090544,1.0648205928237129,0.3,False
34,product_group_name,Garment Lower body,5,20,0.25,0.2052596879349498,1.2179693076374019,0.25,False
34,perceived_colour_master_name,White,5,20,0.25,0.12797597245623032,1.9534917000572407,0.25,False
34,graphical_appearance_name,All over pattern,5,20,0.25,0.10709838107098381,2.3343023255813953,0.25,False
34,garment_group_name,Blouses,5,20,0.25,0.0860742802725075,2.904468085106383,0.25,False
34,garment_group_name,Dresses Ladies,5,20,0.25,0.06651527360632921,3.758535242290749,0.25,False
34,perceived_colour_master_name,Beige,4,20,0.2,0.08482895026005421,2.357685664939551,0.2,False
34,department_name,Blouse,4,20,0.2,0.043293531609405904,4.619627749576988,0.2,False
34,department_name,Dress,4,20,0.2,0.035894806241301,5.571836734693878,0.2,False
34,product_type_name,Blouse,3,20,0.15,0.045344663394623105,3.307996768982229,0.15,False
34,product_type_name,Skirt,3,20,0.15,0.033404146216394405,4.490460526315789,0.15,False
34,colour_group_name,Off White,3,20,0.15,0.030180939125338802,4.97002427184466,0.15,False
34,colour_group_name,Beige,3,20,0.15,0.04585744634092741,3.2710063897763577,0.15,False
34,graphical_appearance_name,Other structure,3,20,0.15,0.022855468463848803,6.5629807692307685,0.15,False
34,product_type_name,Trousers,2,20,0.1,0.1310526701340561,0.7630519843487983,0.1,False
34,product_type_name,Boots,2,20,0.1,0.009303347740092302,10.748818897637795,0.1,False
34,product_group_name,Shoes,2,20,0.1,0.026957732034283203,3.7095108695652175,0.1,False
34,colour_group_name,Light Beige,2,20,0.1,0.0478353234195297,2.090505359877489,0.1,False
34,colour_group_name,Yellowish Brown,2,20,0.1,0.0187532048934144,5.3324218750000005,0.1,False
34,perceived_colour_master_name,Brown,2,20,0.1,0.026151930261519303,3.823809523809524,0.1,False
34,garment_group_name,Skirts,2,20,0.1,0.0195590066661783,5.112734082397004,0.1,False
34,garment_group_name,Knitwear,2,20,0.1,0.06695480184601861,1.4935448577680526,0.1,False
34,garment_group_name,Trousers,2,20,0.1,0.0825580543549923,1.2112688553682343,0.1,False
34,garment_group_name,Shoes,2,20,0.1,0.026811222621053402,3.7297814207650277,0.1,False
34,section_name,Womens Trend,2,20,0.1,0.030986740898102702,3.227186761229315,0.1,False
34,section_name,Womens Shoes,2,20,0.1,0.023734524943227604,4.213271604938272,0.1,False
34,department_name,Skirt,2,20,0.1,0.011647498351769101,8.58553459119497,0.1,False
34,department_name,Knitwear,2,20,0.1,0.039557541572046,2.527962962962963,0.1,False
34,department_name,Boots,2,20,0.1,0.0066661783019559,15.001098901098903,0.1,False
34,product_type_name,Cardigan,1,20,0.05,0.014064903670060802,3.554947916666667,0.05,False
34,product_type_name,Blazer,1,20,0.05,0.014211413083290601,3.5182989690721653,0.05,False
34,product_type_name,Top,1,20,0.05,0.050692256977510806,0.9863439306358381,0.05,False
34,product_type_name,Unknown,1,20,0.05,0.006080140649036701,8.223493975903615,0.05,False
34,product_group_name,Unknown,1,20,0.05,0.006080140649036701,8.223493975903615,0.05,False
34,colour_group_name,Greenish Khaki,1,20,0.05,0.027910043220276903,1.7914698162729659,0.05,False
34,colour_group_name,Light Purple,1,20,0.05,0.008717310087173101,5.735714285714286,0.05,False
34,colour_group_name,Light Pink,1,20,0.05,0.036773862720679805,1.3596613545816734,0.05,False
34,colour_group_name,White,1,20,0.05,0.0960369203721339,0.5206331045003815,0.05,False
34,perceived_colour_master_name,Khaki green,1,20,0.05,0.035015749761922205,1.427928870292887,0.05,False
34,perceived_colour_master_name,Lilac Purple,1,20,0.05,0.014724196029594901,3.395771144278607,0.05,False
34,perceived_colour_master_name,Pink,1,20,0.05,0.06702805655263351,0.7459562841530054,0.05,False
34,graphical_appearance_name,Contrast,1,20,0.05,0.0034429712109003002,14.522340425531917,0.05,False
34,graphical_appearance_name,Lace,1,20,0.05,0.012673064244377702,3.9453757225433526,0.05,False
34,garment_group_name,Dressed,1,20,0.05,0.013112592484067102,3.813128491620112,0.05,False
34,garment_group_name,Jersey Fancy,1,20,0.05,0.16672771225551242,0.299890158172232,0.05,False
34,index_group_name,Divided,1,20,0.05,0.2062119991209435,0.2424689165186501,0.05,False
34,section_name,Divided Collection,1,20,0.05,0.10409493809977291,0.48033075299085154,0.05,False
34,department_name,Trouser,1,20,0.05,0.0446121163284741,1.1207717569786537,0.05,False
34,department_name,Trousers & Skirt,1,20,0.05,0.0028569335579811004,17.50128205128205,0.05,False
34,department_name,Blouse & Dress,1,20,0.05,0.013478866017141601,3.7095108695652175,0.05,False
34,department_name,Suit jacket,1,20,0.05,0.0053475935828877,9.350000000000001,0.05,False
34,department_name,Dresses,1,20,0.05,0.021024100798476303,2.3782229965156794,0.05,False
34,department_name,Jersey fancy,1,20,0.05,0.0247600908358362,2.0193786982248523,0.05,False
35,index_group_name,Ladieswear,15,20,0.75,0.5894806241301004,1.2723064496085497,0.75,True
35,product_group_name,Swimwear,12,20,0.6,0.0397773056918907,15.083977900552485,0.6,False
35,garment_group_name,Swimwear,12,20,0.6,0.038531975679437405,15.57148288973384,0.6,True
35,section_name,"Womens Swimwear, beachwear",12,20,0.6,0.0374331550802139,16.02857142857143,0.6,False
35,department_name,Swimwear,12,20,0.6,0.038531975679437405,15.57148288973384,0.6,True
35,graphical_appearance_name,All over pattern,9,20,0.45,0.10709838107098381,4.201744186046512,0.45,False
35,colour_group_name,Black,8,20,0.4,0.28027250750860744,1.4271824359644538,0.4,False
35,perceived_colour_master_name,Black,8,20,0.4,0.28173760164090544,1.4197607904316172,0.4,False
35,graphical_appearance_name,Solid,8,20,0.4,0.5812760969892315,0.6881411468178954,0.4,False
35,product_type_name,Bikini top,7,20,0.35,0.0171416013478866,20.418162393162394,0.35,False
35,product_type_name,Swimwear bottom,5,20,0.25,0.016702073108197203,14.968201754385964,0.25,False
35,colour_group_name,Light Blue,5,20,0.25,0.026957732034283203,9.273777173913043,0.25,False
35,perceived_colour_master_name,Blue,5,20,0.25,0.11933191707567212,2.0949969306322895,0.25,False
35,index_group_name,Divided,5,20,0.25,0.2062119991209435,1.2123445825932504,0.25,False
35,section_name,Divided Collection,4,20,0.2,0.10409493809977291,1.9213230119634062,0.2,False
35,product_group_name,Garment Full body,3,20,0.15,0.1304666324811369,1.1497192588433465,0.15,False
35,product_group_name,Garment Lower body,3,20,0.15,0.2052596879349498,0.7307815845824411,0.15,False
35,product_type_name,Dress,2,20,0.1,0.11750054941029961,0.851059850374065,0.1,False
35,product_type_name,Shorts,2,20,0.1,0.022049666691084904,4.535215946843854,0.1,False
35,product_group_name,Garment Upper body,2,20,0.1,0.38905574683173394,0.25703257390321976,0.1,False
35,colour_group_name,Dark Orange,2,20,0.1,0.009230093033477401,10.834126984126984,0.1,False
35,colour_group_name,Yellow,2,20,0.1,0.011354479525309501,8.807096774193548,0.1,False
35,perceived_colour_master_name,Orange,2,20,0.1,0.0273972602739726,3.6500000000000004,0.1,False
35,perceived_colour_master_name,Yellow,2,20,0.1,0.022635704344004103,4.4177993527508095,0.1,False
35,graphical_appearance_name,Denim,2,20,0.1,0.074719800747198,1.3383333333333336,0.1,False
35,garment_group_name,Dresses Ladies,2,20,0.1,0.06651527360632921,1.5034140969162997,0.1,False
35,garment_group_name,Blouses,2,20,0.1,0.0860742802725075,1.1617872340425532,0.1,False
35,section_name,Womens Tailoring,2,20,0.1,0.06343857592850341,1.5763279445727483,0.1,False
35,department_name,Tops Woven,2,20,0.1,0.015236978975899202,6.562980769230769,0.1,False
35,product_type_name,Vest top,1,20,0.05,0.030107684418723902,1.660705596107056,0.05,False
35,product_type_name,Skirt,1,20,0.05,0.033404146216394405,1.4968201754385966,0.05,False
35,product_type_name,Jumpsuit/Playsuit,1,20,0.05,0.005933631235806901,8.426543209876543,0.05,False
35,product_type_name,Blouse,1,20,0.05,0.045344663394623105,1.1026655896607431,0.05,False
35,colour_group_name,Green,1,20,0.05,0.009742875979781702,5.131954887218045,0.05,False
35,colour_group_name,Turquoise,1,20,0.05,0.0028569335579811004,17.50128205128205,0.05,False
35,colour_group_name,Light Beige,1,20,0.05,0.0478353234195297,1.0452526799387445,0.05,False
35,perceived_colour_master_name,Green,1,20,0.05,0.027910043220276903,1.7914698162729659,0.05,False
35,perceived_colour_master_name,Turquoise,1,20,0.05,0.009230093033477401,5.417063492063492,0.05,False
35,perceived_colour_master_name,Beige,1,20,0.05,0.08482895026005421,0.5894214162348878,0.05,False
35,graphical_appearance_name,Stripe,1,20,0.05,0.030034429712109,1.6647560975609759,0.05,False
35,garment_group_name,Skirts,1,20,0.05,0.0195590066661783,2.556367041198502,0.05,False
35,garment_group_name,Trousers Denim,1,20,0.05,0.0430737674895612,1.1607993197278912,0.05,False
35,garment_group_name,Jersey Fancy,1,20,0.05,0.16672771225551242,0.299890158172232,0.05,False
35,garment_group_name,Shorts,1,20,0.05,0.014064903670060802,3.554947916666667,0.05,False
35,section_name,Ladies Denim,1,20,0.05,0.028862354406270604,1.7323604060913707,0.05,False
35,section_name,Womens Casual,1,20,0.05,0.039557541572046,1.2639814814814816,0.05,False
35,department_name,Dress,1,20,0.05,0.035894806241301,1.3929591836734696,0.05,False
35,department_name,Skirts,1,20,0.05,0.007838253607794301,6.378971962616823,0.05,False
35,department_name,Dresses,1,20,0.05,0.021024100798476303,2.3782229965156794,0.05,False
35,department_name,Denim Other Garments,1,20,0.05,0.0066661783019559,7.500549450549451,0.05,False
35,department_name,Jersey,1,20,0.05,0.060801406490367006,0.8223493975903615,0.05,False
35,department_name,Shorts & Skirts,1,20,0.05,0.0033697165042854004,14.83804347826087,0.05,False
36,index_group_name,Ladieswear,19,20,0.95,0.5894806241301004,1.611588169504163,0.95,True
36,graphical_appearance_name,Solid,12,20,0.6,0.5812760969892315,1.032211720226843,0.6,True
36,section_name,Womens Everyday Collection,10,20,0.5,0.12218885063365321,4.0920263788968825,0.5,True
36,section_name,Womens Tailoring,7,20,0.35,0.06343857592850341,5.517147806004618,0.35,False
36,product_type_name,Dress,6,20,0.3,0.11750054941029961,2.5531795511221946,0.3,False
36,product_group_name,Garment Upper body,6,20,0.3,0.38905574683173394,0.7710977217096592,0.3,False
36,product_group_name,Garment Full body,6,20,0.3,0.1304666324811369,2.299438517686693,0.3,False
36,product_group_name,Garment Lower body,6,20,0.3,0.2052596879349498,1.4615631691648823,0.3,False
36,colour_group_name,Black,6,20,0.3,0.28027250750860744,1.0703868269733403,0.3,False
36,perceived_colour_master_name,Black,6,20,0.3,0.28173760164090544,1.0648205928237129,0.3,False
36,perceived_colour_master_name,White,5,20,0.25,0.12797597245623032,1.9534917000572407,0.25,False
36,garment_group_name,Blouses,5,20,0.25,0.0860742802725075,2.904468085106383,0.25,False
36,garment_group_name,Dresses Ladies,5,20,0.25,0.06651527360632921,3.758535242290749,0.25,False
36,product_type_name,Skirt,4,20,0.2,0.033404146216394405,5.987280701754386,0.2,False
36,graphical_appearance_name,All over pattern,4,20,0.2,0.10709838107098381,1.8674418604651164,0.2,False
36,garment_group_name,Knitwear,4,20,0.2,0.06695480184601861,2.987089715536105,0.2,False
36,department_name,Blouse,4,20,0.2,0.043293531609405904,4.619627749576988,0.2,False
36,department_name,Dress,4,20,0.2,0.035894806241301,5.571836734693878,0.2,False
36,department_name,Knitwear,4,20,0.2,0.039557541572046,5.055925925925926,0.2,False
36,product_type_name,Blouse,3,20,0.15,0.045344663394623105,3.307996768982229,0.15,False
36,colour_group_name,Beige,3,20,0.15,0.04585744634092741,3.2710063897763577,0.15,False
36,perceived_colour_master_name,Beige,3,20,0.15,0.08482895026005421,1.768264248704663,0.15,False
36,product_type_name,Trousers,2,20,0.1,0.1310526701340561,0.7630519843487983,0.1,False
36,colour_group_name,Off White,2,20,0.1,0.030180939125338802,3.313349514563107,0.1,False
36,colour_group_name,Light Beige,2,20,0.1,0.0478353234195297,2.090505359877489,0.1,False
36,colour_group_name,White,2,20,0.1,0.0960369203721339,1.041266209000763,0.1,False
36,graphical_appearance_name,Other structure,2,20,0.1,0.022855468463848803,4.375320512820513,0.1,False
36,garment_group_name,Skirts,2,20,0.1,0.0195590066661783,5.112734082397004,0.1,False
36,garment_group_name,Trousers,2,20,0.1,0.0825580543549923,1.2112688553682343,0.1,False
36,department_name,Skirt,2,20,0.1,0.011647498351769101,8.58553459119497,0.1,False
36,department_name,Trouser,2,20,0.1,0.0446121163284741,2.2415435139573074,0.1,False
36,product_type_name,Blazer,1,20,0.05,0.014211413083290601,3.5182989690721653,0.05,False
36,product_type_name,Cardigan,1,20,0.05,0.014064903670060802,3.554947916666667,0.05,False
36,product_type_name,Unknown,1,20,0.05,0.006080140649036701,8.223493975903615,0.05,False
36,product_type_name,Sweater,1,20,0.05,0.0791883378507069,0.6314061054579094,0.05,False
36,product_type_name,Boots,1,20,0.05,0.009303347740092302,5.374409448818898,0.05,False
36,product_group_name,Unknown,1,20,0.05,0.006080140649036701,8.223493975903615,0.05,False
36,product_group_name,Shoes,1,20,0.05,0.026957732034283203,1.8547554347826087,0.05,False
36,colour_group_name,Greenish Khaki,1,20,0.05,0.027910043220276903,1.7914698162729659,0.05,False
36,colour_group_name,Light Purple,1,20,0.05,0.008717310087173101,5.735714285714286,0.05,False
36,colour_group_name,Grey,1,20,0.05,0.031059995604717602,1.6097877358490567,0.05,False
36,colour_group_name,Light Pink,1,20,0.05,0.036773862720679805,1.3596613545816734,0.05,False
36,colour_group_name,Yellowish Brown,1,20,0.05,0.0187532048934144,2.6662109375000003,0.05,False
36,perceived_colour_master_name,Khaki green,1,20,0.05,0.035015749761922205,1.427928870292887,0.05,False
36,perceived_colour_master_name,Lilac Purple,1,20,0.05,0.014724196029594901,3.395771144278607,0.05,False
36,perceived_colour_master_name,Mole,1,20,0.05,0.021097355505091203,2.3699652777777778,0.05,False
36,perceived_colour_master_name,Grey,1,20,0.05,0.07113032012306791,0.7029351184346034,0.05,False
36,perceived_colour_master_name,Pink,1,20,0.05,0.06702805655263351,0.7459562841530054,0.05,False
36,perceived_colour_master_name,Brown,1,20,0.05,0.026151930261519303,1.911904761904762,0.05,False
36,graphical_appearance_name,Contrast,1,20,0.05,0.0034429712109003002,14.522340425531917,0.05,False
36,graphical_appearance_name,Melange,1,20,0.05,0.0617537176763607,0.8096678529062872,0.05,False
36,garment_group_name,Dressed,1,20,0.05,0.013112592484067102,3.813128491620112,0.05,False
36,garment_group_name,Shoes,1,20,0.05,0.026811222621053402,1.8648907103825139,0.05,False
36,index_group_name,Divided,1,20,0.05,0.2062119991209435,0.2424689165186501,0.05,False
36,section_name,Womens Shoes,1,20,0.05,0.023734524943227604,2.106635802469136,0.05,False
36,section_name,Divided Collection,1,20,0.05,0.10409493809977291,0.48033075299085154,0.05,False
36,section_name,Womens Trend,1,20,0.05,0.030986740898102702,1.6135933806146574,0.05,False
36,department_name,Suit jacket,1,20,0.05,0.0053475935828877,9.350000000000001,0.05,False
36,department_name,Boots,1,20,0.05,0.0066661783019559,7.500549450549451,0.05,False
36,department_name,Dresses,1,20,0.05,0.021024100798476303,2.3782229965156794,0.05,False
36,department_name,Blouse & Dress,1,20,0.05,0.013478866017141601,3.7095108695652175,0.05,False
37,index_group_name,Divided,19,20,0.95,0.2062119991209435,4.606909413854352,0.95,True
37,graphical_appearance_name,Solid,12,20,0.6,0.5812760969892315,1.032211720226843,0.6,True
37,product_type_name,Trousers,10,20,0.5,0.1310526701340561,3.815259921743991,0.5,False
37,product_group_name,Garment Lower body,10,20,0.5,0.2052596879349498,2.4359386152748037,0.5,True
37,product_group_name,Garment Upper body,9,20,0.45,0.38905574683173394,1.156646582564489,0.45,False
37,garment_group_name,Jersey Basic,9,20,0.45,0.09003003442971211,4.99833197721725,0.45,False
37,garment_group_name,Trousers,8,20,0.4,0.0825580543549923,4.845075421472937,0.4,False
37,section_name,Divided Collection,8,20,0.4,0.10409493809977291,3.8426460239268123,0.4,False
37,section_name,Divided Basics,8,20,0.4,0.03208556149732621,12.466666666666667,0.4,False
37,department_name,Trousers,8,20,0.4,0.0164823089883525,24.268444444444444,0.4,False
37,department_name,Basic 1,8,20,0.4,0.029228627939345102,13.685213032581455,0.4,False
37,perceived_colour_master_name,Blue,7,20,0.35,0.11933191707567212,2.932995702885205,0.35,False
37,perceived_colour_master_name,Grey,5,20,0.25,0.07113032012306791,3.5146755921730173,0.25,False
37,product_type_name,T-shirt,4,20,0.2,0.05757819939931141,3.4735368956743002,0.2,False
37,colour_group_name,Dark Blue,4,20,0.2,0.058970038824994506,3.391552795031056,0.2,False
37,colour_group_name,Black,4,20,0.2,0.28027250750860744,0.7135912179822269,0.2,False
37,colour_group_name,Grey,4,20,0.2,0.031059995604717602,6.439150943396227,0.2,False
37,perceived_colour_master_name,Black,4,20,0.2,0.28173760164090544,0.7098803952158086,0.2,False
37,product_type_name,Top,3,20,0.15,0.050692256977510806,2.959031791907514,0.15,False
37,colour_group_name,Blue,3,20,0.15,0.033330891509779505,4.50032967032967,0.15,False
37,graphical_appearance_name,Embroidery,3,20,0.15,0.012087026591458501,12.41,0.15,False
37,graphical_appearance_name,Denim,3,20,0.15,0.074719800747198,2.0075000000000003,0.15,False
37,garment_group_name,Trousers Denim,3,20,0.15,0.0430737674895612,3.4823979591836736,0.15,False
37,section_name,Ladies Denim,3,20,0.15,0.028862354406270604,5.1970812182741115,0.15,False
37,department_name,Denim Trousers,3,20,0.15,0.0171416013478866,8.750641025641025,0.15,False
37,product_type_name,Sweater,2,20,0.1,0.0791883378507069,1.2628122109158189,0.1,False
37,colour_group_name,Greenish Khaki,2,20,0.1,0.027910043220276903,3.5829396325459317,0.1,False
37,perceived_colour_master_name,Khaki green,2,20,0.1,0.035015749761922205,2.855857740585774,0.1,False
37,graphical_appearance_name,Melange,2,20,0.1,0.0617537176763607,1.6193357058125744,0.1,False
37,product_type_name,Unknown,1,20,0.05,0.006080140649036701,8.223493975903615,0.05,False
37,product_group_name,Unknown,1,20,0.05,0.006080140649036701,8.223493975903615,0.05,False
37,colour_group_name,Dark Grey,1,20,0.05,0.029375137352574902,1.70211970074813,0.05,False
37,colour_group_name,White,1,20,0.05,0.0960369203721339,0.5206331045003815,0.05,False
37,colour_group_name,Pink,1,20,0.05,0.021024100798476303,2.3782229965156794,0.05,False
37,perceived_colour_master_name,White,1,20,0.05,0.12797597245623032,0.3906983400114482,0.05,False
37,perceived_colour_master_name,Pink,1,20,0.05,0.06702805655263351,0.7459562841530054,0.05,False
37,index_group_name,Ladieswear,1,20,0.05,0.5894806241301004,0.08482042997390332,0.05,False
37,section_name,Womens Everyday Basics,1,20,0.05,0.027177496154127904,1.8397574123989218,0.05,False
37,department_name,Jersey Basic,1,20,0.05,0.026737967914438502,1.87,0.05,False
38,index_group_name,Ladieswear,19,20,0.95,0.5894806241301004,1.611588169504163,0.95,True
38,graphical_appearance_name,Solid,12,20,0.6,0.5812760969892315,1.032211720226843,0.6,True
38,section_name,Womens Tailoring,10,20,0.5,0.06343857592850341,7.881639722863741,0.5,True
38,product_group_name,Garment Lower body,8,20,0.4,0.2052596879349498,1.948750892219843,0.4,False
38,section_name,Womens Everyday Collection,7,20,0.35,0.12218885063365321,2.8644184652278173,0.35,False
38,product_group_name,Garment Upper body,6,20,0.3,0.38905574683173394,0.7710977217096592,0.3,False
38,product_type_name,Dress,5,20,0.25,0.11750054941029961,2.1276496259351623,0.25,False
38,product_type_name,Trousers,5,20,0.25,0.1310526701340561,1.9076299608719955,0.25,False
38,product_group_name,Garment Full body,5,20,0.25,0.1304666324811369,1.9161987647389107,0.25,False
38,perceived_colour_master_name,Beige,5,20,0.25,0.08482895026005421,2.9471070811744386,0.25,False
38,garment_group_name,Blouses,5,20,0.25,0.0860742802725075,2.904468085106383,0.25,False
38,garment_group_name,Trousers,5,20,0.25,0.0825580543549923,3.0281721384205857,0.25,False
38,colour_group_name,Black,4,20,0.2,0.28027250750860744,0.7135912179822269,0.2,False
38,colour_group_name,Beige,4,20,0.2,0.04585744634092741,4.361341853035143,0.2,False
38,perceived_colour_master_name,White,4,20,0.2,0.12797597245623032,1.5627933600457928,0.2,False
38,perceived_colour_master_name,Black,4,20,0.2,0.28173760164090544,0.7098803952158086,0.2,False
38,garment_group_name,Dresses Ladies,4,20,0.2,0.06651527360632921,3.0068281938325994,0.2,False
38,department_name,Blouse,4,20,0.2,0.043293531609405904,4.619627749576988,0.2,False
38,department_name,Trouser,4,20,0.2,0.0446121163284741,4.483087027914615,0.2,False
38,product_type_name,Blouse,3,20,0.15,0.045344663394623105,3.307996768982229,0.15,False
38,product_type_name,Skirt,3,20,0.15,0.033404146216394405,4.490460526315789,0.15,False
38,graphical_appearance_name,Other structure,3,20,0.15,0.022855468463848803,6.5629807692307685,0.15,False
38,graphical_appearance_name,All over pattern,3,20,0.15,0.10709838107098381,1.400581395348837,0.15,False
38,department_name,Dress,3,20,0.15,0.035894806241301,4.178877551020408,0.15,False
38,product_type_name,Blazer,2,20,0.1,0.014211413083290601,7.036597938144331,0.1,False
38,colour_group_name,Off White,2,20,0.1,0.030180939125338802,3.313349514563107,0.1,False
38,colour_group_name,Light Beige,2,20,0.1,0.0478353234195297,2.090505359877489,0.1,False
38,perceived_colour_master_name,Red,2,20,0.1,0.0232217419969233,4.306309148264985,0.1,False
38,garment_group_name,Skirts,2,20,0.1,0.0195590066661783,5.112734082397004,0.1,False
38,garment_group_name,Knitwear,2,20,0.1,0.06695480184601861,1.4935448577680526,0.1,False
38,garment_group_name,Dressed,2,20,0.1,0.013112592484067102,7.626256983240224,0.1,False
38,section_name,Womens Trend,2,20,0.1,0.030986740898102702,3.227186761229315,0.1,False
38,department_name,Skirt,2,20,0.1,0.011647498351769101,8.58553459119497,0.1,False
38,department_name,Knitwear,2,20,0.1,0.039557541572046,2.527962962962963,0.1,False
38,product_type_name,Cardigan,1,20,0.05,0.014064903670060802,3.554947916666667,0.05,False
38,product_type_name,Unknown,1,20,0.05,0.006080140649036701,8.223493975903615,0.05,False
38,product_group_name,Unknown,1,20,0.05,0.006080140649036701,8.223493975903615,0.05,False
38,colour_group_name,Greenish Khaki,1,20,0.05,0.027910043220276903,1.7914698162729659,0.05,False
38,colour_group_name,Light Purple,1,20,0.05,0.008717310087173101,5.735714285714286,0.05,False
38,colour_group_name,Dark Red,1,20,0.05,0.0128195736576075,3.900285714285715,0.05,False
38,colour_group_name,Light Pink,1,20,0.05,0.036773862720679805,1.3596613545816734,0.05,False
38,colour_group_name,Dark Beige,1,20,0.05,0.012966083070837301,3.856214689265537,0.05,False
38,colour_group_name,Red,1,20,0.05,0.009156838326862501,5.4604,0.05,False
38,colour_group_name,Yellowish Brown,1,20,0.05,0.0187532048934144,2.6662109375000003,0.05,False
38,colour_group_name,White,1,20,0.05,0.0960369203721339,0.5206331045003815,0.05,False
38,perceived_colour_master_name,Khaki green,1,20,0.05,0.035015749761922205,1.427928870292887,0.05,False
38,perceived_colour_master_name,Lilac Purple,1,20,0.05,0.014724196029594901,3.395771144278607,0.05,False
38,perceived_colour_master_name,Pink,1,20,0.05,0.06702805655263351,0.7459562841530054,0.05,False
38,perceived_colour_master_name,Brown,1,20,0.05,0.026151930261519303,1.911904761904762,0.05,False
38,perceived_colour_master_name,Mole,1,20,0.05,0.021097355505091203,2.3699652777777778,0.05,False
38,graphical_appearance_name,Contrast,1,20,0.05,0.0034429712109003002,14.522340425531917,0.05,False
38,graphical_appearance_name,Check,1,20,0.05,0.023001977877078604,2.1737261146496816,0.05,False
38,index_group_name,Divided,1,20,0.05,0.2062119991209435,0.2424689165186501,0.05,False
38,section_name,Divided Collection,1,20,0.05,0.10409493809977291,0.48033075299085154,0.05,False
38,department_name,Trousers & Skirt,1,20,0.05,0.0028569335579811004,17.50128205128205,0.05,False
38,department_name,Suit,1,20,0.05,0.0057871218225771,8.63987341772152,0.05,False
38,department_name,Suit jacket,1,20,0.05,0.0053475935828877,9.350000000000001,0.05,False
38,department_name,Dresses,1,20,0.05,0.021024100798476303,2.3782229965156794,0.05,False
38,department_name,Blouse & Dress,1,20,0.05,0.013478866017141601,3.7095108695652175,0.05,False
39,index_group_name,Ladieswear,20,20,1.0,0.5894806241301004,1.6964085994780662,1.0,True
39,section_name,Womens Tailoring,20,20,1.0,0.06343857592850341,15.763279445727482,1.0,True
39,product_group_name,Garment Upper body,16,20,0.8,0.38905574683173394,2.056260591225758,0.8,True
39,graphical_appearance_name,Solid,15,20,0.75,0.5812760969892315,1.290264650283554,0.75,False
39,product_type_name,Top,11,20,0.55,0.050692256977510806,10.84978323699422,0.55,False
39,garment_group_name,Jersey Fancy,11,20,0.55,0.16672771225551242,3.2987917398945523,0.55,False
39,department_name,Jersey,11,20,0.55,0.060801406490367006,9.045843373493977,0.55,False
39,product_type_name,Blazer,4,20,0.2,0.014211413083290601,14.073195876288661,0.2,False
39,product_group_name,Garment Lower body,4,20,0.2,0.2052596879349498,0.9743754461099216,0.2,False
39,colour_group_name,Dark Green,4,20,0.2,0.018533440773569703,10.791304347826086,0.2,False
39,graphical_appearance_name,Other structure,4,20,0.2,0.022855468463848803,8.750641025641025,0.2,False
39,garment_group_name,Dressed,4,20,0.2,0.013112592484067102,15.252513966480448,0.2,False
39,department_name,Suit,4,20,0.2,0.0057871218225771,34.55949367088608,0.2,False
39,colour_group_name,Dark Blue,3,20,0.15,0.058970038824994506,2.543664596273292,0.15,False
39,perceived_colour_master_name,Turquoise,3,20,0.15,0.009230093033477401,16.251190476190473,0.15,False
39,perceived_colour_master_name,Blue,3,20,0.15,0.11933191707567212,1.2569981583793737,0.15,False
39,perceived_colour_master_name,Khaki green,3,20,0.15,0.035015749761922205,4.283786610878661,0.15,False
39,perceived_colour_master_name,Beige,3,20,0.15,0.08482895026005421,1.768264248704663,0.15,False
39,product_type_name,Skirt,2,20,0.1,0.033404146216394405,2.993640350877193,0.1,False
39,product_type_name,Trousers,2,20,0.1,0.1310526701340561,0.7630519843487983,0.1,False
39,colour_group_name,Black,2,20,0.1,0.28027250750860744,0.35679560899111346,0.1,False
39,colour_group_name,Dark Turquoise,2,20,0.1,0.0027104241447513003,36.894594594594594,0.1,False
39,colour_group_name,Light Beige,2,20,0.1,0.0478353234195297,2.090505359877489,0.1,False
39,colour_group_name,Grey,2,20,0.1,0.031059995604717602,3.2195754716981133,0.1,False
39,perceived_colour_master_name,Green,2,20,0.1,0.027910043220276903,3.5829396325459317,0.1,False
39,perceived_colour_master_name,Black,2,20,0.1,0.28173760164090544,0.3549401976079043,0.1,False
39,perceived_colour_master_name,Grey,2,20,0.1,0.07113032012306791,1.4058702368692069,0.1,False
39,garment_group_name,Skirts,2,20,0.1,0.0195590066661783,5.112734082397004,0.1,False
39,garment_group_name,Trousers,2,20,0.1,0.0825580543549923,1.2112688553682343,0.1,False
39,department_name,Skirt,2,20,0.1,0.011647498351769101,8.58553459119497,0.1,False
39,department_name,Trouser,2,20,0.1,0.0446121163284741,2.2415435139573074,0.1,False
39,product_type_name,Blouse,1,20,0.05,0.045344663394623105,1.1026655896607431,0.05,False
39,colour_group_name,Turquoise,1,20,0.05,0.0028569335579811004,17.50128205128205,0.05,False
39,colour_group_name,Dark Red,1,20,0.05,0.0128195736576075,3.900285714285715,0.05,False
39,colour_group_name,Greenish Khaki,1,20,0.05,0.027910043220276903,1.7914698162729659,0.05,False
39,colour_group_name,White,1,20,0.05,0.0960369203721339,0.5206331045003815,0.05,False
39,colour_group_name,Dark Beige,1,20,0.05,0.012966083070837301,3.856214689265537,0.05,False
39,perceived_colour_master_name,Red,1,20,0.05,0.0232217419969233,2.1531545741324924,0.05,False
39,perceived_colour_master_name,White,1,20,0.05,0.12797597245623032,0.3906983400114482,0.05,False
39,graphical_appearance_name,All over pattern,1,20,0.05,0.10709838107098381,0.4668604651162791,0.05,False
39,garment_group_name,Blouses,1,20,0.05,0.0860742802725075,0.5808936170212766,0.05,False
39,department_name,Blouse,1,20,0.05,0.043293531609405904,1.154906937394247,0.05,False
40,index_group_name,Ladieswear,18,20,0.9,0.5894806241301004,1.5267677395302597,0.9,True
40,section_name,H&M+,18,20,0.9,0.026811222621053402,33.56803278688525,0.9,True
40,graphical_appearance_name,Solid,16,20,0.8,0.5812760969892315,1.3762822936357908,0.8,True
40,product_group_name,Garment Upper body,13,20,0.65,0.38905574683173394,1.6707117303709282,0.65,False
40,colour_group_name,Black,11,20,0.55,0.28027250750860744,1.962375849451124,0.55,False
40,perceived_colour_master_name,Black,11,20,0.55,0.28173760164090544,1.9521710868434738,0.55,False
40,garment_group_name,Jersey Fancy,6,20,0.3,0.16672771225551242,1.7993409490333918,0.3,False
40,department_name,Jersey,6,20,0.3,0.060801406490367006,4.934096385542168,0.3,False
40,product_type_name,Sweater,5,20,0.25,0.0791883378507069,3.157030527289547,0.25,False
40,garment_group_name,Knitwear,5,20,0.25,0.06695480184601861,3.733862144420131,0.25,False
40,garment_group_name,Blouses,5,20,0.25,0.0860742802725075,2.904468085106383,0.25,False
40,department_name,Knitwear,5,20,0.25,0.039557541572046,6.319907407407408,0.25,False
40,department_name,Woven top,5,20,0.25,0.007032451835030401,35.549479166666664,0.25,False
40,product_type_name,Dress,4,20,0.2,0.11750054941029961,1.70211970074813,0.2,False
40,product_group_name,Garment Full body,4,20,0.2,0.1304666324811369,1.5329590117911287,0.2,False
40,product_type_name,Top,3,20,0.15,0.050692256977510806,2.959031791907514,0.15,False
40,product_group_name,Garment Lower body,3,20,0.15,0.2052596879349498,0.7307815845824411,0.15,False
40,perceived_colour_master_name,Khaki green,3,20,0.15,0.035015749761922205,4.283786610878661,0.15,False
40,product_type_name,Trousers,2,20,0.1,0.1310526701340561,0.7630519843487983,0.1,False
40,colour_group_name,Greenish Khaki,2,20,0.1,0.027910043220276903,3.5829396325459317,0.1,False
40,graphical_appearance_name,Check,2,20,0.1,0.023001977877078604,4.347452229299363,0.1,False
40,garment_group_name,Trousers,2,20,0.1,0.0825580543549923,1.2112688553682343,0.1,False
40,index_group_name,Divided,2,20,0.1,0.2062119991209435,0.4849378330373002,0.1,False
40,department_name,Woven bottoms,2,20,0.1,0.009669621273166801,10.341666666666667,0.1,False
40,product_type_name,Cardigan,1,20,0.05,0.014064903670060802,3.554947916666667,0.05,False
40,product_type_name,Leggings/Tights,1,20,0.05,0.018313676653725002,2.7302,0.05,False
40,product_type_name,T-shirt,1,20,0.05,0.05757819939931141,0.8683842239185751,0.05,False
40,product_type_name,Blouse,1,20,0.05,0.045344663394623105,1.1026655896607431,0.05,False
40,product_type_name,Hoodie,1,20,0.05,0.0206578272654018,2.420390070921986,0.05,False
40,product_type_name,Shirt,1,20,0.05,0.031646033257636805,1.5799768518518518,0.05,False
40,colour_group_name,Dark Orange,1,20,0.05,0.009230093033477401,5.417063492063492,0.05,False
40,colour_group_name,Yellow,1,20,0.05,0.011354479525309501,4.403548387096774,0.05,False
40,colour_group_name,Greyish Beige,1,20,0.05,0.0040290088638195,12.410000000000002,0.05,False
40,colour_group_name,Beige,1,20,0.05,0.04585744634092741,1.0903354632587858,0.05,False
40,colour_group_name,Dark Grey,1,20,0.05,0.029375137352574902,1.70211970074813,0.05,False
40,colour_group_name,Dark Green,1,20,0.05,0.018533440773569703,2.6978260869565216,0.05,False
40,colour_group_name,Off White,1,20,0.05,0.030180939125338802,1.6566747572815534,0.05,False
40,perceived_colour_master_name,Brown,1,20,0.05,0.026151930261519303,1.911904761904762,0.05,False
40,perceived_colour_master_name,Yellow,1,20,0.05,0.022635704344004103,2.2088996763754047,0.05,False
40,perceived_colour_master_name,Mole,1,20,0.05,0.021097355505091203,2.3699652777777778,0.05,False
40,perceived_colour_master_name,Grey,1,20,0.05,0.07113032012306791,0.7029351184346034,0.05,False
40,perceived_colour_master_name,Green,1,20,0.05,0.027910043220276903,1.7914698162729659,0.05,False
40,perceived_colour_master_name,White,1,20,0.05,0.12797597245623032,0.3906983400114482,0.05,False
40,graphical_appearance_name,Stripe,1,20,0.05,0.030034429712109,1.6647560975609759,0.05,False
40,graphical_appearance_name,All over pattern,1,20,0.05,0.10709838107098381,0.4668604651162791,0.05,False
40,garment_group_name,Unknown,1,20,0.05,0.016921837228041903,2.9547619047619045,0.05,False
40,garment_group_name,Jersey Basic,1,20,0.05,0.09003003442971211,0.5553702196908056,0.05,False
40,section_name,Divided Projects,1,20,0.05,0.022049666691084904,2.267607973421927,0.05,False
40,section_name,Divided Basics,1,20,0.05,0.03208556149732621,1.5583333333333333,0.05,False
40,department_name,Divided+,1,20,0.05,0.007398725368104901,6.757920792079208,0.05,False
40,department_name,OL Extended Sizes,1,20,0.05,0.005054574756428101,9.892028985507247,0.05,False
41,index_group_name,Ladieswear,20,20,1.0,0.5894806241301004,1.6964085994780662,1.0,True
41,section_name,Womens Tailoring,20,20,1.0,0.06343857592850341,15.763279445727482,1.0,True
41,product_group_name,Garment Upper body,16,20,0.8,0.38905574683173394,2.056260591225758,0.8,True
41,graphical_appearance_name,Solid,15,20,0.75,0.5812760969892315,1.290264650283554,0.75,False
41,product_type_name,Top,11,20,0.55,0.050692256977510806,10.84978323699422,0.55,False
41,garment_group_name,Jersey Fancy,11,20,0.55,0.16672771225551242,3.2987917398945523,0.55,False
41,department_name,Jersey,11,20,0.55,0.060801406490367006,9.045843373493977,0.55,False
41,product_type_name,Blazer,4,20,0.2,0.014211413083290601,14.073195876288661,0.2,False
41,product_group_name,Garment Lower body,4,20,0.2,0.2052596879349498,0.9743754461099216,0.2,False
41,colour_group_name,Dark Green,4,20,0.2,0.018533440773569703,10.791304347826086,0.2,False
41,graphical_appearance_name,Other structure,4,20,0.2,0.022855468463848803,8.750641025641025,0.2,False
41,garment_group_name,Dressed,4,20,0.2,0.013112592484067102,15.252513966480448,0.2,False
41,department_name,Suit,4,20,0.2,0.0057871218225771,34.55949367088608,0.2,False
41,colour_group_name,Dark Blue,3,20,0.15,0.058970038824994506,2.543664596273292,0.15,False
41,perceived_colour_master_name,Turquoise,3,20,0.15,0.009230093033477401,16.251190476190473,0.15,False
41,perceived_colour_master_name,Blue,3,20,0.15,0.11933191707567212,1.2569981583793737,0.15,False
41,perceived_colour_master_name,Khaki green,3,20,0.15,0.035015749761922205,4.283786610878661,0.15,False
41,perceived_colour_master_name,Beige,3,20,0.15,0.08482895026005421,1.768264248704663,0.15,False
41,product_type_name,Skirt,2,20,0.1,0.033404146216394405,2.993640350877193,0.1,False
41,product_type_name,Trousers,2,20,0.1,0.1310526701340561,0.7630519843487983,0.1,False
41,colour_group_name,Black,2,20,0.1,0.28027250750860744,0.35679560899111346,0.1,False
41,colour_group_name,Dark Turquoise,2,20,0.1,0.0027104241447513003,36.894594594594594,0.1,False
41,colour_group_name,Grey,2,20,0.1,0.031059995604717602,3.2195754716981133,0.1,False
41,colour_group_name,Light Beige,2,20,0.1,0.0478353234195297,2.090505359877489,0.1,False
41,perceived_colour_master_name,Green,2,20,0.1,0.027910043220276903,3.5829396325459317,0.1,False
41,perceived_colour_master_name,Black,2,20,0.1,0.28173760164090544,0.3549401976079043,0.1,False
41,perceived_colour_master_name,Grey,2,20,0.1,0.07113032012306791,1.4058702368692069,0.1,False
41,garment_group_name,Skirts,2,20,0.1,0.0195590066661783,5.112734082397004,0.1,False
41,garment_group_name,Trousers,2,20,0.1,0.0825580543549923,1.2112688553682343,0.1,False
41,department_name,Skirt,2,20,0.1,0.011647498351769101,8.58553459119497,0.1,False
41,department_name,Trouser,2,20,0.1,0.0446121163284741,2.2415435139573074,0.1,False
41,product_type_name,Blouse,1,20,0.05,0.045344663394623105,1.1026655896607431,0.05,False
41,colour_group_name,Turquoise,1,20,0.05,0.0028569335579811004,17.50128205128205,0.05,False
41,colour_group_name,Dark Red,1,20,0.05,0.0128195736576075,3.900285714285715,0.05,False
41,colour_group_name,Greenish Khaki,1,20,0.05,0.027910043220276903,1.7914698162729659,0.05,False
41,colour_group_name,White,1,20,0.05,0.0960369203721339,0.5206331045003815,0.05,False
41,colour_group_name,Dark Beige,1,20,0.05,0.012966083070837301,3.856214689265537,0.05,False
41,perceived_colour_master_name,Red,1,20,0.05,0.0232217419969233,2.1531545741324924,0.05,False
41,perceived_colour_master_name,White,1,20,0.05,0.12797597245623032,0.3906983400114482,0.05,False
41,graphical_appearance_name,All over pattern,1,20,0.05,0.10709838107098381,0.4668604651162791,0.05,False
41,garment_group_name,Blouses,1,20,0.05,0.0860742802725075,0.5808936170212766,0.05,False
41,department_name,Blouse,1,20,0.05,0.043293531609405904,1.154906937394247,0.05,False
42,index_group_name,Ladieswear,20,20,1.0,0.5894806241301004,1.6964085994780662,1.0,True
42,graphical_appearance_name,Solid,10,20,0.5,0.5812760969892315,0.8601764335223693,0.5,True
42,section_name,Womens Tailoring,9,20,0.45,0.06343857592850341,7.093475750577367,0.45,True
42,product_group_name,Garment Upper body,7,20,0.35,0.38905574683173394,0.8996140086612691,0.35,False
42,product_group_name,Garment Lower body,7,20,0.35,0.2052596879349498,1.7051570306923627,0.35,False
42,section_name,Womens Everyday Collection,7,20,0.35,0.12218885063365321,2.8644184652278173,0.35,False
42,colour_group_name,Black,5,20,0.25,0.28027250750860744,0.8919890224777836,0.25,False
42,perceived_colour_master_name,Black,5,20,0.25,0.28173760164090544,0.8873504940197607,0.25,False
42,product_type_name,Dress,4,20,0.2,0.11750054941029961,1.70211970074813,0.2,False
42,product_type_name,Trousers,4,20,0.2,0.1310526701340561,1.5261039686975966,0.2,False
42,product_group_name,Garment Full body,4,20,0.2,0.1304666324811369,1.5329590117911287,0.2,False
42,perceived_colour_master_name,White,4,20,0.2,0.12797597245623032,1.5627933600457928,0.2,False
42,perceived_colour_master_name,Beige,4,20,0.2,0.08482895026005421,2.357685664939551,0.2,False
42,graphical_appearance_name,All over pattern,4,20,0.2,0.10709838107098381,1.8674418604651164,0.2,False
42,garment_group_name,Blouses,4,20,0.2,0.0860742802725075,2.3235744680851065,0.2,False
42,garment_group_name,Trousers,4,20,0.2,0.0825580543549923,2.4225377107364685,0.2,False
42,product_type_name,Blouse,3,20,0.15,0.045344663394623105,3.307996768982229,0.15,False
42,product_type_name,Skirt,3,20,0.15,0.033404146216394405,4.490460526315789,0.15,False
42,colour_group_name,Off White,3,20,0.15,0.030180939125338802,4.97002427184466,0.15,False
42,colour_group_name,Beige,3,20,0.15,0.04585744634092741,3.2710063897763577,0.15,False
42,graphical_appearance_name,Other structure,3,20,0.15,0.022855468463848803,6.5629807692307685,0.15,False
42,garment_group_name,Dresses Ladies,3,20,0.15,0.06651527360632921,2.2551211453744493,0.15,False
42,department_name,Blouse,3,20,0.15,0.043293531609405904,3.464720812182741,0.15,False
42,department_name,Dress,3,20,0.15,0.035894806241301,4.178877551020408,0.15,False
42,department_name,Trouser,3,20,0.15,0.0446121163284741,3.3623152709359605,0.15,False
42,product_type_name,Boots,2,20,0.1,0.009303347740092302,10.748818897637795,0.1,False
42,product_type_name,Blazer,2,20,0.1,0.014211413083290601,7.036597938144331,0.1,False
42,product_group_name,Shoes,2,20,0.1,0.026957732034283203,3.7095108695652175,0.1,False
42,colour_group_name,Light Beige,2,20,0.1,0.0478353234195297,2.090505359877489,0.1,False
42,colour_group_name,Yellowish Brown,2,20,0.1,0.0187532048934144,5.3324218750000005,0.1,False
42,perceived_colour_master_name,Brown,2,20,0.1,0.026151930261519303,3.823809523809524,0.1,False
42,garment_group_name,Skirts,2,20,0.1,0.0195590066661783,5.112734082397004,0.1,False
42,garment_group_name,Knitwear,2,20,0.1,0.06695480184601861,1.4935448577680526,0.1,False
42,garment_group_name,Shoes,2,20,0.1,0.026811222621053402,3.7297814207650277,0.1,False
42,garment_group_name,Dressed,2,20,0.1,0.013112592484067102,7.626256983240224,0.1,False
42,section_name,Womens Trend,2,20,0.1,0.030986740898102702,3.227186761229315,0.1,False
42,section_name,Womens Shoes,2,20,0.1,0.023734524943227604,4.213271604938272,0.1,False
42,department_name,Skirt,2,20,0.1,0.011647498351769101,8.58553459119497,0.1,False
42,department_name,Knitwear,2,20,0.1,0.039557541572046,2.527962962962963,0.1,False
42,department_name,Boots,2,20,0.1,0.0066661783019559,15.001098901098903,0.1,False
42,product_type_name,Cardigan,1,20,0.05,0.014064903670060802,3.554947916666667,0.05,False
42,product_type_name,Top,1,20,0.05,0.050692256977510806,0.9863439306358381,0.05,False
42,colour_group_name,Greenish Khaki,1,20,0.05,0.027910043220276903,1.7914698162729659,0.05,False
42,colour_group_name,Light Purple,1,20,0.05,0.008717310087173101,5.735714285714286,0.05,False
42,colour_group_name,Dark Beige,1,20,0.05,0.012966083070837301,3.856214689265537,0.05,False
42,colour_group_name,Dark Red,1,20,0.05,0.0128195736576075,3.900285714285715,0.05,False
42,colour_group_name,Light Pink,1,20,0.05,0.036773862720679805,1.3596613545816734,0.05,False
42,perceived_colour_master_name,Khaki green,1,20,0.05,0.035015749761922205,1.427928870292887,0.05,False
42,perceived_colour_master_name,Lilac Purple,1,20,0.05,0.014724196029594901,3.395771144278607,0.05,False
42,perceived_colour_master_name,Red,1,20,0.05,0.0232217419969233,2.1531545741324924,0.05,False
42,perceived_colour_master_name,Mole,1,20,0.05,0.021097355505091203,2.3699652777777778,0.05,False
42,perceived_colour_master_name,Pink,1,20,0.05,0.06702805655263351,0.7459562841530054,0.05,False
42,graphical_appearance_name,Contrast,1,20,0.05,0.0034429712109003002,14.522340425531917,0.05,False
42,graphical_appearance_name,Check,1,20,0.05,0.023001977877078604,2.1737261146496816,0.05,False
42,graphical_appearance_name,Lace,1,20,0.05,0.012673064244377702,3.9453757225433526,0.05,False
42,garment_group_name,Jersey Fancy,1,20,0.05,0.16672771225551242,0.299890158172232,0.05,False
42,department_name,Trousers & Skirt,1,20,0.05,0.0028569335579811004,17.50128205128205,0.05,False
42,department_name,Blouse & Dress,1,20,0.05,0.013478866017141601,3.7095108695652175,0.05,False
42,department_name,Suit,1,20,0.05,0.0057871218225771,8.63987341772152,0.05,False
42,department_name,Jersey fancy,1,20,0.05,0.0247600908358362,2.0193786982248523,0.05,False
42,department_name,Suit jacket,1,20,0.05,0.0053475935828877,9.350000000000001,0.05,False
43,index_group_name,Ladieswear,20,20,1.0,0.5894806241301004,1.6964085994780662,1.0,True
43,section_name,Womens Tailoring,20,20,1.0,0.06343857592850341,15.763279445727482,1.0,True
43,product_group_name,Garment Upper body,16,20,0.8,0.38905574683173394,2.056260591225758,0.8,True
43,graphical_appearance_name,Solid,14,20,0.7,0.5812760969892315,1.204247006931317,0.7,False
43,product_type_name,Top,11,20,0.55,0.050692256977510806,10.84978323699422,0.55,False
43,garment_group_name,Jersey Fancy,11,20,0.55,0.16672771225551242,3.2987917398945523,0.55,False
43,department_name,Jersey,11,20,0.55,0.060801406490367006,9.045843373493977,0.55,False
43,graphical_appearance_name,Other structure,5,20,0.25,0.022855468463848803,10.938301282051281,0.25,False
43,product_type_name,Blazer,4,20,0.2,0.014211413083290601,14.073195876288661,0.2,False
43,product_group_name,Garment Lower body,4,20,0.2,0.2052596879349498,0.9743754461099216,0.2,False
43,colour_group_name,Dark Green,4,20,0.2,0.018533440773569703,10.791304347826086,0.2,False
43,perceived_colour_master_name,Beige,4,20,0.2,0.08482895026005421,2.357685664939551,0.2,False
43,garment_group_name,Dressed,4,20,0.2,0.013112592484067102,15.252513966480448,0.2,False
43,department_name,Suit,4,20,0.2,0.0057871218225771,34.55949367088608,0.2,False
43,colour_group_name,Light Beige,3,20,0.15,0.0478353234195297,3.135758039816233,0.15,False
43,perceived_colour_master_name,Turquoise,3,20,0.15,0.009230093033477401,16.251190476190473,0.15,False
43,perceived_colour_master_name,Khaki green,3,20,0.15,0.035015749761922205,4.283786610878661,0.15,False
43,product_type_name,Skirt,2,20,0.1,0.033404146216394405,2.993640350877193,0.1,False
43,product_type_name,Trousers,2,20,0.1,0.1310526701340561,0.7630519843487983,0.1,False
43,colour_group_name,Dark Blue,2,20,0.1,0.058970038824994506,1.695776397515528,0.1,False
43,colour_group_name,Black,2,20,0.1,0.28027250750860744,0.35679560899111346,0.1,False
43,colour_group_name,Dark Turquoise,2,20,0.1,0.0027104241447513003,36.894594594594594,0.1,False
43,colour_group_name,Grey,2,20,0.1,0.031059995604717602,3.2195754716981133,0.1,False
43,perceived_colour_master_name,Green,2,20,0.1,0.027910043220276903,3.5829396325459317,0.1,False
43,perceived_colour_master_name,Blue,2,20,0.1,0.11933191707567212,0.8379987722529159,0.1,False
43,perceived_colour_master_name,Black,2,20,0.1,0.28173760164090544,0.3549401976079043,0.1,False
43,perceived_colour_master_name,Grey,2,20,0.1,0.07113032012306791,1.4058702368692069,0.1,False
43,garment_group_name,Skirts,2,20,0.1,0.0195590066661783,5.112734082397004,0.1,False
43,garment_group_name,Trousers,2,20,0.1,0.0825580543549923,1.2112688553682343,0.1,False
43,department_name,Skirt,2,20,0.1,0.011647498351769101,8.58553459119497,0.1,False
43,department_name,Trouser,2,20,0.1,0.0446121163284741,2.2415435139573074,0.1,False
43,product_type_name,Blouse,1,20,0.05,0.045344663394623105,1.1026655896607431,0.05,False
43,colour_group_name,Turquoise,1,20,0.05,0.0028569335579811004,17.50128205128205,0.05,False
43,colour_group_name,Dark Red,1,20,0.05,0.0128195736576075,3.900285714285715,0.05,False
43,colour_group_name,Greenish Khaki,1,20,0.05,0.027910043220276903,1.7914698162729659,0.05,False
43,colour_group_name,White,1,20,0.05,0.0960369203721339,0.5206331045003815,0.05,False
43,colour_group_name,Dark Beige,1,20,0.05,0.012966083070837301,3.856214689265537,0.05,False
43,perceived_colour_master_name,Red,1,20,0.05,0.0232217419969233,2.1531545741324924,0.05,False
43,perceived_colour_master_name,White,1,20,0.05,0.12797597245623032,0.3906983400114482,0.05,False
43,graphical_appearance_name,All over pattern,1,20,0.05,0.10709838107098381,0.4668604651162791,0.05,False
43,garment_group_name,Blouses,1,20,0.05,0.0860742802725075,0.5808936170212766,0.05,False
43,department_name,Blouse,1,20,0.05,0.043293531609405904,1.154906937394247,0.05,False
44,graphical_appearance_name,Solid,15,20,0.75,0.5812760969892315,1.290264650283554,0.75,True
44,product_group_name,Garment Upper body,11,20,0.55,0.38905574683173394,1.4136791564677087,0.55,False
44,garment_group_name,Jersey Basic,11,20,0.55,0.09003003442971211,6.1090724165988615,0.55,True
44,index_group_name,Menswear,11,20,0.55,0.10438795692623251,5.26880701754386,0.55,False
44,section_name,Men Underwear,11,20,0.55,0.0358215515346861,15.353885480572599,0.55,False
44,department_name,Blanks,11,20,0.55,0.0014650941322980001,375.40250000000003,0.55,True
44,index_group_name,Divided,9,20,0.45,0.2062119991209435,2.182220248667851,0.45,False
44,perceived_colour_master_name,Black,6,20,0.3,0.28173760164090544,1.0648205928237129,0.3,False
44,product_type_name,Trousers,5,20,0.25,0.1310526701340561,1.9076299608719955,0.25,False
44,product_group_name,Garment Lower body,5,20,0.25,0.2052596879349498,1.2179693076374019,0.25,False
44,colour_group_name,Black,5,20,0.25,0.28027250750860744,0.8919890224777836,0.25,False
44,perceived_colour_master_name,Beige,5,20,0.25,0.08482895026005421,2.9471070811744386,0.25,False
44,product_type_name,Sweater,4,20,0.2,0.0791883378507069,2.5256244218316377,0.2,False
44,product_group_name,Accessories,4,20,0.2,0.092300930334774,2.166825396825397,0.2,False
44,colour_group_name,Yellowish Brown,4,20,0.2,0.0187532048934144,10.664843750000001,0.2,False
44,perceived_colour_master_name,Brown,4,20,0.2,0.026151930261519303,7.647619047619048,0.2,False
44,perceived_colour_master_name,White,4,20,0.2,0.12797597245623032,1.5627933600457928,0.2,False
44,garment_group_name,Accessories,4,20,0.2,0.0962566844919786,2.077777777777778,0.2,False
44,section_name,Divided Accessories,4,20,0.2,0.013991648963445902,14.294240837696336,0.2,False
44,section_name,Divided Collection,4,20,0.2,0.10409493809977291,1.9213230119634062,0.2,False
44,product_type_name,Hoodie,3,20,0.15,0.0206578272654018,7.261170212765958,0.15,False
44,colour_group_name,Dark Beige,3,20,0.15,0.012966083070837301,11.56864406779661,0.15,False
44,colour_group_name,Off White,3,20,0.15,0.030180939125338802,4.97002427184466,0.15,False
44,garment_group_name,Knitwear,3,20,0.15,0.06695480184601861,2.2403172866520786,0.15,False
44,department_name,Tops Knitwear,3,20,0.15,0.014357922496520402,10.44719387755102,0.15,False
44,product_type_name,Bag,2,20,0.1,0.009156838326862501,10.9208,0.1,False
44,product_type_name,Hat/beanie,2,20,0.1,0.0038092447439748004,26.251923076923077,0.1,False
44,product_type_name,T-shirt,2,20,0.1,0.05757819939931141,1.7367684478371501,0.1,False
44,colour_group_name,Light Beige,2,20,0.1,0.0478353234195297,2.090505359877489,0.1,False
44,graphical_appearance_name,Placement print,2,20,0.1,0.014650941322980001,6.825500000000001,0.1,False
44,graphical_appearance_name,All over pattern,2,20,0.1,0.10709838107098381,0.9337209302325582,0.1,False
44,department_name,Bags,2,20,0.1,0.009596366566551901,10.4206106870229,0.1,False
44,department_name,Knit & Woven,2,20,0.1,0.0045417918101238,22.017741935483873,0.1,False
44,product_type_name,Cardigan,1,20,0.05,0.014064903670060802,3.554947916666667,0.05,False
44,product_type_name,Top,1,20,0.05,0.050692256977510806,0.9863439306358381,0.05,False
44,colour_group_name,White,1,20,0.05,0.0960369203721339,0.5206331045003815,0.05,False
44,colour_group_name,Dark Blue,1,20,0.05,0.058970038824994506,0.847888198757764,0.05,False
44,colour_group_name,Dark Grey,1,20,0.05,0.029375137352574902,1.70211970074813,0.05,False
44,perceived_colour_master_name,Blue,1,20,0.05,0.11933191707567212,0.41899938612645793,0.05,False
44,graphical_appearance_name,Jacquard,1,20,0.05,0.005127829463043,9.750714285714286,0.05,False
44,garment_group_name,Special Offers,1,20,0.05,0.0035162259175152005,14.219791666666667,0.05,False
44,garment_group_name,Trousers,1,20,0.05,0.0825580543549923,0.6056344276841171,0.05,False
44,section_name,Divided Projects,1,20,0.05,0.022049666691084904,2.267607973421927,0.05,False
44,department_name,Promotion/ Other /Offer,1,20,0.05,0.0002930188264596,170.63750000000002,0.05,False
44,department_name,Trousers,1,20,0.05,0.0164823089883525,3.0335555555555556,0.05,False
45,index_group_name,Ladieswear,18,20,0.9,0.5894806241301004,1.5267677395302597,0.9,True
45,graphical_appearance_name,Solid,10,20,0.5,0.5812760969892315,0.8601764335223693,0.5,True
45,section_name,Womens Tailoring,10,20,0.5,0.06343857592850341,7.881639722863741,0.5,True
45,product_group_name,Garment Lower body,8,20,0.4,0.2052596879349498,1.948750892219843,0.4,False
45,product_group_name,Garment Upper body,7,20,0.35,0.38905574683173394,0.8996140086612691,0.35,False
45,section_name,Womens Everyday Collection,6,20,0.3,0.12218885063365321,2.4552158273381295,0.3,False
45,product_type_name,Dress,5,20,0.25,0.11750054941029961,2.1276496259351623,0.25,False
45,product_group_name,Garment Full body,5,20,0.25,0.1304666324811369,1.9161987647389107,0.25,False
45,colour_group_name,Black,5,20,0.25,0.28027250750860744,0.8919890224777836,0.25,False
45,perceived_colour_master_name,Black,5,20,0.25,0.28173760164090544,0.8873504940197607,0.25,False
45,perceived_colour_master_name,Beige,5,20,0.25,0.08482895026005421,2.9471070811744386,0.25,False
45,garment_group_name,Trousers,5,20,0.25,0.0825580543549923,3.0281721384205857,0.25,False
45,product_type_name,Skirt,4,20,0.2,0.033404146216394405,5.987280701754386,0.2,False
45,product_type_name,Trousers,4,20,0.2,0.1310526701340561,1.5261039686975966,0.2,False
45,perceived_colour_master_name,White,4,20,0.2,0.12797597245623032,1.5627933600457928,0.2,False
45,garment_group_name,Blouses,4,20,0.2,0.0860742802725075,2.3235744680851065,0.2,False
45,garment_group_name,Dresses Ladies,4,20,0.2,0.06651527360632921,3.0068281938325994,0.2,False
45,product_type_name,Blouse,3,20,0.15,0.045344663394623105,3.307996768982229,0.15,False
45,colour_group_name,Off White,3,20,0.15,0.030180939125338802,4.97002427184466,0.15,False
45,colour_group_name,Beige,3,20,0.15,0.04585744634092741,3.2710063897763577,0.15,False
45,graphical_appearance_name,Other structure,3,20,0.15,0.022855468463848803,6.5629807692307685,0.15,False
45,graphical_appearance_name,All over pattern,3,20,0.15,0.10709838107098381,1.400581395348837,0.15,False
45,department_name,Blouse,3,20,0.15,0.043293531609405904,3.464720812182741,0.15,False
45,department_name,Dress,3,20,0.15,0.035894806241301,4.178877551020408,0.15,False
45,department_name,Trouser,3,20,0.15,0.0446121163284741,3.3623152709359605,0.15,False
45,product_type_name,Blazer,2,20,0.1,0.014211413083290601,7.036597938144331,0.1,False
45,colour_group_name,Light Beige,2,20,0.1,0.0478353234195297,2.090505359877489,0.1,False
45,perceived_colour_master_name,Red,2,20,0.1,0.0232217419969233,4.306309148264985,0.1,False
45,graphical_appearance_name,Check,2,20,0.1,0.023001977877078604,4.347452229299363,0.1,False
45,garment_group_name,Skirts,2,20,0.1,0.0195590066661783,5.112734082397004,0.1,False
45,garment_group_name,Knitwear,2,20,0.1,0.06695480184601861,1.4935448577680526,0.1,False
45,garment_group_name,Dressed,2,20,0.1,0.013112592484067102,7.626256983240224,0.1,False
45,index_group_name,Divided,2,20,0.1,0.2062119991209435,0.4849378330373002,0.1,False
45,section_name,Womens Trend,2,20,0.1,0.030986740898102702,3.227186761229315,0.1,False
45,department_name,Skirt,2,20,0.1,0.011647498351769101,8.58553459119497,0.1,False
45,department_name,Knitwear,2,20,0.1,0.039557541572046,2.527962962962963,0.1,False
45,product_type_name,Cardigan,1,20,0.05,0.014064903670060802,3.554947916666667,0.05,False
45,product_type_name,Top,1,20,0.05,0.050692256977510806,0.9863439306358381,0.05,False
45,colour_group_name,Greenish Khaki,1,20,0.05,0.027910043220276903,1.7914698162729659,0.05,False
45,colour_group_name,Light Purple,1,20,0.05,0.008717310087173101,5.735714285714286,0.05,False
45,colour_group_name,Dark Red,1,20,0.05,0.0128195736576075,3.900285714285715,0.05,False
45,colour_group_name,Light Pink,1,20,0.05,0.036773862720679805,1.3596613545816734,0.05,False
45,colour_group_name,Dark Beige,1,20,0.05,0.012966083070837301,3.856214689265537,0.05,False
45,colour_group_name,Yellowish Brown,1,20,0.05,0.0187532048934144,2.6662109375000003,0.05,False
45,colour_group_name,Red,1,20,0.05,0.009156838326862501,5.4604,0.05,False
45,perceived_colour_master_name,Khaki green,1,20,0.05,0.035015749761922205,1.427928870292887,0.05,False
45,perceived_colour_master_name,Lilac Purple,1,20,0.05,0.014724196029594901,3.395771144278607,0.05,False
45,perceived_colour_master_name,Pink,1,20,0.05,0.06702805655263351,0.7459562841530054,0.05,False
45,perceived_colour_master_name,Brown,1,20,0.05,0.026151930261519303,1.911904761904762,0.05,False
45,graphical_appearance_name,Contrast,1,20,0.05,0.0034429712109003002,14.522340425531917,0.05,False
45,graphical_appearance_name,Lace,1,20,0.05,0.012673064244377702,3.9453757225433526,0.05,False
45,garment_group_name,Jersey Fancy,1,20,0.05,0.16672771225551242,0.299890158172232,0.05,False
45,section_name,Divided Collection,1,20,0.05,0.10409493809977291,0.48033075299085154,0.05,False
45,section_name,Divided Projects,1,20,0.05,0.022049666691084904,2.267607973421927,0.05,False
45,department_name,Trousers & Skirt,1,20,0.05,0.0028569335579811004,17.50128205128205,0.05,False
45,department_name,Suit,1,20,0.05,0.0057871218225771,8.63987341772152,0.05,False
45,department_name,Dresses,1,20,0.05,0.021024100798476303,2.3782229965156794,0.05,False
45,department_name,Jersey fancy,1,20,0.05,0.0247600908358362,2.0193786982248523,0.05,False
45,department_name,Suit jacket,1,20,0.05,0.0053475935828877,9.350000000000001,0.05,False
45,department_name,Blouse & Dress,1,20,0.05,0.013478866017141601,3.7095108695652175,0.05,False
45,department_name,Projects Woven Bottoms,1,20,0.05,0.0024906600249066002,20.075000000000003,0.05,False
46,index_group_name,Ladieswear,19,20,0.95,0.5894806241301004,1.611588169504163,0.95,True
46,graphical_appearance_name,Solid,12,20,0.6,0.5812760969892315,1.032211720226843,0.6,True
46,section_name,Womens Everyday Collection,8,20,0.4,0.12218885063365321,3.273621103117506,0.4,True
46,section_name,Womens Tailoring,7,20,0.35,0.06343857592850341,5.517147806004618,0.35,False
46,product_group_name,Garment Upper body,6,20,0.3,0.38905574683173394,0.7710977217096592,0.3,False
46,product_group_name,Garment Lower body,6,20,0.3,0.2052596879349498,1.4615631691648823,0.3,False
46,product_type_name,Dress,5,20,0.25,0.11750054941029961,2.1276496259351623,0.25,False
46,product_group_name,Garment Full body,5,20,0.25,0.1304666324811369,1.9161987647389107,0.25,False
46,colour_group_name,Black,5,20,0.25,0.28027250750860744,0.8919890224777836,0.25,False
46,perceived_colour_master_name,White,5,20,0.25,0.12797597245623032,1.9534917000572407,0.25,False
46,perceived_colour_master_name,Black,5,20,0.25,0.28173760164090544,0.8873504940197607,0.25,False
46,garment_group_name,Blouses,5,20,0.25,0.0860742802725075,2.904468085106383,0.25,False
46,colour_group_name,Beige,4,20,0.2,0.04585744634092741,4.361341853035143,0.2,False
46,perceived_colour_master_name,Beige,4,20,0.2,0.08482895026005421,2.357685664939551,0.2,False
46,graphical_appearance_name,All over pattern,4,20,0.2,0.10709838107098381,1.8674418604651164,0.2,False
46,garment_group_name,Dresses Ladies,4,20,0.2,0.06651527360632921,3.0068281938325994,0.2,False
46,department_name,Blouse,4,20,0.2,0.043293531609405904,4.619627749576988,0.2,False
46,product_type_name,Blouse,3,20,0.15,0.045344663394623105,3.307996768982229,0.15,False
46,product_type_name,Skirt,3,20,0.15,0.033404146216394405,4.490460526315789,0.15,False
46,product_type_name,Trousers,3,20,0.15,0.1310526701340561,1.1445779765231974,0.15,False
46,graphical_appearance_name,Other structure,3,20,0.15,0.022855468463848803,6.5629807692307685,0.15,False
46,garment_group_name,Trousers,3,20,0.15,0.0825580543549923,1.8169032830523513,0.15,False
46,garment_group_name,Knitwear,3,20,0.15,0.06695480184601861,2.2403172866520786,0.15,False
46,department_name,Dress,3,20,0.15,0.035894806241301,4.178877551020408,0.15,False
46,department_name,Knitwear,3,20,0.15,0.039557541572046,3.7919444444444443,0.15,False
46,colour_group_name,Off White,2,20,0.1,0.030180939125338802,3.313349514563107,0.1,False
46,colour_group_name,Light Beige,2,20,0.1,0.0478353234195297,2.090505359877489,0.1,False
46,colour_group_name,White,2,20,0.1,0.0960369203721339,1.041266209000763,0.1,False
46,garment_group_name,Skirts,2,20,0.1,0.0195590066661783,5.112734082397004,0.1,False
46,section_name,Womens Trend,2,20,0.1,0.030986740898102702,3.227186761229315,0.1,False
46,department_name,Skirt,2,20,0.1,0.011647498351769101,8.58553459119497,0.1,False
46,department_name,Trouser,2,20,0.1,0.0446121163284741,2.2415435139573074,0.1,False
46,product_type_name,Cardigan,1,20,0.05,0.014064903670060802,3.554947916666667,0.05,False
46,product_type_name,Blazer,1,20,0.05,0.014211413083290601,3.5182989690721653,0.05,False
46,product_type_name,Unknown,1,20,0.05,0.006080140649036701,8.223493975903615,0.05,False
46,product_type_name,Boots,1,20,0.05,0.009303347740092302,5.374409448818898,0.05,False
46,product_type_name,Sweater,1,20,0.05,0.0791883378507069,0.6314061054579094,0.05,False
46,product_type_name,Pyjama bottom,1,20,0.05,0.0025639147315215,19.501428571428573,0.05,False
46,product_group_name,Unknown,1,20,0.05,0.006080140649036701,8.223493975903615,0.05,False
46,product_group_name,Shoes,1,20,0.05,0.026957732034283203,1.8547554347826087,0.05,False
46,product_group_name,Nightwear,1,20,0.05,0.009669621273166801,5.170833333333333,0.05,False
46,colour_group_name,Greenish Khaki,1,20,0.05,0.027910043220276903,1.7914698162729659,0.05,False
46,colour_group_name,Light Purple,1,20,0.05,0.008717310087173101,5.735714285714286,0.05,False
46,colour_group_name,Yellowish Brown,1,20,0.05,0.0187532048934144,2.6662109375000003,0.05,False
46,colour_group_name,Light Pink,1,20,0.05,0.036773862720679805,1.3596613545816734,0.05,False
46,colour_group_name,Light Orange,1,20,0.05,0.014724196029594901,3.395771144278607,0.05,False
46,perceived_colour_master_name,Khaki green,1,20,0.05,0.035015749761922205,1.427928870292887,0.05,False
46,perceived_colour_master_name,Lilac Purple,1,20,0.05,0.014724196029594901,3.395771144278607,0.05,False
46,perceived_colour_master_name,Brown,1,20,0.05,0.026151930261519303,1.911904761904762,0.05,False
46,perceived_colour_master_name,Mole,1,20,0.05,0.021097355505091203,2.3699652777777778,0.05,False
46,perceived_colour_master_name,Pink,1,20,0.05,0.06702805655263351,0.7459562841530054,0.05,False
46,perceived_colour_master_name,Orange,1,20,0.05,0.0273972602739726,1.8250000000000002,0.05,False
46,graphical_appearance_name,Contrast,1,20,0.05,0.0034429712109003002,14.522340425531917,0.05,False
46,garment_group_name,Dressed,1,20,0.05,0.013112592484067102,3.813128491620112,0.05,False
46,garment_group_name,Shoes,1,20,0.05,0.026811222621053402,1.8648907103825139,0.05,False
46,garment_group_name,"Under-, Nightwear",1,20,0.05,0.08475569555343931,0.5899308556611927,0.05,False
46,index_group_name,Divided,1,20,0.05,0.2062119991209435,0.2424689165186501,0.05,False
46,section_name,Womens Shoes,1,20,0.05,0.023734524943227604,2.106635802469136,0.05,False
46,section_name,Divided Collection,1,20,0.05,0.10409493809977291,0.48033075299085154,0.05,False
46,section_name,"Womens Nightwear, Socks & Tigh",1,20,0.05,0.034869240348692404,1.4339285714285714,0.05,False
46,department_name,Trousers & Skirt,1,20,0.05,0.0028569335579811004,17.50128205128205,0.05,False
46,department_name,Blouse & Dress,1,20,0.05,0.013478866017141601,3.7095108695652175,0.05,False
46,department_name,Suit jacket,1,20,0.05,0.0053475935828877,9.350000000000001,0.05,False
46,department_name,Boots,1,20,0.05,0.0066661783019559,7.500549450549451,0.05,False
46,department_name,Dresses,1,20,0.05,0.021024100798476303,2.3782229965156794,0.05,False
46,department_name,Loungewear,1,20,0.05,0.009596366566551901,5.21030534351145,0.05,False
47,index_group_name,Ladieswear,19,20,0.95,0.5894806241301004,1.611588169504163,0.95,True
47,graphical_appearance_name,Solid,13,20,0.65,0.5812760969892315,1.11822936357908,0.65,True
47,section_name,Womens Tailoring,9,20,0.45,0.06343857592850341,7.093475750577367,0.45,False
47,section_name,Womens Everyday Collection,9,20,0.45,0.12218885063365321,3.6828237410071942,0.45,True
47,product_group_name,Garment Upper body,7,20,0.35,0.38905574683173394,0.8996140086612691,0.35,False
47,product_group_name,Garment Lower body,7,20,0.35,0.2052596879349498,1.7051570306923627,0.35,False
47,perceived_colour_master_name,White,6,20,0.3,0.12797597245623032,2.344190040068689,0.3,False
47,colour_group_name,Black,5,20,0.25,0.28027250750860744,0.8919890224777836,0.25,False
47,perceived_colour_master_name,Black,5,20,0.25,0.28173760164090544,0.8873504940197607,0.25,False
47,garment_group_name,Blouses,5,20,0.25,0.0860742802725075,2.904468085106383,0.25,False
47,department_name,Blouse,5,20,0.25,0.043293531609405904,5.7745346869712355,0.25,False
47,product_type_name,Blouse,4,20,0.2,0.045344663394623105,4.4106623586429725,0.2,False
47,product_type_name,Skirt,4,20,0.2,0.033404146216394405,5.987280701754386,0.2,False
47,product_type_name,Dress,4,20,0.2,0.11750054941029961,1.70211970074813,0.2,False
47,product_group_name,Garment Full body,4,20,0.2,0.1304666324811369,1.5329590117911287,0.2,False
47,garment_group_name,Dresses Ladies,4,20,0.2,0.06651527360632921,3.0068281938325994,0.2,False
47,garment_group_name,Knitwear,4,20,0.2,0.06695480184601861,2.987089715536105,0.2,False
47,department_name,Knitwear,4,20,0.2,0.039557541572046,5.055925925925926,0.2,False
47,product_type_name,Trousers,3,20,0.15,0.1310526701340561,1.1445779765231974,0.15,False
47,colour_group_name,White,3,20,0.15,0.0960369203721339,1.561899313501144,0.15,False
47,colour_group_name,Beige,3,20,0.15,0.04585744634092741,3.2710063897763577,0.15,False
47,perceived_colour_master_name,Beige,3,20,0.15,0.08482895026005421,1.768264248704663,0.15,False
47,graphical_appearance_name,All over pattern,3,20,0.15,0.10709838107098381,1.400581395348837,0.15,False
47,garment_group_name,Trousers,3,20,0.15,0.0825580543549923,1.8169032830523513,0.15,False
47,department_name,Dress,3,20,0.15,0.035894806241301,4.178877551020408,0.15,False
47,department_name,Trouser,3,20,0.15,0.0446121163284741,3.3623152709359605,0.15,False
47,colour_group_name,Off White,2,20,0.1,0.030180939125338802,3.313349514563107,0.1,False
47,colour_group_name,Light Beige,2,20,0.1,0.0478353234195297,2.090505359877489,0.1,False
47,graphical_appearance_name,Other structure,2,20,0.1,0.022855468463848803,4.375320512820513,0.1,False
47,garment_group_name,Skirts,2,20,0.1,0.0195590066661783,5.112734082397004,0.1,False
47,department_name,Skirt,2,20,0.1,0.011647498351769101,8.58553459119497,0.1,False
47,product_type_name,Blazer,1,20,0.05,0.014211413083290601,3.5182989690721653,0.05,False
47,product_type_name,Cardigan,1,20,0.05,0.014064903670060802,3.554947916666667,0.05,False
47,product_type_name,Sweater,1,20,0.05,0.0791883378507069,0.6314061054579094,0.05,False
47,product_type_name,Unknown,1,20,0.05,0.006080140649036701,8.223493975903615,0.05,False
47,product_type_name,Boots,1,20,0.05,0.009303347740092302,5.374409448818898,0.05,False
47,product_group_name,Unknown,1,20,0.05,0.006080140649036701,8.223493975903615,0.05,False
47,product_group_name,Shoes,1,20,0.05,0.026957732034283203,1.8547554347826087,0.05,False
47,colour_group_name,Greenish Khaki,1,20,0.05,0.027910043220276903,1.7914698162729659,0.05,False
47,colour_group_name,Light Purple,1,20,0.05,0.008717310087173101,5.735714285714286,0.05,False
47,colour_group_name,Light Pink,1,20,0.05,0.036773862720679805,1.3596613545816734,0.05,False
47,colour_group_name,Red,1,20,0.05,0.009156838326862501,5.4604,0.05,False
47,colour_group_name,Grey,1,20,0.05,0.031059995604717602,1.6097877358490567,0.05,False
47,perceived_colour_master_name,Khaki green,1,20,0.05,0.035015749761922205,1.427928870292887,0.05,False
47,perceived_colour_master_name,Lilac Purple,1,20,0.05,0.014724196029594901,3.395771144278607,0.05,False
47,perceived_colour_master_name,Pink,1,20,0.05,0.06702805655263351,0.7459562841530054,0.05,False
47,perceived_colour_master_name,Red,1,20,0.05,0.0232217419969233,2.1531545741324924,0.05,False
47,perceived_colour_master_name,Mole,1,20,0.05,0.021097355505091203,2.3699652777777778,0.05,False
47,perceived_colour_master_name,Grey,1,20,0.05,0.07113032012306791,0.7029351184346034,0.05,False
47,graphical_appearance_name,Contrast,1,20,0.05,0.0034429712109003002,14.522340425531917,0.05,False
47,graphical_appearance_name,Melange,1,20,0.05,0.0617537176763607,0.8096678529062872,0.05,False
47,garment_group_name,Dressed,1,20,0.05,0.013112592484067102,3.813128491620112,0.05,False
47,garment_group_name,Shoes,1,20,0.05,0.026811222621053402,1.8648907103825139,0.05,False
47,index_group_name,Divided,1,20,0.05,0.2062119991209435,0.2424689165186501,0.05,False
47,section_name,Divided Collection,1,20,0.05,0.10409493809977291,0.48033075299085154,0.05,False
47,section_name,Womens Shoes,1,20,0.05,0.023734524943227604,2.106635802469136,0.05,False
47,department_name,Suit jacket,1,20,0.05,0.0053475935828877,9.350000000000001,0.05,False
47,department_name,Dresses,1,20,0.05,0.021024100798476303,2.3782229965156794,0.05,False
47,department_name,Boots,1,20,0.05,0.0066661783019559,7.500549450549451,0.05,False
48,index_group_name,Ladieswear,18,20,0.9,0.5894806241301004,1.5267677395302597,0.9,True
48,graphical_appearance_name,Solid,10,20,0.5,0.5812760969892315,0.8601764335223693,0.5,True
48,product_type_name,Socks,9,20,0.45,0.0240275437696872,18.728506097560977,0.45,False
48,product_group_name,Socks & Tights,9,20,0.45,0.030766976778258005,14.626071428571429,0.45,False
48,garment_group_name,Socks and Tights,9,20,0.45,0.030254193831953703,14.873970944309928,0.45,False
48,garment_group_name,"Under-, Nightwear",9,20,0.45,0.08475569555343931,5.309377700950734,0.45,False
48,section_name,"Womens Nightwear, Socks & Tigh",9,20,0.45,0.034869240348692404,12.905357142857143,0.45,False
48,section_name,Womens Lingerie,9,20,0.45,0.05765145410592631,7.805527318932656,0.45,False
48,department_name,Socks,9,20,0.45,0.0071057065416453005,63.32938144329897,0.45,True
48,product_group_name,Underwear,8,20,0.4,0.06768734891216761,5.909523809523809,0.4,False
48,graphical_appearance_name,Glittering/Metallic,6,20,0.3,0.0055673577027324,53.88552631578948,0.3,False
48,product_type_name,Bra,4,20,0.2,0.0326715991502454,6.121524663677131,0.2,False
48,product_type_name,Underwear bottom,4,20,0.2,0.031133250311332503,6.424,0.2,False
48,perceived_colour_master_name,Pink,4,20,0.2,0.06702805655263351,2.9838251366120216,0.2,False
48,department_name,Clean Lingerie,4,20,0.2,0.0107684418723903,18.57278911564626,0.2,False
48,colour_group_name,Black,3,20,0.15,0.28027250750860744,0.5351934134866702,0.15,False
48,colour_group_name,White,3,20,0.15,0.0960369203721339,1.561899313501144,0.15,False
48,colour_group_name,Light Pink,3,20,0.15,0.036773862720679805,4.078984063745019,0.15,False
48,colour_group_name,Yellowish Brown,3,20,0.15,0.0187532048934144,7.9986328125,0.15,False
48,perceived_colour_master_name,Black,3,20,0.15,0.28173760164090544,0.5324102964118564,0.15,False
48,perceived_colour_master_name,White,3,20,0.15,0.12797597245623032,1.1720950200343445,0.15,False
48,perceived_colour_master_name,Brown,3,20,0.15,0.026151930261519303,5.735714285714286,0.15,False
48,graphical_appearance_name,All over pattern,3,20,0.15,0.10709838107098381,1.400581395348837,0.15,False
48,department_name,Expressive Lingerie,3,20,0.15,0.018313676653725002,8.1906,0.15,False
48,product_type_name,Top,2,20,0.1,0.050692256977510806,1.9726878612716763,0.1,False
48,product_group_name,Garment Upper body,2,20,0.1,0.38905574683173394,0.25703257390321976,0.1,False
48,colour_group_name,Light Blue,2,20,0.1,0.026957732034283203,3.7095108695652175,0.1,False
48,colour_group_name,Light Orange,2,20,0.1,0.014724196029594901,6.791542288557214,0.1,False
48,perceived_colour_master_name,Blue,2,20,0.1,0.11933191707567212,0.8379987722529159,0.1,False
48,perceived_colour_master_name,Orange,2,20,0.1,0.0273972602739726,3.6500000000000004,0.1,False
48,garment_group_name,Jersey Fancy,2,20,0.1,0.16672771225551242,0.599780316344464,0.1,False
48,index_group_name,Sport,2,20,0.1,0.033111127389934804,3.020132743362832,0.1,False
48,section_name,Ladies H&M Sport,2,20,0.1,0.0265182037945938,3.770994475138122,0.1,False
48,department_name,Casual Lingerie,2,20,0.1,0.017581129587576003,5.687916666666666,0.1,False
48,department_name,Ladies Sport Bras,2,20,0.1,0.014943960149439602,6.691666666666666,0.1,False
48,product_type_name,Unknown,1,20,0.05,0.006080140649036701,8.223493975903615,0.05,False
48,product_group_name,Unknown,1,20,0.05,0.006080140649036701,8.223493975903615,0.05,False
48,colour_group_name,Green,1,20,0.05,0.009742875979781702,5.131954887218045,0.05,False
48,colour_group_name,Dark Pink,1,20,0.05,0.007911508314409201,6.319907407407407,0.05,False
48,colour_group_name,Beige,1,20,0.05,0.04585744634092741,1.0903354632587858,0.05,False
48,colour_group_name,Light Grey,1,20,0.05,0.014797450736209802,3.378960396039604,0.05,False
48,perceived_colour_master_name,Khaki green,1,20,0.05,0.035015749761922205,1.427928870292887,0.05,False
48,perceived_colour_master_name,Beige,1,20,0.05,0.08482895026005421,0.5894214162348878,0.05,False
48,perceived_colour_master_name,Grey,1,20,0.05,0.07113032012306791,0.7029351184346034,0.05,False
48,graphical_appearance_name,Other pattern,1,20,0.05,0.0015383488389129002,32.50238095238095,0.05,False
49,index_group_name,Ladieswear,20,20,1.0,0.5894806241301004,1.6964085994780662,1.0,True
49,section_name,Mama,18,20,0.9,0.023294996703538202,38.63490566037736,0.9,True
49,graphical_appearance_name,Solid,12,20,0.6,0.5812760969892315,1.032211720226843,0.6,False
49,garment_group_name,Jersey Fancy,12,20,0.6,0.16672771225551242,3.5986818980667836,0.6,False
49,department_name,Jersey,12,20,0.6,0.060801406490367006,9.868192771084336,0.6,True
49,product_group_name,Garment Lower body,11,20,0.55,0.2052596879349498,2.6795324768022843,0.55,False
49,colour_group_name,Black,9,20,0.45,0.28027250750860744,1.6055802404600104,0.45,False
49,perceived_colour_master_name,Black,9,20,0.45,0.28173760164090544,1.5972308892355693,0.45,False
49,product_type_name,Trousers,6,20,0.3,0.1310526701340561,2.2891559530463947,0.3,False
49,product_group_name,Garment Upper body,6,20,0.3,0.38905574683173394,0.7710977217096592,0.3,False
49,garment_group_name,Trousers,5,20,0.25,0.0825580543549923,3.0281721384205857,0.25,False
49,department_name,Woven bottoms,5,20,0.25,0.009669621273166801,25.854166666666664,0.25,False
49,product_type_name,Leggings/Tights,4,20,0.2,0.018313676653725002,10.9208,0.2,False
49,graphical_appearance_name,Denim,4,20,0.2,0.074719800747198,2.676666666666667,0.2,False
49,product_type_name,Top,3,20,0.15,0.050692256977510806,2.959031791907514,0.15,False
49,perceived_colour_master_name,White,3,20,0.15,0.12797597245623032,1.1720950200343445,0.15,False
49,perceived_colour_master_name,Grey,3,20,0.15,0.07113032012306791,2.10880535530381,0.15,False
49,product_type_name,T-shirt,2,20,0.1,0.05757819939931141,1.7367684478371501,0.1,False
49,colour_group_name,White,2,20,0.1,0.0960369203721339,1.041266209000763,0.1,False
49,colour_group_name,Grey,2,20,0.1,0.031059995604717602,3.2195754716981133,0.1,False
49,colour_group_name,Dark Blue,2,20,0.1,0.058970038824994506,1.695776397515528,0.1,False
49,graphical_appearance_name,Melange,2,20,0.1,0.0617537176763607,1.6193357058125744,0.1,False
49,graphical_appearance_name,Stripe,2,20,0.1,0.030034429712109,3.3295121951219517,0.1,False
49,product_type_name,Underwear Tights,1,20,0.05,0.006739433008570801,7.419021739130435,0.05,False
49,product_type_name,Sweater,1,20,0.05,0.0791883378507069,0.6314061054579094,0.05,False
49,product_type_name,Dress,1,20,0.05,0.11750054941029961,0.4255299251870325,0.05,False
49,product_type_name,Underwear bottom,1,20,0.05,0.031133250311332503,1.606,0.05,False
49,product_type_name,Skirt,1,20,0.05,0.033404146216394405,1.4968201754385966,0.05,False
49,product_group_name,Socks & Tights,1,20,0.05,0.030766976778258005,1.6251190476190476,0.05,False
49,product_group_name,Garment Full body,1,20,0.05,0.1304666324811369,0.3832397529477822,0.05,False
49,product_group_name,Underwear,1,20,0.05,0.06768734891216761,0.7386904761904761,0.05,False
49,colour_group_name,Dark Orange,1,20,0.05,0.009230093033477401,5.417063492063492,0.05,False
49,colour_group_name,Dark Grey,1,20,0.05,0.029375137352574902,1.70211970074813,0.05,False
49,colour_group_name,Off White,1,20,0.05,0.030180939125338802,1.6566747572815534,0.05,False
49,colour_group_name,Pink,1,20,0.05,0.021024100798476303,2.3782229965156794,0.05,False
49,colour_group_name,Light Beige,1,20,0.05,0.0478353234195297,1.0452526799387445,0.05,False
49,perceived_colour_master_name,Red,1,20,0.05,0.0232217419969233,2.1531545741324924,0.05,False
49,perceived_colour_master_name,Blue,1,20,0.05,0.11933191707567212,0.41899938612645793,0.05,False
49,perceived_colour_master_name,Pink,1,20,0.05,0.06702805655263351,0.7459562841530054,0.05,False
49,perceived_colour_master_name,Lilac Purple,1,20,0.05,0.014724196029594901,3.395771144278607,0.05,False
49,perceived_colour_master_name,Beige,1,20,0.05,0.08482895026005421,0.5894214162348878,0.05,False
49,garment_group_name,Socks and Tights,1,20,0.05,0.030254193831953703,1.6526634382566587,0.05,False
49,garment_group_name,Knitwear,1,20,0.05,0.06695480184601861,0.7467724288840263,0.05,False
49,garment_group_name,"Under-, Nightwear",1,20,0.05,0.08475569555343931,0.5899308556611927,0.05,False
49,section_name,"Womens Nightwear, Socks & Tigh",1,20,0.05,0.034869240348692404,1.4339285714285714,0.05,False
49,section_name,Womens Lingerie,1,20,0.05,0.05765145410592631,0.8672808132147396,0.05,False
49,department_name,Tights basic,1,20,0.05,0.008277781847483701,6.040265486725664,0.05,False
49,department_name,Knitwear,1,20,0.05,0.039557541572046,1.2639814814814816,0.05,False
49,department_name,Mama Lingerie,1,20,0.05,0.0019046223719874002,26.251923076923077,0.05,False
50,index_group_name,Ladieswear,20,20,1.0,0.5894806241301004,1.6964085994780662,1.0,True
50,section_name,Mama,18,20,0.9,0.023294996703538202,38.63490566037736,0.9,True
50,graphical_appearance_name,Solid,12,20,0.6,0.5812760969892315,1.032211720226843,0.6,True
50,product_group_name,Garment Lower body,11,20,0.55,0.2052596879349498,2.6795324768022843,0.55,False
50,garment_group_name,Jersey Fancy,11,20,0.55,0.16672771225551242,3.2987917398945523,0.55,False
50,department_name,Jersey,11,20,0.55,0.060801406490367006,9.045843373493977,0.55,False
50,colour_group_name,Black,9,20,0.45,0.28027250750860744,1.6055802404600104,0.45,False
50,perceived_colour_master_name,Black,9,20,0.45,0.28173760164090544,1.5972308892355693,0.45,False
50,product_type_name,Trousers,6,20,0.3,0.1310526701340561,2.2891559530463947,0.3,False
50,product_group_name,Garment Upper body,6,20,0.3,0.38905574683173394,0.7710977217096592,0.3,False
50,garment_group_name,Trousers,5,20,0.25,0.0825580543549923,3.0281721384205857,0.25,False
50,department_name,Woven bottoms,5,20,0.25,0.009669621273166801,25.854166666666664,0.25,False
50,product_type_name,Leggings/Tights,4,20,0.2,0.018313676653725002,10.9208,0.2,False
50,graphical_appearance_name,Denim,4,20,0.2,0.074719800747198,2.676666666666667,0.2,False
50,colour_group_name,Dark Blue,3,20,0.15,0.058970038824994506,2.543664596273292,0.15,False
50,perceived_colour_master_name,White,3,20,0.15,0.12797597245623032,1.1720950200343445,0.15,False
50,perceived_colour_master_name,Grey,3,20,0.15,0.07113032012306791,2.10880535530381,0.15,False
50,product_type_name,Top,2,20,0.1,0.050692256977510806,1.9726878612716763,0.1,False
50,product_type_name,T-shirt,2,20,0.1,0.05757819939931141,1.7367684478371501,0.1,False
50,product_type_name,Sweater,2,20,0.1,0.0791883378507069,1.2628122109158189,0.1,False
50,colour_group_name,White,2,20,0.1,0.0960369203721339,1.041266209000763,0.1,False
50,colour_group_name,Grey,2,20,0.1,0.031059995604717602,3.2195754716981133,0.1,False
50,perceived_colour_master_name,Blue,2,20,0.1,0.11933191707567212,0.8379987722529159,0.1,False
50,graphical_appearance_name,Melange,2,20,0.1,0.0617537176763607,1.6193357058125744,0.1,False
50,graphical_appearance_name,Stripe,2,20,0.1,0.030034429712109,3.3295121951219517,0.1,False
50,garment_group_name,Knitwear,2,20,0.1,0.06695480184601861,1.4935448577680526,0.1,False
50,department_name,Knitwear,2,20,0.1,0.039557541572046,2.527962962962963,0.1,False
50,product_type_name,Underwear Tights,1,20,0.05,0.006739433008570801,7.419021739130435,0.05,False
50,product_type_name,Underwear bottom,1,20,0.05,0.031133250311332503,1.606,0.05,False
50,product_type_name,Dress,1,20,0.05,0.11750054941029961,0.4255299251870325,0.05,False
50,product_type_name,Skirt,1,20,0.05,0.033404146216394405,1.4968201754385966,0.05,False
50,product_group_name,Socks & Tights,1,20,0.05,0.030766976778258005,1.6251190476190476,0.05,False
50,product_group_name,Underwear,1,20,0.05,0.06768734891216761,0.7386904761904761,0.05,False
50,product_group_name,Garment Full body,1,20,0.05,0.1304666324811369,0.3832397529477822,0.05,False
50,colour_group_name,Dark Orange,1,20,0.05,0.009230093033477401,5.417063492063492,0.05,False
50,colour_group_name,Off White,1,20,0.05,0.030180939125338802,1.6566747572815534,0.05,False
50,colour_group_name,Pink,1,20,0.05,0.021024100798476303,2.3782229965156794,0.05,False
50,colour_group_name,Dark Grey,1,20,0.05,0.029375137352574902,1.70211970074813,0.05,False
50,perceived_colour_master_name,Red,1,20,0.05,0.0232217419969233,2.1531545741324924,0.05,False
50,perceived_colour_master_name,Pink,1,20,0.05,0.06702805655263351,0.7459562841530054,0.05,False
50,perceived_colour_master_name,Lilac Purple,1,20,0.05,0.014724196029594901,3.395771144278607,0.05,False
50,garment_group_name,Socks and Tights,1,20,0.05,0.030254193831953703,1.6526634382566587,0.05,False
50,garment_group_name,"Under-, Nightwear",1,20,0.05,0.08475569555343931,0.5899308556611927,0.05,False
50,section_name,"Womens Nightwear, Socks & Tigh",1,20,0.05,0.034869240348692404,1.4339285714285714,0.05,False
50,section_name,Womens Lingerie,1,20,0.05,0.05765145410592631,0.8672808132147396,0.05,False
50,department_name,Tights basic,1,20,0.05,0.008277781847483701,6.040265486725664,0.05,False
50,department_name,Mama Lingerie,1,20,0.05,0.0019046223719874002,26.251923076923077,0.05,False
51,index_group_name,Divided,19,20,0.95,0.2062119991209435,4.606909413854352,0.95,True
51,graphical_appearance_name,Solid,11,20,0.55,0.5812760969892315,0.9461940768746062,0.55,True
51,product_type_name,Trousers,10,20,0.5,0.1310526701340561,3.815259921743991,0.5,False
51,product_group_name,Garment Lower body,10,20,0.5,0.2052596879349498,2.4359386152748037,0.5,True
51,product_group_name,Garment Upper body,9,20,0.45,0.38905574683173394,1.156646582564489,0.45,False
51,section_name,Divided Collection,9,20,0.45,0.10409493809977291,4.322976776917664,0.45,False
51,garment_group_name,Trousers,8,20,0.4,0.0825580543549923,4.845075421472937,0.4,False
51,garment_group_name,Jersey Basic,8,20,0.4,0.09003003442971211,4.442961757526445,0.4,False
51,department_name,Trousers,8,20,0.4,0.0164823089883525,24.268444444444444,0.4,False
51,perceived_colour_master_name,Blue,7,20,0.35,0.11933191707567212,2.932995702885205,0.35,False
51,section_name,Divided Basics,7,20,0.35,0.03208556149732621,10.908333333333331,0.35,False
51,department_name,Basic 1,7,20,0.35,0.029228627939345102,11.97456140350877,0.35,False
51,perceived_colour_master_name,Grey,5,20,0.25,0.07113032012306791,3.5146755921730173,0.25,False
51,product_type_name,T-shirt,4,20,0.2,0.05757819939931141,3.4735368956743002,0.2,False
51,colour_group_name,Dark Blue,4,20,0.2,0.058970038824994506,3.391552795031056,0.2,False
51,colour_group_name,Black,4,20,0.2,0.28027250750860744,0.7135912179822269,0.2,False
51,colour_group_name,Grey,4,20,0.2,0.031059995604717602,6.439150943396227,0.2,False
51,perceived_colour_master_name,Black,4,20,0.2,0.28173760164090544,0.7098803952158086,0.2,False
51,colour_group_name,Blue,3,20,0.15,0.033330891509779505,4.50032967032967,0.15,False
51,graphical_appearance_name,Embroidery,3,20,0.15,0.012087026591458501,12.41,0.15,False
51,graphical_appearance_name,Denim,3,20,0.15,0.074719800747198,2.0075000000000003,0.15,False
51,garment_group_name,Trousers Denim,3,20,0.15,0.0430737674895612,3.4823979591836736,0.15,False
51,section_name,Ladies Denim,3,20,0.15,0.028862354406270604,5.1970812182741115,0.15,False
51,department_name,Denim Trousers,3,20,0.15,0.0171416013478866,8.750641025641025,0.15,False
51,product_type_name,Sweater,2,20,0.1,0.0791883378507069,1.2628122109158189,0.1,False
51,product_type_name,Top,2,20,0.1,0.050692256977510806,1.9726878612716763,0.1,False
51,perceived_colour_master_name,Pink,2,20,0.1,0.06702805655263351,1.4919125683060108,0.1,False
51,graphical_appearance_name,Melange,2,20,0.1,0.0617537176763607,1.6193357058125744,0.1,False
51,product_type_name,Unknown,1,20,0.05,0.006080140649036701,8.223493975903615,0.05,False
51,product_type_name,Hoodie,1,20,0.05,0.0206578272654018,2.420390070921986,0.05,False
51,product_group_name,Unknown,1,20,0.05,0.006080140649036701,8.223493975903615,0.05,False
51,colour_group_name,Greenish Khaki,1,20,0.05,0.027910043220276903,1.7914698162729659,0.05,False
51,colour_group_name,Dark Grey,1,20,0.05,0.029375137352574902,1.70211970074813,0.05,False
51,colour_group_name,Pink,1,20,0.05,0.021024100798476303,2.3782229965156794,0.05,False
51,colour_group_name,Light Pink,1,20,0.05,0.036773862720679805,1.3596613545816734,0.05,False
51,colour_group_name,White,1,20,0.05,0.0960369203721339,0.5206331045003815,0.05,False
51,perceived_colour_master_name,Khaki green,1,20,0.05,0.035015749761922205,1.427928870292887,0.05,False
51,perceived_colour_master_name,White,1,20,0.05,0.12797597245623032,0.3906983400114482,0.05,False
51,graphical_appearance_name,Placement print,1,20,0.05,0.014650941322980001,3.4127500000000004,0.05,False
51,garment_group_name,Jersey Fancy,1,20,0.05,0.16672771225551242,0.299890158172232,0.05,False
51,index_group_name,Ladieswear,1,20,0.05,0.5894806241301004,0.08482042997390332,0.05,False
51,section_name,Womens Everyday Basics,1,20,0.05,0.027177496154127904,1.8397574123989218,0.05,False
51,department_name,Jersey Basic,1,20,0.05,0.026737967914438502,1.87,0.05,False
51,department_name,Tops Fancy Jersey,1,20,0.05,0.015310233682514102,3.265789473684211,0.05,False
52,index_group_name,Ladieswear,18,20,0.9,0.5894806241301004,1.5267677395302597,0.9,True
52,graphical_appearance_name,Solid,10,20,0.5,0.5812760969892315,0.8601764335223693,0.5,True
52,product_type_name,Socks,9,20,0.45,0.0240275437696872,18.728506097560977,0.45,False
52,product_group_name,Socks & Tights,9,20,0.45,0.030766976778258005,14.626071428571429,0.45,False
52,garment_group_name,Socks and Tights,9,20,0.45,0.030254193831953703,14.873970944309928,0.45,False
52,garment_group_name,"Under-, Nightwear",9,20,0.45,0.08475569555343931,5.309377700950734,0.45,False
52,section_name,"Womens Nightwear, Socks & Tigh",9,20,0.45,0.034869240348692404,12.905357142857143,0.45,False
52,section_name,Womens Lingerie,9,20,0.45,0.05765145410592631,7.805527318932656,0.45,False
52,department_name,Socks,9,20,0.45,0.0071057065416453005,63.32938144329897,0.45,True
52,product_group_name,Underwear,8,20,0.4,0.06768734891216761,5.909523809523809,0.4,False
52,graphical_appearance_name,Glittering/Metallic,6,20,0.3,0.0055673577027324,53.88552631578948,0.3,False
52,product_type_name,Bra,4,20,0.2,0.0326715991502454,6.121524663677131,0.2,False
52,product_type_name,Underwear bottom,4,20,0.2,0.031133250311332503,6.424,0.2,False
52,perceived_colour_master_name,Pink,4,20,0.2,0.06702805655263351,2.9838251366120216,0.2,False
52,department_name,Expressive Lingerie,4,20,0.2,0.018313676653725002,10.9208,0.2,False
52,colour_group_name,Black,3,20,0.15,0.28027250750860744,0.5351934134866702,0.15,False
52,colour_group_name,Light Orange,3,20,0.15,0.014724196029594901,10.18731343283582,0.15,False
52,colour_group_name,White,3,20,0.15,0.0960369203721339,1.561899313501144,0.15,False
52,colour_group_name,Light Pink,3,20,0.15,0.036773862720679805,4.078984063745019,0.15,False
52,perceived_colour_master_name,Black,3,20,0.15,0.28173760164090544,0.5324102964118564,0.15,False
52,perceived_colour_master_name,Orange,3,20,0.15,0.0273972602739726,5.4750000000000005,0.15,False
52,perceived_colour_master_name,White,3,20,0.15,0.12797597245623032,1.1720950200343445,0.15,False
52,graphical_appearance_name,All over pattern,3,20,0.15,0.10709838107098381,1.400581395348837,0.15,False
52,department_name,Clean Lingerie,3,20,0.15,0.0107684418723903,13.929591836734694,0.15,False
52,product_type_name,Top,2,20,0.1,0.050692256977510806,1.9726878612716763,0.1,False
52,product_group_name,Garment Upper body,2,20,0.1,0.38905574683173394,0.25703257390321976,0.1,False
52,colour_group_name,Light Blue,2,20,0.1,0.026957732034283203,3.7095108695652175,0.1,False
52,colour_group_name,Yellowish Brown,2,20,0.1,0.0187532048934144,5.3324218750000005,0.1,False
52,perceived_colour_master_name,Blue,2,20,0.1,0.11933191707567212,0.8379987722529159,0.1,False
52,perceived_colour_master_name,Brown,2,20,0.1,0.026151930261519303,3.823809523809524,0.1,False
52,garment_group_name,Jersey Fancy,2,20,0.1,0.16672771225551242,0.599780316344464,0.1,False
52,index_group_name,Sport,2,20,0.1,0.033111127389934804,3.020132743362832,0.1,False
52,section_name,Ladies H&M Sport,2,20,0.1,0.0265182037945938,3.770994475138122,0.1,False
52,department_name,Casual Lingerie,2,20,0.1,0.017581129587576003,5.687916666666666,0.1,False
52,department_name,Ladies Sport Bras,2,20,0.1,0.014943960149439602,6.691666666666666,0.1,False
52,product_type_name,Unknown,1,20,0.05,0.006080140649036701,8.223493975903615,0.05,False
52,product_group_name,Unknown,1,20,0.05,0.006080140649036701,8.223493975903615,0.05,False
52,colour_group_name,Green,1,20,0.05,0.009742875979781702,5.131954887218045,0.05,False
52,colour_group_name,Dark Pink,1,20,0.05,0.007911508314409201,6.319907407407407,0.05,False
52,colour_group_name,Beige,1,20,0.05,0.04585744634092741,1.0903354632587858,0.05,False
52,colour_group_name,Light Grey,1,20,0.05,0.014797450736209802,3.378960396039604,0.05,False
52,perceived_colour_master_name,Khaki green,1,20,0.05,0.035015749761922205,1.427928870292887,0.05,False
52,perceived_colour_master_name,Beige,1,20,0.05,0.08482895026005421,0.5894214162348878,0.05,False
52,perceived_colour_master_name,Grey,1,20,0.05,0.07113032012306791,0.7029351184346034,0.05,False
52,graphical_appearance_name,Other pattern,1,20,0.05,0.0015383488389129002,32.50238095238095,0.05,False
53,garment_group_name,Jersey Fancy,20,20,1.0,0.16672771225551242,5.997803163444639,1.0,True
53,index_group_name,Sport,20,20,1.0,0.033111127389934804,30.201327433628318,1.0,True
53,section_name,Ladies H&M Sport,20,20,1.0,0.0265182037945938,37.709944751381215,1.0,True
53,product_group_name,Garment Upper body,18,20,0.9,0.38905574683173394,2.313293165128978,0.9,False
53,department_name,Ladies Sport Bras,18,20,0.9,0.014943960149439602,60.225,0.9,False
53,graphical_appearance_name,Solid,11,20,0.55,0.5812760969892315,0.9461940768746062,0.55,False
53,product_type_name,Top,10,20,0.5,0.050692256977510806,9.863439306358382,0.5,False
53,colour_group_name,Black,10,20,0.5,0.28027250750860744,1.783978044955567,0.5,False
53,perceived_colour_master_name,Black,10,20,0.5,0.28173760164090544,1.7747009880395215,0.5,False
53,graphical_appearance_name,Melange,7,20,0.35,0.0617537176763607,5.6676749703440095,0.35,False
53,product_type_name,Vest top,5,20,0.25,0.030107684418723902,8.30352798053528,0.25,False
53,product_type_name,T-shirt,3,20,0.15,0.05757819939931141,2.605152671755725,0.15,False
53,perceived_colour_master_name,Pink,3,20,0.15,0.06702805655263351,2.237868852459016,0.15,False
53,product_type_name,Leggings/Tights,2,20,0.1,0.018313676653725002,5.4604,0.1,False
53,product_group_name,Garment Lower body,2,20,0.1,0.2052596879349498,0.4871877230549608,0.1,False
53,colour_group_name,Light Pink,2,20,0.1,0.036773862720679805,2.7193227091633467,0.1,False
53,colour_group_name,White,2,20,0.1,0.0960369203721339,1.041266209000763,0.1,False
53,colour_group_name,Green,2,20,0.1,0.009742875979781702,10.26390977443609,0.1,False
53,perceived_colour_master_name,White,2,20,0.1,0.12797597245623032,0.7813966800228964,0.1,False
53,perceived_colour_master_name,Grey,2,20,0.1,0.07113032012306791,1.4058702368692069,0.1,False
53,department_name,Ladies Sport Bottoms,2,20,0.1,0.0068859424218006005,14.522340425531917,0.1,False
53,colour_group_name,Dark Pink,1,20,0.05,0.007911508314409201,6.319907407407407,0.05,False
53,colour_group_name,Greenish Khaki,1,20,0.05,0.027910043220276903,1.7914698162729659,0.05,False
53,colour_group_name,Orange,1,20,0.05,0.008790564793788001,5.687916666666666,0.05,False
53,colour_group_name,Beige,1,20,0.05,0.04585744634092741,1.0903354632587858,0.05,False
53,perceived_colour_master_name,Khaki green,1,20,0.05,0.035015749761922205,1.427928870292887,0.05,False
53,perceived_colour_master_name,Orange,1,20,0.05,0.0273972602739726,1.8250000000000002,0.05,False
53,perceived_colour_master_name,Beige,1,20,0.05,0.08482895026005421,0.5894214162348878,0.05,False
53,graphical_appearance_name,Mesh,1,20,0.05,0.0017581129587576003,28.439583333333335,0.05,False
53,graphical_appearance_name,All over pattern,1,20,0.05,0.10709838107098381,0.4668604651162791,0.05,False
54,index_group_name,Ladieswear,20,20,1.0,0.5894806241301004,1.6964085994780662,1.0,True
54,section_name,Mama,18,20,0.9,0.023294996703538202,38.63490566037736,0.9,True
54,graphical_appearance_name,Solid,12,20,0.6,0.5812760969892315,1.032211720226843,0.6,True
54,product_group_name,Garment Lower body,11,20,0.55,0.2052596879349498,2.6795324768022843,0.55,False
54,garment_group_name,Jersey Fancy,11,20,0.55,0.16672771225551242,3.2987917398945523,0.55,False
54,department_name,Jersey,11,20,0.55,0.060801406490367006,9.045843373493977,0.55,False
54,colour_group_name,Black,9,20,0.45,0.28027250750860744,1.6055802404600104,0.45,False
54,perceived_colour_master_name,Black,9,20,0.45,0.28173760164090544,1.5972308892355693,0.45,False
54,product_type_name,Trousers,6,20,0.3,0.1310526701340561,2.2891559530463947,0.3,False
54,product_group_name,Garment Upper body,6,20,0.3,0.38905574683173394,0.7710977217096592,0.3,False
54,garment_group_name,Trousers,5,20,0.25,0.0825580543549923,3.0281721384205857,0.25,False
54,department_name,Woven bottoms,5,20,0.25,0.009669621273166801,25.854166666666664,0.25,False
54,product_type_name,Leggings/Tights,4,20,0.2,0.018313676653725002,10.9208,0.2,False
54,graphical_appearance_name,Denim,4,20,0.2,0.074719800747198,2.676666666666667,0.2,False
54,colour_group_name,Dark Blue,3,20,0.15,0.058970038824994506,2.543664596273292,0.15,False
54,perceived_colour_master_name,White,3,20,0.15,0.12797597245623032,1.1720950200343445,0.15,False
54,perceived_colour_master_name,Grey,3,20,0.15,0.07113032012306791,2.10880535530381,0.15,False
54,product_type_name,Top,2,20,0.1,0.050692256977510806,1.9726878612716763,0.1,False
54,product_type_name,T-shirt,2,20,0.1,0.05757819939931141,1.7367684478371501,0.1,False
54,product_type_name,Sweater,2,20,0.1,0.0791883378507069,1.2628122109158189,0.1,False
54,colour_group_name,White,2,20,0.1,0.0960369203721339,1.041266209000763,0.1,False
54,colour_group_name,Grey,2,20,0.1,0.031059995604717602,3.2195754716981133,0.1,False
54,perceived_colour_master_name,Blue,2,20,0.1,0.11933191707567212,0.8379987722529159,0.1,False
54,graphical_appearance_name,Melange,2,20,0.1,0.0617537176763607,1.6193357058125744,0.1,False
54,graphical_appearance_name,Stripe,2,20,0.1,0.030034429712109,3.3295121951219517,0.1,False
54,garment_group_name,Knitwear,2,20,0.1,0.06695480184601861,1.4935448577680526,0.1,False
54,department_name,Knitwear,2,20,0.1,0.039557541572046,2.527962962962963,0.1,False
54,product_type_name,Underwear Tights,1,20,0.05,0.006739433008570801,7.419021739130435,0.05,False
54,product_type_name,Underwear bottom,1,20,0.05,0.031133250311332503,1.606,0.05,False
54,product_type_name,Dress,1,20,0.05,0.11750054941029961,0.4255299251870325,0.05,False
54,product_type_name,Skirt,1,20,0.05,0.033404146216394405,1.4968201754385966,0.05,False
54,product_group_name,Socks & Tights,1,20,0.05,0.030766976778258005,1.6251190476190476,0.05,False
54,product_group_name,Underwear,1,20,0.05,0.06768734891216761,0.7386904761904761,0.05,False
54,product_group_name,Garment Full body,1,20,0.05,0.1304666324811369,0.3832397529477822,0.05,False
54,colour_group_name,Dark Orange,1,20,0.05,0.009230093033477401,5.417063492063492,0.05,False
54,colour_group_name,Off White,1,20,0.05,0.030180939125338802,1.6566747572815534,0.05,False
54,colour_group_name,Pink,1,20,0.05,0.021024100798476303,2.3782229965156794,0.05,False
54,colour_group_name,Dark Grey,1,20,0.05,0.029375137352574902,1.70211970074813,0.05,False
54,perceived_colour_master_name,Red,1,20,0.05,0.0232217419969233,2.1531545741324924,0.05,False
54,perceived_colour_master_name,Pink,1,20,0.05,0.06702805655263351,0.7459562841530054,0.05,False
54,perceived_colour_master_name,Lilac Purple,1,20,0.05,0.014724196029594901,3.395771144278607,0.05,False
54,garment_group_name,Socks and Tights,1,20,0.05,0.030254193831953703,1.6526634382566587,0.05,False
54,garment_group_name,"Under-, Nightwear",1,20,0.05,0.08475569555343931,0.5899308556611927,0.05,False
54,section_name,"Womens Nightwear, Socks & Tigh",1,20,0.05,0.034869240348692404,1.4339285714285714,0.05,False
54,section_name,Womens Lingerie,1,20,0.05,0.05765145410592631,0.8672808132147396,0.05,False
54,department_name,Tights basic,1,20,0.05,0.008277781847483701,6.040265486725664,0.05,False
54,department_name,Mama Lingerie,1,20,0.05,0.0019046223719874002,26.251923076923077,0.05,False
55,garment_group_name,Jersey Fancy,20,20,1.0,0.16672771225551242,5.997803163444639,1.0,True
55,index_group_name,Sport,20,20,1.0,0.033111127389934804,30.201327433628318,1.0,True
55,section_name,Ladies H&M Sport,20,20,1.0,0.0265182037945938,37.709944751381215,1.0,True
55,product_group_name,Garment Upper body,18,20,0.9,0.38905574683173394,2.313293165128978,0.9,False
55,department_name,Ladies Sport Bras,18,20,0.9,0.014943960149439602,60.225,0.9,False
55,graphical_appearance_name,Solid,11,20,0.55,0.5812760969892315,0.9461940768746062,0.55,False
55,product_type_name,Top,10,20,0.5,0.050692256977510806,9.863439306358382,0.5,False
55,perceived_colour_master_name,Black,10,20,0.5,0.28173760164090544,1.7747009880395215,0.5,False
55,colour_group_name,Black,9,20,0.45,0.28027250750860744,1.6055802404600104,0.45,False
55,graphical_appearance_name,Melange,7,20,0.35,0.0617537176763607,5.6676749703440095,0.35,False
55,product_type_name,Vest top,5,20,0.25,0.030107684418723902,8.30352798053528,0.25,False
55,product_type_name,T-shirt,3,20,0.15,0.05757819939931141,2.605152671755725,0.15,False
55,perceived_colour_master_name,Pink,3,20,0.15,0.06702805655263351,2.237868852459016,0.15,False
55,product_type_name,Leggings/Tights,2,20,0.1,0.018313676653725002,5.4604,0.1,False
55,product_group_name,Garment Lower body,2,20,0.1,0.2052596879349498,0.4871877230549608,0.1,False
55,colour_group_name,Light Pink,2,20,0.1,0.036773862720679805,2.7193227091633467,0.1,False
55,colour_group_name,White,2,20,0.1,0.0960369203721339,1.041266209000763,0.1,False
55,colour_group_name,Green,2,20,0.1,0.009742875979781702,10.26390977443609,0.1,False
55,perceived_colour_master_name,White,2,20,0.1,0.12797597245623032,0.7813966800228964,0.1,False
55,perceived_colour_master_name,Grey,2,20,0.1,0.07113032012306791,1.4058702368692069,0.1,False
55,department_name,Ladies Sport Bottoms,2,20,0.1,0.0068859424218006005,14.522340425531917,0.1,False
55,colour_group_name,Dark Pink,1,20,0.05,0.007911508314409201,6.319907407407407,0.05,False
55,colour_group_name,Greenish Khaki,1,20,0.05,0.027910043220276903,1.7914698162729659,0.05,False
55,colour_group_name,Orange,1,20,0.05,0.008790564793788001,5.687916666666666,0.05,False
55,colour_group_name,Beige,1,20,0.05,0.04585744634092741,1.0903354632587858,0.05,False
55,colour_group_name,Dark Grey,1,20,0.05,0.029375137352574902,1.70211970074813,0.05,False
55,perceived_colour_master_name,Khaki green,1,20,0.05,0.035015749761922205,1.427928870292887,0.05,False
55,perceived_colour_master_name,Orange,1,20,0.05,0.0273972602739726,1.8250000000000002,0.05,False
55,perceived_colour_master_name,Beige,1,20,0.05,0.08482895026005421,0.5894214162348878,0.05,False
55,graphical_appearance_name,All over pattern,1,20,0.05,0.10709838107098381,0.4668604651162791,0.05,False
55,graphical_appearance_name,Mesh,1,20,0.05,0.0017581129587576003,28.439583333333335,0.05,False
56,index_group_name,Ladieswear,15,20,0.75,0.5894806241301004,1.2723064496085497,0.75,True
56,product_group_name,Swimwear,12,20,0.6,0.0397773056918907,15.083977900552485,0.6,False
56,garment_group_name,Swimwear,12,20,0.6,0.038531975679437405,15.57148288973384,0.6,True
56,section_name,"Womens Swimwear, beachwear",12,20,0.6,0.0374331550802139,16.02857142857143,0.6,False
56,department_name,Swimwear,12,20,0.6,0.038531975679437405,15.57148288973384,0.6,True
56,graphical_appearance_name,All over pattern,9,20,0.45,0.10709838107098381,4.201744186046512,0.45,False
56,colour_group_name,Black,8,20,0.4,0.28027250750860744,1.4271824359644538,0.4,False
56,perceived_colour_master_name,Black,8,20,0.4,0.28173760164090544,1.4197607904316172,0.4,False
56,graphical_appearance_name,Solid,8,20,0.4,0.5812760969892315,0.6881411468178954,0.4,False
56,product_type_name,Bikini top,7,20,0.35,0.0171416013478866,20.418162393162394,0.35,False
56,product_type_name,Swimwear bottom,5,20,0.25,0.016702073108197203,14.968201754385964,0.25,False
56,colour_group_name,Light Blue,5,20,0.25,0.026957732034283203,9.273777173913043,0.25,False
56,perceived_colour_master_name,Blue,5,20,0.25,0.11933191707567212,2.0949969306322895,0.25,False
56,index_group_name,Divided,5,20,0.25,0.2062119991209435,1.2123445825932504,0.25,False
56,section_name,Divided Collection,4,20,0.2,0.10409493809977291,1.9213230119634062,0.2,False
56,product_group_name,Garment Full body,3,20,0.15,0.1304666324811369,1.1497192588433465,0.15,False
56,product_group_name,Garment Lower body,3,20,0.15,0.2052596879349498,0.7307815845824411,0.15,False
56,product_type_name,Dress,2,20,0.1,0.11750054941029961,0.851059850374065,0.1,False
56,product_type_name,Shorts,2,20,0.1,0.022049666691084904,4.535215946843854,0.1,False
56,product_group_name,Garment Upper body,2,20,0.1,0.38905574683173394,0.25703257390321976,0.1,False
56,colour_group_name,Dark Orange,2,20,0.1,0.009230093033477401,10.834126984126984,0.1,False
56,colour_group_name,Yellow,2,20,0.1,0.011354479525309501,8.807096774193548,0.1,False
56,perceived_colour_master_name,Orange,2,20,0.1,0.0273972602739726,3.6500000000000004,0.1,False
56,perceived_colour_master_name,Yellow,2,20,0.1,0.022635704344004103,4.4177993527508095,0.1,False
56,graphical_appearance_name,Denim,2,20,0.1,0.074719800747198,1.3383333333333336,0.1,False
56,garment_group_name,Dresses Ladies,2,20,0.1,0.06651527360632921,1.5034140969162997,0.1,False
56,garment_group_name,Blouses,2,20,0.1,0.0860742802725075,1.1617872340425532,0.1,False
56,section_name,Womens Tailoring,2,20,0.1,0.06343857592850341,1.5763279445727483,0.1,False
56,department_name,Tops Woven,2,20,0.1,0.015236978975899202,6.562980769230769,0.1,False
56,product_type_name,Vest top,1,20,0.05,0.030107684418723902,1.660705596107056,0.05,False
56,product_type_name,Jumpsuit/Playsuit,1,20,0.05,0.005933631235806901,8.426543209876543,0.05,False
56,product_type_name,Skirt,1,20,0.05,0.033404146216394405,1.4968201754385966,0.05,False
56,product_type_name,Blouse,1,20,0.05,0.045344663394623105,1.1026655896607431,0.05,False
56,colour_group_name,Green,1,20,0.05,0.009742875979781702,5.131954887218045,0.05,False
56,colour_group_name,Turquoise,1,20,0.05,0.0028569335579811004,17.50128205128205,0.05,False
56,colour_group_name,Light Beige,1,20,0.05,0.0478353234195297,1.0452526799387445,0.05,False
56,perceived_colour_master_name,Green,1,20,0.05,0.027910043220276903,1.7914698162729659,0.05,False
56,perceived_colour_master_name,Turquoise,1,20,0.05,0.009230093033477401,5.417063492063492,0.05,False
56,perceived_colour_master_name,Beige,1,20,0.05,0.08482895026005421,0.5894214162348878,0.05,False
56,graphical_appearance_name,Stripe,1,20,0.05,0.030034429712109,1.6647560975609759,0.05,False
56,garment_group_name,Skirts,1,20,0.05,0.0195590066661783,2.556367041198502,0.05,False
56,garment_group_name,Trousers Denim,1,20,0.05,0.0430737674895612,1.1607993197278912,0.05,False
56,garment_group_name,Jersey Fancy,1,20,0.05,0.16672771225551242,0.299890158172232,0.05,False
56,garment_group_name,Shorts,1,20,0.05,0.014064903670060802,3.554947916666667,0.05,False
56,section_name,Ladies Denim,1,20,0.05,0.028862354406270604,1.7323604060913707,0.05,False
56,section_name,Womens Casual,1,20,0.05,0.039557541572046,1.2639814814814816,0.05,False
56,department_name,Dress,1,20,0.05,0.035894806241301,1.3929591836734696,0.05,False
56,department_name,Dresses,1,20,0.05,0.021024100798476303,2.3782229965156794,0.05,False
56,department_name,Skirts,1,20,0.05,0.007838253607794301,6.378971962616823,0.05,False
56,department_name,Denim Other Garments,1,20,0.05,0.0066661783019559,7.500549450549451,0.05,False
56,department_name,Jersey,1,20,0.05,0.060801406490367006,0.8223493975903615,0.05,False
56,department_name,Shorts & Skirts,1,20,0.05,0.0033697165042854004,14.83804347826087,0.05,False
57,garment_group_name,Jersey Fancy,20,20,1.0,0.16672771225551242,5.997803163444639,1.0,True
57,index_group_name,Sport,20,20,1.0,0.033111127389934804,30.201327433628318,1.0,True
57,section_name,Ladies H&M Sport,20,20,1.0,0.0265182037945938,37.709944751381215,1.0,True
57,product_group_name,Garment Upper body,18,20,0.9,0.38905574683173394,2.313293165128978,0.9,False
57,department_name,Ladies Sport Bras,18,20,0.9,0.014943960149439602,60.225,0.9,False
57,product_type_name,Top,11,20,0.55,0.050692256977510806,10.84978323699422,0.55,False
57,graphical_appearance_name,Solid,11,20,0.55,0.5812760969892315,0.9461940768746062,0.55,False
57,colour_group_name,Black,10,20,0.5,0.28027250750860744,1.783978044955567,0.5,False
57,perceived_colour_master_name,Black,10,20,0.5,0.28173760164090544,1.7747009880395215,0.5,False
57,graphical_appearance_name,Melange,7,20,0.35,0.0617537176763607,5.6676749703440095,0.35,False
57,product_type_name,Vest top,4,20,0.2,0.030107684418723902,6.642822384428224,0.2,False
57,product_type_name,T-shirt,3,20,0.15,0.05757819939931141,2.605152671755725,0.15,False
57,perceived_colour_master_name,Pink,3,20,0.15,0.06702805655263351,2.237868852459016,0.15,False
57,product_type_name,Leggings/Tights,2,20,0.1,0.018313676653725002,5.4604,0.1,False
57,product_group_name,Garment Lower body,2,20,0.1,0.2052596879349498,0.4871877230549608,0.1,False
57,colour_group_name,Light Pink,2,20,0.1,0.036773862720679805,2.7193227091633467,0.1,False
57,colour_group_name,White,2,20,0.1,0.0960369203721339,1.041266209000763,0.1,False
57,colour_group_name,Green,2,20,0.1,0.009742875979781702,10.26390977443609,0.1,False
57,perceived_colour_master_name,White,2,20,0.1,0.12797597245623032,0.7813966800228964,0.1,False
57,perceived_colour_master_name,Grey,2,20,0.1,0.07113032012306791,1.4058702368692069,0.1,False
57,department_name,Ladies Sport Bottoms,2,20,0.1,0.0068859424218006005,14.522340425531917,0.1,False
57,colour_group_name,Dark Pink,1,20,0.05,0.007911508314409201,6.319907407407407,0.05,False
57,colour_group_name,Greenish Khaki,1,20,0.05,0.027910043220276903,1.7914698162729659,0.05,False
57,colour_group_name,Orange,1,20,0.05,0.008790564793788001,5.687916666666666,0.05,False
57,colour_group_name,Beige,1,20,0.05,0.04585744634092741,1.0903354632587858,0.05,False
57,perceived_colour_master_name,Khaki green,1,20,0.05,0.035015749761922205,1.427928870292887,0.05,False
57,perceived_colour_master_name,Orange,1,20,0.05,0.0273972602739726,1.8250000000000002,0.05,False
57,perceived_colour_master_name,Beige,1,20,0.05,0.08482895026005421,0.5894214162348878,0.05,False
57,graphical_appearance_name,Mesh,1,20,0.05,0.0017581129587576003,28.439583333333335,0.05,False
57,graphical_appearance_name,All over pattern,1,20,0.05,0.10709838107098381,0.4668604651162791,0.05,False
58,index_group_name,Ladieswear,19,20,0.95,0.5894806241301004,1.611588169504163,0.95,True
58,graphical_appearance_name,Solid,9,20,0.45,0.5812760969892315,0.7741587901701323,0.45,True
58,section_name,Womens Tailoring,9,20,0.45,0.06343857592850341,7.093475750577367,0.45,True
58,product_group_name,Garment Lower body,7,20,0.35,0.2052596879349498,1.7051570306923627,0.35,False
58,product_group_name,Garment Upper body,6,20,0.3,0.38905574683173394,0.7710977217096592,0.3,False
58,section_name,Womens Everyday Collection,6,20,0.3,0.12218885063365321,2.4552158273381295,0.3,False
58,product_type_name,Dress,5,20,0.25,0.11750054941029961,2.1276496259351623,0.25,False
58,product_group_name,Garment Full body,5,20,0.25,0.1304666324811369,1.9161987647389107,0.25,False
58,perceived_colour_master_name,White,5,20,0.25,0.12797597245623032,1.9534917000572407,0.25,False
58,product_type_name,Skirt,4,20,0.2,0.033404146216394405,5.987280701754386,0.2,False
58,colour_group_name,Off White,4,20,0.2,0.030180939125338802,6.626699029126214,0.2,False
58,colour_group_name,Black,4,20,0.2,0.28027250750860744,0.7135912179822269,0.2,False
58,perceived_colour_master_name,Black,4,20,0.2,0.28173760164090544,0.7098803952158086,0.2,False
58,graphical_appearance_name,All over pattern,4,20,0.2,0.10709838107098381,1.8674418604651164,0.2,False
58,garment_group_name,Blouses,4,20,0.2,0.0860742802725075,2.3235744680851065,0.2,False
58,garment_group_name,Dresses Ladies,4,20,0.2,0.06651527360632921,3.0068281938325994,0.2,False
58,product_type_name,Blouse,3,20,0.15,0.045344663394623105,3.307996768982229,0.15,False
58,product_type_name,Trousers,3,20,0.15,0.1310526701340561,1.1445779765231974,0.15,False
58,colour_group_name,Beige,3,20,0.15,0.04585744634092741,3.2710063897763577,0.15,False
58,perceived_colour_master_name,Beige,3,20,0.15,0.08482895026005421,1.768264248704663,0.15,False
58,graphical_appearance_name,Other structure,3,20,0.15,0.022855468463848803,6.5629807692307685,0.15,False
58,garment_group_name,Skirts,3,20,0.15,0.0195590066661783,7.669101123595506,0.15,False
58,garment_group_name,Trousers,3,20,0.15,0.0825580543549923,1.8169032830523513,0.15,False
58,department_name,Blouse,3,20,0.15,0.043293531609405904,3.464720812182741,0.15,False
58,department_name,Dress,3,20,0.15,0.035894806241301,4.178877551020408,0.15,False
58,department_name,Skirt,3,20,0.15,0.011647498351769101,12.878301886792453,0.15,False
58,colour_group_name,Yellowish Brown,2,20,0.1,0.0187532048934144,5.3324218750000005,0.1,False
58,perceived_colour_master_name,Red,2,20,0.1,0.0232217419969233,4.306309148264985,0.1,False
58,perceived_colour_master_name,Brown,2,20,0.1,0.026151930261519303,3.823809523809524,0.1,False
58,garment_group_name,Knitwear,2,20,0.1,0.06695480184601861,1.4935448577680526,0.1,False
58,section_name,Womens Trend,2,20,0.1,0.030986740898102702,3.227186761229315,0.1,False
58,department_name,Knitwear,2,20,0.1,0.039557541572046,2.527962962962963,0.1,False
58,department_name,Trouser,2,20,0.1,0.0446121163284741,2.2415435139573074,0.1,False
58,product_type_name,Cardigan,1,20,0.05,0.014064903670060802,3.554947916666667,0.05,False
58,product_type_name,Blazer,1,20,0.05,0.014211413083290601,3.5182989690721653,0.05,False
58,product_type_name,Top,1,20,0.05,0.050692256977510806,0.9863439306358381,0.05,False
58,product_type_name,Boots,1,20,0.05,0.009303347740092302,5.374409448818898,0.05,False
58,product_type_name,Pyjama bottom,1,20,0.05,0.0025639147315215,19.501428571428573,0.05,False
58,product_group_name,Shoes,1,20,0.05,0.026957732034283203,1.8547554347826087,0.05,False
58,product_group_name,Nightwear,1,20,0.05,0.009669621273166801,5.170833333333333,0.05,False
58,colour_group_name,Greenish Khaki,1,20,0.05,0.027910043220276903,1.7914698162729659,0.05,False
58,colour_group_name,Light Purple,1,20,0.05,0.008717310087173101,5.735714285714286,0.05,False
58,colour_group_name,Light Beige,1,20,0.05,0.0478353234195297,1.0452526799387445,0.05,False
58,colour_group_name,Dark Red,1,20,0.05,0.0128195736576075,3.900285714285715,0.05,False
58,colour_group_name,Red,1,20,0.05,0.009156838326862501,5.4604,0.05,False
58,colour_group_name,Light Orange,1,20,0.05,0.014724196029594901,3.395771144278607,0.05,False
58,colour_group_name,Light Pink,1,20,0.05,0.036773862720679805,1.3596613545816734,0.05,False
58,perceived_colour_master_name,Khaki green,1,20,0.05,0.035015749761922205,1.427928870292887,0.05,False
58,perceived_colour_master_name,Lilac Purple,1,20,0.05,0.014724196029594901,3.395771144278607,0.05,False
58,perceived_colour_master_name,Orange,1,20,0.05,0.0273972602739726,1.8250000000000002,0.05,False
58,perceived_colour_master_name,Pink,1,20,0.05,0.06702805655263351,0.7459562841530054,0.05,False
58,graphical_appearance_name,Contrast,1,20,0.05,0.0034429712109003002,14.522340425531917,0.05,False
58,graphical_appearance_name,Check,1,20,0.05,0.023001977877078604,2.1737261146496816,0.05,False
58,graphical_appearance_name,Lace,1,20,0.05,0.012673064244377702,3.9453757225433526,0.05,False
58,graphical_appearance_name,Treatment,1,20,0.05,0.003955754157204601,12.639814814814814,0.05,False
58,garment_group_name,Dressed,1,20,0.05,0.013112592484067102,3.813128491620112,0.05,False
58,garment_group_name,Jersey Fancy,1,20,0.05,0.16672771225551242,0.299890158172232,0.05,False
58,garment_group_name,Shoes,1,20,0.05,0.026811222621053402,1.8648907103825139,0.05,False
58,garment_group_name,"Under-, Nightwear",1,20,0.05,0.08475569555343931,0.5899308556611927,0.05,False
58,index_group_name,Divided,1,20,0.05,0.2062119991209435,0.2424689165186501,0.05,False
58,section_name,Divided Collection,1,20,0.05,0.10409493809977291,0.48033075299085154,0.05,False
58,section_name,Womens Shoes,1,20,0.05,0.023734524943227604,2.106635802469136,0.05,False
58,section_name,"Womens Nightwear, Socks & Tigh",1,20,0.05,0.034869240348692404,1.4339285714285714,0.05,False
58,department_name,Trousers & Skirt,1,20,0.05,0.0028569335579811004,17.50128205128205,0.05,False
58,department_name,Dresses,1,20,0.05,0.021024100798476303,2.3782229965156794,0.05,False
58,department_name,Suit,1,20,0.05,0.0057871218225771,8.63987341772152,0.05,False
58,department_name,Jersey fancy,1,20,0.05,0.0247600908358362,2.0193786982248523,0.05,False
58,department_name,Boots,1,20,0.05,0.0066661783019559,7.500549450549451,0.05,False
58,department_name,Blouse & Dress,1,20,0.05,0.013478866017141601,3.7095108695652175,0.05,False
58,department_name,Loungewear,1,20,0.05,0.009596366566551901,5.21030534351145,0.05,False
59,index_group_name,Ladieswear,20,20,1.0,0.5894806241301004,1.6964085994780662,1.0,True
59,section_name,Mama,18,20,0.9,0.023294996703538202,38.63490566037736,0.9,True
59,graphical_appearance_name,Solid,12,20,0.6,0.5812760969892315,1.032211720226843,0.6,True
59,product_group_name,Garment Lower body,11,20,0.55,0.2052596879349498,2.6795324768022843,0.55,False
59,garment_group_name,Jersey Fancy,11,20,0.55,0.16672771225551242,3.2987917398945523,0.55,False
59,department_name,Jersey,11,20,0.55,0.060801406490367006,9.045843373493977,0.55,False
59,colour_group_name,Black,9,20,0.45,0.28027250750860744,1.6055802404600104,0.45,False
59,perceived_colour_master_name,Black,9,20,0.45,0.28173760164090544,1.5972308892355693,0.45,False
59,product_type_name,Trousers,6,20,0.3,0.1310526701340561,2.2891559530463947,0.3,False
59,product_group_name,Garment Upper body,6,20,0.3,0.38905574683173394,0.7710977217096592,0.3,False
59,garment_group_name,Trousers,5,20,0.25,0.0825580543549923,3.0281721384205857,0.25,False
59,department_name,Woven bottoms,5,20,0.25,0.009669621273166801,25.854166666666664,0.25,False
59,product_type_name,Leggings/Tights,4,20,0.2,0.018313676653725002,10.9208,0.2,False
59,graphical_appearance_name,Denim,4,20,0.2,0.074719800747198,2.676666666666667,0.2,False
59,colour_group_name,Dark Blue,3,20,0.15,0.058970038824994506,2.543664596273292,0.15,False
59,perceived_colour_master_name,White,3,20,0.15,0.12797597245623032,1.1720950200343445,0.15,False
59,perceived_colour_master_name,Grey,3,20,0.15,0.07113032012306791,2.10880535530381,0.15,False
59,product_type_name,Top,2,20,0.1,0.050692256977510806,1.9726878612716763,0.1,False
59,product_type_name,T-shirt,2,20,0.1,0.05757819939931141,1.7367684478371501,0.1,False
59,product_type_name,Sweater,2,20,0.1,0.0791883378507069,1.2628122109158189,0.1,False
59,colour_group_name,White,2,20,0.1,0.0960369203721339,1.041266209000763,0.1,False
59,colour_group_name,Grey,2,20,0.1,0.031059995604717602,3.2195754716981133,0.1,False
59,perceived_colour_master_name,Blue,2,20,0.1,0.11933191707567212,0.8379987722529159,0.1,False
59,graphical_appearance_name,Melange,2,20,0.1,0.0617537176763607,1.6193357058125744,0.1,False
59,graphical_appearance_name,Stripe,2,20,0.1,0.030034429712109,3.3295121951219517,0.1,False
59,garment_group_name,Knitwear,2,20,0.1,0.06695480184601861,1.4935448577680526,0.1,False
59,department_name,Knitwear,2,20,0.1,0.039557541572046,2.527962962962963,0.1,False
59,product_type_name,Underwear Tights,1,20,0.05,0.006739433008570801,7.419021739130435,0.05,False
59,product_type_name,Underwear bottom,1,20,0.05,0.031133250311332503,1.606,0.05,False
59,product_type_name,Dress,1,20,0.05,0.11750054941029961,0.4255299251870325,0.05,False
59,product_type_name,Skirt,1,20,0.05,0.033404146216394405,1.4968201754385966,0.05,False
59,product_group_name,Socks & Tights,1,20,0.05,0.030766976778258005,1.6251190476190476,0.05,False
59,product_group_name,Underwear,1,20,0.05,0.06768734891216761,0.7386904761904761,0.05,False
59,product_group_name,Garment Full body,1,20,0.05,0.1304666324811369,0.3832397529477822,0.05,False
59,colour_group_name,Dark Orange,1,20,0.05,0.009230093033477401,5.417063492063492,0.05,False
59,colour_group_name,Off White,1,20,0.05,0.030180939125338802,1.6566747572815534,0.05,False
59,colour_group_name,Pink,1,20,0.05,0.021024100798476303,2.3782229965156794,0.05,False
59,colour_group_name,Dark Grey,1,20,0.05,0.029375137352574902,1.70211970074813,0.05,False
59,perceived_colour_master_name,Red,1,20,0.05,0.0232217419969233,2.1531545741324924,0.05,False
59,perceived_colour_master_name,Pink,1,20,0.05,0.06702805655263351,0.7459562841530054,0.05,False
59,perceived_colour_master_name,Lilac Purple,1,20,0.05,0.014724196029594901,3.395771144278607,0.05,False
59,garment_group_name,Socks and Tights,1,20,0.05,0.030254193831953703,1.6526634382566587,0.05,False
59,garment_group_name,"Under-, Nightwear",1,20,0.05,0.08475569555343931,0.5899308556611927,0.05,False
59,section_name,"Womens Nightwear, Socks & Tigh",1,20,0.05,0.034869240348692404,1.4339285714285714,0.05,False
59,section_name,Womens Lingerie,1,20,0.05,0.05765145410592631,0.8672808132147396,0.05,False
59,department_name,Tights basic,1,20,0.05,0.008277781847483701,6.040265486725664,0.05,False
59,department_name,Mama Lingerie,1,20,0.05,0.0019046223719874002,26.251923076923077,0.05,False
60,graphical_appearance_name,Solid,15,20,0.75,0.5812760969892315,1.290264650283554,0.75,True
60,product_group_name,Garment Upper body,11,20,0.55,0.38905574683173394,1.4136791564677087,0.55,False
60,garment_group_name,Jersey Basic,11,20,0.55,0.09003003442971211,6.1090724165988615,0.55,True
60,index_group_name,Menswear,11,20,0.55,0.10438795692623251,5.26880701754386,0.55,False
60,section_name,Men Underwear,11,20,0.55,0.0358215515346861,15.353885480572599,0.55,False
60,department_name,Blanks,11,20,0.55,0.0014650941322980001,375.40250000000003,0.55,True
60,index_group_name,Divided,9,20,0.45,0.2062119991209435,2.182220248667851,0.45,False
60,perceived_colour_master_name,Black,6,20,0.3,0.28173760164090544,1.0648205928237129,0.3,False
60,product_type_name,Trousers,5,20,0.25,0.1310526701340561,1.9076299608719955,0.25,False
60,product_group_name,Garment Lower body,5,20,0.25,0.2052596879349498,1.2179693076374019,0.25,False
60,colour_group_name,Black,5,20,0.25,0.28027250750860744,0.8919890224777836,0.25,False
60,perceived_colour_master_name,Beige,5,20,0.25,0.08482895026005421,2.9471070811744386,0.25,False
60,product_type_name,Sweater,4,20,0.2,0.0791883378507069,2.5256244218316377,0.2,False
60,product_group_name,Accessories,4,20,0.2,0.092300930334774,2.166825396825397,0.2,False
60,colour_group_name,Yellowish Brown,4,20,0.2,0.0187532048934144,10.664843750000001,0.2,False
60,perceived_colour_master_name,Brown,4,20,0.2,0.026151930261519303,7.647619047619048,0.2,False
60,perceived_colour_master_name,White,4,20,0.2,0.12797597245623032,1.5627933600457928,0.2,False
60,garment_group_name,Accessories,4,20,0.2,0.0962566844919786,2.077777777777778,0.2,False
60,section_name,Divided Accessories,4,20,0.2,0.013991648963445902,14.294240837696336,0.2,False
60,section_name,Divided Collection,4,20,0.2,0.10409493809977291,1.9213230119634062,0.2,False
60,product_type_name,Hoodie,3,20,0.15,0.0206578272654018,7.261170212765958,0.15,False
60,colour_group_name,Dark Beige,3,20,0.15,0.012966083070837301,11.56864406779661,0.15,False
60,colour_group_name,Off White,3,20,0.15,0.030180939125338802,4.97002427184466,0.15,False
60,garment_group_name,Knitwear,3,20,0.15,0.06695480184601861,2.2403172866520786,0.15,False
60,department_name,Tops Knitwear,3,20,0.15,0.014357922496520402,10.44719387755102,0.15,False
60,product_type_name,Bag,2,20,0.1,0.009156838326862501,10.9208,0.1,False
60,product_type_name,Hat/beanie,2,20,0.1,0.0038092447439748004,26.251923076923077,0.1,False
60,product_type_name,T-shirt,2,20,0.1,0.05757819939931141,1.7367684478371501,0.1,False
60,colour_group_name,Light Beige,2,20,0.1,0.0478353234195297,2.090505359877489,0.1,False
60,graphical_appearance_name,Placement print,2,20,0.1,0.014650941322980001,6.825500000000001,0.1,False
60,graphical_appearance_name,All over pattern,2,20,0.1,0.10709838107098381,0.9337209302325582,0.1,False
60,department_name,Bags,2,20,0.1,0.009596366566551901,10.4206106870229,0.1,False
60,department_name,Knit & Woven,2,20,0.1,0.0045417918101238,22.017741935483873,0.1,False
60,product_type_name,Cardigan,1,20,0.05,0.014064903670060802,3.554947916666667,0.05,False
60,product_type_name,Top,1,20,0.05,0.050692256977510806,0.9863439306358381,0.05,False
60,colour_group_name,White,1,20,0.05,0.0960369203721339,0.5206331045003815,0.05,False
60,colour_group_name,Dark Blue,1,20,0.05,0.058970038824994506,0.847888198757764,0.05,False
60,colour_group_name,Dark Grey,1,20,0.05,0.029375137352574902,1.70211970074813,0.05,False
60,perceived_colour_master_name,Blue,1,20,0.05,0.11933191707567212,0.41899938612645793,0.05,False
60,graphical_appearance_name,Jacquard,1,20,0.05,0.005127829463043,9.750714285714286,0.05,False
60,garment_group_name,Special Offers,1,20,0.05,0.0035162259175152005,14.219791666666667,0.05,False
60,garment_group_name,Trousers,1,20,0.05,0.0825580543549923,0.6056344276841171,0.05,False
60,section_name,Divided Projects,1,20,0.05,0.022049666691084904,2.267607973421927,0.05,False
60,department_name,Promotion/ Other /Offer,1,20,0.05,0.0002930188264596,170.63750000000002,0.05,False
60,department_name,Trousers,1,20,0.05,0.0164823089883525,3.0335555555555556,0.05,False
61,index_group_name,Ladieswear,19,20,0.95,0.5894806241301004,1.611588169504163,0.95,True
61,graphical_appearance_name,Solid,10,20,0.5,0.5812760969892315,0.8601764335223693,0.5,True
61,section_name,Womens Tailoring,10,20,0.5,0.06343857592850341,7.881639722863741,0.5,True
61,product_group_name,Garment Upper body,7,20,0.35,0.38905574683173394,0.8996140086612691,0.35,False
61,product_group_name,Garment Lower body,7,20,0.35,0.2052596879349498,1.7051570306923627,0.35,False
61,section_name,Womens Everyday Collection,6,20,0.3,0.12218885063365321,2.4552158273381295,0.3,False
61,product_type_name,Dress,5,20,0.25,0.11750054941029961,2.1276496259351623,0.25,False
61,product_group_name,Garment Full body,5,20,0.25,0.1304666324811369,1.9161987647389107,0.25,False
61,colour_group_name,Black,5,20,0.25,0.28027250750860744,0.8919890224777836,0.25,False
61,perceived_colour_master_name,Black,5,20,0.25,0.28173760164090544,0.8873504940197607,0.25,False
61,perceived_colour_master_name,Beige,5,20,0.25,0.08482895026005421,2.9471070811744386,0.25,False
61,product_type_name,Trousers,4,20,0.2,0.1310526701340561,1.5261039686975966,0.2,False
61,perceived_colour_master_name,White,4,20,0.2,0.12797597245623032,1.5627933600457928,0.2,False
61,graphical_appearance_name,All over pattern,4,20,0.2,0.10709838107098381,1.8674418604651164,0.2,False
61,garment_group_name,Blouses,4,20,0.2,0.0860742802725075,2.3235744680851065,0.2,False
61,garment_group_name,Dresses Ladies,4,20,0.2,0.06651527360632921,3.0068281938325994,0.2,False
61,garment_group_name,Trousers,4,20,0.2,0.0825580543549923,2.4225377107364685,0.2,False
61,product_type_name,Blouse,3,20,0.15,0.045344663394623105,3.307996768982229,0.15,False
61,product_type_name,Skirt,3,20,0.15,0.033404146216394405,4.490460526315789,0.15,False
61,colour_group_name,Off White,3,20,0.15,0.030180939125338802,4.97002427184466,0.15,False
61,colour_group_name,Beige,3,20,0.15,0.04585744634092741,3.2710063897763577,0.15,False
61,graphical_appearance_name,Other structure,3,20,0.15,0.022855468463848803,6.5629807692307685,0.15,False
61,department_name,Blouse,3,20,0.15,0.043293531609405904,3.464720812182741,0.15,False
61,department_name,Dress,3,20,0.15,0.035894806241301,4.178877551020408,0.15,False
61,department_name,Trouser,3,20,0.15,0.0446121163284741,3.3623152709359605,0.15,False
61,product_type_name,Blazer,2,20,0.1,0.014211413083290601,7.036597938144331,0.1,False
61,colour_group_name,Light Beige,2,20,0.1,0.0478353234195297,2.090505359877489,0.1,False
61,perceived_colour_master_name,Red,2,20,0.1,0.0232217419969233,4.306309148264985,0.1,False
61,garment_group_name,Skirts,2,20,0.1,0.0195590066661783,5.112734082397004,0.1,False
61,garment_group_name,Knitwear,2,20,0.1,0.06695480184601861,1.4935448577680526,0.1,False
61,garment_group_name,Dressed,2,20,0.1,0.013112592484067102,7.626256983240224,0.1,False
61,section_name,Womens Trend,2,20,0.1,0.030986740898102702,3.227186761229315,0.1,False
61,department_name,Skirt,2,20,0.1,0.011647498351769101,8.58553459119497,0.1,False
61,department_name,Knitwear,2,20,0.1,0.039557541572046,2.527962962962963,0.1,False
61,product_type_name,Cardigan,1,20,0.05,0.014064903670060802,3.554947916666667,0.05,False
61,product_type_name,Top,1,20,0.05,0.050692256977510806,0.9863439306358381,0.05,False
61,product_type_name,Boots,1,20,0.05,0.009303347740092302,5.374409448818898,0.05,False
61,product_group_name,Shoes,1,20,0.05,0.026957732034283203,1.8547554347826087,0.05,False
61,colour_group_name,Greenish Khaki,1,20,0.05,0.027910043220276903,1.7914698162729659,0.05,False
61,colour_group_name,Light Purple,1,20,0.05,0.008717310087173101,5.735714285714286,0.05,False
61,colour_group_name,Dark Red,1,20,0.05,0.0128195736576075,3.900285714285715,0.05,False
61,colour_group_name,Yellowish Brown,1,20,0.05,0.0187532048934144,2.6662109375000003,0.05,False
61,colour_group_name,Light Pink,1,20,0.05,0.036773862720679805,1.3596613545816734,0.05,False
61,colour_group_name,Red,1,20,0.05,0.009156838326862501,5.4604,0.05,False
61,colour_group_name,Dark Beige,1,20,0.05,0.012966083070837301,3.856214689265537,0.05,False
61,perceived_colour_master_name,Khaki green,1,20,0.05,0.035015749761922205,1.427928870292887,0.05,False
61,perceived_colour_master_name,Lilac Purple,1,20,0.05,0.014724196029594901,3.395771144278607,0.05,False
61,perceived_colour_master_name,Brown,1,20,0.05,0.026151930261519303,1.911904761904762,0.05,False
61,perceived_colour_master_name,Pink,1,20,0.05,0.06702805655263351,0.7459562841530054,0.05,False
61,graphical_appearance_name,Contrast,1,20,0.05,0.0034429712109003002,14.522340425531917,0.05,False
61,graphical_appearance_name,Check,1,20,0.05,0.023001977877078604,2.1737261146496816,0.05,False
61,graphical_appearance_name,Lace,1,20,0.05,0.012673064244377702,3.9453757225433526,0.05,False
61,garment_group_name,Jersey Fancy,1,20,0.05,0.16672771225551242,0.299890158172232,0.05,False
61,garment_group_name,Shoes,1,20,0.05,0.026811222621053402,1.8648907103825139,0.05,False
61,index_group_name,Divided,1,20,0.05,0.2062119991209435,0.2424689165186501,0.05,False
61,section_name,Divided Collection,1,20,0.05,0.10409493809977291,0.48033075299085154,0.05,False
61,section_name,Womens Shoes,1,20,0.05,0.023734524943227604,2.106635802469136,0.05,False
61,department_name,Trousers & Skirt,1,20,0.05,0.0028569335579811004,17.50128205128205,0.05,False
61,department_name,Suit jacket,1,20,0.05,0.0053475935828877,9.350000000000001,0.05,False
61,department_name,Dresses,1,20,0.05,0.021024100798476303,2.3782229965156794,0.05,False
61,department_name,Suit,1,20,0.05,0.0057871218225771,8.63987341772152,0.05,False
61,department_name,Blouse & Dress,1,20,0.05,0.013478866017141601,3.7095108695652175,0.05,False
61,department_name,Jersey fancy,1,20,0.05,0.0247600908358362,2.0193786982248523,0.05,False
61,department_name,Boots,1,20,0.05,0.0066661783019559,7.500549450549451,0.05,False
62,index_group_name,Ladieswear,15,20,0.75,0.5894806241301004,1.2723064496085497,0.75,True
62,product_group_name,Swimwear,12,20,0.6,0.0397773056918907,15.083977900552485,0.6,False
62,garment_group_name,Swimwear,12,20,0.6,0.038531975679437405,15.57148288973384,0.6,True
62,section_name,"Womens Swimwear, beachwear",12,20,0.6,0.0374331550802139,16.02857142857143,0.6,False
62,department_name,Swimwear,12,20,0.6,0.038531975679437405,15.57148288973384,0.6,True
62,graphical_appearance_name,All over pattern,9,20,0.45,0.10709838107098381,4.201744186046512,0.45,False
62,colour_group_name,Black,8,20,0.4,0.28027250750860744,1.4271824359644538,0.4,False
62,perceived_colour_master_name,Black,8,20,0.4,0.28173760164090544,1.4197607904316172,0.4,False
62,graphical_appearance_name,Solid,8,20,0.4,0.5812760969892315,0.6881411468178954,0.4,False
62,product_type_name,Bikini top,7,20,0.35,0.0171416013478866,20.418162393162394,0.35,False
62,product_type_name,Swimwear bottom,5,20,0.25,0.016702073108197203,14.968201754385964,0.25,False
62,colour_group_name,Light Blue,5,20,0.25,0.026957732034283203,9.273777173913043,0.25,False
62,perceived_colour_master_name,Blue,5,20,0.25,0.11933191707567212,2.0949969306322895,0.25,False
62,index_group_name,Divided,5,20,0.25,0.2062119991209435,1.2123445825932504,0.25,False
62,section_name,Divided Collection,4,20,0.2,0.10409493809977291,1.9213230119634062,0.2,False
62,product_group_name,Garment Full body,3,20,0.15,0.1304666324811369,1.1497192588433465,0.15,False
62,product_group_name,Garment Lower body,3,20,0.15,0.2052596879349498,0.7307815845824411,0.15,False
62,product_type_name,Dress,2,20,0.1,0.11750054941029961,0.851059850374065,0.1,False
62,product_type_name,Shorts,2,20,0.1,0.022049666691084904,4.535215946843854,0.1,False
62,product_group_name,Garment Upper body,2,20,0.1,0.38905574683173394,0.25703257390321976,0.1,False
62,colour_group_name,Dark Orange,2,20,0.1,0.009230093033477401,10.834126984126984,0.1,False
62,colour_group_name,Yellow,2,20,0.1,0.011354479525309501,8.807096774193548,0.1,False
62,perceived_colour_master_name,Orange,2,20,0.1,0.0273972602739726,3.6500000000000004,0.1,False
62,perceived_colour_master_name,Yellow,2,20,0.1,0.022635704344004103,4.4177993527508095,0.1,False
62,graphical_appearance_name,Denim,2,20,0.1,0.074719800747198,1.3383333333333336,0.1,False
62,garment_group_name,Dresses Ladies,2,20,0.1,0.06651527360632921,1.5034140969162997,0.1,False
62,garment_group_name,Blouses,2,20,0.1,0.0860742802725075,1.1617872340425532,0.1,False
62,section_name,Womens Tailoring,2,20,0.1,0.06343857592850341,1.5763279445727483,0.1,False
62,department_name,Tops Woven,2,20,0.1,0.015236978975899202,6.562980769230769,0.1,False
62,product_type_name,Vest top,1,20,0.05,0.030107684418723902,1.660705596107056,0.05,False
62,product_type_name,Skirt,1,20,0.05,0.033404146216394405,1.4968201754385966,0.05,False
62,product_type_name,Jumpsuit/Playsuit,1,20,0.05,0.005933631235806901,8.426543209876543,0.05,False
62,product_type_name,Blouse,1,20,0.05,0.045344663394623105,1.1026655896607431,0.05,False
62,colour_group_name,Green,1,20,0.05,0.009742875979781702,5.131954887218045,0.05,False
62,colour_group_name,Turquoise,1,20,0.05,0.0028569335579811004,17.50128205128205,0.05,False
62,colour_group_name,Light Beige,1,20,0.05,0.0478353234195297,1.0452526799387445,0.05,False
62,perceived_colour_master_name,Green,1,20,0.05,0.027910043220276903,1.7914698162729659,0.05,False
62,perceived_colour_master_name,Turquoise,1,20,0.05,0.009230093033477401,5.417063492063492,0.05,False
62,perceived_colour_master_name,Beige,1,20,0.05,0.08482895026005421,0.5894214162348878,0.05,False
62,graphical_appearance_name,Stripe,1,20,0.05,0.030034429712109,1.6647560975609759,0.05,False
62,garment_group_name,Skirts,1,20,0.05,0.0195590066661783,2.556367041198502,0.05,False
62,garment_group_name,Trousers Denim,1,20,0.05,0.0430737674895612,1.1607993197278912,0.05,False
62,garment_group_name,Jersey Fancy,1,20,0.05,0.16672771225551242,0.299890158172232,0.05,False
62,garment_group_name,Shorts,1,20,0.05,0.014064903670060802,3.554947916666667,0.05,False
62,section_name,Ladies Denim,1,20,0.05,0.028862354406270604,1.7323604060913707,0.05,False
62,section_name,Womens Casual,1,20,0.05,0.039557541572046,1.2639814814814816,0.05,False
62,department_name,Dress,1,20,0.05,0.035894806241301,1.3929591836734696,0.05,False
62,department_name,Skirts,1,20,0.05,0.007838253607794301,6.378971962616823,0.05,False
62,department_name,Dresses,1,20,0.05,0.021024100798476303,2.3782229965156794,0.05,False
62,department_name,Denim Other Garments,1,20,0.05,0.0066661783019559,7.500549450549451,0.05,False
62,department_name,Jersey,1,20,0.05,0.060801406490367006,0.8223493975903615,0.05,False
62,department_name,Shorts & Skirts,1,20,0.05,0.0033697165042854004,14.83804347826087,0.05,False
63,index_group_name,Ladieswear,18,20,0.9,0.5894806241301004,1.5267677395302597,0.9,True
63,section_name,H&M+,18,20,0.9,0.026811222621053402,33.56803278688525,0.9,True
63,graphical_appearance_name,Solid,16,20,0.8,0.5812760969892315,1.3762822936357908,0.8,True
63,product_group_name,Garment Upper body,13,20,0.65,0.38905574683173394,1.6707117303709282,0.65,False
63,colour_group_name,Black,11,20,0.55,0.28027250750860744,1.962375849451124,0.55,False
63,perceived_colour_master_name,Black,11,20,0.55,0.28173760164090544,1.9521710868434738,0.55,False
63,garment_group_name,Jersey Fancy,6,20,0.3,0.16672771225551242,1.7993409490333918,0.3,False
63,department_name,Jersey,6,20,0.3,0.060801406490367006,4.934096385542168,0.3,False
63,product_type_name,Sweater,5,20,0.25,0.0791883378507069,3.157030527289547,0.25,False
63,garment_group_name,Knitwear,5,20,0.25,0.06695480184601861,3.733862144420131,0.25,False
63,garment_group_name,Blouses,5,20,0.25,0.0860742802725075,2.904468085106383,0.25,False
63,department_name,Knitwear,5,20,0.25,0.039557541572046,6.319907407407408,0.25,False
63,department_name,Woven top,5,20,0.25,0.007032451835030401,35.549479166666664,0.25,False
63,product_type_name,Dress,4,20,0.2,0.11750054941029961,1.70211970074813,0.2,False
63,product_group_name,Garment Full body,4,20,0.2,0.1304666324811369,1.5329590117911287,0.2,False
63,product_type_name,Top,3,20,0.15,0.050692256977510806,2.959031791907514,0.15,False
63,product_group_name,Garment Lower body,3,20,0.15,0.2052596879349498,0.7307815845824411,0.15,False
63,perceived_colour_master_name,Khaki green,3,20,0.15,0.035015749761922205,4.283786610878661,0.15,False
63,product_type_name,Trousers,2,20,0.1,0.1310526701340561,0.7630519843487983,0.1,False
63,colour_group_name,Greenish Khaki,2,20,0.1,0.027910043220276903,3.5829396325459317,0.1,False
63,graphical_appearance_name,Check,2,20,0.1,0.023001977877078604,4.347452229299363,0.1,False
63,garment_group_name,Trousers,2,20,0.1,0.0825580543549923,1.2112688553682343,0.1,False
63,index_group_name,Divided,2,20,0.1,0.2062119991209435,0.4849378330373002,0.1,False
63,department_name,Woven bottoms,2,20,0.1,0.009669621273166801,10.341666666666667,0.1,False
63,product_type_name,Cardigan,1,20,0.05,0.014064903670060802,3.554947916666667,0.05,False
63,product_type_name,Leggings/Tights,1,20,0.05,0.018313676653725002,2.7302,0.05,False
63,product_type_name,Blouse,1,20,0.05,0.045344663394623105,1.1026655896607431,0.05,False
63,product_type_name,T-shirt,1,20,0.05,0.05757819939931141,0.8683842239185751,0.05,False
63,product_type_name,Hoodie,1,20,0.05,0.0206578272654018,2.420390070921986,0.05,False
63,product_type_name,Shirt,1,20,0.05,0.031646033257636805,1.5799768518518518,0.05,False
63,colour_group_name,Dark Orange,1,20,0.05,0.009230093033477401,5.417063492063492,0.05,False
63,colour_group_name,Yellow,1,20,0.05,0.011354479525309501,4.403548387096774,0.05,False
63,colour_group_name,Beige,1,20,0.05,0.04585744634092741,1.0903354632587858,0.05,False
63,colour_group_name,Greyish Beige,1,20,0.05,0.0040290088638195,12.410000000000002,0.05,False
63,colour_group_name,Dark Grey,1,20,0.05,0.029375137352574902,1.70211970074813,0.05,False
63,colour_group_name,Dark Green,1,20,0.05,0.018533440773569703,2.6978260869565216,0.05,False
63,colour_group_name,Off White,1,20,0.05,0.030180939125338802,1.6566747572815534,0.05,False
63,perceived_colour_master_name,Brown,1,20,0.05,0.026151930261519303,1.911904761904762,0.05,False
63,perceived_colour_master_name,Yellow,1,20,0.05,0.022635704344004103,2.2088996763754047,0.05,False
63,perceived_colour_master_name,Mole,1,20,0.05,0.021097355505091203,2.3699652777777778,0.05,False
63,perceived_colour_master_name,Grey,1,20,0.05,0.07113032012306791,0.7029351184346034,0.05,False
63,perceived_colour_master_name,Green,1,20,0.05,0.027910043220276903,1.7914698162729659,0.05,False
63,perceived_colour_master_name,White,1,20,0.05,0.12797597245623032,0.3906983400114482,0.05,False
63,graphical_appearance_name,Stripe,1,20,0.05,0.030034429712109,1.6647560975609759,0.05,False
63,graphical_appearance_name,All over pattern,1,20,0.05,0.10709838107098381,0.4668604651162791,0.05,False
63,garment_group_name,Unknown,1,20,0.05,0.016921837228041903,2.9547619047619045,0.05,False
63,garment_group_name,Jersey Basic,1,20,0.05,0.09003003442971211,0.5553702196908056,0.05,False
63,section_name,Divided Projects,1,20,0.05,0.022049666691084904,2.267607973421927,0.05,False
63,section_name,Divided Basics,1,20,0.05,0.03208556149732621,1.5583333333333333,0.05,False
63,department_name,Divided+,1,20,0.05,0.007398725368104901,6.757920792079208,0.05,False
63,department_name,OL Extended Sizes,1,20,0.05,0.005054574756428101,9.892028985507247,0.05,False
64,index_group_name,Ladieswear,19,20,0.95,0.5894806241301004,1.611588169504163,0.95,True
64,graphical_appearance_name,Solid,9,20,0.45,0.5812760969892315,0.7741587901701323,0.45,True
64,section_name,Womens Tailoring,8,20,0.4,0.06343857592850341,6.305311778290993,0.4,True
64,product_group_name,Garment Upper body,6,20,0.3,0.38905574683173394,0.7710977217096592,0.3,False
64,product_group_name,Garment Lower body,6,20,0.3,0.2052596879349498,1.4615631691648823,0.3,False
64,section_name,Womens Everyday Collection,6,20,0.3,0.12218885063365321,2.4552158273381295,0.3,False
64,product_type_name,Dress,5,20,0.25,0.11750054941029961,2.1276496259351623,0.25,False
64,product_group_name,Garment Full body,5,20,0.25,0.1304666324811369,1.9161987647389107,0.25,False
64,colour_group_name,Black,5,20,0.25,0.28027250750860744,0.8919890224777836,0.25,False
64,perceived_colour_master_name,Black,5,20,0.25,0.28173760164090544,0.8873504940197607,0.25,False
64,graphical_appearance_name,All over pattern,5,20,0.25,0.10709838107098381,2.3343023255813953,0.25,False
64,perceived_colour_master_name,White,4,20,0.2,0.12797597245623032,1.5627933600457928,0.2,False
64,perceived_colour_master_name,Beige,4,20,0.2,0.08482895026005421,2.357685664939551,0.2,False
64,garment_group_name,Dresses Ladies,4,20,0.2,0.06651527360632921,3.0068281938325994,0.2,False
64,product_type_name,Skirt,3,20,0.15,0.033404146216394405,4.490460526315789,0.15,False
64,product_type_name,Trousers,3,20,0.15,0.1310526701340561,1.1445779765231974,0.15,False
64,colour_group_name,Off White,3,20,0.15,0.030180939125338802,4.97002427184466,0.15,False
64,colour_group_name,Beige,3,20,0.15,0.04585744634092741,3.2710063897763577,0.15,False
64,graphical_appearance_name,Other structure,3,20,0.15,0.022855468463848803,6.5629807692307685,0.15,False
64,garment_group_name,Blouses,3,20,0.15,0.0860742802725075,1.7426808510638299,0.15,False
64,garment_group_name,Trousers,3,20,0.15,0.0825580543549923,1.8169032830523513,0.15,False
64,department_name,Dress,3,20,0.15,0.035894806241301,4.178877551020408,0.15,False
64,product_type_name,Blouse,2,20,0.1,0.045344663394623105,2.2053311793214863,0.1,False
64,product_type_name,Blazer,2,20,0.1,0.014211413083290601,7.036597938144331,0.1,False
64,product_type_name,Boots,2,20,0.1,0.009303347740092302,10.748818897637795,0.1,False
64,product_group_name,Shoes,2,20,0.1,0.026957732034283203,3.7095108695652175,0.1,False
64,colour_group_name,Light Beige,2,20,0.1,0.0478353234195297,2.090505359877489,0.1,False
64,colour_group_name,Yellowish Brown,2,20,0.1,0.0187532048934144,5.3324218750000005,0.1,False
64,perceived_colour_master_name,Red,2,20,0.1,0.0232217419969233,4.306309148264985,0.1,False
64,perceived_colour_master_name,Brown,2,20,0.1,0.026151930261519303,3.823809523809524,0.1,False
64,garment_group_name,Skirts,2,20,0.1,0.0195590066661783,5.112734082397004,0.1,False
64,garment_group_name,Knitwear,2,20,0.1,0.06695480184601861,1.4935448577680526,0.1,False
64,garment_group_name,Dressed,2,20,0.1,0.013112592484067102,7.626256983240224,0.1,False
64,garment_group_name,Shoes,2,20,0.1,0.026811222621053402,3.7297814207650277,0.1,False
64,section_name,Womens Trend,2,20,0.1,0.030986740898102702,3.227186761229315,0.1,False
64,section_name,Womens Shoes,2,20,0.1,0.023734524943227604,4.213271604938272,0.1,False
64,department_name,Blouse,2,20,0.1,0.043293531609405904,2.309813874788494,0.1,False
64,department_name,Skirt,2,20,0.1,0.011647498351769101,8.58553459119497,0.1,False
64,department_name,Trouser,2,20,0.1,0.0446121163284741,2.2415435139573074,0.1,False
64,department_name,Knitwear,2,20,0.1,0.039557541572046,2.527962962962963,0.1,False
64,department_name,Boots,2,20,0.1,0.0066661783019559,15.001098901098903,0.1,False
64,product_type_name,Cardigan,1,20,0.05,0.014064903670060802,3.554947916666667,0.05,False
64,product_type_name,Top,1,20,0.05,0.050692256977510806,0.9863439306358381,0.05,False
64,product_type_name,Pyjama bottom,1,20,0.05,0.0025639147315215,19.501428571428573,0.05,False
64,product_group_name,Nightwear,1,20,0.05,0.009669621273166801,5.170833333333333,0.05,False
64,colour_group_name,Greenish Khaki,1,20,0.05,0.027910043220276903,1.7914698162729659,0.05,False
64,colour_group_name,Light Purple,1,20,0.05,0.008717310087173101,5.735714285714286,0.05,False
64,colour_group_name,Red,1,20,0.05,0.009156838326862501,5.4604,0.05,False
64,colour_group_name,Light Orange,1,20,0.05,0.014724196029594901,3.395771144278607,0.05,False
64,colour_group_name,Dark Red,1,20,0.05,0.0128195736576075,3.900285714285715,0.05,False
64,perceived_colour_master_name,Khaki green,1,20,0.05,0.035015749761922205,1.427928870292887,0.05,False
64,perceived_colour_master_name,Lilac Purple,1,20,0.05,0.014724196029594901,3.395771144278607,0.05,False
64,perceived_colour_master_name,Orange,1,20,0.05,0.0273972602739726,1.8250000000000002,0.05,False
64,graphical_appearance_name,Contrast,1,20,0.05,0.0034429712109003002,14.522340425531917,0.05,False
64,graphical_appearance_name,Lace,1,20,0.05,0.012673064244377702,3.9453757225433526,0.05,False
64,graphical_appearance_name,Check,1,20,0.05,0.023001977877078604,2.1737261146496816,0.05,False
64,garment_group_name,Jersey Fancy,1,20,0.05,0.16672771225551242,0.299890158172232,0.05,False
64,garment_group_name,"Under-, Nightwear",1,20,0.05,0.08475569555343931,0.5899308556611927,0.05,False
64,index_group_name,Divided,1,20,0.05,0.2062119991209435,0.2424689165186501,0.05,False
64,section_name,Divided Collection,1,20,0.05,0.10409493809977291,0.48033075299085154,0.05,False
64,section_name,"Womens Nightwear, Socks & Tigh",1,20,0.05,0.034869240348692404,1.4339285714285714,0.05,False
64,department_name,Trousers & Skirt,1,20,0.05,0.0028569335579811004,17.50128205128205,0.05,False
64,department_name,Dresses,1,20,0.05,0.021024100798476303,2.3782229965156794,0.05,False
64,department_name,Suit jacket,1,20,0.05,0.0053475935828877,9.350000000000001,0.05,False
64,department_name,Jersey fancy,1,20,0.05,0.0247600908358362,2.0193786982248523,0.05,False
64,department_name,Blouse & Dress,1,20,0.05,0.013478866017141601,3.7095108695652175,0.05,False
64,department_name,Loungewear,1,20,0.05,0.009596366566551901,5.21030534351145,0.05,False
64,department_name,Suit,1,20,0.05,0.0057871218225771,8.63987341772152,0.05,False
65,index_group_name,Menswear,19,20,0.95,0.10438795692623251,9.100666666666665,0.95,True
65,product_group_name,Garment Upper body,18,20,0.9,0.38905574683173394,2.313293165128978,0.9,True
65,garment_group_name,Jersey Basic,15,20,0.75,0.09003003442971211,8.330553295362083,0.75,True
65,section_name,Men Underwear,15,20,0.75,0.0358215515346861,20.93711656441718,0.75,False
65,graphical_appearance_name,Solid,13,20,0.65,0.5812760969892315,1.11822936357908,0.65,False
65,department_name,Heavy Basic Jersey,12,20,0.6,0.006080140649036701,98.68192771084337,0.6,False
65,product_type_name,Sweater,10,20,0.5,0.0791883378507069,6.314061054579094,0.5,False
65,product_type_name,Hoodie,4,20,0.2,0.0206578272654018,9.681560283687944,0.2,False
65,colour_group_name,Dark Green,4,20,0.2,0.018533440773569703,10.791304347826086,0.2,False
65,colour_group_name,Black,4,20,0.2,0.28027250750860744,0.7135912179822269,0.2,False
65,perceived_colour_master_name,Grey,4,20,0.2,0.07113032012306791,2.8117404737384137,0.2,False
65,perceived_colour_master_name,Black,4,20,0.2,0.28173760164090544,0.7098803952158086,0.2,False
65,graphical_appearance_name,Melange,4,20,0.2,0.0617537176763607,3.2386714116251487,0.2,False
65,product_type_name,T-shirt,3,20,0.15,0.05757819939931141,2.605152671755725,0.15,False
65,perceived_colour_master_name,Green,3,20,0.15,0.027910043220276903,5.374409448818898,0.15,False
65,perceived_colour_master_name,Blue,3,20,0.15,0.11933191707567212,1.2569981583793737,0.15,False
65,department_name,Light Basic Jersey,3,20,0.15,0.013771884843601201,10.891755319148936,0.15,False
65,product_type_name,Trousers,2,20,0.1,0.1310526701340561,0.7630519843487983,0.1,False
65,product_group_name,Garment Lower body,2,20,0.1,0.2052596879349498,0.4871877230549608,0.1,False
65,colour_group_name,Grey,2,20,0.1,0.031059995604717602,3.2195754716981133,0.1,False
65,colour_group_name,Yellowish Brown,2,20,0.1,0.0187532048934144,5.3324218750000005,0.1,False
65,colour_group_name,Dark Grey,2,20,0.1,0.029375137352574902,3.40423940149626,0.1,False
65,colour_group_name,White,2,20,0.1,0.0960369203721339,1.041266209000763,0.1,False
65,perceived_colour_master_name,Brown,2,20,0.1,0.026151930261519303,3.823809523809524,0.1,False
65,perceived_colour_master_name,White,2,20,0.1,0.12797597245623032,0.7813966800228964,0.1,False
65,graphical_appearance_name,Denim,2,20,0.1,0.074719800747198,1.3383333333333336,0.1,False
65,garment_group_name,Knitwear,2,20,0.1,0.06695480184601861,1.4935448577680526,0.1,False
65,garment_group_name,Trousers Denim,2,20,0.1,0.0430737674895612,2.3215986394557824,0.1,False
65,section_name,Contemporary Smart,2,20,0.1,0.0180206578272654,5.549186991869919,0.1,False
65,section_name,Denim Men,2,20,0.1,0.0085708006739433,11.667521367521369,0.1,False
65,department_name,Knitwear,2,20,0.1,0.039557541572046,2.527962962962963,0.1,False
65,department_name,Denim trousers,2,20,0.1,0.007984763021024101,12.523853211009174,0.1,False
65,product_type_name,Shirt,1,20,0.05,0.031646033257636805,1.5799768518518518,0.05,False
65,colour_group_name,Light Beige,1,20,0.05,0.0478353234195297,1.0452526799387445,0.05,False
65,colour_group_name,Blue,1,20,0.05,0.033330891509779505,1.5001098901098902,0.05,False
65,colour_group_name,Dark Blue,1,20,0.05,0.058970038824994506,0.847888198757764,0.05,False
65,colour_group_name,Light Blue,1,20,0.05,0.026957732034283203,1.8547554347826087,0.05,False
65,perceived_colour_master_name,Beige,1,20,0.05,0.08482895026005421,0.5894214162348878,0.05,False
65,perceived_colour_master_name,Khaki green,1,20,0.05,0.035015749761922205,1.427928870292887,0.05,False
65,graphical_appearance_name,Check,1,20,0.05,0.023001977877078604,2.1737261146496816,0.05,False
65,garment_group_name,Blouses,1,20,0.05,0.0860742802725075,0.5808936170212766,0.05,False
65,index_group_name,Ladieswear,1,20,0.05,0.5894806241301004,0.08482042997390332,0.05,False
65,section_name,Womens Casual,1,20,0.05,0.039557541572046,1.2639814814814816,0.05,False
65,department_name,Blouse,1,20,0.05,0.043293531609405904,1.154906937394247,0.05,False
66,index_group_name,Divided,19,20,0.95,0.2062119991209435,4.606909413854352,0.95,True
66,graphical_appearance_name,Solid,12,20,0.6,0.5812760969892315,1.032211720226843,0.6,True
66,product_type_name,Trousers,10,20,0.5,0.1310526701340561,3.815259921743991,0.5,False
66,product_group_name,Garment Lower body,10,20,0.5,0.2052596879349498,2.4359386152748037,0.5,True
66,product_group_name,Garment Upper body,9,20,0.45,0.38905574683173394,1.156646582564489,0.45,False
66,garment_group_name,Jersey Basic,9,20,0.45,0.09003003442971211,4.99833197721725,0.45,False
66,garment_group_name,Trousers,8,20,0.4,0.0825580543549923,4.845075421472937,0.4,False
66,section_name,Divided Collection,8,20,0.4,0.10409493809977291,3.8426460239268123,0.4,False
66,section_name,Divided Basics,8,20,0.4,0.03208556149732621,12.466666666666667,0.4,False
66,department_name,Trousers,8,20,0.4,0.0164823089883525,24.268444444444444,0.4,False
66,department_name,Basic 1,8,20,0.4,0.029228627939345102,13.685213032581455,0.4,False
66,perceived_colour_master_name,Blue,7,20,0.35,0.11933191707567212,2.932995702885205,0.35,False
66,perceived_colour_master_name,Grey,5,20,0.25,0.07113032012306791,3.5146755921730173,0.25,False
66,product_type_name,T-shirt,4,20,0.2,0.05757819939931141,3.4735368956743002,0.2,False
66,colour_group_name,Dark Blue,4,20,0.2,0.058970038824994506,3.391552795031056,0.2,False
66,colour_group_name,Black,4,20,0.2,0.28027250750860744,0.7135912179822269,0.2,False
66,colour_group_name,Grey,4,20,0.2,0.031059995604717602,6.439150943396227,0.2,False
66,perceived_colour_master_name,Black,4,20,0.2,0.28173760164090544,0.7098803952158086,0.2,False
66,product_type_name,Top,3,20,0.15,0.050692256977510806,2.959031791907514,0.15,False
66,colour_group_name,Blue,3,20,0.15,0.033330891509779505,4.50032967032967,0.15,False
66,graphical_appearance_name,Embroidery,3,20,0.15,0.012087026591458501,12.41,0.15,False
66,graphical_appearance_name,Denim,3,20,0.15,0.074719800747198,2.0075000000000003,0.15,False
66,garment_group_name,Trousers Denim,3,20,0.15,0.0430737674895612,3.4823979591836736,0.15,False
66,section_name,Ladies Denim,3,20,0.15,0.028862354406270604,5.1970812182741115,0.15,False
66,department_name,Denim Trousers,3,20,0.15,0.0171416013478866,8.750641025641025,0.15,False
66,product_type_name,Sweater,2,20,0.1,0.0791883378507069,1.2628122109158189,0.1,False
66,colour_group_name,Greenish Khaki,2,20,0.1,0.027910043220276903,3.5829396325459317,0.1,False
66,perceived_colour_master_name,Khaki green,2,20,0.1,0.035015749761922205,2.855857740585774,0.1,False
66,graphical_appearance_name,Melange,2,20,0.1,0.0617537176763607,1.6193357058125744,0.1,False
66,product_type_name,Unknown,1,20,0.05,0.006080140649036701,8.223493975903615,0.05,False
66,product_group_name,Unknown,1,20,0.05,0.006080140649036701,8.223493975903615,0.05,False
66,colour_group_name,Dark Grey,1,20,0.05,0.029375137352574902,1.70211970074813,0.05,False
66,colour_group_name,Pink,1,20,0.05,0.021024100798476303,2.3782229965156794,0.05,False
66,colour_group_name,White,1,20,0.05,0.0960369203721339,0.5206331045003815,0.05,False
66,perceived_colour_master_name,Pink,1,20,0.05,0.06702805655263351,0.7459562841530054,0.05,False
66,perceived_colour_master_name,White,1,20,0.05,0.12797597245623032,0.3906983400114482,0.05,False
66,index_group_name,Ladieswear,1,20,0.05,0.5894806241301004,0.08482042997390332,0.05,False
66,section_name,Womens Everyday Basics,1,20,0.05,0.027177496154127904,1.8397574123989218,0.05,False
66,department_name,Jersey Basic,1,20,0.05,0.026737967914438502,1.87,0.05,False
67,index_group_name,Ladieswear,19,20,0.95,0.5894806241301004,1.611588169504163,0.95,True
67,graphical_appearance_name,Solid,11,20,0.55,0.5812760969892315,0.9461940768746062,0.55,True
67,section_name,Womens Tailoring,10,20,0.5,0.06343857592850341,7.881639722863741,0.5,True
67,product_group_name,Garment Lower body,8,20,0.4,0.2052596879349498,1.948750892219843,0.4,False
67,product_group_name,Garment Upper body,6,20,0.3,0.38905574683173394,0.7710977217096592,0.3,False
67,product_type_name,Trousers,5,20,0.25,0.1310526701340561,1.9076299608719955,0.25,False
67,perceived_colour_master_name,Beige,5,20,0.25,0.08482895026005421,2.9471070811744386,0.25,False
67,garment_group_name,Trousers,5,20,0.25,0.0825580543549923,3.0281721384205857,0.25,False
67,section_name,Womens Everyday Collection,5,20,0.25,0.12218885063365321,2.0460131894484412,0.25,False
67,product_type_name,Dress,4,20,0.2,0.11750054941029961,1.70211970074813,0.2,False
67,product_group_name,Garment Full body,4,20,0.2,0.1304666324811369,1.5329590117911287,0.2,False
67,colour_group_name,Black,4,20,0.2,0.28027250750860744,0.7135912179822269,0.2,False
67,colour_group_name,Beige,4,20,0.2,0.04585744634092741,4.361341853035143,0.2,False
67,perceived_colour_master_name,Black,4,20,0.2,0.28173760164090544,0.7098803952158086,0.2,False
67,graphical_appearance_name,All over pattern,4,20,0.2,0.10709838107098381,1.8674418604651164,0.2,False
67,garment_group_name,Blouses,4,20,0.2,0.0860742802725075,2.3235744680851065,0.2,False
67,department_name,Trouser,4,20,0.2,0.0446121163284741,4.483087027914615,0.2,False
67,product_type_name,Blouse,3,20,0.15,0.045344663394623105,3.307996768982229,0.15,False
67,product_type_name,Skirt,3,20,0.15,0.033404146216394405,4.490460526315789,0.15,False
67,perceived_colour_master_name,White,3,20,0.15,0.12797597245623032,1.1720950200343445,0.15,False
67,graphical_appearance_name,Other structure,3,20,0.15,0.022855468463848803,6.5629807692307685,0.15,False
67,garment_group_name,Dresses Ladies,3,20,0.15,0.06651527360632921,2.2551211453744493,0.15,False
67,department_name,Blouse,3,20,0.15,0.043293531609405904,3.464720812182741,0.15,False
67,product_type_name,Blazer,2,20,0.1,0.014211413083290601,7.036597938144331,0.1,False
67,product_type_name,Boots,2,20,0.1,0.009303347740092302,10.748818897637795,0.1,False
67,product_group_name,Shoes,2,20,0.1,0.026957732034283203,3.7095108695652175,0.1,False
67,colour_group_name,Off White,2,20,0.1,0.030180939125338802,3.313349514563107,0.1,False
67,colour_group_name,Light Beige,2,20,0.1,0.0478353234195297,2.090505359877489,0.1,False
67,colour_group_name,Yellowish Brown,2,20,0.1,0.0187532048934144,5.3324218750000005,0.1,False
67,perceived_colour_master_name,Red,2,20,0.1,0.0232217419969233,4.306309148264985,0.1,False
67,perceived_colour_master_name,Brown,2,20,0.1,0.026151930261519303,3.823809523809524,0.1,False
67,garment_group_name,Skirts,2,20,0.1,0.0195590066661783,5.112734082397004,0.1,False
67,garment_group_name,Knitwear,2,20,0.1,0.06695480184601861,1.4935448577680526,0.1,False
67,garment_group_name,Dressed,2,20,0.1,0.013112592484067102,7.626256983240224,0.1,False
67,garment_group_name,Shoes,2,20,0.1,0.026811222621053402,3.7297814207650277,0.1,False
67,section_name,Womens Trend,2,20,0.1,0.030986740898102702,3.227186761229315,0.1,False
67,section_name,Womens Shoes,2,20,0.1,0.023734524943227604,4.213271604938272,0.1,False
67,department_name,Dress,2,20,0.1,0.035894806241301,2.785918367346939,0.1,False
67,department_name,Skirt,2,20,0.1,0.011647498351769101,8.58553459119497,0.1,False
67,department_name,Knitwear,2,20,0.1,0.039557541572046,2.527962962962963,0.1,False
67,department_name,Boots,2,20,0.1,0.0066661783019559,15.001098901098903,0.1,False
67,product_type_name,Cardigan,1,20,0.05,0.014064903670060802,3.554947916666667,0.05,False
67,colour_group_name,Greenish Khaki,1,20,0.05,0.027910043220276903,1.7914698162729659,0.05,False
67,colour_group_name,Light Purple,1,20,0.05,0.008717310087173101,5.735714285714286,0.05,False
67,colour_group_name,Dark Red,1,20,0.05,0.0128195736576075,3.900285714285715,0.05,False
67,colour_group_name,Dark Beige,1,20,0.05,0.012966083070837301,3.856214689265537,0.05,False
67,colour_group_name,Red,1,20,0.05,0.009156838326862501,5.4604,0.05,False
67,colour_group_name,Light Pink,1,20,0.05,0.036773862720679805,1.3596613545816734,0.05,False
67,perceived_colour_master_name,Khaki green,1,20,0.05,0.035015749761922205,1.427928870292887,0.05,False
67,perceived_colour_master_name,Lilac Purple,1,20,0.05,0.014724196029594901,3.395771144278607,0.05,False
67,perceived_colour_master_name,Mole,1,20,0.05,0.021097355505091203,2.3699652777777778,0.05,False
67,perceived_colour_master_name,Pink,1,20,0.05,0.06702805655263351,0.7459562841530054,0.05,False
67,graphical_appearance_name,Contrast,1,20,0.05,0.0034429712109003002,14.522340425531917,0.05,False
67,graphical_appearance_name,Check,1,20,0.05,0.023001977877078604,2.1737261146496816,0.05,False
67,index_group_name,Divided,1,20,0.05,0.2062119991209435,0.2424689165186501,0.05,False
67,section_name,Divided Collection,1,20,0.05,0.10409493809977291,0.48033075299085154,0.05,False
67,department_name,Trousers & Skirt,1,20,0.05,0.0028569335579811004,17.50128205128205,0.05,False
67,department_name,Suit,1,20,0.05,0.0057871218225771,8.63987341772152,0.05,False
67,department_name,Suit jacket,1,20,0.05,0.0053475935828877,9.350000000000001,0.05,False
67,department_name,Blouse & Dress,1,20,0.05,0.013478866017141601,3.7095108695652175,0.05,False
67,department_name,Dresses,1,20,0.05,0.021024100798476303,2.3782229965156794,0.05,False
68,graphical_appearance_name,Solid,15,20,0.75,0.5812760969892315,1.290264650283554,0.75,True
68,product_group_name,Garment Upper body,11,20,0.55,0.38905574683173394,1.4136791564677087,0.55,False
68,garment_group_name,Jersey Basic,11,20,0.55,0.09003003442971211,6.1090724165988615,0.55,True
68,index_group_name,Menswear,11,20,0.55,0.10438795692623251,5.26880701754386,0.55,False
68,section_name,Men Underwear,11,20,0.55,0.0358215515346861,15.353885480572599,0.55,False
68,department_name,Blanks,11,20,0.55,0.0014650941322980001,375.40250000000003,0.55,True
68,index_group_name,Divided,9,20,0.45,0.2062119991209435,2.182220248667851,0.45,False
68,perceived_colour_master_name,Black,6,20,0.3,0.28173760164090544,1.0648205928237129,0.3,False
68,product_type_name,Trousers,5,20,0.25,0.1310526701340561,1.9076299608719955,0.25,False
68,product_group_name,Garment Lower body,5,20,0.25,0.2052596879349498,1.2179693076374019,0.25,False
68,colour_group_name,Black,5,20,0.25,0.28027250750860744,0.8919890224777836,0.25,False
68,perceived_colour_master_name,Beige,5,20,0.25,0.08482895026005421,2.9471070811744386,0.25,False
68,product_type_name,Sweater,4,20,0.2,0.0791883378507069,2.5256244218316377,0.2,False
68,product_group_name,Accessories,4,20,0.2,0.092300930334774,2.166825396825397,0.2,False
68,colour_group_name,Yellowish Brown,4,20,0.2,0.0187532048934144,10.664843750000001,0.2,False
68,perceived_colour_master_name,Brown,4,20,0.2,0.026151930261519303,7.647619047619048,0.2,False
68,perceived_colour_master_name,White,4,20,0.2,0.12797597245623032,1.5627933600457928,0.2,False
68,garment_group_name,Accessories,4,20,0.2,0.0962566844919786,2.077777777777778,0.2,False
68,section_name,Divided Accessories,4,20,0.2,0.013991648963445902,14.294240837696336,0.2,False
68,section_name,Divided Collection,4,20,0.2,0.10409493809977291,1.9213230119634062,0.2,False
68,product_type_name,Hoodie,3,20,0.15,0.0206578272654018,7.261170212765958,0.15,False
68,colour_group_name,Dark Beige,3,20,0.15,0.012966083070837301,11.56864406779661,0.15,False
68,colour_group_name,Off White,3,20,0.15,0.030180939125338802,4.97002427184466,0.15,False
68,garment_group_name,Knitwear,3,20,0.15,0.06695480184601861,2.2403172866520786,0.15,False
68,department_name,Tops Knitwear,3,20,0.15,0.014357922496520402,10.44719387755102,0.15,False
68,product_type_name,Bag,2,20,0.1,0.009156838326862501,10.9208,0.1,False
68,product_type_name,Hat/beanie,2,20,0.1,0.0038092447439748004,26.251923076923077,0.1,False
68,product_type_name,T-shirt,2,20,0.1,0.05757819939931141,1.7367684478371501,0.1,False
68,colour_group_name,Light Beige,2,20,0.1,0.0478353234195297,2.090505359877489,0.1,False
68,graphical_appearance_name,Placement print,2,20,0.1,0.014650941322980001,6.825500000000001,0.1,False
68,graphical_appearance_name,All over pattern,2,20,0.1,0.10709838107098381,0.9337209302325582,0.1,False
68,department_name,Bags,2,20,0.1,0.009596366566551901,10.4206106870229,0.1,False
68,department_name,Knit & Woven,2,20,0.1,0.0045417918101238,22.017741935483873,0.1,False
68,product_type_name,Cardigan,1,20,0.05,0.014064903670060802,3.554947916666667,0.05,False
68,product_type_name,Top,1,20,0.05,0.050692256977510806,0.9863439306358381,0.05,False
68,colour_group_name,White,1,20,0.05,0.0960369203721339,0.5206331045003815,0.05,False
68,colour_group_name,Dark Blue,1,20,0.05,0.058970038824994506,0.847888198757764,0.05,False
68,colour_group_name,Dark Grey,1,20,0.05,0.029375137352574902,1.70211970074813,0.05,False
68,perceived_colour_master_name,Blue,1,20,0.05,0.11933191707567212,0.41899938612645793,0.05,False
68,graphical_appearance_name,Jacquard,1,20,0.05,0.005127829463043,9.750714285714286,0.05,False
68,garment_group_name,Special Offers,1,20,0.05,0.0035162259175152005,14.219791666666667,0.05,False
68,garment_group_name,Trousers,1,20,0.05,0.0825580543549923,0.6056344276841171,0.05,False
68,section_name,Divided Projects,1,20,0.05,0.022049666691084904,2.267607973421927,0.05,False
68,department_name,Promotion/ Other /Offer,1,20,0.05,0.0002930188264596,170.63750000000002,0.05,False
68,department_name,Trousers,1,20,0.05,0.0164823089883525,3.0335555555555556,0.05,False
69,graphical_appearance_name,Solid,15,20,0.75,0.5812760969892315,1.290264650283554,0.75,True
69,product_group_name,Garment Upper body,11,20,0.55,0.38905574683173394,1.4136791564677087,0.55,False
69,garment_group_name,Jersey Basic,11,20,0.55,0.09003003442971211,6.1090724165988615,0.55,True
69,index_group_name,Menswear,11,20,0.55,0.10438795692623251,5.26880701754386,0.55,False
69,section_name,Men Underwear,11,20,0.55,0.0358215515346861,15.353885480572599,0.55,False
69,department_name,Blanks,11,20,0.55,0.0014650941322980001,375.40250000000003,0.55,True
69,index_group_name,Divided,9,20,0.45,0.2062119991209435,2.182220248667851,0.45,False
69,perceived_colour_master_name,Black,6,20,0.3,0.28173760164090544,1.0648205928237129,0.3,False
69,product_type_name,Trousers,5,20,0.25,0.1310526701340561,1.9076299608719955,0.25,False
69,product_group_name,Garment Lower body,5,20,0.25,0.2052596879349498,1.2179693076374019,0.25,False
69,colour_group_name,Black,5,20,0.25,0.28027250750860744,0.8919890224777836,0.25,False
69,perceived_colour_master_name,Beige,5,20,0.25,0.08482895026005421,2.9471070811744386,0.25,False
69,product_type_name,Sweater,4,20,0.2,0.0791883378507069,2.5256244218316377,0.2,False
69,product_group_name,Accessories,4,20,0.2,0.092300930334774,2.166825396825397,0.2,False
69,colour_group_name,Yellowish Brown,4,20,0.2,0.0187532048934144,10.664843750000001,0.2,False
69,perceived_colour_master_name,Brown,4,20,0.2,0.026151930261519303,7.647619047619048,0.2,False
69,perceived_colour_master_name,White,4,20,0.2,0.12797597245623032,1.5627933600457928,0.2,False
69,garment_group_name,Accessories,4,20,0.2,0.0962566844919786,2.077777777777778,0.2,False
69,section_name,Divided Accessories,4,20,0.2,0.013991648963445902,14.294240837696336,0.2,False
69,section_name,Divided Collection,4,20,0.2,0.10409493809977291,1.9213230119634062,0.2,False
69,product_type_name,Hoodie,3,20,0.15,0.0206578272654018,7.261170212765958,0.15,False
69,colour_group_name,Dark Beige,3,20,0.15,0.012966083070837301,11.56864406779661,0.15,False
69,colour_group_name,Off White,3,20,0.15,0.030180939125338802,4.97002427184466,0.15,False
69,garment_group_name,Knitwear,3,20,0.15,0.06695480184601861,2.2403172866520786,0.15,False
69,department_name,Tops Knitwear,3,20,0.15,0.014357922496520402,10.44719387755102,0.15,False
69,product_type_name,Bag,2,20,0.1,0.009156838326862501,10.9208,0.1,False
69,product_type_name,Hat/beanie,2,20,0.1,0.0038092447439748004,26.251923076923077,0.1,False
69,product_type_name,T-shirt,2,20,0.1,0.05757819939931141,1.7367684478371501,0.1,False
69,colour_group_name,Light Beige,2,20,0.1,0.0478353234195297,2.090505359877489,0.1,False
69,graphical_appearance_name,Placement print,2,20,0.1,0.014650941322980001,6.825500000000001,0.1,False
69,graphical_appearance_name,All over pattern,2,20,0.1,0.10709838107098381,0.9337209302325582,0.1,False
69,department_name,Bags,2,20,0.1,0.009596366566551901,10.4206106870229,0.1,False
69,department_name,Knit & Woven,2,20,0.1,0.0045417918101238,22.017741935483873,0.1,False
69,product_type_name,Cardigan,1,20,0.05,0.014064903670060802,3.554947916666667,0.05,False
69,product_type_name,Top,1,20,0.05,0.050692256977510806,0.9863439306358381,0.05,False
69,colour_group_name,White,1,20,0.05,0.0960369203721339,0.5206331045003815,0.05,False
69,colour_group_name,Dark Blue,1,20,0.05,0.058970038824994506,0.847888198757764,0.05,False
69,colour_group_name,Dark Grey,1,20,0.05,0.029375137352574902,1.70211970074813,0.05,False
69,perceived_colour_master_name,Blue,1,20,0.05,0.11933191707567212,0.41899938612645793,0.05,False
69,graphical_appearance_name,Jacquard,1,20,0.05,0.005127829463043,9.750714285714286,0.05,False
69,garment_group_name,Special Offers,1,20,0.05,0.0035162259175152005,14.219791666666667,0.05,False
69,garment_group_name,Trousers,1,20,0.05,0.0825580543549923,0.6056344276841171,0.05,False
69,section_name,Divided Projects,1,20,0.05,0.022049666691084904,2.267607973421927,0.05,False
69,department_name,Promotion/ Other /Offer,1,20,0.05,0.0002930188264596,170.63750000000002,0.05,False
69,department_name,Trousers,1,20,0.05,0.0164823089883525,3.0335555555555556,0.05,False
70,index_group_name,Ladieswear,20,20,1.0,0.5894806241301004,1.6964085994780662,1.0,True
70,section_name,Mama,18,20,0.9,0.023294996703538202,38.63490566037736,0.9,True
70,graphical_appearance_name,Solid,12,20,0.6,0.5812760969892315,1.032211720226843,0.6,True
70,product_group_name,Garment Lower body,11,20,0.55,0.2052596879349498,2.6795324768022843,0.55,False
70,garment_group_name,Jersey Fancy,11,20,0.55,0.16672771225551242,3.2987917398945523,0.55,False
70,department_name,Jersey,11,20,0.55,0.060801406490367006,9.045843373493977,0.55,False
70,colour_group_name,Black,9,20,0.45,0.28027250750860744,1.6055802404600104,0.45,False
70,perceived_colour_master_name,Black,9,20,0.45,0.28173760164090544,1.5972308892355693,0.45,False
70,product_type_name,Trousers,6,20,0.3,0.1310526701340561,2.2891559530463947,0.3,False
70,product_group_name,Garment Upper body,6,20,0.3,0.38905574683173394,0.7710977217096592,0.3,False
70,garment_group_name,Trousers,5,20,0.25,0.0825580543549923,3.0281721384205857,0.25,False
70,department_name,Woven bottoms,5,20,0.25,0.009669621273166801,25.854166666666664,0.25,False
70,product_type_name,Leggings/Tights,4,20,0.2,0.018313676653725002,10.9208,0.2,False
70,graphical_appearance_name,Denim,4,20,0.2,0.074719800747198,2.676666666666667,0.2,False
70,colour_group_name,Dark Blue,3,20,0.15,0.058970038824994506,2.543664596273292,0.15,False
70,perceived_colour_master_name,White,3,20,0.15,0.12797597245623032,1.1720950200343445,0.15,False
70,perceived_colour_master_name,Grey,3,20,0.15,0.07113032012306791,2.10880535530381,0.15,False
70,product_type_name,Top,2,20,0.1,0.050692256977510806,1.9726878612716763,0.1,False
70,product_type_name,T-shirt,2,20,0.1,0.05757819939931141,1.7367684478371501,0.1,False
70,product_type_name,Sweater,2,20,0.1,0.0791883378507069,1.2628122109158189,0.1,False
70,colour_group_name,White,2,20,0.1,0.0960369203721339,1.041266209000763,0.1,False
70,colour_group_name,Grey,2,20,0.1,0.031059995604717602,3.2195754716981133,0.1,False
70,perceived_colour_master_name,Blue,2,20,0.1,0.11933191707567212,0.8379987722529159,0.1,False
70,graphical_appearance_name,Melange,2,20,0.1,0.0617537176763607,1.6193357058125744,0.1,False
70,graphical_appearance_name,Stripe,2,20,0.1,0.030034429712109,3.3295121951219517,0.1,False
70,garment_group_name,Knitwear,2,20,0.1,0.06695480184601861,1.4935448577680526,0.1,False
70,department_name,Knitwear,2,20,0.1,0.039557541572046,2.527962962962963,0.1,False
70,product_type_name,Underwear Tights,1,20,0.05,0.006739433008570801,7.419021739130435,0.05,False
70,product_type_name,Underwear bottom,1,20,0.05,0.031133250311332503,1.606,0.05,False
70,product_type_name,Dress,1,20,0.05,0.11750054941029961,0.4255299251870325,0.05,False
70,product_type_name,Skirt,1,20,0.05,0.033404146216394405,1.4968201754385966,0.05,False
70,product_group_name,Socks & Tights,1,20,0.05,0.030766976778258005,1.6251190476190476,0.05,False
70,product_group_name,Underwear,1,20,0.05,0.06768734891216761,0.7386904761904761,0.05,False
70,product_group_name,Garment Full body,1,20,0.05,0.1304666324811369,0.3832397529477822,0.05,False
70,colour_group_name,Dark Orange,1,20,0.05,0.009230093033477401,5.417063492063492,0.05,False
70,colour_group_name,Off White,1,20,0.05,0.030180939125338802,1.6566747572815534,0.05,False
70,colour_group_name,Pink,1,20,0.05,0.021024100798476303,2.3782229965156794,0.05,False
70,colour_group_name,Dark Grey,1,20,0.05,0.029375137352574902,1.70211970074813,0.05,False
70,perceived_colour_master_name,Red,1,20,0.05,0.0232217419969233,2.1531545741324924,0.05,False
70,perceived_colour_master_name,Pink,1,20,0.05,0.06702805655263351,0.7459562841530054,0.05,False
70,perceived_colour_master_name,Lilac Purple,1,20,0.05,0.014724196029594901,3.395771144278607,0.05,False
70,garment_group_name,Socks and Tights,1,20,0.05,0.030254193831953703,1.6526634382566587,0.05,False
70,garment_group_name,"Under-, Nightwear",1,20,0.05,0.08475569555343931,0.5899308556611927,0.05,False
70,section_name,"Womens Nightwear, Socks & Tigh",1,20,0.05,0.034869240348692404,1.4339285714285714,0.05,False
70,section_name,Womens Lingerie,1,20,0.05,0.05765145410592631,0.8672808132147396,0.05,False
70,department_name,Tights basic,1,20,0.05,0.008277781847483701,6.040265486725664,0.05,False
70,department_name,Mama Lingerie,1,20,0.05,0.0019046223719874002,26.251923076923077,0.05,False
71,index_group_name,Ladieswear,20,20,1.0,0.5894806241301004,1.6964085994780662,1.0,True
71,section_name,Womens Tailoring,20,20,1.0,0.06343857592850341,15.763279445727482,1.0,True
71,product_group_name,Garment Upper body,16,20,0.8,0.38905574683173394,2.056260591225758,0.8,True
71,graphical_appearance_name,Solid,15,20,0.75,0.5812760969892315,1.290264650283554,0.75,False
71,product_type_name,Top,11,20,0.55,0.050692256977510806,10.84978323699422,0.55,False
71,garment_group_name,Jersey Fancy,11,20,0.55,0.16672771225551242,3.2987917398945523,0.55,False
71,department_name,Jersey,11,20,0.55,0.060801406490367006,9.045843373493977,0.55,False
71,product_type_name,Blazer,4,20,0.2,0.014211413083290601,14.073195876288661,0.2,False
71,product_group_name,Garment Lower body,4,20,0.2,0.2052596879349498,0.9743754461099216,0.2,False
71,colour_group_name,Dark Green,4,20,0.2,0.018533440773569703,10.791304347826086,0.2,False
71,graphical_appearance_name,Other structure,4,20,0.2,0.022855468463848803,8.750641025641025,0.2,False
71,garment_group_name,Dressed,4,20,0.2,0.013112592484067102,15.252513966480448,0.2,False
71,department_name,Suit,4,20,0.2,0.0057871218225771,34.55949367088608,0.2,False
71,colour_group_name,Dark Blue,3,20,0.15,0.058970038824994506,2.543664596273292,0.15,False
71,perceived_colour_master_name,Turquoise,3,20,0.15,0.009230093033477401,16.251190476190473,0.15,False
71,perceived_colour_master_name,Blue,3,20,0.15,0.11933191707567212,1.2569981583793737,0.15,False
71,perceived_colour_master_name,Khaki green,3,20,0.15,0.035015749761922205,4.283786610878661,0.15,False
71,perceived_colour_master_name,Beige,3,20,0.15,0.08482895026005421,1.768264248704663,0.15,False
71,product_type_name,Skirt,2,20,0.1,0.033404146216394405,2.993640350877193,0.1,False
71,product_type_name,Trousers,2,20,0.1,0.1310526701340561,0.7630519843487983,0.1,False
71,colour_group_name,Black,2,20,0.1,0.28027250750860744,0.35679560899111346,0.1,False
71,colour_group_name,Dark Turquoise,2,20,0.1,0.0027104241447513003,36.894594594594594,0.1,False
71,colour_group_name,Grey,2,20,0.1,0.031059995604717602,3.2195754716981133,0.1,False
71,colour_group_name,Light Beige,2,20,0.1,0.0478353234195297,2.090505359877489,0.1,False
71,perceived_colour_master_name,Green,2,20,0.1,0.027910043220276903,3.5829396325459317,0.1,False
71,perceived_colour_master_name,Black,2,20,0.1,0.28173760164090544,0.3549401976079043,0.1,False
71,perceived_colour_master_name,Grey,2,20,0.1,0.07113032012306791,1.4058702368692069,0.1,False
71,garment_group_name,Skirts,2,20,0.1,0.0195590066661783,5.112734082397004,0.1,False
71,garment_group_name,Trousers,2,20,0.1,0.0825580543549923,1.2112688553682343,0.1,False
71,department_name,Skirt,2,20,0.1,0.011647498351769101,8.58553459119497,0.1,False
71,department_name,Trouser,2,20,0.1,0.0446121163284741,2.2415435139573074,0.1,False
71,product_type_name,Blouse,1,20,0.05,0.045344663394623105,1.1026655896607431,0.05,False
71,colour_group_name,Turquoise,1,20,0.05,0.0028569335579811004,17.50128205128205,0.05,False
71,colour_group_name,Dark Red,1,20,0.05,0.0128195736576075,3.900285714285715,0.05,False
71,colour_group_name,Greenish Khaki,1,20,0.05,0.027910043220276903,1.7914698162729659,0.05,False
71,colour_group_name,White,1,20,0.05,0.0960369203721339,0.5206331045003815,0.05,False
71,colour_group_name,Dark Beige,1,20,0.05,0.012966083070837301,3.856214689265537,0.05,False
71,perceived_colour_master_name,Red,1,20,0.05,0.0232217419969233,2.1531545741324924,0.05,False
71,perceived_colour_master_name,White,1,20,0.05,0.12797597245623032,0.3906983400114482,0.05,False
71,graphical_appearance_name,All over pattern,1,20,0.05,0.10709838107098381,0.4668604651162791,0.05,False
71,garment_group_name,Blouses,1,20,0.05,0.0860742802725075,0.5808936170212766,0.05,False
71,department_name,Blouse,1,20,0.05,0.043293531609405904,1.154906937394247,0.05,False
72,index_group_name,Ladieswear,19,20,0.95,0.5894806241301004,1.611588169504163,0.95,True
72,section_name,Womens Tailoring,11,20,0.55,0.06343857592850341,8.669803695150115,0.55,True
72,graphical_appearance_name,Solid,9,20,0.45,0.5812760969892315,0.7741587901701323,0.45,True
72,product_group_name,Garment Upper body,8,20,0.4,0.38905574683173394,1.028130295612879,0.4,False
72,product_group_name,Garment Lower body,6,20,0.3,0.2052596879349498,1.4615631691648823,0.3,False
72,product_type_name,Dress,5,20,0.25,0.11750054941029961,2.1276496259351623,0.25,False
72,product_group_name,Garment Full body,5,20,0.25,0.1304666324811369,1.9161987647389107,0.25,False
72,colour_group_name,Black,5,20,0.25,0.28027250750860744,0.8919890224777836,0.25,False
72,perceived_colour_master_name,Black,5,20,0.25,0.28173760164090544,0.8873504940197607,0.25,False
72,section_name,Womens Everyday Collection,5,20,0.25,0.12218885063365321,2.0460131894484412,0.25,False
72,perceived_colour_master_name,White,4,20,0.2,0.12797597245623032,1.5627933600457928,0.2,False
72,perceived_colour_master_name,Beige,4,20,0.2,0.08482895026005421,2.357685664939551,0.2,False
72,graphical_appearance_name,Other structure,4,20,0.2,0.022855468463848803,8.750641025641025,0.2,False
72,graphical_appearance_name,All over pattern,4,20,0.2,0.10709838107098381,1.8674418604651164,0.2,False
72,garment_group_name,Blouses,4,20,0.2,0.0860742802725075,2.3235744680851065,0.2,False
72,garment_group_name,Dresses Ladies,4,20,0.2,0.06651527360632921,3.0068281938325994,0.2,False
72,product_type_name,Blouse,3,20,0.15,0.045344663394623105,3.307996768982229,0.15,False
72,product_type_name,Skirt,3,20,0.15,0.033404146216394405,4.490460526315789,0.15,False
72,product_type_name,Trousers,3,20,0.15,0.1310526701340561,1.1445779765231974,0.15,False
72,colour_group_name,Off White,3,20,0.15,0.030180939125338802,4.97002427184466,0.15,False
72,colour_group_name,Beige,3,20,0.15,0.04585744634092741,3.2710063897763577,0.15,False
72,garment_group_name,Trousers,3,20,0.15,0.0825580543549923,1.8169032830523513,0.15,False
72,garment_group_name,Dressed,3,20,0.15,0.013112592484067102,11.439385474860334,0.15,False
72,department_name,Blouse,3,20,0.15,0.043293531609405904,3.464720812182741,0.15,False
72,department_name,Dress,3,20,0.15,0.035894806241301,4.178877551020408,0.15,False
72,department_name,Suit,3,20,0.15,0.0057871218225771,25.919620253164556,0.15,False
72,product_type_name,Blazer,2,20,0.1,0.014211413083290601,7.036597938144331,0.1,False
72,colour_group_name,Yellowish Brown,2,20,0.1,0.0187532048934144,5.3324218750000005,0.1,False
72,perceived_colour_master_name,Brown,2,20,0.1,0.026151930261519303,3.823809523809524,0.1,False
72,garment_group_name,Skirts,2,20,0.1,0.0195590066661783,5.112734082397004,0.1,False
72,garment_group_name,Knitwear,2,20,0.1,0.06695480184601861,1.4935448577680526,0.1,False
72,section_name,Womens Trend,2,20,0.1,0.030986740898102702,3.227186761229315,0.1,False
72,department_name,Skirt,2,20,0.1,0.011647498351769101,8.58553459119497,0.1,False
72,department_name,Knitwear,2,20,0.1,0.039557541572046,2.527962962962963,0.1,False
72,department_name,Trouser,2,20,0.1,0.0446121163284741,2.2415435139573074,0.1,False
72,product_type_name,Cardigan,1,20,0.05,0.014064903670060802,3.554947916666667,0.05,False
72,product_type_name,Top,1,20,0.05,0.050692256977510806,0.9863439306358381,0.05,False
72,product_type_name,Jacket,1,20,0.05,0.0312797597245623,1.5984777517564404,0.05,False
72,product_type_name,Boots,1,20,0.05,0.009303347740092302,5.374409448818898,0.05,False
72,product_group_name,Shoes,1,20,0.05,0.026957732034283203,1.8547554347826087,0.05,False
72,colour_group_name,Greenish Khaki,1,20,0.05,0.027910043220276903,1.7914698162729659,0.05,False
72,colour_group_name,Light Purple,1,20,0.05,0.008717310087173101,5.735714285714286,0.05,False
72,colour_group_name,Light Beige,1,20,0.05,0.0478353234195297,1.0452526799387445,0.05,False
72,colour_group_name,Light Pink,1,20,0.05,0.036773862720679805,1.3596613545816734,0.05,False
72,colour_group_name,Dark Red,1,20,0.05,0.0128195736576075,3.900285714285715,0.05,False
72,colour_group_name,Dark Beige,1,20,0.05,0.012966083070837301,3.856214689265537,0.05,False
72,colour_group_name,Dark Blue,1,20,0.05,0.058970038824994506,0.847888198757764,0.05,False
72,perceived_colour_master_name,Khaki green,1,20,0.05,0.035015749761922205,1.427928870292887,0.05,False
72,perceived_colour_master_name,Lilac Purple,1,20,0.05,0.014724196029594901,3.395771144278607,0.05,False
72,perceived_colour_master_name,Pink,1,20,0.05,0.06702805655263351,0.7459562841530054,0.05,False
72,perceived_colour_master_name,Red,1,20,0.05,0.0232217419969233,2.1531545741324924,0.05,False
72,perceived_colour_master_name,Blue,1,20,0.05,0.11933191707567212,0.41899938612645793,0.05,False
72,graphical_appearance_name,Contrast,1,20,0.05,0.0034429712109003002,14.522340425531917,0.05,False
72,graphical_appearance_name,Lace,1,20,0.05,0.012673064244377702,3.9453757225433526,0.05,False
72,graphical_appearance_name,Check,1,20,0.05,0.023001977877078604,2.1737261146496816,0.05,False
72,garment_group_name,Jersey Fancy,1,20,0.05,0.16672771225551242,0.299890158172232,0.05,False
72,garment_group_name,Shoes,1,20,0.05,0.026811222621053402,1.8648907103825139,0.05,False
72,index_group_name,Divided,1,20,0.05,0.2062119991209435,0.2424689165186501,0.05,False
72,section_name,Divided Collection,1,20,0.05,0.10409493809977291,0.48033075299085154,0.05,False
72,section_name,Womens Shoes,1,20,0.05,0.023734524943227604,2.106635802469136,0.05,False
72,department_name,Trousers & Skirt,1,20,0.05,0.0028569335579811004,17.50128205128205,0.05,False
72,department_name,Blouse & Dress,1,20,0.05,0.013478866017141601,3.7095108695652175,0.05,False
72,department_name,Jersey fancy,1,20,0.05,0.0247600908358362,2.0193786982248523,0.05,False
72,department_name,Dresses,1,20,0.05,0.021024100798476303,2.3782229965156794,0.05,False
72,department_name,Boots,1,20,0.05,0.0066661783019559,7.500549450549451,0.05,False
73,index_group_name,Divided,19,20,0.95,0.2062119991209435,4.606909413854352,0.95,True
73,graphical_appearance_name,Solid,11,20,0.55,0.5812760969892315,0.9461940768746062,0.55,True
73,product_type_name,Trousers,10,20,0.5,0.1310526701340561,3.815259921743991,0.5,False
73,product_group_name,Garment Lower body,10,20,0.5,0.2052596879349498,2.4359386152748037,0.5,True
73,product_group_name,Garment Upper body,9,20,0.45,0.38905574683173394,1.156646582564489,0.45,False
73,section_name,Divided Collection,9,20,0.45,0.10409493809977291,4.322976776917664,0.45,False
73,garment_group_name,Trousers,8,20,0.4,0.0825580543549923,4.845075421472937,0.4,False
73,garment_group_name,Jersey Basic,8,20,0.4,0.09003003442971211,4.442961757526445,0.4,False
73,department_name,Trousers,8,20,0.4,0.0164823089883525,24.268444444444444,0.4,False
73,perceived_colour_master_name,Blue,7,20,0.35,0.11933191707567212,2.932995702885205,0.35,False
73,section_name,Divided Basics,7,20,0.35,0.03208556149732621,10.908333333333331,0.35,False
73,department_name,Basic 1,7,20,0.35,0.029228627939345102,11.97456140350877,0.35,False
73,perceived_colour_master_name,Grey,6,20,0.3,0.07113032012306791,4.21761071060762,0.3,False
73,colour_group_name,Grey,5,20,0.25,0.031059995604717602,8.048938679245284,0.25,False
73,product_type_name,T-shirt,4,20,0.2,0.05757819939931141,3.4735368956743002,0.2,False
73,colour_group_name,Dark Blue,4,20,0.2,0.058970038824994506,3.391552795031056,0.2,False
73,colour_group_name,Black,4,20,0.2,0.28027250750860744,0.7135912179822269,0.2,False
73,perceived_colour_master_name,Black,4,20,0.2,0.28173760164090544,0.7098803952158086,0.2,False
73,product_type_name,Sweater,3,20,0.15,0.0791883378507069,1.894218316373728,0.15,False
73,colour_group_name,Blue,3,20,0.15,0.033330891509779505,4.50032967032967,0.15,False
73,graphical_appearance_name,Embroidery,3,20,0.15,0.012087026591458501,12.41,0.15,False
73,graphical_appearance_name,Denim,3,20,0.15,0.074719800747198,2.0075000000000003,0.15,False
73,graphical_appearance_name,Melange,3,20,0.15,0.0617537176763607,2.429003558718861,0.15,False
73,garment_group_name,Trousers Denim,3,20,0.15,0.0430737674895612,3.4823979591836736,0.15,False
73,section_name,Ladies Denim,3,20,0.15,0.028862354406270604,5.1970812182741115,0.15,False
73,department_name,Denim Trousers,3,20,0.15,0.0171416013478866,8.750641025641025,0.15,False
73,product_type_name,Top,2,20,0.1,0.050692256977510806,1.9726878612716763,0.1,False
73,product_type_name,Unknown,1,20,0.05,0.006080140649036701,8.223493975903615,0.05,False
73,product_group_name,Unknown,1,20,0.05,0.006080140649036701,8.223493975903615,0.05,False
73,colour_group_name,Greenish Khaki,1,20,0.05,0.027910043220276903,1.7914698162729659,0.05,False
73,colour_group_name,Dark Grey,1,20,0.05,0.029375137352574902,1.70211970074813,0.05,False
73,colour_group_name,Pink,1,20,0.05,0.021024100798476303,2.3782229965156794,0.05,False
73,colour_group_name,White,1,20,0.05,0.0960369203721339,0.5206331045003815,0.05,False
73,perceived_colour_master_name,Khaki green,1,20,0.05,0.035015749761922205,1.427928870292887,0.05,False
73,perceived_colour_master_name,Pink,1,20,0.05,0.06702805655263351,0.7459562841530054,0.05,False
73,perceived_colour_master_name,White,1,20,0.05,0.12797597245623032,0.3906983400114482,0.05,False
73,garment_group_name,Knitwear,1,20,0.05,0.06695480184601861,0.7467724288840263,0.05,False
73,index_group_name,Ladieswear,1,20,0.05,0.5894806241301004,0.08482042997390332,0.05,False
73,section_name,Womens Everyday Basics,1,20,0.05,0.027177496154127904,1.8397574123989218,0.05,False
73,department_name,Jersey Basic,1,20,0.05,0.026737967914438502,1.87,0.05,False
73,department_name,Tops Knitwear,1,20,0.05,0.014357922496520402,3.4823979591836736,0.05,False
74,index_group_name,Ladieswear,20,20,1.0,0.5894806241301004,1.6964085994780662,1.0,True
74,section_name,Mama,18,20,0.9,0.023294996703538202,38.63490566037736,0.9,True
74,graphical_appearance_name,Solid,12,20,0.6,0.5812760969892315,1.032211720226843,0.6,True
74,product_group_name,Garment Lower body,11,20,0.55,0.2052596879349498,2.6795324768022843,0.55,False
74,garment_group_name,Jersey Fancy,11,20,0.55,0.16672771225551242,3.2987917398945523,0.55,False
74,department_name,Jersey,11,20,0.55,0.060801406490367006,9.045843373493977,0.55,False
74,colour_group_name,Black,9,20,0.45,0.28027250750860744,1.6055802404600104,0.45,False
74,perceived_colour_master_name,Black,9,20,0.45,0.28173760164090544,1.5972308892355693,0.45,False
74,product_type_name,Trousers,6,20,0.3,0.1310526701340561,2.2891559530463947,0.3,False
74,product_group_name,Garment Upper body,6,20,0.3,0.38905574683173394,0.7710977217096592,0.3,False
74,garment_group_name,Trousers,5,20,0.25,0.0825580543549923,3.0281721384205857,0.25,False
74,department_name,Woven bottoms,5,20,0.25,0.009669621273166801,25.854166666666664,0.25,False
74,product_type_name,Leggings/Tights,4,20,0.2,0.018313676653725002,10.9208,0.2,False
74,graphical_appearance_name,Denim,4,20,0.2,0.074719800747198,2.676666666666667,0.2,False
74,colour_group_name,Dark Blue,3,20,0.15,0.058970038824994506,2.543664596273292,0.15,False
74,perceived_colour_master_name,White,3,20,0.15,0.12797597245623032,1.1720950200343445,0.15,False
74,perceived_colour_master_name,Grey,3,20,0.15,0.07113032012306791,2.10880535530381,0.15,False
74,product_type_name,Top,2,20,0.1,0.050692256977510806,1.9726878612716763,0.1,False
74,product_type_name,T-shirt,2,20,0.1,0.05757819939931141,1.7367684478371501,0.1,False
74,product_type_name,Sweater,2,20,0.1,0.0791883378507069,1.2628122109158189,0.1,False
74,colour_group_name,White,2,20,0.1,0.0960369203721339,1.041266209000763,0.1,False
74,colour_group_name,Grey,2,20,0.1,0.031059995604717602,3.2195754716981133,0.1,False
74,perceived_colour_master_name,Blue,2,20,0.1,0.11933191707567212,0.8379987722529159,0.1,False
74,graphical_appearance_name,Melange,2,20,0.1,0.0617537176763607,1.6193357058125744,0.1,False
74,graphical_appearance_name,Stripe,2,20,0.1,0.030034429712109,3.3295121951219517,0.1,False
74,garment_group_name,Knitwear,2,20,0.1,0.06695480184601861,1.4935448577680526,0.1,False
74,department_name,Knitwear,2,20,0.1,0.039557541572046,2.527962962962963,0.1,False
74,product_type_name,Underwear Tights,1,20,0.05,0.006739433008570801,7.419021739130435,0.05,False
74,product_type_name,Underwear bottom,1,20,0.05,0.031133250311332503,1.606,0.05,False
74,product_type_name,Dress,1,20,0.05,0.11750054941029961,0.4255299251870325,0.05,False
74,product_type_name,Skirt,1,20,0.05,0.033404146216394405,1.4968201754385966,0.05,False
74,product_group_name,Socks & Tights,1,20,0.05,0.030766976778258005,1.6251190476190476,0.05,False
74,product_group_name,Underwear,1,20,0.05,0.06768734891216761,0.7386904761904761,0.05,False
74,product_group_name,Garment Full body,1,20,0.05,0.1304666324811369,0.3832397529477822,0.05,False
74,colour_group_name,Dark Orange,1,20,0.05,0.009230093033477401,5.417063492063492,0.05,False
74,colour_group_name,Off White,1,20,0.05,0.030180939125338802,1.6566747572815534,0.05,False
74,colour_group_name,Pink,1,20,0.05,0.021024100798476303,2.3782229965156794,0.05,False
74,colour_group_name,Dark Grey,1,20,0.05,0.029375137352574902,1.70211970074813,0.05,False
74,perceived_colour_master_name,Red,1,20,0.05,0.0232217419969233,2.1531545741324924,0.05,False
74,perceived_colour_master_name,Pink,1,20,0.05,0.06702805655263351,0.7459562841530054,0.05,False
74,perceived_colour_master_name,Lilac Purple,1,20,0.05,0.014724196029594901,3.395771144278607,0.05,False
74,garment_group_name,Socks and Tights,1,20,0.05,0.030254193831953703,1.6526634382566587,0.05,False
74,garment_group_name,"Under-, Nightwear",1,20,0.05,0.08475569555343931,0.5899308556611927,0.05,False
74,section_name,"Womens Nightwear, Socks & Tigh",1,20,0.05,0.034869240348692404,1.4339285714285714,0.05,False
74,section_name,Womens Lingerie,1,20,0.05,0.05765145410592631,0.8672808132147396,0.05,False
74,department_name,Tights basic,1,20,0.05,0.008277781847483701,6.040265486725664,0.05,False
74,department_name,Mama Lingerie,1,20,0.05,0.0019046223719874002,26.251923076923077,0.05,False
75,garment_group_name,Jersey Fancy,20,20,1.0,0.16672771225551242,5.997803163444639,1.0,True
75,index_group_name,Sport,20,20,1.0,0.033111127389934804,30.201327433628318,1.0,True
75,section_name,Ladies H&M Sport,20,20,1.0,0.0265182037945938,37.709944751381215,1.0,True
75,product_group_name,Garment Upper body,18,20,0.9,0.38905574683173394,2.313293165128978,0.9,False
75,department_name,Ladies Sport Bras,18,20,0.9,0.014943960149439602,60.225,0.9,False
75,product_type_name,Top,11,20,0.55,0.050692256977510806,10.84978323699422,0.55,False
75,graphical_appearance_name,Solid,11,20,0.55,0.5812760969892315,0.9461940768746062,0.55,False
75,colour_group_name,Black,10,20,0.5,0.28027250750860744,1.783978044955567,0.5,False
75,perceived_colour_master_name,Black,10,20,0.5,0.28173760164090544,1.7747009880395215,0.5,False
75,graphical_appearance_name,Melange,7,20,0.35,0.0617537176763607,5.6676749703440095,0.35,False
75,product_type_name,Vest top,4,20,0.2,0.030107684418723902,6.642822384428224,0.2,False
75,product_type_name,T-shirt,3,20,0.15,0.05757819939931141,2.605152671755725,0.15,False
75,perceived_colour_master_name,Pink,3,20,0.15,0.06702805655263351,2.237868852459016,0.15,False
75,product_type_name,Leggings/Tights,2,20,0.1,0.018313676653725002,5.4604,0.1,False
75,product_group_name,Garment Lower body,2,20,0.1,0.2052596879349498,0.4871877230549608,0.1,False
75,colour_group_name,Light Pink,2,20,0.1,0.036773862720679805,2.7193227091633467,0.1,False
75,colour_group_name,White,2,20,0.1,0.0960369203721339,1.041266209000763,0.1,False
75,colour_group_name,Green,2,20,0.1,0.009742875979781702,10.26390977443609,0.1,False
75,perceived_colour_master_name,White,2,20,0.1,0.12797597245623032,0.7813966800228964,0.1,False
75,perceived_colour_master_name,Grey,2,20,0.1,0.07113032012306791,1.4058702368692069,0.1,False
75,department_name,Ladies Sport Bottoms,2,20,0.1,0.0068859424218006005,14.522340425531917,0.1,False
75,colour_group_name,Dark Pink,1,20,0.05,0.007911508314409201,6.319907407407407,0.05,False
75,colour_group_name,Greenish Khaki,1,20,0.05,0.027910043220276903,1.7914698162729659,0.05,False
75,colour_group_name,Beige,1,20,0.05,0.04585744634092741,1.0903354632587858,0.05,False
75,colour_group_name,Orange,1,20,0.05,0.008790564793788001,5.687916666666666,0.05,False
75,perceived_colour_master_name,Khaki green,1,20,0.05,0.035015749761922205,1.427928870292887,0.05,False
75,perceived_colour_master_name,Beige,1,20,0.05,0.08482895026005421,0.5894214162348878,0.05,False
75,perceived_colour_master_name,Orange,1,20,0.05,0.0273972602739726,1.8250000000000002,0.05,False
75,graphical_appearance_name,All over pattern,1,20,0.05,0.10709838107098381,0.4668604651162791,0.05,False
75,graphical_appearance_name,Mesh,1,20,0.05,0.0017581129587576003,28.439583333333335,0.05,False
