item_id,item,product_group_name,product_type_name,graphical_appearance_name,colour_group_name,perceived_colour_master_name,index_group_name,garment_group_name,section_name,department_name,item weight,prototype
3245,562245084,Garment Lower body,Trousers,Denim,Blue,Blue,Ladieswear,Trousers,Womens Everyday Collection,Trouser,0.5854769,0
6935,399256023,Garment Lower body,Trousers,Denim,Light Blue,Blue,Ladieswear,Trousers Denim,Ladies Denim,Everyday Waredrobe Denim,0.5852934,0
1275,899749005,Garment Lower body,Trousers,Denim,Dark Blue,Blue,Divided,Trousers Denim,Ladies Denim,Denim Trousers,0.58279383,0
3247,562245102,Garment Lower body,Trousers,Denim,Light Blue,Blue,Ladieswear,Trousers,Womens Everyday Collection,Trouser,0.56865007,0
469,610776071,Garment Upper body,T-shirt,All over pattern,Off White,White,Ladieswear,Jersey Basic,Womens Everyday Basics,Jersey Basic,0.5649913,0
2122,678942054,Garment Upper body,Sweater,Melange,Beige,Beige,Ladieswear,"Under-, Nightwear","Womens Nightwear, Socks & Tigh",Loungewear,0.5626735,0
396,898596007,Garment Lower body,Trousers,Denim,Grey,Grey,Ladieswear,Trousers,Womens Everyday Collection,Trouser,0.5574297,0
3074,826492001,Garment Upper body,Sweater,Jacquard,Beige,Beige,Ladieswear,Knitwear,Womens Everyday Collection,Knitwear,0.55705017,0
3085,832520002,Garment Upper body,Sweater,Melange,Light Beige,Beige,Ladieswear,Jersey Fancy,Womens Everyday Collection,Jersey fancy,0.5560422,0
2952,874754005,Garment Upper body,Sweater,Stripe,Light Beige,Beige,Ladieswear,Knitwear,Womens Casual,Knitwear,0.55565554,0
992,872000005,Garment Upper body,Vest top,All over pattern,Black,Black,Divided,Blouses,Divided Collection,Tops Woven,0.8338605,1
2543,674606025,Garment Lower body,Skirt,Solid,Black,Black,Divided,Skirts,Divided Collection,Skirts,0.8326377,1
2678,841298001,Garment Upper body,Blouse,Solid,White,White,Ladieswear,Blouses,Womens Tailoring,Blouse,0.78505814,1
661,816423004,Garment Lower body,Shorts,Denim,Light Blue,Blue,Divided,Shorts,Divided Collection,Shorts,0.77313745,1
1467,776237031,Swimwear,Bikini top,All over pattern,Black,Black,Ladieswear,Swimwear,"Womens Swimwear, beachwear",Swimwear,0.7694789,1
4525,860525001,Garment Upper body,Vest top,Stripe,Dark Blue,Blue,Divided,Blouses,Divided Collection,Tops Woven,0.75924635,1
2945,932243003,Garment Upper body,Top,Solid,Dark Pink,Pink,Ladieswear,Jersey Fancy,Womens Everyday Collection,Jersey fancy,0.7565393,1
3200,895582002,Garment Full body,Jumpsuit/Playsuit,All over pattern,Black,Black,Divided,Dresses Ladies,Divided Collection,Dresses,0.7332744,1
4580,811925002,Swimwear,Bikini top,All over pattern,Black,Black,Ladieswear,Swimwear,"Womens Swimwear, beachwear",Swimwear,0.73029435,1
5274,616849012,Garment Upper body,Blouse,All over pattern,Black,Black,Ladieswear,Blouses,Womens Everyday Collection,Blouse,0.7208598,1
10050,921697003,Garment Full body,Dress,Solid,Greenish Khaki,Khaki green,Ladieswear,Dresses Ladies,Womens Everyday Collection,Dress,0.22665669,2
13319,929001001,Garment Full body,Dress,Solid,Green,Khaki green,Ladieswear,Dresses Ladies,Womens Everyday Collection,Dress,0.2120601,2
12319,933989002,Nightwear,Pyjama bottom,Solid,Light Orange,Orange,Ladieswear,"Under-, Nightwear","Womens Nightwear, Socks & Tigh",Loungewear,0.21201453,2
12740,918443003,Garment Full body,Dress,Solid,Light Purple,Lilac Purple,Ladieswear,Dresses Ladies,Womens Everyday Collection,Dress,0.21182002,2
13104,905945002,Garment Upper body,Top,Melange,Beige,Mole,Ladieswear,Knitwear,Womens Casual,Knitwear,0.21148372,2
12632,908728003,Garment Full body,Dress,All over pattern,Black,Black,Ladieswear,Dresses Ladies,Womens Everyday Collection,Dress,0.20639332,2
3387,918443004,Garment Full body,Dress,Solid,Black,Black,Ladieswear,Dresses Ladies,Womens Everyday Collection,Dress,0.20468384,2
12231,935689001,Garment Lower body,Trousers,Solid,Grey,Grey,Ladieswear,"Under-, Nightwear","Womens Nightwear, Socks & Tigh",Loungewear,0.20250095,2
12577,873274002,Garment Upper body,Sweater,Melange,Light Beige,Beige,Ladieswear,Knitwear,Womens Everyday Collection,Knitwear,0.20066981,2
12736,918443002,Garment Full body,Dress,All over pattern,Black,Black,Ladieswear,Dresses Ladies,Womens Everyday Collection,Dress,0.19887076,2
5009,811993003,Garment Lower body,Trousers,Denim,Dark Blue,Blue,Menswear,Trousers Denim,Denim Men,Denim trousers,0.7237627,3
2228,720504008,Garment Lower body,Trousers,Denim,Grey,Grey,Menswear,Trousers Denim,Denim Men,Denim trousers,0.69726586,3
2998,783707159,Socks & Tights,Socks,All over pattern,Dark Orange,Orange,Menswear,Socks and Tights,Men Underwear,Socks Wall,0.69440013,3
10623,606395021,Garment Lower body,Trousers,Solid,Greenish Khaki,Khaki green,Menswear,Trousers,Contemporary Casual,Trouser,0.6838281,3
5807,751994007,Garment Lower body,Trousers,Denim,Black,Black,Menswear,Trousers Denim,Denim Men,Denim trousers,0.6686486,3
6138,606395006,Garment Lower body,Trousers,Solid,Black,Black,Menswear,Trousers,Contemporary Casual,Trouser,0.6650201,3
1313,783707151,Socks & Tights,Socks,All over pattern,Grey,Grey,Menswear,Socks and Tights,Men Underwear,Socks Wall,0.658025,3
11249,730863043,Garment Lower body,Trousers,Denim,Dark Grey,Grey,Menswear,Trousers Denim,Denim Men,Denim trousers,0.6563282,3
8566,783707089,Socks & Tights,Socks,All over pattern,Light Purple,Lilac Purple,Menswear,Socks and Tights,Men Underwear,Socks Wall,0.6519942,3
5010,669091003,Garment Upper body,Hoodie,Melange,Dark Blue,Blue,Menswear,Jersey Basic,Men Underwear,Heavy Basic Jersey,0.651382,3
1463,775382001,Garment Lower body,Trousers,Solid,Black,Black,Ladieswear,Trousers,Mama,Woven bottoms,0.58757746,4
2529,810170016,Garment Lower body,Trousers,Denim,Black,Black,Ladieswear,Trousers,Mama,Woven bottoms,0.5683698,4
3651,820032005,Garment Upper body,Top,Melange,Dark Orange,Red,Ladieswear,Jersey Fancy,Mama,Jersey,0.56501114,4
3721,910528002,Socks & Tights,Underwear Tights,Solid,Black,Black,Ladieswear,Socks and Tights,"Womens Nightwear, Socks & Tigh",Tights basic,0.54955715,4
8463,810169017,Garment Lower body,Trousers,Denim,Black,Black,Ladieswear,Trousers,Mama,Woven bottoms,0.54739857,4
11902,810170014,Garment Lower body,Trousers,Denim,Dark Blue,Blue,Ladieswear,Trousers,Mama,Woven bottoms,0.54734015,4
168,834063001,Garment Lower body,Leggings/Tights,Solid,Dark Grey,Grey,Ladieswear,Jersey Fancy,Mama,Jersey,0.5444672,4
4834,837680004,Garment Upper body,Top,Solid,White,White,Ladieswear,Jersey Fancy,Mama,Jersey,0.54292256,4
12017,901802003,Garment Lower body,Trousers,Solid,Dark Blue,Blue,Ladieswear,Jersey Fancy,Mama,Jersey,0.53780216,4
3642,916881001,Garment Upper body,Vest top,Solid,White,White,Ladieswear,Jersey Fancy,Mama,Jersey,0.53738415,4
634,568597007,Garment Lower body,Trousers,Solid,Dark Blue,Blue,Ladieswear,Trousers,Womens Tailoring,Trouser,0.8336115,5
2930,884174001,Garment Upper body,Top,Solid,White,White,Ladieswear,Jersey Fancy,Womens Tailoring,Jersey,0.7402512,5
974,708138009,Garment Upper body,Blazer,Other structure,Light Beige,Beige,Ladieswear,Dressed,Womens Tailoring,Suit,0.7392181,5
1537,770315026,Garment Upper body,Top,Solid,Turquoise,Turquoise,Ladieswear,Jersey Fancy,Womens Tailoring,Jersey,0.7048999,5
3457,858856005,Garment Lower body,Skirt,Other structure,Dark Green,Green,Ladieswear,Skirts,Womens Tailoring,Skirt,0.70083016,5
3916,728156018,Garment Upper body,Blazer,Solid,Other,undefined,Ladieswear,Dressed,Womens Tailoring,Suit,0.7003941,5
3464,912075007,Garment Upper body,Blouse,Solid,Greenish Khaki,Khaki green,Ladieswear,Blouses,Womens Tailoring,Blouse,0.6915775,5
4964,568601023,Garment Upper body,Blazer,Solid,Grey,Grey,Ladieswear,Dressed,Womens Tailoring,Suit,0.6890081,5
12553,816083007,Garment Full body,Dress,Solid,Dark Green,Khaki green,Ladieswear,Dresses Ladies,Womens Tailoring,Dress,0.68477964,5
1529,568597023,Garment Lower body,Trousers,Solid,Grey,Grey,Ladieswear,Trousers,Womens Tailoring,Trouser,0.6754319,5
5009,811993003,Garment Lower body,Trousers,Denim,Dark Blue,Blue,Menswear,Trousers Denim,Denim Men,Denim trousers,0.72352296,6
2228,720504008,Garment Lower body,Trousers,Denim,Grey,Grey,Menswear,Trousers Denim,Denim Men,Denim trousers,0.6973541,6
2998,783707159,Socks & Tights,Socks,All over pattern,Dark Orange,Orange,Menswear,Socks and Tights,Men Underwear,Socks Wall,0.6898675,6
10623,606395021,Garment Lower body,Trousers,Solid,Greenish Khaki,Khaki green,Menswear,Trousers,Contemporary Casual,Trouser,0.68205017,6
5807,751994007,Garment Lower body,Trousers,Denim,Black,Black,Menswear,Trousers Denim,Denim Men,Denim trousers,0.6684687,6
6138,606395006,Garment Lower body,Trousers,Solid,Black,Black,Menswear,Trousers,Contemporary Casual,Trouser,0.66466904,6
11249,730863043,Garment Lower body,Trousers,Denim,Dark Grey,Grey,Menswear,Trousers Denim,Denim Men,Denim trousers,0.6567473,6
1313,783707151,Socks & Tights,Socks,All over pattern,Grey,Grey,Menswear,Socks and Tights,Men Underwear,Socks Wall,0.6534863,6
5010,669091003,Garment Upper body,Hoodie,Melange,Dark Blue,Blue,Menswear,Jersey Basic,Men Underwear,Heavy Basic Jersey,0.652352,6
8566,783707089,Socks & Tights,Socks,All over pattern,Light Purple,Lilac Purple,Menswear,Socks and Tights,Men Underwear,Socks Wall,0.6499221,6
10050,921697003,Garment Full body,Dress,Solid,Greenish Khaki,Khaki green,Ladieswear,Dresses Ladies,Womens Everyday Collection,Dress,0.22272222,7
12319,933989002,Nightwear,Pyjama bottom,Solid,Light Orange,Orange,Ladieswear,"Under-, Nightwear","Womens Nightwear, Socks & Tigh",Loungewear,0.21222731,7
13104,905945002,Garment Upper body,Top,Melange,Beige,Mole,Ladieswear,Knitwear,Womens Casual,Knitwear,0.20993127,7
13319,929001001,Garment Full body,Dress,Solid,Green,Khaki green,Ladieswear,Dresses Ladies,Womens Everyday Collection,Dress,0.20717368,7
12740,918443003,Garment Full body,Dress,Solid,Light Purple,Lilac Purple,Ladieswear,Dresses Ladies,Womens Everyday Collection,Dress,0.20622408,7
3387,918443004,Garment Full body,Dress,Solid,Black,Black,Ladieswear,Dresses Ladies,Womens Everyday Collection,Dress,0.20287052,7
12231,935689001,Garment Lower body,Trousers,Solid,Grey,Grey,Ladieswear,"Under-, Nightwear","Womens Nightwear, Socks & Tigh",Loungewear,0.20247337,7
12632,908728003,Garment Full body,Dress,All over pattern,Black,Black,Ladieswear,Dresses Ladies,Womens Everyday Collection,Dress,0.20208159,7
12736,918443002,Garment Full body,Dress,All over pattern,Black,Black,Ladieswear,Dresses Ladies,Womens Everyday Collection,Dress,0.19998284,7
12577,873274002,Garment Upper body,Sweater,Melange,Light Beige,Beige,Ladieswear,Knitwear,Womens Everyday Collection,Knitwear,0.19803186,7
10050,921697003,Garment Full body,Dress,Solid,Greenish Khaki,Khaki green,Ladieswear,Dresses Ladies,Womens Everyday Collection,Dress,0.21681325,8
13319,929001001,Garment Full body,Dress,Solid,Green,Khaki green,Ladieswear,Dresses Ladies,Womens Everyday Collection,Dress,0.20727044,8
13104,905945002,Garment Upper body,Top,Melange,Beige,Mole,Ladieswear,Knitwear,Womens Casual,Knitwear,0.2056054,8
12740,918443003,Garment Full body,Dress,Solid,Light Purple,Lilac Purple,Ladieswear,Dresses Ladies,Womens Everyday Collection,Dress,0.20546351,8
12632,908728003,Garment Full body,Dress,All over pattern,Black,Black,Ladieswear,Dresses Ladies,Womens Everyday Collection,Dress,0.20324075,8
12319,933989002,Nightwear,Pyjama bottom,Solid,Light Orange,Orange,Ladieswear,"Under-, Nightwear","Womens Nightwear, Socks & Tigh",Loungewear,0.20073815,8
3387,918443004,Garment Full body,Dress,Solid,Black,Black,Ladieswear,Dresses Ladies,Womens Everyday Collection,Dress,0.19796833,8
12231,935689001,Garment Lower body,Trousers,Solid,Grey,Grey,Ladieswear,"Under-, Nightwear","Womens Nightwear, Socks & Tigh",Loungewear,0.1955193,8
12577,873274002,Garment Upper body,Sweater,Melange,Light Beige,Beige,Ladieswear,Knitwear,Womens Everyday Collection,Knitwear,0.1941289,8
12736,918443002,Garment Full body,Dress,All over pattern,Black,Black,Ladieswear,Dresses Ladies,Womens Everyday Collection,Dress,0.19305463,8
10050,921697003,Garment Full body,Dress,Solid,Greenish Khaki,Khaki green,Ladieswear,Dresses Ladies,Womens Everyday Collection,Dress,0.22540158,9
12740,918443003,Garment Full body,Dress,Solid,Light Purple,Lilac Purple,Ladieswear,Dresses Ladies,Womens Everyday Collection,Dress,0.21098709,9
13319,929001001,Garment Full body,Dress,Solid,Green,Khaki green,Ladieswear,Dresses Ladies,Womens Everyday Collection,Dress,0.2104116,9
13104,905945002,Garment Upper body,Top,Melange,Beige,Mole,Ladieswear,Knitwear,Womens Casual,Knitwear,0.20602366,9
12632,908728003,Garment Full body,Dress,All over pattern,Black,Black,Ladieswear,Dresses Ladies,Womens Everyday Collection,Dress,0.20443818,9
12319,933989002,Nightwear,Pyjama bottom,Solid,Light Orange,Orange,Ladieswear,"Under-, Nightwear","Womens Nightwear, Socks & Tigh",Loungewear,0.20384465,9
3387,918443004,Garment Full body,Dress,Solid,Black,Black,Ladieswear,Dresses Ladies,Womens Everyday Collection,Dress,0.20170385,9
12736,918443002,Garment Full body,Dress,All over pattern,Black,Black,Ladieswear,Dresses Ladies,Womens Everyday Collection,Dress,0.19858198,9
12577,873274002,Garment Upper body,Sweater,Melange,Light Beige,Beige,Ladieswear,Knitwear,Womens Everyday Collection,Knitwear,0.19574177,9
12231,935689001,Garment Lower body,Trousers,Solid,Grey,Grey,Ladieswear,"Under-, Nightwear","Womens Nightwear, Socks & Tigh",Loungewear,0.19469203,9
10050,921697003,Garment Full body,Dress,Solid,Greenish Khaki,Khaki green,Ladieswear,Dresses Ladies,Womens Everyday Collection,Dress,0.22647119,10
12740,918443003,Garment Full body,Dress,Solid,Light Purple,Lilac Purple,Ladieswear,Dresses Ladies,Womens Everyday Collection,Dress,0.21530677,10
13319,929001001,Garment Full body,Dress,Solid,Green,Khaki green,Ladieswear,Dresses Ladies,Womens Everyday Collection,Dress,0.21117398,10
12319,933989002,Nightwear,Pyjama bottom,Solid,Light Orange,Orange,Ladieswear,"Under-, Nightwear","Womens Nightwear, Socks & Tigh",Loungewear,0.2097112,10
13104,905945002,Garment Upper body,Top,Melange,Beige,Mole,Ladieswear,Knitwear,Womens Casual,Knitwear,0.20590614,10
12632,908728003,Garment Full body,Dress,All over pattern,Black,Black,Ladieswear,Dresses Ladies,Womens Everyday Collection,Dress,0.20427178,10
3387,918443004,Garment Full body,Dress,Solid,Black,Black,Ladieswear,Dresses Ladies,Womens Everyday Collection,Dress,0.19999829,10
12231,935689001,Garment Lower body,Trousers,Solid,Grey,Grey,Ladieswear,"Under-, Nightwear","Womens Nightwear, Socks & Tigh",Loungewear,0.19896278,10
12923,923020001,Garment Full body,Dress,Lace,Black,Black,Ladieswear,Special Offers,Womens Everyday Collection,Campaigns,0.19864093,10
12736,918443002,Garment Full body,Dress,All over pattern,Black,Black,Ladieswear,Dresses Ladies,Womens Everyday Collection,Dress,0.19833833,10
1860,706016038,Garment Lower body,Trousers,Solid,Blue,Blue,Divided,Trousers,Divided Collection,Trousers,0.8469404,11
958,554450036,Garment Lower body,Trousers,Solid,Dark Blue,Blue,Divided,Trousers,Divided Collection,Trousers,0.7878072,11
383,621381012,Garment Lower body,Trousers,Solid,Black,Black,Divided,Trousers,Divided Collection,Trousers,0.78735733,11
4047,621381014,Garment Lower body,Trousers,Solid,Dark Blue,Blue,Divided,Trousers,Divided Collection,Trousers,0.7810719,11
3205,717490058,Garment Upper body,T-shirt,Embroidery,Greenish Khaki,Khaki green,Divided,Jersey Basic,Divided Basics,Basic 1,0.73825973,11
496,610776105,Garment Upper body,T-shirt,Melange,Grey,Grey,Ladieswear,Jersey Basic,Womens Everyday Basics,Jersey Basic,0.7177284,11
2173,706016006,Garment Lower body,Trousers,Solid,Dark Blue,Blue,Divided,Trousers,Divided Collection,Trousers,0.7154996,11
5727,911214004,Garment Upper body,Sweater,Placement print,Dark Pink,Pink,Divided,Jersey Fancy,Divided Collection,Tops Fancy Jersey,0.71505505,11
16,621381001,Garment Lower body,Trousers,Solid,Light Blue,Blue,Divided,Trousers,Divided Collection,Trousers,0.70793545,11
3742,706016019,Garment Lower body,Trousers,Solid,Dark Blue,Blue,Divided,Trousers,Divided Collection,Trousers,0.7063156,11
10050,921697003,Garment Full body,Dress,Solid,Greenish Khaki,Khaki green,Ladieswear,Dresses Ladies,Womens Everyday Collection,Dress,0.22341102,12
12319,933989002,Nightwear,Pyjama bottom,Solid,Light Orange,Orange,Ladieswear,"Under-, Nightwear","Womens Nightwear, Socks & Tigh",Loungewear,0.2120674,12
12740,918443003,Garment Full body,Dress,Solid,Light Purple,Lilac Purple,Ladieswear,Dresses Ladies,Womens Everyday Collection,Dress,0.21074489,12
13319,929001001,Garment Full body,Dress,Solid,Green,Khaki green,Ladieswear,Dresses Ladies,Womens Everyday Collection,Dress,0.21013288,12
13104,905945002,Garment Upper body,Top,Melange,Beige,Mole,Ladieswear,Knitwear,Womens Casual,Knitwear,0.20729385,12
12632,908728003,Garment Full body,Dress,All over pattern,Black,Black,Ladieswear,Dresses Ladies,Womens Everyday Collection,Dress,0.20130697,12
12231,935689001,Garment Lower body,Trousers,Solid,Grey,Grey,Ladieswear,"Under-, Nightwear","Womens Nightwear, Socks & Tigh",Loungewear,0.19699706,12
12736,918443002,Garment Full body,Dress,All over pattern,Black,Black,Ladieswear,Dresses Ladies,Womens Everyday Collection,Dress,0.19697583,12
3387,918443004,Garment Full body,Dress,Solid,Black,Black,Ladieswear,Dresses Ladies,Womens Everyday Collection,Dress,0.19628033,12
12577,873274002,Garment Upper body,Sweater,Melange,Light Beige,Beige,Ladieswear,Knitwear,Womens Everyday Collection,Knitwear,0.19415478,12
229,879287001,Garment Upper body,Vest top,Solid,Black,Black,Sport,Jersey Fancy,Ladies H&M Sport,Ladies Sport Bras,0.5935297,13
1066,864415003,Underwear,Underwear bottom,Solid,Light Pink,Pink,Ladieswear,"Under-, Nightwear",Womens Lingerie,Expressive Lingerie,0.59136206,13
1252,861803014,Garment Upper body,Top,Solid,Dark Pink,Pink,Sport,Jersey Fancy,Ladies H&M Sport,Ladies Sport Bras,0.562909,13
423,894956006,Garment Upper body,Vest top,Solid,Green,Grey,Sport,Jersey Fancy,Ladies H&M Sport,Ladies Sport Bras,0.55972874,13
1519,914537002,Garment Upper body,T-shirt,Melange,Greenish Khaki,Khaki green,Sport,Jersey Fancy,Ladies H&M Sport,Ladies Sport Bras,0.55550563,13
2538,852174003,Underwear,Bra,Solid,White,White,Sport,Jersey Fancy,Ladies H&M Sport,Ladies Sport Bras,0.54161555,13
228,902023002,Garment Upper body,Top,All over pattern,Beige,Beige,Sport,Jersey Fancy,Ladies H&M Sport,Ladies Sport Bras,0.5411268,13
778,868283001,Garment Upper body,Top,Solid,Black,Black,Sport,Jersey Fancy,Ladies H&M Sport,Ladies Sport Bras,0.5408159,13
230,914453001,Garment Lower body,Leggings/Tights,Other structure,Yellowish Brown,Brown,Sport,Jersey Fancy,Ladies H&M Sport,Ladies Sport Bottoms,0.5407137,13
2436,887681002,Underwear,Underwear bottom,Solid,White,White,Ladieswear,"Under-, Nightwear",Womens Lingerie,Expressive Lingerie,0.5360278,13
10050,921697003,Garment Full body,Dress,Solid,Greenish Khaki,Khaki green,Ladieswear,Dresses Ladies,Womens Everyday Collection,Dress,0.22743979,14
13319,929001001,Garment Full body,Dress,Solid,Green,Khaki green,Ladieswear,Dresses Ladies,Womens Everyday Collection,Dress,0.21347104,14
12740,918443003,Garment Full body,Dress,Solid,Light Purple,Lilac Purple,Ladieswear,Dresses Ladies,Womens Everyday Collection,Dress,0.21228999,14
13104,905945002,Garment Upper body,Top,Melange,Beige,Mole,Ladieswear,Knitwear,Womens Casual,Knitwear,0.20979781,14
12632,908728003,Garment Full body,Dress,All over pattern,Black,Black,Ladieswear,Dresses Ladies,Womens Everyday Collection,Dress,0.20856272,14
12319,933989002,Nightwear,Pyjama bottom,Solid,Light Orange,Orange,Ladieswear,"Under-, Nightwear","Womens Nightwear, Socks & Tigh",Loungewear,0.2040059,14
12736,918443002,Garment Full body,Dress,All over pattern,Black,Black,Ladieswear,Dresses Ladies,Womens Everyday Collection,Dress,0.20085819,14
12577,873274002,Garment Upper body,Sweater,Melange,Light Beige,Beige,Ladieswear,Knitwear,Womens Everyday Collection,Knitwear,0.20075528,14
3387,918443004,Garment Full body,Dress,Solid,Black,Black,Ladieswear,Dresses Ladies,Womens Everyday Collection,Dress,0.20018245,14
12578,929388002,Garment Lower body,Skirt,Melange,Light Beige,Beige,Ladieswear,Knitwear,Womens Everyday Collection,Knitwear,0.19924133,14
10050,921697003,Garment Full body,Dress,Solid,Greenish Khaki,Khaki green,Ladieswear,Dresses Ladies,Womens Everyday Collection,Dress,0.21982677,15
13319,929001001,Garment Full body,Dress,Solid,Green,Khaki green,Ladieswear,Dresses Ladies,Womens Everyday Collection,Dress,0.20945111,15
13104,905945002,Garment Upper body,Top,Melange,Beige,Mole,Ladieswear,Knitwear,Womens Casual,Knitwear,0.20838685,15
12740,918443003,Garment Full body,Dress,Solid,Light Purple,Lilac Purple,Ladieswear,Dresses Ladies,Womens Everyday Collection,Dress,0.20816201,15
12632,908728003,Garment Full body,Dress,All over pattern,Black,Black,Ladieswear,Dresses Ladies,Womens Everyday Collection,Dress,0.20544422,15
12319,933989002,Nightwear,Pyjama bottom,Solid,Light Orange,Orange,Ladieswear,"Under-, Nightwear","Womens Nightwear, Socks & Tigh",Loungewear,0.20450169,15
12231,935689001,Garment Lower body,Trousers,Solid,Grey,Grey,Ladieswear,"Under-, Nightwear","Womens Nightwear, Socks & Tigh",Loungewear,0.1971435,15
12577,873274002,Garment Upper body,Sweater,Melange,Light Beige,Beige,Ladieswear,Knitwear,Womens Everyday Collection,Knitwear,0.19708045,15
12578,929388002,Garment Lower body,Skirt,Melange,Light Beige,Beige,Ladieswear,Knitwear,Womens Everyday Collection,Knitwear,0.19617288,15
12281,904999001,Garment Upper body,Cardigan,Melange,Grey,Grey,Ladieswear,Knitwear,Womens Everyday Collection,Knitwear,0.19545992,15
10050,921697003,Garment Full body,Dress,Solid,Greenish Khaki,Khaki green,Ladieswear,Dresses Ladies,Womens Everyday Collection,Dress,0.21592382,16
12319,933989002,Nightwear,Pyjama bottom,Solid,Light Orange,Orange,Ladieswear,"Under-, Nightwear","Womens Nightwear, Socks & Tigh",Loungewear,0.21164729,16
13104,905945002,Garment Upper body,Top,Melange,Beige,Mole,Ladieswear,Knitwear,Womens Casual,Knitwear,0.20814577,16
13319,929001001,Garment Full body,Dress,Solid,Green,Khaki green,Ladieswear,Dresses Ladies,Womens Everyday Collection,Dress,0.20285775,16
12231,935689001,Garment Lower body,Trousers,Solid,Grey,Grey,Ladieswear,"Under-, Nightwear","Womens Nightwear, Socks & Tigh",Loungewear,0.20090039,16
12740,918443003,Garment Full body,Dress,Solid,Light Purple,Lilac Purple,Ladieswear,Dresses Ladies,Womens Everyday Collection,Dress,0.20002754,16
12632,908728003,Garment Full body,Dress,All over pattern,Black,Black,Ladieswear,Dresses Ladies,Womens Everyday Collection,Dress,0.19727221,16
3387,918443004,Garment Full body,Dress,Solid,Black,Black,Ladieswear,Dresses Ladies,Womens Everyday Collection,Dress,0.19697276,16
12577,873274002,Garment Upper body,Sweater,Melange,Light Beige,Beige,Ladieswear,Knitwear,Womens Everyday Collection,Knitwear,0.1968256,16
12672,923569002,Garment Upper body,Top,Melange,Beige,Beige,Ladieswear,Knitwear,Womens Casual,Knitwear,0.19568576,16
1275,899749005,Garment Lower body,Trousers,Denim,Dark Blue,Blue,Divided,Trousers Denim,Ladies Denim,Denim Trousers,0.5857327,17
3245,562245084,Garment Lower body,Trousers,Denim,Blue,Blue,Ladieswear,Trousers,Womens Everyday Collection,Trouser,0.58565027,17
6935,399256023,Garment Lower body,Trousers,Denim,Light Blue,Blue,Ladieswear,Trousers Denim,Ladies Denim,Everyday Waredrobe Denim,0.58475256,17
3247,562245102,Garment Lower body,Trousers,Denim,Light Blue,Blue,Ladieswear,Trousers,Womens Everyday Collection,Trouser,0.57163244,17
469,610776071,Garment Upper body,T-shirt,All over pattern,Off White,White,Ladieswear,Jersey Basic,Womens Everyday Basics,Jersey Basic,0.5690777,17
2122,678942054,Garment Upper body,Sweater,Melange,Beige,Beige,Ladieswear,"Under-, Nightwear","Womens Nightwear, Socks & Tigh",Loungewear,0.5653865,17
396,898596007,Garment Lower body,Trousers,Denim,Grey,Grey,Ladieswear,Trousers,Womens Everyday Collection,Trouser,0.56178993,17
3074,826492001,Garment Upper body,Sweater,Jacquard,Beige,Beige,Ladieswear,Knitwear,Womens Everyday Collection,Knitwear,0.5553339,17
1186,873678003,Garment Upper body,Blouse,All over pattern,Beige,Beige,Ladieswear,Blouses,Womens Everyday Collection,Blouse,0.5547231,17
1464,914441003,Garment Lower body,Trousers,Denim,Blue,Blue,Divided,Trousers Denim,Ladies Denim,Denim Trousers,0.5529028,17
6935,399256023,Garment Lower body,Trousers,Denim,Light Blue,Blue,Ladieswear,Trousers Denim,Ladies Denim,Everyday Waredrobe Denim,0.58682346,18
3245,562245084,Garment Lower body,Trousers,Denim,Blue,Blue,Ladieswear,Trousers,Womens Everyday Collection,Trouser,0.58272094,18
1275,899749005,Garment Lower body,Trousers,Denim,Dark Blue,Blue,Divided,Trousers Denim,Ladies Denim,Denim Trousers,0.581689,18
469,610776071,Garment Upper body,T-shirt,All over pattern,Off White,White,Ladieswear,Jersey Basic,Womens Everyday Basics,Jersey Basic,0.56341743,18
3247,562245102,Garment Lower body,Trousers,Denim,Light Blue,Blue,Ladieswear,Trousers,Womens Everyday Collection,Trouser,0.56339425,18
2122,678942054,Garment Upper body,Sweater,Melange,Beige,Beige,Ladieswear,"Under-, Nightwear","Womens Nightwear, Socks & Tigh",Loungewear,0.5574116,18
3074,826492001,Garment Upper body,Sweater,Jacquard,Beige,Beige,Ladieswear,Knitwear,Womens Everyday Collection,Knitwear,0.5571273,18
3085,832520002,Garment Upper body,Sweater,Melange,Light Beige,Beige,Ladieswear,Jersey Fancy,Womens Everyday Collection,Jersey fancy,0.5558087,18
396,898596007,Garment Lower body,Trousers,Denim,Grey,Grey,Ladieswear,Trousers,Womens Everyday Collection,Trouser,0.55397654,18
2952,874754005,Garment Upper body,Sweater,Stripe,Light Beige,Beige,Ladieswear,Knitwear,Womens Casual,Knitwear,0.5534504,18
10050,921697003,Garment Full body,Dress,Solid,Greenish Khaki,Khaki green,Ladieswear,Dresses Ladies,Womens Everyday Collection,Dress,0.22053485,19
13319,929001001,Garment Full body,Dress,Solid,Green,Khaki green,Ladieswear,Dresses Ladies,Womens Everyday Collection,Dress,0.20844102,19
12740,918443003,Garment Full body,Dress,Solid,Light Purple,Lilac Purple,Ladieswear,Dresses Ladies,Womens Everyday Collection,Dress,0.20671214,19
13104,905945002,Garment Upper body,Top,Melange,Beige,Mole,Ladieswear,Knitwear,Womens Casual,Knitwear,0.20338793,19
12632,908728003,Garment Full body,Dress,All over pattern,Black,Black,Ladieswear,Dresses Ladies,Womens Everyday Collection,Dress,0.20258093,19
3387,918443004,Garment Full body,Dress,Solid,Black,Black,Ladieswear,Dresses Ladies,Womens Everyday Collection,Dress,0.2021585,19
12319,933989002,Nightwear,Pyjama bottom,Solid,Light Orange,Orange,Ladieswear,"Under-, Nightwear","Womens Nightwear, Socks & Tigh",Loungewear,0.19782172,19
12736,918443002,Garment Full body,Dress,All over pattern,Black,Black,Ladieswear,Dresses Ladies,Womens Everyday Collection,Dress,0.19607057,19
5362,831431001,Garment Upper body,Shirt,Solid,White,White,Ladieswear,Blouses,H&M+,Woven top,0.19464813,19
12577,873274002,Garment Upper body,Sweater,Melange,Light Beige,Beige,Ladieswear,Knitwear,Womens Everyday Collection,Knitwear,0.19394122,19
10050,921697003,Garment Full body,Dress,Solid,Greenish Khaki,Khaki green,Ladieswear,Dresses Ladies,Womens Everyday Collection,Dress,0.22260715,20
12319,933989002,Nightwear,Pyjama bottom,Solid,Light Orange,Orange,Ladieswear,"Under-, Nightwear","Womens Nightwear, Socks & Tigh",Loungewear,0.21232042,20
12740,918443003,Garment Full body,Dress,Solid,Light Purple,Lilac Purple,Ladieswear,Dresses Ladies,Womens Everyday Collection,Dress,0.2109105,20
13319,929001001,Garment Full body,Dress,Solid,Green,Khaki green,Ladieswear,Dresses Ladies,Womens Everyday Collection,Dress,0.21034887,20
13104,905945002,Garment Upper body,Top,Melange,Beige,Mole,Ladieswear,Knitwear,Womens Casual,Knitwear,0.2087078,20
3387,918443004,Garment Full body,Dress,Solid,Black,Black,Ladieswear,Dresses Ladies,Womens Everyday Collection,Dress,0.20352742,20
12632,908728003,Garment Full body,Dress,All over pattern,Black,Black,Ladieswear,Dresses Ladies,Womens Everyday Collection,Dress,0.20335148,20
12231,935689001,Garment Lower body,Trousers,Solid,Grey,Grey,Ladieswear,"Under-, Nightwear","Womens Nightwear, Socks & Tigh",Loungewear,0.20152728,20
12736,918443002,Garment Full body,Dress,All over pattern,Black,Black,Ladieswear,Dresses Ladies,Womens Everyday Collection,Dress,0.19652122,20
12577,873274002,Garment Upper body,Sweater,Melange,Light Beige,Beige,Ladieswear,Knitwear,Womens Everyday Collection,Knitwear,0.19510418,20
1066,864415003,Underwear,Underwear bottom,Solid,Light Pink,Pink,Ladieswear,"Under-, Nightwear",Womens Lingerie,Expressive Lingerie,0.59354573,21
229,879287001,Garment Upper body,Vest top,Solid,Black,Black,Sport,Jersey Fancy,Ladies H&M Sport,Ladies Sport Bras,0.5871379,21
1252,861803014,Garment Upper body,Top,Solid,Dark Pink,Pink,Sport,Jersey Fancy,Ladies H&M Sport,Ladies Sport Bras,0.56835157,21
423,894956006,Garment Upper body,Vest top,Solid,Green,Grey,Sport,Jersey Fancy,Ladies H&M Sport,Ladies Sport Bras,0.5626923,21
1519,914537002,Garment Upper body,T-shirt,Melange,Greenish Khaki,Khaki green,Sport,Jersey Fancy,Ladies H&M Sport,Ladies Sport Bras,0.5615632,21
778,868283001,Garment Upper body,Top,Solid,Black,Black,Sport,Jersey Fancy,Ladies H&M Sport,Ladies Sport Bras,0.5497799,21
2538,852174003,Underwear,Bra,Solid,White,White,Sport,Jersey Fancy,Ladies H&M Sport,Ladies Sport Bras,0.5470676,21
2436,887681002,Underwear,Underwear bottom,Solid,White,White,Ladieswear,"Under-, Nightwear",Womens Lingerie,Expressive Lingerie,0.54375625,21
230,914453001,Garment Lower body,Leggings/Tights,Other structure,Yellowish Brown,Brown,Sport,Jersey Fancy,Ladies H&M Sport,Ladies Sport Bottoms,0.5398718,21
676,915292001,Garment Upper body,Top,Solid,Black,Black,Sport,Jersey Fancy,Ladies H&M Sport,Ladies Sport Bras,0.533963,21
1463,775382001,Garment Lower body,Trousers,Solid,Black,Black,Ladieswear,Trousers,Mama,Woven bottoms,0.58574384,22
3651,820032005,Garment Upper body,Top,Melange,Dark Orange,Red,Ladieswear,Jersey Fancy,Mama,Jersey,0.568544,22
2529,810170016,Garment Lower body,Trousers,Denim,Black,Black,Ladieswear,Trousers,Mama,Woven bottoms,0.56768584,22
3721,910528002,Socks & Tights,Underwear Tights,Solid,Black,Black,Ladieswear,Socks and Tights,"Womens Nightwear, Socks & Tigh",Tights basic,0.55253,22
11902,810170014,Garment Lower body,Trousers,Denim,Dark Blue,Blue,Ladieswear,Trousers,Mama,Woven bottoms,0.55099887,22
168,834063001,Garment Lower body,Leggings/Tights,Solid,Dark Grey,Grey,Ladieswear,Jersey Fancy,Mama,Jersey,0.54712033,22
8463,810169017,Garment Lower body,Trousers,Denim,Black,Black,Ladieswear,Trousers,Mama,Woven bottoms,0.5455198,22
4834,837680004,Garment Upper body,Top,Solid,White,White,Ladieswear,Jersey Fancy,Mama,Jersey,0.5429587,22
12017,901802003,Garment Lower body,Trousers,Solid,Dark Blue,Blue,Ladieswear,Jersey Fancy,Mama,Jersey,0.5411787,22
3642,916881001,Garment Upper body,Vest top,Solid,White,White,Ladieswear,Jersey Fancy,Mama,Jersey,0.539343,22
10050,921697003,Garment Full body,Dress,Solid,Greenish Khaki,Khaki green,Ladieswear,Dresses Ladies,Womens Everyday Collection,Dress,0.22535492,23
12740,918443003,Garment Full body,Dress,Solid,Light Purple,Lilac Purple,Ladieswear,Dresses Ladies,Womens Everyday Collection,Dress,0.2106778,23
13319,929001001,Garment Full body,Dress,Solid,Green,Khaki green,Ladieswear,Dresses Ladies,Womens Everyday Collection,Dress,0.21017818,23
13104,905945002,Garment Upper body,Top,Melange,Beige,Mole,Ladieswear,Knitwear,Womens Casual,Knitwear,0.20624544,23
12632,908728003,Garment Full body,Dress,All over pattern,Black,Black,Ladieswear,Dresses Ladies,Womens Everyday Collection,Dress,0.20466343,23
12319,933989002,Nightwear,Pyjama bottom,Solid,Light Orange,Orange,Ladieswear,"Under-, Nightwear","Womens Nightwear, Socks & Tigh",Loungewear,0.20423393,23
3387,918443004,Garment Full body,Dress,Solid,Black,Black,Ladieswear,Dresses Ladies,Womens Everyday Collection,Dress,0.2025325,23
12736,918443002,Garment Full body,Dress,All over pattern,Black,Black,Ladieswear,Dresses Ladies,Womens Everyday Collection,Dress,0.1987227,23
12577,873274002,Garment Upper body,Sweater,Melange,Light Beige,Beige,Ladieswear,Knitwear,Womens Everyday Collection,Knitwear,0.19633254,23
12231,935689001,Garment Lower body,Trousers,Solid,Grey,Grey,Ladieswear,"Under-, Nightwear","Womens Nightwear, Socks & Tigh",Loungewear,0.1955309,23
10050,921697003,Garment Full body,Dress,Solid,Greenish Khaki,Khaki green,Ladieswear,Dresses Ladies,Womens Everyday Collection,Dress,0.22265485,24
12319,933989002,Nightwear,Pyjama bottom,Solid,Light Orange,Orange,Ladieswear,"Under-, Nightwear","Womens Nightwear, Socks & Tigh",Loungewear,0.21122357,24
13319,929001001,Garment Full body,Dress,Solid,Green,Khaki green,Ladieswear,Dresses Ladies,Womens Everyday Collection,Dress,0.20959526,24
12740,918443003,Garment Full body,Dress,Solid,Light Purple,Lilac Purple,Ladieswear,Dresses Ladies,Womens Everyday Collection,Dress,0.2092368,24
13104,905945002,Garment Upper body,Top,Melange,Beige,Mole,Ladieswear,Knitwear,Womens Casual,Knitwear,0.20826773,24
12632,908728003,Garment Full body,Dress,All over pattern,Black,Black,Ladieswear,Dresses Ladies,Womens Everyday Collection,Dress,0.20222579,24
12231,935689001,Garment Lower body,Trousers,Solid,Grey,Grey,Ladieswear,"Under-, Nightwear","Womens Nightwear, Socks & Tigh",Loungewear,0.19810016,24
12736,918443002,Garment Full body,Dress,All over pattern,Black,Black,Ladieswear,Dresses Ladies,Womens Everyday Collection,Dress,0.19747837,24
3387,918443004,Garment Full body,Dress,Solid,Black,Black,Ladieswear,Dresses Ladies,Womens Everyday Collection,Dress,0.19650847,24
12577,873274002,Garment Upper body,Sweater,Melange,Light Beige,Beige,Ladieswear,Knitwear,Womens Everyday Collection,Knitwear,0.19599392,24
1066,864415003,Underwear,Underwear bottom,Solid,Light Pink,Pink,Ladieswear,"Under-, Nightwear",Womens Lingerie,Expressive Lingerie,0.59466374,25
229,879287001,Garment Upper body,Vest top,Solid,Black,Black,Sport,Jersey Fancy,Ladies H&M Sport,Ladies Sport Bras,0.59213144,25
423,894956006,Garment Upper body,Vest top,Solid,Green,Grey,Sport,Jersey Fancy,Ladies H&M Sport,Ladies Sport Bras,0.5661162,25
1252,861803014,Garment Upper body,Top,Solid,Dark Pink,Pink,Sport,Jersey Fancy,Ladies H&M Sport,Ladies Sport Bras,0.56444484,25
1519,914537002,Garment Upper body,T-shirt,Melange,Greenish Khaki,Khaki green,Sport,Jersey Fancy,Ladies H&M Sport,Ladies Sport Bras,0.55730647,25
778,868283001,Garment Upper body,Top,Solid,Black,Black,Sport,Jersey Fancy,Ladies H&M Sport,Ladies Sport Bras,0.5456519,25
2538,852174003,Underwear,Bra,Solid,White,White,Sport,Jersey Fancy,Ladies H&M Sport,Ladies Sport Bras,0.5445,25
230,914453001,Garment Lower body,Leggings/Tights,Other structure,Yellowish Brown,Brown,Sport,Jersey Fancy,Ladies H&M Sport,Ladies Sport Bottoms,0.5418735,25
2436,887681002,Underwear,Underwear bottom,Solid,White,White,Ladieswear,"Under-, Nightwear",Womens Lingerie,Expressive Lingerie,0.5381882,25
228,902023002,Garment Upper body,Top,All over pattern,Beige,Beige,Sport,Jersey Fancy,Ladies H&M Sport,Ladies Sport Bras,0.5342799,25
10050,921697003,Garment Full body,Dress,Solid,Greenish Khaki,Khaki green,Ladieswear,Dresses Ladies,Womens Everyday Collection,Dress,0.22372793,26
13319,929001001,Garment Full body,Dress,Solid,Green,Khaki green,Ladieswear,Dresses Ladies,Womens Everyday Collection,Dress,0.21309453,26
12740,918443003,Garment Full body,Dress,Solid,Light Purple,Lilac Purple,Ladieswear,Dresses Ladies,Womens Everyday Collection,Dress,0.21106657,26
13104,905945002,Garment Upper body,Top,Melange,Beige,Mole,Ladieswear,Knitwear,Womens Casual,Knitwear,0.20728873,26
12632,908728003,Garment Full body,Dress,All over pattern,Black,Black,Ladieswear,Dresses Ladies,Womens Everyday Collection,Dress,0.20629512,26
3387,918443004,Garment Full body,Dress,Solid,Black,Black,Ladieswear,Dresses Ladies,Womens Everyday Collection,Dress,0.20275916,26
12319,933989002,Nightwear,Pyjama bottom,Solid,Light Orange,Orange,Ladieswear,"Under-, Nightwear","Womens Nightwear, Socks & Tigh",Loungewear,0.20273416,26
12577,873274002,Garment Upper body,Sweater,Melange,Light Beige,Beige,Ladieswear,Knitwear,Womens Everyday Collection,Knitwear,0.1983347,26
12736,918443002,Garment Full body,Dress,All over pattern,Black,Black,Ladieswear,Dresses Ladies,Womens Everyday Collection,Dress,0.19667439,26
5362,831431001,Garment Upper body,Shirt,Solid,White,White,Ladieswear,Blouses,H&M+,Woven top,0.19533947,26
1066,864415003,Underwear,Underwear bottom,Solid,Light Pink,Pink,Ladieswear,"Under-, Nightwear",Womens Lingerie,Expressive Lingerie,0.5903672,27
229,879287001,Garment Upper body,Vest top,Solid,Black,Black,Sport,Jersey Fancy,Ladies H&M Sport,Ladies Sport Bras,0.58919823,27
423,894956006,Garment Upper body,Vest top,Solid,Green,Grey,Sport,Jersey Fancy,Ladies H&M Sport,Ladies Sport Bras,0.55666023,27
1252,861803014,Garment Upper body,Top,Solid,Dark Pink,Pink,Sport,Jersey Fancy,Ladies H&M Sport,Ladies Sport Bras,0.55594444,27
1519,914537002,Garment Upper body,T-shirt,Melange,Greenish Khaki,Khaki green,Sport,Jersey Fancy,Ladies H&M Sport,Ladies Sport Bras,0.55187565,27
230,914453001,Garment Lower body,Leggings/Tights,Other structure,Yellowish Brown,Brown,Sport,Jersey Fancy,Ladies H&M Sport,Ladies Sport Bottoms,0.53877705,27
2538,852174003,Underwear,Bra,Solid,White,White,Sport,Jersey Fancy,Ladies H&M Sport,Ladies Sport Bras,0.53662175,27
778,868283001,Garment Upper body,Top,Solid,Black,Black,Sport,Jersey Fancy,Ladies H&M Sport,Ladies Sport Bras,0.53575194,27
228,902023002,Garment Upper body,Top,All over pattern,Beige,Beige,Sport,Jersey Fancy,Ladies H&M Sport,Ladies Sport Bras,0.53149104,27
676,915292001,Garment Upper body,Top,Solid,Black,Black,Sport,Jersey Fancy,Ladies H&M Sport,Ladies Sport Bras,0.53013396,27
1860,706016038,Garment Lower body,Trousers,Solid,Blue,Blue,Divided,Trousers,Divided Collection,Trousers,0.8532598,28
383,621381012,Garment Lower body,Trousers,Solid,Black,Black,Divided,Trousers,Divided Collection,Trousers,0.79248816,28
958,554450036,Garment Lower body,Trousers,Solid,Dark Blue,Blue,Divided,Trousers,Divided Collection,Trousers,0.7921216,28
4047,621381014,Garment Lower body,Trousers,Solid,Dark Blue,Blue,Divided,Trousers,Divided Collection,Trousers,0.78875524,28
3205,717490058,Garment Upper body,T-shirt,Embroidery,Greenish Khaki,Khaki green,Divided,Jersey Basic,Divided Basics,Basic 1,0.7407166,28
496,610776105,Garment Upper body,T-shirt,Melange,Grey,Grey,Ladieswear,Jersey Basic,Womens Everyday Basics,Jersey Basic,0.7186883,28
5727,911214004,Garment Upper body,Sweater,Placement print,Dark Pink,Pink,Divided,Jersey Fancy,Divided Collection,Tops Fancy Jersey,0.71812224,28
2173,706016006,Garment Lower body,Trousers,Solid,Dark Blue,Blue,Divided,Trousers,Divided Collection,Trousers,0.71736676,28
16,621381001,Garment Lower body,Trousers,Solid,Light Blue,Blue,Divided,Trousers,Divided Collection,Trousers,0.710078,28
3742,706016019,Garment Lower body,Trousers,Solid,Dark Blue,Blue,Divided,Trousers,Divided Collection,Trousers,0.708487,28
1860,706016038,Garment Lower body,Trousers,Solid,Blue,Blue,Divided,Trousers,Divided Collection,Trousers,0.86488825,29
383,621381012,Garment Lower body,Trousers,Solid,Black,Black,Divided,Trousers,Divided Collection,Trousers,0.804012,29
958,554450036,Garment Lower body,Trousers,Solid,Dark Blue,Blue,Divided,Trousers,Divided Collection,Trousers,0.8002255,29
4047,621381014,Garment Lower body,Trousers,Solid,Dark Blue,Blue,Divided,Trousers,Divided Collection,Trousers,0.79847497,29
3205,717490058,Garment Upper body,T-shirt,Embroidery,Greenish Khaki,Khaki green,Divided,Jersey Basic,Divided Basics,Basic 1,0.7428474,29
2173,706016006,Garment Lower body,Trousers,Solid,Dark Blue,Blue,Divided,Trousers,Divided Collection,Trousers,0.7303446,29
5727,911214004,Garment Upper body,Sweater,Placement print,Dark Pink,Pink,Divided,Jersey Fancy,Divided Collection,Tops Fancy Jersey,0.72567856,29
496,610776105,Garment Upper body,T-shirt,Melange,Grey,Grey,Ladieswear,Jersey Basic,Womens Everyday Basics,Jersey Basic,0.72540146,29
3742,706016019,Garment Lower body,Trousers,Solid,Dark Blue,Blue,Divided,Trousers,Divided Collection,Trousers,0.72155166,29
16,621381001,Garment Lower body,Trousers,Solid,Light Blue,Blue,Divided,Trousers,Divided Collection,Trousers,0.72040725,29
634,568597007,Garment Lower body,Trousers,Solid,Dark Blue,Blue,Ladieswear,Trousers,Womens Tailoring,Trouser,0.8291811,30
974,708138009,Garment Upper body,Blazer,Other structure,Light Beige,Beige,Ladieswear,Dressed,Womens Tailoring,Suit,0.73583925,30
2930,884174001,Garment Upper body,Top,Solid,White,White,Ladieswear,Jersey Fancy,Womens Tailoring,Jersey,0.7342326,30
1537,770315026,Garment Upper body,Top,Solid,Turquoise,Turquoise,Ladieswear,Jersey Fancy,Womens Tailoring,Jersey,0.70381534,30
3916,728156018,Garment Upper body,Blazer,Solid,Other,undefined,Ladieswear,Dressed,Womens Tailoring,Suit,0.69412917,30
3457,858856005,Garment Lower body,Skirt,Other structure,Dark Green,Green,Ladieswear,Skirts,Womens Tailoring,Skirt,0.6938175,30
4964,568601023,Garment Upper body,Blazer,Solid,Grey,Grey,Ladieswear,Dressed,Womens Tailoring,Suit,0.6851445,30
3464,912075007,Garment Upper body,Blouse,Solid,Greenish Khaki,Khaki green,Ladieswear,Blouses,Womens Tailoring,Blouse,0.68437964,30
12553,816083007,Garment Full body,Dress,Solid,Dark Green,Khaki green,Ladieswear,Dresses Ladies,Womens Tailoring,Dress,0.67701584,30
1529,568597023,Garment Lower body,Trousers,Solid,Grey,Grey,Ladieswear,Trousers,Womens Tailoring,Trouser,0.66992617,30
1463,775382001,Garment Lower body,Trousers,Solid,Black,Black,Ladieswear,Trousers,Mama,Woven bottoms,0.5942432,31
2529,810170016,Garment Lower body,Trousers,Denim,Black,Black,Ladieswear,Trousers,Mama,Woven bottoms,0.5772177,31
3651,820032005,Garment Upper body,Top,Melange,Dark Orange,Red,Ladieswear,Jersey Fancy,Mama,Jersey,0.5707823,31
3721,910528002,Socks & Tights,Underwear Tights,Solid,Black,Black,Ladieswear,Socks and Tights,"Womens Nightwear, Socks & Tigh",Tights basic,0.5557357,31
11902,810170014,Garment Lower body,Trousers,Denim,Dark Blue,Blue,Ladieswear,Trousers,Mama,Woven bottoms,0.5544954,31
8463,810169017,Garment Lower body,Trousers,Denim,Black,Black,Ladieswear,Trousers,Mama,Woven bottoms,0.5537729,31
168,834063001,Garment Lower body,Leggings/Tights,Solid,Dark Grey,Grey,Ladieswear,Jersey Fancy,Mama,Jersey,0.55261856,31
4834,837680004,Garment Upper body,Top,Solid,White,White,Ladieswear,Jersey Fancy,Mama,Jersey,0.5506007,31
3642,916881001,Garment Upper body,Vest top,Solid,White,White,Ladieswear,Jersey Fancy,Mama,Jersey,0.54567033,31
12017,901802003,Garment Lower body,Trousers,Solid,Dark Blue,Blue,Ladieswear,Jersey Fancy,Mama,Jersey,0.5432644,31
10050,921697003,Garment Full body,Dress,Solid,Greenish Khaki,Khaki green,Ladieswear,Dresses Ladies,Womens Everyday Collection,Dress,0.22553812,32
12740,918443003,Garment Full body,Dress,Solid,Light Purple,Lilac Purple,Ladieswear,Dresses Ladies,Womens Everyday Collection,Dress,0.21048968,32
12319,933989002,Nightwear,Pyjama bottom,Solid,Light Orange,Orange,Ladieswear,"Under-, Nightwear","Womens Nightwear, Socks & Tigh",Loungewear,0.21021216,32
13319,929001001,Garment Full body,Dress,Solid,Green,Khaki green,Ladieswear,Dresses Ladies,Womens Everyday Collection,Dress,0.20924239,32
13104,905945002,Garment Upper body,Top,Melange,Beige,Mole,Ladieswear,Knitwear,Womens Casual,Knitwear,0.20741454,32
12632,908728003,Garment Full body,Dress,All over pattern,Black,Black,Ladieswear,Dresses Ladies,Womens Everyday Collection,Dress,0.20258626,32
3387,918443004,Garment Full body,Dress,Solid,Black,Black,Ladieswear,Dresses Ladies,Womens Everyday Collection,Dress,0.20163971,32
12231,935689001,Garment Lower body,Trousers,Solid,Grey,Grey,Ladieswear,"Under-, Nightwear","Womens Nightwear, Socks & Tigh",Loungewear,0.19922595,32
12577,873274002,Garment Upper body,Sweater,Melange,Light Beige,Beige,Ladieswear,Knitwear,Womens Everyday Collection,Knitwear,0.19790776,32
12578,929388002,Garment Lower body,Skirt,Melange,Light Beige,Beige,Ladieswear,Knitwear,Womens Everyday Collection,Knitwear,0.19649474,32
10050,921697003,Garment Full body,Dress,Solid,Greenish Khaki,Khaki green,Ladieswear,Dresses Ladies,Womens Everyday Collection,Dress,0.21687941,33
12319,933989002,Nightwear,Pyjama bottom,Solid,Light Orange,Orange,Ladieswear,"Under-, Nightwear","Womens Nightwear, Socks & Tigh",Loungewear,0.21002242,33
13104,905945002,Garment Upper body,Top,Melange,Beige,Mole,Ladieswear,Knitwear,Womens Casual,Knitwear,0.2084866,33
13319,929001001,Garment Full body,Dress,Solid,Green,Khaki green,Ladieswear,Dresses Ladies,Womens Everyday Collection,Dress,0.2036752,33
12740,918443003,Garment Full body,Dress,Solid,Light Purple,Lilac Purple,Ladieswear,Dresses Ladies,Womens Everyday Collection,Dress,0.20124722,33
12231,935689001,Garment Lower body,Trousers,Solid,Grey,Grey,Ladieswear,"Under-, Nightwear","Womens Nightwear, Socks & Tigh",Loungewear,0.20097072,33
12632,908728003,Garment Full body,Dress,All over pattern,Black,Black,Ladieswear,Dresses Ladies,Womens Everyday Collection,Dress,0.199009,33
12577,873274002,Garment Upper body,Sweater,Melange,Light Beige,Beige,Ladieswear,Knitwear,Womens Everyday Collection,Knitwear,0.19791321,33
12281,904999001,Garment Upper body,Cardigan,Melange,Grey,Grey,Ladieswear,Knitwear,Womens Everyday Collection,Knitwear,0.19644806,33
12578,929388002,Garment Lower body,Skirt,Melange,Light Beige,Beige,Ladieswear,Knitwear,Womens Everyday Collection,Knitwear,0.19601709,33
10050,921697003,Garment Full body,Dress,Solid,Greenish Khaki,Khaki green,Ladieswear,Dresses Ladies,Womens Everyday Collection,Dress,0.21987724,34
13319,929001001,Garment Full body,Dress,Solid,Green,Khaki green,Ladieswear,Dresses Ladies,Womens Everyday Collection,Dress,0.20723845,34
12740,918443003,Garment Full body,Dress,Solid,Light Purple,Lilac Purple,Ladieswear,Dresses Ladies,Womens Everyday Collection,Dress,0.20665438,34
13104,905945002,Garment Upper body,Top,Melange,Beige,Mole,Ladieswear,Knitwear,Womens Casual,Knitwear,0.20487052,34
12319,933989002,Nightwear,Pyjama bottom,Solid,Light Orange,Orange,Ladieswear,"Under-, Nightwear","Womens Nightwear, Socks & Tigh",Loungewear,0.20352624,34
12632,908728003,Garment Full body,Dress,All over pattern,Black,Black,Ladieswear,Dresses Ladies,Womens Everyday Collection,Dress,0.20141049,34
3387,918443004,Garment Full body,Dress,Solid,Black,Black,Ladieswear,Dresses Ladies,Womens Everyday Collection,Dress,0.19623138,34
12736,918443002,Garment Full body,Dress,All over pattern,Black,Black,Ladieswear,Dresses Ladies,Womens Everyday Collection,Dress,0.19552971,34
12231,935689001,Garment Lower body,Trousers,Solid,Grey,Grey,Ladieswear,"Under-, Nightwear","Womens Nightwear, Socks & Tigh",Loungewear,0.19391851,34
12577,873274002,Garment Upper body,Sweater,Melange,Light Beige,Beige,Ladieswear,Knitwear,Womens Everyday Collection,Knitwear,0.19357082,34
992,872000005,Garment Upper body,Vest top,All over pattern,Black,Black,Divided,Blouses,Divided Collection,Tops Woven,0.8325844,35
2543,674606025,Garment Lower body,Skirt,Solid,Black,Black,Divided,Skirts,Divided Collection,Skirts,0.82785887,35
2678,841298001,Garment Upper body,Blouse,Solid,White,White,Ladieswear,Blouses,Womens Tailoring,Blouse,0.78400767,35
661,816423004,Garment Lower body,Shorts,Denim,Light Blue,Blue,Divided,Shorts,Divided Collection,Shorts,0.77133477,35
1467,776237031,Swimwear,Bikini top,All over pattern,Black,Black,Ladieswear,Swimwear,"Womens Swimwear, beachwear",Swimwear,0.76712555,35
4525,860525001,Garment Upper body,Vest top,Stripe,Dark Blue,Blue,Divided,Blouses,Divided Collection,Tops Woven,0.7613774,35
2945,932243003,Garment Upper body,Top,Solid,Dark Pink,Pink,Ladieswear,Jersey Fancy,Womens Everyday Collection,Jersey fancy,0.7531917,35
3200,895582002,Garment Full body,Jumpsuit/Playsuit,All over pattern,Black,Black,Divided,Dresses Ladies,Divided Collection,Dresses,0.7300066,35
4580,811925002,Swimwear,Bikini top,All over pattern,Black,Black,Ladieswear,Swimwear,"Womens Swimwear, beachwear",Swimwear,0.72413725,35
5274,616849012,Garment Upper body,Blouse,All over pattern,Black,Black,Ladieswear,Blouses,Womens Everyday Collection,Blouse,0.72181535,35
10050,921697003,Garment Full body,Dress,Solid,Greenish Khaki,Khaki green,Ladieswear,Dresses Ladies,Womens Everyday Collection,Dress,0.21814239,36
13319,929001001,Garment Full body,Dress,Solid,Green,Khaki green,Ladieswear,Dresses Ladies,Womens Everyday Collection,Dress,0.20714016,36
13104,905945002,Garment Upper body,Top,Melange,Beige,Mole,Ladieswear,Knitwear,Womens Casual,Knitwear,0.20576482,36
12319,933989002,Nightwear,Pyjama bottom,Solid,Light Orange,Orange,Ladieswear,"Under-, Nightwear","Womens Nightwear, Socks & Tigh",Loungewear,0.2056951,36
3387,918443004,Garment Full body,Dress,Solid,Black,Black,Ladieswear,Dresses Ladies,Womens Everyday Collection,Dress,0.20543294,36
12740,918443003,Garment Full body,Dress,Solid,Light Purple,Lilac Purple,Ladieswear,Dresses Ladies,Womens Everyday Collection,Dress,0.20522484,36
12632,908728003,Garment Full body,Dress,All over pattern,Black,Black,Ladieswear,Dresses Ladies,Womens Everyday Collection,Dress,0.20086198,36
303,896169002,Garment Upper body,Cardigan,Melange,Grey,Grey,Ladieswear,Knitwear,Womens Everyday Collection,Knitwear,0.19823036,36
12685,903926001,Garment Upper body,Top,Solid,Black,Black,Ladieswear,Knitwear,Womens Tailoring,Knitwear,0.19738825,36
12231,935689001,Garment Lower body,Trousers,Solid,Grey,Grey,Ladieswear,"Under-, Nightwear","Womens Nightwear, Socks & Tigh",Loungewear,0.1970876,36
6935,399256023,Garment Lower body,Trousers,Denim,Light Blue,Blue,Ladieswear,Trousers Denim,Ladies Denim,Everyday Waredrobe Denim,0.57674205,37
3245,562245084,Garment Lower body,Trousers,Denim,Blue,Blue,Ladieswear,Trousers,Womens Everyday Collection,Trouser,0.5748595,37
1275,899749005,Garment Lower body,Trousers,Denim,Dark Blue,Blue,Divided,Trousers Denim,Ladies Denim,Denim Trousers,0.5738598,37
3247,562245102,Garment Lower body,Trousers,Denim,Light Blue,Blue,Ladieswear,Trousers,Womens Everyday Collection,Trouser,0.5590897,37
469,610776071,Garment Upper body,T-shirt,All over pattern,Off White,White,Ladieswear,Jersey Basic,Womens Everyday Basics,Jersey Basic,0.5590225,37
2122,678942054,Garment Upper body,Sweater,Melange,Beige,Beige,Ladieswear,"Under-, Nightwear","Womens Nightwear, Socks & Tigh",Loungewear,0.5505886,37
2952,874754005,Garment Upper body,Sweater,Stripe,Light Beige,Beige,Ladieswear,Knitwear,Womens Casual,Knitwear,0.54721314,37
396,898596007,Garment Lower body,Trousers,Denim,Grey,Grey,Ladieswear,Trousers,Womens Everyday Collection,Trouser,0.54690284,37
3074,826492001,Garment Upper body,Sweater,Jacquard,Beige,Beige,Ladieswear,Knitwear,Womens Everyday Collection,Knitwear,0.545633,37
3085,832520002,Garment Upper body,Sweater,Melange,Light Beige,Beige,Ladieswear,Jersey Fancy,Womens Everyday Collection,Jersey fancy,0.5452949,37
10050,921697003,Garment Full body,Dress,Solid,Greenish Khaki,Khaki green,Ladieswear,Dresses Ladies,Womens Everyday Collection,Dress,0.22086164,38
13104,905945002,Garment Upper body,Top,Melange,Beige,Mole,Ladieswear,Knitwear,Womens Casual,Knitwear,0.20867033,38
13319,929001001,Garment Full body,Dress,Solid,Green,Khaki green,Ladieswear,Dresses Ladies,Womens Everyday Collection,Dress,0.20819877,38
12319,933989002,Nightwear,Pyjama bottom,Solid,Light Orange,Orange,Ladieswear,"Under-, Nightwear","Womens Nightwear, Socks & Tigh",Loungewear,0.20586547,38
12740,918443003,Garment Full body,Dress,Solid,Light Purple,Lilac Purple,Ladieswear,Dresses Ladies,Womens Everyday Collection,Dress,0.20439477,38
12632,908728003,Garment Full body,Dress,All over pattern,Black,Black,Ladieswear,Dresses Ladies,Womens Everyday Collection,Dress,0.20215884,38
12577,873274002,Garment Upper body,Sweater,Melange,Light Beige,Beige,Ladieswear,Knitwear,Womens Everyday Collection,Knitwear,0.20095831,38
12281,904999001,Garment Upper body,Cardigan,Melange,Grey,Grey,Ladieswear,Knitwear,Womens Everyday Collection,Knitwear,0.19922344,38
12578,929388002,Garment Lower body,Skirt,Melange,Light Beige,Beige,Ladieswear,Knitwear,Womens Everyday Collection,Knitwear,0.19888538,38
13286,873274001,Garment Upper body,Sweater,Solid,Black,Black,Ladieswear,Knitwear,Womens Everyday Collection,Knitwear,0.19803537,38
634,568597007,Garment Lower body,Trousers,Solid,Dark Blue,Blue,Ladieswear,Trousers,Womens Tailoring,Trouser,0.83320516,39
974,708138009,Garment Upper body,Blazer,Other structure,Light Beige,Beige,Ladieswear,Dressed,Womens Tailoring,Suit,0.7404072,39
2930,884174001,Garment Upper body,Top,Solid,White,White,Ladieswear,Jersey Fancy,Womens Tailoring,Jersey,0.7397262,39
1537,770315026,Garment Upper body,Top,Solid,Turquoise,Turquoise,Ladieswear,Jersey Fancy,Womens Tailoring,Jersey,0.7062448,39
3457,858856005,Garment Lower body,Skirt,Other structure,Dark Green,Green,Ladieswear,Skirts,Womens Tailoring,Skirt,0.6970364,39
3916,728156018,Garment Upper body,Blazer,Solid,Other,undefined,Ladieswear,Dressed,Womens Tailoring,Suit,0.6967669,39
3464,912075007,Garment Upper body,Blouse,Solid,Greenish Khaki,Khaki green,Ladieswear,Blouses,Womens Tailoring,Blouse,0.6908582,39
4964,568601023,Garment Upper body,Blazer,Solid,Grey,Grey,Ladieswear,Dressed,Womens Tailoring,Suit,0.68646854,39
12553,816083007,Garment Full body,Dress,Solid,Dark Green,Khaki green,Ladieswear,Dresses Ladies,Womens Tailoring,Dress,0.6835034,39
1529,568597023,Garment Lower body,Trousers,Solid,Grey,Grey,Ladieswear,Trousers,Womens Tailoring,Trouser,0.6725944,39
10050,921697003,Garment Full body,Dress,Solid,Greenish Khaki,Khaki green,Ladieswear,Dresses Ladies,Womens Everyday Collection,Dress,0.22474943,40
13319,929001001,Garment Full body,Dress,Solid,Green,Khaki green,Ladieswear,Dresses Ladies,Womens Everyday Collection,Dress,0.21081743,40
12740,918443003,Garment Full body,Dress,Solid,Light Purple,Lilac Purple,Ladieswear,Dresses Ladies,Womens Everyday Collection,Dress,0.20909442,40
12632,908728003,Garment Full body,Dress,All over pattern,Black,Black,Ladieswear,Dresses Ladies,Womens Everyday Collection,Dress,0.20899448,40
13104,905945002,Garment Upper body,Top,Melange,Beige,Mole,Ladieswear,Knitwear,Womens Casual,Knitwear,0.20797056,40
12577,873274002,Garment Upper body,Sweater,Melange,Light Beige,Beige,Ladieswear,Knitwear,Womens Everyday Collection,Knitwear,0.20070714,40
12736,918443002,Garment Full body,Dress,All over pattern,Black,Black,Ladieswear,Dresses Ladies,Womens Everyday Collection,Dress,0.19962771,40
12578,929388002,Garment Lower body,Skirt,Melange,Light Beige,Beige,Ladieswear,Knitwear,Womens Everyday Collection,Knitwear,0.19952768,40
12281,904999001,Garment Upper body,Cardigan,Melange,Grey,Grey,Ladieswear,Knitwear,Womens Everyday Collection,Knitwear,0.19663556,40
13334,907188003,Garment Lower body,Skirt,Treatment,Yellow,Beige,Ladieswear,Skirts,Womens Everyday Collection,Skirt,0.19655433,40
634,568597007,Garment Lower body,Trousers,Solid,Dark Blue,Blue,Ladieswear,Trousers,Womens Tailoring,Trouser,0.82392216,41
2930,884174001,Garment Upper body,Top,Solid,White,White,Ladieswear,Jersey Fancy,Womens Tailoring,Jersey,0.7324155,41
974,708138009,Garment Upper body,Blazer,Other structure,Light Beige,Beige,Ladieswear,Dressed,Womens Tailoring,Suit,0.7276291,41
1537,770315026,Garment Upper body,Top,Solid,Turquoise,Turquoise,Ladieswear,Jersey Fancy,Womens Tailoring,Jersey,0.69468355,41
3916,728156018,Garment Upper body,Blazer,Solid,Other,undefined,Ladieswear,Dressed,Womens Tailoring,Suit,0.6935119,41
3457,858856005,Garment Lower body,Skirt,Other structure,Dark Green,Green,Ladieswear,Skirts,Womens Tailoring,Skirt,0.6926855,41
3464,912075007,Garment Upper body,Blouse,Solid,Greenish Khaki,Khaki green,Ladieswear,Blouses,Womens Tailoring,Blouse,0.6821232,41
4964,568601023,Garment Upper body,Blazer,Solid,Grey,Grey,Ladieswear,Dressed,Womens Tailoring,Suit,0.6783317,41
12553,816083007,Garment Full body,Dress,Solid,Dark Green,Khaki green,Ladieswear,Dresses Ladies,Womens Tailoring,Dress,0.6781221,41
1529,568597023,Garment Lower body,Trousers,Solid,Grey,Grey,Ladieswear,Trousers,Womens Tailoring,Trouser,0.6655167,41
10050,921697003,Garment Full body,Dress,Solid,Greenish Khaki,Khaki green,Ladieswear,Dresses Ladies,Womens Everyday Collection,Dress,0.21910089,42
12319,933989002,Nightwear,Pyjama bottom,Solid,Light Orange,Orange,Ladieswear,"Under-, Nightwear","Womens Nightwear, Socks & Tigh",Loungewear,0.21207553,42
13104,905945002,Garment Upper body,Top,Melange,Beige,Mole,Ladieswear,Knitwear,Womens Casual,Knitwear,0.21033616,42
13319,929001001,Garment Full body,Dress,Solid,Green,Khaki green,Ladieswear,Dresses Ladies,Womens Everyday Collection,Dress,0.2093153,42
12740,918443003,Garment Full body,Dress,Solid,Light Purple,Lilac Purple,Ladieswear,Dresses Ladies,Womens Everyday Collection,Dress,0.20727608,42
12632,908728003,Garment Full body,Dress,All over pattern,Black,Black,Ladieswear,Dresses Ladies,Womens Everyday Collection,Dress,0.20293485,42
12231,935689001,Garment Lower body,Trousers,Solid,Grey,Grey,Ladieswear,"Under-, Nightwear","Womens Nightwear, Socks & Tigh",Loungewear,0.20078416,42
12577,873274002,Garment Upper body,Sweater,Melange,Light Beige,Beige,Ladieswear,Knitwear,Womens Everyday Collection,Knitwear,0.19968241,42
12610,933032002,Garment Upper body,Jacket,Solid,Beige,Beige,Ladieswear,Outdoor,Womens Jackets,Outwear,0.19912657,42
12281,904999001,Garment Upper body,Cardigan,Melange,Grey,Grey,Ladieswear,Knitwear,Womens Everyday Collection,Knitwear,0.19898331,42
634,568597007,Garment Lower body,Trousers,Solid,Dark Blue,Blue,Ladieswear,Trousers,Womens Tailoring,Trouser,0.8270299,43
974,708138009,Garment Upper body,Blazer,Other structure,Light Beige,Beige,Ladieswear,Dressed,Womens Tailoring,Suit,0.73389846,43
2930,884174001,Garment Upper body,Top,Solid,White,White,Ladieswear,Jersey Fancy,Womens Tailoring,Jersey,0.73335755,43
1537,770315026,Garment Upper body,Top,Solid,Turquoise,Turquoise,Ladieswear,Jersey Fancy,Womens Tailoring,Jersey,0.69881994,43
3916,728156018,Garment Upper body,Blazer,Solid,Other,undefined,Ladieswear,Dressed,Womens Tailoring,Suit,0.6946954,43
3457,858856005,Garment Lower body,Skirt,Other structure,Dark Green,Green,Ladieswear,Skirts,Womens Tailoring,Skirt,0.6941356,43
3464,912075007,Garment Upper body,Blouse,Solid,Greenish Khaki,Khaki green,Ladieswear,Blouses,Womens Tailoring,Blouse,0.6839999,43
4964,568601023,Garment Upper body,Blazer,Solid,Grey,Grey,Ladieswear,Dressed,Womens Tailoring,Suit,0.68341976,43
12553,816083007,Garment Full body,Dress,Solid,Dark Green,Khaki green,Ladieswear,Dresses Ladies,Womens Tailoring,Dress,0.6793252,43
1529,568597023,Garment Lower body,Trousers,Solid,Grey,Grey,Ladieswear,Trousers,Womens Tailoring,Trouser,0.6692825,43
5009,811993003,Garment Lower body,Trousers,Denim,Dark Blue,Blue,Menswear,Trousers Denim,Denim Men,Denim trousers,0.72991765,44
2998,783707159,Socks & Tights,Socks,All over pattern,Dark Orange,Orange,Menswear,Socks and Tights,Men Underwear,Socks Wall,0.7033606,44
2228,720504008,Garment Lower body,Trousers,Denim,Grey,Grey,Menswear,Trousers Denim,Denim Men,Denim trousers,0.6989027,44
10623,606395021,Garment Lower body,Trousers,Solid,Greenish Khaki,Khaki green,Menswear,Trousers,Contemporary Casual,Trouser,0.69022,44
6138,606395006,Garment Lower body,Trousers,Solid,Black,Black,Menswear,Trousers,Contemporary Casual,Trouser,0.6704214,44
5807,751994007,Garment Lower body,Trousers,Denim,Black,Black,Menswear,Trousers Denim,Denim Men,Denim trousers,0.66986704,44
1313,783707151,Socks & Tights,Socks,All over pattern,Grey,Grey,Menswear,Socks and Tights,Men Underwear,Socks Wall,0.6655749,44
8566,783707089,Socks & Tights,Socks,All over pattern,Light Purple,Lilac Purple,Menswear,Socks and Tights,Men Underwear,Socks Wall,0.66288996,44
11249,730863043,Garment Lower body,Trousers,Denim,Dark Grey,Grey,Menswear,Trousers Denim,Denim Men,Denim trousers,0.65946436,44
5010,669091003,Garment Upper body,Hoodie,Melange,Dark Blue,Blue,Menswear,Jersey Basic,Men Underwear,Heavy Basic Jersey,0.6556288,44
10050,921697003,Garment Full body,Dress,Solid,Greenish Khaki,Khaki green,Ladieswear,Dresses Ladies,Womens Everyday Collection,Dress,0.22172847,45
12740,918443003,Garment Full body,Dress,Solid,Light Purple,Lilac Purple,Ladieswear,Dresses Ladies,Womens Everyday Collection,Dress,0.2045098,45
13319,929001001,Garment Full body,Dress,Solid,Green,Khaki green,Ladieswear,Dresses Ladies,Womens Everyday Collection,Dress,0.20405157,45
13104,905945002,Garment Upper body,Top,Melange,Beige,Mole,Ladieswear,Knitwear,Womens Casual,Knitwear,0.2000162,45
12632,908728003,Garment Full body,Dress,All over pattern,Black,Black,Ladieswear,Dresses Ladies,Womens Everyday Collection,Dress,0.19838272,45
12319,933989002,Nightwear,Pyjama bottom,Solid,Light Orange,Orange,Ladieswear,"Under-, Nightwear","Womens Nightwear, Socks & Tigh",Loungewear,0.19804554,45
3387,918443004,Garment Full body,Dress,Solid,Black,Black,Ladieswear,Dresses Ladies,Womens Everyday Collection,Dress,0.19399495,45
12736,918443002,Garment Full body,Dress,All over pattern,Black,Black,Ladieswear,Dresses Ladies,Womens Everyday Collection,Dress,0.19368936,45
12577,873274002,Garment Upper body,Sweater,Melange,Light Beige,Beige,Ladieswear,Knitwear,Womens Everyday Collection,Knitwear,0.19346307,45
12578,929388002,Garment Lower body,Skirt,Melange,Light Beige,Beige,Ladieswear,Knitwear,Womens Everyday Collection,Knitwear,0.19202101,45
10050,921697003,Garment Full body,Dress,Solid,Greenish Khaki,Khaki green,Ladieswear,Dresses Ladies,Womens Everyday Collection,Dress,0.21157956,46
13104,905945002,Garment Upper body,Top,Melange,Beige,Mole,Ladieswear,Knitwear,Womens Casual,Knitwear,0.20342395,46
13319,929001001,Garment Full body,Dress,Solid,Green,Khaki green,Ladieswear,Dresses Ladies,Womens Everyday Collection,Dress,0.20116289,46
12319,933989002,Nightwear,Pyjama bottom,Solid,Light Orange,Orange,Ladieswear,"Under-, Nightwear","Womens Nightwear, Socks & Tigh",Loungewear,0.20002435,46
12740,918443003,Garment Full body,Dress,Solid,Light Purple,Lilac Purple,Ladieswear,Dresses Ladies,Womens Everyday Collection,Dress,0.19830391,46
12632,908728003,Garment Full body,Dress,All over pattern,Black,Black,Ladieswear,Dresses Ladies,Womens Everyday Collection,Dress,0.19770458,46
12231,935689001,Garment Lower body,Trousers,Solid,Grey,Grey,Ladieswear,"Under-, Nightwear","Womens Nightwear, Socks & Tigh",Loungewear,0.19395094,46
12577,873274002,Garment Upper body,Sweater,Melange,Light Beige,Beige,Ladieswear,Knitwear,Womens Everyday Collection,Knitwear,0.19206591,46
3387,918443004,Garment Full body,Dress,Solid,Black,Black,Ladieswear,Dresses Ladies,Womens Everyday Collection,Dress,0.19139028,46
12736,918443002,Garment Full body,Dress,All over pattern,Black,Black,Ladieswear,Dresses Ladies,Womens Everyday Collection,Dress,0.19032246,46
10050,921697003,Garment Full body,Dress,Solid,Greenish Khaki,Khaki green,Ladieswear,Dresses Ladies,Womens Everyday Collection,Dress,0.21594667,47
3387,918443004,Garment Full body,Dress,Solid,Black,Black,Ladieswear,Dresses Ladies,Womens Everyday Collection,Dress,0.20230153,47
13319,929001001,Garment Full body,Dress,Solid,Green,Khaki green,Ladieswear,Dresses Ladies,Womens Everyday Collection,Dress,0.20073111,47
13104,905945002,Garment Upper body,Top,Melange,Beige,Mole,Ladieswear,Knitwear,Womens Casual,Knitwear,0.19965579,47
12740,918443003,Garment Full body,Dress,Solid,Light Purple,Lilac Purple,Ladieswear,Dresses Ladies,Womens Everyday Collection,Dress,0.19950353,47
12319,933989002,Nightwear,Pyjama bottom,Solid,Light Orange,Orange,Ladieswear,"Under-, Nightwear","Womens Nightwear, Socks & Tigh",Loungewear,0.19797356,47
303,896169002,Garment Upper body,Cardigan,Melange,Grey,Grey,Ladieswear,Knitwear,Womens Everyday Collection,Knitwear,0.19587542,47
12632,908728003,Garment Full body,Dress,All over pattern,Black,Black,Ladieswear,Dresses Ladies,Womens Everyday Collection,Dress,0.19556929,47
12685,903926001,Garment Upper body,Top,Solid,Black,Black,Ladieswear,Knitwear,Womens Tailoring,Knitwear,0.19447698,47
12320,828912004,Garment Upper body,Top,Solid,Light Beige,Beige,Ladieswear,Knitwear,Womens Casual,Knitwear,0.19202252,47
1066,864415003,Underwear,Underwear bottom,Solid,Light Pink,Pink,Ladieswear,"Under-, Nightwear",Womens Lingerie,Expressive Lingerie,0.59641016,48
229,879287001,Garment Upper body,Vest top,Solid,Black,Black,Sport,Jersey Fancy,Ladies H&M Sport,Ladies Sport Bras,0.5927601,48
1252,861803014,Garment Upper body,Top,Solid,Dark Pink,Pink,Sport,Jersey Fancy,Ladies H&M Sport,Ladies Sport Bras,0.5612773,48
423,894956006,Garment Upper body,Vest top,Solid,Green,Grey,Sport,Jersey Fancy,Ladies H&M Sport,Ladies Sport Bras,0.5576949,48
1519,914537002,Garment Upper body,T-shirt,Melange,Greenish Khaki,Khaki green,Sport,Jersey Fancy,Ladies H&M Sport,Ladies Sport Bras,0.556501,48
2538,852174003,Underwear,Bra,Solid,White,White,Sport,Jersey Fancy,Ladies H&M Sport,Ladies Sport Bras,0.542185,48
230,914453001,Garment Lower body,Leggings/Tights,Other structure,Yellowish Brown,Brown,Sport,Jersey Fancy,Ladies H&M Sport,Ladies Sport Bottoms,0.5420921,48
778,868283001,Garment Upper body,Top,Solid,Black,Black,Sport,Jersey Fancy,Ladies H&M Sport,Ladies Sport Bras,0.540328,48
228,902023002,Garment Upper body,Top,All over pattern,Beige,Beige,Sport,Jersey Fancy,Ladies H&M Sport,Ladies Sport Bras,0.5372556,48
2436,887681002,Underwear,Underwear bottom,Solid,White,White,Ladieswear,"Under-, Nightwear",Womens Lingerie,Expressive Lingerie,0.53679067,48
1463,775382001,Garment Lower body,Trousers,Solid,Black,Black,Ladieswear,Trousers,Mama,Woven bottoms,0.592911,49
2529,810170016,Garment Lower body,Trousers,Denim,Black,Black,Ladieswear,Trousers,Mama,Woven bottoms,0.5709717,49
3651,820032005,Garment Upper body,Top,Melange,Dark Orange,Red,Ladieswear,Jersey Fancy,Mama,Jersey,0.5647379,49
3721,910528002,Socks & Tights,Underwear Tights,Solid,Black,Black,Ladieswear,Socks and Tights,"Womens Nightwear, Socks & Tigh",Tights basic,0.55251545,49
8463,810169017,Garment Lower body,Trousers,Denim,Black,Black,Ladieswear,Trousers,Mama,Woven bottoms,0.55056953,49
168,834063001,Garment Lower body,Leggings/Tights,Solid,Dark Grey,Grey,Ladieswear,Jersey Fancy,Mama,Jersey,0.5486258,49
11902,810170014,Garment Lower body,Trousers,Denim,Dark Blue,Blue,Ladieswear,Trousers,Mama,Woven bottoms,0.5478314,49
4834,837680004,Garment Upper body,Top,Solid,White,White,Ladieswear,Jersey Fancy,Mama,Jersey,0.5447272,49
3642,916881001,Garment Upper body,Vest top,Solid,White,White,Ladieswear,Jersey Fancy,Mama,Jersey,0.5381941,49
12017,901802003,Garment Lower body,Trousers,Solid,Dark Blue,Blue,Ladieswear,Jersey Fancy,Mama,Jersey,0.5375432,49
1463,775382001,Garment Lower body,Trousers,Solid,Black,Black,Ladieswear,Trousers,Mama,Woven bottoms,0.5852222,50
2529,810170016,Garment Lower body,Trousers,Denim,Black,Black,Ladieswear,Trousers,Mama,Woven bottoms,0.567453,50
3651,820032005,Garment Upper body,Top,Melange,Dark Orange,Red,Ladieswear,Jersey Fancy,Mama,Jersey,0.56492186,50
3721,910528002,Socks & Tights,Underwear Tights,Solid,Black,Black,Ladieswear,Socks and Tights,"Womens Nightwear, Socks & Tigh",Tights basic,0.54859006,50
11902,810170014,Garment Lower body,Trousers,Denim,Dark Blue,Blue,Ladieswear,Trousers,Mama,Woven bottoms,0.5474889,50
8463,810169017,Garment Lower body,Trousers,Denim,Black,Black,Ladieswear,Trousers,Mama,Woven bottoms,0.54602414,50
168,834063001,Garment Lower body,Leggings/Tights,Solid,Dark Grey,Grey,Ladieswear,Jersey Fancy,Mama,Jersey,0.5440487,50
4834,837680004,Garment Upper body,Top,Solid,White,White,Ladieswear,Jersey Fancy,Mama,Jersey,0.5420632,50
12017,901802003,Garment Lower body,Trousers,Solid,Dark Blue,Blue,Ladieswear,Jersey Fancy,Mama,Jersey,0.537697,50
3642,916881001,Garment Upper body,Vest top,Solid,White,White,Ladieswear,Jersey Fancy,Mama,Jersey,0.5370578,50
6935,399256023,Garment Lower body,Trousers,Denim,Light Blue,Blue,Ladieswear,Trousers Denim,Ladies Denim,Everyday Waredrobe Denim,0.5841629,51
3245,562245084,Garment Lower body,Trousers,Denim,Blue,Blue,Ladieswear,Trousers,Womens Everyday Collection,Trouser,0.5798672,51
1275,899749005,Garment Lower body,Trousers,Denim,Dark Blue,Blue,Divided,Trousers Denim,Ladies Denim,Denim Trousers,0.5797847,51
3247,562245102,Garment Lower body,Trousers,Denim,Light Blue,Blue,Ladieswear,Trousers,Womens Everyday Collection,Trouser,0.5642848,51
469,610776071,Garment Upper body,T-shirt,All over pattern,Off White,White,Ladieswear,Jersey Basic,Womens Everyday Basics,Jersey Basic,0.5635332,51
2122,678942054,Garment Upper body,Sweater,Melange,Beige,Beige,Ladieswear,"Under-, Nightwear","Womens Nightwear, Socks & Tigh",Loungewear,0.5569366,51
396,898596007,Garment Lower body,Trousers,Denim,Grey,Grey,Ladieswear,Trousers,Womens Everyday Collection,Trouser,0.55656415,51
3074,826492001,Garment Upper body,Sweater,Jacquard,Beige,Beige,Ladieswear,Knitwear,Womens Everyday Collection,Knitwear,0.553577,51
3085,832520002,Garment Upper body,Sweater,Melange,Light Beige,Beige,Ladieswear,Jersey Fancy,Womens Everyday Collection,Jersey fancy,0.55206895,51
6601,865932001,Garment Upper body,Sweater,Jacquard,White,White,Ladieswear,Jersey Fancy,Womens Everyday Collection,Jersey fancy,0.54886776,51
1066,864415003,Underwear,Underwear bottom,Solid,Light Pink,Pink,Ladieswear,"Under-, Nightwear",Womens Lingerie,Expressive Lingerie,0.59439456,52
229,879287001,Garment Upper body,Vest top,Solid,Black,Black,Sport,Jersey Fancy,Ladies H&M Sport,Ladies Sport Bras,0.59273684,52
423,894956006,Garment Upper body,Vest top,Solid,Green,Grey,Sport,Jersey Fancy,Ladies H&M Sport,Ladies Sport Bras,0.55779505,52
1252,861803014,Garment Upper body,Top,Solid,Dark Pink,Pink,Sport,Jersey Fancy,Ladies H&M Sport,Ladies Sport Bras,0.5559432,52
1519,914537002,Garment Upper body,T-shirt,Melange,Greenish Khaki,Khaki green,Sport,Jersey Fancy,Ladies H&M Sport,Ladies Sport Bras,0.5503496,52
230,914453001,Garment Lower body,Leggings/Tights,Other structure,Yellowish Brown,Brown,Sport,Jersey Fancy,Ladies H&M Sport,Ladies Sport Bottoms,0.53862894,52
2538,852174003,Underwear,Bra,Solid,White,White,Sport,Jersey Fancy,Ladies H&M Sport,Ladies Sport Bras,0.53676426,52
778,868283001,Garment Upper body,Top,Solid,Black,Black,Sport,Jersey Fancy,Ladies H&M Sport,Ladies Sport Bras,0.5347624,52
228,902023002,Garment Upper body,Top,All over pattern,Beige,Beige,Sport,Jersey Fancy,Ladies H&M Sport,Ladies Sport Bras,0.53458965,52
2436,887681002,Underwear,Underwear bottom,Solid,White,White,Ladieswear,"Under-, Nightwear",Womens Lingerie,Expressive Lingerie,0.532245,52
1066,864415003,Underwear,Underwear bottom,Solid,Light Pink,Pink,Ladieswear,"Under-, Nightwear",Womens Lingerie,Expressive Lingerie,0.59549,53
229,879287001,Garment Upper body,Vest top,Solid,Black,Black,Sport,Jersey Fancy,Ladies H&M Sport,Ladies Sport Bras,0.5897586,53
423,894956006,Garment Upper body,Vest top,Solid,Green,Grey,Sport,Jersey Fancy,Ladies H&M Sport,Ladies Sport Bras,0.5668754,53
1252,861803014,Garment Upper body,Top,Solid,Dark Pink,Pink,Sport,Jersey Fancy,Ladies H&M Sport,Ladies Sport Bras,0.5651529,53
1519,914537002,Garment Upper body,T-shirt,Melange,Greenish Khaki,Khaki green,Sport,Jersey Fancy,Ladies H&M Sport,Ladies Sport Bras,0.559382,53
778,868283001,Garment Upper body,Top,Solid,Black,Black,Sport,Jersey Fancy,Ladies H&M Sport,Ladies Sport Bras,0.5479042,53
2538,852174003,Underwear,Bra,Solid,White,White,Sport,Jersey Fancy,Ladies H&M Sport,Ladies Sport Bras,0.54530025,53
230,914453001,Garment Lower body,Leggings/Tights,Other structure,Yellowish Brown,Brown,Sport,Jersey Fancy,Ladies H&M Sport,Ladies Sport Bottoms,0.54204816,53
2436,887681002,Underwear,Underwear bottom,Solid,White,White,Ladieswear,"Under-, Nightwear",Womens Lingerie,Expressive Lingerie,0.5379295,53
676,915292001,Garment Upper body,Top,Solid,Black,Black,Sport,Jersey Fancy,Ladies H&M Sport,Ladies Sport Bras,0.5372399,53
1463,775382001,Garment Lower body,Trousers,Solid,Black,Black,Ladieswear,Trousers,Mama,Woven bottoms,0.58618087,54
2529,810170016,Garment Lower body,Trousers,Denim,Black,Black,Ladieswear,Trousers,Mama,Woven bottoms,0.5671832,54
3651,820032005,Garment Upper body,Top,Melange,Dark Orange,Red,Ladieswear,Jersey Fancy,Mama,Jersey,0.56656957,54
3721,910528002,Socks & Tights,Underwear Tights,Solid,Black,Black,Ladieswear,Socks and Tights,"Womens Nightwear, Socks & Tigh",Tights basic,0.5513227,54
11902,810170014,Garment Lower body,Trousers,Denim,Dark Blue,Blue,Ladieswear,Trousers,Mama,Woven bottoms,0.5499452,54
8463,810169017,Garment Lower body,Trousers,Denim,Black,Black,Ladieswear,Trousers,Mama,Woven bottoms,0.5466208,54
168,834063001,Garment Lower body,Leggings/Tights,Solid,Dark Grey,Grey,Ladieswear,Jersey Fancy,Mama,Jersey,0.54626065,54
4834,837680004,Garment Upper body,Top,Solid,White,White,Ladieswear,Jersey Fancy,Mama,Jersey,0.5426655,54
12017,901802003,Garment Lower body,Trousers,Solid,Dark Blue,Blue,Ladieswear,Jersey Fancy,Mama,Jersey,0.5393098,54
3642,916881001,Garment Upper body,Vest top,Solid,White,White,Ladieswear,Jersey Fancy,Mama,Jersey,0.5375489,54
229,879287001,Garment Upper body,Vest top,Solid,Black,Black,Sport,Jersey Fancy,Ladies H&M Sport,Ladies Sport Bras,0.59530693,55
1066,864415003,Underwear,Underwear bottom,Solid,Light Pink,Pink,Ladieswear,"Under-, Nightwear",Womens Lingerie,Expressive Lingerie,0.59278774,55
1252,861803014,Garment Upper body,Top,Solid,Dark Pink,Pink,Sport,Jersey Fancy,Ladies H&M Sport,Ladies Sport Bras,0.5701065,55
423,894956006,Garment Upper body,Vest top,Solid,Green,Grey,Sport,Jersey Fancy,Ladies H&M Sport,Ladies Sport Bras,0.56544363,55
1519,914537002,Garment Upper body,T-shirt,Melange,Greenish Khaki,Khaki green,Sport,Jersey Fancy,Ladies H&M Sport,Ladies Sport Bras,0.5618566,55
778,868283001,Garment Upper body,Top,Solid,Black,Black,Sport,Jersey Fancy,Ladies H&M Sport,Ladies Sport Bras,0.54834974,55
2538,852174003,Underwear,Bra,Solid,White,White,Sport,Jersey Fancy,Ladies H&M Sport,Ladies Sport Bras,0.5460189,55
230,914453001,Garment Lower body,Leggings/Tights,Other structure,Yellowish Brown,Brown,Sport,Jersey Fancy,Ladies H&M Sport,Ladies Sport Bottoms,0.54267377,55
228,902023002,Garment Upper body,Top,All over pattern,Beige,Beige,Sport,Jersey Fancy,Ladies H&M Sport,Ladies Sport Bras,0.54255307,55
2436,887681002,Underwear,Underwear bottom,Solid,White,White,Ladieswear,"Under-, Nightwear",Womens Lingerie,Expressive Lingerie,0.53927094,55
992,872000005,Garment Upper body,Vest top,All over pattern,Black,Black,Divided,Blouses,Divided Collection,Tops Woven,0.8351424,56
2543,674606025,Garment Lower body,Skirt,Solid,Black,Black,Divided,Skirts,Divided Collection,Skirts,0.8268424,56
2678,841298001,Garment Upper body,Blouse,Solid,White,White,Ladieswear,Blouses,Womens Tailoring,Blouse,0.78341424,56
1467,776237031,Swimwear,Bikini top,All over pattern,Black,Black,Ladieswear,Swimwear,"Womens Swimwear, beachwear",Swimwear,0.779279,56
661,816423004,Garment Lower body,Shorts,Denim,Light Blue,Blue,Divided,Shorts,Divided Collection,Shorts,0.77417415,56
4525,860525001,Garment Upper body,Vest top,Stripe,Dark Blue,Blue,Divided,Blouses,Divided Collection,Tops Woven,0.76631093,56
2945,932243003,Garment Upper body,Top,Solid,Dark Pink,Pink,Ladieswear,Jersey Fancy,Womens Everyday Collection,Jersey fancy,0.7430847,56
4580,811925002,Swimwear,Bikini top,All over pattern,Black,Black,Ladieswear,Swimwear,"Womens Swimwear, beachwear",Swimwear,0.7353763,56
3200,895582002,Garment Full body,Jumpsuit/Playsuit,All over pattern,Black,Black,Divided,Dresses Ladies,Divided Collection,Dresses,0.73536134,56
5274,616849012,Garment Upper body,Blouse,All over pattern,Black,Black,Ladieswear,Blouses,Womens Everyday Collection,Blouse,0.7233959,56
1066,864415003,Underwear,Underwear bottom,Solid,Light Pink,Pink,Ladieswear,"Under-, Nightwear",Womens Lingerie,Expressive Lingerie,0.5982493,57
229,879287001,Garment Upper body,Vest top,Solid,Black,Black,Sport,Jersey Fancy,Ladies H&M Sport,Ladies Sport Bras,0.59701246,57
1252,861803014,Garment Upper body,Top,Solid,Dark Pink,Pink,Sport,Jersey Fancy,Ladies H&M Sport,Ladies Sport Bras,0.57365227,57
423,894956006,Garment Upper body,Vest top,Solid,Green,Grey,Sport,Jersey Fancy,Ladies H&M Sport,Ladies Sport Bras,0.5707766,57
1519,914537002,Garment Upper body,T-shirt,Melange,Greenish Khaki,Khaki green,Sport,Jersey Fancy,Ladies H&M Sport,Ladies Sport Bras,0.5661939,57
778,868283001,Garment Upper body,Top,Solid,Black,Black,Sport,Jersey Fancy,Ladies H&M Sport,Ladies Sport Bras,0.554046,57
2538,852174003,Underwear,Bra,Solid,White,White,Sport,Jersey Fancy,Ladies H&M Sport,Ladies Sport Bras,0.5511111,57
230,914453001,Garment Lower body,Leggings/Tights,Other structure,Yellowish Brown,Brown,Sport,Jersey Fancy,Ladies H&M Sport,Ladies Sport Bottoms,0.54706246,57
2436,887681002,Underwear,Underwear bottom,Solid,White,White,Ladieswear,"Under-, Nightwear",Womens Lingerie,Expressive Lingerie,0.5430356,57
228,902023002,Garment Upper body,Top,All over pattern,Beige,Beige,Sport,Jersey Fancy,Ladies H&M Sport,Ladies Sport Bras,0.5411021,57
10050,921697003,Garment Full body,Dress,Solid,Greenish Khaki,Khaki green,Ladieswear,Dresses Ladies,Womens Everyday Collection,Dress,0.22147395,58
12319,933989002,Nightwear,Pyjama bottom,Solid,Light Orange,Orange,Ladieswear,"Under-, Nightwear","Womens Nightwear, Socks & Tigh",Loungewear,0.20775427,58
12740,918443003,Garment Full body,Dress,Solid,Light Purple,Lilac Purple,Ladieswear,Dresses Ladies,Womens Everyday Collection,Dress,0.20546499,58
13104,905945002,Garment Upper body,Top,Melange,Beige,Mole,Ladieswear,Knitwear,Womens Casual,Knitwear,0.20526288,58
13319,929001001,Garment Full body,Dress,Solid,Green,Khaki green,Ladieswear,Dresses Ladies,Womens Everyday Collection,Dress,0.20510076,58
12632,908728003,Garment Full body,Dress,All over pattern,Black,Black,Ladieswear,Dresses Ladies,Womens Everyday Collection,Dress,0.19894366,58
12281,904999001,Garment Upper body,Cardigan,Melange,Grey,Grey,Ladieswear,Knitwear,Womens Everyday Collection,Knitwear,0.19617414,58
12577,873274002,Garment Upper body,Sweater,Melange,Light Beige,Beige,Ladieswear,Knitwear,Womens Everyday Collection,Knitwear,0.19596149,58
12578,929388002,Garment Lower body,Skirt,Melange,Light Beige,Beige,Ladieswear,Knitwear,Womens Everyday Collection,Knitwear,0.19590414,58
12231,935689001,Garment Lower body,Trousers,Solid,Grey,Grey,Ladieswear,"Under-, Nightwear","Womens Nightwear, Socks & Tigh",Loungewear,0.19535993,58
1463,775382001,Garment Lower body,Trousers,Solid,Black,Black,Ladieswear,Trousers,Mama,Woven bottoms,0.5800118,59
3651,820032005,Garment Upper body,Top,Melange,Dark Orange,Red,Ladieswear,Jersey Fancy,Mama,Jersey,0.56261677,59
2529,810170016,Garment Lower body,Trousers,Denim,Black,Black,Ladieswear,Trousers,Mama,Woven bottoms,0.56181085,59
11902,810170014,Garment Lower body,Trousers,Denim,Dark Blue,Blue,Ladieswear,Trousers,Mama,Woven bottoms,0.5456875,59
3721,910528002,Socks & Tights,Underwear Tights,Solid,Black,Black,Ladieswear,Socks and Tights,"Womens Nightwear, Socks & Tigh",Tights basic,0.5446448,59
8463,810169017,Garment Lower body,Trousers,Denim,Black,Black,Ladieswear,Trousers,Mama,Woven bottoms,0.54064095,59
168,834063001,Garment Lower body,Leggings/Tights,Solid,Dark Grey,Grey,Ladieswear,Jersey Fancy,Mama,Jersey,0.54001313,59
4834,837680004,Garment Upper body,Top,Solid,White,White,Ladieswear,Jersey Fancy,Mama,Jersey,0.53747725,59
12017,901802003,Garment Lower body,Trousers,Solid,Dark Blue,Blue,Ladieswear,Jersey Fancy,Mama,Jersey,0.5354988,59
3642,916881001,Garment Upper body,Vest top,Solid,White,White,Ladieswear,Jersey Fancy,Mama,Jersey,0.533266,59
5009,811993003,Garment Lower body,Trousers,Denim,Dark Blue,Blue,Menswear,Trousers Denim,Denim Men,Denim trousers,0.72192556,60
2998,783707159,Socks & Tights,Socks,All over pattern,Dark Orange,Orange,Menswear,Socks and Tights,Men Underwear,Socks Wall,0.69983524,60
2228,720504008,Garment Lower body,Trousers,Denim,Grey,Grey,Menswear,Trousers Denim,Denim Men,Denim trousers,0.69411457,60
10623,606395021,Garment Lower body,Trousers,Solid,Greenish Khaki,Khaki green,Menswear,Trousers,Contemporary Casual,Trouser,0.68480223,60
6138,606395006,Garment Lower body,Trousers,Solid,Black,Black,Menswear,Trousers,Contemporary Casual,Trouser,0.6666884,60
5807,751994007,Garment Lower body,Trousers,Denim,Black,Black,Menswear,Trousers Denim,Denim Men,Denim trousers,0.6657375,60
8566,783707089,Socks & Tights,Socks,All over pattern,Light Purple,Lilac Purple,Menswear,Socks and Tights,Men Underwear,Socks Wall,0.6622414,60
1313,783707151,Socks & Tights,Socks,All over pattern,Grey,Grey,Menswear,Socks and Tights,Men Underwear,Socks Wall,0.660299,60
11249,730863043,Garment Lower body,Trousers,Denim,Dark Grey,Grey,Menswear,Trousers Denim,Denim Men,Denim trousers,0.65646416,60
5010,669091003,Garment Upper body,Hoodie,Melange,Dark Blue,Blue,Menswear,Jersey Basic,Men Underwear,Heavy Basic Jersey,0.65088236,60
10050,921697003,Garment Full body,Dress,Solid,Greenish Khaki,Khaki green,Ladieswear,Dresses Ladies,Womens Everyday Collection,Dress,0.22392623,61
13104,905945002,Garment Upper body,Top,Melange,Beige,Mole,Ladieswear,Knitwear,Womens Casual,Knitwear,0.21312872,61
13319,929001001,Garment Full body,Dress,Solid,Green,Khaki green,Ladieswear,Dresses Ladies,Womens Everyday Collection,Dress,0.21059297,61
12319,933989002,Nightwear,Pyjama bottom,Solid,Light Orange,Orange,Ladieswear,"Under-, Nightwear","Womens Nightwear, Socks & Tigh",Loungewear,0.2103966,61
12740,918443003,Garment Full body,Dress,Solid,Light Purple,Lilac Purple,Ladieswear,Dresses Ladies,Womens Everyday Collection,Dress,0.20895816,61
12632,908728003,Garment Full body,Dress,All over pattern,Black,Black,Ladieswear,Dresses Ladies,Womens Everyday Collection,Dress,0.20734398,61
12231,935689001,Garment Lower body,Trousers,Solid,Grey,Grey,Ladieswear,"Under-, Nightwear","Womens Nightwear, Socks & Tigh",Loungewear,0.20438169,61
12577,873274002,Garment Upper body,Sweater,Melange,Light Beige,Beige,Ladieswear,Knitwear,Womens Everyday Collection,Knitwear,0.2033557,61
12578,929388002,Garment Lower body,Skirt,Melange,Light Beige,Beige,Ladieswear,Knitwear,Womens Everyday Collection,Knitwear,0.20187762,61
12281,904999001,Garment Upper body,Cardigan,Melange,Grey,Grey,Ladieswear,Knitwear,Womens Everyday Collection,Knitwear,0.20075372,61
992,872000005,Garment Upper body,Vest top,All over pattern,Black,Black,Divided,Blouses,Divided Collection,Tops Woven,0.83151484,62
2543,674606025,Garment Lower body,Skirt,Solid,Black,Black,Divided,Skirts,Divided Collection,Skirts,0.8285482,62
2678,841298001,Garment Upper body,Blouse,Solid,White,White,Ladieswear,Blouses,Womens Tailoring,Blouse,0.7807042,62
661,816423004,Garment Lower body,Shorts,Denim,Light Blue,Blue,Divided,Shorts,Divided Collection,Shorts,0.77282697,62
1467,776237031,Swimwear,Bikini top,All over pattern,Black,Black,Ladieswear,Swimwear,"Womens Swimwear, beachwear",Swimwear,0.7675199,62
4525,860525001,Garment Upper body,Vest top,Stripe,Dark Blue,Blue,Divided,Blouses,Divided Collection,Tops Woven,0.7606205,62
2945,932243003,Garment Upper body,Top,Solid,Dark Pink,Pink,Ladieswear,Jersey Fancy,Womens Everyday Collection,Jersey fancy,0.74628323,62
3200,895582002,Garment Full body,Jumpsuit/Playsuit,All over pattern,Black,Black,Divided,Dresses Ladies,Divided Collection,Dresses,0.73177236,62
4580,811925002,Swimwear,Bikini top,All over pattern,Black,Black,Ladieswear,Swimwear,"Womens Swimwear, beachwear",Swimwear,0.72747445,62
5274,616849012,Garment Upper body,Blouse,All over pattern,Black,Black,Ladieswear,Blouses,Womens Everyday Collection,Blouse,0.72274023,62
10050,921697003,Garment Full body,Dress,Solid,Greenish Khaki,Khaki green,Ladieswear,Dresses Ladies,Womens Everyday Collection,Dress,0.21810266,63
13319,929001001,Garment Full body,Dress,Solid,Green,Khaki green,Ladieswear,Dresses Ladies,Womens Everyday Collection,Dress,0.20869169,63
12740,918443003,Garment Full body,Dress,Solid,Light Purple,Lilac Purple,Ladieswear,Dresses Ladies,Womens Everyday Collection,Dress,0.20600387,63
13104,905945002,Garment Upper body,Top,Melange,Beige,Mole,Ladieswear,Knitwear,Womens Casual,Knitwear,0.20485431,63
12632,908728003,Garment Full body,Dress,All over pattern,Black,Black,Ladieswear,Dresses Ladies,Womens Everyday Collection,Dress,0.20392938,63
3387,918443004,Garment Full body,Dress,Solid,Black,Black,Ladieswear,Dresses Ladies,Womens Everyday Collection,Dress,0.20064346,63
12319,933989002,Nightwear,Pyjama bottom,Solid,Light Orange,Orange,Ladieswear,"Under-, Nightwear","Womens Nightwear, Socks & Tigh",Loungewear,0.1984295,63
12577,873274002,Garment Upper body,Sweater,Melange,Light Beige,Beige,Ladieswear,Knitwear,Womens Everyday Collection,Knitwear,0.1952665,63
5362,831431001,Garment Upper body,Shirt,Solid,White,White,Ladieswear,Blouses,H&M+,Woven top,0.19521317,63
12736,918443002,Garment Full body,Dress,All over pattern,Black,Black,Ladieswear,Dresses Ladies,Womens Everyday Collection,Dress,0.19392656,63
10050,921697003,Garment Full body,Dress,Solid,Greenish Khaki,Khaki green,Ladieswear,Dresses Ladies,Womens Everyday Collection,Dress,0.22651516,64
12319,933989002,Nightwear,Pyjama bottom,Solid,Light Orange,Orange,Ladieswear,"Under-, Nightwear","Womens Nightwear, Socks & Tigh",Loungewear,0.22464147,64
13104,905945002,Garment Upper body,Top,Melange,Beige,Mole,Ladieswear,Knitwear,Womens Casual,Knitwear,0.21555874,64
13319,929001001,Garment Full body,Dress,Solid,Green,Khaki green,Ladieswear,Dresses Ladies,Womens Everyday Collection,Dress,0.21456198,64
12740,918443003,Garment Full body,Dress,Solid,Light Purple,Lilac Purple,Ladieswear,Dresses Ladies,Womens Everyday Collection,Dress,0.21414308,64
12231,935689001,Garment Lower body,Trousers,Solid,Grey,Grey,Ladieswear,"Under-, Nightwear","Womens Nightwear, Socks & Tigh",Loungewear,0.20808671,64
13088,923028001,Garment Upper body,Jacket,Solid,Black,Black,Ladieswear,Special Offers,Womens Everyday Collection,Campaigns,0.20567104,64
12610,933032002,Garment Upper body,Jacket,Solid,Beige,Beige,Ladieswear,Outdoor,Womens Jackets,Outwear,0.20560627,64
12632,908728003,Garment Full body,Dress,All over pattern,Black,Black,Ladieswear,Dresses Ladies,Womens Everyday Collection,Dress,0.20494975,64
3387,918443004,Garment Full body,Dress,Solid,Black,Black,Ladieswear,Dresses Ladies,Womens Everyday Collection,Dress,0.20305185,64
1860,706016038,Garment Lower body,Trousers,Solid,Blue,Blue,Divided,Trousers,Divided Collection,Trousers,0.851698,65
958,554450036,Garment Lower body,Trousers,Solid,Dark Blue,Blue,Divided,Trousers,Divided Collection,Trousers,0.79199,65
383,621381012,Garment Lower body,Trousers,Solid,Black,Black,Divided,Trousers,Divided Collection,Trousers,0.79138726,65
4047,621381014,Garment Lower body,Trousers,Solid,Dark Blue,Blue,Divided,Trousers,Divided Collection,Trousers,0.7861745,65
3205,717490058,Garment Upper body,T-shirt,Embroidery,Greenish Khaki,Khaki green,Divided,Jersey Basic,Divided Basics,Basic 1,0.7390899,65
496,610776105,Garment Upper body,T-shirt,Melange,Grey,Grey,Ladieswear,Jersey Basic,Womens Everyday Basics,Jersey Basic,0.7191404,65
2173,706016006,Garment Lower body,Trousers,Solid,Dark Blue,Blue,Divided,Trousers,Divided Collection,Trousers,0.7180111,65
5727,911214004,Garment Upper body,Sweater,Placement print,Dark Pink,Pink,Divided,Jersey Fancy,Divided Collection,Tops Fancy Jersey,0.7166733,65
16,621381001,Garment Lower body,Trousers,Solid,Light Blue,Blue,Divided,Trousers,Divided Collection,Trousers,0.7099748,65
3742,706016019,Garment Lower body,Trousers,Solid,Dark Blue,Blue,Divided,Trousers,Divided Collection,Trousers,0.7090159,65
3245,562245084,Garment Lower body,Trousers,Denim,Blue,Blue,Ladieswear,Trousers,Womens Everyday Collection,Trouser,0.5809142,66
6935,399256023,Garment Lower body,Trousers,Denim,Light Blue,Blue,Ladieswear,Trousers Denim,Ladies Denim,Everyday Waredrobe Denim,0.5801961,66
1275,899749005,Garment Lower body,Trousers,Denim,Dark Blue,Blue,Divided,Trousers Denim,Ladies Denim,Denim Trousers,0.5752502,66
3247,562245102,Garment Lower body,Trousers,Denim,Light Blue,Blue,Ladieswear,Trousers,Womens Everyday Collection,Trouser,0.5663781,66
469,610776071,Garment Upper body,T-shirt,All over pattern,Off White,White,Ladieswear,Jersey Basic,Womens Everyday Basics,Jersey Basic,0.5631998,66
2122,678942054,Garment Upper body,Sweater,Melange,Beige,Beige,Ladieswear,"Under-, Nightwear","Womens Nightwear, Socks & Tigh",Loungewear,0.56100583,66
3085,832520002,Garment Upper body,Sweater,Melange,Light Beige,Beige,Ladieswear,Jersey Fancy,Womens Everyday Collection,Jersey fancy,0.55732626,66
3074,826492001,Garment Upper body,Sweater,Jacquard,Beige,Beige,Ladieswear,Knitwear,Womens Everyday Collection,Knitwear,0.5555657,66
2952,874754005,Garment Upper body,Sweater,Stripe,Light Beige,Beige,Ladieswear,Knitwear,Womens Casual,Knitwear,0.55364233,66
396,898596007,Garment Lower body,Trousers,Denim,Grey,Grey,Ladieswear,Trousers,Womens Everyday Collection,Trouser,0.55298656,66
10050,921697003,Garment Full body,Dress,Solid,Greenish Khaki,Khaki green,Ladieswear,Dresses Ladies,Womens Everyday Collection,Dress,0.21805799,67
13104,905945002,Garment Upper body,Top,Melange,Beige,Mole,Ladieswear,Knitwear,Womens Casual,Knitwear,0.21008953,67
12319,933989002,Nightwear,Pyjama bottom,Solid,Light Orange,Orange,Ladieswear,"Under-, Nightwear","Womens Nightwear, Socks & Tigh",Loungewear,0.2071183,67
13319,929001001,Garment Full body,Dress,Solid,Green,Khaki green,Ladieswear,Dresses Ladies,Womens Everyday Collection,Dress,0.20610136,67
12740,918443003,Garment Full body,Dress,Solid,Light Purple,Lilac Purple,Ladieswear,Dresses Ladies,Womens Everyday Collection,Dress,0.20247915,67
12632,908728003,Garment Full body,Dress,All over pattern,Black,Black,Ladieswear,Dresses Ladies,Womens Everyday Collection,Dress,0.20239455,67
12577,873274002,Garment Upper body,Sweater,Melange,Light Beige,Beige,Ladieswear,Knitwear,Womens Everyday Collection,Knitwear,0.20234694,67
12281,904999001,Garment Upper body,Cardigan,Melange,Grey,Grey,Ladieswear,Knitwear,Womens Everyday Collection,Knitwear,0.20160213,67
12578,929388002,Garment Lower body,Skirt,Melange,Light Beige,Beige,Ladieswear,Knitwear,Womens Everyday Collection,Knitwear,0.20112056,67
12231,935689001,Garment Lower body,Trousers,Solid,Grey,Grey,Ladieswear,"Under-, Nightwear","Womens Nightwear, Socks & Tigh",Loungewear,0.19972137,67
5009,811993003,Garment Lower body,Trousers,Denim,Dark Blue,Blue,Menswear,Trousers Denim,Denim Men,Denim trousers,0.73462623,68
2228,720504008,Garment Lower body,Trousers,Denim,Grey,Grey,Menswear,Trousers Denim,Denim Men,Denim trousers,0.7031626,68
2998,783707159,Socks & Tights,Socks,All over pattern,Dark Orange,Orange,Menswear,Socks and Tights,Men Underwear,Socks Wall,0.7008466,68
10623,606395021,Garment Lower body,Trousers,Solid,Greenish Khaki,Khaki green,Menswear,Trousers,Contemporary Casual,Trouser,0.69257677,68
5807,751994007,Garment Lower body,Trousers,Denim,Black,Black,Menswear,Trousers Denim,Denim Men,Denim trousers,0.673265,68
6138,606395006,Garment Lower body,Trousers,Solid,Black,Black,Menswear,Trousers,Contemporary Casual,Trouser,0.672947,68
1313,783707151,Socks & Tights,Socks,All over pattern,Grey,Grey,Menswear,Socks and Tights,Men Underwear,Socks Wall,0.6630638,68
11249,730863043,Garment Lower body,Trousers,Denim,Dark Grey,Grey,Menswear,Trousers Denim,Denim Men,Denim trousers,0.6616769,68
8566,783707089,Socks & Tights,Socks,All over pattern,Light Purple,Lilac Purple,Menswear,Socks and Tights,Men Underwear,Socks Wall,0.6602324,68
5010,669091003,Garment Upper body,Hoodie,Melange,Dark Blue,Blue,Menswear,Jersey Basic,Men Underwear,Heavy Basic Jersey,0.65921056,68
5009,811993003,Garment Lower body,Trousers,Denim,Dark Blue,Blue,Menswear,Trousers Denim,Denim Men,Denim trousers,0.72006357,69
2998,783707159,Socks & Tights,Socks,All over pattern,Dark Orange,Orange,Menswear,Socks and Tights,Men Underwear,Socks Wall,0.6988195,69
2228,720504008,Garment Lower body,Trousers,Denim,Grey,Grey,Menswear,Trousers Denim,Denim Men,Denim trousers,0.688973,69
10623,606395021,Garment Lower body,Trousers,Solid,Greenish Khaki,Khaki green,Menswear,Trousers,Contemporary Casual,Trouser,0.6840334,69
6138,606395006,Garment Lower body,Trousers,Solid,Black,Black,Menswear,Trousers,Contemporary Casual,Trouser,0.6654234,69
5807,751994007,Garment Lower body,Trousers,Denim,Black,Black,Menswear,Trousers Denim,Denim Men,Denim trousers,0.6624876,69
8566,783707089,Socks & Tights,Socks,All over pattern,Light Purple,Lilac Purple,Menswear,Socks and Tights,Men Underwear,Socks Wall,0.6600058,69
1313,783707151,Socks & Tights,Socks,All over pattern,Grey,Grey,Menswear,Socks and Tights,Men Underwear,Socks Wall,0.65850186,69
11249,730863043,Garment Lower body,Trousers,Denim,Dark Grey,Grey,Menswear,Trousers Denim,Denim Men,Denim trousers,0.65239376,69
5010,669091003,Garment Upper body,Hoodie,Melange,Dark Blue,Blue,Menswear,Jersey Basic,Men Underwear,Heavy Basic Jersey,0.6478761,69
1463,775382001,Garment Lower body,Trousers,Solid,Black,Black,Ladieswear,Trousers,Mama,Woven bottoms,0.5888199,70
2529,810170016,Garment Lower body,Trousers,Denim,Black,Black,Ladieswear,Trousers,Mama,Woven bottoms,0.5690645,70
3651,820032005,Garment Upper body,Top,Melange,Dark Orange,Red,Ladieswear,Jersey Fancy,Mama,Jersey,0.56606454,70
3721,910528002,Socks & Tights,Underwear Tights,Solid,Black,Black,Ladieswear,Socks and Tights,"Womens Nightwear, Socks & Tigh",Tights basic,0.55066866,70
11902,810170014,Garment Lower body,Trousers,Denim,Dark Blue,Blue,Ladieswear,Trousers,Mama,Woven bottoms,0.5492836,70
8463,810169017,Garment Lower body,Trousers,Denim,Black,Black,Ladieswear,Trousers,Mama,Woven bottoms,0.54739326,70
168,834063001,Garment Lower body,Leggings/Tights,Solid,Dark Grey,Grey,Ladieswear,Jersey Fancy,Mama,Jersey,0.5463313,70
4834,837680004,Garment Upper body,Top,Solid,White,White,Ladieswear,Jersey Fancy,Mama,Jersey,0.54293716,70
12017,901802003,Garment Lower body,Trousers,Solid,Dark Blue,Blue,Ladieswear,Jersey Fancy,Mama,Jersey,0.5387729,70
3642,916881001,Garment Upper body,Vest top,Solid,White,White,Ladieswear,Jersey Fancy,Mama,Jersey,0.5379749,70
634,568597007,Garment Lower body,Trousers,Solid,Dark Blue,Blue,Ladieswear,Trousers,Womens Tailoring,Trouser,0.8254564,71
974,708138009,Garment Upper body,Blazer,Other structure,Light Beige,Beige,Ladieswear,Dressed,Womens Tailoring,Suit,0.731284,71
2930,884174001,Garment Upper body,Top,Solid,White,White,Ladieswear,Jersey Fancy,Womens Tailoring,Jersey,0.7311891,71
1537,770315026,Garment Upper body,Top,Solid,Turquoise,Turquoise,Ladieswear,Jersey Fancy,Womens Tailoring,Jersey,0.69870895,71
3916,728156018,Garment Upper body,Blazer,Solid,Other,undefined,Ladieswear,Dressed,Womens Tailoring,Suit,0.6933575,71
3457,858856005,Garment Lower body,Skirt,Other structure,Dark Green,Green,Ladieswear,Skirts,Womens Tailoring,Skirt,0.692474,71
4964,568601023,Garment Upper body,Blazer,Solid,Grey,Grey,Ladieswear,Dressed,Womens Tailoring,Suit,0.6829814,71
3464,912075007,Garment Upper body,Blouse,Solid,Greenish Khaki,Khaki green,Ladieswear,Blouses,Womens Tailoring,Blouse,0.68209654,71
12553,816083007,Garment Full body,Dress,Solid,Dark Green,Khaki green,Ladieswear,Dresses Ladies,Womens Tailoring,Dress,0.6755856,71
1529,568597023,Garment Lower body,Trousers,Solid,Grey,Grey,Ladieswear,Trousers,Womens Tailoring,Trouser,0.6683182,71
10050,921697003,Garment Full body,Dress,Solid,Greenish Khaki,Khaki green,Ladieswear,Dresses Ladies,Womens Everyday Collection,Dress,0.22846109,72
12740,918443003,Garment Full body,Dress,Solid,Light Purple,Lilac Purple,Ladieswear,Dresses Ladies,Womens Everyday Collection,Dress,0.21426912,72
13319,929001001,Garment Full body,Dress,Solid,Green,Khaki green,Ladieswear,Dresses Ladies,Womens Everyday Collection,Dress,0.2138086,72
12319,933989002,Nightwear,Pyjama bottom,Solid,Light Orange,Orange,Ladieswear,"Under-, Nightwear","Womens Nightwear, Socks & Tigh",Loungewear,0.20843744,72
13104,905945002,Garment Upper body,Top,Melange,Beige,Mole,Ladieswear,Knitwear,Womens Casual,Knitwear,0.20771833,72
12632,908728003,Garment Full body,Dress,All over pattern,Black,Black,Ladieswear,Dresses Ladies,Womens Everyday Collection,Dress,0.20519887,72
3387,918443004,Garment Full body,Dress,Solid,Black,Black,Ladieswear,Dresses Ladies,Womens Everyday Collection,Dress,0.19848813,72
12577,873274002,Garment Upper body,Sweater,Melange,Light Beige,Beige,Ladieswear,Knitwear,Womens Everyday Collection,Knitwear,0.19820313,72
12736,918443002,Garment Full body,Dress,All over pattern,Black,Black,Ladieswear,Dresses Ladies,Womens Everyday Collection,Dress,0.19800282,72
12578,929388002,Garment Lower body,Skirt,Melange,Light Beige,Beige,Ladieswear,Knitwear,Womens Everyday Collection,Knitwear,0.1974993,72
6935,399256023,Garment Lower body,Trousers,Denim,Light Blue,Blue,Ladieswear,Trousers Denim,Ladies Denim,Everyday Waredrobe Denim,0.587751,73
3245,562245084,Garment Lower body,Trousers,Denim,Blue,Blue,Ladieswear,Trousers,Womens Everyday Collection,Trouser,0.58559,73
1275,899749005,Garment Lower body,Trousers,Denim,Dark Blue,Blue,Divided,Trousers Denim,Ladies Denim,Denim Trousers,0.5855728,73
3247,562245102,Garment Lower body,Trousers,Denim,Light Blue,Blue,Ladieswear,Trousers,Womens Everyday Collection,Trouser,0.5708139,73
469,610776071,Garment Upper body,T-shirt,All over pattern,Off White,White,Ladieswear,Jersey Basic,Womens Everyday Basics,Jersey Basic,0.5704549,73
2122,678942054,Garment Upper body,Sweater,Melange,Beige,Beige,Ladieswear,"Under-, Nightwear","Womens Nightwear, Socks & Tigh",Loungewear,0.56468934,73
396,898596007,Garment Lower body,Trousers,Denim,Grey,Grey,Ladieswear,Trousers,Womens Everyday Collection,Trouser,0.5631116,73
3074,826492001,Garment Upper body,Sweater,Jacquard,Beige,Beige,Ladieswear,Knitwear,Womens Everyday Collection,Knitwear,0.557526,73
3085,832520002,Garment Upper body,Sweater,Melange,Light Beige,Beige,Ladieswear,Jersey Fancy,Womens Everyday Collection,Jersey fancy,0.5543065,73
1186,873678003,Garment Upper body,Blouse,All over pattern,Beige,Beige,Ladieswear,Blouses,Womens Everyday Collection,Blouse,0.5534674,73
1463,775382001,Garment Lower body,Trousers,Solid,Black,Black,Ladieswear,Trousers,Mama,Woven bottoms,0.5914629,74
2529,810170016,Garment Lower body,Trousers,Denim,Black,Black,Ladieswear,Trousers,Mama,Woven bottoms,0.56833375,74
3651,820032005,Garment Upper body,Top,Melange,Dark Orange,Red,Ladieswear,Jersey Fancy,Mama,Jersey,0.5607951,74
3721,910528002,Socks & Tights,Underwear Tights,Solid,Black,Black,Ladieswear,Socks and Tights,"Womens Nightwear, Socks & Tigh",Tights basic,0.5494981,74
8463,810169017,Garment Lower body,Trousers,Denim,Black,Black,Ladieswear,Trousers,Mama,Woven bottoms,0.54556495,74
11902,810170014,Garment Lower body,Trousers,Denim,Dark Blue,Blue,Ladieswear,Trousers,Mama,Woven bottoms,0.5452309,74
168,834063001,Garment Lower body,Leggings/Tights,Solid,Dark Grey,Grey,Ladieswear,Jersey Fancy,Mama,Jersey,0.54399484,74
4834,837680004,Garment Upper body,Top,Solid,White,White,Ladieswear,Jersey Fancy,Mama,Jersey,0.540277,74
3642,916881001,Garment Upper body,Vest top,Solid,White,White,Ladieswear,Jersey Fancy,Mama,Jersey,0.5356324,74
12017,901802003,Garment Lower body,Trousers,Solid,Dark Blue,Blue,Ladieswear,Jersey Fancy,Mama,Jersey,0.53375304,74
229,879287001,Garment Upper body,Vest top,Solid,Black,Black,Sport,Jersey Fancy,Ladies H&M Sport,Ladies Sport Bras,0.597625,75
1066,864415003,Underwear,Underwear bottom,Solid,Light Pink,Pink,Ladieswear,"Under-, Nightwear",Womens Lingerie,Expressive Lingerie,0.59335476,75
1252,861803014,Garment Upper body,Top,Solid,Dark Pink,Pink,Sport,Jersey Fancy,Ladies H&M Sport,Ladies Sport Bras,0.5726386,75
423,894956006,Garment Upper body,Vest top,Solid,Green,Grey,Sport,Jersey Fancy,Ladies H&M Sport,Ladies Sport Bras,0.5679194,75
1519,914537002,Garment Upper body,T-shirt,Melange,Greenish Khaki,Khaki green,Sport,Jersey Fancy,Ladies H&M Sport,Ladies Sport Bras,0.56281364,75
778,868283001,Garment Upper body,Top,Solid,Black,Black,Sport,Jersey Fancy,Ladies H&M Sport,Ladies Sport Bras,0.5505645,75
2538,852174003,Underwear,Bra,Solid,White,White,Sport,Jersey Fancy,Ladies H&M Sport,Ladies Sport Bras,0.54798347,75
228,902023002,Garment Upper body,Top,All over pattern,Beige,Beige,Sport,Jersey Fancy,Ladies H&M Sport,Ladies Sport Bras,0.5453071,75
230,914453001,Garment Lower body,Leggings/Tights,Other structure,Yellowish Brown,Brown,Sport,Jersey Fancy,Ladies H&M Sport,Ladies Sport Bottoms,0.5438576,75
2436,887681002,Underwear,Underwear bottom,Solid,White,White,Ladieswear,"Under-, Nightwear",Womens Lingerie,Expressive Lingerie,0.5407221,75
